{
"type": "FeatureCollection",
"name": "fogo_2024",
"crs": { "type": "name", "properties": { "name": "urn:ogc:def:crs:OGC:1.3:CRS84" } },
"features": [
{ "type": "Feature", "properties": { "id_feicao": "fogo_2024_1", "ano": 2024.0, "mes": 1, "codigo_original": 3, "classe": "Formação Florestal", "cor": "#1f8d49", "area_ha": 0.25028494410706964 }, "geometry": { "type": "Polygon", "coordinates": [ [ [ -45.105847720095774, -21.19736609631153 ], [ -45.105847720095774, -21.197635590896766 ], [ -45.105578225510541, -21.197635590896766 ], [ -45.105578225510541, -21.197905085481992 ], [ -45.106117214681014, -21.197905085481992 ], [ -45.106117214681014, -21.197366096311526 ], [ -45.105847720095774, -21.19736609631153 ] ] ] } },
{ "type": "Feature", "properties": { "id_feicao": "fogo_2024_2", "ano": 2024.0, "mes": 4, "codigo_original": 41, "classe": "Outras Lavouras Temporárias", "cor": "#f54ca9", "area_ha": 3.334911130415648 }, "geometry": { "type": "Polygon", "coordinates": [ [ [ -45.041708008809643, -21.29707909284879 ], [ -45.04143851422441, -21.297079092848787 ], [ -45.04143851422441, -21.298157071189731 ], [ -45.042246997980115, -21.298157071189738 ], [ -45.042246997980115, -21.298696060360204 ], [ -45.04332497632106, -21.298696060360204 ], [ -45.04332497632106, -21.29734858743403 ], [ -45.04305548173582, -21.297348587434023 ], [ -45.04305548173582, -21.296809598263557 ], [ -45.041708008809643, -21.29680959826355 ], [ -45.041708008809643, -21.29707909284879 ] ] ] } },
{ "type": "Feature", "properties": { "id_feicao": "fogo_2024_3", "ano": 2024.0, "mes": 4, "codigo_original": 41, "classe": "Outras Lavouras Temporárias", "cor": "#f54ca9", "area_ha": 4.0021309262199329 }, "geometry": { "type": "Polygon", "coordinates": [ [ [ -45.052757286804322, -21.288724760706483 ], [ -45.051140319292905, -21.288724760706486 ], [ -45.051140319292905, -21.289802739047428 ], [ -45.053835265145267, -21.28980273904742 ], [ -45.053835265145267, -21.288185771536007 ], [ -45.052757286804322, -21.288185771536003 ], [ -45.052757286804322, -21.288724760706483 ] ] ] } },
{ "type": "Feature", "properties": { "id_feicao": "fogo_2024_4", "ano": 2024.0, "mes": 5, "codigo_original": 12, "classe": "Formação Campestre", "cor": "#d6bc74", "area_ha": 0.0055690223384764976 }, "geometry": { "type": "Polygon", "coordinates": [ [ [ -44.988078586347704, -21.33750328063417 ], [ -44.987809091762472, -21.337503280634163 ], [ -44.987809091762479, -21.337520997918709 ], [ -44.988078586347712, -21.337521575567724 ], [ -44.988078586347704, -21.33750328063417 ] ] ] } },
{ "type": "Feature", "properties": { "id_feicao": "fogo_2024_5", "ano": 2024.0, "mes": 5, "codigo_original": 12, "classe": "Formação Campestre", "cor": "#d6bc74", "area_ha": 0.10920863682616036 }, "geometry": { "type": "Polygon", "coordinates": [ [ [ -44.988348080932951, -21.337522152784619 ], [ -44.988743999999897, -21.337523 ], [ -44.989112, -21.337535 ], [ -44.989345, -21.337511999999894 ], [ -44.989426059274003, -21.337512227123234 ], [ -44.989426059273889, -21.337233786048923 ], [ -44.989156564688649, -21.337233786048937 ], [ -44.989156564688649, -21.337503280634177 ], [ -44.988348080932944, -21.337503280634174 ], [ -44.988348080932951, -21.337522152784619 ] ] ] } },
{ "type": "Feature", "properties": { "id_feicao": "fogo_2024_6", "ano": 2024.0, "mes": 5, "codigo_original": 12, "classe": "Formação Campestre", "cor": "#d6bc74", "area_ha": 0.4365739384977147 }, "geometry": { "type": "Polygon", "coordinates": [ [ [ -44.989695553859121, -21.33750328063417 ], [ -44.989859271321357, -21.337503281079456 ], [ -44.990058, -21.337490999999893 ], [ -44.990377, -21.337434 ], [ -44.990647, -21.337388 ], [ -44.990773532200095, -21.337363019437639 ], [ -44.990773532200066, -21.33723378604892 ], [ -44.991031790105126, -21.337233786057567 ], [ -44.991043026785299, -21.337225775210921 ], [ -44.991043026785299, -21.336964291463698 ], [ -44.990504037614834, -21.336964291463705 ], [ -44.990504037614834, -21.337233786048934 ], [ -44.989695553859121, -21.33723378604893 ], [ -44.989695553859121, -21.33750328063417 ] ] ] } },
{ "type": "Feature", "properties": { "id_feicao": "fogo_2024_7", "ano": 2024.0, "mes": 5, "codigo_original": 12, "classe": "Formação Campestre", "cor": "#d6bc74", "area_ha": 0.25005271592325501 }, "geometry": { "type": "Polygon", "coordinates": [ [ [ -44.988078586347704, -21.336964291463705 ], [ -44.988078586347704, -21.33723378604893 ], [ -44.988887070103416, -21.337233786048927 ], [ -44.988887070103416, -21.336964291463705 ], [ -44.988078586347704, -21.336964291463705 ] ] ] } },
{ "type": "Feature", "properties": { "id_feicao": "fogo_2024_8", "ano": 2024.0, "mes": 5, "codigo_original": 12, "classe": "Formação Campestre", "cor": "#d6bc74", "area_ha": 0.083350904781654536 }, "geometry": { "type": "Polygon", "coordinates": [ [ [ -44.989426059273889, -21.336964291463701 ], [ -44.989426059273889, -21.337233786048923 ], [ -44.989695553859121, -21.33723378604893 ], [ -44.989695553859121, -21.336964291463698 ], [ -44.989426059273889, -21.336964291463701 ] ] ] } },
{ "type": "Feature", "properties": { "id_feicao": "fogo_2024_9", "ano": 2024.0, "mes": 5, "codigo_original": 12, "classe": "Formação Campestre", "cor": "#d6bc74", "area_ha": 0.25005316237686204 }, "geometry": { "type": "Polygon", "coordinates": [ [ [ -44.990504037614834, -21.336694796878472 ], [ -44.989695553859121, -21.336694796878458 ], [ -44.989695553859121, -21.336964291463698 ], [ -44.990504037614834, -21.336964291463705 ], [ -44.990504037614834, -21.336694796878472 ] ] ] } },
{ "type": "Feature", "properties": { "id_feicao": "fogo_2024_10", "ano": 2024.0, "mes": 5, "codigo_original": 12, "classe": "Formação Campestre", "cor": "#d6bc74", "area_ha": 0.083351353528257455 }, "geometry": { "type": "Polygon", "coordinates": [ [ [ -44.989695553859121, -21.336155807707996 ], [ -44.989426059273889, -21.336155807707982 ], [ -44.989426059273889, -21.336425302293229 ], [ -44.989695553859121, -21.336425302293225 ], [ -44.989695553859121, -21.336155807707996 ] ] ] } },
{ "type": "Feature", "properties": { "id_feicao": "fogo_2024_11", "ano": 2024.0, "mes": 5, "codigo_original": 12, "classe": "Formação Campestre", "cor": "#d6bc74", "area_ha": 0.16670270599871873 }, "geometry": { "type": "Polygon", "coordinates": [ [ [ -44.991043026785299, -21.336155807707989 ], [ -44.990504037614834, -21.336155807707989 ], [ -44.990504037614834, -21.336425302293222 ], [ -44.991043026785299, -21.336425302293232 ], [ -44.991043026785299, -21.336155807707989 ] ] ] } },
{ "type": "Feature", "properties": { "id_feicao": "fogo_2024_12", "ano": 2024.0, "mes": 5, "codigo_original": 12, "classe": "Formação Campestre", "cor": "#d6bc74", "area_ha": 0.083351502415622628 }, "geometry": { "type": "Polygon", "coordinates": [ [ [ -44.991043026785299, -21.335886313122764 ], [ -44.991043026785299, -21.336155807707989 ], [ -44.991312521370538, -21.336155807707989 ], [ -44.991312521370538, -21.33588631312276 ], [ -44.991043026785299, -21.335886313122764 ] ] ] } },
{ "type": "Feature", "properties": { "id_feicao": "fogo_2024_13", "ano": 2024.0, "mes": 5, "codigo_original": 12, "classe": "Formação Campestre", "cor": "#d6bc74", "area_ha": 0.083351801781851559 }, "geometry": { "type": "Polygon", "coordinates": [ [ [ -44.990504037614834, -21.335347323952284 ], [ -44.990504037614834, -21.335616818537513 ], [ -44.990773532200066, -21.335616818537517 ], [ -44.990773532200066, -21.33534732395227 ], [ -44.990504037614834, -21.335347323952284 ] ] ] } },
{ "type": "Feature", "properties": { "id_feicao": "fogo_2024_14", "ano": 2024.0, "mes": 5, "codigo_original": 15, "classe": "Pastagem", "cor": "#edde8e", "area_ha": 0.41708271655570717 }, "geometry": { "type": "Polygon", "coordinates": [ [ [ -45.003170283120923, -21.218656168545163 ], [ -45.002900788535676, -21.218656168545156 ], [ -45.002900788535676, -21.218925663130396 ], [ -45.003439777706149, -21.218925663130399 ], [ -45.003439777706149, -21.218386673959923 ], [ -45.003709272291395, -21.21838667395992 ], [ -45.003709272291395, -21.21811717937468 ], [ -45.003170283120923, -21.218117179374687 ], [ -45.003170283120923, -21.218656168545163 ] ] ] } },
{ "type": "Feature", "properties": { "id_feicao": "fogo_2024_15", "ano": 2024.0, "mes": 5, "codigo_original": 15, "classe": "Pastagem", "cor": "#edde8e", "area_ha": 0.083420115163642908 }, "geometry": { "type": "Polygon", "coordinates": [ [ [ -44.990773532200066, -21.212188298499498 ], [ -44.991043026785299, -21.212188298499495 ], [ -44.991043026785299, -21.211918803914255 ], [ -44.990773532200066, -21.211918803914269 ], [ -44.990773532200066, -21.212188298499498 ] ] ] } },
{ "type": "Feature", "properties": { "id_feicao": "fogo_2024_16", "ano": 2024.0, "mes": 5, "codigo_original": 41, "classe": "Outras Lavouras Temporárias", "cor": "#f54ca9", "area_ha": 1.167830817093684 }, "geometry": { "type": "Polygon", "coordinates": [ [ [ -45.003709272291395, -21.21838667395992 ], [ -45.003439777706149, -21.218386673959923 ], [ -45.003439777706149, -21.219195157715632 ], [ -45.004517756047093, -21.219195157715635 ], [ -45.004517756047093, -21.218117179374687 ], [ -45.003709272291395, -21.21811717937468 ], [ -45.003709272291395, -21.21838667395992 ] ], [ [ -45.003709272291395, -21.218925663130392 ], [ -45.003709272291395, -21.218656168545163 ], [ -45.003978766876621, -21.218656168545156 ], [ -45.003978766876621, -21.218925663130396 ], [ -45.003709272291395, -21.218925663130392 ] ] ] } },
{ "type": "Feature", "properties": { "id_feicao": "fogo_2024_17", "ano": 2024.0, "mes": 6, "codigo_original": 12, "classe": "Formação Campestre", "cor": "#d6bc74", "area_ha": 0.67255404106792938 }, "geometry": { "type": "Polygon", "coordinates": [ [ [ -44.988078586347704, -21.33723378604893 ], [ -44.988078586347704, -21.336964291463705 ], [ -44.987809091762472, -21.336964291463701 ], [ -44.987809091762472, -21.337503280634163 ], [ -44.988078586347704, -21.33750328063417 ], [ -44.988078586347712, -21.337521575567724 ], [ -44.988348080932951, -21.337522152784619 ], [ -44.988348080932944, -21.337503280634174 ], [ -44.989156564688649, -21.337503280634177 ], [ -44.989156564688649, -21.337233786048937 ], [ -44.989426059273889, -21.337233786048923 ], [ -44.989426059273889, -21.336964291463701 ], [ -44.988887070103416, -21.336964291463705 ], [ -44.988887070103416, -21.337233786048927 ], [ -44.988078586347704, -21.33723378604893 ] ] ] } },
{ "type": "Feature", "properties": { "id_feicao": "fogo_2024_18", "ano": 2024.0, "mes": 6, "codigo_original": 12, "classe": "Formação Campestre", "cor": "#d6bc74", "area_ha": 0.083350755199861556 }, "geometry": { "type": "Polygon", "coordinates": [ [ [ -44.989695553859121, -21.33750328063417 ], [ -44.989695553859121, -21.33723378604893 ], [ -44.989426059273889, -21.337233786048923 ], [ -44.989426059273889, -21.337503280634174 ], [ -44.989695553859121, -21.33750328063417 ] ] ] } },
{ "type": "Feature", "properties": { "id_feicao": "fogo_2024_19", "ano": 2024.0, "mes": 6, "codigo_original": 12, "classe": "Formação Campestre", "cor": "#d6bc74", "area_ha": 0.023932126765198524 }, "geometry": { "type": "Polygon", "coordinates": [ [ [ -44.990773532200066, -21.33723378604892 ], [ -44.990773532200095, -21.337363019437639 ], [ -44.990879999999898, -21.337342 ], [ -44.991031790105126, -21.337233786057567 ], [ -44.990773532200066, -21.33723378604892 ] ] ] } },
{ "type": "Feature", "properties": { "id_feicao": "fogo_2024_20", "ano": 2024.0, "mes": 6, "codigo_original": 12, "classe": "Formação Campestre", "cor": "#d6bc74", "area_ha": 0.25005271362168713 }, "geometry": { "type": "Polygon", "coordinates": [ [ [ -44.990504037614834, -21.336964291463705 ], [ -44.989695553859121, -21.336964291463698 ], [ -44.989695553859121, -21.33723378604893 ], [ -44.990504037614834, -21.337233786048934 ], [ -44.990504037614834, -21.336964291463705 ] ] ] } },
{ "type": "Feature", "properties": { "id_feicao": "fogo_2024_21", "ano": 2024.0, "mes": 6, "codigo_original": 12, "classe": "Formação Campestre", "cor": "#d6bc74", "area_ha": 6.5706991762728153 }, "geometry": { "type": "Polygon", "coordinates": [ [ [ -44.991043026785299, -21.334269345611336 ], [ -44.991043026785299, -21.335347323952291 ], [ -44.990773532200066, -21.33534732395227 ], [ -44.990773532200066, -21.335616818537517 ], [ -44.990504037614834, -21.335616818537513 ], [ -44.990504037614834, -21.335347323952284 ], [ -44.988887070103416, -21.335347323952274 ], [ -44.988887070103416, -21.334538840196579 ], [ -44.987809091762472, -21.334538840196569 ], [ -44.987809091762472, -21.33588631312276 ], [ -44.988348080932944, -21.335886313122749 ], [ -44.988348080932944, -21.336155807707982 ], [ -44.989156564688649, -21.336155807707993 ], [ -44.989156564688649, -21.336425302293229 ], [ -44.989426059273889, -21.336425302293229 ], [ -44.989426059273889, -21.336964291463701 ], [ -44.989695553859121, -21.336964291463698 ], [ -44.989695553859121, -21.336694796878458 ], [ -44.990504037614834, -21.336694796878472 ], [ -44.990504037614834, -21.336964291463705 ], [ -44.991204475649752, -21.336964292250389 ], [ -44.991335999999897, -21.336791 ], [ -44.99149261410637, -21.336425302341123 ], [ -44.991312521370538, -21.336425302293229 ], [ -44.991312521370538, -21.336155807707989 ], [ -44.991573181680785, -21.336155807923806 ], [ -44.991582999999899, -21.336113 ], [ -44.99162, -21.335837 ], [ -44.991633, -21.335572 ], [ -44.991644999999899, -21.335342 ], [ -44.991669885636774, -21.335077829414519 ], [ -44.991582015955771, -21.335077829367052 ], [ -44.991582015955771, -21.334538840196583 ], [ -44.991737112007371, -21.334538840249355 ], [ -44.991745, -21.33448 ], [ -44.991795, -21.334261 ], [ -44.991869, -21.333986 ], [ -44.991913382536694, -21.333730356645518 ], [ -44.991582015955771, -21.333730356440871 ], [ -44.991582015955771, -21.333999851026103 ], [ -44.991312521370538, -21.3339998510261 ], [ -44.991312521370538, -21.334269345611343 ], [ -44.991043026785299, -21.334269345611336 ] ], [ [ -44.989426059273889, -21.336155807707982 ], [ -44.989695553859121, -21.336155807707996 ], [ -44.989695553859121, -21.336425302293225 ], [ -44.989426059273889, -21.336425302293229 ], [ -44.989426059273889, -21.336155807707982 ] ], [ [ -44.991043026785299, -21.336155807707989 ], [ -44.991043026785299, -21.335886313122764 ], [ -44.991312521370538, -21.33588631312276 ], [ -44.991312521370538, -21.336155807707989 ], [ -44.991043026785299, -21.336155807707989 ] ], [ [ -44.991043026785299, -21.336425302293232 ], [ -44.990504037614834, -21.336425302293222 ], [ -44.990504037614834, -21.336155807707989 ], [ -44.991043026785299, -21.336155807707989 ], [ -44.991043026785299, -21.336425302293232 ] ] ] } },
{ "type": "Feature", "properties": { "id_feicao": "fogo_2024_22", "ano": 2024.0, "mes": 6, "codigo_original": 15, "classe": "Pastagem", "cor": "#edde8e", "area_ha": 0.83356862576855162 }, "geometry": { "type": "Polygon", "coordinates": [ [ [ -45.106117214681014, -21.326723497224741 ], [ -45.106117214681014, -21.327262486395213 ], [ -45.107195193021958, -21.32726248639521 ], [ -45.107195193021958, -21.326184508054272 ], [ -45.106925698436719, -21.326184508054268 ], [ -45.106925698436719, -21.326723497224734 ], [ -45.106117214681014, -21.326723497224741 ] ] ] } },
{ "type": "Feature", "properties": { "id_feicao": "fogo_2024_23", "ano": 2024.0, "mes": 6, "codigo_original": 15, "classe": "Pastagem", "cor": "#edde8e", "area_ha": 0.08335713447677999 }, "geometry": { "type": "Polygon", "coordinates": [ [ [ -45.106386709266246, -21.326454002639505 ], [ -45.106386709266246, -21.326184508054265 ], [ -45.106117214681014, -21.326184508054265 ], [ -45.106117214681014, -21.326454002639498 ], [ -45.106386709266246, -21.326454002639505 ] ] ] } },
{ "type": "Feature", "properties": { "id_feicao": "fogo_2024_24", "ano": 2024.0, "mes": 6, "codigo_original": 15, "classe": "Pastagem", "cor": "#edde8e", "area_ha": 1.5849061474310777 }, "geometry": { "type": "Polygon", "coordinates": [ [ [ -45.002631293950451, -21.219195157715632 ], [ -45.002631293950451, -21.219464652300868 ], [ -45.002900788535676, -21.219464652300864 ], [ -45.002900788535676, -21.2197341468861 ], [ -45.002631293950451, -21.219734146886104 ], [ -45.002631293950451, -21.22000364147133 ], [ -45.003978766876621, -21.22000364147133 ], [ -45.003978766876621, -21.219464652300868 ], [ -45.003709272291395, -21.219464652300861 ], [ -45.003709272291395, -21.219195157715625 ], [ -45.003439777706149, -21.219195157715632 ], [ -45.003439777706149, -21.218925663130399 ], [ -45.002900788535676, -21.218925663130396 ], [ -45.002900788535676, -21.218656168545156 ], [ -45.002361799365211, -21.218656168545156 ], [ -45.002361799365211, -21.219195157715635 ], [ -45.002631293950451, -21.219195157715632 ] ] ] } },
{ "type": "Feature", "properties": { "id_feicao": "fogo_2024_25", "ano": 2024.0, "mes": 6, "codigo_original": 15, "classe": "Pastagem", "cor": "#edde8e", "area_ha": 0.16684008180741805 }, "geometry": { "type": "Polygon", "coordinates": [ [ [ -44.990773532200066, -21.212457793084734 ], [ -44.990773532200066, -21.211918803914269 ], [ -44.990504037614834, -21.211918803914266 ], [ -44.990504037614834, -21.212457793084727 ], [ -44.990773532200066, -21.212457793084734 ] ] ] } },
{ "type": "Feature", "properties": { "id_feicao": "fogo_2024_26", "ano": 2024.0, "mes": 6, "codigo_original": 41, "classe": "Outras Lavouras Temporárias", "cor": "#f54ca9", "area_ha": 0.41678543151411623 }, "geometry": { "type": "Polygon", "coordinates": [ [ [ -45.106117214681014, -21.326454002639498 ], [ -45.106117214681014, -21.326723497224741 ], [ -45.106925698436719, -21.326723497224734 ], [ -45.106925698436719, -21.326184508054268 ], [ -45.106386709266246, -21.326184508054265 ], [ -45.106386709266246, -21.326454002639505 ], [ -45.106117214681014, -21.326454002639498 ] ] ] } },
{ "type": "Feature", "properties": { "id_feicao": "fogo_2024_27", "ano": 2024.0, "mes": 6, "codigo_original": 41, "classe": "Outras Lavouras Temporárias", "cor": "#f54ca9", "area_ha": 0.083395553256198768 }, "geometry": { "type": "Polygon", "coordinates": [ [ [ -45.017453496138415, -21.25638541047817 ], [ -45.017184001553183, -21.256385410478167 ], [ -45.017184001553183, -21.256654905063414 ], [ -45.017453496138415, -21.256654905063417 ], [ -45.017453496138415, -21.25638541047817 ] ] ] } },
{ "type": "Feature", "properties": { "id_feicao": "fogo_2024_28", "ano": 2024.0, "mes": 6, "codigo_original": 41, "classe": "Outras Lavouras Temporárias", "cor": "#f54ca9", "area_ha": 0.083416097038332374 }, "geometry": { "type": "Polygon", "coordinates": [ [ [ -45.003978766876621, -21.219195157715628 ], [ -45.003709272291395, -21.219195157715625 ], [ -45.003709272291395, -21.219464652300861 ], [ -45.003978766876621, -21.219464652300868 ], [ -45.003978766876621, -21.219195157715628 ] ] ] } },
{ "type": "Feature", "properties": { "id_feicao": "fogo_2024_29", "ano": 2024.0, "mes": 6, "codigo_original": 41, "classe": "Outras Lavouras Temporárias", "cor": "#f54ca9", "area_ha": 0.083416394610233369 }, "geometry": { "type": "Polygon", "coordinates": [ [ [ -45.003978766876621, -21.218925663130396 ], [ -45.003978766876621, -21.218656168545156 ], [ -45.003709272291395, -21.218656168545163 ], [ -45.003709272291395, -21.218925663130392 ], [ -45.003978766876621, -21.218925663130396 ] ] ] } },
{ "type": "Feature", "properties": { "id_feicao": "fogo_2024_30", "ano": 2024.0, "mes": 6, "codigo_original": 41, "classe": "Outras Lavouras Temporárias", "cor": "#f54ca9", "area_ha": 0.083419519883580512 }, "geometry": { "type": "Polygon", "coordinates": [ [ [ -44.991851510541011, -21.212996782255207 ], [ -44.991582015955771, -21.212996782255203 ], [ -44.991582015955771, -21.213266276840439 ], [ -44.991851510541011, -21.213266276840436 ], [ -44.991851510541011, -21.212996782255207 ] ] ] } },
{ "type": "Feature", "properties": { "id_feicao": "fogo_2024_31", "ano": 2024.0, "mes": 6, "codigo_original": 41, "classe": "Outras Lavouras Temporárias", "cor": "#f54ca9", "area_ha": 0.58393973332289606 }, "geometry": { "type": "Polygon", "coordinates": [ [ [ -44.990773532200066, -21.212457793084734 ], [ -44.990504037614834, -21.212457793084727 ], [ -44.990504037614834, -21.212727287669964 ], [ -44.991312521370538, -21.212727287669964 ], [ -44.991312521370538, -21.212457793084734 ], [ -44.991582015955771, -21.212457793084731 ], [ -44.991582015955771, -21.212188298499495 ], [ -44.991312521370538, -21.212188298499491 ], [ -44.991312521370538, -21.211918803914266 ], [ -44.991043026785299, -21.211918803914255 ], [ -44.991043026785299, -21.212188298499495 ], [ -44.990773532200066, -21.212188298499498 ], [ -44.990773532200066, -21.212457793084734 ] ] ] } },
{ "type": "Feature", "properties": { "id_feicao": "fogo_2024_32", "ano": 2024.0, "mes": 7, "codigo_original": 12, "classe": "Formação Campestre", "cor": "#d6bc74", "area_ha": 0.083382934351358559 }, "geometry": { "type": "Polygon", "coordinates": [ [ [ -45.053026781389548, -21.279561944808464 ], [ -45.053296275974795, -21.279561944808464 ], [ -45.053296275974795, -21.279292450223227 ], [ -45.053026781389548, -21.279292450223238 ], [ -45.053026781389548, -21.279561944808464 ] ] ] } },
{ "type": "Feature", "properties": { "id_feicao": "fogo_2024_33", "ano": 2024.0, "mes": 7, "codigo_original": 12, "classe": "Formação Campestre", "cor": "#d6bc74", "area_ha": 0.083383381927479058 }, "geometry": { "type": "Polygon", "coordinates": [ [ [ -45.053026781389548, -21.278753461052752 ], [ -45.053296275974795, -21.278753461052748 ], [ -45.053296275974795, -21.278483966467522 ], [ -45.053026781389548, -21.278483966467515 ], [ -45.053026781389548, -21.278753461052752 ] ] ] } },
{ "type": "Feature", "properties": { "id_feicao": "fogo_2024_34", "ano": 2024.0, "mes": 7, "codigo_original": 15, "classe": "Pastagem", "cor": "#edde8e", "area_ha": 0.083382467535719984 }, "geometry": { "type": "Polygon", "coordinates": [ [ [ -45.044133460076765, -21.280100933978936 ], [ -45.044133460076765, -21.280370428564165 ], [ -45.044402954662004, -21.280370428564169 ], [ -45.044402954662004, -21.280100933978929 ], [ -45.044133460076765, -21.280100933978936 ] ] ] } },
{ "type": "Feature", "properties": { "id_feicao": "fogo_2024_35", "ano": 2024.0, "mes": 7, "codigo_original": 15, "classe": "Pastagem", "cor": "#edde8e", "area_ha": 0.083382933713227983 }, "geometry": { "type": "Polygon", "coordinates": [ [ [ -45.052757286804322, -21.279292450223227 ], [ -45.052757286804322, -21.279561944808467 ], [ -45.053026781389548, -21.279561944808464 ], [ -45.053026781389548, -21.279292450223238 ], [ -45.052757286804322, -21.279292450223227 ] ] ] } },
{ "type": "Feature", "properties": { "id_feicao": "fogo_2024_36", "ano": 2024.0, "mes": 7, "codigo_original": 15, "classe": "Pastagem", "cor": "#edde8e", "area_ha": 0.083383383846658041 }, "geometry": { "type": "Polygon", "coordinates": [ [ [ -45.053835265145267, -21.278483966467519 ], [ -45.053835265145267, -21.278753461052755 ], [ -45.054104759730492, -21.278753461052752 ], [ -45.054104759730492, -21.278483966467515 ], [ -45.053835265145267, -21.278483966467519 ] ] ] } },
{ "type": "Feature", "properties": { "id_feicao": "fogo_2024_37", "ano": 2024.0, "mes": 7, "codigo_original": 15, "classe": "Pastagem", "cor": "#edde8e", "area_ha": 0.33362422748965026 }, "geometry": { "type": "Polygon", "coordinates": [ [ [ -45.01826197989412, -21.236981800341201 ], [ -45.01826197989412, -21.238059778682146 ], [ -45.01853147447936, -21.238059778682135 ], [ -45.01853147447936, -21.236981800341194 ], [ -45.01826197989412, -21.236981800341201 ] ] ] } },
{ "type": "Feature", "properties": { "id_feicao": "fogo_2024_38", "ano": 2024.0, "mes": 7, "codigo_original": 15, "classe": "Pastagem", "cor": "#edde8e", "area_ha": 1.2512724089406526 }, "geometry": { "type": "Polygon", "coordinates": [ [ [ -44.995085445563838, -21.215961222692794 ], [ -44.995085445563838, -21.215691728107558 ], [ -44.995354940149078, -21.215691728107565 ], [ -44.995354940149078, -21.215422233522336 ], [ -44.995085445563838, -21.215422233522329 ], [ -44.995085445563838, -21.215152738937089 ], [ -44.994546456393365, -21.2151527389371 ], [ -44.994546456393365, -21.21488324435186 ], [ -44.994276961808133, -21.214883244351856 ], [ -44.994276961808133, -21.216230717278044 ], [ -44.995354940149078, -21.216230717278044 ], [ -44.995354940149078, -21.215961222692801 ], [ -44.995085445563838, -21.215961222692794 ] ] ] } },
{ "type": "Feature", "properties": { "id_feicao": "fogo_2024_39", "ano": 2024.0, "mes": 7, "codigo_original": 15, "classe": "Pastagem", "cor": "#edde8e", "area_ha": 0.083419371558733357 }, "geometry": { "type": "Polygon", "coordinates": [ [ [ -44.990504037614834, -21.213266276840443 ], [ -44.990504037614834, -21.213535771425679 ], [ -44.990773532200066, -21.213535771425683 ], [ -44.990773532200066, -21.213266276840443 ], [ -44.990504037614834, -21.213266276840443 ] ] ] } },
{ "type": "Feature", "properties": { "id_feicao": "fogo_2024_40", "ano": 2024.0, "mes": 7, "codigo_original": 15, "classe": "Pastagem", "cor": "#edde8e", "area_ha": 0.16683874236900889 }, "geometry": { "type": "Polygon", "coordinates": [ [ [ -44.991312521370538, -21.213266276840443 ], [ -44.991312521370538, -21.213535771425668 ], [ -44.991851510541011, -21.213535771425676 ], [ -44.991851510541011, -21.213266276840436 ], [ -44.991312521370538, -21.213266276840443 ] ] ] } },
{ "type": "Feature", "properties": { "id_feicao": "fogo_2024_41", "ano": 2024.0, "mes": 7, "codigo_original": 15, "classe": "Pastagem", "cor": "#edde8e", "area_ha": 3.921121453881653 }, "geometry": { "type": "Polygon", "coordinates": [ [ [ -45.095337431271581, -21.197096601726287 ], [ -45.095606925856814, -21.197096601726287 ], [ -45.095606925856814, -21.197366096311523 ], [ -45.095337431271581, -21.197366096311526 ], [ -45.095337431271581, -21.197635590896756 ], [ -45.095606925856814, -21.197635590896759 ], [ -45.095606925856814, -21.197905085481992 ], [ -45.094798442101109, -21.197905085481995 ], [ -45.094798442101109, -21.197635590896766 ], [ -45.094259452930636, -21.197635590896759 ], [ -45.094259452930636, -21.197905085481995 ], [ -45.094528947515869, -21.197905085481999 ], [ -45.094528947515869, -21.198174580067231 ], [ -45.093989958345396, -21.198174580067231 ], [ -45.093989958345396, -21.198983063822936 ], [ -45.094798442101109, -21.198983063822947 ], [ -45.094798442101109, -21.198713569237704 ], [ -45.094528947515869, -21.1987135692377 ], [ -45.094528947515869, -21.198444074652478 ], [ -45.095067936686341, -21.198444074652471 ], [ -45.095067936686341, -21.198983063822933 ], [ -45.095606925856814, -21.198983063822944 ], [ -45.095606925856814, -21.198444074652471 ], [ -45.095876420442053, -21.198444074652471 ], [ -45.095876420442053, -21.198713569237704 ], [ -45.096415409612518, -21.1987135692377 ], [ -45.096415409612518, -21.197905085481992 ], [ -45.096684904197758, -21.197905085481992 ], [ -45.096684904197758, -21.197366096311526 ], [ -45.096415409612518, -21.19736609631153 ], [ -45.096415409612518, -21.197096601726287 ], [ -45.096684904197758, -21.197096601726283 ], [ -45.096684904197758, -21.196557612555814 ], [ -45.096415409612518, -21.196557612555811 ], [ -45.096415409612518, -21.196827107141054 ], [ -45.095876420442053, -21.196827107141051 ], [ -45.095876420442053, -21.196557612555811 ], [ -45.095337431271581, -21.196557612555814 ], [ -45.095337431271581, -21.197096601726287 ] ], [ [ -45.095876420442053, -21.197905085481995 ], [ -45.095876420442053, -21.197635590896759 ], [ -45.096415409612518, -21.197635590896759 ], [ -45.096415409612518, -21.197905085481992 ], [ -45.095876420442053, -21.197905085481995 ] ] ] } },
{ "type": "Feature", "properties": { "id_feicao": "fogo_2024_42", "ano": 2024.0, "mes": 7, "codigo_original": 15, "classe": "Pastagem", "cor": "#edde8e", "area_ha": 0.083397200697257243 }, "geometry": { "type": "Polygon", "coordinates": [ [ [ -44.974064867915445, -21.25342097004058 ], [ -44.974064867915445, -21.253690464625823 ], [ -44.974334362500677, -21.253690464625816 ], [ -44.974334362500677, -21.253420970040583 ], [ -44.974064867915445, -21.25342097004058 ] ] ] } },
{ "type": "Feature", "properties": { "id_feicao": "fogo_2024_43", "ano": 2024.0, "mes": 7, "codigo_original": 15, "classe": "Pastagem", "cor": "#edde8e", "area_ha": 0.083397350341423107 }, "geometry": { "type": "Polygon", "coordinates": [ [ [ -44.973525878744972, -21.253151475455351 ], [ -44.973525878744972, -21.253420970040587 ], [ -44.973795373330205, -21.253420970040583 ], [ -44.973795373330205, -21.25315147545534 ], [ -44.973525878744972, -21.253151475455351 ] ] ] } },
{ "type": "Feature", "properties": { "id_feicao": "fogo_2024_44", "ano": 2024.0, "mes": 7, "codigo_original": 15, "classe": "Pastagem", "cor": "#edde8e", "area_ha": 0.25019383457554129 }, "geometry": { "type": "Polygon", "coordinates": [ [ [ -44.97487335167115, -21.251804002529166 ], [ -44.97487335167115, -21.252612486284875 ], [ -44.975142846256389, -21.252612486284878 ], [ -44.975142846256389, -21.251804002529166 ], [ -44.97487335167115, -21.251804002529166 ] ] ] } },
{ "type": "Feature", "properties": { "id_feicao": "fogo_2024_45", "ano": 2024.0, "mes": 7, "codigo_original": 15, "classe": "Pastagem", "cor": "#edde8e", "area_ha": 3.4193303956291738 }, "geometry": { "type": "Polygon", "coordinates": [ [ [ -44.973256384159733, -21.25153450794393 ], [ -44.973256384159733, -21.251265013358701 ], [ -44.9729868895745, -21.251265013358694 ], [ -44.9729868895745, -21.250995518773465 ], [ -44.972178405818795, -21.250995518773461 ], [ -44.972178405818795, -21.252073497114406 ], [ -44.9729868895745, -21.252073497114413 ], [ -44.9729868895745, -21.251804002529166 ], [ -44.973256384159733, -21.251804002529166 ], [ -44.973256384159733, -21.252073497114406 ], [ -44.973525878744972, -21.252073497114406 ], [ -44.973525878744972, -21.252881980870111 ], [ -44.973795373330205, -21.252881980870114 ], [ -44.973795373330205, -21.252612486284875 ], [ -44.974603857085917, -21.252612486284878 ], [ -44.974603857085917, -21.252342991699635 ], [ -44.974064867915445, -21.252342991699642 ], [ -44.974064867915445, -21.251804002529166 ], [ -44.974334362500677, -21.251804002529159 ], [ -44.974334362500677, -21.251265013358697 ], [ -44.974064867915445, -21.251265013358694 ], [ -44.974064867915445, -21.250995518773458 ], [ -44.974334362500677, -21.250995518773465 ], [ -44.974334362500677, -21.250456529602985 ], [ -44.973256384159733, -21.250456529602985 ], [ -44.973256384159733, -21.250995518773461 ], [ -44.973525878744972, -21.250995518773465 ], [ -44.973525878744972, -21.251534507943937 ], [ -44.973256384159733, -21.25153450794393 ] ] ] } },
{ "type": "Feature", "properties": { "id_feicao": "fogo_2024_46", "ano": 2024.0, "mes": 7, "codigo_original": 15, "classe": "Pastagem", "cor": "#edde8e", "area_ha": 0.083398243178894882 }, "geometry": { "type": "Polygon", "coordinates": [ [ [ -44.974603857085917, -21.25153450794393 ], [ -44.974603857085917, -21.251804002529166 ], [ -44.97487335167115, -21.251804002529166 ], [ -44.97487335167115, -21.251534507943934 ], [ -44.974603857085917, -21.25153450794393 ] ] ] } },
{ "type": "Feature", "properties": { "id_feicao": "fogo_2024_47", "ano": 2024.0, "mes": 7, "codigo_original": 15, "classe": "Pastagem", "cor": "#edde8e", "area_ha": 0.083418479264953924 }, "geometry": { "type": "Polygon", "coordinates": [ [ [ -44.989965048444361, -21.214883244351856 ], [ -44.989965048444361, -21.215152738937086 ], [ -44.990234543029594, -21.215152738937086 ], [ -44.990234543029594, -21.214883244351864 ], [ -44.989965048444361, -21.214883244351856 ] ] ] } },
{ "type": "Feature", "properties": { "id_feicao": "fogo_2024_48", "ano": 2024.0, "mes": 7, "codigo_original": 15, "classe": "Pastagem", "cor": "#edde8e", "area_ha": 0.083419223158789094 }, "geometry": { "type": "Polygon", "coordinates": [ [ [ -44.989695553859121, -21.213535771425676 ], [ -44.989695553859121, -21.213805266010912 ], [ -44.989965048444361, -21.213805266010908 ], [ -44.989965048444361, -21.213535771425676 ], [ -44.989695553859121, -21.213535771425676 ] ] ] } },
{ "type": "Feature", "properties": { "id_feicao": "fogo_2024_49", "ano": 2024.0, "mes": 7, "codigo_original": 15, "classe": "Pastagem", "cor": "#edde8e", "area_ha": 0.33367956910208557 }, "geometry": { "type": "Polygon", "coordinates": [ [ [ -44.990234543029594, -21.211918803914262 ], [ -44.990234543029594, -21.212996782255214 ], [ -44.990504037614834, -21.21299678225521 ], [ -44.990504037614834, -21.211918803914266 ], [ -44.990234543029594, -21.211918803914262 ] ] ] } },
{ "type": "Feature", "properties": { "id_feicao": "fogo_2024_50", "ano": 2024.0, "mes": 7, "codigo_original": 21, "classe": "Mosaico de Usos", "cor": "#ffefc3", "area_ha": 0.08341512646633259 }, "geometry": { "type": "Polygon", "coordinates": [ [ [ -45.056530210997614, -21.221081619812281 ], [ -45.056530210997614, -21.221351114397518 ], [ -45.056799705582854, -21.221351114397518 ], [ -45.056799705582854, -21.221081619812281 ], [ -45.056530210997614, -21.221081619812281 ] ] ] } },
{ "type": "Feature", "properties": { "id_feicao": "fogo_2024_51", "ano": 2024.0, "mes": 7, "codigo_original": 41, "classe": "Outras Lavouras Temporárias", "cor": "#f54ca9", "area_ha": 1.9181014314814471 }, "geometry": { "type": "Polygon", "coordinates": [ [ [ -45.017184001553183, -21.256385410478167 ], [ -45.017453496138415, -21.25638541047817 ], [ -45.017453496138415, -21.256654905063417 ], [ -45.01853147447936, -21.25665490506341 ], [ -45.01853147447936, -21.255576926722465 ], [ -45.016914506967943, -21.255576926722473 ], [ -45.016914506967943, -21.256654905063417 ], [ -45.017184001553183, -21.256654905063414 ], [ -45.017184001553183, -21.256385410478167 ] ] ] } },
{ "type": "Feature", "properties": { "id_feicao": "fogo_2024_52", "ano": 2024.0, "mes": 7, "codigo_original": 41, "classe": "Outras Lavouras Temporárias", "cor": "#f54ca9", "area_ha": 0.083405833724141121 }, "geometry": { "type": "Polygon", "coordinates": [ [ [ -45.018800969064593, -21.237790284096899 ], [ -45.01853147447936, -21.237790284096906 ], [ -45.01853147447936, -21.238059778682135 ], [ -45.018800969064593, -21.238059778682132 ], [ -45.018800969064593, -21.237790284096899 ] ] ] } },
{ "type": "Feature", "properties": { "id_feicao": "fogo_2024_53", "ano": 2024.0, "mes": 7, "codigo_original": 41, "classe": "Outras Lavouras Temporárias", "cor": "#f54ca9", "area_ha": 0.33362444522920998 }, "geometry": { "type": "Polygon", "coordinates": [ [ [ -45.019339958235065, -21.237520789511667 ], [ -45.019070463649832, -21.237520789511674 ], [ -45.019070463649832, -21.236981800341205 ], [ -45.018800969064593, -21.236981800341198 ], [ -45.018800969064593, -21.237790284096899 ], [ -45.019339958235065, -21.237790284096913 ], [ -45.019339958235065, -21.237520789511667 ] ] ] } },
{ "type": "Feature", "properties": { "id_feicao": "fogo_2024_54", "ano": 2024.0, "mes": 7, "codigo_original": 41, "classe": "Outras Lavouras Temporárias", "cor": "#f54ca9", "area_ha": 2.7526900023731882 }, "geometry": { "type": "Polygon", "coordinates": [ [ [ -45.054643748900965, -21.221351114397518 ], [ -45.054643748900965, -21.22162060898275 ], [ -45.054913243486197, -21.22162060898275 ], [ -45.054913243486197, -21.222159598153226 ], [ -45.054643748900965, -21.222159598153219 ], [ -45.054643748900965, -21.222698587323691 ], [ -45.055182738071437, -21.222698587323691 ], [ -45.055182738071437, -21.222429092738459 ], [ -45.055721727241909, -21.222429092738455 ], [ -45.055721727241909, -21.22215959815323 ], [ -45.056260716412382, -21.222159598153223 ], [ -45.056260716412382, -21.221620608982747 ], [ -45.056530210997614, -21.221620608982747 ], [ -45.056530210997614, -21.221081619812281 ], [ -45.056799705582854, -21.221081619812281 ], [ -45.056799705582854, -21.220812125227042 ], [ -45.05545223265667, -21.220812125227045 ], [ -45.05545223265667, -21.221081619812274 ], [ -45.055182738071437, -21.221081619812278 ], [ -45.055182738071437, -21.22135111439751 ], [ -45.054643748900965, -21.221351114397518 ] ] ] } },
{ "type": "Feature", "properties": { "id_feicao": "fogo_2024_55", "ano": 2024.0, "mes": 7, "codigo_original": 41, "classe": "Outras Lavouras Temporárias", "cor": "#f54ca9", "area_ha": 0.33367356212601862 }, "geometry": { "type": "Polygon", "coordinates": [ [ [ -44.995354940149078, -21.215422233522336 ], [ -44.995354940149078, -21.214883244351849 ], [ -44.994546456393365, -21.21488324435186 ], [ -44.994546456393365, -21.2151527389371 ], [ -44.995085445563838, -21.215152738937089 ], [ -44.995085445563838, -21.215422233522329 ], [ -44.995354940149078, -21.215422233522336 ] ] ] } },
{ "type": "Feature", "properties": { "id_feicao": "fogo_2024_56", "ano": 2024.0, "mes": 7, "codigo_original": 41, "classe": "Outras Lavouras Temporárias", "cor": "#f54ca9", "area_ha": 1.0010351647818461 }, "geometry": { "type": "Polygon", "coordinates": [ [ [ -44.990504037614834, -21.213266276840443 ], [ -44.990773532200066, -21.213266276840443 ], [ -44.990773532200066, -21.213535771425683 ], [ -44.991043026785299, -21.213535771425676 ], [ -44.991043026785299, -21.213266276840443 ], [ -44.991582015955771, -21.213266276840439 ], [ -44.991582015955771, -21.212996782255203 ], [ -44.991851510541011, -21.212996782255207 ], [ -44.991851510541011, -21.212457793084731 ], [ -44.991312521370538, -21.212457793084734 ], [ -44.991312521370538, -21.212727287669964 ], [ -44.990504037614834, -21.212727287669964 ], [ -44.990504037614834, -21.213266276840443 ] ] ] } },
{ "type": "Feature", "properties": { "id_feicao": "fogo_2024_57", "ano": 2024.0, "mes": 7, "codigo_original": 41, "classe": "Outras Lavouras Temporárias", "cor": "#f54ca9", "area_ha": 0.16679544638503754 }, "geometry": { "type": "Polygon", "coordinates": [ [ [ -44.973256384159733, -21.252342991699642 ], [ -44.973256384159733, -21.252881980870111 ], [ -44.973525878744972, -21.252881980870111 ], [ -44.973525878744972, -21.252342991699646 ], [ -44.973256384159733, -21.252342991699642 ] ] ] } },
{ "type": "Feature", "properties": { "id_feicao": "fogo_2024_58", "ano": 2024.0, "mes": 7, "codigo_original": 41, "classe": "Outras Lavouras Temporárias", "cor": "#f54ca9", "area_ha": 1.2512744973898087 }, "geometry": { "type": "Polygon", "coordinates": [ [ [ -44.990234543029594, -21.215961222692794 ], [ -44.990234543029594, -21.215422233522332 ], [ -44.989426059273889, -21.215422233522336 ], [ -44.989426059273889, -21.215152738937093 ], [ -44.989156564688649, -21.215152738937096 ], [ -44.989156564688649, -21.214883244351853 ], [ -44.988887070103416, -21.214883244351853 ], [ -44.988887070103416, -21.215422233522332 ], [ -44.988617575518177, -21.215422233522325 ], [ -44.988617575518177, -21.215961222692805 ], [ -44.990234543029594, -21.215961222692794 ] ] ] } },
{ "type": "Feature", "properties": { "id_feicao": "fogo_2024_59", "ano": 2024.0, "mes": 7, "codigo_original": 41, "classe": "Outras Lavouras Temporárias", "cor": "#f54ca9", "area_ha": 0.16683695889776573 }, "geometry": { "type": "Polygon", "coordinates": [ [ [ -44.989965048444361, -21.214883244351856 ], [ -44.989426059273889, -21.214883244351849 ], [ -44.989426059273889, -21.215152738937093 ], [ -44.989965048444361, -21.215152738937086 ], [ -44.989965048444361, -21.214883244351856 ] ] ] } },
{ "type": "Feature", "properties": { "id_feicao": "fogo_2024_60", "ano": 2024.0, "mes": 7, "codigo_original": 41, "classe": "Outras Lavouras Temporárias", "cor": "#f54ca9", "area_ha": 0.083418628394599889 }, "geometry": { "type": "Polygon", "coordinates": [ [ [ -44.989156564688649, -21.21461374976662 ], [ -44.989156564688649, -21.214883244351853 ], [ -44.989426059273889, -21.214883244351849 ], [ -44.989426059273889, -21.214613749766617 ], [ -44.989156564688649, -21.21461374976662 ] ] ] } },
{ "type": "Feature", "properties": { "id_feicao": "fogo_2024_61", "ano": 2024.0, "mes": 7, "codigo_original": 41, "classe": "Outras Lavouras Temporárias", "cor": "#f54ca9", "area_ha": 0.083418925780037623 }, "geometry": { "type": "Polygon", "coordinates": [ [ [ -44.989426059273889, -21.214074760596141 ], [ -44.989426059273889, -21.214344255181381 ], [ -44.989695553859121, -21.214344255181388 ], [ -44.989695553859121, -21.214074760596144 ], [ -44.989426059273889, -21.214074760596141 ] ] ] } },
{ "type": "Feature", "properties": { "id_feicao": "fogo_2024_62", "ano": 2024.0, "mes": 8, "codigo_original": 3, "classe": "Formação Florestal", "cor": "#1f8d49", "area_ha": 0.33368318928815427 }, "geometry": { "type": "Polygon", "coordinates": [ [ [ -45.085635626203086, -21.211649309329019 ], [ -45.085905120788325, -21.211649309329029 ], [ -45.085905120788325, -21.210571330988081 ], [ -45.085635626203086, -21.210571330988071 ], [ -45.085635626203086, -21.211649309329019 ] ] ] } },
{ "type": "Feature", "properties": { "id_feicao": "fogo_2024_63", "ano": 2024.0, "mes": 8, "codigo_original": 3, "classe": "Formação Florestal", "cor": "#1f8d49", "area_ha": 0.083421172249637673 }, "geometry": { "type": "Polygon", "coordinates": [ [ [ -45.08671360454403, -21.210571330988085 ], [ -45.08671360454403, -21.210301836402849 ], [ -45.086444109958798, -21.210301836402842 ], [ -45.086444109958798, -21.210571330988078 ], [ -45.08671360454403, -21.210571330988085 ] ] ] } },
{ "type": "Feature", "properties": { "id_feicao": "fogo_2024_64", "ano": 2024.0, "mes": 8, "codigo_original": 3, "classe": "Formação Florestal", "cor": "#1f8d49", "area_ha": 0.33368499685546793 }, "geometry": { "type": "Polygon", "coordinates": [ [ [ -45.087522088299735, -21.210571330988078 ], [ -45.087522088299735, -21.210032341817602 ], [ -45.08698309912927, -21.210032341817605 ], [ -45.08698309912927, -21.210571330988074 ], [ -45.087522088299735, -21.210571330988078 ] ] ] } },
{ "type": "Feature", "properties": { "id_feicao": "fogo_2024_65", "ano": 2024.0, "mes": 8, "codigo_original": 4, "classe": "Formação Savânica", "cor": "#7dc975", "area_ha": 1.000550975919247 }, "geometry": { "type": "Polygon", "coordinates": [ [ [ -45.038474073786816, -21.286568804024601 ], [ -45.038474073786816, -21.285490825683659 ], [ -45.037665590031104, -21.285490825683645 ], [ -45.037665590031104, -21.286568804024597 ], [ -45.038474073786816, -21.286568804024601 ] ] ] } },
{ "type": "Feature", "properties": { "id_feicao": "fogo_2024_66", "ano": 2024.0, "mes": 8, "codigo_original": 4, "classe": "Formação Savânica", "cor": "#7dc975", "area_ha": 0.083381263933399147 }, "geometry": { "type": "Polygon", "coordinates": [ [ [ -45.039013062957281, -21.282526385246062 ], [ -45.039013062957281, -21.282256890660825 ], [ -45.038743568372048, -21.282256890660822 ], [ -45.038743568372048, -21.282526385246051 ], [ -45.039013062957281, -21.282526385246062 ] ] ] } },
{ "type": "Feature", "properties": { "id_feicao": "fogo_2024_67", "ano": 2024.0, "mes": 8, "codigo_original": 4, "classe": "Formação Savânica", "cor": "#7dc975", "area_ha": 0.33352676478816151 }, "geometry": { "type": "Polygon", "coordinates": [ [ [ -45.038743568372048, -21.281717901490346 ], [ -45.038743568372048, -21.281987396075586 ], [ -45.039282557542521, -21.281987396075575 ], [ -45.039282557542521, -21.281178912319881 ], [ -45.039013062957281, -21.281178912319877 ], [ -45.039013062957281, -21.281717901490349 ], [ -45.038743568372048, -21.281717901490346 ] ] ] } },
{ "type": "Feature", "properties": { "id_feicao": "fogo_2024_68", "ano": 2024.0, "mes": 8, "codigo_original": 4, "classe": "Formação Savânica", "cor": "#7dc975", "area_ha": 0.083382010923139752 }, "geometry": { "type": "Polygon", "coordinates": [ [ [ -45.039552052127753, -21.280909417734637 ], [ -45.039282557542521, -21.280909417734634 ], [ -45.039282557542521, -21.281178912319881 ], [ -45.039552052127753, -21.281178912319877 ], [ -45.039552052127753, -21.280909417734637 ] ] ] } },
{ "type": "Feature", "properties": { "id_feicao": "fogo_2024_69", "ano": 2024.0, "mes": 8, "codigo_original": 4, "classe": "Formação Savânica", "cor": "#7dc975", "area_ha": 0.16676432167673483 }, "geometry": { "type": "Polygon", "coordinates": [ [ [ -45.040091041298226, -21.280639923149408 ], [ -45.039552052127753, -21.280639923149398 ], [ -45.039552052127753, -21.280909417734637 ], [ -45.040091041298226, -21.280909417734634 ], [ -45.040091041298226, -21.280639923149408 ] ] ] } },
{ "type": "Feature", "properties": { "id_feicao": "fogo_2024_70", "ano": 2024.0, "mes": 8, "codigo_original": 12, "classe": "Formação Campestre", "cor": "#d6bc74", "area_ha": 0.07004539471353427 }, "geometry": { "type": "Polygon", "coordinates": [ [ [ -44.99149261410637, -21.336425302341123 ], [ -44.991532999999897, -21.336331 ], [ -44.991573181728718, -21.336155807714835 ], [ -44.991312521370538, -21.336155807707989 ], [ -44.991312521370538, -21.336425302293229 ], [ -44.99149261410637, -21.336425302341123 ] ] ] } },
{ "type": "Feature", "properties": { "id_feicao": "fogo_2024_71", "ano": 2024.0, "mes": 8, "codigo_original": 12, "classe": "Formação Campestre", "cor": "#d6bc74", "area_ha": 0.074467398624474032 }, "geometry": { "type": "Polygon", "coordinates": [ [ [ -44.991669885636774, -21.335077829414519 ], [ -44.991670999999897, -21.335066 ], [ -44.991708, -21.334756 ], [ -44.991737112007371, -21.334538840249355 ], [ -44.991582015955771, -21.334538840196583 ], [ -44.991582015955771, -21.335077829367052 ], [ -44.991669885636774, -21.335077829414519 ] ] ] } },
{ "type": "Feature", "properties": { "id_feicao": "fogo_2024_72", "ano": 2024.0, "mes": 8, "codigo_original": 12, "classe": "Formação Campestre", "cor": "#d6bc74", "area_ha": 0.41691151031915613 }, "geometry": { "type": "Polygon", "coordinates": [ [ [ -45.044133460076765, -21.280370428564165 ], [ -45.044133460076765, -21.280909417734645 ], [ -45.044672449247237, -21.280909417734641 ], [ -45.044672449247237, -21.280100933978932 ], [ -45.044402954662004, -21.280100933978929 ], [ -45.044402954662004, -21.280370428564169 ], [ -45.044133460076765, -21.280370428564165 ] ] ] } },
{ "type": "Feature", "properties": { "id_feicao": "fogo_2024_73", "ano": 2024.0, "mes": 8, "codigo_original": 12, "classe": "Formação Campestre", "cor": "#d6bc74", "area_ha": 1.8344209094357553 }, "geometry": { "type": "Polygon", "coordinates": [ [ [ -45.05356577056002, -21.280370428564162 ], [ -45.05356577056002, -21.2798314393937 ], [ -45.053835265145267, -21.2798314393937 ], [ -45.053835265145267, -21.27956194480846 ], [ -45.054104759730492, -21.279561944808464 ], [ -45.054104759730492, -21.279022955637995 ], [ -45.052757286804322, -21.279022955637991 ], [ -45.052757286804322, -21.279292450223227 ], [ -45.052487792219075, -21.279292450223227 ], [ -45.052487792219075, -21.280370428564165 ], [ -45.05356577056002, -21.280370428564162 ] ], [ [ -45.053296275974795, -21.279292450223227 ], [ -45.053296275974795, -21.279561944808464 ], [ -45.052757286804322, -21.279561944808467 ], [ -45.052757286804322, -21.279292450223227 ], [ -45.053296275974795, -21.279292450223227 ] ] ] } },
{ "type": "Feature", "properties": { "id_feicao": "fogo_2024_74", "ano": 2024.0, "mes": 8, "codigo_original": 12, "classe": "Formação Campestre", "cor": "#d6bc74", "area_ha": 0.50042613083347676 }, "geometry": { "type": "Polygon", "coordinates": [ [ [ -45.02904176330356, -21.240215735364021 ], [ -45.028502774133088, -21.240215735364028 ], [ -45.028502774133088, -21.241024219119726 ], [ -45.02904176330356, -21.24102421911973 ], [ -45.02904176330356, -21.240215735364021 ] ] ] } },
{ "type": "Feature", "properties": { "id_feicao": "fogo_2024_75", "ano": 2024.0, "mes": 8, "codigo_original": 15, "classe": "Pastagem", "cor": "#edde8e", "area_ha": 1.0009103791861014 }, "geometry": { "type": "Polygon", "coordinates": [ [ [ -45.135761619056957, -21.232939381562652 ], [ -45.135761619056957, -21.231861403221711 ], [ -45.135222629886485, -21.231861403221714 ], [ -45.135222629886485, -21.232400392392186 ], [ -45.134953135301252, -21.232400392392179 ], [ -45.134953135301252, -21.233208876147895 ], [ -45.135492124471725, -21.233208876147891 ], [ -45.135492124471725, -21.232939381562659 ], [ -45.135761619056957, -21.232939381562652 ] ] ] } },
{ "type": "Feature", "properties": { "id_feicao": "fogo_2024_76", "ano": 2024.0, "mes": 8, "codigo_original": 15, "classe": "Pastagem", "cor": "#edde8e", "area_ha": 15.850048351419979 }, "geometry": { "type": "Polygon", "coordinates": [ [ [ -45.084827142447381, -21.210032341817609 ], [ -45.084557647862141, -21.210032341817609 ], [ -45.084557647862141, -21.210301836402845 ], [ -45.084288153276908, -21.210301836402849 ], [ -45.084288153276908, -21.211110320158557 ], [ -45.083749164106436, -21.211110320158554 ], [ -45.083749164106436, -21.212188298499495 ], [ -45.084827142447381, -21.212188298499498 ], [ -45.084827142447381, -21.211918803914266 ], [ -45.085905120788325, -21.211918803914259 ], [ -45.085905120788325, -21.211649309329029 ], [ -45.085635626203086, -21.211649309329019 ], [ -45.085635626203086, -21.210571330988071 ], [ -45.086174615373558, -21.210571330988074 ], [ -45.086174615373558, -21.210301836402852 ], [ -45.08698309912927, -21.210301836402845 ], [ -45.08698309912927, -21.210032341817605 ], [ -45.087522088299735, -21.210032341817602 ], [ -45.087522088299735, -21.210571330988078 ], [ -45.089947539566865, -21.210571330988081 ], [ -45.089947539566865, -21.210301836402849 ], [ -45.090217034152097, -21.210301836402852 ], [ -45.090217034152097, -21.210571330988081 ], [ -45.09048652873733, -21.210571330988078 ], [ -45.09048652873733, -21.210840825573321 ], [ -45.090756023322569, -21.210840825573314 ], [ -45.090756023322569, -21.211379814743797 ], [ -45.092372990833987, -21.21137981474379 ], [ -45.092372990833987, -21.209762847232366 ], [ -45.092103496248747, -21.209762847232369 ], [ -45.092103496248747, -21.209493352647137 ], [ -45.091295012493042, -21.209493352647137 ], [ -45.091295012493042, -21.209223858061897 ], [ -45.091025517907802, -21.209223858061904 ], [ -45.091025517907802, -21.208954363476668 ], [ -45.090756023322569, -21.208954363476664 ], [ -45.090756023322569, -21.209223858061904 ], [ -45.09048652873733, -21.209223858061907 ], [ -45.09048652873733, -21.208954363476671 ], [ -45.089408550396392, -21.208954363476668 ], [ -45.089408550396392, -21.208684868891435 ], [ -45.088330572055447, -21.208684868891428 ], [ -45.088330572055447, -21.209223858061904 ], [ -45.086174615373558, -21.209223858061904 ], [ -45.086174615373558, -21.20949335264714 ], [ -45.085366131617853, -21.209493352647133 ], [ -45.085366131617853, -21.209762847232373 ], [ -45.084827142447381, -21.209762847232373 ], [ -45.084827142447381, -21.210032341817609 ] ], [ [ -45.089947539566865, -21.209223858061904 ], [ -45.089947539566865, -21.209493352647144 ], [ -45.089678044981625, -21.209493352647144 ], [ -45.089678044981625, -21.209223858061897 ], [ -45.089947539566865, -21.209223858061904 ] ] ] } },
{ "type": "Feature", "properties": { "id_feicao": "fogo_2024_77", "ano": 2024.0, "mes": 8, "codigo_original": 15, "classe": "Pastagem", "cor": "#edde8e", "area_ha": 0.16684518074817734 }, "geometry": { "type": "Polygon", "coordinates": [ [ [ -45.066501510651342, -21.207876385135719 ], [ -45.066501510651342, -21.20760689055048 ], [ -45.06596252148087, -21.20760689055048 ], [ -45.06596252148087, -21.207876385135716 ], [ -45.066501510651342, -21.207876385135719 ] ] ] } },
{ "type": "Feature", "properties": { "id_feicao": "fogo_2024_78", "ano": 2024.0, "mes": 8, "codigo_original": 15, "classe": "Pastagem", "cor": "#edde8e", "area_ha": 0.16684577876543627 }, "geometry": { "type": "Polygon", "coordinates": [ [ [ -45.067040499821815, -21.207067901380025 ], [ -45.066501510651342, -21.207067901380022 ], [ -45.066501510651342, -21.207337395965258 ], [ -45.067040499821815, -21.207337395965251 ], [ -45.067040499821815, -21.207067901380025 ] ] ] } },
{ "type": "Feature", "properties": { "id_feicao": "fogo_2024_79", "ano": 2024.0, "mes": 8, "codigo_original": 15, "classe": "Pastagem", "cor": "#edde8e", "area_ha": 0.083423187193647025 }, "geometry": { "type": "Polygon", "coordinates": [ [ [ -45.067040499821815, -21.206528912209549 ], [ -45.066771005236575, -21.206528912209549 ], [ -45.066771005236575, -21.206798406794778 ], [ -45.067040499821815, -21.206798406794782 ], [ -45.067040499821815, -21.206528912209549 ] ] ] } },
{ "type": "Feature", "properties": { "id_feicao": "fogo_2024_80", "ano": 2024.0, "mes": 8, "codigo_original": 15, "classe": "Pastagem", "cor": "#edde8e", "area_ha": 0.16684637039692762 }, "geometry": { "type": "Polygon", "coordinates": [ [ [ -45.066501510651342, -21.206798406794775 ], [ -45.066501510651342, -21.206528912209549 ], [ -45.06596252148087, -21.206528912209549 ], [ -45.06596252148087, -21.206798406794775 ], [ -45.066501510651342, -21.206798406794775 ] ] ] } },
{ "type": "Feature", "properties": { "id_feicao": "fogo_2024_81", "ano": 2024.0, "mes": 8, "codigo_original": 15, "classe": "Pastagem", "cor": "#edde8e", "area_ha": 0.083423335093824602 }, "geometry": { "type": "Polygon", "coordinates": [ [ [ -45.066771005236575, -21.206528912209549 ], [ -45.066771005236575, -21.206259417624313 ], [ -45.066501510651342, -21.20625941762431 ], [ -45.066501510651342, -21.206528912209549 ], [ -45.066771005236575, -21.206528912209549 ] ] ] } },
{ "type": "Feature", "properties": { "id_feicao": "fogo_2024_82", "ano": 2024.0, "mes": 8, "codigo_original": 15, "classe": "Pastagem", "cor": "#edde8e", "area_ha": 0.083423780396458189 }, "geometry": { "type": "Polygon", "coordinates": [ [ [ -45.066501510651342, -21.205720428453834 ], [ -45.066501510651342, -21.205450933868601 ], [ -45.066232016066103, -21.205450933868601 ], [ -45.066232016066103, -21.205720428453834 ], [ -45.066501510651342, -21.205720428453834 ] ] ] } },
{ "type": "Feature", "properties": { "id_feicao": "fogo_2024_83", "ano": 2024.0, "mes": 8, "codigo_original": 15, "classe": "Pastagem", "cor": "#edde8e", "area_ha": 0.25027200627485291 }, "geometry": { "type": "Polygon", "coordinates": [ [ [ -45.066771005236575, -21.205181439283368 ], [ -45.066501510651342, -21.205181439283365 ], [ -45.066501510651342, -21.205450933868601 ], [ -45.067040499821815, -21.205450933868605 ], [ -45.067040499821815, -21.204911944698132 ], [ -45.066771005236575, -21.204911944698129 ], [ -45.066771005236575, -21.205181439283368 ] ] ] } },
{ "type": "Feature", "properties": { "id_feicao": "fogo_2024_84", "ano": 2024.0, "mes": 8, "codigo_original": 15, "classe": "Pastagem", "cor": "#edde8e", "area_ha": 0.66739310606559743 }, "geometry": { "type": "Polygon", "coordinates": [ [ [ -45.066232016066103, -21.205181439283365 ], [ -45.06596252148087, -21.205181439283365 ], [ -45.06596252148087, -21.204911944698125 ], [ -45.066232016066103, -21.204911944698132 ], [ -45.066232016066103, -21.204642450112896 ], [ -45.065693026895637, -21.204642450112893 ], [ -45.065693026895637, -21.20437295552766 ], [ -45.065423532310398, -21.20437295552766 ], [ -45.065423532310398, -21.204911944698132 ], [ -45.065693026895637, -21.204911944698129 ], [ -45.065693026895637, -21.205181439283358 ], [ -45.065423532310398, -21.205181439283361 ], [ -45.065423532310398, -21.205450933868597 ], [ -45.066232016066103, -21.205450933868601 ], [ -45.066232016066103, -21.205181439283365 ] ] ] } },
{ "type": "Feature", "properties": { "id_feicao": "fogo_2024_85", "ano": 2024.0, "mes": 8, "codigo_original": 15, "classe": "Pastagem", "cor": "#edde8e", "area_ha": 0.16684935882387936 }, "geometry": { "type": "Polygon", "coordinates": [ [ [ -45.068926961918464, -21.204103460942427 ], [ -45.068926961918464, -21.20383396635718 ], [ -45.068387972747992, -21.203833966357184 ], [ -45.068387972747992, -21.204103460942427 ], [ -45.068926961918464, -21.204103460942427 ] ] ] } },
{ "type": "Feature", "properties": { "id_feicao": "fogo_2024_86", "ano": 2024.0, "mes": 8, "codigo_original": 15, "classe": "Pastagem", "cor": "#edde8e", "area_ha": 0.083425036131918748 }, "geometry": { "type": "Polygon", "coordinates": [ [ [ -45.118783460187096, -21.203833966357188 ], [ -45.118783460187096, -21.203564471771948 ], [ -45.118513965601863, -21.203564471771948 ], [ -45.118513965601863, -21.203833966357184 ], [ -45.118783460187096, -21.203833966357188 ] ] ] } },
{ "type": "Feature", "properties": { "id_feicao": "fogo_2024_87", "ano": 2024.0, "mes": 8, "codigo_original": 15, "classe": "Pastagem", "cor": "#edde8e", "area_ha": 0.08342497718504005 }, "geometry": { "type": "Polygon", "coordinates": [ [ [ -45.068926961918464, -21.203564471771958 ], [ -45.068926961918464, -21.203294977186719 ], [ -45.068657467333232, -21.203294977186715 ], [ -45.068657467333232, -21.203564471771951 ], [ -45.068926961918464, -21.203564471771958 ] ] ] } },
{ "type": "Feature", "properties": { "id_feicao": "fogo_2024_88", "ano": 2024.0, "mes": 8, "codigo_original": 15, "classe": "Pastagem", "cor": "#edde8e", "area_ha": 0.16685025421660393 }, "geometry": { "type": "Polygon", "coordinates": [ [ [ -45.069465951088937, -21.203025482601475 ], [ -45.068926961918464, -21.203025482601479 ], [ -45.068926961918464, -21.203294977186719 ], [ -45.069465951088937, -21.203294977186715 ], [ -45.069465951088937, -21.203025482601475 ] ] ] } },
{ "type": "Feature", "properties": { "id_feicao": "fogo_2024_89", "ano": 2024.0, "mes": 8, "codigo_original": 15, "classe": "Pastagem", "cor": "#edde8e", "area_ha": 0.25027558046225457 }, "geometry": { "type": "Polygon", "coordinates": [ [ [ -45.065423532310398, -21.203294977186712 ], [ -45.065693026895637, -21.203294977186715 ], [ -45.065693026895637, -21.203025482601479 ], [ -45.06596252148087, -21.203025482601479 ], [ -45.06596252148087, -21.202755988016243 ], [ -45.065423532310398, -21.202755988016243 ], [ -45.065423532310398, -21.203294977186712 ] ] ] } },
{ "type": "Feature", "properties": { "id_feicao": "fogo_2024_90", "ano": 2024.0, "mes": 8, "codigo_original": 15, "classe": "Pastagem", "cor": "#edde8e", "area_ha": 0.16685114627669964 }, "geometry": { "type": "Polygon", "coordinates": [ [ [ -45.069465951088937, -21.202486493431003 ], [ -45.069465951088937, -21.202216998845767 ], [ -45.068926961918464, -21.202216998845774 ], [ -45.068926961918464, -21.20248649343101 ], [ -45.069465951088937, -21.202486493431003 ] ] ] } },
{ "type": "Feature", "properties": { "id_feicao": "fogo_2024_91", "ano": 2024.0, "mes": 8, "codigo_original": 15, "classe": "Pastagem", "cor": "#edde8e", "area_ha": 0.083425564616359776 }, "geometry": { "type": "Polygon", "coordinates": [ [ [ -45.066501510651342, -21.20221699884577 ], [ -45.066232016066103, -21.20221699884577 ], [ -45.066232016066103, -21.202486493431 ], [ -45.066501510651342, -21.202486493431007 ], [ -45.066501510651342, -21.20221699884577 ] ] ] } },
{ "type": "Feature", "properties": { "id_feicao": "fogo_2024_92", "ano": 2024.0, "mes": 8, "codigo_original": 15, "classe": "Pastagem", "cor": "#edde8e", "area_ha": 0.16685449736658484 }, "geometry": { "type": "Polygon", "coordinates": [ [ [ -45.115549525164269, -21.199522052993409 ], [ -45.115010535993797, -21.199522052993409 ], [ -45.115010535993797, -21.199791547578648 ], [ -45.115549525164269, -21.199791547578652 ], [ -45.115549525164269, -21.199522052993409 ] ] ] } },
{ "type": "Feature", "properties": { "id_feicao": "fogo_2024_93", "ano": 2024.0, "mes": 8, "codigo_original": 15, "classe": "Pastagem", "cor": "#edde8e", "area_ha": 0.25028302811450959 }, "geometry": { "type": "Polygon", "coordinates": [ [ [ -45.094528947515869, -21.198444074652478 ], [ -45.094528947515869, -21.1987135692377 ], [ -45.094798442101109, -21.198713569237704 ], [ -45.094798442101109, -21.198983063822947 ], [ -45.095067936686341, -21.198983063822933 ], [ -45.095067936686341, -21.198444074652471 ], [ -45.094528947515869, -21.198444074652478 ] ] ] } },
{ "type": "Feature", "properties": { "id_feicao": "fogo_2024_94", "ano": 2024.0, "mes": 8, "codigo_original": 15, "classe": "Pastagem", "cor": "#edde8e", "area_ha": 0.083427751681767401 }, "geometry": { "type": "Polygon", "coordinates": [ [ [ -45.095876420442053, -21.198444074652471 ], [ -45.095606925856814, -21.198444074652471 ], [ -45.095606925856814, -21.1987135692377 ], [ -45.095876420442053, -21.198713569237704 ], [ -45.095876420442053, -21.198444074652471 ] ] ] } },
{ "type": "Feature", "properties": { "id_feicao": "fogo_2024_95", "ano": 2024.0, "mes": 8, "codigo_original": 15, "classe": "Pastagem", "cor": "#edde8e", "area_ha": 0.16685608543585986 }, "geometry": { "type": "Polygon", "coordinates": [ [ [ -45.094528947515869, -21.197905085481999 ], [ -45.093989958345396, -21.197905085481995 ], [ -45.093989958345396, -21.198174580067231 ], [ -45.094528947515869, -21.198174580067231 ], [ -45.094528947515869, -21.197905085481999 ] ] ] } },
{ "type": "Feature", "properties": { "id_feicao": "fogo_2024_96", "ano": 2024.0, "mes": 8, "codigo_original": 15, "classe": "Pastagem", "cor": "#edde8e", "area_ha": 0.16685639868359048 }, "geometry": { "type": "Polygon", "coordinates": [ [ [ -45.096415409612518, -21.197905085481992 ], [ -45.096415409612518, -21.197635590896759 ], [ -45.095876420442053, -21.197635590896759 ], [ -45.095876420442053, -21.197905085481995 ], [ -45.096415409612518, -21.197905085481992 ] ] ] } },
{ "type": "Feature", "properties": { "id_feicao": "fogo_2024_97", "ano": 2024.0, "mes": 8, "codigo_original": 15, "classe": "Pastagem", "cor": "#edde8e", "area_ha": 0.25028458599708575 }, "geometry": { "type": "Polygon", "coordinates": [ [ [ -45.095606925856814, -21.197905085481992 ], [ -45.095606925856814, -21.197635590896759 ], [ -45.094798442101109, -21.197635590896766 ], [ -45.094798442101109, -21.197905085481995 ], [ -45.095606925856814, -21.197905085481992 ] ] ] } },
{ "type": "Feature", "properties": { "id_feicao": "fogo_2024_98", "ano": 2024.0, "mes": 8, "codigo_original": 15, "classe": "Pastagem", "cor": "#edde8e", "area_ha": 0.083428390899199525 }, "geometry": { "type": "Polygon", "coordinates": [ [ [ -45.105847720095774, -21.197635590896766 ], [ -45.105847720095774, -21.19736609631153 ], [ -45.105578225510541, -21.197366096311523 ], [ -45.105578225510541, -21.197635590896766 ], [ -45.105847720095774, -21.197635590896766 ] ] ] } },
{ "type": "Feature", "properties": { "id_feicao": "fogo_2024_99", "ano": 2024.0, "mes": 8, "codigo_original": 15, "classe": "Pastagem", "cor": "#edde8e", "area_ha": 0.083428498359397057 }, "geometry": { "type": "Polygon", "coordinates": [ [ [ -45.096684904197758, -21.197096601726283 ], [ -45.096415409612518, -21.197096601726287 ], [ -45.096415409612518, -21.19736609631153 ], [ -45.096684904197758, -21.197366096311526 ], [ -45.096684904197758, -21.197096601726283 ] ] ] } },
{ "type": "Feature", "properties": { "id_feicao": "fogo_2024_100", "ano": 2024.0, "mes": 8, "codigo_original": 15, "classe": "Pastagem", "cor": "#edde8e", "area_ha": 0.083428493756148969 }, "geometry": { "type": "Polygon", "coordinates": [ [ [ -45.095606925856814, -21.197096601726287 ], [ -45.095337431271581, -21.197096601726287 ], [ -45.095337431271581, -21.197366096311526 ], [ -45.095606925856814, -21.197366096311523 ], [ -45.095606925856814, -21.197096601726287 ] ] ] } },
{ "type": "Feature", "properties": { "id_feicao": "fogo_2024_101", "ano": 2024.0, "mes": 8, "codigo_original": 15, "classe": "Pastagem", "cor": "#edde8e", "area_ha": 0.16685758780479901 }, "geometry": { "type": "Polygon", "coordinates": [ [ [ -45.096415409612518, -21.196827107141054 ], [ -45.096415409612518, -21.196557612555811 ], [ -45.095876420442053, -21.196557612555811 ], [ -45.095876420442053, -21.196827107141051 ], [ -45.096415409612518, -21.196827107141054 ] ] ] } },
{ "type": "Feature", "properties": { "id_feicao": "fogo_2024_102", "ano": 2024.0, "mes": 8, "codigo_original": 15, "classe": "Pastagem", "cor": "#edde8e", "area_ha": 0.083431709637635229 }, "geometry": { "type": "Polygon", "coordinates": [ [ [ -45.115819019749502, -21.191706710021577 ], [ -45.115819019749502, -21.191437215436341 ], [ -45.115549525164269, -21.191437215436341 ], [ -45.115549525164269, -21.191706710021574 ], [ -45.115819019749502, -21.191706710021577 ] ] ] } },
{ "type": "Feature", "properties": { "id_feicao": "fogo_2024_103", "ano": 2024.0, "mes": 8, "codigo_original": 15, "classe": "Pastagem", "cor": "#edde8e", "area_ha": 0.083432002699641364 }, "geometry": { "type": "Polygon", "coordinates": [ [ [ -45.115010535993797, -21.191167720851098 ], [ -45.115010535993797, -21.190898226265865 ], [ -45.114741041408557, -21.190898226265862 ], [ -45.114741041408557, -21.191167720851098 ], [ -45.115010535993797, -21.191167720851098 ] ] ] } },
{ "type": "Feature", "properties": { "id_feicao": "fogo_2024_104", "ano": 2024.0, "mes": 8, "codigo_original": 15, "classe": "Pastagem", "cor": "#edde8e", "area_ha": 0.41691310504758733 }, "geometry": { "type": "Polygon", "coordinates": [ [ [ -45.053835265145267, -21.2798314393937 ], [ -45.05356577056002, -21.2798314393937 ], [ -45.05356577056002, -21.280370428564162 ], [ -45.054104759730492, -21.280370428564162 ], [ -45.054104759730492, -21.279561944808464 ], [ -45.053835265145267, -21.27956194480846 ], [ -45.053835265145267, -21.2798314393937 ] ] ] } },
{ "type": "Feature", "properties": { "id_feicao": "fogo_2024_105", "ano": 2024.0, "mes": 8, "codigo_original": 15, "classe": "Pastagem", "cor": "#edde8e", "area_ha": 0.083383082282077525 }, "geometry": { "type": "Polygon", "coordinates": [ [ [ -45.052757286804322, -21.279022955637991 ], [ -45.052487792219075, -21.279022955637991 ], [ -45.052487792219075, -21.279292450223227 ], [ -45.052757286804322, -21.279292450223227 ], [ -45.052757286804322, -21.279022955637991 ] ] ] } },
{ "type": "Feature", "properties": { "id_feicao": "fogo_2024_106", "ano": 2024.0, "mes": 8, "codigo_original": 15, "classe": "Pastagem", "cor": "#edde8e", "area_ha": 0.50030030088092248 }, "geometry": { "type": "Polygon", "coordinates": [ [ [ -45.053835265145267, -21.278753461052755 ], [ -45.053835265145267, -21.278483966467519 ], [ -45.053296275974795, -21.278483966467522 ], [ -45.053296275974795, -21.278753461052748 ], [ -45.053026781389548, -21.278753461052752 ], [ -45.053026781389548, -21.279022955637991 ], [ -45.054104759730492, -21.279022955637995 ], [ -45.054104759730492, -21.278753461052752 ], [ -45.053835265145267, -21.278753461052755 ] ] ] } },
{ "type": "Feature", "properties": { "id_feicao": "fogo_2024_107", "ano": 2024.0, "mes": 8, "codigo_original": 15, "classe": "Pastagem", "cor": "#edde8e", "area_ha": 0.083419726125316215 }, "geometry": { "type": "Polygon", "coordinates": [ [ [ -45.051679308463378, -21.21299678225521 ], [ -45.051679308463378, -21.212727287669967 ], [ -45.051409813878131, -21.21272728766996 ], [ -45.051409813878131, -21.212996782255207 ], [ -45.051679308463378, -21.21299678225521 ] ] ] } },
{ "type": "Feature", "properties": { "id_feicao": "fogo_2024_108", "ano": 2024.0, "mes": 8, "codigo_original": 15, "classe": "Pastagem", "cor": "#edde8e", "area_ha": 7.174268044363278 }, "geometry": { "type": "Polygon", "coordinates": [ [ [ -45.051679308463378, -21.208954363476664 ], [ -45.051409813878131, -21.208954363476671 ], [ -45.051409813878131, -21.2092238580619 ], [ -45.051140319292905, -21.209223858061907 ], [ -45.051140319292905, -21.20949335264714 ], [ -45.050601330122433, -21.209493352647137 ], [ -45.050601330122433, -21.209223858061907 ], [ -45.050331835537193, -21.2092238580619 ], [ -45.050331835537193, -21.20949335264714 ], [ -45.05006234095196, -21.209493352647144 ], [ -45.05006234095196, -21.210032341817612 ], [ -45.050331835537193, -21.210032341817609 ], [ -45.050331835537193, -21.20976284723238 ], [ -45.050601330122433, -21.209762847232373 ], [ -45.050601330122433, -21.210571330988071 ], [ -45.050331835537193, -21.210571330988071 ], [ -45.050331835537193, -21.210840825573317 ], [ -45.050601330122433, -21.21084082557331 ], [ -45.050601330122433, -21.21111032015855 ], [ -45.051140319292905, -21.211110320158546 ], [ -45.051140319292905, -21.210571330988085 ], [ -45.051409813878131, -21.210571330988081 ], [ -45.051409813878131, -21.211110320158546 ], [ -45.051679308463378, -21.211110320158557 ], [ -45.051679308463378, -21.210301836402852 ], [ -45.052757286804322, -21.210301836402849 ], [ -45.052757286804322, -21.210571330988081 ], [ -45.053026781389548, -21.210571330988078 ], [ -45.053026781389548, -21.208415374306195 ], [ -45.052757286804322, -21.208415374306199 ], [ -45.052757286804322, -21.208145879720952 ], [ -45.053026781389548, -21.208145879720959 ], [ -45.053026781389548, -21.207876385135723 ], [ -45.053296275974795, -21.207876385135712 ], [ -45.053296275974795, -21.208684868891435 ], [ -45.05356577056002, -21.208684868891421 ], [ -45.05356577056002, -21.207876385135723 ], [ -45.053835265145267, -21.207876385135727 ], [ -45.053835265145267, -21.20760689055048 ], [ -45.052757286804322, -21.20760689055049 ], [ -45.052757286804322, -21.207067901380015 ], [ -45.052487792219075, -21.207067901380022 ], [ -45.052487792219075, -21.207337395965254 ], [ -45.051679308463378, -21.207337395965258 ], [ -45.051679308463378, -21.207606890550487 ], [ -45.051948803048603, -21.207606890550483 ], [ -45.051948803048603, -21.208684868891435 ], [ -45.051679308463378, -21.208684868891428 ], [ -45.051679308463378, -21.208954363476664 ] ], [ [ -45.051140319292905, -21.210032341817605 ], [ -45.051140319292905, -21.210301836402842 ], [ -45.050870824707665, -21.210301836402852 ], [ -45.050870824707665, -21.210032341817609 ], [ -45.051140319292905, -21.210032341817605 ] ] ] } },
{ "type": "Feature", "properties": { "id_feicao": "fogo_2024_109", "ano": 2024.0, "mes": 8, "codigo_original": 15, "classe": "Pastagem", "cor": "#edde8e", "area_ha": 0.083422105807531621 }, "geometry": { "type": "Polygon", "coordinates": [ [ [ -45.051679308463378, -21.208415374306195 ], [ -45.051409813878131, -21.208415374306199 ], [ -45.051409813878131, -21.208684868891432 ], [ -45.051679308463378, -21.208684868891428 ], [ -45.051679308463378, -21.208415374306195 ] ] ] } },
{ "type": "Feature", "properties": { "id_feicao": "fogo_2024_110", "ano": 2024.0, "mes": 8, "codigo_original": 15, "classe": "Pastagem", "cor": "#edde8e", "area_ha": 0.083422272360045457 }, "geometry": { "type": "Polygon", "coordinates": [ [ [ -45.058955662264736, -21.208145879720952 ], [ -45.058686167679504, -21.208145879720952 ], [ -45.058686167679504, -21.208415374306188 ], [ -45.058955662264736, -21.208415374306188 ], [ -45.058955662264736, -21.208145879720952 ] ] ] } },
{ "type": "Feature", "properties": { "id_feicao": "fogo_2024_111", "ano": 2024.0, "mes": 8, "codigo_original": 15, "classe": "Pastagem", "cor": "#edde8e", "area_ha": 1.084492209098165 }, "geometry": { "type": "Polygon", "coordinates": [ [ [ -45.059225156849976, -21.207876385135727 ], [ -45.059225156849976, -21.208415374306188 ], [ -45.060572629776154, -21.208415374306192 ], [ -45.060572629776154, -21.20760689055048 ], [ -45.060303135190914, -21.20760689055048 ], [ -45.060303135190914, -21.207876385135712 ], [ -45.059494651435209, -21.207876385135727 ], [ -45.059494651435209, -21.20760689055048 ], [ -45.058955662264736, -21.20760689055048 ], [ -45.058955662264736, -21.207876385135723 ], [ -45.059225156849976, -21.207876385135727 ] ] ] } },
{ "type": "Feature", "properties": { "id_feicao": "fogo_2024_112", "ano": 2024.0, "mes": 8, "codigo_original": 15, "classe": "Pastagem", "cor": "#edde8e", "area_ha": 0.083422569081187253 }, "geometry": { "type": "Polygon", "coordinates": [ [ [ -45.058686167679504, -21.20760689055048 ], [ -45.058416673094264, -21.207606890550487 ], [ -45.058416673094264, -21.207876385135723 ], [ -45.058686167679504, -21.207876385135716 ], [ -45.058686167679504, -21.20760689055048 ] ] ] } },
{ "type": "Feature", "properties": { "id_feicao": "fogo_2024_113", "ano": 2024.0, "mes": 8, "codigo_original": 15, "classe": "Pastagem", "cor": "#edde8e", "area_ha": 4.087705070154648 }, "geometry": { "type": "Polygon", "coordinates": [ [ [ -45.054913243486197, -21.207606890550483 ], [ -45.054374254315725, -21.207606890550487 ], [ -45.054374254315725, -21.208145879720952 ], [ -45.054104759730492, -21.208145879720956 ], [ -45.054104759730492, -21.208415374306188 ], [ -45.053835265145267, -21.208415374306192 ], [ -45.053835265145267, -21.208684868891432 ], [ -45.054374254315725, -21.208684868891435 ], [ -45.054374254315725, -21.208415374306188 ], [ -45.054643748900965, -21.208415374306199 ], [ -45.054643748900965, -21.208684868891435 ], [ -45.055182738071437, -21.208684868891428 ], [ -45.055182738071437, -21.208954363476675 ], [ -45.056260716412382, -21.208954363476661 ], [ -45.056260716412382, -21.208684868891432 ], [ -45.05545223265667, -21.208684868891435 ], [ -45.05545223265667, -21.208145879720952 ], [ -45.056260716412382, -21.208145879720952 ], [ -45.056260716412382, -21.207876385135716 ], [ -45.056530210997614, -21.207876385135716 ], [ -45.056530210997614, -21.20760689055048 ], [ -45.056799705582854, -21.207606890550487 ], [ -45.056799705582854, -21.206798406794778 ], [ -45.057069200168087, -21.206798406794775 ], [ -45.057069200168087, -21.206528912209549 ], [ -45.055991221827142, -21.206528912209549 ], [ -45.055991221827142, -21.206798406794782 ], [ -45.055721727241909, -21.206798406794785 ], [ -45.055721727241909, -21.207067901380022 ], [ -45.05545223265667, -21.207067901380018 ], [ -45.05545223265667, -21.207337395965251 ], [ -45.054913243486197, -21.207337395965258 ], [ -45.054913243486197, -21.207606890550483 ] ] ] } },
{ "type": "Feature", "properties": { "id_feicao": "fogo_2024_114", "ano": 2024.0, "mes": 8, "codigo_original": 15, "classe": "Pastagem", "cor": "#edde8e", "area_ha": 0.33369149019718858 }, "geometry": { "type": "Polygon", "coordinates": [ [ [ -45.061111618946626, -21.207606890550487 ], [ -45.061111618946626, -21.206798406794785 ], [ -45.060842124361386, -21.206798406794778 ], [ -45.060842124361386, -21.207067901380018 ], [ -45.060572629776154, -21.207067901380022 ], [ -45.060572629776154, -21.207337395965254 ], [ -45.060842124361386, -21.207337395965258 ], [ -45.060842124361386, -21.207606890550483 ], [ -45.061111618946626, -21.207606890550487 ] ] ] } },
{ "type": "Feature", "properties": { "id_feicao": "fogo_2024_115", "ano": 2024.0, "mes": 8, "codigo_original": 15, "classe": "Pastagem", "cor": "#edde8e", "area_ha": 0.58396017299853265 }, "geometry": { "type": "Polygon", "coordinates": [ [ [ -45.058686167679504, -21.20760689055048 ], [ -45.058955662264736, -21.20760689055048 ], [ -45.058955662264736, -21.207337395965258 ], [ -45.059494651435209, -21.207337395965254 ], [ -45.059494651435209, -21.206798406794785 ], [ -45.058686167679504, -21.206798406794785 ], [ -45.058686167679504, -21.20760689055048 ] ] ] } },
{ "type": "Feature", "properties": { "id_feicao": "fogo_2024_116", "ano": 2024.0, "mes": 8, "codigo_original": 15, "classe": "Pastagem", "cor": "#edde8e", "area_ha": 0.083423011741600925 }, "geometry": { "type": "Polygon", "coordinates": [ [ [ -45.057338694753319, -21.206798406794778 ], [ -45.057069200168087, -21.206798406794775 ], [ -45.057069200168087, -21.207067901380022 ], [ -45.057338694753319, -21.207067901380018 ], [ -45.057338694753319, -21.206798406794778 ] ] ] } },
{ "type": "Feature", "properties": { "id_feicao": "fogo_2024_117", "ano": 2024.0, "mes": 8, "codigo_original": 15, "classe": "Pastagem", "cor": "#edde8e", "area_ha": 0.083423166737105481 }, "geometry": { "type": "Polygon", "coordinates": [ [ [ -45.059764146020449, -21.206798406794778 ], [ -45.059764146020449, -21.206528912209549 ], [ -45.059494651435209, -21.206528912209549 ], [ -45.059494651435209, -21.206798406794785 ], [ -45.059764146020449, -21.206798406794778 ] ] ] } },
{ "type": "Feature", "properties": { "id_feicao": "fogo_2024_118", "ano": 2024.0, "mes": 8, "codigo_original": 15, "classe": "Pastagem", "cor": "#edde8e", "area_ha": 0.083423323491308835 }, "geometry": { "type": "Polygon", "coordinates": [ [ [ -45.062728586458043, -21.206528912209549 ], [ -45.062728586458043, -21.206259417624313 ], [ -45.062459091872803, -21.206259417624306 ], [ -45.062459091872803, -21.206528912209549 ], [ -45.062728586458043, -21.206528912209549 ] ] ] } },
{ "type": "Feature", "properties": { "id_feicao": "fogo_2024_119", "ano": 2024.0, "mes": 8, "codigo_original": 15, "classe": "Pastagem", "cor": "#edde8e", "area_ha": 0.083423322001592762 }, "geometry": { "type": "Polygon", "coordinates": [ [ [ -45.062189597287571, -21.206528912209549 ], [ -45.062189597287571, -21.206259417624306 ], [ -45.061920102702331, -21.20625941762431 ], [ -45.061920102702331, -21.206528912209549 ], [ -45.062189597287571, -21.206528912209549 ] ] ] } },
{ "type": "Feature", "properties": { "id_feicao": "fogo_2024_120", "ano": 2024.0, "mes": 8, "codigo_original": 15, "classe": "Pastagem", "cor": "#edde8e", "area_ha": 0.083423309147730468 }, "geometry": { "type": "Polygon", "coordinates": [ [ [ -45.057338694753319, -21.20625941762431 ], [ -45.057069200168087, -21.206259417624302 ], [ -45.057069200168087, -21.206528912209549 ], [ -45.057338694753319, -21.206528912209553 ], [ -45.057338694753319, -21.20625941762431 ] ] ] } },
{ "type": "Feature", "properties": { "id_feicao": "fogo_2024_121", "ano": 2024.0, "mes": 8, "codigo_original": 15, "classe": "Pastagem", "cor": "#edde8e", "area_ha": 0.58396276954049242 }, "geometry": { "type": "Polygon", "coordinates": [ [ [ -45.061111618946626, -21.205989923039063 ], [ -45.059764146020449, -21.205989923039073 ], [ -45.059764146020449, -21.206259417624313 ], [ -45.060303135190914, -21.206259417624306 ], [ -45.060303135190914, -21.206528912209549 ], [ -45.060842124361386, -21.206528912209549 ], [ -45.060842124361386, -21.206259417624313 ], [ -45.061111618946626, -21.206259417624317 ], [ -45.061111618946626, -21.205989923039063 ] ] ] } },
{ "type": "Feature", "properties": { "id_feicao": "fogo_2024_122", "ano": 2024.0, "mes": 8, "codigo_original": 15, "classe": "Pastagem", "cor": "#edde8e", "area_ha": 0.16684696204934563 }, "geometry": { "type": "Polygon", "coordinates": [ [ [ -45.06596252148087, -21.206259417624313 ], [ -45.06596252148087, -21.205989923039077 ], [ -45.065423532310398, -21.205989923039066 ], [ -45.065423532310398, -21.206259417624306 ], [ -45.06596252148087, -21.206259417624313 ] ] ] } },
{ "type": "Feature", "properties": { "id_feicao": "fogo_2024_123", "ano": 2024.0, "mes": 8, "codigo_original": 15, "classe": "Pastagem", "cor": "#edde8e", "area_ha": 0.33369382458937652 }, "geometry": { "type": "Polygon", "coordinates": [ [ [ -45.057069200168087, -21.206259417624302 ], [ -45.057069200168087, -21.20598992303907 ], [ -45.055991221827142, -21.20598992303907 ], [ -45.055991221827142, -21.206259417624313 ], [ -45.057069200168087, -21.206259417624302 ] ] ] } },
{ "type": "Feature", "properties": { "id_feicao": "fogo_2024_124", "ano": 2024.0, "mes": 8, "codigo_original": 15, "classe": "Pastagem", "cor": "#edde8e", "area_ha": 1.5016254282155075 }, "geometry": { "type": "Polygon", "coordinates": [ [ [ -45.057877683923792, -21.206528912209549 ], [ -45.058416673094264, -21.206528912209546 ], [ -45.058416673094264, -21.20598992303907 ], [ -45.058147178509032, -21.205989923039077 ], [ -45.058147178509032, -21.205720428453837 ], [ -45.057608189338559, -21.205720428453841 ], [ -45.057608189338559, -21.205450933868601 ], [ -45.057338694753319, -21.205450933868608 ], [ -45.057338694753319, -21.205181439283368 ], [ -45.057069200168087, -21.205181439283361 ], [ -45.057069200168087, -21.204911944698132 ], [ -45.056530210997614, -21.204911944698132 ], [ -45.056530210997614, -21.205720428453834 ], [ -45.057338694753319, -21.205720428453837 ], [ -45.057338694753319, -21.20625941762431 ], [ -45.057608189338559, -21.20625941762431 ], [ -45.057608189338559, -21.206798406794782 ], [ -45.057877683923792, -21.206798406794778 ], [ -45.057877683923792, -21.206528912209549 ] ], [ [ -45.057069200168087, -21.205450933868597 ], [ -45.056799705582854, -21.205450933868605 ], [ -45.056799705582854, -21.205181439283368 ], [ -45.057069200168087, -21.205181439283361 ], [ -45.057069200168087, -21.205450933868597 ] ], [ [ -45.057608189338559, -21.20598992303907 ], [ -45.057877683923792, -21.205989923039077 ], [ -45.057877683923792, -21.20625941762431 ], [ -45.057608189338559, -21.20625941762431 ], [ -45.057608189338559, -21.20598992303907 ] ] ] } },
{ "type": "Feature", "properties": { "id_feicao": "fogo_2024_125", "ano": 2024.0, "mes": 8, "codigo_original": 15, "classe": "Pastagem", "cor": "#edde8e", "area_ha": 0.083423760822508478 }, "geometry": { "type": "Polygon", "coordinates": [ [ [ -45.059494651435209, -21.205450933868601 ], [ -45.059225156849976, -21.205450933868608 ], [ -45.059225156849976, -21.205720428453834 ], [ -45.059494651435209, -21.205720428453844 ], [ -45.059494651435209, -21.205450933868601 ] ] ] } },
{ "type": "Feature", "properties": { "id_feicao": "fogo_2024_126", "ano": 2024.0, "mes": 8, "codigo_original": 15, "classe": "Pastagem", "cor": "#edde8e", "area_ha": 0.083424067720677703 }, "geometry": { "type": "Polygon", "coordinates": [ [ [ -45.062998081043276, -21.204911944698132 ], [ -45.062728586458043, -21.204911944698132 ], [ -45.062728586458043, -21.205181439283358 ], [ -45.062998081043276, -21.205181439283365 ], [ -45.062998081043276, -21.204911944698132 ] ] ] } },
{ "type": "Feature", "properties": { "id_feicao": "fogo_2024_127", "ano": 2024.0, "mes": 8, "codigo_original": 15, "classe": "Pastagem", "cor": "#edde8e", "area_ha": 5.5894145924648893 }, "geometry": { "type": "Polygon", "coordinates": [ [ [ -45.064884543139925, -21.203833966357188 ], [ -45.063537070213748, -21.203833966357188 ], [ -45.063537070213748, -21.204103460942427 ], [ -45.064615048554693, -21.204103460942424 ], [ -45.064615048554693, -21.204372955527667 ], [ -45.064345553969453, -21.204372955527656 ], [ -45.064345553969453, -21.204911944698132 ], [ -45.063806564798981, -21.204911944698132 ], [ -45.063806564798981, -21.2046424501129 ], [ -45.063267575628508, -21.2046424501129 ], [ -45.063267575628508, -21.205720428453841 ], [ -45.062998081043276, -21.205720428453841 ], [ -45.062998081043276, -21.206528912209549 ], [ -45.063537070213748, -21.206528912209549 ], [ -45.063537070213748, -21.20625941762431 ], [ -45.063806564798981, -21.20625941762431 ], [ -45.063806564798981, -21.205450933868605 ], [ -45.064345553969453, -21.205450933868605 ], [ -45.064345553969453, -21.206528912209549 ], [ -45.065423532310398, -21.206528912209549 ], [ -45.065423532310398, -21.206259417624306 ], [ -45.065154037725165, -21.206259417624313 ], [ -45.065154037725165, -21.205989923039073 ], [ -45.065423532310398, -21.205989923039066 ], [ -45.065423532310398, -21.205450933868597 ], [ -45.064884543139925, -21.205450933868605 ], [ -45.064884543139925, -21.205181439283361 ], [ -45.065423532310398, -21.205181439283361 ], [ -45.065423532310398, -21.204911944698132 ], [ -45.065154037725165, -21.204911944698125 ], [ -45.065154037725165, -21.20437295552766 ], [ -45.065423532310398, -21.20437295552766 ], [ -45.065423532310398, -21.204103460942424 ], [ -45.066232016066103, -21.204103460942424 ], [ -45.066232016066103, -21.203294977186715 ], [ -45.06596252148087, -21.203294977186719 ], [ -45.06596252148087, -21.203564471771951 ], [ -45.065154037725165, -21.203564471771951 ], [ -45.065154037725165, -21.203294977186722 ], [ -45.064345553969453, -21.203294977186715 ], [ -45.064345553969453, -21.203564471771951 ], [ -45.064884543139925, -21.203564471771944 ], [ -45.064884543139925, -21.203833966357188 ] ], [ [ -45.064884543139925, -21.204372955527663 ], [ -45.064884543139925, -21.204911944698129 ], [ -45.064615048554693, -21.204911944698132 ], [ -45.064615048554693, -21.204372955527667 ], [ -45.064884543139925, -21.204372955527663 ] ] ] } },
{ "type": "Feature", "properties": { "id_feicao": "fogo_2024_128", "ano": 2024.0, "mes": 8, "codigo_original": 15, "classe": "Pastagem", "cor": "#edde8e", "area_ha": 0.16684839788549452 }, "geometry": { "type": "Polygon", "coordinates": [ [ [ -45.056530210997614, -21.204911944698132 ], [ -45.056530210997614, -21.204642450112896 ], [ -45.055991221827142, -21.204642450112896 ], [ -45.055991221827142, -21.204911944698132 ], [ -45.056530210997614, -21.204911944698132 ] ] ] } },
{ "type": "Feature", "properties": { "id_feicao": "fogo_2024_129", "ano": 2024.0, "mes": 8, "codigo_original": 15, "classe": "Pastagem", "cor": "#edde8e", "area_ha": 0.66739461271750988 }, "geometry": { "type": "Polygon", "coordinates": [ [ [ -45.058147178509032, -21.204642450112896 ], [ -45.058147178509032, -21.20437295552766 ], [ -45.058416673094264, -21.204372955527663 ], [ -45.058416673094264, -21.204103460942424 ], [ -45.057608189338559, -21.204103460942424 ], [ -45.057608189338559, -21.204372955527667 ], [ -45.057338694753319, -21.204372955527663 ], [ -45.057338694753319, -21.205181439283368 ], [ -45.057608189338559, -21.205181439283358 ], [ -45.057608189338559, -21.204642450112893 ], [ -45.058147178509032, -21.204642450112896 ] ] ] } },
{ "type": "Feature", "properties": { "id_feicao": "fogo_2024_130", "ano": 2024.0, "mes": 8, "codigo_original": 15, "classe": "Pastagem", "cor": "#edde8e", "area_ha": 0.50054702213043345 }, "geometry": { "type": "Polygon", "coordinates": [ [ [ -45.059494651435209, -21.204372955527667 ], [ -45.059225156849976, -21.204372955527663 ], [ -45.059225156849976, -21.204103460942424 ], [ -45.059494651435209, -21.204103460942427 ], [ -45.059494651435209, -21.203833966357188 ], [ -45.058955662264736, -21.203833966357184 ], [ -45.058955662264736, -21.204103460942427 ], [ -45.058686167679504, -21.204103460942424 ], [ -45.058686167679504, -21.204372955527663 ], [ -45.058955662264736, -21.204372955527663 ], [ -45.058955662264736, -21.204642450112893 ], [ -45.059494651435209, -21.204642450112896 ], [ -45.059494651435209, -21.204372955527667 ] ] ] } },
{ "type": "Feature", "properties": { "id_feicao": "fogo_2024_131", "ano": 2024.0, "mes": 8, "codigo_original": 15, "classe": "Pastagem", "cor": "#edde8e", "area_ha": 0.083424812673311685 }, "geometry": { "type": "Polygon", "coordinates": [ [ [ -45.063537070213748, -21.203564471771951 ], [ -45.063267575628508, -21.203564471771951 ], [ -45.063267575628508, -21.203833966357184 ], [ -45.063537070213748, -21.203833966357188 ], [ -45.063537070213748, -21.203564471771951 ] ] ] } },
{ "type": "Feature", "properties": { "id_feicao": "fogo_2024_132", "ano": 2024.0, "mes": 8, "codigo_original": 15, "classe": "Pastagem", "cor": "#edde8e", "area_ha": 0.083425263328947036 }, "geometry": { "type": "Polygon", "coordinates": [ [ [ -45.065154037725165, -21.203025482601479 ], [ -45.065154037725165, -21.202755988016236 ], [ -45.064884543139925, -21.202755988016236 ], [ -45.064884543139925, -21.203025482601475 ], [ -45.065154037725165, -21.203025482601479 ] ] ] } },
{ "type": "Feature", "properties": { "id_feicao": "fogo_2024_133", "ano": 2024.0, "mes": 8, "codigo_original": 15, "classe": "Pastagem", "cor": "#edde8e", "area_ha": 0.08336995683778077 }, "geometry": { "type": "Polygon", "coordinates": [ [ [ -44.900223351560818, -21.303007973723982 ], [ -44.899953856975586, -21.303007973723979 ], [ -44.899953856975586, -21.303277468309211 ], [ -44.900223351560818, -21.303277468309222 ], [ -44.900223351560818, -21.303007973723982 ] ] ] } },
{ "type": "Feature", "properties": { "id_feicao": "fogo_2024_134", "ano": 2024.0, "mes": 8, "codigo_original": 15, "classe": "Pastagem", "cor": "#edde8e", "area_ha": 0.33351699563302101 }, "geometry": { "type": "Polygon", "coordinates": [ [ [ -45.038743568372048, -21.285490825683649 ], [ -45.038474073786816, -21.285490825683659 ], [ -45.038474073786816, -21.286568804024601 ], [ -45.038743568372048, -21.286568804024594 ], [ -45.038743568372048, -21.285490825683649 ] ] ] } },
{ "type": "Feature", "properties": { "id_feicao": "fogo_2024_135", "ano": 2024.0, "mes": 8, "codigo_original": 15, "classe": "Pastagem", "cor": "#edde8e", "area_ha": 2.6682148167631827 }, "geometry": { "type": "Polygon", "coordinates": [ [ [ -45.039282557542521, -21.281178912319881 ], [ -45.039282557542521, -21.281987396075575 ], [ -45.038743568372048, -21.281987396075586 ], [ -45.038743568372048, -21.282256890660822 ], [ -45.039013062957281, -21.282256890660825 ], [ -45.039013062957281, -21.282526385246062 ], [ -45.038743568372048, -21.282526385246051 ], [ -45.038743568372048, -21.282795879831298 ], [ -45.039552052127753, -21.282795879831284 ], [ -45.039552052127753, -21.282526385246058 ], [ -45.040091041298226, -21.282526385246051 ], [ -45.040091041298226, -21.281448406905106 ], [ -45.040360535883465, -21.281448406905117 ], [ -45.040360535883465, -21.281178912319877 ], [ -45.040630030468698, -21.281178912319874 ], [ -45.040630030468698, -21.280639923149405 ], [ -45.040360535883465, -21.280639923149405 ], [ -45.040360535883465, -21.280100933978925 ], [ -45.039552052127753, -21.280100933978925 ], [ -45.039552052127753, -21.280370428564162 ], [ -45.040091041298226, -21.280370428564158 ], [ -45.040091041298226, -21.280909417734634 ], [ -45.039552052127753, -21.280909417734637 ], [ -45.039552052127753, -21.281178912319877 ], [ -45.039282557542521, -21.281178912319881 ] ] ] } },
{ "type": "Feature", "properties": { "id_feicao": "fogo_2024_136", "ano": 2024.0, "mes": 8, "codigo_original": 15, "classe": "Pastagem", "cor": "#edde8e", "area_ha": 2.0011738047211431 }, "geometry": { "type": "Polygon", "coordinates": [ [ [ -45.044672449247237, -21.280909417734641 ], [ -45.044133460076765, -21.280909417734645 ], [ -45.044133460076765, -21.280100933978936 ], [ -45.044672449247237, -21.280100933978932 ], [ -45.044672449247237, -21.279831439393696 ], [ -45.042785987150587, -21.2798314393937 ], [ -45.042785987150587, -21.280639923149401 ], [ -45.04332497632106, -21.280639923149405 ], [ -45.04332497632106, -21.280909417734637 ], [ -45.043594470906292, -21.280909417734637 ], [ -45.043594470906292, -21.281178912319881 ], [ -45.044672449247237, -21.281178912319881 ], [ -45.044672449247237, -21.280909417734641 ] ] ] } },
{ "type": "Feature", "properties": { "id_feicao": "fogo_2024_137", "ano": 2024.0, "mes": 8, "codigo_original": 15, "classe": "Pastagem", "cor": "#edde8e", "area_ha": 0.083382309329044071 }, "geometry": { "type": "Polygon", "coordinates": [ [ [ -45.039552052127753, -21.280370428564162 ], [ -45.039282557542521, -21.280370428564165 ], [ -45.039282557542521, -21.280639923149405 ], [ -45.039552052127753, -21.280639923149398 ], [ -45.039552052127753, -21.280370428564162 ] ] ] } },
{ "type": "Feature", "properties": { "id_feicao": "fogo_2024_138", "ano": 2024.0, "mes": 8, "codigo_original": 15, "classe": "Pastagem", "cor": "#edde8e", "area_ha": 0.75056640390059348 }, "geometry": { "type": "Polygon", "coordinates": [ [ [ -45.034162160423037, -21.255576926722476 ], [ -45.034162160423037, -21.255307432137236 ], [ -45.033623171252565, -21.255307432137236 ], [ -45.033623171252565, -21.255037937552004 ], [ -45.033353676667332, -21.255037937552 ], [ -45.033353676667332, -21.254498948381528 ], [ -45.033084182082092, -21.254498948381528 ], [ -45.033084182082092, -21.255576926722469 ], [ -45.033623171252565, -21.255576926722473 ], [ -45.033623171252565, -21.255846421307709 ], [ -45.033892665837804, -21.255846421307698 ], [ -45.033892665837804, -21.255576926722476 ], [ -45.034162160423037, -21.255576926722476 ] ] ] } },
{ "type": "Feature", "properties": { "id_feicao": "fogo_2024_139", "ano": 2024.0, "mes": 8, "codigo_original": 15, "classe": "Pastagem", "cor": "#edde8e", "area_ha": 1.3343611819593566 }, "geometry": { "type": "Polygon", "coordinates": [ [ [ -45.026885806621671, -21.25342097004058 ], [ -45.026885806621671, -21.252342991699642 ], [ -45.025807828280726, -21.252342991699635 ], [ -45.025807828280726, -21.253420970040583 ], [ -45.026885806621671, -21.25342097004058 ] ] ] } },
{ "type": "Feature", "properties": { "id_feicao": "fogo_2024_140", "ano": 2024.0, "mes": 8, "codigo_original": 15, "classe": "Pastagem", "cor": "#edde8e", "area_ha": 2.5019288479888813 }, "geometry": { "type": "Polygon", "coordinates": [ [ [ -44.973795373330205, -21.252881980870114 ], [ -44.973256384159733, -21.252881980870111 ], [ -44.973256384159733, -21.253420970040587 ], [ -44.973525878744972, -21.253420970040587 ], [ -44.973525878744972, -21.253690464625823 ], [ -44.974064867915445, -21.253690464625823 ], [ -44.974064867915445, -21.25342097004058 ], [ -44.974334362500677, -21.253420970040583 ], [ -44.974334362500677, -21.253690464625816 ], [ -44.974603857085917, -21.253690464625823 ], [ -44.974603857085917, -21.253420970040576 ], [ -44.975142846256389, -21.253420970040587 ], [ -44.975142846256389, -21.252612486284878 ], [ -44.97487335167115, -21.252612486284875 ], [ -44.97487335167115, -21.251804002529166 ], [ -44.974603857085917, -21.251804002529166 ], [ -44.974603857085917, -21.251265013358694 ], [ -44.974334362500677, -21.251265013358697 ], [ -44.974334362500677, -21.251804002529159 ], [ -44.974064867915445, -21.251804002529166 ], [ -44.974064867915445, -21.252342991699642 ], [ -44.974603857085917, -21.252342991699635 ], [ -44.974603857085917, -21.252612486284878 ], [ -44.973795373330205, -21.252612486284875 ], [ -44.973795373330205, -21.252881980870114 ] ], [ [ -44.973525878744972, -21.253151475455351 ], [ -44.973795373330205, -21.25315147545534 ], [ -44.973795373330205, -21.253420970040583 ], [ -44.973525878744972, -21.253420970040587 ], [ -44.973525878744972, -21.253151475455351 ] ] ] } },
{ "type": "Feature", "properties": { "id_feicao": "fogo_2024_141", "ano": 2024.0, "mes": 8, "codigo_original": 15, "classe": "Pastagem", "cor": "#edde8e", "area_ha": 0.083397946714796126 }, "geometry": { "type": "Polygon", "coordinates": [ [ [ -44.973525878744972, -21.252073497114406 ], [ -44.973256384159733, -21.252073497114406 ], [ -44.973256384159733, -21.252342991699642 ], [ -44.973525878744972, -21.252342991699646 ], [ -44.973525878744972, -21.252073497114406 ] ] ] } },
{ "type": "Feature", "properties": { "id_feicao": "fogo_2024_142", "ano": 2024.0, "mes": 8, "codigo_original": 15, "classe": "Pastagem", "cor": "#edde8e", "area_ha": 0.083398096043057743 }, "geometry": { "type": "Polygon", "coordinates": [ [ [ -44.973256384159733, -21.251804002529166 ], [ -44.9729868895745, -21.251804002529166 ], [ -44.9729868895745, -21.252073497114413 ], [ -44.973256384159733, -21.252073497114406 ], [ -44.973256384159733, -21.251804002529166 ] ] ] } },
{ "type": "Feature", "properties": { "id_feicao": "fogo_2024_143", "ano": 2024.0, "mes": 8, "codigo_original": 15, "classe": "Pastagem", "cor": "#edde8e", "area_ha": 0.083398242879681561 }, "geometry": { "type": "Polygon", "coordinates": [ [ [ -44.975142846256389, -21.251804002529166 ], [ -44.975142846256389, -21.251534507943926 ], [ -44.97487335167115, -21.251534507943934 ], [ -44.97487335167115, -21.251804002529166 ], [ -44.975142846256389, -21.251804002529166 ] ] ] } },
{ "type": "Feature", "properties": { "id_feicao": "fogo_2024_144", "ano": 2024.0, "mes": 8, "codigo_original": 15, "classe": "Pastagem", "cor": "#edde8e", "area_ha": 0.08339854179983959 }, "geometry": { "type": "Polygon", "coordinates": [ [ [ -44.974334362500677, -21.250995518773465 ], [ -44.974064867915445, -21.250995518773458 ], [ -44.974064867915445, -21.251265013358694 ], [ -44.974334362500677, -21.251265013358697 ], [ -44.974334362500677, -21.250995518773465 ] ] ] } },
{ "type": "Feature", "properties": { "id_feicao": "fogo_2024_145", "ano": 2024.0, "mes": 8, "codigo_original": 15, "classe": "Pastagem", "cor": "#edde8e", "area_ha": 0.4169930124754086 }, "geometry": { "type": "Polygon", "coordinates": [ [ [ -44.973256384159733, -21.250456529602985 ], [ -44.9729868895745, -21.250456529602985 ], [ -44.9729868895745, -21.251265013358694 ], [ -44.973256384159733, -21.251265013358701 ], [ -44.973256384159733, -21.25153450794393 ], [ -44.973525878744972, -21.251534507943937 ], [ -44.973525878744972, -21.250995518773465 ], [ -44.973256384159733, -21.250995518773461 ], [ -44.973256384159733, -21.250456529602985 ] ] ] } },
{ "type": "Feature", "properties": { "id_feicao": "fogo_2024_146", "ano": 2024.0, "mes": 8, "codigo_original": 15, "classe": "Pastagem", "cor": "#edde8e", "area_ha": 0.83404289786880959 }, "geometry": { "type": "Polygon", "coordinates": [ [ [ -45.02904176330356, -21.240215735364021 ], [ -45.02904176330356, -21.24102421911973 ], [ -45.028502774133088, -21.241024219119726 ], [ -45.028502774133088, -21.241293713704966 ], [ -45.029580752474033, -21.241293713704962 ], [ -45.029580752474033, -21.240215735364025 ], [ -45.02904176330356, -21.240215735364021 ] ] ] } },
{ "type": "Feature", "properties": { "id_feicao": "fogo_2024_147", "ano": 2024.0, "mes": 8, "codigo_original": 15, "classe": "Pastagem", "cor": "#edde8e", "area_ha": 0.25021839464083312 }, "geometry": { "type": "Polygon", "coordinates": [ [ [ -45.018800969064593, -21.236981800341198 ], [ -45.01853147447936, -21.236981800341194 ], [ -45.01853147447936, -21.237790284096906 ], [ -45.018800969064593, -21.237790284096899 ], [ -45.018800969064593, -21.236981800341198 ] ] ] } },
{ "type": "Feature", "properties": { "id_feicao": "fogo_2024_148", "ano": 2024.0, "mes": 8, "codigo_original": 15, "classe": "Pastagem", "cor": "#edde8e", "area_ha": 0.25024805958680807 }, "geometry": { "type": "Polygon", "coordinates": [ [ [ -45.002361799365211, -21.219734146886097 ], [ -45.002900788535676, -21.2197341468861 ], [ -45.002900788535676, -21.219464652300864 ], [ -45.002631293950451, -21.219464652300868 ], [ -45.002631293950451, -21.219195157715632 ], [ -45.002361799365211, -21.219195157715635 ], [ -45.002361799365211, -21.219734146886097 ] ] ] } },
{ "type": "Feature", "properties": { "id_feicao": "fogo_2024_149", "ano": 2024.0, "mes": 8, "codigo_original": 15, "classe": "Pastagem", "cor": "#edde8e", "area_ha": 0.083418031311544821 }, "geometry": { "type": "Polygon", "coordinates": [ [ [ -44.995354940149078, -21.215961222692801 ], [ -44.995354940149078, -21.215691728107565 ], [ -44.995085445563838, -21.215691728107558 ], [ -44.995085445563838, -21.215961222692794 ], [ -44.995354940149078, -21.215961222692801 ] ] ] } },
{ "type": "Feature", "properties": { "id_feicao": "fogo_2024_150", "ano": 2024.0, "mes": 8, "codigo_original": 15, "classe": "Pastagem", "cor": "#edde8e", "area_ha": 0.083418330509054867 }, "geometry": { "type": "Polygon", "coordinates": [ [ [ -44.990234543029594, -21.215422233522332 ], [ -44.990234543029594, -21.215152738937086 ], [ -44.989965048444361, -21.215152738937086 ], [ -44.989965048444361, -21.215422233522325 ], [ -44.990234543029594, -21.215422233522332 ] ] ] } },
{ "type": "Feature", "properties": { "id_feicao": "fogo_2024_151", "ano": 2024.0, "mes": 8, "codigo_original": 15, "classe": "Pastagem", "cor": "#edde8e", "area_ha": 0.083418926587156023 }, "geometry": { "type": "Polygon", "coordinates": [ [ [ -44.988078586347704, -21.214344255181377 ], [ -44.988078586347704, -21.214074760596148 ], [ -44.987809091762472, -21.214074760596144 ], [ -44.987809091762472, -21.214344255181381 ], [ -44.988078586347704, -21.214344255181377 ] ] ] } },
{ "type": "Feature", "properties": { "id_feicao": "fogo_2024_152", "ano": 2024.0, "mes": 8, "codigo_original": 15, "classe": "Pastagem", "cor": "#edde8e", "area_ha": 1.4181222877588495 }, "geometry": { "type": "Polygon", "coordinates": [ [ [ -44.989156564688649, -21.214074760596148 ], [ -44.989156564688649, -21.214344255181384 ], [ -44.989426059273889, -21.214344255181381 ], [ -44.989426059273889, -21.214613749766617 ], [ -44.989965048444361, -21.214613749766617 ], [ -44.989965048444361, -21.214074760596155 ], [ -44.990234543029594, -21.214074760596144 ], [ -44.990234543029594, -21.213535771425665 ], [ -44.989965048444361, -21.213535771425676 ], [ -44.989965048444361, -21.213805266010908 ], [ -44.989695553859121, -21.213805266010912 ], [ -44.989695553859121, -21.213535771425676 ], [ -44.988078586347704, -21.213535771425679 ], [ -44.988078586347704, -21.213805266010912 ], [ -44.988617575518177, -21.213805266010905 ], [ -44.988617575518177, -21.214074760596151 ], [ -44.989156564688649, -21.214074760596148 ] ], [ [ -44.989426059273889, -21.214074760596141 ], [ -44.989695553859121, -21.214074760596144 ], [ -44.989695553859121, -21.214344255181388 ], [ -44.989426059273889, -21.214344255181381 ], [ -44.989426059273889, -21.214074760596141 ] ] ] } },
{ "type": "Feature", "properties": { "id_feicao": "fogo_2024_153", "ano": 2024.0, "mes": 8, "codigo_original": 15, "classe": "Pastagem", "cor": "#edde8e", "area_ha": 0.083419371671043338 }, "geometry": { "type": "Polygon", "coordinates": [ [ [ -44.990504037614834, -21.213266276840443 ], [ -44.990234543029594, -21.213266276840436 ], [ -44.990234543029594, -21.213535771425665 ], [ -44.990504037614834, -21.213535771425679 ], [ -44.990504037614834, -21.213266276840443 ] ] ] } },
{ "type": "Feature", "properties": { "id_feicao": "fogo_2024_154", "ano": 2024.0, "mes": 8, "codigo_original": 15, "classe": "Pastagem", "cor": "#edde8e", "area_ha": 0.083419369778684499 }, "geometry": { "type": "Polygon", "coordinates": [ [ [ -45.002900788535676, -21.213535771425676 ], [ -45.002900788535676, -21.213266276840447 ], [ -45.002631293950451, -21.213266276840439 ], [ -45.002631293950451, -21.213535771425672 ], [ -45.002900788535676, -21.213535771425676 ] ] ] } },
{ "type": "Feature", "properties": { "id_feicao": "fogo_2024_155", "ano": 2024.0, "mes": 8, "codigo_original": 15, "classe": "Pastagem", "cor": "#edde8e", "area_ha": 0.083419518443755808 }, "geometry": { "type": "Polygon", "coordinates": [ [ [ -45.002092304779978, -21.212996782255207 ], [ -45.001822810194739, -21.21299678225521 ], [ -45.001822810194739, -21.213266276840447 ], [ -45.002092304779978, -21.213266276840439 ], [ -45.002092304779978, -21.212996782255207 ] ] ] } },
{ "type": "Feature", "properties": { "id_feicao": "fogo_2024_156", "ano": 2024.0, "mes": 8, "codigo_original": 15, "classe": "Pastagem", "cor": "#edde8e", "area_ha": 13.263716711185779 }, "geometry": { "type": "Polygon", "coordinates": [ [ [ -45.003170283120923, -21.212727287669974 ], [ -45.003170283120923, -21.212996782255196 ], [ -45.002900788535676, -21.212996782255207 ], [ -45.002900788535676, -21.213266276840447 ], [ -45.003170283120923, -21.213266276840436 ], [ -45.003170283120923, -21.213535771425679 ], [ -45.002900788535676, -21.213535771425676 ], [ -45.002900788535676, -21.214074760596144 ], [ -45.002361799365211, -21.214074760596148 ], [ -45.002361799365211, -21.213535771425672 ], [ -45.002092304779978, -21.213535771425672 ], [ -45.002092304779978, -21.213805266010912 ], [ -45.001553315609506, -21.213805266010915 ], [ -45.001553315609506, -21.213266276840443 ], [ -45.001014326439034, -21.21326627684045 ], [ -45.001014326439034, -21.212457793084727 ], [ -45.001553315609506, -21.212457793084731 ], [ -45.001553315609506, -21.212188298499495 ], [ -44.999666853512849, -21.212188298499498 ], [ -44.999666853512849, -21.213266276840443 ], [ -44.999936348098089, -21.213266276840436 ], [ -44.999936348098089, -21.213535771425672 ], [ -45.001283821024266, -21.213535771425668 ], [ -45.001283821024266, -21.214344255181377 ], [ -45.001553315609506, -21.214344255181384 ], [ -45.001553315609506, -21.214613749766617 ], [ -45.002092304779978, -21.214613749766617 ], [ -45.002092304779978, -21.21488324435186 ], [ -45.002361799365211, -21.214883244351849 ], [ -45.002361799365211, -21.215152738937093 ], [ -45.003709272291395, -21.215152738937096 ], [ -45.003709272291395, -21.21488324435186 ], [ -45.003978766876621, -21.214883244351856 ], [ -45.003978766876621, -21.21461374976662 ], [ -45.004517756047093, -21.214613749766617 ], [ -45.004517756047093, -21.212727287669964 ], [ -45.005865228973271, -21.21272728766996 ], [ -45.005865228973271, -21.212188298499498 ], [ -45.005595734388038, -21.212188298499495 ], [ -45.005595734388038, -21.211918803914259 ], [ -45.005865228973271, -21.211918803914259 ], [ -45.005865228973271, -21.211649309329022 ], [ -45.005595734388038, -21.211649309329029 ], [ -45.005595734388038, -21.21111032015855 ], [ -45.005326239802812, -21.21111032015855 ], [ -45.005326239802812, -21.210840825573321 ], [ -45.005056745217566, -21.210840825573314 ], [ -45.005056745217566, -21.210571330988074 ], [ -45.004517756047093, -21.210571330988074 ], [ -45.004517756047093, -21.210840825573314 ], [ -45.003709272291395, -21.210840825573314 ], [ -45.003709272291395, -21.211918803914259 ], [ -45.002631293950451, -21.211918803914262 ], [ -45.002631293950451, -21.212188298499491 ], [ -45.002900788535676, -21.212188298499502 ], [ -45.002900788535676, -21.212727287669967 ], [ -45.003170283120923, -21.212727287669974 ] ], [ [ -45.00478725063234, -21.211649309329019 ], [ -45.004517756047093, -21.211649309329022 ], [ -45.004517756047093, -21.211379814743793 ], [ -45.00478725063234, -21.211379814743793 ], [ -45.00478725063234, -21.211649309329019 ] ] ] } },
{ "type": "Feature", "properties": { "id_feicao": "fogo_2024_157", "ano": 2024.0, "mes": 8, "codigo_original": 15, "classe": "Pastagem", "cor": "#edde8e", "area_ha": 0.083419667149666546 }, "geometry": { "type": "Polygon", "coordinates": [ [ [ -45.001553315609506, -21.2129967822552 ], [ -45.001553315609506, -21.212727287669967 ], [ -45.001283821024266, -21.212727287669971 ], [ -45.001283821024266, -21.212996782255207 ], [ -45.001553315609506, -21.2129967822552 ] ] ] } },
{ "type": "Feature", "properties": { "id_feicao": "fogo_2024_158", "ano": 2024.0, "mes": 8, "codigo_original": 15, "classe": "Pastagem", "cor": "#edde8e", "area_ha": 0.083420019964408135 }, "geometry": { "type": "Polygon", "coordinates": [ [ [ -45.05006234095196, -21.212188298499491 ], [ -45.049792846366721, -21.212188298499491 ], [ -45.049792846366721, -21.212457793084727 ], [ -45.05006234095196, -21.212457793084734 ], [ -45.05006234095196, -21.212188298499491 ] ] ] } },
{ "type": "Feature", "properties": { "id_feicao": "fogo_2024_159", "ano": 2024.0, "mes": 8, "codigo_original": 15, "classe": "Pastagem", "cor": "#edde8e", "area_ha": 1.2513035236959347 }, "geometry": { "type": "Polygon", "coordinates": [ [ [ -45.051140319292905, -21.212727287669967 ], [ -45.051409813878131, -21.21272728766996 ], [ -45.051409813878131, -21.212188298499491 ], [ -45.051679308463378, -21.212188298499491 ], [ -45.051679308463378, -21.211918803914269 ], [ -45.051409813878131, -21.211918803914266 ], [ -45.051409813878131, -21.211649309329026 ], [ -45.051679308463378, -21.211649309329019 ], [ -45.051679308463378, -21.211379814743797 ], [ -45.050601330122433, -21.211379814743783 ], [ -45.050601330122433, -21.21111032015855 ], [ -45.050331835537193, -21.211110320158554 ], [ -45.050331835537193, -21.211649309329019 ], [ -45.050870824707665, -21.211649309329026 ], [ -45.050870824707665, -21.212188298499495 ], [ -45.050601330122433, -21.212188298499491 ], [ -45.050601330122433, -21.212457793084734 ], [ -45.051140319292905, -21.212457793084727 ], [ -45.051140319292905, -21.212727287669967 ] ] ] } },
{ "type": "Feature", "properties": { "id_feicao": "fogo_2024_160", "ano": 2024.0, "mes": 8, "codigo_original": 21, "classe": "Mosaico de Usos", "cor": "#ffefc3", "area_ha": 0.083406132002325079 }, "geometry": { "type": "Polygon", "coordinates": [ [ [ -45.019339958235065, -21.237520789511667 ], [ -45.019339958235065, -21.237251294926434 ], [ -45.019070463649832, -21.237251294926427 ], [ -45.019070463649832, -21.237520789511674 ], [ -45.019339958235065, -21.237520789511667 ] ] ] } },
{ "type": "Feature", "properties": { "id_feicao": "fogo_2024_161", "ano": 2024.0, "mes": 8, "codigo_original": 21, "classe": "Mosaico de Usos", "cor": "#ffefc3", "area_ha": 0.083408914589702635 }, "geometry": { "type": "Polygon", "coordinates": [ [ [ -45.135761619056957, -21.233208876147888 ], [ -45.135761619056957, -21.232939381562652 ], [ -45.135492124471725, -21.232939381562659 ], [ -45.135492124471725, -21.233208876147891 ], [ -45.135761619056957, -21.233208876147888 ] ] ] } },
{ "type": "Feature", "properties": { "id_feicao": "fogo_2024_162", "ano": 2024.0, "mes": 8, "codigo_original": 21, "classe": "Mosaico de Usos", "cor": "#ffefc3", "area_ha": 0.083414977661094056 }, "geometry": { "type": "Polygon", "coordinates": [ [ [ -45.056799705582854, -21.221620608982747 ], [ -45.056799705582854, -21.221351114397518 ], [ -45.056530210997614, -21.221351114397518 ], [ -45.056530210997614, -21.221620608982747 ], [ -45.056799705582854, -21.221620608982747 ] ] ] } },
{ "type": "Feature", "properties": { "id_feicao": "fogo_2024_163", "ano": 2024.0, "mes": 8, "codigo_original": 21, "classe": "Mosaico de Usos", "cor": "#ffefc3", "area_ha": 0.083421312787114954 }, "geometry": { "type": "Polygon", "coordinates": [ [ [ -45.084557647862141, -21.210301836402845 ], [ -45.084557647862141, -21.210032341817609 ], [ -45.084288153276908, -21.210032341817612 ], [ -45.084288153276908, -21.210301836402849 ], [ -45.084557647862141, -21.210301836402845 ] ] ] } },
{ "type": "Feature", "properties": { "id_feicao": "fogo_2024_164", "ano": 2024.0, "mes": 8, "codigo_original": 24, "classe": "Área urbanizada", "cor": "#d4271e", "area_ha": 0.083409058616403492 }, "geometry": { "type": "Polygon", "coordinates": [ [ [ -45.134683640716013, -21.232939381562655 ], [ -45.134953135301252, -21.232939381562659 ], [ -45.134953135301252, -21.232669886977426 ], [ -45.134683640716013, -21.232669886977419 ], [ -45.134683640716013, -21.232939381562655 ] ] ] } },
{ "type": "Feature", "properties": { "id_feicao": "fogo_2024_165", "ano": 2024.0, "mes": 8, "codigo_original": 24, "classe": "Área urbanizada", "cor": "#d4271e", "area_ha": 0.08341437974832952 }, "geometry": { "type": "Polygon", "coordinates": [ [ [ -45.05545223265667, -21.222698587323695 ], [ -45.055721727241909, -21.222698587323695 ], [ -45.055721727241909, -21.222429092738455 ], [ -45.05545223265667, -21.222429092738466 ], [ -45.05545223265667, -21.222698587323695 ] ] ] } },
{ "type": "Feature", "properties": { "id_feicao": "fogo_2024_166", "ano": 2024.0, "mes": 8, "codigo_original": 41, "classe": "Outras Lavouras Temporárias", "cor": "#f54ca9", "area_ha": 1.7508919913582788 }, "geometry": { "type": "Polygon", "coordinates": [ [ [ -45.067040499821815, -21.292767179485015 ], [ -45.067040499821815, -21.293036674070251 ], [ -45.06784898357752, -21.293036674070251 ], [ -45.06784898357752, -21.292767179485015 ], [ -45.068118478162759, -21.292767179485015 ], [ -45.068118478162759, -21.291958695729313 ], [ -45.06784898357752, -21.291958695729299 ], [ -45.06784898357752, -21.291689201144074 ], [ -45.067040499821815, -21.291689201144081 ], [ -45.067040499821815, -21.291958695729303 ], [ -45.066771005236575, -21.291958695729306 ], [ -45.066771005236575, -21.292767179485026 ], [ -45.067040499821815, -21.292767179485015 ] ] ] } },
{ "type": "Feature", "properties": { "id_feicao": "fogo_2024_167", "ano": 2024.0, "mes": 8, "codigo_original": 41, "classe": "Outras Lavouras Temporárias", "cor": "#f54ca9", "area_ha": 1.0839588508300455 }, "geometry": { "type": "Polygon", "coordinates": [ [ [ -45.039552052127753, -21.282526385246058 ], [ -45.039552052127753, -21.282795879831284 ], [ -45.040630030468698, -21.282795879831291 ], [ -45.040630030468698, -21.281178912319874 ], [ -45.040360535883465, -21.281178912319877 ], [ -45.040360535883465, -21.281448406905117 ], [ -45.040091041298226, -21.281448406905106 ], [ -45.040091041298226, -21.282526385246051 ], [ -45.039552052127753, -21.282526385246058 ] ] ] } },
{ "type": "Feature", "properties": { "id_feicao": "fogo_2024_168", "ano": 2024.0, "mes": 8, "codigo_original": 41, "classe": "Outras Lavouras Temporárias", "cor": "#f54ca9", "area_ha": 0.41704686875356367 }, "geometry": { "type": "Polygon", "coordinates": [ [ [ -45.135222629886485, -21.232400392392186 ], [ -45.135222629886485, -21.231861403221714 ], [ -45.134683640716013, -21.231861403221721 ], [ -45.134683640716013, -21.232669886977419 ], [ -45.134953135301252, -21.232669886977426 ], [ -45.134953135301252, -21.232400392392179 ], [ -45.135222629886485, -21.232400392392186 ] ] ] } },
{ "type": "Feature", "properties": { "id_feicao": "fogo_2024_169", "ano": 2024.0, "mes": 8, "codigo_original": 41, "classe": "Outras Lavouras Temporárias", "cor": "#f54ca9", "area_ha": 0.08341437907982617 }, "geometry": { "type": "Polygon", "coordinates": [ [ [ -45.055182738071437, -21.222698587323691 ], [ -45.05545223265667, -21.222698587323695 ], [ -45.05545223265667, -21.222429092738466 ], [ -45.055182738071437, -21.222429092738459 ], [ -45.055182738071437, -21.222698587323691 ] ] ] } },
{ "type": "Feature", "properties": { "id_feicao": "fogo_2024_170", "ano": 2024.0, "mes": 8, "codigo_original": 41, "classe": "Outras Lavouras Temporárias", "cor": "#f54ca9", "area_ha": 0.16682905911626295 }, "geometry": { "type": "Polygon", "coordinates": [ [ [ -45.055721727241909, -21.222429092738455 ], [ -45.056260716412382, -21.222429092738455 ], [ -45.056260716412382, -21.222159598153223 ], [ -45.055721727241909, -21.22215959815323 ], [ -45.055721727241909, -21.222429092738455 ] ] ] } },
{ "type": "Feature", "properties": { "id_feicao": "fogo_2024_171", "ano": 2024.0, "mes": 8, "codigo_original": 41, "classe": "Outras Lavouras Temporárias", "cor": "#f54ca9", "area_ha": 0.25024427002445493 }, "geometry": { "type": "Polygon", "coordinates": [ [ [ -45.056799705582854, -21.22189010356799 ], [ -45.056799705582854, -21.221620608982747 ], [ -45.056260716412382, -21.221620608982747 ], [ -45.056260716412382, -21.222159598153223 ], [ -45.056530210997614, -21.22215959815323 ], [ -45.056530210997614, -21.22189010356799 ], [ -45.056799705582854, -21.22189010356799 ] ] ] } },
{ "type": "Feature", "properties": { "id_feicao": "fogo_2024_172", "ano": 2024.0, "mes": 8, "codigo_original": 41, "classe": "Outras Lavouras Temporárias", "cor": "#f54ca9", "area_ha": 0.16682949956540352 }, "geometry": { "type": "Polygon", "coordinates": [ [ [ -45.054643748900965, -21.22162060898275 ], [ -45.054643748900965, -21.222159598153219 ], [ -45.054913243486197, -21.222159598153226 ], [ -45.054913243486197, -21.22162060898275 ], [ -45.054643748900965, -21.22162060898275 ] ] ] } },
{ "type": "Feature", "properties": { "id_feicao": "fogo_2024_173", "ano": 2024.0, "mes": 8, "codigo_original": 41, "classe": "Outras Lavouras Temporárias", "cor": "#f54ca9", "area_ha": 0.1668302442464801 }, "geometry": { "type": "Polygon", "coordinates": [ [ [ -45.054643748900965, -21.221081619812285 ], [ -45.054643748900965, -21.221351114397518 ], [ -45.055182738071437, -21.22135111439751 ], [ -45.055182738071437, -21.221081619812278 ], [ -45.054643748900965, -21.221081619812285 ] ] ] } },
{ "type": "Feature", "properties": { "id_feicao": "fogo_2024_174", "ano": 2024.0, "mes": 8, "codigo_original": 41, "classe": "Outras Lavouras Temporárias", "cor": "#f54ca9", "area_ha": 1.7518793844611384 }, "geometry": { "type": "Polygon", "coordinates": [ [ [ -45.058955662264736, -21.20760689055048 ], [ -45.059494651435209, -21.20760689055048 ], [ -45.059494651435209, -21.207876385135727 ], [ -45.060303135190914, -21.207876385135712 ], [ -45.060303135190914, -21.20760689055048 ], [ -45.060572629776154, -21.20760689055048 ], [ -45.060572629776154, -21.207876385135716 ], [ -45.060842124361386, -21.207876385135723 ], [ -45.060842124361386, -21.207337395965258 ], [ -45.060572629776154, -21.207337395965254 ], [ -45.060572629776154, -21.207067901380022 ], [ -45.060303135190914, -21.207067901380015 ], [ -45.060303135190914, -21.206798406794785 ], [ -45.060572629776154, -21.206798406794782 ], [ -45.060572629776154, -21.206528912209549 ], [ -45.059764146020449, -21.206528912209549 ], [ -45.059764146020449, -21.206798406794778 ], [ -45.059494651435209, -21.206798406794785 ], [ -45.059494651435209, -21.207337395965254 ], [ -45.058955662264736, -21.207337395965258 ], [ -45.058955662264736, -21.20760689055048 ] ] ] } },
{ "type": "Feature", "properties": { "id_feicao": "fogo_2024_175", "ano": 2024.0, "mes": 8, "codigo_original": 41, "classe": "Outras Lavouras Temporárias", "cor": "#f54ca9", "area_ha": 0.083423020914662624 }, "geometry": { "type": "Polygon", "coordinates": [ [ [ -45.060572629776154, -21.207067901380022 ], [ -45.060842124361386, -21.207067901380018 ], [ -45.060842124361386, -21.206798406794778 ], [ -45.060572629776154, -21.206798406794782 ], [ -45.060572629776154, -21.207067901380022 ] ] ] } },
{ "type": "Feature", "properties": { "id_feicao": "fogo_2024_176", "ano": 2024.0, "mes": 8, "codigo_original": 41, "classe": "Outras Lavouras Temporárias", "cor": "#f54ca9", "area_ha": 0.16681166812886913 }, "geometry": { "type": "Polygon", "coordinates": [ [ [ -45.018800969064593, -21.237790284096899 ], [ -45.018800969064593, -21.238059778682132 ], [ -45.019339958235065, -21.238059778682135 ], [ -45.019339958235065, -21.237790284096913 ], [ -45.018800969064593, -21.237790284096899 ] ] ] } },
{ "type": "Feature", "properties": { "id_feicao": "fogo_2024_177", "ano": 2024.0, "mes": 8, "codigo_original": 41, "classe": "Outras Lavouras Temporárias", "cor": "#f54ca9", "area_ha": 0.083406280911127353 }, "geometry": { "type": "Polygon", "coordinates": [ [ [ -45.019070463649832, -21.236981800341205 ], [ -45.019070463649832, -21.237251294926427 ], [ -45.019339958235065, -21.237251294926434 ], [ -45.019339958235065, -21.236981800341194 ], [ -45.019070463649832, -21.236981800341205 ] ] ] } },
{ "type": "Feature", "properties": { "id_feicao": "fogo_2024_178", "ano": 2024.0, "mes": 8, "codigo_original": 41, "classe": "Outras Lavouras Temporárias", "cor": "#f54ca9", "area_ha": 0.16683666138079167 }, "geometry": { "type": "Polygon", "coordinates": [ [ [ -44.989426059273889, -21.215152738937093 ], [ -44.989426059273889, -21.215422233522336 ], [ -44.989965048444361, -21.215422233522325 ], [ -44.989965048444361, -21.215152738937086 ], [ -44.989426059273889, -21.215152738937093 ] ] ] } },
{ "type": "Feature", "properties": { "id_feicao": "fogo_2024_179", "ano": 2024.0, "mes": 8, "codigo_original": 41, "classe": "Outras Lavouras Temporárias", "cor": "#f54ca9", "area_ha": 0.083418479637987916 }, "geometry": { "type": "Polygon", "coordinates": [ [ [ -44.989156564688649, -21.215152738937096 ], [ -44.989426059273889, -21.215152738937093 ], [ -44.989426059273889, -21.214883244351849 ], [ -44.989156564688649, -21.214883244351853 ], [ -44.989156564688649, -21.215152738937096 ] ] ] } },
{ "type": "Feature", "properties": { "id_feicao": "fogo_2024_180", "ano": 2024.0, "mes": 8, "codigo_original": 41, "classe": "Outras Lavouras Temporárias", "cor": "#f54ca9", "area_ha": 0.1668372564163059 }, "geometry": { "type": "Polygon", "coordinates": [ [ [ -44.989426059273889, -21.214883244351849 ], [ -44.989965048444361, -21.214883244351856 ], [ -44.989965048444361, -21.214613749766617 ], [ -44.989426059273889, -21.214613749766617 ], [ -44.989426059273889, -21.214883244351849 ] ] ] } },
{ "type": "Feature", "properties": { "id_feicao": "fogo_2024_181", "ano": 2024.0, "mes": 8, "codigo_original": 41, "classe": "Outras Lavouras Temporárias", "cor": "#f54ca9", "area_ha": 2.1688870107922917 }, "geometry": { "type": "Polygon", "coordinates": [ [ [ -44.987809091762472, -21.214344255181381 ], [ -44.987809091762472, -21.215152738937093 ], [ -44.988078586347704, -21.215152738937089 ], [ -44.988078586347704, -21.215422233522329 ], [ -44.988887070103416, -21.215422233522332 ], [ -44.988887070103416, -21.214883244351853 ], [ -44.989156564688649, -21.214883244351853 ], [ -44.989156564688649, -21.21461374976662 ], [ -44.989426059273889, -21.214613749766617 ], [ -44.989426059273889, -21.214344255181381 ], [ -44.989156564688649, -21.214344255181384 ], [ -44.989156564688649, -21.214074760596148 ], [ -44.988617575518177, -21.214074760596151 ], [ -44.988617575518177, -21.213805266010905 ], [ -44.988078586347704, -21.213805266010912 ], [ -44.988078586347704, -21.213535771425679 ], [ -44.987809091762472, -21.213535771425676 ], [ -44.987809091762472, -21.214074760596144 ], [ -44.988078586347704, -21.214074760596148 ], [ -44.988078586347704, -21.214344255181377 ], [ -44.987809091762472, -21.214344255181381 ] ] ] } },
{ "type": "Feature", "properties": { "id_feicao": "fogo_2024_182", "ano": 2024.0, "mes": 8, "codigo_original": 41, "classe": "Outras Lavouras Temporárias", "cor": "#f54ca9", "area_ha": 0.083419371340411608 }, "geometry": { "type": "Polygon", "coordinates": [ [ [ -44.991043026785299, -21.213266276840443 ], [ -44.991043026785299, -21.213535771425676 ], [ -44.991312521370538, -21.213535771425668 ], [ -44.991312521370538, -21.213266276840443 ], [ -44.991043026785299, -21.213266276840443 ] ] ] } },
{ "type": "Feature", "properties": { "id_feicao": "fogo_2024_183", "ano": 2024.0, "mes": 8, "codigo_original": 41, "classe": "Outras Lavouras Temporárias", "cor": "#f54ca9", "area_ha": 0.083419520416469897 }, "geometry": { "type": "Polygon", "coordinates": [ [ [ -44.990234543029594, -21.212996782255214 ], [ -44.990234543029594, -21.213266276840436 ], [ -44.990504037614834, -21.213266276840443 ], [ -44.990504037614834, -21.21299678225521 ], [ -44.990234543029594, -21.212996782255214 ] ] ] } },
{ "type": "Feature", "properties": { "id_feicao": "fogo_2024_184", "ano": 2024.0, "mes": 8, "codigo_original": 41, "classe": "Outras Lavouras Temporárias", "cor": "#f54ca9", "area_ha": 1.9186492893172429 }, "geometry": { "type": "Polygon", "coordinates": [ [ [ -45.001553315609506, -21.213805266010915 ], [ -45.002092304779978, -21.213805266010912 ], [ -45.002092304779978, -21.213535771425672 ], [ -45.002361799365211, -21.213535771425672 ], [ -45.002361799365211, -21.214074760596148 ], [ -45.002900788535676, -21.214074760596144 ], [ -45.002900788535676, -21.213535771425676 ], [ -45.002631293950451, -21.213535771425672 ], [ -45.002631293950451, -21.213266276840439 ], [ -45.002900788535676, -21.213266276840447 ], [ -45.002900788535676, -21.212996782255207 ], [ -45.003170283120923, -21.212996782255196 ], [ -45.003170283120923, -21.212727287669974 ], [ -45.002900788535676, -21.212727287669967 ], [ -45.002900788535676, -21.212188298499502 ], [ -45.002631293950451, -21.212188298499491 ], [ -45.002631293950451, -21.211918803914262 ], [ -45.002361799365211, -21.211918803914262 ], [ -45.002361799365211, -21.212457793084731 ], [ -45.002092304779978, -21.212457793084738 ], [ -45.002092304779978, -21.213266276840439 ], [ -45.001553315609506, -21.213266276840443 ], [ -45.001553315609506, -21.213805266010915 ] ] ] } },
{ "type": "Feature", "properties": { "id_feicao": "fogo_2024_185", "ano": 2024.0, "mes": 8, "codigo_original": 41, "classe": "Outras Lavouras Temporárias", "cor": "#f54ca9", "area_ha": 0.33367858637776227 }, "geometry": { "type": "Polygon", "coordinates": [ [ [ -45.001283821024266, -21.212457793084731 ], [ -45.001014326439034, -21.212457793084727 ], [ -45.001014326439034, -21.21326627684045 ], [ -45.001553315609506, -21.213266276840443 ], [ -45.001553315609506, -21.2129967822552 ], [ -45.001283821024266, -21.212996782255207 ], [ -45.001283821024266, -21.212457793084731 ] ] ] } },
{ "type": "Feature", "properties": { "id_feicao": "fogo_2024_186", "ano": 2024.0, "mes": 9, "codigo_original": 3, "classe": "Formação Florestal", "cor": "#1f8d49", "area_ha": 1.0844962957556905 }, "geometry": { "type": "Polygon", "coordinates": [ [ [ -45.114471546823324, -21.207606890550483 ], [ -45.114471546823324, -21.208415374306192 ], [ -45.115549525164269, -21.208415374306199 ], [ -45.115549525164269, -21.208145879720956 ], [ -45.115280030579029, -21.208145879720956 ], [ -45.115280030579029, -21.207876385135712 ], [ -45.115010535993797, -21.207876385135723 ], [ -45.115010535993797, -21.207606890550483 ], [ -45.115280030579029, -21.207606890550487 ], [ -45.115280030579029, -21.206798406794782 ], [ -45.115010535993797, -21.206798406794782 ], [ -45.115010535993797, -21.207337395965254 ], [ -45.114741041408557, -21.207337395965251 ], [ -45.114741041408557, -21.20760689055048 ], [ -45.114471546823324, -21.207606890550483 ] ] ] } },
{ "type": "Feature", "properties": { "id_feicao": "fogo_2024_187", "ano": 2024.0, "mes": 9, "codigo_original": 3, "classe": "Formação Florestal", "cor": "#1f8d49", "area_ha": 0.25027015519483159 }, "geometry": { "type": "Polygon", "coordinates": [ [ [ -45.115280030579029, -21.206528912209549 ], [ -45.115280030579029, -21.206798406794782 ], [ -45.116088514334741, -21.206798406794785 ], [ -45.116088514334741, -21.206528912209542 ], [ -45.115280030579029, -21.206528912209549 ] ] ] } },
{ "type": "Feature", "properties": { "id_feicao": "fogo_2024_188", "ano": 2024.0, "mes": 9, "codigo_original": 3, "classe": "Formação Florestal", "cor": "#1f8d49", "area_ha": 0.91766494160323198 }, "geometry": { "type": "Polygon", "coordinates": [ [ [ -45.107734182192431, -21.205450933868605 ], [ -45.107734182192431, -21.205720428453841 ], [ -45.108273171362903, -21.205720428453841 ], [ -45.108273171362903, -21.205989923039077 ], [ -45.108542665948136, -21.205989923039077 ], [ -45.108542665948136, -21.20437295552766 ], [ -45.108273171362903, -21.20437295552766 ], [ -45.108273171362903, -21.205181439283361 ], [ -45.107464687607191, -21.205181439283365 ], [ -45.107464687607191, -21.205450933868597 ], [ -45.107734182192431, -21.205450933868605 ] ] ] } },
{ "type": "Feature", "properties": { "id_feicao": "fogo_2024_189", "ano": 2024.0, "mes": 9, "codigo_original": 3, "classe": "Formação Florestal", "cor": "#1f8d49", "area_ha": 0.083427543924616196 }, "geometry": { "type": "Polygon", "coordinates": [ [ [ -45.114741041408557, -21.198983063822936 ], [ -45.114741041408557, -21.199252558408173 ], [ -45.115010535993797, -21.199252558408176 ], [ -45.115010535993797, -21.19898306382294 ], [ -45.114741041408557, -21.198983063822936 ] ] ] } },
{ "type": "Feature", "properties": { "id_feicao": "fogo_2024_190", "ano": 2024.0, "mes": 9, "codigo_original": 3, "classe": "Formação Florestal", "cor": "#1f8d49", "area_ha": 0.16685505128911773 }, "geometry": { "type": "Polygon", "coordinates": [ [ [ -45.110968117215258, -21.198983063822951 ], [ -45.110968117215258, -21.199252558408169 ], [ -45.11150710638573, -21.199252558408176 ], [ -45.11150710638573, -21.19898306382294 ], [ -45.110968117215258, -21.198983063822951 ] ] ] } },
{ "type": "Feature", "properties": { "id_feicao": "fogo_2024_191", "ano": 2024.0, "mes": 9, "codigo_original": 3, "classe": "Formação Florestal", "cor": "#1f8d49", "area_ha": 9.0935968660844395 }, "geometry": { "type": "Polygon", "coordinates": [ [ [ -45.112585084726675, -21.198444074652468 ], [ -45.112585084726675, -21.198983063822936 ], [ -45.112315590141435, -21.198983063822936 ], [ -45.112315590141435, -21.199252558408173 ], [ -45.11150710638573, -21.199252558408176 ], [ -45.11150710638573, -21.199522052993409 ], [ -45.111776600970963, -21.199522052993419 ], [ -45.111776600970963, -21.200330536749124 ], [ -45.110968117215258, -21.200330536749117 ], [ -45.110968117215258, -21.201408515090062 ], [ -45.111237611800497, -21.201408515090069 ], [ -45.111237611800497, -21.201139020504826 ], [ -45.112854579311907, -21.201139020504826 ], [ -45.112854579311907, -21.200869525919593 ], [ -45.11339356848238, -21.20086952591959 ], [ -45.11339356848238, -21.200600031334353 ], [ -45.113663063067619, -21.200600031334357 ], [ -45.113663063067619, -21.200330536749121 ], [ -45.113932557652852, -21.200330536749121 ], [ -45.113932557652852, -21.199791547578645 ], [ -45.114202052238092, -21.199791547578645 ], [ -45.114202052238092, -21.19925255840818 ], [ -45.113932557652852, -21.199252558408176 ], [ -45.113932557652852, -21.1987135692377 ], [ -45.114471546823324, -21.198713569237704 ], [ -45.114471546823324, -21.198983063822944 ], [ -45.114741041408557, -21.198983063822936 ], [ -45.114741041408557, -21.198444074652475 ], [ -45.114471546823324, -21.198444074652464 ], [ -45.114471546823324, -21.197096601726294 ], [ -45.114741041408557, -21.197096601726283 ], [ -45.114741041408557, -21.196827107141058 ], [ -45.115280030579029, -21.196827107141054 ], [ -45.115280030579029, -21.196557612555814 ], [ -45.115010535993797, -21.196557612555811 ], [ -45.115010535993797, -21.196288117970585 ], [ -45.114741041408557, -21.196288117970582 ], [ -45.114741041408557, -21.196018623385346 ], [ -45.114471546823324, -21.196018623385338 ], [ -45.114471546823324, -21.194940645044394 ], [ -45.114202052238092, -21.194940645044401 ], [ -45.114202052238092, -21.198174580067235 ], [ -45.112315590141435, -21.198174580067231 ], [ -45.112315590141435, -21.198444074652475 ], [ -45.112585084726675, -21.198444074652468 ] ] ] } },
{ "type": "Feature", "properties": { "id_feicao": "fogo_2024_192", "ano": 2024.0, "mes": 9, "codigo_original": 3, "classe": "Formação Florestal", "cor": "#1f8d49", "area_ha": 0.16685624314971029 }, "geometry": { "type": "Polygon", "coordinates": [ [ [ -45.111237611800497, -21.197905085482002 ], [ -45.111237611800497, -21.198174580067228 ], [ -45.111776600970963, -21.198174580067228 ], [ -45.111776600970963, -21.197905085481992 ], [ -45.111237611800497, -21.197905085482002 ] ] ] } },
{ "type": "Feature", "properties": { "id_feicao": "fogo_2024_193", "ano": 2024.0, "mes": 9, "codigo_original": 3, "classe": "Formação Florestal", "cor": "#1f8d49", "area_ha": 0.7508643137330363 }, "geometry": { "type": "Polygon", "coordinates": [ [ [ -45.10962064428908, -21.196018623385342 ], [ -45.10962064428908, -21.196288117970578 ], [ -45.110159633459553, -21.196288117970575 ], [ -45.110159633459553, -21.195210139629644 ], [ -45.10962064428908, -21.195210139629637 ], [ -45.10962064428908, -21.195749128800102 ], [ -45.109351149703841, -21.195749128800102 ], [ -45.109351149703841, -21.196018623385342 ], [ -45.10962064428908, -21.196018623385342 ] ] ] } },
{ "type": "Feature", "properties": { "id_feicao": "fogo_2024_194", "ano": 2024.0, "mes": 9, "codigo_original": 3, "classe": "Formação Florestal", "cor": "#1f8d49", "area_ha": 0.08342118599546966 }, "geometry": { "type": "Polygon", "coordinates": [ [ [ -45.089947539566865, -21.210301836402849 ], [ -45.089947539566865, -21.210571330988081 ], [ -45.090217034152097, -21.210571330988081 ], [ -45.090217034152097, -21.210301836402852 ], [ -45.089947539566865, -21.210301836402849 ] ] ] } },
{ "type": "Feature", "properties": { "id_feicao": "fogo_2024_195", "ano": 2024.0, "mes": 9, "codigo_original": 3, "classe": "Formação Florestal", "cor": "#1f8d49", "area_ha": 0.083421173286806066 }, "geometry": { "type": "Polygon", "coordinates": [ [ [ -45.08671360454403, -21.210301836402849 ], [ -45.08671360454403, -21.210571330988085 ], [ -45.08698309912927, -21.210571330988074 ], [ -45.08698309912927, -21.210301836402845 ], [ -45.08671360454403, -21.210301836402849 ] ] ] } },
{ "type": "Feature", "properties": { "id_feicao": "fogo_2024_196", "ano": 2024.0, "mes": 9, "codigo_original": 3, "classe": "Formação Florestal", "cor": "#1f8d49", "area_ha": 0.083421171213115763 }, "geometry": { "type": "Polygon", "coordinates": [ [ [ -45.086174615373558, -21.210301836402852 ], [ -45.086174615373558, -21.210571330988074 ], [ -45.086444109958798, -21.210571330988078 ], [ -45.086444109958798, -21.210301836402842 ], [ -45.086174615373558, -21.210301836402852 ] ] ] } },
{ "type": "Feature", "properties": { "id_feicao": "fogo_2024_197", "ano": 2024.0, "mes": 9, "codigo_original": 3, "classe": "Formação Florestal", "cor": "#1f8d49", "area_ha": 0.083421786334165429 }, "geometry": { "type": "Polygon", "coordinates": [ [ [ -45.091295012493042, -21.209223858061897 ], [ -45.091295012493042, -21.209493352647137 ], [ -45.091564507078274, -21.20949335264714 ], [ -45.091564507078274, -21.2092238580619 ], [ -45.091295012493042, -21.209223858061897 ] ] ] } },
{ "type": "Feature", "properties": { "id_feicao": "fogo_2024_198", "ano": 2024.0, "mes": 9, "codigo_original": 3, "classe": "Formação Florestal", "cor": "#1f8d49", "area_ha": 0.75081248613881657 }, "geometry": { "type": "Polygon", "coordinates": [ [ [ -45.058955662264736, -21.205720428453837 ], [ -45.058955662264736, -21.206528912209546 ], [ -45.059494651435209, -21.206528912209549 ], [ -45.059494651435209, -21.205989923039077 ], [ -45.059225156849976, -21.205989923039077 ], [ -45.059225156849976, -21.205450933868608 ], [ -45.058955662264736, -21.205450933868605 ], [ -45.058955662264736, -21.205181439283365 ], [ -45.058686167679504, -21.205181439283361 ], [ -45.058686167679504, -21.205450933868601 ], [ -45.058416673094264, -21.205450933868605 ], [ -45.058416673094264, -21.205720428453834 ], [ -45.058955662264736, -21.205720428453837 ] ] ] } },
{ "type": "Feature", "properties": { "id_feicao": "fogo_2024_199", "ano": 2024.0, "mes": 9, "codigo_original": 3, "classe": "Formação Florestal", "cor": "#1f8d49", "area_ha": 0.083425567011088789 }, "geometry": { "type": "Polygon", "coordinates": [ [ [ -45.067040499821815, -21.20221699884577 ], [ -45.067040499821815, -21.202486493431007 ], [ -45.067309994407047, -21.202486493431007 ], [ -45.067309994407047, -21.20221699884577 ], [ -45.067040499821815, -21.20221699884577 ] ] ] } },
{ "type": "Feature", "properties": { "id_feicao": "fogo_2024_200", "ano": 2024.0, "mes": 9, "codigo_original": 3, "classe": "Formação Florestal", "cor": "#1f8d49", "area_ha": 1.0845676608809312 }, "geometry": { "type": "Polygon", "coordinates": [ [ [ -45.107195193021958, -21.198174580067228 ], [ -45.107195193021958, -21.197905085481995 ], [ -45.107464687607191, -21.197905085481992 ], [ -45.107464687607191, -21.197366096311526 ], [ -45.106656203851486, -21.197366096311523 ], [ -45.106656203851486, -21.197635590896763 ], [ -45.106386709266246, -21.197635590896759 ], [ -45.106386709266246, -21.197096601726283 ], [ -45.106117214681014, -21.197096601726283 ], [ -45.106117214681014, -21.197905085481992 ], [ -45.106386709266246, -21.197905085481992 ], [ -45.106386709266246, -21.198174580067228 ], [ -45.107195193021958, -21.198174580067228 ] ] ] } },
{ "type": "Feature", "properties": { "id_feicao": "fogo_2024_201", "ano": 2024.0, "mes": 9, "codigo_original": 3, "classe": "Formação Florestal", "cor": "#1f8d49", "area_ha": 0.083428548480049811 }, "geometry": { "type": "Polygon", "coordinates": [ [ [ -45.107464687607191, -21.197096601726287 ], [ -45.107464687607191, -21.197366096311526 ], [ -45.107734182192431, -21.197366096311526 ], [ -45.107734182192431, -21.197096601726294 ], [ -45.107464687607191, -21.197096601726287 ] ] ] } },
{ "type": "Feature", "properties": { "id_feicao": "fogo_2024_202", "ano": 2024.0, "mes": 9, "codigo_original": 4, "classe": "Formação Savânica", "cor": "#7dc975", "area_ha": 0.083329693912807853 }, "geometry": { "type": "Polygon", "coordinates": [ [ [ -45.095337431271581, -21.375502017152428 ], [ -45.095067936686341, -21.375502017152428 ], [ -45.095067936686341, -21.375771511737664 ], [ -45.095337431271581, -21.375771511737668 ], [ -45.095337431271581, -21.375502017152428 ] ] ] } },
{ "type": "Feature", "properties": { "id_feicao": "fogo_2024_203", "ano": 2024.0, "mes": 9, "codigo_original": 4, "classe": "Formação Savânica", "cor": "#7dc975", "area_ha": 0.16666084315013585 }, "geometry": { "type": "Polygon", "coordinates": [ [ [ -45.089678044981625, -21.374154544226247 ], [ -45.089678044981625, -21.374424038811487 ], [ -45.090217034152097, -21.37442403881149 ], [ -45.090217034152097, -21.374154544226247 ], [ -45.089678044981625, -21.374154544226247 ] ] ] } },
{ "type": "Feature", "properties": { "id_feicao": "fogo_2024_204", "ano": 2024.0, "mes": 9, "codigo_original": 4, "classe": "Formação Savânica", "cor": "#7dc975", "area_ha": 0.2499941131106013 }, "geometry": { "type": "Polygon", "coordinates": [ [ [ -45.084557647862141, -21.372807071300066 ], [ -45.084557647862141, -21.372268082129594 ], [ -45.084288153276908, -21.372268082129594 ], [ -45.084288153276908, -21.372537576714834 ], [ -45.084018658691676, -21.37253757671483 ], [ -45.084018658691676, -21.37280707130007 ], [ -45.084557647862141, -21.372807071300066 ] ] ] } },
{ "type": "Feature", "properties": { "id_feicao": "fogo_2024_205", "ano": 2024.0, "mes": 9, "codigo_original": 4, "classe": "Formação Savânica", "cor": "#7dc975", "area_ha": 0.083331597866325324 }, "geometry": { "type": "Polygon", "coordinates": [ [ [ -45.084018658691676, -21.371998587544361 ], [ -45.084018658691676, -21.372268082129594 ], [ -45.084288153276908, -21.372268082129594 ], [ -45.084288153276908, -21.371998587544354 ], [ -45.084018658691676, -21.371998587544361 ] ] ] } },
{ "type": "Feature", "properties": { "id_feicao": "fogo_2024_206", "ano": 2024.0, "mes": 9, "codigo_original": 4, "classe": "Formação Savânica", "cor": "#7dc975", "area_ha": 0.083331746687457006 }, "geometry": { "type": "Polygon", "coordinates": [ [ [ -45.083749164106436, -21.371729092959129 ], [ -45.083749164106436, -21.371998587544358 ], [ -45.084018658691676, -21.371998587544361 ], [ -45.084018658691676, -21.371729092959121 ], [ -45.083749164106436, -21.371729092959129 ] ] ] } },
{ "type": "Feature", "properties": { "id_feicao": "fogo_2024_207", "ano": 2024.0, "mes": 9, "codigo_original": 4, "classe": "Formação Savânica", "cor": "#7dc975", "area_ha": 0.16666379001746828 }, "geometry": { "type": "Polygon", "coordinates": [ [ [ -45.083210174935964, -21.371459598373885 ], [ -45.083210174935964, -21.371729092959125 ], [ -45.083749164106436, -21.371729092959129 ], [ -45.083749164106436, -21.371459598373896 ], [ -45.083210174935964, -21.371459598373885 ] ] ] } },
{ "type": "Feature", "properties": { "id_feicao": "fogo_2024_208", "ano": 2024.0, "mes": 9, "codigo_original": 4, "classe": "Formação Savânica", "cor": "#7dc975", "area_ha": 0.41666144705744956 }, "geometry": { "type": "Polygon", "coordinates": [ [ [ -45.082401691180259, -21.371190103788649 ], [ -45.082401691180259, -21.370651114618184 ], [ -45.081862702009786, -21.370651114618177 ], [ -45.081862702009786, -21.370920609203413 ], [ -45.081593207424547, -21.37092060920342 ], [ -45.081593207424547, -21.371190103788656 ], [ -45.082401691180259, -21.371190103788649 ] ] ] } },
{ "type": "Feature", "properties": { "id_feicao": "fogo_2024_209", "ano": 2024.0, "mes": 9, "codigo_original": 4, "classe": "Formação Savânica", "cor": "#7dc975", "area_ha": 0.083332487860120041 }, "geometry": { "type": "Polygon", "coordinates": [ [ [ -45.081593207424547, -21.370381620032937 ], [ -45.081593207424547, -21.370651114618184 ], [ -45.081862702009786, -21.370651114618177 ], [ -45.081862702009786, -21.370381620032937 ], [ -45.081593207424547, -21.370381620032937 ] ] ] } },
{ "type": "Feature", "properties": { "id_feicao": "fogo_2024_210", "ano": 2024.0, "mes": 9, "codigo_original": 4, "classe": "Formação Savânica", "cor": "#7dc975", "area_ha": 0.083334116798182326 }, "geometry": { "type": "Polygon", "coordinates": [ [ [ -45.076203315719837, -21.367417179595346 ], [ -45.076203315719837, -21.367686674180593 ], [ -45.07647281030507, -21.36768667418059 ], [ -45.07647281030507, -21.367417179595343 ], [ -45.076203315719837, -21.367417179595346 ] ] ] } },
{ "type": "Feature", "properties": { "id_feicao": "fogo_2024_211", "ano": 2024.0, "mes": 9, "codigo_original": 4, "classe": "Formação Savânica", "cor": "#7dc975", "area_ha": 0.083334269333067187 }, "geometry": { "type": "Polygon", "coordinates": [ [ [ -45.077011799475542, -21.36714768501011 ], [ -45.077011799475542, -21.367417179595346 ], [ -45.077281294060782, -21.367417179595346 ], [ -45.077281294060782, -21.367147685010114 ], [ -45.077011799475542, -21.36714768501011 ] ] ] } },
{ "type": "Feature", "properties": { "id_feicao": "fogo_2024_212", "ano": 2024.0, "mes": 9, "codigo_original": 4, "classe": "Formação Savânica", "cor": "#7dc975", "area_ha": 0.16666883548998476 }, "geometry": { "type": "Polygon", "coordinates": [ [ [ -45.07647281030507, -21.366878190424877 ], [ -45.07647281030507, -21.367147685010121 ], [ -45.077011799475542, -21.36714768501011 ], [ -45.077011799475542, -21.366878190424881 ], [ -45.07647281030507, -21.366878190424877 ] ] ] } },
{ "type": "Feature", "properties": { "id_feicao": "fogo_2024_213", "ano": 2024.0, "mes": 9, "codigo_original": 4, "classe": "Formação Savânica", "cor": "#7dc975", "area_ha": 0.083334566158882947 }, "geometry": { "type": "Polygon", "coordinates": [ [ [ -45.076203315719837, -21.366608695839641 ], [ -45.076203315719837, -21.366878190424881 ], [ -45.07647281030507, -21.366878190424877 ], [ -45.07647281030507, -21.366608695839648 ], [ -45.076203315719837, -21.366608695839641 ] ] ] } },
{ "type": "Feature", "properties": { "id_feicao": "fogo_2024_214", "ano": 2024.0, "mes": 9, "codigo_original": 4, "classe": "Formação Savânica", "cor": "#7dc975", "area_ha": 0.083382160125093446 }, "geometry": { "type": "Polygon", "coordinates": [ [ [ -45.039282557542521, -21.280639923149405 ], [ -45.039282557542521, -21.280909417734634 ], [ -45.039552052127753, -21.280909417734637 ], [ -45.039552052127753, -21.280639923149398 ], [ -45.039282557542521, -21.280639923149405 ] ] ] } },
{ "type": "Feature", "properties": { "id_feicao": "fogo_2024_215", "ano": 2024.0, "mes": 9, "codigo_original": 4, "classe": "Formação Savânica", "cor": "#7dc975", "area_ha": 0.16676462008704948 }, "geometry": { "type": "Polygon", "coordinates": [ [ [ -45.039552052127753, -21.280370428564162 ], [ -45.039552052127753, -21.280639923149398 ], [ -45.040091041298226, -21.280639923149408 ], [ -45.040091041298226, -21.280370428564158 ], [ -45.039552052127753, -21.280370428564162 ] ] ] } },
{ "type": "Feature", "properties": { "id_feicao": "fogo_2024_216", "ano": 2024.0, "mes": 9, "codigo_original": 4, "classe": "Formação Savânica", "cor": "#7dc975", "area_ha": 1.2507481459399434 }, "geometry": { "type": "Polygon", "coordinates": [ [ [ -45.041977503394882, -21.278753461052755 ], [ -45.041977503394882, -21.279022955637991 ], [ -45.042246997980115, -21.279022955637991 ], [ -45.042246997980115, -21.279831439393693 ], [ -45.042785987150587, -21.2798314393937 ], [ -45.042785987150587, -21.278214471882283 ], [ -45.042516492565348, -21.278214471882283 ], [ -45.042516492565348, -21.277944977297043 ], [ -45.041977503394882, -21.277944977297047 ], [ -45.041977503394882, -21.278214471882279 ], [ -45.042246997980115, -21.278214471882283 ], [ -45.042246997980115, -21.278753461052755 ], [ -45.041977503394882, -21.278753461052755 ] ] ] } },
{ "type": "Feature", "properties": { "id_feicao": "fogo_2024_217", "ano": 2024.0, "mes": 9, "codigo_original": 12, "classe": "Formação Campestre", "cor": "#d6bc74", "area_ha": 0.083428751251670472 }, "geometry": { "type": "Polygon", "coordinates": [ [ [ -45.118244471016624, -21.196827107141051 ], [ -45.118244471016624, -21.19709660172629 ], [ -45.118513965601863, -21.197096601726294 ], [ -45.118513965601863, -21.196827107141047 ], [ -45.118244471016624, -21.196827107141051 ] ] ] } },
{ "type": "Feature", "properties": { "id_feicao": "fogo_2024_218", "ano": 2024.0, "mes": 9, "codigo_original": 12, "classe": "Formação Campestre", "cor": "#d6bc74", "area_ha": 0.50057452088747389 }, "geometry": { "type": "Polygon", "coordinates": [ [ [ -45.118783460187096, -21.196288117970575 ], [ -45.118783460187096, -21.195749128800109 ], [ -45.118513965601863, -21.195749128800113 ], [ -45.118513965601863, -21.196827107141047 ], [ -45.119052954772336, -21.196827107141061 ], [ -45.119052954772336, -21.196288117970578 ], [ -45.118783460187096, -21.196288117970575 ] ] ] } },
{ "type": "Feature", "properties": { "id_feicao": "fogo_2024_219", "ano": 2024.0, "mes": 9, "codigo_original": 12, "classe": "Formação Campestre", "cor": "#d6bc74", "area_ha": 1.501730591397511 }, "geometry": { "type": "Polygon", "coordinates": [ [ [ -45.114471546823324, -21.195479634214873 ], [ -45.114471546823324, -21.196018623385338 ], [ -45.114741041408557, -21.196018623385346 ], [ -45.114741041408557, -21.196288117970582 ], [ -45.115010535993797, -21.196288117970585 ], [ -45.115010535993797, -21.196018623385338 ], [ -45.115280030579029, -21.196018623385338 ], [ -45.115280030579029, -21.195749128800109 ], [ -45.115549525164269, -21.195749128800102 ], [ -45.115549525164269, -21.196018623385342 ], [ -45.115819019749502, -21.196018623385346 ], [ -45.115819019749502, -21.195749128800109 ], [ -45.116358008919974, -21.195749128800109 ], [ -45.116358008919974, -21.194940645044404 ], [ -45.115819019749502, -21.194940645044394 ], [ -45.115819019749502, -21.195210139629637 ], [ -45.115280030579029, -21.195210139629641 ], [ -45.115280030579029, -21.195479634214866 ], [ -45.114471546823324, -21.195479634214873 ] ] ] } },
{ "type": "Feature", "properties": { "id_feicao": "fogo_2024_220", "ano": 2024.0, "mes": 9, "codigo_original": 12, "classe": "Formação Campestre", "cor": "#d6bc74", "area_ha": 0.16685913746673614 }, "geometry": { "type": "Polygon", "coordinates": [ [ [ -45.118244471016624, -21.195749128800106 ], [ -45.118513965601863, -21.195749128800113 ], [ -45.118513965601863, -21.195210139629637 ], [ -45.118244471016624, -21.195210139629637 ], [ -45.118244471016624, -21.195749128800106 ] ] ] } },
{ "type": "Feature", "properties": { "id_feicao": "fogo_2024_221", "ano": 2024.0, "mes": 9, "codigo_original": 12, "classe": "Formação Campestre", "cor": "#d6bc74", "area_ha": 0.16685942906588316 }, "geometry": { "type": "Polygon", "coordinates": [ [ [ -45.117705481846151, -21.195479634214873 ], [ -45.117974976431391, -21.19547963421487 ], [ -45.117974976431391, -21.194940645044394 ], [ -45.117705481846151, -21.194940645044397 ], [ -45.117705481846151, -21.195479634214873 ] ] ] } },
{ "type": "Feature", "properties": { "id_feicao": "fogo_2024_222", "ano": 2024.0, "mes": 9, "codigo_original": 12, "classe": "Formação Campestre", "cor": "#d6bc74", "area_ha": 0.083429938883201979 }, "geometry": { "type": "Polygon", "coordinates": [ [ [ -45.117974976431391, -21.194671150459168 ], [ -45.117974976431391, -21.194940645044394 ], [ -45.118244471016624, -21.194940645044401 ], [ -45.118244471016624, -21.194671150459165 ], [ -45.117974976431391, -21.194671150459168 ] ] ] } },
{ "type": "Feature", "properties": { "id_feicao": "fogo_2024_223", "ano": 2024.0, "mes": 9, "codigo_original": 12, "classe": "Formação Campestre", "cor": "#d6bc74", "area_ha": 0.16686032081005706 }, "geometry": { "type": "Polygon", "coordinates": [ [ [ -45.117705481846151, -21.194132161288692 ], [ -45.117705481846151, -21.194671150459158 ], [ -45.117974976431391, -21.194671150459168 ], [ -45.117974976431391, -21.194132161288692 ], [ -45.117705481846151, -21.194132161288692 ] ] ] } },
{ "type": "Feature", "properties": { "id_feicao": "fogo_2024_224", "ano": 2024.0, "mes": 9, "codigo_original": 12, "classe": "Formação Campestre", "cor": "#d6bc74", "area_ha": 0.083430381925728672 }, "geometry": { "type": "Polygon", "coordinates": [ [ [ -45.117435987260919, -21.193862666703456 ], [ -45.117435987260919, -21.194132161288692 ], [ -45.117705481846151, -21.194132161288692 ], [ -45.117705481846151, -21.19386266670346 ], [ -45.117435987260919, -21.193862666703456 ] ] ] } },
{ "type": "Feature", "properties": { "id_feicao": "fogo_2024_225", "ano": 2024.0, "mes": 9, "codigo_original": 12, "classe": "Formação Campestre", "cor": "#d6bc74", "area_ha": 0.083430677750613538 }, "geometry": { "type": "Polygon", "coordinates": [ [ [ -45.117166492675686, -21.19359317211822 ], [ -45.117435987260919, -21.19359317211822 ], [ -45.117435987260919, -21.193323677532991 ], [ -45.117166492675686, -21.193323677532984 ], [ -45.117166492675686, -21.19359317211822 ] ] ] } },
{ "type": "Feature", "properties": { "id_feicao": "fogo_2024_226", "ano": 2024.0, "mes": 9, "codigo_original": 12, "classe": "Formação Campestre", "cor": "#d6bc74", "area_ha": 0.25029824942089618 }, "geometry": { "type": "Polygon", "coordinates": [ [ [ -45.115549525164269, -21.190089742510157 ], [ -45.115819019749502, -21.19008974251016 ], [ -45.115819019749502, -21.189281258754455 ], [ -45.115549525164269, -21.189281258754445 ], [ -45.115549525164269, -21.190089742510157 ] ] ] } },
{ "type": "Feature", "properties": { "id_feicao": "fogo_2024_227", "ano": 2024.0, "mes": 9, "codigo_original": 12, "classe": "Formação Campestre", "cor": "#d6bc74", "area_ha": 2.1665743492322314 }, "geometry": { "type": "Polygon", "coordinates": [ [ [ -45.096415409612518, -21.376310500908136 ], [ -45.096415409612518, -21.374963027981956 ], [ -45.096145915027286, -21.374963027981956 ], [ -45.096145915027286, -21.374693533396719 ], [ -45.095067936686341, -21.374693533396723 ], [ -45.095067936686341, -21.375502017152428 ], [ -45.095337431271581, -21.375502017152428 ], [ -45.095337431271581, -21.376310500908133 ], [ -45.096415409612518, -21.376310500908136 ] ] ] } },
{ "type": "Feature", "properties": { "id_feicao": "fogo_2024_228", "ano": 2024.0, "mes": 9, "codigo_original": 12, "classe": "Formação Campestre", "cor": "#d6bc74", "area_ha": 10.666316595668956 }, "geometry": { "type": "Polygon", "coordinates": [ [ [ -45.087252593714503, -21.373346060470535 ], [ -45.087252593714503, -21.374693533396719 ], [ -45.089947539566865, -21.374693533396719 ], [ -45.089947539566865, -21.37442403881148 ], [ -45.089678044981625, -21.374424038811487 ], [ -45.089678044981625, -21.374154544226247 ], [ -45.090217034152097, -21.374154544226247 ], [ -45.090217034152097, -21.37442403881149 ], [ -45.091025517907802, -21.37442403881148 ], [ -45.091025517907802, -21.373615555055775 ], [ -45.093720463760164, -21.373615555055778 ], [ -45.093720463760164, -21.372537576714826 ], [ -45.089139055811152, -21.372537576714834 ], [ -45.089139055811152, -21.373076565885302 ], [ -45.088330572055447, -21.373076565885302 ], [ -45.088330572055447, -21.373346060470542 ], [ -45.087252593714503, -21.373346060470535 ] ] ] } },
{ "type": "Feature", "properties": { "id_feicao": "fogo_2024_229", "ano": 2024.0, "mes": 9, "codigo_original": 12, "classe": "Formação Campestre", "cor": "#d6bc74", "area_ha": 0.58332012843993597 }, "geometry": { "type": "Polygon", "coordinates": [ [ [ -45.084288153276908, -21.372537576714834 ], [ -45.084288153276908, -21.372268082129594 ], [ -45.084018658691676, -21.372268082129594 ], [ -45.084018658691676, -21.371998587544361 ], [ -45.083479669521203, -21.371998587544354 ], [ -45.083479669521203, -21.372807071300073 ], [ -45.084018658691676, -21.37280707130007 ], [ -45.084018658691676, -21.37253757671483 ], [ -45.084288153276908, -21.372537576714834 ] ] ] } },
{ "type": "Feature", "properties": { "id_feicao": "fogo_2024_230", "ano": 2024.0, "mes": 9, "codigo_original": 12, "classe": "Formação Campestre", "cor": "#d6bc74", "area_ha": 9.6666264009933922 }, "geometry": { "type": "Polygon", "coordinates": [ [ [ -45.082401691180259, -21.371190103788649 ], [ -45.083210174935964, -21.371190103788649 ], [ -45.083210174935964, -21.371459598373885 ], [ -45.083749164106436, -21.371459598373896 ], [ -45.083749164106436, -21.371729092959129 ], [ -45.084018658691676, -21.371729092959121 ], [ -45.084018658691676, -21.371998587544361 ], [ -45.084288153276908, -21.371998587544354 ], [ -45.084288153276908, -21.372268082129594 ], [ -45.084557647862141, -21.372268082129594 ], [ -45.084557647862141, -21.372807071300066 ], [ -45.085096637032613, -21.372807071300066 ], [ -45.085096637032613, -21.371190103788646 ], [ -45.084827142447381, -21.371190103788649 ], [ -45.084827142447381, -21.370920609203424 ], [ -45.084288153276908, -21.37092060920342 ], [ -45.084288153276908, -21.370651114618177 ], [ -45.082940680350731, -21.370651114618177 ], [ -45.082940680350731, -21.367956168765815 ], [ -45.083479669521203, -21.367956168765829 ], [ -45.083479669521203, -21.366878190424885 ], [ -45.081593207424547, -21.366878190424885 ], [ -45.081593207424547, -21.370381620032937 ], [ -45.081862702009786, -21.370381620032937 ], [ -45.081862702009786, -21.370651114618177 ], [ -45.082401691180259, -21.370651114618184 ], [ -45.082401691180259, -21.371190103788649 ] ] ] } },
{ "type": "Feature", "properties": { "id_feicao": "fogo_2024_231", "ano": 2024.0, "mes": 9, "codigo_original": 12, "classe": "Formação Campestre", "cor": "#d6bc74", "area_ha": 26.833515613768576 }, "geometry": { "type": "Polygon", "coordinates": [ [ [ -45.104230752584364, -21.366608695839648 ], [ -45.104230752584364, -21.366878190424877 ], [ -45.103691763413892, -21.366878190424877 ], [ -45.103691763413892, -21.368225663351062 ], [ -45.103152774243419, -21.368225663351062 ], [ -45.103152774243419, -21.368495157936295 ], [ -45.102613785072947, -21.368495157936291 ], [ -45.102613785072947, -21.369573136277236 ], [ -45.100727322976297, -21.369573136277236 ], [ -45.100727322976297, -21.369842630862475 ], [ -45.100457828391058, -21.369842630862475 ], [ -45.100457828391058, -21.37065111461818 ], [ -45.102074795902475, -21.370651114618187 ], [ -45.102074795902475, -21.370112125447704 ], [ -45.103691763413892, -21.370112125447704 ], [ -45.103691763413892, -21.369842630862472 ], [ -45.103422268828652, -21.369842630862468 ], [ -45.103422268828652, -21.369573136277236 ], [ -45.107195193021958, -21.369573136277232 ], [ -45.107195193021958, -21.369034147106767 ], [ -45.109351149703841, -21.369034147106767 ], [ -45.109351149703841, -21.368764652521527 ], [ -45.109890138874313, -21.368764652521527 ], [ -45.109890138874313, -21.368225663351055 ], [ -45.110968117215258, -21.368225663351062 ], [ -45.110968117215258, -21.367956168765819 ], [ -45.112315590141435, -21.367956168765822 ], [ -45.112315590141435, -21.366339201254405 ], [ -45.110429128044785, -21.366339201254416 ], [ -45.110429128044785, -21.366608695839641 ], [ -45.109081655118608, -21.366608695839645 ], [ -45.109081655118608, -21.366878190424877 ], [ -45.105308730925309, -21.366878190424877 ], [ -45.105308730925309, -21.366608695839645 ], [ -45.104230752584364, -21.366608695839648 ] ], [ [ -45.103152774243419, -21.369573136277232 ], [ -45.103152774243419, -21.369303641692003 ], [ -45.103422268828652, -21.36930364169201 ], [ -45.103422268828652, -21.369573136277236 ], [ -45.103152774243419, -21.369573136277232 ] ] ] } },
{ "type": "Feature", "properties": { "id_feicao": "fogo_2024_232", "ano": 2024.0, "mes": 9, "codigo_original": 12, "classe": "Formação Campestre", "cor": "#d6bc74", "area_ha": 0.58333977567102302 }, "geometry": { "type": "Polygon", "coordinates": [ [ [ -45.077281294060782, -21.367686674180593 ], [ -45.077281294060782, -21.367417179595346 ], [ -45.077011799475542, -21.367417179595346 ], [ -45.077011799475542, -21.36714768501011 ], [ -45.07647281030507, -21.367147685010121 ], [ -45.07647281030507, -21.366878190424877 ], [ -45.076203315719837, -21.366878190424881 ], [ -45.076203315719837, -21.367417179595346 ], [ -45.07647281030507, -21.367417179595343 ], [ -45.07647281030507, -21.36768667418059 ], [ -45.077281294060782, -21.367686674180593 ] ] ] } },
{ "type": "Feature", "properties": { "id_feicao": "fogo_2024_233", "ano": 2024.0, "mes": 9, "codigo_original": 12, "classe": "Formação Campestre", "cor": "#d6bc74", "area_ha": 0.083334715943503127 }, "geometry": { "type": "Polygon", "coordinates": [ [ [ -45.076203315719837, -21.366339201254405 ], [ -45.076203315719837, -21.366608695839641 ], [ -45.07647281030507, -21.366608695839648 ], [ -45.07647281030507, -21.366339201254412 ], [ -45.076203315719837, -21.366339201254405 ] ] ] } },
{ "type": "Feature", "properties": { "id_feicao": "fogo_2024_234", "ano": 2024.0, "mes": 9, "codigo_original": 12, "classe": "Formação Campestre", "cor": "#d6bc74", "area_ha": 1.5836753377098476 }, "geometry": { "type": "Polygon", "coordinates": [ [ [ -44.989156564688649, -21.336425302293229 ], [ -44.989156564688649, -21.336155807707993 ], [ -44.988348080932944, -21.336155807707982 ], [ -44.988348080932944, -21.335886313122749 ], [ -44.987809091762472, -21.33588631312276 ], [ -44.987809091762472, -21.336964291463701 ], [ -44.989426059273889, -21.336964291463701 ], [ -44.989426059273889, -21.336425302293229 ], [ -44.989156564688649, -21.336425302293229 ] ] ] } },
{ "type": "Feature", "properties": { "id_feicao": "fogo_2024_235", "ano": 2024.0, "mes": 9, "codigo_original": 12, "classe": "Formação Campestre", "cor": "#d6bc74", "area_ha": 5.6700664129130542 }, "geometry": { "type": "Polygon", "coordinates": [ [ [ -45.038474073786816, -21.279022955637991 ], [ -45.039282557542521, -21.279022955637991 ], [ -45.039282557542521, -21.278753461052752 ], [ -45.040091041298226, -21.278753461052755 ], [ -45.040091041298226, -21.279022955637991 ], [ -45.040360535883465, -21.279022955637988 ], [ -45.040360535883465, -21.279292450223224 ], [ -45.040630030468698, -21.279292450223224 ], [ -45.040630030468698, -21.279561944808471 ], [ -45.04116901963917, -21.279561944808464 ], [ -45.04116901963917, -21.279831439393703 ], [ -45.041708008809643, -21.2798314393937 ], [ -45.041708008809643, -21.279561944808464 ], [ -45.041977503394882, -21.279561944808464 ], [ -45.041977503394882, -21.278753461052755 ], [ -45.042246997980115, -21.278753461052755 ], [ -45.042246997980115, -21.278214471882283 ], [ -45.041708008809643, -21.278214471882283 ], [ -45.041708008809643, -21.277944977297043 ], [ -45.04143851422441, -21.277944977297047 ], [ -45.04143851422441, -21.277675482711807 ], [ -45.039552052127753, -21.277675482711807 ], [ -45.039552052127753, -21.27794497729705 ], [ -45.039013062957281, -21.277944977297047 ], [ -45.039013062957281, -21.278214471882283 ], [ -45.038474073786816, -21.278214471882286 ], [ -45.038474073786816, -21.279022955637991 ] ] ] } },
{ "type": "Feature", "properties": { "id_feicao": "fogo_2024_236", "ano": 2024.0, "mes": 9, "codigo_original": 12, "classe": "Formação Campestre", "cor": "#d6bc74", "area_ha": 0.25026023948751391 }, "geometry": { "type": "Polygon", "coordinates": [ [ [ -45.071621907770826, -21.212457793084727 ], [ -45.072430391526531, -21.212457793084738 ], [ -45.072430391526531, -21.212188298499498 ], [ -45.071621907770826, -21.212188298499498 ], [ -45.071621907770826, -21.212457793084727 ] ] ] } },
{ "type": "Feature", "properties": { "id_feicao": "fogo_2024_237", "ano": 2024.0, "mes": 9, "codigo_original": 15, "classe": "Pastagem", "cor": "#edde8e", "area_ha": 0.41666464098412542 }, "geometry": { "type": "Polygon", "coordinates": [ [ [ -45.104230752584364, -21.369573136277229 ], [ -45.103422268828652, -21.369573136277236 ], [ -45.103422268828652, -21.369842630862468 ], [ -45.103691763413892, -21.369842630862472 ], [ -45.103691763413892, -21.370112125447704 ], [ -45.104230752584364, -21.370112125447712 ], [ -45.104230752584364, -21.369573136277229 ] ] ] } },
{ "type": "Feature", "properties": { "id_feicao": "fogo_2024_238", "ano": 2024.0, "mes": 9, "codigo_original": 15, "classe": "Pastagem", "cor": "#edde8e", "area_ha": 0.083333175406620746 }, "geometry": { "type": "Polygon", "coordinates": [ [ [ -45.103422268828652, -21.369573136277236 ], [ -45.103422268828652, -21.36930364169201 ], [ -45.103152774243419, -21.369303641692003 ], [ -45.103152774243419, -21.369573136277232 ], [ -45.103422268828652, -21.369573136277236 ] ] ] } },
{ "type": "Feature", "properties": { "id_feicao": "fogo_2024_239", "ano": 2024.0, "mes": 9, "codigo_original": 15, "classe": "Pastagem", "cor": "#edde8e", "area_ha": 0.16666792434148212 }, "geometry": { "type": "Polygon", "coordinates": [ [ [ -45.11150710638573, -21.368225663351058 ], [ -45.11150710638573, -21.367956168765826 ], [ -45.110968117215258, -21.367956168765819 ], [ -45.110968117215258, -21.368225663351062 ], [ -45.11150710638573, -21.368225663351058 ] ] ] } },
{ "type": "Feature", "properties": { "id_feicao": "fogo_2024_240", "ano": 2024.0, "mes": 9, "codigo_original": 15, "classe": "Pastagem", "cor": "#edde8e", "area_ha": 0.81389851376076328 }, "geometry": { "type": "Polygon", "coordinates": [ [ [ -45.131449705693186, -21.348283064043603 ], [ -45.131449705693186, -21.348013569458377 ], [ -45.131142300111421, -21.34801356967025 ], [ -45.131145, -21.348035 ], [ -45.131164, -21.348288 ], [ -45.131194999999899, -21.348565 ], [ -45.13125, -21.348911 ], [ -45.131293, -21.349222999999892 ], [ -45.131312, -21.349488 ], [ -45.131351886912526, -21.349630537157459 ], [ -45.131719200278418, -21.349630536969784 ], [ -45.131719200278418, -21.348283064043603 ], [ -45.131449705693186, -21.348283064043603 ] ] ] } },
{ "type": "Feature", "properties": { "id_feicao": "fogo_2024_241", "ano": 2024.0, "mes": 9, "codigo_original": 15, "classe": "Pastagem", "cor": "#edde8e", "area_ha": 10.838482551979256 }, "geometry": { "type": "Polygon", "coordinates": [ [ [ -45.098032377123936, -21.29734858743403 ], [ -45.098032377123936, -21.299235049530683 ], [ -45.098840860879648, -21.299235049530676 ], [ -45.098840860879648, -21.300043533286395 ], [ -45.100188333805825, -21.300043533286388 ], [ -45.100188333805825, -21.298696060360204 ], [ -45.100457828391058, -21.298696060360204 ], [ -45.100457828391058, -21.295731619922613 ], [ -45.098840860879648, -21.295731619922606 ], [ -45.098840860879648, -21.296001114507849 ], [ -45.098301871709175, -21.296001114507842 ], [ -45.098301871709175, -21.296270609093085 ], [ -45.097762882538703, -21.296270609093085 ], [ -45.097762882538703, -21.297348587434026 ], [ -45.098032377123936, -21.29734858743403 ] ] ] } },
{ "type": "Feature", "properties": { "id_feicao": "fogo_2024_242", "ano": 2024.0, "mes": 9, "codigo_original": 15, "classe": "Pastagem", "cor": "#edde8e", "area_ha": 1.0844642027414535 }, "geometry": { "type": "Polygon", "coordinates": [ [ [ -45.071352413185586, -21.211379814743786 ], [ -45.071352413185586, -21.212457793084731 ], [ -45.071621907770826, -21.212457793084727 ], [ -45.071621907770826, -21.212188298499498 ], [ -45.072430391526531, -21.212188298499498 ], [ -45.072430391526531, -21.211379814743793 ], [ -45.071352413185586, -21.211379814743786 ] ] ] } },
{ "type": "Feature", "properties": { "id_feicao": "fogo_2024_243", "ano": 2024.0, "mes": 9, "codigo_original": 15, "classe": "Pastagem", "cor": "#edde8e", "area_ha": 0.083421779827266757 }, "geometry": { "type": "Polygon", "coordinates": [ [ [ -45.089947539566865, -21.209493352647144 ], [ -45.089947539566865, -21.209223858061904 ], [ -45.089678044981625, -21.209223858061897 ], [ -45.089678044981625, -21.209493352647144 ], [ -45.089947539566865, -21.209493352647144 ] ] ] } },
{ "type": "Feature", "properties": { "id_feicao": "fogo_2024_244", "ano": 2024.0, "mes": 9, "codigo_original": 15, "classe": "Pastagem", "cor": "#edde8e", "area_ha": 0.083421931784478778 }, "geometry": { "type": "Polygon", "coordinates": [ [ [ -45.090756023322569, -21.209223858061904 ], [ -45.090756023322569, -21.208954363476664 ], [ -45.09048652873733, -21.208954363476671 ], [ -45.09048652873733, -21.209223858061907 ], [ -45.090756023322569, -21.209223858061904 ] ] ] } },
{ "type": "Feature", "properties": { "id_feicao": "fogo_2024_245", "ano": 2024.0, "mes": 9, "codigo_original": 15, "classe": "Pastagem", "cor": "#edde8e", "area_ha": 3.0866603878068211 }, "geometry": { "type": "Polygon", "coordinates": [ [ [ -45.06596252148087, -21.206259417624313 ], [ -45.065423532310398, -21.206259417624306 ], [ -45.065423532310398, -21.206528912209549 ], [ -45.065693026895637, -21.206528912209546 ], [ -45.065693026895637, -21.207606890550483 ], [ -45.066501510651342, -21.20760689055048 ], [ -45.066501510651342, -21.207876385135719 ], [ -45.067040499821815, -21.207876385135719 ], [ -45.067040499821815, -21.207337395965251 ], [ -45.066501510651342, -21.207337395965258 ], [ -45.066501510651342, -21.207067901380022 ], [ -45.067040499821815, -21.207067901380025 ], [ -45.067040499821815, -21.206798406794782 ], [ -45.066771005236575, -21.206798406794778 ], [ -45.066771005236575, -21.206528912209549 ], [ -45.067040499821815, -21.206528912209549 ], [ -45.067040499821815, -21.205450933868605 ], [ -45.066501510651342, -21.205450933868601 ], [ -45.066501510651342, -21.205720428453834 ], [ -45.066232016066103, -21.205720428453834 ], [ -45.066232016066103, -21.205450933868601 ], [ -45.065423532310398, -21.205450933868597 ], [ -45.065423532310398, -21.205989923039066 ], [ -45.06596252148087, -21.205989923039077 ], [ -45.06596252148087, -21.206259417624313 ] ], [ [ -45.066501510651342, -21.206528912209549 ], [ -45.066501510651342, -21.20625941762431 ], [ -45.066771005236575, -21.206259417624313 ], [ -45.066771005236575, -21.206528912209549 ], [ -45.066501510651342, -21.206528912209549 ] ], [ [ -45.066501510651342, -21.206798406794775 ], [ -45.06596252148087, -21.206798406794775 ], [ -45.06596252148087, -21.206528912209549 ], [ -45.066501510651342, -21.206528912209549 ], [ -45.066501510651342, -21.206798406794775 ] ] ] } },
{ "type": "Feature", "properties": { "id_feicao": "fogo_2024_246", "ano": 2024.0, "mes": 9, "codigo_original": 15, "classe": "Pastagem", "cor": "#edde8e", "area_ha": 0.083423479846985851 }, "geometry": { "type": "Polygon", "coordinates": [ [ [ -45.065423532310398, -21.206259417624306 ], [ -45.065423532310398, -21.205989923039066 ], [ -45.065154037725165, -21.205989923039073 ], [ -45.065154037725165, -21.206259417624313 ], [ -45.065423532310398, -21.206259417624306 ] ] ] } },
{ "type": "Feature", "properties": { "id_feicao": "fogo_2024_247", "ano": 2024.0, "mes": 9, "codigo_original": 15, "classe": "Pastagem", "cor": "#edde8e", "area_ha": 0.75081193053313378 }, "geometry": { "type": "Polygon", "coordinates": [ [ [ -45.063806564798981, -21.205450933868605 ], [ -45.063806564798981, -21.20625941762431 ], [ -45.063537070213748, -21.20625941762431 ], [ -45.063537070213748, -21.206528912209549 ], [ -45.064345553969453, -21.206528912209549 ], [ -45.064345553969453, -21.205450933868605 ], [ -45.063806564798981, -21.205450933868605 ] ] ] } },
{ "type": "Feature", "properties": { "id_feicao": "fogo_2024_248", "ano": 2024.0, "mes": 9, "codigo_original": 15, "classe": "Pastagem", "cor": "#edde8e", "area_ha": 1.9187400012523168 }, "geometry": { "type": "Polygon", "coordinates": [ [ [ -45.061111618946626, -21.205989923039063 ], [ -45.061111618946626, -21.206259417624317 ], [ -45.060842124361386, -21.206259417624313 ], [ -45.060842124361386, -21.206528912209549 ], [ -45.060572629776154, -21.206528912209549 ], [ -45.060572629776154, -21.206798406794782 ], [ -45.061111618946626, -21.206798406794785 ], [ -45.061111618946626, -21.206528912209546 ], [ -45.061920102702331, -21.206528912209549 ], [ -45.061920102702331, -21.20625941762431 ], [ -45.062189597287571, -21.206259417624306 ], [ -45.062189597287571, -21.206528912209549 ], [ -45.062459091872803, -21.206528912209549 ], [ -45.062459091872803, -21.206259417624306 ], [ -45.062728586458043, -21.206259417624313 ], [ -45.062728586458043, -21.206528912209549 ], [ -45.062998081043276, -21.206528912209549 ], [ -45.062998081043276, -21.205720428453841 ], [ -45.063267575628508, -21.205720428453841 ], [ -45.063267575628508, -21.2046424501129 ], [ -45.062728586458043, -21.204642450112893 ], [ -45.062728586458043, -21.204911944698132 ], [ -45.062998081043276, -21.204911944698132 ], [ -45.062998081043276, -21.205181439283365 ], [ -45.062728586458043, -21.205181439283358 ], [ -45.062728586458043, -21.205989923039066 ], [ -45.061111618946626, -21.205989923039063 ] ] ] } },
{ "type": "Feature", "properties": { "id_feicao": "fogo_2024_249", "ano": 2024.0, "mes": 9, "codigo_original": 15, "classe": "Pastagem", "cor": "#edde8e", "area_ha": 0.16684785109883324 }, "geometry": { "type": "Polygon", "coordinates": [ [ [ -45.065423532310398, -21.205450933868597 ], [ -45.065423532310398, -21.205181439283361 ], [ -45.064884543139925, -21.205181439283361 ], [ -45.064884543139925, -21.205450933868605 ], [ -45.065423532310398, -21.205450933868597 ] ] ] } },
{ "type": "Feature", "properties": { "id_feicao": "fogo_2024_250", "ano": 2024.0, "mes": 9, "codigo_original": 15, "classe": "Pastagem", "cor": "#edde8e", "area_ha": 0.083424075411745749 }, "geometry": { "type": "Polygon", "coordinates": [ [ [ -45.065693026895637, -21.205181439283358 ], [ -45.065693026895637, -21.204911944698129 ], [ -45.065423532310398, -21.204911944698132 ], [ -45.065423532310398, -21.205181439283361 ], [ -45.065693026895637, -21.205181439283358 ] ] ] } },
{ "type": "Feature", "properties": { "id_feicao": "fogo_2024_251", "ano": 2024.0, "mes": 9, "codigo_original": 15, "classe": "Pastagem", "cor": "#edde8e", "area_ha": 0.16684859533014001 }, "geometry": { "type": "Polygon", "coordinates": [ [ [ -45.065423532310398, -21.204911944698132 ], [ -45.065423532310398, -21.20437295552766 ], [ -45.065154037725165, -21.20437295552766 ], [ -45.065154037725165, -21.204911944698125 ], [ -45.065423532310398, -21.204911944698132 ] ] ] } },
{ "type": "Feature", "properties": { "id_feicao": "fogo_2024_252", "ano": 2024.0, "mes": 9, "codigo_original": 15, "classe": "Pastagem", "cor": "#edde8e", "area_ha": 0.16684859221585963 }, "geometry": { "type": "Polygon", "coordinates": [ [ [ -45.064884543139925, -21.204911944698129 ], [ -45.064884543139925, -21.204372955527663 ], [ -45.064615048554693, -21.204372955527667 ], [ -45.064615048554693, -21.204911944698132 ], [ -45.064884543139925, -21.204911944698129 ] ] ] } },
{ "type": "Feature", "properties": { "id_feicao": "fogo_2024_253", "ano": 2024.0, "mes": 9, "codigo_original": 15, "classe": "Pastagem", "cor": "#edde8e", "area_ha": 1.0010926271503799 }, "geometry": { "type": "Polygon", "coordinates": [ [ [ -45.064615048554693, -21.204372955527667 ], [ -45.064615048554693, -21.204103460942424 ], [ -45.063537070213748, -21.204103460942427 ], [ -45.063537070213748, -21.203833966357188 ], [ -45.063267575628508, -21.203833966357184 ], [ -45.063267575628508, -21.2046424501129 ], [ -45.063806564798981, -21.2046424501129 ], [ -45.063806564798981, -21.204911944698132 ], [ -45.064345553969453, -21.204911944698132 ], [ -45.064345553969453, -21.204372955527656 ], [ -45.064615048554693, -21.204372955527667 ] ] ] } },
{ "type": "Feature", "properties": { "id_feicao": "fogo_2024_254", "ano": 2024.0, "mes": 9, "codigo_original": 15, "classe": "Pastagem", "cor": "#edde8e", "area_ha": 9.1767493183699376 }, "geometry": { "type": "Polygon", "coordinates": [ [ [ -45.066232016066103, -21.20221699884577 ], [ -45.065693026895637, -21.20221699884577 ], [ -45.065693026895637, -21.202486493431007 ], [ -45.065154037725165, -21.20248649343101 ], [ -45.065154037725165, -21.203025482601479 ], [ -45.064884543139925, -21.203025482601475 ], [ -45.064884543139925, -21.202755988016236 ], [ -45.064615048554693, -21.202755988016243 ], [ -45.064615048554693, -21.203025482601479 ], [ -45.064345553969453, -21.203025482601479 ], [ -45.064345553969453, -21.203294977186715 ], [ -45.065154037725165, -21.203294977186722 ], [ -45.065154037725165, -21.203564471771951 ], [ -45.06596252148087, -21.203564471771951 ], [ -45.06596252148087, -21.203294977186719 ], [ -45.066232016066103, -21.203294977186715 ], [ -45.066232016066103, -21.204103460942424 ], [ -45.065423532310398, -21.204103460942424 ], [ -45.065423532310398, -21.20437295552766 ], [ -45.065693026895637, -21.20437295552766 ], [ -45.065693026895637, -21.204642450112893 ], [ -45.066232016066103, -21.204642450112896 ], [ -45.066232016066103, -21.204911944698132 ], [ -45.06596252148087, -21.204911944698125 ], [ -45.06596252148087, -21.205181439283365 ], [ -45.066232016066103, -21.205181439283365 ], [ -45.066232016066103, -21.205450933868601 ], [ -45.066501510651342, -21.205450933868601 ], [ -45.066501510651342, -21.205181439283365 ], [ -45.066771005236575, -21.205181439283368 ], [ -45.066771005236575, -21.204911944698129 ], [ -45.067040499821815, -21.204911944698132 ], [ -45.067040499821815, -21.20437295552766 ], [ -45.068657467333232, -21.20437295552766 ], [ -45.068657467333232, -21.204103460942424 ], [ -45.068387972747992, -21.204103460942427 ], [ -45.068387972747992, -21.203833966357184 ], [ -45.068926961918464, -21.20383396635718 ], [ -45.068926961918464, -21.203564471771958 ], [ -45.068657467333232, -21.203564471771951 ], [ -45.068657467333232, -21.203294977186715 ], [ -45.068926961918464, -21.203294977186719 ], [ -45.068926961918464, -21.203025482601479 ], [ -45.069465951088937, -21.203025482601475 ], [ -45.069465951088937, -21.202486493431003 ], [ -45.068926961918464, -21.20248649343101 ], [ -45.068926961918464, -21.202216998845774 ], [ -45.067579488992287, -21.202216998845767 ], [ -45.067579488992287, -21.202486493431007 ], [ -45.067040499821815, -21.202486493431007 ], [ -45.067040499821815, -21.20221699884577 ], [ -45.066501510651342, -21.20221699884577 ], [ -45.066501510651342, -21.202486493431007 ], [ -45.066232016066103, -21.202486493431 ], [ -45.066232016066103, -21.20221699884577 ] ], [ [ -45.065693026895637, -21.203025482601479 ], [ -45.065693026895637, -21.203294977186715 ], [ -45.065423532310398, -21.203294977186712 ], [ -45.065423532310398, -21.202755988016243 ], [ -45.06596252148087, -21.202755988016243 ], [ -45.06596252148087, -21.203025482601479 ], [ -45.065693026895637, -21.203025482601479 ] ] ] } },
{ "type": "Feature", "properties": { "id_feicao": "fogo_2024_255", "ano": 2024.0, "mes": 9, "codigo_original": 15, "classe": "Pastagem", "cor": "#edde8e", "area_ha": 0.41712407485845943 }, "geometry": { "type": "Polygon", "coordinates": [ [ [ -45.064884543139925, -21.203833966357188 ], [ -45.064884543139925, -21.203564471771944 ], [ -45.063537070213748, -21.203564471771951 ], [ -45.063537070213748, -21.203833966357188 ], [ -45.064884543139925, -21.203833966357188 ] ] ] } },
{ "type": "Feature", "properties": { "id_feicao": "fogo_2024_256", "ano": 2024.0, "mes": 9, "codigo_original": 15, "classe": "Pastagem", "cor": "#edde8e", "area_ha": 188.29366664479065 }, "geometry": { "type": "Polygon", "coordinates": [ [ [ -45.114741041408557, -21.190898226265862 ], [ -45.115010535993797, -21.190898226265865 ], [ -45.115010535993797, -21.191437215436331 ], [ -45.114202052238092, -21.191437215436338 ], [ -45.114202052238092, -21.191976204606807 ], [ -45.108812160533368, -21.19197620460681 ], [ -45.108812160533368, -21.190898226265865 ], [ -45.107464687607191, -21.190898226265862 ], [ -45.107464687607191, -21.19197620460681 ], [ -45.108273171362903, -21.191976204606803 ], [ -45.108273171362903, -21.194671150459158 ], [ -45.107195193021958, -21.194671150459161 ], [ -45.107195193021958, -21.194940645044394 ], [ -45.106386709266246, -21.194940645044397 ], [ -45.106386709266246, -21.195479634214877 ], [ -45.105578225510541, -21.195479634214873 ], [ -45.105578225510541, -21.197366096311523 ], [ -45.106117214681014, -21.197366096311526 ], [ -45.106117214681014, -21.197096601726283 ], [ -45.106386709266246, -21.197096601726283 ], [ -45.106386709266246, -21.197635590896759 ], [ -45.106656203851486, -21.197635590896763 ], [ -45.106656203851486, -21.197366096311523 ], [ -45.107464687607191, -21.197366096311526 ], [ -45.107464687607191, -21.197905085481992 ], [ -45.107195193021958, -21.197905085481995 ], [ -45.107195193021958, -21.198174580067228 ], [ -45.106386709266246, -21.198174580067228 ], [ -45.106386709266246, -21.197905085481992 ], [ -45.105578225510541, -21.197905085481992 ], [ -45.105578225510541, -21.199522052993412 ], [ -45.105308730925309, -21.199522052993409 ], [ -45.105308730925309, -21.200600031334357 ], [ -45.105578225510541, -21.200600031334361 ], [ -45.105578225510541, -21.201408515090058 ], [ -45.107195193021958, -21.201408515090062 ], [ -45.107195193021958, -21.205720428453841 ], [ -45.106656203851486, -21.205720428453841 ], [ -45.106656203851486, -21.205989923039066 ], [ -45.106117214681014, -21.205989923039077 ], [ -45.106117214681014, -21.206259417624306 ], [ -45.105578225510541, -21.206259417624313 ], [ -45.105578225510541, -21.207337395965254 ], [ -45.105847720095774, -21.207337395965258 ], [ -45.105847720095774, -21.208684868891432 ], [ -45.106117214681014, -21.208684868891424 ], [ -45.106117214681014, -21.210301836402849 ], [ -45.106386709266246, -21.210301836402845 ], [ -45.106386709266246, -21.210571330988071 ], [ -45.107464687607191, -21.210571330988078 ], [ -45.107464687607191, -21.210840825573314 ], [ -45.108812160533368, -21.210840825573321 ], [ -45.108812160533368, -21.210301836402845 ], [ -45.109081655118608, -21.210301836402856 ], [ -45.109081655118608, -21.209762847232376 ], [ -45.109351149703841, -21.209762847232376 ], [ -45.109351149703841, -21.209493352647129 ], [ -45.109890138874313, -21.209493352647144 ], [ -45.109890138874313, -21.20760689055049 ], [ -45.109351149703841, -21.20760689055048 ], [ -45.109351149703841, -21.207337395965251 ], [ -45.109081655118608, -21.207337395965258 ], [ -45.109081655118608, -21.207067901380022 ], [ -45.108812160533368, -21.207067901380022 ], [ -45.108812160533368, -21.206528912209546 ], [ -45.108542665948136, -21.206528912209549 ], [ -45.108542665948136, -21.20625941762431 ], [ -45.108273171362903, -21.206259417624313 ], [ -45.108273171362903, -21.205989923039077 ], [ -45.108003676777663, -21.205989923039077 ], [ -45.108003676777663, -21.205720428453841 ], [ -45.107734182192431, -21.205720428453841 ], [ -45.107734182192431, -21.205450933868605 ], [ -45.107464687607191, -21.205450933868597 ], [ -45.107464687607191, -21.205181439283365 ], [ -45.108273171362903, -21.205181439283361 ], [ -45.108273171362903, -21.20437295552766 ], [ -45.108542665948136, -21.20437295552766 ], [ -45.108542665948136, -21.204103460942427 ], [ -45.108812160533368, -21.204103460942431 ], [ -45.108812160533368, -21.203833966357188 ], [ -45.112046095556202, -21.203833966357188 ], [ -45.112046095556202, -21.207337395965258 ], [ -45.112315590141435, -21.207337395965251 ], [ -45.112315590141435, -21.207606890550487 ], [ -45.112854579311907, -21.20760689055048 ], [ -45.112854579311907, -21.207876385135719 ], [ -45.114202052238092, -21.207876385135723 ], [ -45.114202052238092, -21.20760689055049 ], [ -45.114471546823324, -21.207606890550483 ], [ -45.114471546823324, -21.206798406794785 ], [ -45.114741041408557, -21.206798406794785 ], [ -45.114741041408557, -21.206528912209546 ], [ -45.116088514334741, -21.206528912209542 ], [ -45.116088514334741, -21.206798406794785 ], [ -45.115819019749502, -21.206798406794785 ], [ -45.115819019749502, -21.207067901380022 ], [ -45.115549525164269, -21.207067901380011 ], [ -45.115549525164269, -21.207337395965254 ], [ -45.115280030579029, -21.207337395965251 ], [ -45.115280030579029, -21.207606890550487 ], [ -45.115010535993797, -21.207606890550483 ], [ -45.115010535993797, -21.207876385135723 ], [ -45.115280030579029, -21.207876385135712 ], [ -45.115280030579029, -21.208145879720956 ], [ -45.115549525164269, -21.208145879720956 ], [ -45.115549525164269, -21.208415374306199 ], [ -45.114202052238092, -21.208415374306188 ], [ -45.114202052238092, -21.209493352647133 ], [ -45.114471546823324, -21.20949335264714 ], [ -45.114471546823324, -21.209762847232373 ], [ -45.114741041408557, -21.209762847232369 ], [ -45.114741041408557, -21.211379814743793 ], [ -45.116358008919974, -21.211379814743779 ], [ -45.116358008919974, -21.211110320158554 ], [ -45.116627503505214, -21.211110320158546 ], [ -45.116627503505214, -21.210840825573317 ], [ -45.116896998090446, -21.210840825573317 ], [ -45.116896998090446, -21.210301836402852 ], [ -45.117166492675686, -21.210301836402856 ], [ -45.117166492675686, -21.207067901380018 ], [ -45.118244471016624, -21.207067901380022 ], [ -45.118244471016624, -21.206798406794782 ], [ -45.120400427698513, -21.206798406794778 ], [ -45.120400427698513, -21.20572042845383 ], [ -45.12013093311328, -21.20572042845383 ], [ -45.12013093311328, -21.205181439283365 ], [ -45.118783460187096, -21.205181439283365 ], [ -45.118783460187096, -21.203833966357188 ], [ -45.118513965601863, -21.203833966357184 ], [ -45.118513965601863, -21.203564471771948 ], [ -45.118783460187096, -21.203564471771948 ], [ -45.118783460187096, -21.20248649343101 ], [ -45.118513965601863, -21.202486493431007 ], [ -45.118513965601863, -21.202216998845767 ], [ -45.118244471016624, -21.20221699884577 ], [ -45.118244471016624, -21.201408515090062 ], [ -45.117974976431391, -21.201408515090066 ], [ -45.117974976431391, -21.201139020504826 ], [ -45.117705481846151, -21.201139020504833 ], [ -45.117705481846151, -21.200600031334353 ], [ -45.116358008919974, -21.200600031334353 ], [ -45.116358008919974, -21.197905085481988 ], [ -45.117705481846151, -21.197905085481995 ], [ -45.117705481846151, -21.19763559089677 ], [ -45.118244471016624, -21.197635590896766 ], [ -45.118244471016624, -21.196827107141051 ], [ -45.118513965601863, -21.196827107141047 ], [ -45.118513965601863, -21.195749128800113 ], [ -45.118244471016624, -21.195749128800106 ], [ -45.118244471016624, -21.194940645044401 ], [ -45.117974976431391, -21.194940645044394 ], [ -45.117974976431391, -21.194671150459168 ], [ -45.117705481846151, -21.194671150459158 ], [ -45.117705481846151, -21.194132161288692 ], [ -45.117435987260919, -21.194132161288692 ], [ -45.117435987260919, -21.19359317211822 ], [ -45.117166492675686, -21.19359317211822 ], [ -45.117166492675686, -21.193054182947744 ], [ -45.116896998090446, -21.193054182947751 ], [ -45.116896998090446, -21.192515193777275 ], [ -45.116627503505214, -21.192515193777282 ], [ -45.116627503505214, -21.192245699192046 ], [ -45.116358008919974, -21.192245699192053 ], [ -45.116358008919974, -21.19197620460681 ], [ -45.115819019749502, -21.191976204606814 ], [ -45.115819019749502, -21.191706710021577 ], [ -45.115549525164269, -21.191706710021574 ], [ -45.115549525164269, -21.191167720851105 ], [ -45.115280030579029, -21.191167720851098 ], [ -45.115280030579029, -21.190628731680633 ], [ -45.115549525164269, -21.190628731680622 ], [ -45.115549525164269, -21.190359237095386 ], [ -45.115819019749502, -21.190359237095389 ], [ -45.115819019749502, -21.19008974251016 ], [ -45.115549525164269, -21.190089742510157 ], [ -45.115549525164269, -21.189281258754445 ], [ -45.114202052238092, -21.189281258754455 ], [ -45.114202052238092, -21.190628731680629 ], [ -45.114471546823324, -21.190628731680629 ], [ -45.114471546823324, -21.190898226265862 ], [ -45.114202052238092, -21.190898226265858 ], [ -45.114202052238092, -21.191167720851098 ], [ -45.114741041408557, -21.191167720851098 ], [ -45.114741041408557, -21.190898226265862 ] ], [ [ -45.107464687607191, -21.197096601726287 ], [ -45.107734182192431, -21.197096601726294 ], [ -45.107734182192431, -21.197366096311526 ], [ -45.107464687607191, -21.197366096311526 ], [ -45.107464687607191, -21.197096601726287 ] ], [ [ -45.117974976431391, -21.19547963421487 ], [ -45.117705481846151, -21.195479634214873 ], [ -45.117705481846151, -21.194940645044397 ], [ -45.117974976431391, -21.194940645044394 ], [ -45.117974976431391, -21.19547963421487 ] ], [ [ -45.115010535993797, -21.199791547578648 ], [ -45.115010535993797, -21.199522052993409 ], [ -45.115549525164269, -21.199522052993409 ], [ -45.115549525164269, -21.199791547578652 ], [ -45.115010535993797, -21.199791547578648 ] ], [ [ -45.114741041408557, -21.198983063822936 ], [ -45.115010535993797, -21.19898306382294 ], [ -45.115010535993797, -21.199252558408176 ], [ -45.114741041408557, -21.199252558408173 ], [ -45.114741041408557, -21.198983063822936 ] ], [ [ -45.114471546823324, -21.198983063822944 ], [ -45.114471546823324, -21.198713569237704 ], [ -45.113932557652852, -21.1987135692377 ], [ -45.113932557652852, -21.199252558408176 ], [ -45.114202052238092, -21.19925255840818 ], [ -45.114202052238092, -21.199791547578645 ], [ -45.113932557652852, -21.199791547578645 ], [ -45.113932557652852, -21.200330536749121 ], [ -45.113663063067619, -21.200330536749121 ], [ -45.113663063067619, -21.200600031334357 ], [ -45.11339356848238, -21.200600031334353 ], [ -45.11339356848238, -21.20086952591959 ], [ -45.112854579311907, -21.200869525919593 ], [ -45.112854579311907, -21.201139020504826 ], [ -45.111237611800497, -21.201139020504826 ], [ -45.111237611800497, -21.201408515090069 ], [ -45.110968117215258, -21.201408515090062 ], [ -45.110968117215258, -21.200330536749117 ], [ -45.111776600970963, -21.200330536749124 ], [ -45.111776600970963, -21.199522052993419 ], [ -45.11150710638573, -21.199522052993409 ], [ -45.11150710638573, -21.199252558408176 ], [ -45.112315590141435, -21.199252558408173 ], [ -45.112315590141435, -21.198983063822936 ], [ -45.112585084726675, -21.198983063822936 ], [ -45.112585084726675, -21.198444074652468 ], [ -45.112315590141435, -21.198444074652475 ], [ -45.112315590141435, -21.198174580067231 ], [ -45.111237611800497, -21.198174580067228 ], [ -45.111237611800497, -21.197635590896766 ], [ -45.110968117215258, -21.197635590896766 ], [ -45.110968117215258, -21.197366096311526 ], [ -45.111237611800497, -21.197366096311526 ], [ -45.111237611800497, -21.196827107141058 ], [ -45.110159633459553, -21.196827107141058 ], [ -45.110159633459553, -21.196557612555821 ], [ -45.109890138874313, -21.196557612555818 ], [ -45.109890138874313, -21.196288117970582 ], [ -45.10962064428908, -21.196288117970578 ], [ -45.10962064428908, -21.196018623385342 ], [ -45.109351149703841, -21.196018623385342 ], [ -45.109351149703841, -21.195749128800102 ], [ -45.10962064428908, -21.195749128800102 ], [ -45.10962064428908, -21.195210139629637 ], [ -45.110159633459553, -21.195210139629644 ], [ -45.110159633459553, -21.194671150459172 ], [ -45.114202052238092, -21.194671150459165 ], [ -45.114202052238092, -21.194940645044401 ], [ -45.114471546823324, -21.194940645044394 ], [ -45.114471546823324, -21.195479634214873 ], [ -45.115280030579029, -21.195479634214866 ], [ -45.115280030579029, -21.195210139629641 ], [ -45.115819019749502, -21.195210139629637 ], [ -45.115819019749502, -21.194940645044394 ], [ -45.116358008919974, -21.194940645044404 ], [ -45.116358008919974, -21.195749128800109 ], [ -45.115819019749502, -21.195749128800109 ], [ -45.115819019749502, -21.196018623385346 ], [ -45.115549525164269, -21.196018623385342 ], [ -45.115549525164269, -21.195749128800102 ], [ -45.115280030579029, -21.195749128800109 ], [ -45.115280030579029, -21.196018623385338 ], [ -45.115010535993797, -21.196018623385338 ], [ -45.115010535993797, -21.196557612555811 ], [ -45.115280030579029, -21.196557612555814 ], [ -45.115280030579029, -21.196827107141054 ], [ -45.114741041408557, -21.196827107141058 ], [ -45.114741041408557, -21.197096601726283 ], [ -45.114471546823324, -21.197096601726294 ], [ -45.114471546823324, -21.198444074652464 ], [ -45.114741041408557, -21.198444074652475 ], [ -45.114741041408557, -21.198983063822936 ], [ -45.114471546823324, -21.198983063822944 ] ], [ [ -45.110968117215258, -21.199252558408169 ], [ -45.110968117215258, -21.198983063822951 ], [ -45.11150710638573, -21.19898306382294 ], [ -45.11150710638573, -21.199252558408176 ], [ -45.110968117215258, -21.199252558408169 ] ] ] } },
{ "type": "Feature", "properties": { "id_feicao": "fogo_2024_257", "ano": 2024.0, "mes": 9, "codigo_original": 15, "classe": "Pastagem", "cor": "#edde8e", "area_ha": 1.334934465155678 }, "geometry": { "type": "Polygon", "coordinates": [ [ [ -45.11339356848238, -21.189011764169212 ], [ -45.11339356848238, -21.187933785828264 ], [ -45.112315590141435, -21.187933785828275 ], [ -45.112315590141435, -21.189011764169212 ], [ -45.11339356848238, -21.189011764169212 ] ] ] } },
{ "type": "Feature", "properties": { "id_feicao": "fogo_2024_258", "ano": 2024.0, "mes": 9, "codigo_original": 15, "classe": "Pastagem", "cor": "#edde8e", "area_ha": 2.0011827811552152 }, "geometry": { "type": "Polygon", "coordinates": [ [ [ -45.040630030468698, -21.279561944808471 ], [ -45.040630030468698, -21.279831439393703 ], [ -45.040899525053938, -21.2798314393937 ], [ -45.040899525053938, -21.280100933978929 ], [ -45.04116901963917, -21.280100933978925 ], [ -45.04116901963917, -21.280370428564165 ], [ -45.04143851422441, -21.280370428564162 ], [ -45.04143851422441, -21.280639923149401 ], [ -45.042785987150587, -21.280639923149401 ], [ -45.042785987150587, -21.2798314393937 ], [ -45.042246997980115, -21.279831439393693 ], [ -45.042246997980115, -21.279022955637991 ], [ -45.041977503394882, -21.279022955637991 ], [ -45.041977503394882, -21.279561944808464 ], [ -45.041708008809643, -21.279561944808464 ], [ -45.041708008809643, -21.2798314393937 ], [ -45.04116901963917, -21.279831439393703 ], [ -45.04116901963917, -21.279561944808464 ], [ -45.040630030468698, -21.279561944808471 ] ] ] } },
{ "type": "Feature", "properties": { "id_feicao": "fogo_2024_259", "ano": 2024.0, "mes": 9, "codigo_original": 15, "classe": "Pastagem", "cor": "#edde8e", "area_ha": 2.1679596321572987 }, "geometry": { "type": "Polygon", "coordinates": [ [ [ -45.039552052127753, -21.27794497729705 ], [ -45.039552052127753, -21.277675482711807 ], [ -45.04143851422441, -21.277675482711807 ], [ -45.04143851422441, -21.277944977297047 ], [ -45.041708008809643, -21.277944977297043 ], [ -45.041708008809643, -21.278214471882283 ], [ -45.041977503394882, -21.278214471882279 ], [ -45.041977503394882, -21.277944977297047 ], [ -45.042516492565348, -21.277944977297043 ], [ -45.042516492565348, -21.278214471882283 ], [ -45.042785987150587, -21.278214471882283 ], [ -45.042785987150587, -21.277405988126574 ], [ -45.039282557542521, -21.277405988126574 ], [ -45.039282557542521, -21.277675482711814 ], [ -45.038474073786816, -21.277675482711814 ], [ -45.038474073786816, -21.278214471882286 ], [ -45.039013062957281, -21.278214471882283 ], [ -45.039013062957281, -21.277944977297047 ], [ -45.039552052127753, -21.27794497729705 ] ] ] } },
{ "type": "Feature", "properties": { "id_feicao": "fogo_2024_260", "ano": 2024.0, "mes": 9, "codigo_original": 15, "classe": "Pastagem", "cor": "#edde8e", "area_ha": 1.6684121211465597 }, "geometry": { "type": "Polygon", "coordinates": [ [ [ -45.050601330122433, -21.21111032015855 ], [ -45.050601330122433, -21.211379814743783 ], [ -45.051679308463378, -21.211379814743797 ], [ -45.051679308463378, -21.211649309329019 ], [ -45.051409813878131, -21.211649309329026 ], [ -45.051409813878131, -21.211918803914266 ], [ -45.051679308463378, -21.211918803914269 ], [ -45.051679308463378, -21.212188298499491 ], [ -45.051409813878131, -21.212188298499491 ], [ -45.051409813878131, -21.21272728766996 ], [ -45.051679308463378, -21.212727287669967 ], [ -45.051679308463378, -21.212457793084724 ], [ -45.051948803048603, -21.212457793084731 ], [ -45.051948803048603, -21.210571330988081 ], [ -45.052757286804322, -21.210571330988081 ], [ -45.052757286804322, -21.210301836402849 ], [ -45.051679308463378, -21.210301836402852 ], [ -45.051679308463378, -21.211110320158557 ], [ -45.051409813878131, -21.211110320158546 ], [ -45.051409813878131, -21.210571330988081 ], [ -45.051140319292905, -21.210571330988085 ], [ -45.051140319292905, -21.211110320158546 ], [ -45.050601330122433, -21.21111032015855 ] ] ] } },
{ "type": "Feature", "properties": { "id_feicao": "fogo_2024_261", "ano": 2024.0, "mes": 9, "codigo_original": 15, "classe": "Pastagem", "cor": "#edde8e", "area_ha": 3.1699710367019307 }, "geometry": { "type": "Polygon", "coordinates": [ [ [ -45.05006234095196, -21.212188298499491 ], [ -45.05006234095196, -21.213266276840439 ], [ -45.051679308463378, -21.213266276840447 ], [ -45.051679308463378, -21.21299678225521 ], [ -45.051409813878131, -21.212996782255207 ], [ -45.051409813878131, -21.21272728766996 ], [ -45.051140319292905, -21.212727287669967 ], [ -45.051140319292905, -21.212457793084727 ], [ -45.050601330122433, -21.212457793084734 ], [ -45.050601330122433, -21.212188298499491 ], [ -45.050870824707665, -21.212188298499495 ], [ -45.050870824707665, -21.211649309329026 ], [ -45.050331835537193, -21.211649309329019 ], [ -45.050331835537193, -21.211110320158554 ], [ -45.050601330122433, -21.21111032015855 ], [ -45.050601330122433, -21.21084082557331 ], [ -45.050331835537193, -21.210840825573317 ], [ -45.050331835537193, -21.210571330988071 ], [ -45.050601330122433, -21.210571330988071 ], [ -45.050601330122433, -21.209762847232373 ], [ -45.050331835537193, -21.20976284723238 ], [ -45.050331835537193, -21.210032341817609 ], [ -45.05006234095196, -21.210032341817612 ], [ -45.05006234095196, -21.210840825573314 ], [ -45.049792846366721, -21.210840825573314 ], [ -45.049792846366721, -21.212188298499491 ], [ -45.05006234095196, -21.212188298499491 ] ] ] } },
{ "type": "Feature", "properties": { "id_feicao": "fogo_2024_262", "ano": 2024.0, "mes": 9, "codigo_original": 15, "classe": "Pastagem", "cor": "#edde8e", "area_ha": 0.083421212250070362 }, "geometry": { "type": "Polygon", "coordinates": [ [ [ -45.051140319292905, -21.210301836402842 ], [ -45.051140319292905, -21.210032341817605 ], [ -45.050870824707665, -21.210032341817609 ], [ -45.050870824707665, -21.210301836402852 ], [ -45.051140319292905, -21.210301836402842 ] ] ] } },
{ "type": "Feature", "properties": { "id_feicao": "fogo_2024_263", "ano": 2024.0, "mes": 9, "codigo_original": 15, "classe": "Pastagem", "cor": "#edde8e", "area_ha": 1.4181746961505193 }, "geometry": { "type": "Polygon", "coordinates": [ [ [ -45.051140319292905, -21.209223858061907 ], [ -45.051409813878131, -21.2092238580619 ], [ -45.051409813878131, -21.208954363476671 ], [ -45.051679308463378, -21.208954363476664 ], [ -45.051679308463378, -21.208684868891428 ], [ -45.051948803048603, -21.208684868891435 ], [ -45.051948803048603, -21.207606890550483 ], [ -45.051679308463378, -21.207606890550487 ], [ -45.051679308463378, -21.208145879720959 ], [ -45.050870824707665, -21.208145879720949 ], [ -45.050870824707665, -21.208954363476668 ], [ -45.050601330122433, -21.208954363476671 ], [ -45.050601330122433, -21.209493352647137 ], [ -45.051140319292905, -21.20949335264714 ], [ -45.051140319292905, -21.209223858061907 ] ], [ [ -45.051409813878131, -21.208684868891432 ], [ -45.051409813878131, -21.208415374306199 ], [ -45.051679308463378, -21.208415374306195 ], [ -45.051679308463378, -21.208684868891428 ], [ -45.051409813878131, -21.208684868891432 ] ] ] } },
{ "type": "Feature", "properties": { "id_feicao": "fogo_2024_264", "ano": 2024.0, "mes": 9, "codigo_original": 15, "classe": "Pastagem", "cor": "#edde8e", "area_ha": 0.83422190815756625 }, "geometry": { "type": "Polygon", "coordinates": [ [ [ -45.056530210997614, -21.208954363476671 ], [ -45.056530210997614, -21.207876385135716 ], [ -45.056260716412382, -21.207876385135716 ], [ -45.056260716412382, -21.208145879720952 ], [ -45.05545223265667, -21.208145879720952 ], [ -45.05545223265667, -21.208684868891435 ], [ -45.056260716412382, -21.208684868891432 ], [ -45.056260716412382, -21.208954363476661 ], [ -45.056530210997614, -21.208954363476671 ] ] ] } },
{ "type": "Feature", "properties": { "id_feicao": "fogo_2024_265", "ano": 2024.0, "mes": 9, "codigo_original": 15, "classe": "Pastagem", "cor": "#edde8e", "area_ha": 1.7518712144602484 }, "geometry": { "type": "Polygon", "coordinates": [ [ [ -45.053026781389548, -21.207876385135723 ], [ -45.053026781389548, -21.208145879720959 ], [ -45.052757286804322, -21.208145879720952 ], [ -45.052757286804322, -21.208415374306199 ], [ -45.053026781389548, -21.208415374306195 ], [ -45.053026781389548, -21.208954363476668 ], [ -45.055182738071437, -21.208954363476675 ], [ -45.055182738071437, -21.208684868891428 ], [ -45.054643748900965, -21.208684868891435 ], [ -45.054643748900965, -21.208415374306199 ], [ -45.054374254315725, -21.208415374306188 ], [ -45.054374254315725, -21.208684868891435 ], [ -45.053835265145267, -21.208684868891432 ], [ -45.053835265145267, -21.208415374306192 ], [ -45.054104759730492, -21.208415374306188 ], [ -45.054104759730492, -21.208145879720956 ], [ -45.054374254315725, -21.208145879720952 ], [ -45.054374254315725, -21.207606890550487 ], [ -45.053835265145267, -21.20760689055048 ], [ -45.053835265145267, -21.207876385135727 ], [ -45.05356577056002, -21.207876385135723 ], [ -45.05356577056002, -21.208684868891421 ], [ -45.053296275974795, -21.208684868891435 ], [ -45.053296275974795, -21.207876385135712 ], [ -45.053026781389548, -21.207876385135723 ] ] ] } },
{ "type": "Feature", "properties": { "id_feicao": "fogo_2024_266", "ano": 2024.0, "mes": 9, "codigo_original": 15, "classe": "Pastagem", "cor": "#edde8e", "area_ha": 0.083422426081874307 }, "geometry": { "type": "Polygon", "coordinates": [ [ [ -45.060842124361386, -21.208145879720956 ], [ -45.060842124361386, -21.207876385135723 ], [ -45.060572629776154, -21.207876385135716 ], [ -45.060572629776154, -21.208145879720956 ], [ -45.060842124361386, -21.208145879720956 ] ] ] } },
{ "type": "Feature", "properties": { "id_feicao": "fogo_2024_267", "ano": 2024.0, "mes": 9, "codigo_original": 15, "classe": "Pastagem", "cor": "#edde8e", "area_ha": 0.33368968570030122 }, "geometry": { "type": "Polygon", "coordinates": [ [ [ -45.058955662264736, -21.207876385135723 ], [ -45.058955662264736, -21.20760689055048 ], [ -45.058686167679504, -21.20760689055048 ], [ -45.058686167679504, -21.208145879720952 ], [ -45.058955662264736, -21.208145879720952 ], [ -45.058955662264736, -21.208415374306188 ], [ -45.059225156849976, -21.208415374306188 ], [ -45.059225156849976, -21.207876385135727 ], [ -45.058955662264736, -21.207876385135723 ] ] ] } },
{ "type": "Feature", "properties": { "id_feicao": "fogo_2024_268", "ano": 2024.0, "mes": 9, "codigo_original": 15, "classe": "Pastagem", "cor": "#edde8e", "area_ha": 0.083422858313750473 }, "geometry": { "type": "Polygon", "coordinates": [ [ [ -45.055182738071437, -21.207337395965254 ], [ -45.05545223265667, -21.207337395965251 ], [ -45.05545223265667, -21.207067901380018 ], [ -45.055182738071437, -21.207067901380022 ], [ -45.055182738071437, -21.207337395965254 ] ] ] } },
{ "type": "Feature", "properties": { "id_feicao": "fogo_2024_269", "ano": 2024.0, "mes": 9, "codigo_original": 15, "classe": "Pastagem", "cor": "#edde8e", "area_ha": 0.2502685518083429 }, "geometry": { "type": "Polygon", "coordinates": [ [ [ -45.052487792219075, -21.207337395965254 ], [ -45.052487792219075, -21.207067901380022 ], [ -45.051679308463378, -21.207067901380018 ], [ -45.051679308463378, -21.207337395965258 ], [ -45.052487792219075, -21.207337395965254 ] ] ] } },
{ "type": "Feature", "properties": { "id_feicao": "fogo_2024_270", "ano": 2024.0, "mes": 9, "codigo_original": 15, "classe": "Pastagem", "cor": "#edde8e", "area_ha": 0.33369322979380284 }, "geometry": { "type": "Polygon", "coordinates": [ [ [ -45.057069200168087, -21.206528912209549 ], [ -45.057069200168087, -21.206259417624302 ], [ -45.055991221827142, -21.206259417624313 ], [ -45.055991221827142, -21.206528912209549 ], [ -45.057069200168087, -21.206528912209549 ] ] ] } },
{ "type": "Feature", "properties": { "id_feicao": "fogo_2024_271", "ano": 2024.0, "mes": 9, "codigo_original": 15, "classe": "Pastagem", "cor": "#edde8e", "area_ha": 0.33369361246945561 }, "geometry": { "type": "Polygon", "coordinates": [ [ [ -45.059494651435209, -21.205989923039077 ], [ -45.059494651435209, -21.206528912209549 ], [ -45.060303135190914, -21.206528912209549 ], [ -45.060303135190914, -21.206259417624306 ], [ -45.059764146020449, -21.206259417624313 ], [ -45.059764146020449, -21.205989923039073 ], [ -45.059494651435209, -21.205989923039077 ] ] ] } },
{ "type": "Feature", "properties": { "id_feicao": "fogo_2024_272", "ano": 2024.0, "mes": 9, "codigo_original": 15, "classe": "Pastagem", "cor": "#edde8e", "area_ha": 0.083423459221336635 }, "geometry": { "type": "Polygon", "coordinates": [ [ [ -45.057877683923792, -21.20625941762431 ], [ -45.057877683923792, -21.205989923039077 ], [ -45.057608189338559, -21.20598992303907 ], [ -45.057608189338559, -21.20625941762431 ], [ -45.057877683923792, -21.20625941762431 ] ] ] } },
{ "type": "Feature", "properties": { "id_feicao": "fogo_2024_273", "ano": 2024.0, "mes": 9, "codigo_original": 15, "classe": "Pastagem", "cor": "#edde8e", "area_ha": 0.083423612127364002 }, "geometry": { "type": "Polygon", "coordinates": [ [ [ -45.059494651435209, -21.205989923039077 ], [ -45.059494651435209, -21.205720428453844 ], [ -45.059225156849976, -21.205720428453834 ], [ -45.059225156849976, -21.205989923039077 ], [ -45.059494651435209, -21.205989923039077 ] ] ] } },
{ "type": "Feature", "properties": { "id_feicao": "fogo_2024_274", "ano": 2024.0, "mes": 9, "codigo_original": 15, "classe": "Pastagem", "cor": "#edde8e", "area_ha": 6.2567639057456637 }, "geometry": { "type": "Polygon", "coordinates": [ [ [ -45.057608189338559, -21.205181439283358 ], [ -45.057338694753319, -21.205181439283368 ], [ -45.057338694753319, -21.205450933868608 ], [ -45.057608189338559, -21.205450933868601 ], [ -45.057608189338559, -21.205720428453841 ], [ -45.058147178509032, -21.205720428453837 ], [ -45.058147178509032, -21.205989923039077 ], [ -45.058416673094264, -21.20598992303907 ], [ -45.058416673094264, -21.206528912209546 ], [ -45.057877683923792, -21.206528912209549 ], [ -45.057877683923792, -21.206798406794778 ], [ -45.057608189338559, -21.206798406794782 ], [ -45.057608189338559, -21.20625941762431 ], [ -45.057338694753319, -21.20625941762431 ], [ -45.057338694753319, -21.206528912209553 ], [ -45.057069200168087, -21.206528912209549 ], [ -45.057069200168087, -21.206798406794775 ], [ -45.056799705582854, -21.206798406794778 ], [ -45.056799705582854, -21.207606890550487 ], [ -45.056530210997614, -21.20760689055048 ], [ -45.056530210997614, -21.207876385135716 ], [ -45.058416673094264, -21.207876385135723 ], [ -45.058416673094264, -21.207606890550487 ], [ -45.058686167679504, -21.20760689055048 ], [ -45.058686167679504, -21.206798406794785 ], [ -45.059494651435209, -21.206798406794785 ], [ -45.059494651435209, -21.206528912209549 ], [ -45.058955662264736, -21.206528912209546 ], [ -45.058955662264736, -21.205720428453837 ], [ -45.058416673094264, -21.205720428453834 ], [ -45.058416673094264, -21.205450933868605 ], [ -45.058686167679504, -21.205450933868601 ], [ -45.058686167679504, -21.205181439283361 ], [ -45.058955662264736, -21.205181439283365 ], [ -45.058955662264736, -21.205450933868605 ], [ -45.059494651435209, -21.205450933868601 ], [ -45.059494651435209, -21.204642450112896 ], [ -45.058955662264736, -21.204642450112893 ], [ -45.058955662264736, -21.204372955527663 ], [ -45.058686167679504, -21.204372955527663 ], [ -45.058686167679504, -21.204103460942424 ], [ -45.058955662264736, -21.204103460942427 ], [ -45.058955662264736, -21.203833966357184 ], [ -45.057877683923792, -21.203833966357188 ], [ -45.057877683923792, -21.204103460942424 ], [ -45.058416673094264, -21.204103460942424 ], [ -45.058416673094264, -21.204372955527663 ], [ -45.058147178509032, -21.20437295552766 ], [ -45.058147178509032, -21.204642450112896 ], [ -45.057608189338559, -21.204642450112893 ], [ -45.057608189338559, -21.205181439283358 ] ], [ [ -45.057338694753319, -21.206798406794778 ], [ -45.057338694753319, -21.207067901380018 ], [ -45.057069200168087, -21.207067901380022 ], [ -45.057069200168087, -21.206798406794775 ], [ -45.057338694753319, -21.206798406794778 ] ] ] } },
{ "type": "Feature", "properties": { "id_feicao": "fogo_2024_275", "ano": 2024.0, "mes": 9, "codigo_original": 15, "classe": "Pastagem", "cor": "#edde8e", "area_ha": 1.0010852267921908 }, "geometry": { "type": "Polygon", "coordinates": [ [ [ -45.056530210997614, -21.205720428453834 ], [ -45.056530210997614, -21.204911944698132 ], [ -45.055991221827142, -21.204911944698132 ], [ -45.055991221827142, -21.20598992303907 ], [ -45.057069200168087, -21.20598992303907 ], [ -45.057069200168087, -21.206259417624302 ], [ -45.057338694753319, -21.20625941762431 ], [ -45.057338694753319, -21.205720428453837 ], [ -45.056530210997614, -21.205720428453834 ] ] ] } },
{ "type": "Feature", "properties": { "id_feicao": "fogo_2024_276", "ano": 2024.0, "mes": 9, "codigo_original": 15, "classe": "Pastagem", "cor": "#edde8e", "area_ha": 0.083423903249815065 }, "geometry": { "type": "Polygon", "coordinates": [ [ [ -45.057069200168087, -21.205450933868597 ], [ -45.057069200168087, -21.205181439283361 ], [ -45.056799705582854, -21.205181439283368 ], [ -45.056799705582854, -21.205450933868605 ], [ -45.057069200168087, -21.205450933868597 ] ] ] } },
{ "type": "Feature", "properties": { "id_feicao": "fogo_2024_277", "ano": 2024.0, "mes": 9, "codigo_original": 15, "classe": "Pastagem", "cor": "#edde8e", "area_ha": 0.3336964546987426 }, "geometry": { "type": "Polygon", "coordinates": [ [ [ -45.056530210997614, -21.204642450112896 ], [ -45.056530210997614, -21.204911944698132 ], [ -45.057069200168087, -21.204911944698132 ], [ -45.057069200168087, -21.205181439283361 ], [ -45.057338694753319, -21.205181439283368 ], [ -45.057338694753319, -21.204642450112896 ], [ -45.056530210997614, -21.204642450112896 ] ] ] } },
{ "type": "Feature", "properties": { "id_feicao": "fogo_2024_278", "ano": 2024.0, "mes": 9, "codigo_original": 15, "classe": "Pastagem", "cor": "#edde8e", "area_ha": 0.083424504278974923 }, "geometry": { "type": "Polygon", "coordinates": [ [ [ -45.059494651435209, -21.204372955527667 ], [ -45.059494651435209, -21.204103460942427 ], [ -45.059225156849976, -21.204103460942424 ], [ -45.059225156849976, -21.204372955527663 ], [ -45.059494651435209, -21.204372955527667 ] ] ] } },
{ "type": "Feature", "properties": { "id_feicao": "fogo_2024_279", "ano": 2024.0, "mes": 9, "codigo_original": 15, "classe": "Pastagem", "cor": "#edde8e", "area_ha": 8.0034488788972524 }, "geometry": { "type": "Polygon", "coordinates": [ [ [ -44.899145373219874, -21.303816457479691 ], [ -44.899145373219874, -21.304085952064927 ], [ -44.898875878634641, -21.30408595206492 ], [ -44.898875878634641, -21.305163930405868 ], [ -44.899145373219874, -21.305163930405872 ], [ -44.899145373219874, -21.305433424991101 ], [ -44.900223351560818, -21.305433424991104 ], [ -44.900223351560818, -21.305702919576333 ], [ -44.901301329901763, -21.305702919576344 ], [ -44.901301329901763, -21.305433424991104 ], [ -44.902109813657468, -21.305433424991104 ], [ -44.902109813657468, -21.303546962894455 ], [ -44.901570824486996, -21.303546962894455 ], [ -44.901570824486996, -21.303007973723982 ], [ -44.900223351560818, -21.303007973723982 ], [ -44.900223351560818, -21.303277468309222 ], [ -44.899684362390346, -21.303277468309219 ], [ -44.899684362390346, -21.303546962894462 ], [ -44.899414867805113, -21.303546962894455 ], [ -44.899414867805113, -21.303816457479691 ], [ -44.899145373219874, -21.303816457479691 ] ] ] } },
{ "type": "Feature", "properties": { "id_feicao": "fogo_2024_280", "ano": 2024.0, "mes": 9, "codigo_original": 15, "classe": "Pastagem", "cor": "#edde8e", "area_ha": 1.6674380205618633 }, "geometry": { "type": "Polygon", "coordinates": [ [ [ -44.998858369757144, -21.299774038701148 ], [ -44.998858369757144, -21.298696060360196 ], [ -44.99751089683096, -21.298696060360207 ], [ -44.99751089683096, -21.299774038701152 ], [ -44.998858369757144, -21.299774038701148 ] ] ] } },
{ "type": "Feature", "properties": { "id_feicao": "fogo_2024_281", "ano": 2024.0, "mes": 9, "codigo_original": 15, "classe": "Pastagem", "cor": "#edde8e", "area_ha": 25.181226752783825 }, "geometry": { "type": "Polygon", "coordinates": [ [ [ -44.988348080932944, -21.279831439393703 ], [ -44.988348080932944, -21.280639923149408 ], [ -44.988887070103416, -21.280639923149408 ], [ -44.988887070103416, -21.28117891231987 ], [ -44.989156564688649, -21.281178912319881 ], [ -44.989156564688649, -21.281448406905117 ], [ -44.989426059273889, -21.281448406905113 ], [ -44.989426059273889, -21.281717901490349 ], [ -44.989695553859121, -21.281717901490349 ], [ -44.989695553859121, -21.282256890660811 ], [ -44.990234543029594, -21.282256890660815 ], [ -44.990234543029594, -21.282526385246054 ], [ -44.991043026785299, -21.282526385246062 ], [ -44.991043026785299, -21.284412847342708 ], [ -44.991582015955771, -21.284412847342708 ], [ -44.991582015955771, -21.284143352757475 ], [ -44.991851510541011, -21.284143352757471 ], [ -44.991851510541011, -21.284412847342711 ], [ -44.992121005126243, -21.284412847342711 ], [ -44.992121005126243, -21.28468234192794 ], [ -44.992659994296716, -21.284682341927951 ], [ -44.992659994296716, -21.284951836513176 ], [ -44.993198983467188, -21.28495183651318 ], [ -44.993198983467188, -21.285760320268885 ], [ -44.993737972637661, -21.285760320268889 ], [ -44.993737972637661, -21.286029814854125 ], [ -44.994815950978605, -21.286029814854125 ], [ -44.994815950978605, -21.284682341927947 ], [ -44.993468478052428, -21.28468234192794 ], [ -44.993468478052428, -21.281987396075586 ], [ -44.994546456393365, -21.281987396075586 ], [ -44.994546456393365, -21.280909417734641 ], [ -44.992929488881956, -21.280909417734641 ], [ -44.992929488881956, -21.280639923149401 ], [ -44.992659994296716, -21.280639923149401 ], [ -44.992659994296716, -21.280100933978925 ], [ -44.991851510541011, -21.280100933978932 ], [ -44.991851510541011, -21.280370428564165 ], [ -44.991582015955771, -21.280370428564165 ], [ -44.991582015955771, -21.280100933978936 ], [ -44.990504037614834, -21.280100933978929 ], [ -44.990504037614834, -21.280370428564169 ], [ -44.990234543029594, -21.280370428564162 ], [ -44.990234543029594, -21.278753461052759 ], [ -44.989965048444361, -21.278753461052759 ], [ -44.989965048444361, -21.278214471882283 ], [ -44.988348080932944, -21.278214471882283 ], [ -44.988348080932944, -21.278483966467519 ], [ -44.987809091762472, -21.278483966467519 ], [ -44.987809091762472, -21.279561944808471 ], [ -44.988078586347704, -21.279561944808467 ], [ -44.988078586347704, -21.279831439393703 ], [ -44.988348080932944, -21.279831439393703 ] ] ] } },
{ "type": "Feature", "properties": { "id_feicao": "fogo_2024_282", "ano": 2024.0, "mes": 9, "codigo_original": 15, "classe": "Pastagem", "cor": "#edde8e", "area_ha": 0.16676477168077403 }, "geometry": { "type": "Polygon", "coordinates": [ [ [ -45.040630030468698, -21.280639923149405 ], [ -45.040630030468698, -21.280100933978932 ], [ -45.040360535883465, -21.280100933978925 ], [ -45.040360535883465, -21.280639923149405 ], [ -45.040630030468698, -21.280639923149405 ] ] ] } },
{ "type": "Feature", "properties": { "id_feicao": "fogo_2024_283", "ano": 2024.0, "mes": 9, "codigo_original": 15, "classe": "Pastagem", "cor": "#edde8e", "area_ha": 0.41691249219720855 }, "geometry": { "type": "Polygon", "coordinates": [ [ [ -45.039282557542521, -21.2798314393937 ], [ -45.039282557542521, -21.280370428564165 ], [ -45.039552052127753, -21.280370428564162 ], [ -45.039552052127753, -21.280100933978925 ], [ -45.040360535883465, -21.280100933978925 ], [ -45.040360535883465, -21.2798314393937 ], [ -45.039282557542521, -21.2798314393937 ] ] ] } },
{ "type": "Feature", "properties": { "id_feicao": "fogo_2024_284", "ano": 2024.0, "mes": 9, "codigo_original": 15, "classe": "Pastagem", "cor": "#edde8e", "area_ha": 0.75044772150696426 }, "geometry": { "type": "Polygon", "coordinates": [ [ [ -45.040360535883465, -21.279292450223224 ], [ -45.040360535883465, -21.279022955637988 ], [ -45.040091041298226, -21.279022955637991 ], [ -45.040091041298226, -21.278753461052755 ], [ -45.039282557542521, -21.278753461052752 ], [ -45.039282557542521, -21.279292450223235 ], [ -45.040091041298226, -21.279292450223227 ], [ -45.040091041298226, -21.279561944808467 ], [ -45.040630030468698, -21.279561944808471 ], [ -45.040630030468698, -21.279292450223224 ], [ -45.040360535883465, -21.279292450223224 ] ] ] } },
{ "type": "Feature", "properties": { "id_feicao": "fogo_2024_285", "ano": 2024.0, "mes": 9, "codigo_original": 15, "classe": "Pastagem", "cor": "#edde8e", "area_ha": 5.0037056908531126 }, "geometry": { "type": "Polygon", "coordinates": [ [ [ -45.025807828280726, -21.258271872574834 ], [ -45.025807828280726, -21.258002377989595 ], [ -45.026077322865966, -21.258002377989587 ], [ -45.026077322865966, -21.256924399648646 ], [ -45.025538333695494, -21.256924399648643 ], [ -45.025538333695494, -21.256654905063414 ], [ -45.023651871598844, -21.256654905063417 ], [ -45.023651871598844, -21.256924399648643 ], [ -45.023112882428372, -21.256924399648643 ], [ -45.023112882428372, -21.258002377989584 ], [ -45.023382377013604, -21.258002377989591 ], [ -45.023382377013604, -21.258271872574834 ], [ -45.025807828280726, -21.258271872574834 ] ] ] } },
{ "type": "Feature", "properties": { "id_feicao": "fogo_2024_286", "ano": 2024.0, "mes": 9, "codigo_original": 15, "classe": "Pastagem", "cor": "#edde8e", "area_ha": 0.083396019402114469 }, "geometry": { "type": "Polygon", "coordinates": [ [ [ -45.034162160423037, -21.255846421307709 ], [ -45.034162160423037, -21.255576926722476 ], [ -45.033892665837804, -21.255576926722476 ], [ -45.033892665837804, -21.255846421307698 ], [ -45.034162160423037, -21.255846421307709 ] ] ] } },
{ "type": "Feature", "properties": { "id_feicao": "fogo_2024_287", "ano": 2024.0, "mes": 9, "codigo_original": 15, "classe": "Pastagem", "cor": "#edde8e", "area_ha": 0.16679203679524249 }, "geometry": { "type": "Polygon", "coordinates": [ [ [ -45.033623171252565, -21.255846421307709 ], [ -45.033623171252565, -21.255576926722473 ], [ -45.033084182082092, -21.255576926722469 ], [ -45.033084182082092, -21.255846421307705 ], [ -45.033623171252565, -21.255846421307709 ] ] ] } },
{ "type": "Feature", "properties": { "id_feicao": "fogo_2024_288", "ano": 2024.0, "mes": 9, "codigo_original": 15, "classe": "Pastagem", "cor": "#edde8e", "area_ha": 1.0007568468584676 }, "geometry": { "type": "Polygon", "coordinates": [ [ [ -45.034431655008277, -21.255576926722476 ], [ -45.034431655008277, -21.254498948381528 ], [ -45.033353676667332, -21.254498948381528 ], [ -45.033353676667332, -21.255037937552 ], [ -45.033623171252565, -21.255037937552004 ], [ -45.033623171252565, -21.255307432137236 ], [ -45.034162160423037, -21.255307432137236 ], [ -45.034162160423037, -21.255576926722476 ], [ -45.034431655008277, -21.255576926722476 ] ] ] } },
{ "type": "Feature", "properties": { "id_feicao": "fogo_2024_289", "ano": 2024.0, "mes": 9, "codigo_original": 15, "classe": "Pastagem", "cor": "#edde8e", "area_ha": 1.3344346676814982 }, "geometry": { "type": "Polygon", "coordinates": [ [ [ -44.921513423794451, -21.245336132483509 ], [ -44.921513423794451, -21.24425815414256 ], [ -44.920435445453506, -21.244258154142557 ], [ -44.920435445453506, -21.245336132483509 ], [ -44.921513423794451, -21.245336132483509 ] ] ] } },
{ "type": "Feature", "properties": { "id_feicao": "fogo_2024_290", "ano": 2024.0, "mes": 9, "codigo_original": 15, "classe": "Pastagem", "cor": "#edde8e", "area_ha": 0.16683770231429926 }, "geometry": { "type": "Polygon", "coordinates": [ [ [ -44.990234543029594, -21.214613749766613 ], [ -44.990234543029594, -21.214074760596144 ], [ -44.989965048444361, -21.214074760596155 ], [ -44.989965048444361, -21.214613749766617 ], [ -44.990234543029594, -21.214613749766613 ] ] ] } },
{ "type": "Feature", "properties": { "id_feicao": "fogo_2024_291", "ano": 2024.0, "mes": 9, "codigo_original": 15, "classe": "Pastagem", "cor": "#edde8e", "area_ha": 0.08341936981832053 }, "geometry": { "type": "Polygon", "coordinates": [ [ [ -45.003170283120923, -21.213535771425679 ], [ -45.003170283120923, -21.213266276840436 ], [ -45.002900788535676, -21.213266276840447 ], [ -45.002900788535676, -21.213535771425676 ], [ -45.003170283120923, -21.213535771425679 ] ] ] } },
{ "type": "Feature", "properties": { "id_feicao": "fogo_2024_292", "ano": 2024.0, "mes": 9, "codigo_original": 15, "classe": "Pastagem", "cor": "#edde8e", "area_ha": 0.50051897765738496 }, "geometry": { "type": "Polygon", "coordinates": [ [ [ -45.001822810194739, -21.21299678225521 ], [ -45.001822810194739, -21.212727287669967 ], [ -45.002092304779978, -21.212727287669964 ], [ -45.002092304779978, -21.212188298499488 ], [ -45.001553315609506, -21.212188298499495 ], [ -45.001553315609506, -21.212457793084731 ], [ -45.001283821024266, -21.212457793084731 ], [ -45.001283821024266, -21.212727287669971 ], [ -45.001553315609506, -21.212727287669967 ], [ -45.001553315609506, -21.2129967822552 ], [ -45.001822810194739, -21.21299678225521 ] ] ] } },
{ "type": "Feature", "properties": { "id_feicao": "fogo_2024_293", "ano": 2024.0, "mes": 9, "codigo_original": 15, "classe": "Pastagem", "cor": "#edde8e", "area_ha": 0.083420114057296227 }, "geometry": { "type": "Polygon", "coordinates": [ [ [ -45.005865228973271, -21.212188298499498 ], [ -45.005865228973271, -21.211918803914259 ], [ -45.005595734388038, -21.211918803914259 ], [ -45.005595734388038, -21.212188298499495 ], [ -45.005865228973271, -21.212188298499498 ] ] ] } },
{ "type": "Feature", "properties": { "id_feicao": "fogo_2024_294", "ano": 2024.0, "mes": 9, "codigo_original": 15, "classe": "Pastagem", "cor": "#edde8e", "area_ha": 0.083420411284887322 }, "geometry": { "type": "Polygon", "coordinates": [ [ [ -45.00478725063234, -21.211649309329019 ], [ -45.00478725063234, -21.211379814743793 ], [ -45.004517756047093, -21.211379814743793 ], [ -45.004517756047093, -21.211649309329022 ], [ -45.00478725063234, -21.211649309329019 ] ] ] } },
{ "type": "Feature", "properties": { "id_feicao": "fogo_2024_295", "ano": 2024.0, "mes": 9, "codigo_original": 15, "classe": "Pastagem", "cor": "#edde8e", "area_ha": 0.16684097179548854 }, "geometry": { "type": "Polygon", "coordinates": [ [ [ -45.005865228973271, -21.211649309329022 ], [ -45.005865228973271, -21.211110320158554 ], [ -45.005595734388038, -21.21111032015855 ], [ -45.005595734388038, -21.211649309329029 ], [ -45.005865228973271, -21.211649309329022 ] ] ] } },
{ "type": "Feature", "properties": { "id_feicao": "fogo_2024_296", "ano": 2024.0, "mes": 9, "codigo_original": 15, "classe": "Pastagem", "cor": "#edde8e", "area_ha": 0.083420708928158338 }, "geometry": { "type": "Polygon", "coordinates": [ [ [ -45.005595734388038, -21.21111032015855 ], [ -45.005595734388038, -21.210840825573325 ], [ -45.005326239802812, -21.210840825573321 ], [ -45.005326239802812, -21.21111032015855 ], [ -45.005595734388038, -21.21111032015855 ] ] ] } },
{ "type": "Feature", "properties": { "id_feicao": "fogo_2024_297", "ano": 2024.0, "mes": 9, "codigo_original": 15, "classe": "Pastagem", "cor": "#edde8e", "area_ha": 0.2502625721383841 }, "geometry": { "type": "Polygon", "coordinates": [ [ [ -45.004517756047093, -21.210840825573314 ], [ -45.004517756047093, -21.210571330988074 ], [ -45.003709272291395, -21.210571330988078 ], [ -45.003709272291395, -21.210840825573314 ], [ -45.004517756047093, -21.210840825573314 ] ] ] } },
{ "type": "Feature", "properties": { "id_feicao": "fogo_2024_298", "ano": 2024.0, "mes": 9, "codigo_original": 15, "classe": "Pastagem", "cor": "#edde8e", "area_ha": 3.1704689642334336 }, "geometry": { "type": "Polygon", "coordinates": [ [ [ -45.001014326439034, -21.188203280413507 ], [ -45.001014326439034, -21.187125302072563 ], [ -44.999936348098089, -21.187125302072555 ], [ -44.999936348098089, -21.187664291243031 ], [ -44.998319380586672, -21.187664291243031 ], [ -44.998319380586672, -21.188742269583976 ], [ -44.999666853512849, -21.188742269583972 ], [ -44.999666853512849, -21.188203280413504 ], [ -45.001014326439034, -21.188203280413507 ] ] ] } },
{ "type": "Feature", "properties": { "id_feicao": "fogo_2024_299", "ano": 2024.0, "mes": 9, "codigo_original": 21, "classe": "Mosaico de Usos", "cor": "#ffefc3", "area_ha": 0.2502694914419204 }, "geometry": { "type": "Polygon", "coordinates": [ [ [ -45.115549525164269, -21.207067901380011 ], [ -45.115819019749502, -21.207067901380022 ], [ -45.115819019749502, -21.206798406794785 ], [ -45.115280030579029, -21.206798406794782 ], [ -45.115280030579029, -21.207337395965251 ], [ -45.115549525164269, -21.207337395965254 ], [ -45.115549525164269, -21.207067901380011 ] ] ] } },
{ "type": "Feature", "properties": { "id_feicao": "fogo_2024_300", "ano": 2024.0, "mes": 9, "codigo_original": 21, "classe": "Mosaico de Usos", "cor": "#ffefc3", "area_ha": 0.58396225995600548 }, "geometry": { "type": "Polygon", "coordinates": [ [ [ -45.114741041408557, -21.20760689055048 ], [ -45.114741041408557, -21.207337395965251 ], [ -45.115010535993797, -21.207337395965254 ], [ -45.115010535993797, -21.206798406794782 ], [ -45.115280030579029, -21.206798406794782 ], [ -45.115280030579029, -21.206528912209549 ], [ -45.114741041408557, -21.206528912209546 ], [ -45.114741041408557, -21.206798406794785 ], [ -45.114471546823324, -21.206798406794785 ], [ -45.114471546823324, -21.207606890550483 ], [ -45.114741041408557, -21.20760689055048 ] ] ] } },
{ "type": "Feature", "properties": { "id_feicao": "fogo_2024_301", "ano": 2024.0, "mes": 9, "codigo_original": 21, "classe": "Mosaico de Usos", "cor": "#ffefc3", "area_ha": 0.083430087506900966 }, "geometry": { "type": "Polygon", "coordinates": [ [ [ -45.117974976431391, -21.194401655873929 ], [ -45.117974976431391, -21.194671150459168 ], [ -45.118244471016624, -21.194671150459165 ], [ -45.118244471016624, -21.194401655873932 ], [ -45.117974976431391, -21.194401655873929 ] ] ] } },
{ "type": "Feature", "properties": { "id_feicao": "fogo_2024_302", "ano": 2024.0, "mes": 9, "codigo_original": 21, "classe": "Mosaico de Usos", "cor": "#ffefc3", "area_ha": 0.083431416605785486 }, "geometry": { "type": "Polygon", "coordinates": [ [ [ -45.116627503505214, -21.191976204606807 ], [ -45.116358008919974, -21.19197620460681 ], [ -45.116358008919974, -21.192245699192053 ], [ -45.116627503505214, -21.192245699192046 ], [ -45.116627503505214, -21.191976204606807 ] ] ] } },
{ "type": "Feature", "properties": { "id_feicao": "fogo_2024_303", "ano": 2024.0, "mes": 9, "codigo_original": 21, "classe": "Mosaico de Usos", "cor": "#ffefc3", "area_ha": 0.25029555818306415 }, "geometry": { "type": "Polygon", "coordinates": [ [ [ -45.114202052238092, -21.191167720851098 ], [ -45.114202052238092, -21.191437215436338 ], [ -45.115010535993797, -21.191437215436331 ], [ -45.115010535993797, -21.191167720851098 ], [ -45.114202052238092, -21.191167720851098 ] ] ] } },
{ "type": "Feature", "properties": { "id_feicao": "fogo_2024_304", "ano": 2024.0, "mes": 9, "codigo_original": 21, "classe": "Mosaico de Usos", "cor": "#ffefc3", "area_ha": 0.50059248051503247 }, "geometry": { "type": "Polygon", "coordinates": [ [ [ -45.115549525164269, -21.191167720851105 ], [ -45.115549525164269, -21.191437215436341 ], [ -45.115819019749502, -21.191437215436341 ], [ -45.115819019749502, -21.190359237095389 ], [ -45.115549525164269, -21.190359237095386 ], [ -45.115549525164269, -21.190628731680622 ], [ -45.115280030579029, -21.190628731680633 ], [ -45.115280030579029, -21.191167720851098 ], [ -45.115549525164269, -21.191167720851105 ] ] ] } },
{ "type": "Feature", "properties": { "id_feicao": "fogo_2024_305", "ano": 2024.0, "mes": 9, "codigo_original": 21, "classe": "Mosaico de Usos", "cor": "#ffefc3", "area_ha": 0.083432148550450808 }, "geometry": { "type": "Polygon", "coordinates": [ [ [ -45.114471546823324, -21.190628731680629 ], [ -45.114202052238092, -21.190628731680629 ], [ -45.114202052238092, -21.190898226265858 ], [ -45.114471546823324, -21.190898226265862 ], [ -45.114471546823324, -21.190628731680629 ] ] ] } },
{ "type": "Feature", "properties": { "id_feicao": "fogo_2024_306", "ano": 2024.0, "mes": 9, "codigo_original": 21, "classe": "Mosaico de Usos", "cor": "#ffefc3", "area_ha": 0.25026790389483761 }, "geometry": { "type": "Polygon", "coordinates": [ [ [ -45.114202052238092, -21.20760689055049 ], [ -45.114202052238092, -21.208415374306188 ], [ -45.114471546823324, -21.208415374306192 ], [ -45.114471546823324, -21.207606890550483 ], [ -45.114202052238092, -21.20760689055049 ] ] ] } },
{ "type": "Feature", "properties": { "id_feicao": "fogo_2024_307", "ano": 2024.0, "mes": 9, "codigo_original": 21, "classe": "Mosaico de Usos", "cor": "#ffefc3", "area_ha": 0.083423646241657837 }, "geometry": { "type": "Polygon", "coordinates": [ [ [ -45.108273171362903, -21.205989923039077 ], [ -45.108273171362903, -21.206259417624313 ], [ -45.108542665948136, -21.20625941762431 ], [ -45.108542665948136, -21.205989923039077 ], [ -45.108273171362903, -21.205989923039077 ] ] ] } },
{ "type": "Feature", "properties": { "id_feicao": "fogo_2024_308", "ano": 2024.0, "mes": 9, "codigo_original": 21, "classe": "Mosaico de Usos", "cor": "#ffefc3", "area_ha": 0.083423793645820574 }, "geometry": { "type": "Polygon", "coordinates": [ [ [ -45.108003676777663, -21.205720428453841 ], [ -45.108003676777663, -21.205989923039077 ], [ -45.108273171362903, -21.205989923039077 ], [ -45.108273171362903, -21.205720428453841 ], [ -45.108003676777663, -21.205720428453841 ] ] ] } },
{ "type": "Feature", "properties": { "id_feicao": "fogo_2024_309", "ano": 2024.0, "mes": 9, "codigo_original": 21, "classe": "Mosaico de Usos", "cor": "#ffefc3", "area_ha": 0.083425567822043425 }, "geometry": { "type": "Polygon", "coordinates": [ [ [ -45.067309994407047, -21.20221699884577 ], [ -45.067309994407047, -21.202486493431007 ], [ -45.067579488992287, -21.202486493431007 ], [ -45.067579488992287, -21.202216998845767 ], [ -45.067309994407047, -21.20221699884577 ] ] ] } },
{ "type": "Feature", "properties": { "id_feicao": "fogo_2024_310", "ano": 2024.0, "mes": 9, "codigo_original": 21, "classe": "Mosaico de Usos", "cor": "#ffefc3", "area_ha": 0.083428416867801655 }, "geometry": { "type": "Polygon", "coordinates": [ [ [ -45.110968117215258, -21.197366096311526 ], [ -45.110968117215258, -21.197635590896766 ], [ -45.111237611800497, -21.197635590896766 ], [ -45.111237611800497, -21.197366096311526 ], [ -45.110968117215258, -21.197366096311526 ] ] ] } },
{ "type": "Feature", "properties": { "id_feicao": "fogo_2024_311", "ano": 2024.0, "mes": 9, "codigo_original": 21, "classe": "Mosaico de Usos", "cor": "#ffefc3", "area_ha": 0.083429006126283733 }, "geometry": { "type": "Polygon", "coordinates": [ [ [ -45.109890138874313, -21.196288117970582 ], [ -45.109890138874313, -21.196557612555818 ], [ -45.110159633459553, -21.196557612555821 ], [ -45.110159633459553, -21.196288117970575 ], [ -45.109890138874313, -21.196288117970582 ] ] ] } },
{ "type": "Feature", "properties": { "id_feicao": "fogo_2024_312", "ano": 2024.0, "mes": 9, "codigo_original": 41, "classe": "Outras Lavouras Temporárias", "cor": "#f54ca9", "area_ha": 0.083375512163899837 }, "geometry": { "type": "Polygon", "coordinates": [ [ [ -45.068118478162759, -21.292767179485015 ], [ -45.06784898357752, -21.292767179485015 ], [ -45.06784898357752, -21.293036674070251 ], [ -45.068118478162759, -21.293036674070244 ], [ -45.068118478162759, -21.292767179485015 ] ] ] } },
{ "type": "Feature", "properties": { "id_feicao": "fogo_2024_313", "ano": 2024.0, "mes": 9, "codigo_original": 41, "classe": "Outras Lavouras Temporárias", "cor": "#f54ca9", "area_ha": 0.08337610929149096 }, "geometry": { "type": "Polygon", "coordinates": [ [ [ -45.06784898357752, -21.291689201144074 ], [ -45.06784898357752, -21.291958695729299 ], [ -45.068118478162759, -21.291958695729313 ], [ -45.068118478162759, -21.291689201144074 ], [ -45.06784898357752, -21.291689201144074 ] ] ] } },
{ "type": "Feature", "properties": { "id_feicao": "fogo_2024_314", "ano": 2024.0, "mes": 9, "codigo_original": 41, "classe": "Outras Lavouras Temporárias", "cor": "#f54ca9", "area_ha": 0.083376106064993294 }, "geometry": { "type": "Polygon", "coordinates": [ [ [ -45.066771005236575, -21.291689201144081 ], [ -45.066771005236575, -21.291958695729306 ], [ -45.067040499821815, -21.291958695729303 ], [ -45.067040499821815, -21.291689201144081 ], [ -45.066771005236575, -21.291689201144081 ] ] ] } },
{ "type": "Feature", "properties": { "id_feicao": "fogo_2024_315", "ano": 2024.0, "mes": 9, "codigo_original": 41, "classe": "Outras Lavouras Temporárias", "cor": "#f54ca9", "area_ha": 1.000593051662874 }, "geometry": { "type": "Polygon", "coordinates": [ [ [ -45.040630030468698, -21.280100933978932 ], [ -45.040630030468698, -21.280370428564169 ], [ -45.04116901963917, -21.280370428564165 ], [ -45.04116901963917, -21.280100933978925 ], [ -45.040899525053938, -21.280100933978929 ], [ -45.040899525053938, -21.2798314393937 ], [ -45.040630030468698, -21.279831439393703 ], [ -45.040630030468698, -21.279561944808471 ], [ -45.040091041298226, -21.279561944808467 ], [ -45.040091041298226, -21.279292450223227 ], [ -45.039282557542521, -21.279292450223235 ], [ -45.039282557542521, -21.2798314393937 ], [ -45.040360535883465, -21.2798314393937 ], [ -45.040360535883465, -21.280100933978925 ], [ -45.040630030468698, -21.280100933978932 ] ] ] } },
{ "type": "Feature", "properties": { "id_feicao": "fogo_2024_316", "ano": 2024.0, "mes": 9, "codigo_original": 41, "classe": "Outras Lavouras Temporárias", "cor": "#f54ca9", "area_ha": 0.083419667191234281 }, "geometry": { "type": "Polygon", "coordinates": [ [ [ -45.001822810194739, -21.212727287669967 ], [ -45.001822810194739, -21.21299678225521 ], [ -45.002092304779978, -21.212996782255207 ], [ -45.002092304779978, -21.212727287669964 ], [ -45.001822810194739, -21.212727287669967 ] ] ] } },
{ "type": "Feature", "properties": { "id_feicao": "fogo_2024_317", "ano": 2024.0, "mes": 9, "codigo_original": 41, "classe": "Outras Lavouras Temporárias", "cor": "#f54ca9", "area_ha": 0.083419964700396601 }, "geometry": { "type": "Polygon", "coordinates": [ [ [ -45.002092304779978, -21.212188298499488 ], [ -45.002092304779978, -21.212457793084738 ], [ -45.002361799365211, -21.212457793084731 ], [ -45.002361799365211, -21.212188298499495 ], [ -45.002092304779978, -21.212188298499488 ] ] ] } },
{ "type": "Feature", "properties": { "id_feicao": "fogo_2024_318", "ano": 2024.0, "mes": 9, "codigo_original": 41, "classe": "Outras Lavouras Temporárias", "cor": "#f54ca9", "area_ha": 0.083423020191641314 }, "geometry": { "type": "Polygon", "coordinates": [ [ [ -45.060303135190914, -21.206798406794785 ], [ -45.060303135190914, -21.207067901380015 ], [ -45.060572629776154, -21.207067901380022 ], [ -45.060572629776154, -21.206798406794782 ], [ -45.060303135190914, -21.206798406794785 ] ] ] } },
{ "type": "Feature", "properties": { "id_feicao": "fogo_2024_319", "ano": 2024.0, "mes": 9, "codigo_original": 41, "classe": "Outras Lavouras Temporárias", "cor": "#f54ca9", "area_ha": 0.16675977737884967 }, "geometry": { "type": "Polygon", "coordinates": [ [ [ -44.992659994296716, -21.284682341927951 ], [ -44.992121005126243, -21.28468234192794 ], [ -44.992121005126243, -21.284951836513184 ], [ -44.992659994296716, -21.284951836513176 ], [ -44.992659994296716, -21.284682341927951 ] ] ] } },
{ "type": "Feature", "properties": { "id_feicao": "fogo_2024_320", "ano": 2024.0, "mes": 9, "codigo_original": 41, "classe": "Outras Lavouras Temporárias", "cor": "#f54ca9", "area_ha": 0.25014033028806687 }, "geometry": { "type": "Polygon", "coordinates": [ [ [ -44.991851510541011, -21.284412847342711 ], [ -44.991851510541011, -21.284143352757471 ], [ -44.991582015955771, -21.284143352757475 ], [ -44.991582015955771, -21.28468234192794 ], [ -44.992121005126243, -21.28468234192794 ], [ -44.992121005126243, -21.284412847342711 ], [ -44.991851510541011, -21.284412847342711 ] ] ] } },
{ "type": "Feature", "properties": { "id_feicao": "fogo_2024_321", "ano": 2024.0, "mes": 9, "codigo_original": 41, "classe": "Outras Lavouras Temporárias", "cor": "#f54ca9", "area_ha": 0.083381531252061519 }, "geometry": { "type": "Polygon", "coordinates": [ [ [ -44.989426059273889, -21.281717901490349 ], [ -44.989426059273889, -21.281987396075589 ], [ -44.989695553859121, -21.281987396075586 ], [ -44.989695553859121, -21.281717901490349 ], [ -44.989426059273889, -21.281717901490349 ] ] ] } },
{ "type": "Feature", "properties": { "id_feicao": "fogo_2024_322", "ano": 2024.0, "mes": 9, "codigo_original": 41, "classe": "Outras Lavouras Temporárias", "cor": "#f54ca9", "area_ha": 0.0833824255883788 }, "geometry": { "type": "Polygon", "coordinates": [ [ [ -44.991582015955771, -21.280100933978936 ], [ -44.991582015955771, -21.280370428564165 ], [ -44.991851510541011, -21.280370428564165 ], [ -44.991851510541011, -21.280100933978932 ], [ -44.991582015955771, -21.280100933978936 ] ] ] } },
{ "type": "Feature", "properties": { "id_feicao": "fogo_2024_323", "ano": 2024.0, "mes": 9, "codigo_original": 41, "classe": "Outras Lavouras Temporárias", "cor": "#f54ca9", "area_ha": 0.16676500144155676 }, "geometry": { "type": "Polygon", "coordinates": [ [ [ -44.990234543029594, -21.279831439393696 ], [ -44.990234543029594, -21.280370428564162 ], [ -44.990504037614834, -21.280370428564169 ], [ -44.990504037614834, -21.2798314393937 ], [ -44.990234543029594, -21.279831439393696 ] ] ] } },
{ "type": "Feature", "properties": { "id_feicao": "fogo_2024_324", "ano": 2024.0, "mes": 9, "codigo_original": 41, "classe": "Outras Lavouras Temporárias", "cor": "#f54ca9", "area_ha": 0.083418628028112535 }, "geometry": { "type": "Polygon", "coordinates": [ [ [ -44.989965048444361, -21.214613749766617 ], [ -44.989965048444361, -21.214883244351856 ], [ -44.990234543029594, -21.214883244351864 ], [ -44.990234543029594, -21.214613749766613 ], [ -44.989965048444361, -21.214613749766617 ] ] ] } },
{ "type": "Feature", "properties": { "id_feicao": "fogo_2024_325", "ano": 2024.0, "mes": 9, "codigo_original": 41, "classe": "Outras Lavouras Temporárias", "cor": "#f54ca9", "area_ha": 0.083419518423336489 }, "geometry": { "type": "Polygon", "coordinates": [ [ [ -45.001553315609506, -21.2129967822552 ], [ -45.001553315609506, -21.213266276840443 ], [ -45.001822810194739, -21.213266276840447 ], [ -45.001822810194739, -21.21299678225521 ], [ -45.001553315609506, -21.2129967822552 ] ] ] } },
{ "type": "Feature", "properties": { "id_feicao": "fogo_2024_326", "ano": 2024.0, "mes": 10, "codigo_original": 4, "classe": "Formação Savânica", "cor": "#7dc975", "area_ha": 0.083331745682191108 }, "geometry": { "type": "Polygon", "coordinates": [ [ [ -45.083479669521203, -21.371998587544354 ], [ -45.083749164106436, -21.371998587544358 ], [ -45.083749164106436, -21.371729092959129 ], [ -45.083479669521203, -21.371729092959121 ], [ -45.083479669521203, -21.371998587544354 ] ] ] } },
{ "type": "Feature", "properties": { "id_feicao": "fogo_2024_327", "ano": 2024.0, "mes": 10, "codigo_original": 4, "classe": "Formação Savânica", "cor": "#7dc975", "area_ha": 0.083334567072335636 }, "geometry": { "type": "Polygon", "coordinates": [ [ [ -45.07647281030507, -21.366878190424877 ], [ -45.07674230489031, -21.366878190424881 ], [ -45.07674230489031, -21.366608695839645 ], [ -45.07647281030507, -21.366608695839648 ], [ -45.07647281030507, -21.366878190424877 ] ] ] } },
{ "type": "Feature", "properties": { "id_feicao": "fogo_2024_328", "ano": 2024.0, "mes": 10, "codigo_original": 12, "classe": "Formação Campestre", "cor": "#d6bc74", "area_ha": 0.083333013440575449 }, "geometry": { "type": "Polygon", "coordinates": [ [ [ -45.100457828391058, -21.369842630862475 ], [ -45.100727322976297, -21.369842630862475 ], [ -45.100727322976297, -21.369573136277236 ], [ -45.100457828391058, -21.369573136277232 ], [ -45.100457828391058, -21.369842630862475 ] ] ] } },
{ "type": "Feature", "properties": { "id_feicao": "fogo_2024_329", "ano": 2024.0, "mes": 10, "codigo_original": 12, "classe": "Formação Campestre", "cor": "#d6bc74", "area_ha": 0.25000415331879633 }, "geometry": { "type": "Polygon", "coordinates": [ [ [ -45.07647281030507, -21.366608695839648 ], [ -45.077281294060782, -21.366608695839638 ], [ -45.077281294060782, -21.366339201254409 ], [ -45.07647281030507, -21.366339201254412 ], [ -45.07647281030507, -21.366608695839648 ] ] ] } },
{ "type": "Feature", "properties": { "id_feicao": "fogo_2024_330", "ano": 2024.0, "mes": 10, "codigo_original": 15, "classe": "Pastagem", "cor": "#edde8e", "area_ha": 0.560943337466421 }, "geometry": { "type": "Polygon", "coordinates": [ [ [ -44.986721347326672, -21.152360500584628 ], [ -44.986567, -21.152537999999893 ], [ -44.986443, -21.152779 ], [ -44.986331999999898, -21.152997 ], [ -44.986269, -21.15325 ], [ -44.986207, -21.15356 ], [ -44.986153191359151, -21.15370797389695 ], [ -44.986731113421527, -21.153707973503316 ], [ -44.986731113421527, -21.152360500577135 ], [ -44.986721347326672, -21.152360500584628 ] ] ] } },
{ "type": "Feature", "properties": { "id_feicao": "fogo_2024_331", "ano": 2024.0, "mes": 11, "codigo_original": 3, "classe": "Formação Florestal", "cor": "#1f8d49", "area_ha": 0.083332338045383036 }, "geometry": { "type": "Polygon", "coordinates": [ [ [ -45.081593207424547, -21.370651114618184 ], [ -45.081593207424547, -21.37092060920342 ], [ -45.081862702009786, -21.370920609203413 ], [ -45.081862702009786, -21.370651114618177 ], [ -45.081593207424547, -21.370651114618184 ] ] ] } },
{ "type": "Feature", "properties": { "id_feicao": "fogo_2024_332", "ano": 2024.0, "mes": 11, "codigo_original": 12, "classe": "Formação Campestre", "cor": "#d6bc74", "area_ha": 0.25000348886958756 }, "geometry": { "type": "Polygon", "coordinates": [ [ [ -45.07674230489031, -21.366608695839645 ], [ -45.07674230489031, -21.366878190424881 ], [ -45.077011799475542, -21.366878190424881 ], [ -45.077011799475542, -21.36714768501011 ], [ -45.077281294060782, -21.367147685010114 ], [ -45.077281294060782, -21.366608695839638 ], [ -45.07674230489031, -21.366608695839645 ] ] ] } }
]
}
