{
"type": "FeatureCollection",
"name": "fogo_2020",
"crs": { "type": "name", "properties": { "name": "urn:ogc:def:crs:OGC:1.3:CRS84" } },
"features": [
{ "type": "Feature", "properties": { "id_feicao": "fogo_2020_1", "ano": 2020.0, "mes": 2, "codigo_original": 3, "classe": "Formação Florestal", "cor": "#1f8d49", "area_ha": 0.25024030831484123 }, "geometry": { "type": "Polygon", "coordinates": [ [ [ -45.027963784962616, -21.224315554835112 ], [ -45.028772268718321, -21.224315554835108 ], [ -45.028772268718321, -21.224046060249872 ], [ -45.027963784962616, -21.224046060249872 ], [ -45.027963784962616, -21.224315554835112 ] ] ] } },
{ "type": "Feature", "properties": { "id_feicao": "fogo_2020_2", "ano": 2020.0, "mes": 2, "codigo_original": 3, "classe": "Formação Florestal", "cor": "#1f8d49", "area_ha": 0.16682866253666578 }, "geometry": { "type": "Polygon", "coordinates": [ [ [ -45.029850247059265, -21.222698587323691 ], [ -45.030389236229738, -21.222698587323691 ], [ -45.030389236229738, -21.222429092738469 ], [ -45.029850247059265, -21.222429092738466 ], [ -45.029850247059265, -21.222698587323691 ] ] ] } },
{ "type": "Feature", "properties": { "id_feicao": "fogo_2020_3", "ano": 2020.0, "mes": 4, "codigo_original": 41, "classe": "Outras Lavouras Temporárias", "cor": "#f54ca9", "area_ha": 0.50014594181235883 }, "geometry": { "type": "Polygon", "coordinates": [ [ [ -45.122825878965635, -21.325645518883789 ], [ -45.122286889795163, -21.325645518883793 ], [ -45.122286889795163, -21.325915013469029 ], [ -45.123364868136107, -21.325915013469029 ], [ -45.123364868136107, -21.32537602429856 ], [ -45.122825878965635, -21.325376024298553 ], [ -45.122825878965635, -21.325645518883789 ] ] ] } },
{ "type": "Feature", "properties": { "id_feicao": "fogo_2020_4", "ano": 2020.0, "mes": 4, "codigo_original": 41, "classe": "Outras Lavouras Temporárias", "cor": "#f54ca9", "area_ha": 3.0009141303014824 }, "geometry": { "type": "Polygon", "coordinates": [ [ [ -45.126059813988469, -21.322950573031424 ], [ -45.126059813988469, -21.323220067616667 ], [ -45.125520824817997, -21.323220067616678 ], [ -45.125520824817997, -21.324567540542855 ], [ -45.127137792329407, -21.324567540542851 ], [ -45.127137792329407, -21.322681078446195 ], [ -45.126598803158934, -21.322681078446202 ], [ -45.126598803158934, -21.322950573031427 ], [ -45.126059813988469, -21.322950573031424 ] ] ] } },
{ "type": "Feature", "properties": { "id_feicao": "fogo_2020_5", "ano": 2020.0, "mes": 4, "codigo_original": 41, "classe": "Outras Lavouras Temporárias", "cor": "#f54ca9", "area_ha": 3.1680325521310686 }, "geometry": { "type": "Polygon", "coordinates": [ [ [ -45.114471546823324, -21.304894435820625 ], [ -45.114471546823324, -21.305433424991108 ], [ -45.115549525164269, -21.305433424991104 ], [ -45.115549525164269, -21.303546962894458 ], [ -45.113932557652852, -21.303546962894455 ], [ -45.113932557652852, -21.304894435820628 ], [ -45.114471546823324, -21.304894435820625 ] ] ] } },
{ "type": "Feature", "properties": { "id_feicao": "fogo_2020_6", "ano": 2020.0, "mes": 6, "codigo_original": 12, "classe": "Formação Campestre", "cor": "#d6bc74", "area_ha": 0.16668951770151033 }, "geometry": { "type": "Polygon", "coordinates": [ [ [ -45.114202052238092, -21.348822053214082 ], [ -45.114741041408557, -21.348822053214075 ], [ -45.114741041408557, -21.348552558628839 ], [ -45.114202052238092, -21.348552558628842 ], [ -45.114202052238092, -21.348822053214082 ] ] ] } },
{ "type": "Feature", "properties": { "id_feicao": "fogo_2020_7", "ano": 2020.0, "mes": 6, "codigo_original": 12, "classe": "Formação Campestre", "cor": "#d6bc74", "area_ha": 0.083345205787941815 }, "geometry": { "type": "Polygon", "coordinates": [ [ [ -45.113932557652852, -21.348013569458367 ], [ -45.114202052238092, -21.348013569458367 ], [ -45.114202052238092, -21.347744074873134 ], [ -45.113932557652852, -21.347744074873138 ], [ -45.113932557652852, -21.348013569458367 ] ] ] } },
{ "type": "Feature", "properties": { "id_feicao": "fogo_2020_8", "ano": 2020.0, "mes": 6, "codigo_original": 41, "classe": "Outras Lavouras Temporárias", "cor": "#f54ca9", "area_ha": 0.83357792952321474 }, "geometry": { "type": "Polygon", "coordinates": [ [ [ -45.122286889795163, -21.325645518883793 ], [ -45.122825878965635, -21.325645518883789 ], [ -45.122825878965635, -21.325376024298553 ], [ -45.123364868136107, -21.32537602429856 ], [ -45.123364868136107, -21.324837035128091 ], [ -45.122286889795163, -21.324837035128088 ], [ -45.122286889795163, -21.325645518883793 ] ] ] } },
{ "type": "Feature", "properties": { "id_feicao": "fogo_2020_9", "ano": 2020.0, "mes": 6, "codigo_original": 41, "classe": "Outras Lavouras Temporárias", "cor": "#f54ca9", "area_ha": 0.083359028232241686 }, "geometry": { "type": "Polygon", "coordinates": [ [ [ -45.125790319403237, -21.323220067616667 ], [ -45.125790319403237, -21.322950573031427 ], [ -45.125520824817997, -21.322950573031431 ], [ -45.125520824817997, -21.323220067616678 ], [ -45.125790319403237, -21.323220067616667 ] ] ] } },
{ "type": "Feature", "properties": { "id_feicao": "fogo_2020_10", "ano": 2020.0, "mes": 6, "codigo_original": 41, "classe": "Outras Lavouras Temporárias", "cor": "#f54ca9", "area_ha": 0.16671836295543763 }, "geometry": { "type": "Polygon", "coordinates": [ [ [ -45.126598803158934, -21.322950573031427 ], [ -45.126598803158934, -21.322681078446202 ], [ -45.126059813988469, -21.322681078446205 ], [ -45.126059813988469, -21.322950573031424 ], [ -45.126598803158934, -21.322950573031427 ] ] ] } },
{ "type": "Feature", "properties": { "id_feicao": "fogo_2020_11", "ano": 2020.0, "mes": 7, "codigo_original": 3, "classe": "Formação Florestal", "cor": "#1f8d49", "area_ha": 0.16684029729545355 }, "geometry": { "type": "Polygon", "coordinates": [ [ [ -45.090756023322569, -21.212188298499491 ], [ -45.090756023322569, -21.212457793084734 ], [ -45.091295012493042, -21.212457793084734 ], [ -45.091295012493042, -21.212188298499491 ], [ -45.090756023322569, -21.212188298499491 ] ] ] } },
{ "type": "Feature", "properties": { "id_feicao": "fogo_2020_12", "ano": 2020.0, "mes": 7, "codigo_original": 41, "classe": "Outras Lavouras Temporárias", "cor": "#f54ca9", "area_ha": 1.8341679765192482 }, "geometry": { "type": "Polygon", "coordinates": [ [ [ -45.054643748900965, -21.301121511627326 ], [ -45.05545223265667, -21.301121511627329 ], [ -45.05545223265667, -21.300852017042097 ], [ -45.055991221827142, -21.300852017042093 ], [ -45.055991221827142, -21.299774038701152 ], [ -45.054643748900965, -21.299774038701148 ], [ -45.054643748900965, -21.301121511627326 ] ], [ [ -45.055182738071437, -21.300313027871628 ], [ -45.055182738071437, -21.300043533286388 ], [ -45.05545223265667, -21.300043533286384 ], [ -45.05545223265667, -21.300313027871621 ], [ -45.055182738071437, -21.300313027871628 ] ] ] } },
{ "type": "Feature", "properties": { "id_feicao": "fogo_2020_13", "ano": 2020.0, "mes": 8, "codigo_original": 3, "classe": "Formação Florestal", "cor": "#1f8d49", "area_ha": 0.4170977279155515 }, "geometry": { "type": "Polygon", "coordinates": [ [ [ -45.089678044981625, -21.213266276840443 ], [ -45.088330572055447, -21.213266276840443 ], [ -45.088330572055447, -21.213535771425672 ], [ -45.089678044981625, -21.213535771425668 ], [ -45.089678044981625, -21.213266276840443 ] ] ] } },
{ "type": "Feature", "properties": { "id_feicao": "fogo_2020_14", "ano": 2020.0, "mes": 8, "codigo_original": 3, "classe": "Formação Florestal", "cor": "#1f8d49", "area_ha": 0.25026021151545497 }, "geometry": { "type": "Polygon", "coordinates": [ [ [ -45.090756023322569, -21.212457793084734 ], [ -45.090756023322569, -21.212188298499491 ], [ -45.09048652873733, -21.212188298499491 ], [ -45.09048652873733, -21.212727287669967 ], [ -45.091025517907802, -21.212727287669971 ], [ -45.091025517907802, -21.212457793084727 ], [ -45.090756023322569, -21.212457793084734 ] ] ] } },
{ "type": "Feature", "properties": { "id_feicao": "fogo_2020_15", "ano": 2020.0, "mes": 8, "codigo_original": 3, "classe": "Formação Florestal", "cor": "#1f8d49", "area_ha": 0.083420297930298107 }, "geometry": { "type": "Polygon", "coordinates": [ [ [ -45.091025517907802, -21.211918803914266 ], [ -45.091025517907802, -21.212188298499502 ], [ -45.091295012493042, -21.212188298499491 ], [ -45.091295012493042, -21.211918803914259 ], [ -45.091025517907802, -21.211918803914266 ] ] ] } },
{ "type": "Feature", "properties": { "id_feicao": "fogo_2020_16", "ano": 2020.0, "mes": 8, "codigo_original": 3, "classe": "Formação Florestal", "cor": "#1f8d49", "area_ha": 0.1668411810573959 }, "geometry": { "type": "Polygon", "coordinates": [ [ [ -45.089678044981625, -21.21137981474379 ], [ -45.089678044981625, -21.211649309329022 ], [ -45.090217034152097, -21.211649309329019 ], [ -45.090217034152097, -21.211379814743783 ], [ -45.089678044981625, -21.21137981474379 ] ] ] } },
{ "type": "Feature", "properties": { "id_feicao": "fogo_2020_17", "ano": 2020.0, "mes": 8, "codigo_original": 3, "classe": "Formação Florestal", "cor": "#1f8d49", "area_ha": 0.25026199582352454 }, "geometry": { "type": "Polygon", "coordinates": [ [ [ -45.089678044981625, -21.21137981474379 ], [ -45.089678044981625, -21.211110320158554 ], [ -45.089139055811152, -21.211110320158561 ], [ -45.089139055811152, -21.211649309329015 ], [ -45.089408550396392, -21.211649309329029 ], [ -45.089408550396392, -21.211379814743786 ], [ -45.089678044981625, -21.21137981474379 ] ] ] } },
{ "type": "Feature", "properties": { "id_feicao": "fogo_2020_18", "ano": 2020.0, "mes": 8, "codigo_original": 3, "classe": "Formação Florestal", "cor": "#1f8d49", "area_ha": 0.083420740882599875 }, "geometry": { "type": "Polygon", "coordinates": [ [ [ -45.090217034152097, -21.21111032015855 ], [ -45.090217034152097, -21.211379814743783 ], [ -45.09048652873733, -21.211379814743786 ], [ -45.09048652873733, -21.21111032015855 ], [ -45.090217034152097, -21.21111032015855 ] ] ] } },
{ "type": "Feature", "properties": { "id_feicao": "fogo_2020_19", "ano": 2020.0, "mes": 8, "codigo_original": 3, "classe": "Formação Florestal", "cor": "#1f8d49", "area_ha": 0.08342118599546966 }, "geometry": { "type": "Polygon", "coordinates": [ [ [ -45.089947539566865, -21.210301836402849 ], [ -45.089947539566865, -21.210571330988081 ], [ -45.090217034152097, -21.210571330988081 ], [ -45.090217034152097, -21.210301836402852 ], [ -45.089947539566865, -21.210301836402849 ] ] ] } },
{ "type": "Feature", "properties": { "id_feicao": "fogo_2020_20", "ano": 2020.0, "mes": 8, "codigo_original": 3, "classe": "Formação Florestal", "cor": "#1f8d49", "area_ha": 0.166712277737353 }, "geometry": { "type": "Polygon", "coordinates": [ [ [ -45.010177142337049, -21.327531980980449 ], [ -45.009638153166577, -21.327531980980446 ], [ -45.009638153166577, -21.327801475565682 ], [ -45.010177142337049, -21.327801475565682 ], [ -45.010177142337049, -21.327531980980449 ] ] ] } },
{ "type": "Feature", "properties": { "id_feicao": "fogo_2020_21", "ano": 2020.0, "mes": 8, "codigo_original": 3, "classe": "Formação Florestal", "cor": "#1f8d49", "area_ha": 0.083356590159149063 }, "geometry": { "type": "Polygon", "coordinates": [ [ [ -45.014758550286061, -21.326723497224737 ], [ -45.014758550286061, -21.326992991809977 ], [ -45.015028044871293, -21.326992991809973 ], [ -45.015028044871293, -21.326723497224734 ], [ -45.014758550286061, -21.326723497224737 ] ] ] } },
{ "type": "Feature", "properties": { "id_feicao": "fogo_2020_22", "ano": 2020.0, "mes": 8, "codigo_original": 3, "classe": "Formação Florestal", "cor": "#1f8d49", "area_ha": 0.16671377429022299 }, "geometry": { "type": "Polygon", "coordinates": [ [ [ -44.988348080932944, -21.326184508054268 ], [ -44.988348080932944, -21.326454002639501 ], [ -44.988887070103416, -21.326454002639505 ], [ -44.988887070103416, -21.326184508054265 ], [ -44.988348080932944, -21.326184508054268 ] ] ] } },
{ "type": "Feature", "properties": { "id_feicao": "fogo_2020_23", "ano": 2020.0, "mes": 8, "codigo_original": 3, "classe": "Formação Florestal", "cor": "#1f8d49", "area_ha": 0.1667140722756735 }, "geometry": { "type": "Polygon", "coordinates": [ [ [ -44.989426059273889, -21.325915013469025 ], [ -44.989426059273889, -21.326184508054265 ], [ -44.989965048444361, -21.326184508054265 ], [ -44.989965048444361, -21.325915013469029 ], [ -44.989426059273889, -21.325915013469025 ] ] ] } },
{ "type": "Feature", "properties": { "id_feicao": "fogo_2020_24", "ano": 2020.0, "mes": 8, "codigo_original": 3, "classe": "Formação Florestal", "cor": "#1f8d49", "area_ha": 0.083417157444339043 }, "geometry": { "type": "Polygon", "coordinates": [ [ [ -45.029311257888793, -21.217308695618986 ], [ -45.029311257888793, -21.217578190204211 ], [ -45.029580752474033, -21.217578190204218 ], [ -45.029580752474033, -21.217308695618978 ], [ -45.029311257888793, -21.217308695618986 ] ] ] } },
{ "type": "Feature", "properties": { "id_feicao": "fogo_2020_25", "ano": 2020.0, "mes": 8, "codigo_original": 3, "classe": "Formação Florestal", "cor": "#1f8d49", "area_ha": 1.0010504156183593 }, "geometry": { "type": "Polygon", "coordinates": [ [ [ -45.087522088299735, -21.21111032015855 ], [ -45.087522088299735, -21.211379814743793 ], [ -45.087791582884975, -21.21137981474379 ], [ -45.087791582884975, -21.211649309329029 ], [ -45.088061077470208, -21.211649309329029 ], [ -45.088061077470208, -21.211379814743783 ], [ -45.08860006664068, -21.211379814743783 ], [ -45.08860006664068, -21.210840825573321 ], [ -45.088330572055447, -21.210840825573317 ], [ -45.088330572055447, -21.210571330988074 ], [ -45.087791582884975, -21.210571330988085 ], [ -45.087791582884975, -21.210301836402852 ], [ -45.087522088299735, -21.210301836402852 ], [ -45.087522088299735, -21.210840825573321 ], [ -45.087791582884975, -21.210840825573321 ], [ -45.087791582884975, -21.21111032015855 ], [ -45.087522088299735, -21.21111032015855 ] ] ] } },
{ "type": "Feature", "properties": { "id_feicao": "fogo_2020_26", "ano": 2020.0, "mes": 8, "codigo_original": 3, "classe": "Formação Florestal", "cor": "#1f8d49", "area_ha": 0.083421031919637248 }, "geometry": { "type": "Polygon", "coordinates": [ [ [ -45.08860006664068, -21.210571330988074 ], [ -45.08860006664068, -21.210840825573321 ], [ -45.08886956122592, -21.210840825573317 ], [ -45.08886956122592, -21.210571330988074 ], [ -45.08860006664068, -21.210571330988074 ] ] ] } },
{ "type": "Feature", "properties": { "id_feicao": "fogo_2020_27", "ano": 2020.0, "mes": 8, "codigo_original": 4, "classe": "Formação Savânica", "cor": "#7dc975", "area_ha": 0.083353603103703239 }, "geometry": { "type": "Polygon", "coordinates": [ [ [ -44.980263243375866, -21.332113388929447 ], [ -44.980263243375866, -21.33238288351469 ], [ -44.980532737961106, -21.33238288351469 ], [ -44.980532737961106, -21.33211338892945 ], [ -44.980263243375866, -21.332113388929447 ] ] ] } },
{ "type": "Feature", "properties": { "id_feicao": "fogo_2020_28", "ano": 2020.0, "mes": 8, "codigo_original": 12, "classe": "Formação Campestre", "cor": "#d6bc74", "area_ha": 1.9169338925638235 }, "geometry": { "type": "Polygon", "coordinates": [ [ [ -45.113932557652852, -21.347744074873138 ], [ -45.113124073897147, -21.347744074873134 ], [ -45.113124073897147, -21.348822053214075 ], [ -45.113663063067619, -21.348822053214079 ], [ -45.113663063067619, -21.349091547799315 ], [ -45.114202052238092, -21.349091547799311 ], [ -45.114202052238092, -21.348552558628842 ], [ -45.114741041408557, -21.348552558628839 ], [ -45.114741041408557, -21.347744074873134 ], [ -45.114202052238092, -21.347744074873134 ], [ -45.114202052238092, -21.348013569458367 ], [ -45.113932557652852, -21.348013569458367 ], [ -45.113932557652852, -21.347744074873138 ] ] ] } },
{ "type": "Feature", "properties": { "id_feicao": "fogo_2020_29", "ano": 2020.0, "mes": 8, "codigo_original": 12, "classe": "Formação Campestre", "cor": "#d6bc74", "area_ha": 2.417267718907818 }, "geometry": { "type": "Polygon", "coordinates": [ [ [ -44.980532737961106, -21.33238288351469 ], [ -44.981341221716811, -21.332382883514686 ], [ -44.981341221716811, -21.331843894344207 ], [ -44.98161071630205, -21.331843894344214 ], [ -44.98161071630205, -21.331574399758978 ], [ -44.981341221716811, -21.331574399758978 ], [ -44.981341221716811, -21.331304905173738 ], [ -44.98161071630205, -21.331304905173749 ], [ -44.98161071630205, -21.330765916003276 ], [ -44.981071727131578, -21.330765916003269 ], [ -44.981071727131578, -21.330496421418044 ], [ -44.980263243375866, -21.330496421418033 ], [ -44.980263243375866, -21.332113388929447 ], [ -44.980532737961106, -21.33211338892945 ], [ -44.980532737961106, -21.33238288351469 ] ] ] } },
{ "type": "Feature", "properties": { "id_feicao": "fogo_2020_30", "ano": 2020.0, "mes": 8, "codigo_original": 12, "classe": "Formação Campestre", "cor": "#d6bc74", "area_ha": 0.41677068198304623 }, "geometry": { "type": "Polygon", "coordinates": [ [ [ -44.982149705472516, -21.331574399758978 ], [ -44.982958189228228, -21.331574399758981 ], [ -44.982958189228228, -21.331304905173749 ], [ -44.98322768381346, -21.331304905173752 ], [ -44.98322768381346, -21.331035410588512 ], [ -44.982688694642988, -21.331035410588509 ], [ -44.982688694642988, -21.331304905173742 ], [ -44.982149705472516, -21.331304905173749 ], [ -44.982149705472516, -21.331574399758978 ] ] ] } },
{ "type": "Feature", "properties": { "id_feicao": "fogo_2020_31", "ano": 2020.0, "mes": 8, "codigo_original": 12, "classe": "Formação Campestre", "cor": "#d6bc74", "area_ha": 6.1682674546836509 }, "geometry": { "type": "Polygon", "coordinates": [ [ [ -44.979993748790633, -21.329418443077095 ], [ -44.980263243375866, -21.329418443077095 ], [ -44.980263243375866, -21.329687937662332 ], [ -44.981071727131578, -21.329687937662321 ], [ -44.981071727131578, -21.329957432247568 ], [ -44.980263243375866, -21.329957432247561 ], [ -44.980263243375866, -21.330226926832804 ], [ -44.981071727131578, -21.3302269268328 ], [ -44.981071727131578, -21.330496421418044 ], [ -44.98161071630205, -21.330496421418037 ], [ -44.98161071630205, -21.330765916003276 ], [ -44.982419200057755, -21.330765916003276 ], [ -44.982419200057755, -21.331035410588505 ], [ -44.982688694642988, -21.331035410588509 ], [ -44.982688694642988, -21.330765916003266 ], [ -44.982958189228228, -21.330765916003269 ], [ -44.982958189228228, -21.330496421418033 ], [ -44.98322768381346, -21.33049642141804 ], [ -44.98322768381346, -21.330765916003276 ], [ -44.9834971783987, -21.330765916003276 ], [ -44.9834971783987, -21.330226926832797 ], [ -44.98322768381346, -21.330226926832804 ], [ -44.98322768381346, -21.329687937662328 ], [ -44.983766672983933, -21.329687937662328 ], [ -44.983766672983933, -21.328879453906623 ], [ -44.981341221716811, -21.32887945390662 ], [ -44.981341221716811, -21.329148948491856 ], [ -44.981071727131578, -21.329148948491856 ], [ -44.981071727131578, -21.328340464736151 ], [ -44.979993748790633, -21.328340464736154 ], [ -44.979993748790633, -21.328879453906623 ], [ -44.980263243375866, -21.328879453906627 ], [ -44.980263243375866, -21.329148948491859 ], [ -44.979993748790633, -21.329148948491856 ], [ -44.979993748790633, -21.329418443077095 ] ], [ [ -44.981341221716811, -21.329957432247561 ], [ -44.981880210887283, -21.329957432247568 ], [ -44.981880210887283, -21.329687937662328 ], [ -44.982149705472516, -21.329687937662328 ], [ -44.982149705472516, -21.330496421418037 ], [ -44.981880210887283, -21.33049642141804 ], [ -44.981880210887283, -21.330226926832793 ], [ -44.981341221716811, -21.3302269268328 ], [ -44.981341221716811, -21.329957432247561 ] ], [ [ -44.98161071630205, -21.329687937662328 ], [ -44.98161071630205, -21.329148948491856 ], [ -44.982149705472516, -21.329148948491863 ], [ -44.982149705472516, -21.329418443077095 ], [ -44.981880210887283, -21.329418443077092 ], [ -44.981880210887283, -21.329687937662328 ], [ -44.98161071630205, -21.329687937662328 ] ] ] } },
{ "type": "Feature", "properties": { "id_feicao": "fogo_2020_32", "ano": 2020.0, "mes": 8, "codigo_original": 12, "classe": "Formação Campestre", "cor": "#d6bc74", "area_ha": 21.589060866006452 }, "geometry": { "type": "Polygon", "coordinates": [ [ [ -45.011524615263227, -21.32726248639521 ], [ -45.011255120677994, -21.327262486395213 ], [ -45.011255120677994, -21.327531980980442 ], [ -45.010985626092754, -21.327531980980446 ], [ -45.010985626092754, -21.327801475565682 ], [ -45.010446636922282, -21.327801475565678 ], [ -45.010446636922282, -21.328070970150915 ], [ -45.009638153166577, -21.328070970150918 ], [ -45.009638153166577, -21.32860995932138 ], [ -45.010177142337049, -21.328609959321383 ], [ -45.010177142337049, -21.332921872685166 ], [ -45.011255120677994, -21.332921872685162 ], [ -45.011255120677994, -21.332382883514686 ], [ -45.011524615263227, -21.332382883514676 ], [ -45.011524615263227, -21.331843894344221 ], [ -45.011794109848466, -21.331843894344217 ], [ -45.011794109848466, -21.329957432247554 ], [ -45.012333099018932, -21.329957432247557 ], [ -45.012333099018932, -21.328879453906627 ], [ -45.012872088189404, -21.328879453906623 ], [ -45.012872088189404, -21.32860995932138 ], [ -45.015028044871293, -21.328609959321383 ], [ -45.015028044871293, -21.329687937662332 ], [ -45.016375517797471, -21.329687937662332 ], [ -45.016375517797471, -21.32860995932139 ], [ -45.017453496138415, -21.32860995932139 ], [ -45.017453496138415, -21.328070970150922 ], [ -45.017184001553183, -21.328070970150918 ], [ -45.017184001553183, -21.327801475565682 ], [ -45.015297539456526, -21.327801475565678 ], [ -45.015297539456526, -21.327531980980449 ], [ -45.015028044871293, -21.327531980980446 ], [ -45.015028044871293, -21.327801475565678 ], [ -45.014758550286061, -21.327801475565682 ], [ -45.014758550286061, -21.32726248639521 ], [ -45.013680571945116, -21.32726248639521 ], [ -45.013680571945116, -21.326992991809977 ], [ -45.013141582774644, -21.32699299180997 ], [ -45.013141582774644, -21.326723497224734 ], [ -45.012602593604171, -21.326723497224734 ], [ -45.012602593604171, -21.325645518883789 ], [ -45.011524615263227, -21.325645518883789 ], [ -45.011524615263227, -21.326454002639498 ], [ -45.012333099018932, -21.326454002639501 ], [ -45.012333099018932, -21.326723497224737 ], [ -45.011524615263227, -21.326723497224734 ], [ -45.011524615263227, -21.32726248639521 ] ], [ [ -45.014219561115588, -21.328340464736144 ], [ -45.014219561115588, -21.328070970150922 ], [ -45.014489055700821, -21.328070970150922 ], [ -45.014489055700821, -21.328340464736151 ], [ -45.014219561115588, -21.328340464736144 ] ] ] } },
{ "type": "Feature", "properties": { "id_feicao": "fogo_2020_33", "ano": 2020.0, "mes": 8, "codigo_original": 12, "classe": "Formação Campestre", "cor": "#d6bc74", "area_ha": 0.83355458374554292 }, "geometry": { "type": "Polygon", "coordinates": [ [ [ -45.02041793657601, -21.32887945390662 ], [ -45.019878947405537, -21.328879453906623 ], [ -45.019878947405537, -21.329148948491852 ], [ -45.019609452820305, -21.329148948491852 ], [ -45.019609452820305, -21.329418443077099 ], [ -45.020687431161249, -21.329418443077085 ], [ -45.020687431161249, -21.328879453906623 ], [ -45.020956925746482, -21.328879453906616 ], [ -45.020956925746482, -21.328340464736151 ], [ -45.020687431161249, -21.328340464736147 ], [ -45.020687431161249, -21.328609959321387 ], [ -45.02041793657601, -21.328609959321383 ], [ -45.02041793657601, -21.32887945390662 ] ] ] } },
{ "type": "Feature", "properties": { "id_feicao": "fogo_2020_34", "ano": 2020.0, "mes": 8, "codigo_original": 12, "classe": "Formação Campestre", "cor": "#d6bc74", "area_ha": 37.426969008723198 }, "geometry": { "type": "Polygon", "coordinates": [ [ [ -45.003978766876621, -21.32510652971332 ], [ -45.003978766876621, -21.325376024298556 ], [ -45.003439777706149, -21.32537602429856 ], [ -45.003439777706149, -21.325645518883793 ], [ -45.003170283120923, -21.325645518883793 ], [ -45.003170283120923, -21.327262486395206 ], [ -45.001553315609506, -21.327262486395213 ], [ -45.001553315609506, -21.327801475565678 ], [ -44.998858369757144, -21.327801475565682 ], [ -44.998858369757144, -21.326723497224737 ], [ -44.998319380586672, -21.326723497224737 ], [ -44.998319380586672, -21.325915013469029 ], [ -44.995085445563838, -21.325915013469029 ], [ -44.995085445563838, -21.326992991809973 ], [ -44.995354940149078, -21.326992991809973 ], [ -44.995354940149078, -21.32726248639521 ], [ -44.996971907660487, -21.327262486395213 ], [ -44.996971907660487, -21.32860995932139 ], [ -44.998049886001432, -21.328609959321383 ], [ -44.998049886001432, -21.328340464736144 ], [ -44.998319380586672, -21.328340464736151 ], [ -44.998319380586672, -21.32860995932139 ], [ -44.998588875171905, -21.32860995932139 ], [ -44.998588875171905, -21.329148948491852 ], [ -45.000205842683322, -21.329148948491859 ], [ -45.000205842683322, -21.328879453906616 ], [ -45.001283821024266, -21.32887945390662 ], [ -45.001283821024266, -21.329148948491859 ], [ -45.001014326439034, -21.329148948491856 ], [ -45.001014326439034, -21.329418443077099 ], [ -45.001283821024266, -21.329418443077088 ], [ -45.001283821024266, -21.329687937662328 ], [ -45.002900788535676, -21.329687937662332 ], [ -45.002900788535676, -21.329957432247564 ], [ -45.00478725063234, -21.329957432247561 ], [ -45.00478725063234, -21.329687937662321 ], [ -45.005326239802812, -21.329687937662332 ], [ -45.005326239802812, -21.329418443077092 ], [ -45.005595734388038, -21.329418443077092 ], [ -45.005595734388038, -21.328340464736154 ], [ -45.005326239802812, -21.328340464736144 ], [ -45.005326239802812, -21.328070970150922 ], [ -45.006404218143743, -21.328070970150918 ], [ -45.006404218143743, -21.327262486395213 ], [ -45.006673712728983, -21.32726248639521 ], [ -45.006673712728983, -21.326723497224737 ], [ -45.006943207314215, -21.32672349722473 ], [ -45.006943207314215, -21.326454002639501 ], [ -45.006673712728983, -21.326454002639501 ], [ -45.006673712728983, -21.326184508054265 ], [ -45.007212701899455, -21.326184508054265 ], [ -45.007212701899455, -21.325915013469029 ], [ -45.00802118565516, -21.325915013469029 ], [ -45.00802118565516, -21.325645518883793 ], [ -45.008560174825632, -21.325645518883793 ], [ -45.008560174825632, -21.325915013469025 ], [ -45.008829669410872, -21.325915013469029 ], [ -45.008829669410872, -21.325645518883793 ], [ -45.009099163996105, -21.325645518883793 ], [ -45.009099163996105, -21.324028551372376 ], [ -45.00802118565516, -21.324028551372379 ], [ -45.00802118565516, -21.324567540542848 ], [ -45.006673712728983, -21.324567540542855 ], [ -45.006673712728983, -21.325106529713317 ], [ -45.003978766876621, -21.32510652971332 ] ], [ [ -45.00478725063234, -21.32726248639521 ], [ -45.004517756047093, -21.32726248639521 ], [ -45.004517756047093, -21.326992991809977 ], [ -45.00478725063234, -21.326992991809973 ], [ -45.00478725063234, -21.32726248639521 ] ] ] } },
{ "type": "Feature", "properties": { "id_feicao": "fogo_2020_35", "ano": 2020.0, "mes": 8, "codigo_original": 12, "classe": "Formação Campestre", "cor": "#d6bc74", "area_ha": 2.2506481452852487 }, "geometry": { "type": "Polygon", "coordinates": [ [ [ -44.987809091762472, -21.325915013469032 ], [ -44.988078586347704, -21.325915013469029 ], [ -44.988078586347704, -21.326184508054268 ], [ -44.989156564688649, -21.326184508054265 ], [ -44.989156564688649, -21.325915013469029 ], [ -44.989426059273889, -21.325915013469025 ], [ -44.989426059273889, -21.325376024298553 ], [ -44.989695553859121, -21.325376024298549 ], [ -44.989695553859121, -21.325106529713324 ], [ -44.989156564688649, -21.325106529713317 ], [ -44.989156564688649, -21.324837035128088 ], [ -44.988078586347704, -21.324837035128084 ], [ -44.988078586347704, -21.325106529713324 ], [ -44.987809091762472, -21.325106529713324 ], [ -44.987809091762472, -21.325915013469032 ] ] ] } },
{ "type": "Feature", "properties": { "id_feicao": "fogo_2020_36", "ano": 2020.0, "mes": 8, "codigo_original": 12, "classe": "Formação Campestre", "cor": "#d6bc74", "area_ha": 1.2503613017551902 }, "geometry": { "type": "Polygon", "coordinates": [ [ [ -44.994546456393365, -21.325915013469029 ], [ -44.994546456393365, -21.324837035128084 ], [ -44.993737972637661, -21.324837035128091 ], [ -44.993737972637661, -21.325106529713313 ], [ -44.993468478052428, -21.32510652971332 ], [ -44.993468478052428, -21.325915013469032 ], [ -44.994546456393365, -21.325915013469029 ] ] ] } },
{ "type": "Feature", "properties": { "id_feicao": "fogo_2020_37", "ano": 2020.0, "mes": 8, "codigo_original": 12, "classe": "Formação Campestre", "cor": "#d6bc74", "area_ha": 1.1677836307518565 }, "geometry": { "type": "Polygon", "coordinates": [ [ [ -44.905343748680302, -21.224585049420348 ], [ -44.90453526492459, -21.224585049420352 ], [ -44.90453526492459, -21.224854544005584 ], [ -44.904265770339357, -21.224854544005584 ], [ -44.904265770339357, -21.2256630277613 ], [ -44.905343748680302, -21.225663027761296 ], [ -44.905343748680302, -21.224585049420348 ] ], [ [ -44.90453526492459, -21.225393533176053 ], [ -44.90453526492459, -21.22512403859082 ], [ -44.90480475950983, -21.225124038590824 ], [ -44.90480475950983, -21.225393533176053 ], [ -44.90453526492459, -21.225393533176053 ] ] ] } },
{ "type": "Feature", "properties": { "id_feicao": "fogo_2020_38", "ano": 2020.0, "mes": 8, "codigo_original": 15, "classe": "Pastagem", "cor": "#edde8e", "area_ha": 0.75010443897955115 }, "geometry": { "type": "Polygon", "coordinates": [ [ [ -45.122556384380403, -21.348822053214075 ], [ -45.122825878965635, -21.348822053214079 ], [ -45.122825878965635, -21.348552558628842 ], [ -45.123095373550875, -21.348552558628839 ], [ -45.123095373550875, -21.348283064043603 ], [ -45.122825878965635, -21.348283064043599 ], [ -45.122825878965635, -21.348013569458367 ], [ -45.12201739520993, -21.34801356945837 ], [ -45.12201739520993, -21.348822053214075 ], [ -45.122286889795163, -21.348822053214079 ], [ -45.122286889795163, -21.348552558628842 ], [ -45.122556384380403, -21.348552558628839 ], [ -45.122556384380403, -21.348822053214075 ] ] ] } },
{ "type": "Feature", "properties": { "id_feicao": "fogo_2020_39", "ano": 2020.0, "mes": 8, "codigo_original": 15, "classe": "Pastagem", "cor": "#edde8e", "area_ha": 0.08334510429054498 }, "geometry": { "type": "Polygon", "coordinates": [ [ [ -45.123095373550875, -21.348283064043603 ], [ -45.123364868136107, -21.348283064043596 ], [ -45.123364868136107, -21.348013569458377 ], [ -45.123095373550875, -21.348013569458374 ], [ -45.123095373550875, -21.348283064043603 ] ] ] } },
{ "type": "Feature", "properties": { "id_feicao": "fogo_2020_40", "ano": 2020.0, "mes": 8, "codigo_original": 15, "classe": "Pastagem", "cor": "#edde8e", "area_ha": 1.3345264905206859 }, "geometry": { "type": "Polygon", "coordinates": [ [ [ -45.151931294171106, -21.235634327415021 ], [ -45.153009272512051, -21.235634327415013 ], [ -45.153009272512051, -21.234556349074069 ], [ -45.151931294171106, -21.234556349074072 ], [ -45.151931294171106, -21.235634327415021 ] ] ] } },
{ "type": "Feature", "properties": { "id_feicao": "fogo_2020_41", "ano": 2020.0, "mes": 8, "codigo_original": 15, "classe": "Pastagem", "cor": "#edde8e", "area_ha": 2.4188589625324051 }, "geometry": { "type": "Polygon", "coordinates": [ [ [ -45.14654140246639, -21.232669886977426 ], [ -45.14654140246639, -21.233208876147899 ], [ -45.14681089705163, -21.233208876147891 ], [ -45.14681089705163, -21.233747865318371 ], [ -45.147080391636862, -21.233747865318364 ], [ -45.147080391636862, -21.234017359903593 ], [ -45.148158369977807, -21.234017359903596 ], [ -45.148158369977807, -21.232400392392183 ], [ -45.147888875392567, -21.232400392392186 ], [ -45.147888875392567, -21.232669886977423 ], [ -45.147619380807335, -21.232669886977423 ], [ -45.147619380807335, -21.232400392392186 ], [ -45.147080391636862, -21.232400392392179 ], [ -45.147080391636862, -21.232669886977426 ], [ -45.14654140246639, -21.232669886977426 ] ] ] } },
{ "type": "Feature", "properties": { "id_feicao": "fogo_2020_42", "ano": 2020.0, "mes": 8, "codigo_original": 15, "classe": "Pastagem", "cor": "#edde8e", "area_ha": 0.2502485669601674 }, "geometry": { "type": "Polygon", "coordinates": [ [ [ -45.030119741644498, -21.218925663130392 ], [ -45.030119741644498, -21.219464652300868 ], [ -45.03065873081497, -21.219464652300857 ], [ -45.03065873081497, -21.219195157715625 ], [ -45.030389236229738, -21.219195157715625 ], [ -45.030389236229738, -21.218925663130385 ], [ -45.030119741644498, -21.218925663130392 ] ] ] } },
{ "type": "Feature", "properties": { "id_feicao": "fogo_2020_43", "ano": 2020.0, "mes": 8, "codigo_original": 15, "classe": "Pastagem", "cor": "#edde8e", "area_ha": 0.083416564874351021 }, "geometry": { "type": "Polygon", "coordinates": [ [ [ -45.031197719985443, -21.218656168545156 ], [ -45.031467214570682, -21.218656168545152 ], [ -45.031467214570682, -21.218386673959927 ], [ -45.031197719985443, -21.218386673959913 ], [ -45.031197719985443, -21.218656168545156 ] ] ] } },
{ "type": "Feature", "properties": { "id_feicao": "fogo_2020_44", "ano": 2020.0, "mes": 8, "codigo_original": 15, "classe": "Pastagem", "cor": "#edde8e", "area_ha": 0.083416713278926913 }, "geometry": { "type": "Polygon", "coordinates": [ [ [ -45.03092822540021, -21.21838667395992 ], [ -45.031197719985443, -21.218386673959913 ], [ -45.031197719985443, -21.218117179374691 ], [ -45.03092822540021, -21.218117179374687 ], [ -45.03092822540021, -21.21838667395992 ] ] ] } },
{ "type": "Feature", "properties": { "id_feicao": "fogo_2020_45", "ano": 2020.0, "mes": 8, "codigo_original": 15, "classe": "Pastagem", "cor": "#edde8e", "area_ha": 0.083417306220252063 }, "geometry": { "type": "Polygon", "coordinates": [ [ [ -45.029311257888793, -21.217308695618986 ], [ -45.029580752474033, -21.217308695618978 ], [ -45.029580752474033, -21.217039201033742 ], [ -45.029311257888793, -21.217039201033746 ], [ -45.029311257888793, -21.217308695618986 ] ] ] } },
{ "type": "Feature", "properties": { "id_feicao": "fogo_2020_46", "ano": 2020.0, "mes": 8, "codigo_original": 15, "classe": "Pastagem", "cor": "#edde8e", "area_ha": 7.6744858339113895 }, "geometry": { "type": "Polygon", "coordinates": [ [ [ -45.029850247059265, -21.21623071727803 ], [ -45.029850247059265, -21.214883244351856 ], [ -45.029580752474033, -21.214883244351853 ], [ -45.029580752474033, -21.214344255181384 ], [ -45.029311257888793, -21.214344255181388 ], [ -45.029311257888793, -21.213535771425676 ], [ -45.027694290377376, -21.213535771425672 ], [ -45.027694290377376, -21.217039201033735 ], [ -45.029311257888793, -21.217039201033746 ], [ -45.029311257888793, -21.216769706448503 ], [ -45.029580752474033, -21.216769706448506 ], [ -45.029580752474033, -21.216230717278037 ], [ -45.029850247059265, -21.21623071727803 ] ] ] } },
{ "type": "Feature", "properties": { "id_feicao": "fogo_2020_47", "ano": 2020.0, "mes": 8, "codigo_original": 15, "classe": "Pastagem", "cor": "#edde8e", "area_ha": 0.41709460724777947 }, "geometry": { "type": "Polygon", "coordinates": [ [ [ -45.091025517907802, -21.214344255181384 ], [ -45.091025517907802, -21.214883244351856 ], [ -45.092103496248747, -21.214883244351849 ], [ -45.092103496248747, -21.214613749766624 ], [ -45.091295012493042, -21.21461374976662 ], [ -45.091295012493042, -21.214344255181381 ], [ -45.091025517907802, -21.214344255181384 ] ] ] } },
{ "type": "Feature", "properties": { "id_feicao": "fogo_2020_48", "ano": 2020.0, "mes": 8, "codigo_original": 15, "classe": "Pastagem", "cor": "#edde8e", "area_ha": 1.6683932851925491 }, "geometry": { "type": "Polygon", "coordinates": [ [ [ -45.091295012493042, -21.213535771425668 ], [ -45.091025517907802, -21.213535771425672 ], [ -45.091025517907802, -21.214074760596141 ], [ -45.091295012493042, -21.214074760596148 ], [ -45.091295012493042, -21.213805266010908 ], [ -45.091564507078274, -21.213805266010908 ], [ -45.091564507078274, -21.214074760596151 ], [ -45.092103496248747, -21.214074760596148 ], [ -45.092103496248747, -21.212996782255203 ], [ -45.091564507078274, -21.21299678225521 ], [ -45.091564507078274, -21.21272728766996 ], [ -45.092103496248747, -21.212727287669967 ], [ -45.092103496248747, -21.212188298499498 ], [ -45.091564507078274, -21.212188298499498 ], [ -45.091564507078274, -21.212457793084724 ], [ -45.091025517907802, -21.212457793084727 ], [ -45.091025517907802, -21.212727287669971 ], [ -45.091295012493042, -21.212727287669967 ], [ -45.091295012493042, -21.213535771425668 ] ] ] } },
{ "type": "Feature", "properties": { "id_feicao": "fogo_2020_49", "ano": 2020.0, "mes": 8, "codigo_original": 15, "classe": "Pastagem", "cor": "#edde8e", "area_ha": 6.1730909221364181 }, "geometry": { "type": "Polygon", "coordinates": [ [ [ -45.088061077470208, -21.211649309329029 ], [ -45.087252593714503, -21.211649309329022 ], [ -45.087252593714503, -21.212727287669967 ], [ -45.087791582884975, -21.212727287669964 ], [ -45.087791582884975, -21.213535771425679 ], [ -45.088330572055447, -21.213535771425672 ], [ -45.088330572055447, -21.213266276840443 ], [ -45.089678044981625, -21.213266276840443 ], [ -45.089678044981625, -21.212727287669974 ], [ -45.09048652873733, -21.212727287669967 ], [ -45.09048652873733, -21.212188298499491 ], [ -45.091025517907802, -21.212188298499502 ], [ -45.091025517907802, -21.211918803914266 ], [ -45.091295012493042, -21.211918803914259 ], [ -45.091295012493042, -21.211649309329026 ], [ -45.09048652873733, -21.211649309329026 ], [ -45.09048652873733, -21.211379814743786 ], [ -45.090217034152097, -21.211379814743783 ], [ -45.090217034152097, -21.211649309329019 ], [ -45.089139055811152, -21.211649309329015 ], [ -45.089139055811152, -21.21137981474379 ], [ -45.088061077470208, -21.211379814743783 ], [ -45.088061077470208, -21.211649309329029 ] ] ] } },
{ "type": "Feature", "properties": { "id_feicao": "fogo_2020_50", "ano": 2020.0, "mes": 8, "codigo_original": 15, "classe": "Pastagem", "cor": "#edde8e", "area_ha": 0.25026511969650167 }, "geometry": { "type": "Polygon", "coordinates": [ [ [ -45.090756023322569, -21.209223858061904 ], [ -45.09048652873733, -21.209223858061907 ], [ -45.09048652873733, -21.209762847232369 ], [ -45.091025517907802, -21.20976284723238 ], [ -45.091025517907802, -21.209493352647137 ], [ -45.090756023322569, -21.20949335264714 ], [ -45.090756023322569, -21.209223858061904 ] ] ] } },
{ "type": "Feature", "properties": { "id_feicao": "fogo_2020_51", "ano": 2020.0, "mes": 8, "codigo_original": 15, "classe": "Pastagem", "cor": "#edde8e", "area_ha": 6.5068947831753317 }, "geometry": { "type": "Polygon", "coordinates": [ [ [ -45.088330572055447, -21.210571330988074 ], [ -45.088330572055447, -21.210301836402849 ], [ -45.08860006664068, -21.210301836402845 ], [ -45.08860006664068, -21.210571330988074 ], [ -45.08886956122592, -21.210571330988074 ], [ -45.08886956122592, -21.210840825573317 ], [ -45.089408550396392, -21.21084082557331 ], [ -45.089408550396392, -21.210571330988078 ], [ -45.089947539566865, -21.210571330988081 ], [ -45.089947539566865, -21.210301836402849 ], [ -45.090756023322569, -21.210301836402845 ], [ -45.090756023322569, -21.210032341817609 ], [ -45.090217034152097, -21.210032341817609 ], [ -45.090217034152097, -21.20949335264714 ], [ -45.089678044981625, -21.209493352647144 ], [ -45.089678044981625, -21.209223858061897 ], [ -45.089947539566865, -21.209223858061904 ], [ -45.089947539566865, -21.208954363476668 ], [ -45.089408550396392, -21.208954363476668 ], [ -45.089408550396392, -21.208415374306192 ], [ -45.089139055811152, -21.208415374306195 ], [ -45.089139055811152, -21.207876385135727 ], [ -45.087791582884975, -21.207876385135723 ], [ -45.087791582884975, -21.209223858061907 ], [ -45.087522088299735, -21.209223858061904 ], [ -45.087522088299735, -21.210032341817602 ], [ -45.087791582884975, -21.210032341817616 ], [ -45.087791582884975, -21.210571330988085 ], [ -45.088330572055447, -21.210571330988074 ] ] ] } },
{ "type": "Feature", "properties": { "id_feicao": "fogo_2020_52", "ano": 2020.0, "mes": 8, "codigo_original": 15, "classe": "Pastagem", "cor": "#edde8e", "area_ha": 34.787853820949984 }, "geometry": { "type": "Polygon", "coordinates": [ [ [ -45.091564507078274, -21.203294977186712 ], [ -45.092372990833987, -21.203294977186715 ], [ -45.092372990833987, -21.203025482601479 ], [ -45.092642485419219, -21.203025482601483 ], [ -45.092642485419219, -21.203564471771948 ], [ -45.091564507078274, -21.203564471771951 ], [ -45.091564507078274, -21.203833966357188 ], [ -45.091834001663514, -21.203833966357188 ], [ -45.091834001663514, -21.206528912209546 ], [ -45.091564507078274, -21.206528912209542 ], [ -45.091564507078274, -21.207067901380022 ], [ -45.092103496248747, -21.207067901380015 ], [ -45.092103496248747, -21.208415374306199 ], [ -45.092911980004459, -21.208415374306192 ], [ -45.092911980004459, -21.209223858061904 ], [ -45.093450969174924, -21.209223858061907 ], [ -45.093450969174924, -21.208415374306188 ], [ -45.093720463760164, -21.208415374306195 ], [ -45.093720463760164, -21.208954363476664 ], [ -45.093989958345396, -21.208954363476671 ], [ -45.093989958345396, -21.209762847232373 ], [ -45.093720463760164, -21.209762847232376 ], [ -45.093720463760164, -21.210032341817612 ], [ -45.094798442101109, -21.210032341817612 ], [ -45.094798442101109, -21.209762847232373 ], [ -45.095067936686341, -21.209762847232373 ], [ -45.095067936686341, -21.209493352647144 ], [ -45.095337431271581, -21.209493352647133 ], [ -45.095337431271581, -21.2092238580619 ], [ -45.096954398782991, -21.2092238580619 ], [ -45.096954398782991, -21.208684868891435 ], [ -45.097493387953463, -21.208684868891435 ], [ -45.097493387953463, -21.207606890550487 ], [ -45.097223893368231, -21.207606890550487 ], [ -45.097223893368231, -21.206798406794785 ], [ -45.093720463760164, -21.206798406794778 ], [ -45.093720463760164, -21.207606890550487 ], [ -45.093181474589692, -21.207606890550487 ], [ -45.093181474589692, -21.206798406794785 ], [ -45.093450969174924, -21.206798406794782 ], [ -45.093450969174924, -21.204642450112896 ], [ -45.094798442101109, -21.204642450112893 ], [ -45.094798442101109, -21.20437295552766 ], [ -45.095067936686341, -21.20437295552766 ], [ -45.095067936686341, -21.201139020504826 ], [ -45.095337431271581, -21.201139020504826 ], [ -45.095337431271581, -21.200061042163885 ], [ -45.094528947515869, -21.200061042163881 ], [ -45.094528947515869, -21.199791547578645 ], [ -45.093181474589692, -21.199791547578645 ], [ -45.093181474589692, -21.200061042163881 ], [ -45.092911980004459, -21.200061042163881 ], [ -45.092911980004459, -21.201139020504833 ], [ -45.091834001663514, -21.201139020504826 ], [ -45.091834001663514, -21.201408515090066 ], [ -45.091564507078274, -21.201408515090062 ], [ -45.091564507078274, -21.203294977186712 ] ], [ [ -45.092911980004459, -21.206798406794778 ], [ -45.092911980004459, -21.206528912209549 ], [ -45.093181474589692, -21.206528912209549 ], [ -45.093181474589692, -21.206798406794785 ], [ -45.092911980004459, -21.206798406794778 ] ] ] } },
{ "type": "Feature", "properties": { "id_feicao": "fogo_2020_53", "ano": 2020.0, "mes": 8, "codigo_original": 15, "classe": "Pastagem", "cor": "#edde8e", "area_ha": 1.5004027759353631 }, "geometry": { "type": "Polygon", "coordinates": [ [ [ -45.02041793657601, -21.328609959321383 ], [ -45.020687431161249, -21.328609959321387 ], [ -45.020687431161249, -21.328340464736147 ], [ -45.020956925746482, -21.328340464736151 ], [ -45.020956925746482, -21.327801475565675 ], [ -45.019609452820305, -21.327801475565682 ], [ -45.019609452820305, -21.329148948491852 ], [ -45.019878947405537, -21.329148948491852 ], [ -45.019878947405537, -21.328879453906623 ], [ -45.02041793657601, -21.32887945390662 ], [ -45.02041793657601, -21.328609959321383 ] ] ] } },
{ "type": "Feature", "properties": { "id_feicao": "fogo_2020_54", "ano": 2020.0, "mes": 8, "codigo_original": 15, "classe": "Pastagem", "cor": "#edde8e", "area_ha": 0.50013638576111075 }, "geometry": { "type": "Polygon", "coordinates": [ [ [ -45.010985626092754, -21.327801475565682 ], [ -45.010985626092754, -21.327531980980446 ], [ -45.010177142337049, -21.327531980980449 ], [ -45.010177142337049, -21.327801475565682 ], [ -45.009638153166577, -21.327801475565682 ], [ -45.009638153166577, -21.328070970150918 ], [ -45.010446636922282, -21.328070970150915 ], [ -45.010446636922282, -21.327801475565678 ], [ -45.010985626092754, -21.327801475565682 ] ] ] } },
{ "type": "Feature", "properties": { "id_feicao": "fogo_2020_55", "ano": 2020.0, "mes": 8, "codigo_original": 15, "classe": "Pastagem", "cor": "#edde8e", "area_ha": 2.7507590991007316 }, "geometry": { "type": "Polygon", "coordinates": [ [ [ -45.015028044871293, -21.327801475565678 ], [ -45.015028044871293, -21.327531980980446 ], [ -45.015297539456526, -21.327531980980449 ], [ -45.015297539456526, -21.327801475565678 ], [ -45.017184001553183, -21.327801475565682 ], [ -45.017184001553183, -21.328070970150918 ], [ -45.017453496138415, -21.328070970150922 ], [ -45.017453496138415, -21.327531980980442 ], [ -45.017184001553183, -21.327531980980446 ], [ -45.017184001553183, -21.32726248639521 ], [ -45.015836528626998, -21.327262486395213 ], [ -45.015836528626998, -21.326992991809973 ], [ -45.014758550286061, -21.326992991809977 ], [ -45.014758550286061, -21.326723497224737 ], [ -45.013141582774644, -21.326723497224734 ], [ -45.013141582774644, -21.32699299180997 ], [ -45.013680571945116, -21.326992991809977 ], [ -45.013680571945116, -21.32726248639521 ], [ -45.014758550286061, -21.32726248639521 ], [ -45.014758550286061, -21.327801475565682 ], [ -45.015028044871293, -21.327801475565678 ] ] ] } },
{ "type": "Feature", "properties": { "id_feicao": "fogo_2020_56", "ano": 2020.0, "mes": 8, "codigo_original": 15, "classe": "Pastagem", "cor": "#edde8e", "area_ha": 0.25007021374609323 }, "geometry": { "type": "Polygon", "coordinates": [ [ [ -45.011524615263227, -21.326723497224734 ], [ -45.012333099018932, -21.326723497224737 ], [ -45.012333099018932, -21.326454002639501 ], [ -45.011524615263227, -21.326454002639498 ], [ -45.011524615263227, -21.326723497224734 ] ] ] } },
{ "type": "Feature", "properties": { "id_feicao": "fogo_2020_57", "ano": 2020.0, "mes": 8, "codigo_original": 15, "classe": "Pastagem", "cor": "#edde8e", "area_ha": 0.16678723735051976 }, "geometry": { "type": "Polygon", "coordinates": [ [ [ -45.021226420331715, -21.260158334671484 ], [ -45.021226420331715, -21.259888840086241 ], [ -45.020687431161249, -21.259888840086241 ], [ -45.020687431161249, -21.260158334671473 ], [ -45.021226420331715, -21.260158334671484 ] ] ] } },
{ "type": "Feature", "properties": { "id_feicao": "fogo_2020_58", "ano": 2020.0, "mes": 8, "codigo_original": 15, "classe": "Pastagem", "cor": "#edde8e", "area_ha": 0.083393769166764636 }, "geometry": { "type": "Polygon", "coordinates": [ [ [ -45.022573893257899, -21.259888840086244 ], [ -45.022573893257899, -21.259619345501012 ], [ -45.022304398672659, -21.259619345501005 ], [ -45.022304398672659, -21.259888840086241 ], [ -45.022573893257899, -21.259888840086244 ] ] ] } },
{ "type": "Feature", "properties": { "id_feicao": "fogo_2020_59", "ano": 2020.0, "mes": 8, "codigo_original": 15, "classe": "Pastagem", "cor": "#edde8e", "area_ha": 0.16678828051630407 }, "geometry": { "type": "Polygon", "coordinates": [ [ [ -45.020687431161249, -21.259349850915761 ], [ -45.020956925746482, -21.259349850915761 ], [ -45.020956925746482, -21.258810861745296 ], [ -45.020687431161249, -21.258810861745303 ], [ -45.020687431161249, -21.259349850915761 ] ] ] } },
{ "type": "Feature", "properties": { "id_feicao": "fogo_2020_60", "ano": 2020.0, "mes": 8, "codigo_original": 15, "classe": "Pastagem", "cor": "#edde8e", "area_ha": 0.25024296610951424 }, "geometry": { "type": "Polygon", "coordinates": [ [ [ -45.022034904087427, -21.222968081908938 ], [ -45.022304398672659, -21.222968081908927 ], [ -45.022304398672659, -21.22215959815323 ], [ -45.022034904087427, -21.222159598153226 ], [ -45.022034904087427, -21.222968081908938 ] ] ] } },
{ "type": "Feature", "properties": { "id_feicao": "fogo_2020_61", "ano": 2020.0, "mes": 8, "codigo_original": 15, "classe": "Pastagem", "cor": "#edde8e", "area_ha": 48.047226713442988 }, "geometry": { "type": "Polygon", "coordinates": [ [ [ -45.023921366184076, -21.218117179374687 ], [ -45.023921366184076, -21.218386673959923 ], [ -45.023651871598844, -21.218386673959927 ], [ -45.023651871598844, -21.218656168545159 ], [ -45.023921366184076, -21.218656168545159 ], [ -45.023921366184076, -21.218925663130392 ], [ -45.022843387843132, -21.218925663130399 ], [ -45.022843387843132, -21.219195157715635 ], [ -45.023112882428372, -21.219195157715625 ], [ -45.023112882428372, -21.219464652300857 ], [ -45.023921366184076, -21.219464652300864 ], [ -45.023921366184076, -21.222159598153219 ], [ -45.022843387843132, -21.222159598153223 ], [ -45.022843387843132, -21.222698587323691 ], [ -45.022573893257899, -21.222698587323691 ], [ -45.022573893257899, -21.22350707107941 ], [ -45.023382377013604, -21.223507071079403 ], [ -45.023382377013604, -21.223776565664636 ], [ -45.024999344525021, -21.223776565664636 ], [ -45.024999344525021, -21.224046060249872 ], [ -45.026616312036438, -21.224046060249872 ], [ -45.026616312036438, -21.223776565664636 ], [ -45.027155301206903, -21.223776565664636 ], [ -45.027155301206903, -21.224046060249876 ], [ -45.027424795792143, -21.224046060249872 ], [ -45.027424795792143, -21.223776565664632 ], [ -45.027694290377376, -21.223776565664632 ], [ -45.027694290377376, -21.224046060249879 ], [ -45.027963784962616, -21.224046060249872 ], [ -45.027963784962616, -21.223776565664636 ], [ -45.028502774133088, -21.223776565664636 ], [ -45.028502774133088, -21.223237576494171 ], [ -45.02904176330356, -21.223237576494167 ], [ -45.02904176330356, -21.222968081908927 ], [ -45.029311257888793, -21.222968081908935 ], [ -45.029311257888793, -21.222698587323691 ], [ -45.029580752474033, -21.222698587323688 ], [ -45.029580752474033, -21.222159598153226 ], [ -45.029850247059265, -21.222159598153223 ], [ -45.029850247059265, -21.22162060898275 ], [ -45.030119741644498, -21.221620608982747 ], [ -45.030119741644498, -21.222159598153223 ], [ -45.03065873081497, -21.222159598153219 ], [ -45.03065873081497, -21.222429092738459 ], [ -45.03092822540021, -21.222429092738459 ], [ -45.03092822540021, -21.222698587323698 ], [ -45.031197719985443, -21.222698587323688 ], [ -45.031197719985443, -21.222429092738466 ], [ -45.031467214570682, -21.222429092738459 ], [ -45.031467214570682, -21.222698587323695 ], [ -45.032006203741155, -21.222698587323695 ], [ -45.032006203741155, -21.222159598153223 ], [ -45.032545192911627, -21.222159598153223 ], [ -45.032545192911627, -21.221351114397518 ], [ -45.032006203741155, -21.22135111439751 ], [ -45.032006203741155, -21.220812125227042 ], [ -45.031197719985443, -21.220812125227049 ], [ -45.031197719985443, -21.220542630641816 ], [ -45.03092822540021, -21.220542630641809 ], [ -45.03092822540021, -21.220273136056569 ], [ -45.03065873081497, -21.220273136056573 ], [ -45.03065873081497, -21.22000364147133 ], [ -45.030389236229738, -21.22000364147133 ], [ -45.030389236229738, -21.219734146886093 ], [ -45.030119741644498, -21.219734146886097 ], [ -45.030119741644498, -21.219464652300868 ], [ -45.029850247059265, -21.219464652300861 ], [ -45.029850247059265, -21.218386673959927 ], [ -45.030389236229738, -21.21838667395992 ], [ -45.030389236229738, -21.218656168545149 ], [ -45.03065873081497, -21.218656168545163 ], [ -45.03065873081497, -21.218925663130396 ], [ -45.03092822540021, -21.218925663130399 ], [ -45.03092822540021, -21.21838667395992 ], [ -45.03065873081497, -21.21838667395992 ], [ -45.03065873081497, -21.21811717937468 ], [ -45.030389236229738, -21.218117179374687 ], [ -45.030389236229738, -21.217847684789451 ], [ -45.029580752474033, -21.217847684789454 ], [ -45.029580752474033, -21.21811717937468 ], [ -45.029311257888793, -21.218117179374683 ], [ -45.029311257888793, -21.217847684789447 ], [ -45.02904176330356, -21.217847684789454 ], [ -45.02904176330356, -21.218117179374687 ], [ -45.028772268718321, -21.218117179374687 ], [ -45.028772268718321, -21.217578190204211 ], [ -45.028502774133088, -21.217578190204218 ], [ -45.028502774133088, -21.217308695618978 ], [ -45.027963784962616, -21.217308695618978 ], [ -45.027963784962616, -21.217847684789461 ], [ -45.027424795792143, -21.217847684789444 ], [ -45.027424795792143, -21.218117179374676 ], [ -45.027155301206903, -21.21811717937468 ], [ -45.027155301206903, -21.217308695618986 ], [ -45.025268839110254, -21.217308695618982 ], [ -45.025268839110254, -21.217847684789451 ], [ -45.024999344525021, -21.217847684789454 ], [ -45.024999344525021, -21.217578190204218 ], [ -45.024729849939781, -21.217578190204222 ], [ -45.024729849939781, -21.217847684789447 ], [ -45.024460355354549, -21.217847684789444 ], [ -45.024460355354549, -21.217308695618975 ], [ -45.023921366184076, -21.217308695618975 ], [ -45.023921366184076, -21.217039201033739 ], [ -45.023382377013604, -21.217039201033742 ], [ -45.023382377013604, -21.217578190204211 ], [ -45.023921366184076, -21.217578190204215 ], [ -45.023921366184076, -21.217847684789451 ], [ -45.023651871598844, -21.21784768478944 ], [ -45.023651871598844, -21.218117179374676 ], [ -45.023921366184076, -21.218117179374687 ] ], [ [ -45.029311257888793, -21.22215959815323 ], [ -45.029311257888793, -21.22189010356799 ], [ -45.029580752474033, -21.22189010356799 ], [ -45.029580752474033, -21.222159598153226 ], [ -45.029311257888793, -21.22215959815323 ] ], [ [ -45.026885806621671, -21.222968081908927 ], [ -45.026885806621671, -21.22350707107941 ], [ -45.026616312036438, -21.2235070710794 ], [ -45.026616312036438, -21.222968081908927 ], [ -45.026885806621671, -21.222968081908927 ] ], [ [ -45.03092822540021, -21.221351114397514 ], [ -45.031467214570682, -21.221351114397514 ], [ -45.031467214570682, -21.221620608982747 ], [ -45.03092822540021, -21.221620608982754 ], [ -45.03092822540021, -21.221351114397514 ] ], [ [ -45.02904176330356, -21.220812125227038 ], [ -45.02904176330356, -21.221351114397521 ], [ -45.028772268718321, -21.22135111439751 ], [ -45.028772268718321, -21.220812125227042 ], [ -45.02904176330356, -21.220812125227038 ] ], [ [ -45.030389236229738, -21.221081619812288 ], [ -45.030119741644498, -21.221081619812281 ], [ -45.030119741644498, -21.220542630641805 ], [ -45.03065873081497, -21.220542630641813 ], [ -45.03065873081497, -21.22135111439751 ], [ -45.030389236229738, -21.221351114397514 ], [ -45.030389236229738, -21.221081619812288 ] ], [ [ -45.027963784962616, -21.218925663130385 ], [ -45.028502774133088, -21.218925663130388 ], [ -45.028502774133088, -21.219195157715632 ], [ -45.027963784962616, -21.219195157715639 ], [ -45.027963784962616, -21.218925663130385 ] ], [ [ -45.02904176330356, -21.218656168545159 ], [ -45.02904176330356, -21.219195157715628 ], [ -45.028772268718321, -21.219195157715632 ], [ -45.028772268718321, -21.218656168545152 ], [ -45.02904176330356, -21.218656168545159 ] ], [ [ -45.026077322865966, -21.222429092738466 ], [ -45.026346817451198, -21.222429092738455 ], [ -45.026346817451198, -21.223237576494174 ], [ -45.026077322865966, -21.223237576494164 ], [ -45.026077322865966, -21.222429092738466 ] ], [ [ -45.024729849939781, -21.220003641471333 ], [ -45.024999344525021, -21.22000364147133 ], [ -45.024999344525021, -21.220273136056576 ], [ -45.024729849939781, -21.220273136056569 ], [ -45.024729849939781, -21.220003641471333 ] ], [ [ -45.025538333695494, -21.219734146886097 ], [ -45.024999344525021, -21.2197341468861 ], [ -45.024999344525021, -21.218925663130392 ], [ -45.025268839110254, -21.218925663130396 ], [ -45.025268839110254, -21.219464652300864 ], [ -45.025538333695494, -21.219464652300864 ], [ -45.025538333695494, -21.219734146886097 ] ], [ [ -45.025538333695494, -21.218925663130399 ], [ -45.026077322865966, -21.218925663130399 ], [ -45.026077322865966, -21.218386673959923 ], [ -45.026346817451198, -21.21838667395992 ], [ -45.026346817451198, -21.219464652300868 ], [ -45.026077322865966, -21.219464652300871 ], [ -45.026077322865966, -21.219195157715628 ], [ -45.025807828280726, -21.219195157715628 ], [ -45.025807828280726, -21.219464652300861 ], [ -45.025538333695494, -21.219464652300864 ], [ -45.025538333695494, -21.218925663130399 ] ], [ [ -45.024460355354549, -21.218925663130396 ], [ -45.024729849939781, -21.218925663130388 ], [ -45.024729849939781, -21.219195157715628 ], [ -45.024460355354549, -21.219195157715625 ], [ -45.024460355354549, -21.218925663130396 ] ], [ [ -45.025268839110254, -21.21811717937468 ], [ -45.025538333695494, -21.218117179374687 ], [ -45.025538333695494, -21.218386673959916 ], [ -45.025268839110254, -21.21838667395992 ], [ -45.025268839110254, -21.21811717937468 ] ] ] } },
{ "type": "Feature", "properties": { "id_feicao": "fogo_2020_62", "ano": 2020.0, "mes": 8, "codigo_original": 15, "classe": "Pastagem", "cor": "#edde8e", "area_ha": 0.16683176783629036 }, "geometry": { "type": "Polygon", "coordinates": [ [ [ -45.021765409502187, -21.22000364147133 ], [ -45.021765409502187, -21.219464652300864 ], [ -45.021495914916954, -21.219464652300864 ], [ -45.021495914916954, -21.22000364147133 ], [ -45.021765409502187, -21.22000364147133 ] ] ] } },
{ "type": "Feature", "properties": { "id_feicao": "fogo_2020_63", "ano": 2020.0, "mes": 8, "codigo_original": 15, "classe": "Pastagem", "cor": "#edde8e", "area_ha": 0.25024876845048261 }, "geometry": { "type": "Polygon", "coordinates": [ [ [ -45.022034904087427, -21.219464652300864 ], [ -45.022034904087427, -21.218656168545152 ], [ -45.021765409502187, -21.218656168545159 ], [ -45.021765409502187, -21.219464652300864 ], [ -45.022034904087427, -21.219464652300864 ] ] ] } },
{ "type": "Feature", "properties": { "id_feicao": "fogo_2020_64", "ano": 2020.0, "mes": 8, "codigo_original": 15, "classe": "Pastagem", "cor": "#edde8e", "area_ha": 0.16683294071741403 }, "geometry": { "type": "Polygon", "coordinates": [ [ [ -45.008560174825632, -21.218925663130399 ], [ -45.008829669410872, -21.218925663130399 ], [ -45.008829669410872, -21.21838667395992 ], [ -45.008560174825632, -21.21838667395992 ], [ -45.008560174825632, -21.218925663130399 ] ] ] } },
{ "type": "Feature", "properties": { "id_feicao": "fogo_2020_65", "ano": 2020.0, "mes": 8, "codigo_original": 15, "classe": "Pastagem", "cor": "#edde8e", "area_ha": 0.083417436603541159 }, "geometry": { "type": "Polygon", "coordinates": [ [ [ -45.006404218143743, -21.217039201033746 ], [ -45.006404218143743, -21.216769706448506 ], [ -45.00613472355851, -21.216769706448503 ], [ -45.00613472355851, -21.217039201033742 ], [ -45.006404218143743, -21.217039201033746 ] ] ] } },
{ "type": "Feature", "properties": { "id_feicao": "fogo_2020_66", "ano": 2020.0, "mes": 8, "codigo_original": 15, "classe": "Pastagem", "cor": "#edde8e", "area_ha": 0.083417585226670837 }, "geometry": { "type": "Polygon", "coordinates": [ [ [ -45.005865228973271, -21.216769706448503 ], [ -45.005865228973271, -21.216500211863281 ], [ -45.005595734388038, -21.216500211863274 ], [ -45.005595734388038, -21.216769706448495 ], [ -45.005865228973271, -21.216769706448503 ] ] ] } },
{ "type": "Feature", "properties": { "id_feicao": "fogo_2020_67", "ano": 2020.0, "mes": 8, "codigo_original": 15, "classe": "Pastagem", "cor": "#edde8e", "area_ha": 0.083419221396464849 }, "geometry": { "type": "Polygon", "coordinates": [ [ [ -45.00478725063234, -21.213805266010905 ], [ -45.005056745217566, -21.213805266010901 ], [ -45.005056745217566, -21.213535771425676 ], [ -45.00478725063234, -21.213535771425676 ], [ -45.00478725063234, -21.213805266010905 ] ] ] } },
{ "type": "Feature", "properties": { "id_feicao": "fogo_2020_68", "ano": 2020.0, "mes": 8, "codigo_original": 15, "classe": "Pastagem", "cor": "#edde8e", "area_ha": 0.083357037005974854 }, "geometry": { "type": "Polygon", "coordinates": [ [ [ -44.988078586347704, -21.326184508054268 ], [ -44.988078586347704, -21.325915013469029 ], [ -44.987809091762472, -21.325915013469032 ], [ -44.987809091762472, -21.326184508054268 ], [ -44.988078586347704, -21.326184508054268 ] ] ] } },
{ "type": "Feature", "properties": { "id_feicao": "fogo_2020_69", "ano": 2020.0, "mes": 8, "codigo_original": 15, "classe": "Pastagem", "cor": "#edde8e", "area_ha": 0.083357036325533915 }, "geometry": { "type": "Polygon", "coordinates": [ [ [ -44.989426059273889, -21.326184508054265 ], [ -44.989426059273889, -21.325915013469025 ], [ -44.989156564688649, -21.325915013469029 ], [ -44.989156564688649, -21.326184508054265 ], [ -44.989426059273889, -21.326184508054265 ] ] ] } },
{ "type": "Feature", "properties": { "id_feicao": "fogo_2020_70", "ano": 2020.0, "mes": 8, "codigo_original": 15, "classe": "Pastagem", "cor": "#edde8e", "area_ha": 0.41678659308962523 }, "geometry": { "type": "Polygon", "coordinates": [ [ [ -44.989965048444361, -21.32510652971332 ], [ -44.989695553859121, -21.325106529713324 ], [ -44.989695553859121, -21.325376024298549 ], [ -44.989426059273889, -21.325376024298553 ], [ -44.989426059273889, -21.325915013469025 ], [ -44.989965048444361, -21.325915013469029 ], [ -44.989965048444361, -21.32510652971332 ] ] ] } },
{ "type": "Feature", "properties": { "id_feicao": "fogo_2020_71", "ano": 2020.0, "mes": 8, "codigo_original": 15, "classe": "Pastagem", "cor": "#edde8e", "area_ha": 0.083357632707897575 }, "geometry": { "type": "Polygon", "coordinates": [ [ [ -44.993468478052428, -21.32510652971332 ], [ -44.993737972637661, -21.325106529713313 ], [ -44.993737972637661, -21.324837035128091 ], [ -44.993468478052428, -21.324837035128095 ], [ -44.993468478052428, -21.32510652971332 ] ] ] } },
{ "type": "Feature", "properties": { "id_feicao": "fogo_2020_72", "ano": 2020.0, "mes": 8, "codigo_original": 15, "classe": "Pastagem", "cor": "#edde8e", "area_ha": 1.8345452694559545 }, "geometry": { "type": "Polygon", "coordinates": [ [ [ -44.934179669300534, -21.269590645154736 ], [ -44.934179669300534, -21.269051655984274 ], [ -44.932562701789124, -21.269051655984256 ], [ -44.932562701789124, -21.270129634325212 ], [ -44.934179669300534, -21.270129634325212 ], [ -44.934179669300534, -21.269860139739972 ], [ -44.933910174715301, -21.269860139739965 ], [ -44.933910174715301, -21.269590645154729 ], [ -44.934179669300534, -21.269590645154736 ] ], [ [ -44.933371185544829, -21.269590645154732 ], [ -44.933640680130061, -21.269590645154732 ], [ -44.933640680130061, -21.269860139739972 ], [ -44.933371185544829, -21.269860139739972 ], [ -44.933371185544829, -21.269590645154732 ] ] ] } },
{ "type": "Feature", "properties": { "id_feicao": "fogo_2020_73", "ano": 2020.0, "mes": 8, "codigo_original": 15, "classe": "Pastagem", "cor": "#edde8e", "area_ha": 1.5844788498059583 }, "geometry": { "type": "Polygon", "coordinates": [ [ [ -44.979185265034921, -21.259349850915772 ], [ -44.979185265034921, -21.259619345501001 ], [ -44.978915770449689, -21.259619345501012 ], [ -44.978915770449689, -21.260697323841956 ], [ -44.979993748790633, -21.260697323841956 ], [ -44.979993748790633, -21.259349850915772 ], [ -44.979185265034921, -21.259349850915772 ] ] ] } },
{ "type": "Feature", "properties": { "id_feicao": "fogo_2020_74", "ano": 2020.0, "mes": 8, "codigo_original": 15, "classe": "Pastagem", "cor": "#edde8e", "area_ha": 4.0863813818996499 }, "geometry": { "type": "Polygon", "coordinates": [ [ [ -44.972178405818795, -21.257193894233883 ], [ -44.972178405818795, -21.257463388819119 ], [ -44.973256384159733, -21.257463388819129 ], [ -44.973256384159733, -21.257193894233883 ], [ -44.973525878744972, -21.257193894233883 ], [ -44.973525878744972, -21.257463388819115 ], [ -44.973795373330205, -21.257463388819119 ], [ -44.973795373330205, -21.25638541047817 ], [ -44.973525878744972, -21.256385410478178 ], [ -44.973525878744972, -21.256115915892941 ], [ -44.973256384159733, -21.256115915892938 ], [ -44.973256384159733, -21.255846421307709 ], [ -44.9729868895745, -21.255846421307709 ], [ -44.9729868895745, -21.255576926722476 ], [ -44.971369922063083, -21.255576926722476 ], [ -44.971369922063083, -21.256385410478174 ], [ -44.971639416648323, -21.256385410478174 ], [ -44.971639416648323, -21.256924399648646 ], [ -44.971908911233555, -21.256924399648643 ], [ -44.971908911233555, -21.257193894233879 ], [ -44.972178405818795, -21.257193894233883 ] ] ] } },
{ "type": "Feature", "properties": { "id_feicao": "fogo_2020_75", "ano": 2020.0, "mes": 8, "codigo_original": 15, "classe": "Pastagem", "cor": "#edde8e", "area_ha": 0.25025365338129923 }, "geometry": { "type": "Polygon", "coordinates": [ [ [ -44.989156564688649, -21.216230717278034 ], [ -44.989965048444361, -21.216230717278034 ], [ -44.989965048444361, -21.215961222692805 ], [ -44.989156564688649, -21.215961222692808 ], [ -44.989156564688649, -21.216230717278034 ] ] ] } },
{ "type": "Feature", "properties": { "id_feicao": "fogo_2020_76", "ano": 2020.0, "mes": 8, "codigo_original": 15, "classe": "Pastagem", "cor": "#edde8e", "area_ha": 1.2512717630236072 }, "geometry": { "type": "Polygon", "coordinates": [ [ [ -44.994276961808133, -21.215152738937089 ], [ -44.994276961808133, -21.216230717278044 ], [ -44.995354940149078, -21.216230717278044 ], [ -44.995354940149078, -21.215422233522336 ], [ -44.995085445563838, -21.215422233522329 ], [ -44.995085445563838, -21.215152738937089 ], [ -44.994276961808133, -21.215152738937089 ] ] ] } },
{ "type": "Feature", "properties": { "id_feicao": "fogo_2020_77", "ano": 2020.0, "mes": 8, "codigo_original": 15, "classe": "Pastagem", "cor": "#edde8e", "area_ha": 1.1678679528044351 }, "geometry": { "type": "Polygon", "coordinates": [ [ [ -44.987539597177239, -21.21461374976662 ], [ -44.987539597177239, -21.214344255181384 ], [ -44.987809091762472, -21.214344255181381 ], [ -44.987809091762472, -21.214074760596144 ], [ -44.987539597177239, -21.214074760596141 ], [ -44.987539597177239, -21.212996782255207 ], [ -44.987000608006767, -21.212996782255207 ], [ -44.987000608006767, -21.213805266010905 ], [ -44.986731113421527, -21.213805266010915 ], [ -44.986731113421527, -21.214344255181377 ], [ -44.987270102591999, -21.214344255181377 ], [ -44.987270102591999, -21.214613749766613 ], [ -44.987539597177239, -21.21461374976662 ] ] ] } },
{ "type": "Feature", "properties": { "id_feicao": "fogo_2020_78", "ano": 2020.0, "mes": 8, "codigo_original": 15, "classe": "Pastagem", "cor": "#edde8e", "area_ha": 5.839340244441666 }, "geometry": { "type": "Polygon", "coordinates": [ [ [ -45.002900788535676, -21.214074760596144 ], [ -45.002361799365211, -21.214074760596148 ], [ -45.002361799365211, -21.213535771425672 ], [ -45.002092304779978, -21.213535771425672 ], [ -45.002092304779978, -21.21488324435186 ], [ -45.003978766876621, -21.214883244351856 ], [ -45.003978766876621, -21.21461374976662 ], [ -45.004517756047093, -21.214613749766617 ], [ -45.004517756047093, -21.214883244351849 ], [ -45.00478725063234, -21.214883244351856 ], [ -45.00478725063234, -21.21461374976662 ], [ -45.005326239802812, -21.21461374976662 ], [ -45.005326239802812, -21.214344255181384 ], [ -45.005595734388038, -21.214344255181377 ], [ -45.005595734388038, -21.214074760596144 ], [ -45.00478725063234, -21.214074760596148 ], [ -45.00478725063234, -21.213805266010905 ], [ -45.004517756047093, -21.213805266010915 ], [ -45.004517756047093, -21.213535771425676 ], [ -45.00478725063234, -21.213535771425676 ], [ -45.00478725063234, -21.21326627684045 ], [ -45.004517756047093, -21.213266276840436 ], [ -45.004517756047093, -21.2129967822552 ], [ -45.003439777706149, -21.21299678225521 ], [ -45.003439777706149, -21.212188298499491 ], [ -45.003170283120923, -21.212188298499488 ], [ -45.003170283120923, -21.212457793084731 ], [ -45.002631293950451, -21.212457793084727 ], [ -45.002631293950451, -21.213535771425672 ], [ -45.002900788535676, -21.213535771425676 ], [ -45.002900788535676, -21.214074760596144 ] ] ] } },
{ "type": "Feature", "properties": { "id_feicao": "fogo_2020_79", "ano": 2020.0, "mes": 8, "codigo_original": 15, "classe": "Pastagem", "cor": "#edde8e", "area_ha": 1.0010668581093178 }, "geometry": { "type": "Polygon", "coordinates": [ [ [ -44.991851510541011, -21.207337395965254 ], [ -44.991851510541011, -21.207606890550487 ], [ -44.992929488881956, -21.207606890550487 ], [ -44.992929488881956, -21.207876385135727 ], [ -44.994007467222893, -21.207876385135719 ], [ -44.994007467222893, -21.207337395965258 ], [ -44.991851510541011, -21.207337395965254 ] ] ] } },
{ "type": "Feature", "properties": { "id_feicao": "fogo_2020_80", "ano": 2020.0, "mes": 8, "codigo_original": 15, "classe": "Pastagem", "cor": "#edde8e", "area_ha": 0.083444486684239622 }, "geometry": { "type": "Polygon", "coordinates": [ [ [ -44.985653135080582, -21.167991186520812 ], [ -44.985653135080582, -21.167721691935583 ], [ -44.98538364049535, -21.167721691935579 ], [ -44.98538364049535, -21.167991186520812 ], [ -44.985653135080582, -21.167991186520812 ] ] ] } },
{ "type": "Feature", "properties": { "id_feicao": "fogo_2020_81", "ano": 2020.0, "mes": 8, "codigo_original": 21, "classe": "Mosaico de Usos", "cor": "#ffefc3", "area_ha": 0.75010396085738262 }, "geometry": { "type": "Polygon", "coordinates": [ [ [ -45.122825878965635, -21.348552558628842 ], [ -45.122825878965635, -21.348822053214079 ], [ -45.122556384380403, -21.348822053214075 ], [ -45.122556384380403, -21.348552558628839 ], [ -45.122286889795163, -21.348552558628842 ], [ -45.122286889795163, -21.348822053214079 ], [ -45.12201739520993, -21.348822053214075 ], [ -45.12201739520993, -21.349091547799311 ], [ -45.123364868136107, -21.349091547799322 ], [ -45.123364868136107, -21.348283064043596 ], [ -45.123095373550875, -21.348283064043603 ], [ -45.123095373550875, -21.348552558628839 ], [ -45.122825878965635, -21.348552558628842 ] ] ] } },
{ "type": "Feature", "properties": { "id_feicao": "fogo_2020_82", "ano": 2020.0, "mes": 8, "codigo_original": 21, "classe": "Mosaico de Usos", "cor": "#ffefc3", "area_ha": 0.083345102827520987 }, "geometry": { "type": "Polygon", "coordinates": [ [ [ -45.123095373550875, -21.348283064043603 ], [ -45.123095373550875, -21.348013569458374 ], [ -45.122825878965635, -21.348013569458367 ], [ -45.122825878965635, -21.348283064043599 ], [ -45.123095373550875, -21.348283064043603 ] ] ] } },
{ "type": "Feature", "properties": { "id_feicao": "fogo_2020_83", "ano": 2020.0, "mes": 8, "codigo_original": 21, "classe": "Mosaico de Usos", "cor": "#ffefc3", "area_ha": 0.33366062633006754 }, "geometry": { "type": "Polygon", "coordinates": [ [ [ -45.067309994407047, -21.221081619812278 ], [ -45.067309994407047, -21.221620608982754 ], [ -45.067579488992287, -21.221620608982761 ], [ -45.067579488992287, -21.221351114397521 ], [ -45.06784898357752, -21.221351114397518 ], [ -45.06784898357752, -21.220812125227038 ], [ -45.067579488992287, -21.220812125227045 ], [ -45.067579488992287, -21.221081619812281 ], [ -45.067309994407047, -21.221081619812278 ] ] ] } },
{ "type": "Feature", "properties": { "id_feicao": "fogo_2020_84", "ano": 2020.0, "mes": 8, "codigo_original": 21, "classe": "Mosaico de Usos", "cor": "#ffefc3", "area_ha": 0.083415308236961208 }, "geometry": { "type": "Polygon", "coordinates": [ [ [ -45.068657467333232, -21.221081619812278 ], [ -45.068657467333232, -21.220812125227045 ], [ -45.068387972747992, -21.220812125227038 ], [ -45.068387972747992, -21.221081619812285 ], [ -45.068657467333232, -21.221081619812278 ] ] ] } },
{ "type": "Feature", "properties": { "id_feicao": "fogo_2020_85", "ano": 2020.0, "mes": 8, "codigo_original": 41, "classe": "Outras Lavouras Temporárias", "cor": "#f54ca9", "area_ha": 0.16671820895251541 }, "geometry": { "type": "Polygon", "coordinates": [ [ [ -45.125790319403237, -21.322681078446195 ], [ -45.125790319403237, -21.323220067616667 ], [ -45.126059813988469, -21.323220067616667 ], [ -45.126059813988469, -21.322681078446205 ], [ -45.125790319403237, -21.322681078446195 ] ] ] } },
{ "type": "Feature", "properties": { "id_feicao": "fogo_2020_86", "ano": 2020.0, "mes": 8, "codigo_original": 41, "classe": "Outras Lavouras Temporárias", "cor": "#f54ca9", "area_ha": 0.083365270560280258 }, "geometry": { "type": "Polygon", "coordinates": [ [ [ -45.14465494036974, -21.311901295036765 ], [ -45.14465494036974, -21.312170789621998 ], [ -45.144924434954973, -21.312170789622005 ], [ -45.144924434954973, -21.311901295036755 ], [ -45.14465494036974, -21.311901295036765 ] ] ] } },
{ "type": "Feature", "properties": { "id_feicao": "fogo_2020_87", "ano": 2020.0, "mes": 8, "codigo_original": 41, "classe": "Outras Lavouras Temporárias", "cor": "#f54ca9", "area_ha": 0.16674199825252034 }, "geometry": { "type": "Polygon", "coordinates": [ [ [ -45.05545223265667, -21.300852017042097 ], [ -45.05545223265667, -21.301121511627329 ], [ -45.055991221827142, -21.301121511627326 ], [ -45.055991221827142, -21.300852017042093 ], [ -45.05545223265667, -21.300852017042097 ] ] ] } },
{ "type": "Feature", "properties": { "id_feicao": "fogo_2020_88", "ano": 2020.0, "mes": 8, "codigo_original": 41, "classe": "Outras Lavouras Temporárias", "cor": "#f54ca9", "area_ha": 1.3339370267346502 }, "geometry": { "type": "Polygon", "coordinates": [ [ [ -45.051140319292905, -21.301391006212569 ], [ -45.05221829763385, -21.301391006212562 ], [ -45.05221829763385, -21.300313027871628 ], [ -45.051140319292905, -21.300313027871621 ], [ -45.051140319292905, -21.301391006212569 ] ] ] } },
{ "type": "Feature", "properties": { "id_feicao": "fogo_2020_89", "ano": 2020.0, "mes": 8, "codigo_original": 41, "classe": "Outras Lavouras Temporárias", "cor": "#f54ca9", "area_ha": 0.083371446144022046 }, "geometry": { "type": "Polygon", "coordinates": [ [ [ -45.055182738071437, -21.300313027871628 ], [ -45.05545223265667, -21.300313027871621 ], [ -45.05545223265667, -21.300043533286384 ], [ -45.055182738071437, -21.300043533286388 ], [ -45.055182738071437, -21.300313027871628 ] ] ] } },
{ "type": "Feature", "properties": { "id_feicao": "fogo_2020_90", "ano": 2020.0, "mes": 8, "codigo_original": 41, "classe": "Outras Lavouras Temporárias", "cor": "#f54ca9", "area_ha": 0.083378148969350419 }, "geometry": { "type": "Polygon", "coordinates": [ [ [ -45.150044832074457, -21.288724760706486 ], [ -45.150044832074457, -21.288994255291705 ], [ -45.150314326659696, -21.288994255291712 ], [ -45.150314326659696, -21.288724760706479 ], [ -45.150044832074457, -21.288724760706486 ] ] ] } },
{ "type": "Feature", "properties": { "id_feicao": "fogo_2020_91", "ano": 2020.0, "mes": 8, "codigo_original": 41, "classe": "Outras Lavouras Temporárias", "cor": "#f54ca9", "area_ha": 0.083378296435810628 }, "geometry": { "type": "Polygon", "coordinates": [ [ [ -45.149775337489224, -21.288724760706479 ], [ -45.150044832074457, -21.288724760706486 ], [ -45.150044832074457, -21.28845526612125 ], [ -45.149775337489224, -21.288455266121247 ], [ -45.149775337489224, -21.288724760706479 ] ] ] } },
{ "type": "Feature", "properties": { "id_feicao": "fogo_2020_92", "ano": 2020.0, "mes": 8, "codigo_original": 41, "classe": "Outras Lavouras Temporárias", "cor": "#f54ca9", "area_ha": 2.335028583468683 }, "geometry": { "type": "Polygon", "coordinates": [ [ [ -45.021226420331715, -21.260158334671484 ], [ -45.022034904087427, -21.260158334671491 ], [ -45.022034904087427, -21.259888840086251 ], [ -45.022304398672659, -21.259888840086241 ], [ -45.022304398672659, -21.259619345501005 ], [ -45.022573893257899, -21.259619345501012 ], [ -45.022573893257899, -21.25881086174531 ], [ -45.020956925746482, -21.258810861745296 ], [ -45.020956925746482, -21.259349850915761 ], [ -45.020687431161249, -21.259349850915761 ], [ -45.020687431161249, -21.259888840086241 ], [ -45.021226420331715, -21.259888840086241 ], [ -45.021226420331715, -21.260158334671484 ] ] ] } },
{ "type": "Feature", "properties": { "id_feicao": "fogo_2020_93", "ano": 2020.0, "mes": 8, "codigo_original": 41, "classe": "Outras Lavouras Temporárias", "cor": "#f54ca9", "area_ha": 0.16681478925855991 }, "geometry": { "type": "Polygon", "coordinates": [ [ [ -45.130102232767001, -21.235634327415017 ], [ -45.130102232767001, -21.235903822000246 ], [ -45.130641221937474, -21.235903822000253 ], [ -45.130641221937474, -21.235634327415013 ], [ -45.130102232767001, -21.235634327415017 ] ] ] } },
{ "type": "Feature", "properties": { "id_feicao": "fogo_2020_94", "ano": 2020.0, "mes": 8, "codigo_original": 41, "classe": "Outras Lavouras Temporárias", "cor": "#f54ca9", "area_ha": 1.6682253198664636 }, "geometry": { "type": "Polygon", "coordinates": [ [ [ -45.015567034041766, -21.228627468198884 ], [ -45.016914506967943, -21.228627468198887 ], [ -45.016914506967943, -21.227549489857946 ], [ -45.015567034041766, -21.227549489857942 ], [ -45.015567034041766, -21.228627468198884 ] ] ] } },
{ "type": "Feature", "properties": { "id_feicao": "fogo_2020_95", "ano": 2020.0, "mes": 8, "codigo_original": 41, "classe": "Outras Lavouras Temporárias", "cor": "#f54ca9", "area_ha": 0.25023867666618899 }, "geometry": { "type": "Polygon", "coordinates": [ [ [ -45.05545223265667, -21.225393533176053 ], [ -45.056260716412382, -21.225393533176057 ], [ -45.056260716412382, -21.22512403859082 ], [ -45.05545223265667, -21.225124038590817 ], [ -45.05545223265667, -21.225393533176053 ] ] ] } },
{ "type": "Feature", "properties": { "id_feicao": "fogo_2020_96", "ano": 2020.0, "mes": 8, "codigo_original": 41, "classe": "Outras Lavouras Temporárias", "cor": "#f54ca9", "area_ha": 0.08339556462297712 }, "geometry": { "type": "Polygon", "coordinates": [ [ [ -44.971369922063083, -21.256385410478174 ], [ -44.971369922063083, -21.256654905063417 ], [ -44.971639416648323, -21.256654905063421 ], [ -44.971639416648323, -21.256385410478174 ], [ -44.971369922063083, -21.256385410478174 ] ] ] } },
{ "type": "Feature", "properties": { "id_feicao": "fogo_2020_97", "ano": 2020.0, "mes": 8, "codigo_original": 41, "classe": "Outras Lavouras Temporárias", "cor": "#f54ca9", "area_ha": 3.4200940229418744 }, "geometry": { "type": "Polygon", "coordinates": [ [ [ -45.007482196484688, -21.217308695618986 ], [ -45.007482196484688, -21.217847684789447 ], [ -45.00802118565516, -21.217847684789447 ], [ -45.00802118565516, -21.21838667395992 ], [ -45.008829669410872, -21.21838667395992 ], [ -45.008829669410872, -21.218925663130399 ], [ -45.009638153166577, -21.218925663130388 ], [ -45.009638153166577, -21.217847684789447 ], [ -45.009099163996105, -21.217847684789447 ], [ -45.009099163996105, -21.217308695618975 ], [ -45.008560174825632, -21.217308695618971 ], [ -45.008560174825632, -21.216769706448499 ], [ -45.006943207314215, -21.216769706448495 ], [ -45.006943207314215, -21.217039201033739 ], [ -45.007212701899455, -21.217039201033746 ], [ -45.007212701899455, -21.217308695618986 ], [ -45.007482196484688, -21.217308695618986 ] ] ] } },
{ "type": "Feature", "properties": { "id_feicao": "fogo_2020_98", "ano": 2020.0, "mes": 8, "codigo_original": 41, "classe": "Outras Lavouras Temporárias", "cor": "#f54ca9", "area_ha": 2.0854456591762096 }, "geometry": { "type": "Polygon", "coordinates": [ [ [ -45.006404218143743, -21.216769706448506 ], [ -45.006404218143743, -21.217039201033746 ], [ -45.006673712728983, -21.217039201033742 ], [ -45.006673712728983, -21.216769706448503 ], [ -45.006943207314215, -21.216769706448495 ], [ -45.006943207314215, -21.215422233522329 ], [ -45.005595734388038, -21.215422233522332 ], [ -45.005595734388038, -21.216500211863274 ], [ -45.005865228973271, -21.216500211863281 ], [ -45.005865228973271, -21.216769706448503 ], [ -45.006404218143743, -21.216769706448506 ] ] ] } },
{ "type": "Feature", "properties": { "id_feicao": "fogo_2020_99", "ano": 2020.0, "mes": 8, "codigo_original": 41, "classe": "Outras Lavouras Temporárias", "cor": "#f54ca9", "area_ha": 0.083418328839354211 }, "geometry": { "type": "Polygon", "coordinates": [ [ [ -44.995085445563838, -21.215422233522329 ], [ -44.995354940149078, -21.215422233522336 ], [ -44.995354940149078, -21.215152738937089 ], [ -44.995085445563838, -21.215152738937089 ], [ -44.995085445563838, -21.215422233522329 ] ] ] } },
{ "type": "Feature", "properties": { "id_feicao": "fogo_2020_100", "ano": 2020.0, "mes": 8, "codigo_original": 41, "classe": "Outras Lavouras Temporárias", "cor": "#f54ca9", "area_ha": 0.3336748542936519 }, "geometry": { "type": "Polygon", "coordinates": [ [ [ -45.005595734388038, -21.214344255181377 ], [ -45.005326239802812, -21.214344255181384 ], [ -45.005326239802812, -21.21461374976662 ], [ -45.00478725063234, -21.21461374976662 ], [ -45.00478725063234, -21.214883244351856 ], [ -45.005595734388038, -21.214883244351856 ], [ -45.005595734388038, -21.214344255181377 ] ] ] } },
{ "type": "Feature", "properties": { "id_feicao": "fogo_2020_101", "ano": 2020.0, "mes": 8, "codigo_original": 41, "classe": "Outras Lavouras Temporárias", "cor": "#f54ca9", "area_ha": 8.0916302574672034 }, "geometry": { "type": "Polygon", "coordinates": [ [ [ -44.987809091762472, -21.214074760596144 ], [ -44.987809091762472, -21.21461374976661 ], [ -44.988078586347704, -21.214613749766617 ], [ -44.988078586347704, -21.215691728107565 ], [ -44.988617575518177, -21.215691728107565 ], [ -44.988617575518177, -21.215961222692805 ], [ -44.988887070103416, -21.215961222692798 ], [ -44.988887070103416, -21.216230717278034 ], [ -44.989156564688649, -21.216230717278034 ], [ -44.989156564688649, -21.215961222692808 ], [ -44.990234543029594, -21.215961222692794 ], [ -44.990234543029594, -21.214613749766613 ], [ -44.989965048444361, -21.214613749766617 ], [ -44.989965048444361, -21.213535771425676 ], [ -44.989695553859121, -21.213535771425676 ], [ -44.989695553859121, -21.213266276840439 ], [ -44.989156564688649, -21.213266276840439 ], [ -44.989156564688649, -21.212457793084734 ], [ -44.987809091762472, -21.212457793084731 ], [ -44.987809091762472, -21.212996782255207 ], [ -44.987539597177239, -21.212996782255207 ], [ -44.987539597177239, -21.214074760596141 ], [ -44.987809091762472, -21.214074760596144 ] ] ] } },
{ "type": "Feature", "properties": { "id_feicao": "fogo_2020_102", "ano": 2020.0, "mes": 8, "codigo_original": 41, "classe": "Outras Lavouras Temporárias", "cor": "#f54ca9", "area_ha": 0.25025721813766288 }, "geometry": { "type": "Polygon", "coordinates": [ [ [ -45.00478725063234, -21.214074760596148 ], [ -45.005595734388038, -21.214074760596144 ], [ -45.005595734388038, -21.213805266010912 ], [ -45.00478725063234, -21.213805266010905 ], [ -45.00478725063234, -21.214074760596148 ] ] ] } },
{ "type": "Feature", "properties": { "id_feicao": "fogo_2020_103", "ano": 2020.0, "mes": 8, "codigo_original": 41, "classe": "Outras Lavouras Temporárias", "cor": "#f54ca9", "area_ha": 0.083419221345521516 }, "geometry": { "type": "Polygon", "coordinates": [ [ [ -45.004517756047093, -21.213805266010915 ], [ -45.00478725063234, -21.213805266010905 ], [ -45.00478725063234, -21.213535771425676 ], [ -45.004517756047093, -21.213535771425676 ], [ -45.004517756047093, -21.213805266010915 ] ] ] } },
{ "type": "Feature", "properties": { "id_feicao": "fogo_2020_104", "ano": 2020.0, "mes": 8, "codigo_original": 41, "classe": "Outras Lavouras Temporárias", "cor": "#f54ca9", "area_ha": 2.5860118293118557 }, "geometry": { "type": "Polygon", "coordinates": [ [ [ -45.002092304779978, -21.213805266010912 ], [ -45.002092304779978, -21.213535771425672 ], [ -45.002361799365211, -21.213535771425672 ], [ -45.002361799365211, -21.214074760596148 ], [ -45.002900788535676, -21.214074760596144 ], [ -45.002900788535676, -21.213535771425676 ], [ -45.002631293950451, -21.213535771425672 ], [ -45.002631293950451, -21.212457793084727 ], [ -45.003170283120923, -21.212457793084731 ], [ -45.003170283120923, -21.212188298499488 ], [ -45.003439777706149, -21.212188298499491 ], [ -45.003439777706149, -21.211918803914269 ], [ -45.003170283120923, -21.211918803914262 ], [ -45.003170283120923, -21.211649309329015 ], [ -45.002092304779978, -21.211649309329022 ], [ -45.002092304779978, -21.212188298499488 ], [ -45.001822810194739, -21.212188298499495 ], [ -45.001822810194739, -21.213805266010908 ], [ -45.002092304779978, -21.213805266010912 ] ] ] } },
{ "type": "Feature", "properties": { "id_feicao": "fogo_2020_105", "ano": 2020.0, "mes": 8, "codigo_original": 41, "classe": "Outras Lavouras Temporárias", "cor": "#f54ca9", "area_ha": 1.0010729989261367 }, "geometry": { "type": "Polygon", "coordinates": [ [ [ -44.992929488881956, -21.207606890550487 ], [ -44.991851510541011, -21.207606890550487 ], [ -44.991851510541011, -21.208145879720952 ], [ -44.994007467222893, -21.208145879720959 ], [ -44.994007467222893, -21.207876385135719 ], [ -44.992929488881956, -21.207876385135727 ], [ -44.992929488881956, -21.207606890550487 ] ] ] } },
{ "type": "Feature", "properties": { "id_feicao": "fogo_2020_106", "ano": 2020.0, "mes": 8, "codigo_original": 41, "classe": "Outras Lavouras Temporárias", "cor": "#f54ca9", "area_ha": 2.1695661911828297 }, "geometry": { "type": "Polygon", "coordinates": [ [ [ -44.986731113421527, -21.167721691935579 ], [ -44.986731113421527, -21.166643713594642 ], [ -44.986461618836294, -21.166643713594631 ], [ -44.986461618836294, -21.166374219009398 ], [ -44.98538364049535, -21.166374219009402 ], [ -44.98538364049535, -21.167721691935579 ], [ -44.985653135080582, -21.167721691935583 ], [ -44.985653135080582, -21.167991186520812 ], [ -44.986461618836294, -21.167991186520823 ], [ -44.986461618836294, -21.167721691935583 ], [ -44.986731113421527, -21.167721691935579 ] ], [ [ -44.985653135080582, -21.166913208179878 ], [ -44.985922629665822, -21.166913208179871 ], [ -44.985922629665822, -21.167182702765107 ], [ -44.985653135080582, -21.167182702765107 ], [ -44.985653135080582, -21.166913208179878 ] ] ] } },
{ "type": "Feature", "properties": { "id_feicao": "fogo_2020_107", "ano": 2020.0, "mes": 9, "codigo_original": 3, "classe": "Formação Florestal", "cor": "#1f8d49", "area_ha": 1.5015064854564819 }, "geometry": { "type": "Polygon", "coordinates": [ [ [ -45.070004940259409, -21.217308695618975 ], [ -45.070004940259409, -21.217578190204215 ], [ -45.069465951088937, -21.217578190204218 ], [ -45.069465951088937, -21.218117179374691 ], [ -45.070004940259409, -21.218117179374683 ], [ -45.070004940259409, -21.218386673959923 ], [ -45.070813424015114, -21.21838667395992 ], [ -45.070813424015114, -21.218117179374683 ], [ -45.071352413185586, -21.218117179374691 ], [ -45.071352413185586, -21.217847684789447 ], [ -45.071082918600354, -21.217847684789451 ], [ -45.071082918600354, -21.217578190204211 ], [ -45.070813424015114, -21.217578190204215 ], [ -45.070813424015114, -21.217308695618978 ], [ -45.070543929429881, -21.217308695618975 ], [ -45.070543929429881, -21.217578190204215 ], [ -45.070274434844642, -21.217578190204218 ], [ -45.070274434844642, -21.217308695618986 ], [ -45.070004940259409, -21.217308695618975 ] ] ] } },
{ "type": "Feature", "properties": { "id_feicao": "fogo_2020_108", "ano": 2020.0, "mes": 9, "codigo_original": 3, "classe": "Formação Florestal", "cor": "#1f8d49", "area_ha": 0.083418447036296126 }, "geometry": { "type": "Polygon", "coordinates": [ [ [ -45.072969380697003, -21.215422233522329 ], [ -45.073238875282236, -21.215422233522322 ], [ -45.073238875282236, -21.215152738937086 ], [ -45.072969380697003, -21.215152738937093 ], [ -45.072969380697003, -21.215422233522329 ] ] ] } },
{ "type": "Feature", "properties": { "id_feicao": "fogo_2020_109", "ano": 2020.0, "mes": 9, "codigo_original": 3, "classe": "Formação Florestal", "cor": "#1f8d49", "area_ha": 0.083419548792485143 }, "geometry": { "type": "Polygon", "coordinates": [ [ [ -45.089678044981625, -21.213535771425668 ], [ -45.089947539566865, -21.213535771425672 ], [ -45.089947539566865, -21.213266276840439 ], [ -45.089678044981625, -21.213266276840443 ], [ -45.089678044981625, -21.213535771425668 ] ] ] } },
{ "type": "Feature", "properties": { "id_feicao": "fogo_2020_110", "ano": 2020.0, "mes": 9, "codigo_original": 3, "classe": "Formação Florestal", "cor": "#1f8d49", "area_ha": 0.083419848444054326 }, "geometry": { "type": "Polygon", "coordinates": [ [ [ -45.090217034152097, -21.212727287669956 ], [ -45.090217034152097, -21.212996782255207 ], [ -45.09048652873733, -21.212996782255203 ], [ -45.09048652873733, -21.212727287669967 ], [ -45.090217034152097, -21.212727287669956 ] ] ] } },
{ "type": "Feature", "properties": { "id_feicao": "fogo_2020_111", "ano": 2020.0, "mes": 9, "codigo_original": 3, "classe": "Formação Florestal", "cor": "#1f8d49", "area_ha": 0.50052224694937464 }, "geometry": { "type": "Polygon", "coordinates": [ [ [ -45.091295012493042, -21.212188298499491 ], [ -45.092103496248747, -21.212188298499498 ], [ -45.092103496248747, -21.211649309329019 ], [ -45.091295012493042, -21.211649309329026 ], [ -45.091295012493042, -21.212188298499491 ] ] ] } },
{ "type": "Feature", "properties": { "id_feicao": "fogo_2020_112", "ano": 2020.0, "mes": 9, "codigo_original": 3, "classe": "Formação Florestal", "cor": "#1f8d49", "area_ha": 0.083420588914863772 }, "geometry": { "type": "Polygon", "coordinates": [ [ [ -45.089408550396392, -21.211649309329029 ], [ -45.089678044981625, -21.211649309329022 ], [ -45.089678044981625, -21.21137981474379 ], [ -45.089408550396392, -21.211379814743786 ], [ -45.089408550396392, -21.211649309329029 ] ] ] } },
{ "type": "Feature", "properties": { "id_feicao": "fogo_2020_113", "ano": 2020.0, "mes": 9, "codigo_original": 3, "classe": "Formação Florestal", "cor": "#1f8d49", "area_ha": 0.083420581491832083 }, "geometry": { "type": "Polygon", "coordinates": [ [ [ -45.087522088299735, -21.211379814743793 ], [ -45.087522088299735, -21.211649309329022 ], [ -45.087791582884975, -21.211649309329029 ], [ -45.087791582884975, -21.21137981474379 ], [ -45.087522088299735, -21.211379814743793 ] ] ] } },
{ "type": "Feature", "properties": { "id_feicao": "fogo_2020_114", "ano": 2020.0, "mes": 9, "codigo_original": 3, "classe": "Formação Florestal", "cor": "#1f8d49", "area_ha": 0.66736710398150612 }, "geometry": { "type": "Polygon", "coordinates": [ [ [ -45.089678044981625, -21.21137981474379 ], [ -45.090217034152097, -21.211379814743783 ], [ -45.090217034152097, -21.21111032015855 ], [ -45.09048652873733, -21.21111032015855 ], [ -45.09048652873733, -21.210840825573321 ], [ -45.090217034152097, -21.210840825573317 ], [ -45.090217034152097, -21.210571330988081 ], [ -45.089678044981625, -21.210571330988081 ], [ -45.089678044981625, -21.210840825573317 ], [ -45.089408550396392, -21.21084082557331 ], [ -45.089408550396392, -21.211110320158554 ], [ -45.089678044981625, -21.211110320158554 ], [ -45.089678044981625, -21.21137981474379 ] ] ] } },
{ "type": "Feature", "properties": { "id_feicao": "fogo_2020_115", "ano": 2020.0, "mes": 9, "codigo_original": 3, "classe": "Formação Florestal", "cor": "#1f8d49", "area_ha": 0.083420878958422692 }, "geometry": { "type": "Polygon", "coordinates": [ [ [ -45.087522088299735, -21.21111032015855 ], [ -45.087791582884975, -21.21111032015855 ], [ -45.087791582884975, -21.210840825573321 ], [ -45.087522088299735, -21.210840825573321 ], [ -45.087522088299735, -21.21111032015855 ] ] ] } },
{ "type": "Feature", "properties": { "id_feicao": "fogo_2020_116", "ano": 2020.0, "mes": 9, "codigo_original": 3, "classe": "Formação Florestal", "cor": "#1f8d49", "area_ha": 0.083421030855085704 }, "geometry": { "type": "Polygon", "coordinates": [ [ [ -45.088330572055447, -21.210840825573317 ], [ -45.08860006664068, -21.210840825573321 ], [ -45.08860006664068, -21.210571330988074 ], [ -45.088330572055447, -21.210571330988074 ], [ -45.088330572055447, -21.210840825573317 ] ] ] } },
{ "type": "Feature", "properties": { "id_feicao": "fogo_2020_117", "ano": 2020.0, "mes": 9, "codigo_original": 3, "classe": "Formação Florestal", "cor": "#1f8d49", "area_ha": 0.083421640906762337 }, "geometry": { "type": "Polygon", "coordinates": [ [ [ -45.092103496248747, -21.209762847232369 ], [ -45.092372990833987, -21.209762847232366 ], [ -45.092372990833987, -21.209493352647137 ], [ -45.092103496248747, -21.209493352647137 ], [ -45.092103496248747, -21.209762847232369 ] ] ] } },
{ "type": "Feature", "properties": { "id_feicao": "fogo_2020_118", "ano": 2020.0, "mes": 9, "codigo_original": 3, "classe": "Formação Florestal", "cor": "#1f8d49", "area_ha": 0.33368744935914874 }, "geometry": { "type": "Polygon", "coordinates": [ [ [ -45.091564507078274, -21.20949335264714 ], [ -45.092103496248747, -21.209493352647137 ], [ -45.092103496248747, -21.208954363476664 ], [ -45.091564507078274, -21.208954363476668 ], [ -45.091564507078274, -21.20949335264714 ] ] ] } },
{ "type": "Feature", "properties": { "id_feicao": "fogo_2020_119", "ano": 2020.0, "mes": 9, "codigo_original": 3, "classe": "Formação Florestal", "cor": "#1f8d49", "area_ha": 0.083421933960262692 }, "geometry": { "type": "Polygon", "coordinates": [ [ [ -45.091025517907802, -21.209223858061904 ], [ -45.091295012493042, -21.209223858061897 ], [ -45.091295012493042, -21.208954363476668 ], [ -45.091025517907802, -21.208954363476668 ], [ -45.091025517907802, -21.209223858061904 ] ] ] } },
{ "type": "Feature", "properties": { "id_feicao": "fogo_2020_120", "ano": 2020.0, "mes": 9, "codigo_original": 3, "classe": "Formação Florestal", "cor": "#1f8d49", "area_ha": 0.083355389085634848 }, "geometry": { "type": "Polygon", "coordinates": [ [ [ -45.000744831853794, -21.328879453906623 ], [ -45.000744831853794, -21.329148948491852 ], [ -45.001014326439034, -21.329148948491856 ], [ -45.001014326439034, -21.328879453906627 ], [ -45.000744831853794, -21.328879453906623 ] ] ] } },
{ "type": "Feature", "properties": { "id_feicao": "fogo_2020_121", "ano": 2020.0, "mes": 9, "codigo_original": 3, "classe": "Formação Florestal", "cor": "#1f8d49", "area_ha": 0.083355688200425354 }, "geometry": { "type": "Polygon", "coordinates": [ [ [ -44.998049886001432, -21.328609959321383 ], [ -44.998319380586672, -21.32860995932139 ], [ -44.998319380586672, -21.328340464736151 ], [ -44.998049886001432, -21.328340464736144 ], [ -44.998049886001432, -21.328609959321383 ] ] ] } },
{ "type": "Feature", "properties": { "id_feicao": "fogo_2020_122", "ano": 2020.0, "mes": 9, "codigo_original": 3, "classe": "Formação Florestal", "cor": "#1f8d49", "area_ha": 0.16671377375787125 }, "geometry": { "type": "Polygon", "coordinates": [ [ [ -44.988887070103416, -21.326454002639505 ], [ -44.989426059273889, -21.326454002639501 ], [ -44.989426059273889, -21.326184508054265 ], [ -44.988887070103416, -21.326184508054265 ], [ -44.988887070103416, -21.326454002639505 ] ] ] } },
{ "type": "Feature", "properties": { "id_feicao": "fogo_2020_123", "ano": 2020.0, "mes": 9, "codigo_original": 3, "classe": "Formação Florestal", "cor": "#1f8d49", "area_ha": 0.083357185070841736 }, "geometry": { "type": "Polygon", "coordinates": [ [ [ -45.008829669410872, -21.325645518883793 ], [ -45.008829669410872, -21.325915013469029 ], [ -45.009099163996105, -21.325915013469025 ], [ -45.009099163996105, -21.325645518883793 ], [ -45.008829669410872, -21.325645518883793 ] ] ] } },
{ "type": "Feature", "properties": { "id_feicao": "fogo_2020_124", "ano": 2020.0, "mes": 9, "codigo_original": 3, "classe": "Formação Florestal", "cor": "#1f8d49", "area_ha": 0.083357184861600403 }, "geometry": { "type": "Polygon", "coordinates": [ [ [ -45.0082906802404, -21.325915013469029 ], [ -45.008560174825632, -21.325915013469025 ], [ -45.008560174825632, -21.325645518883793 ], [ -45.0082906802404, -21.325645518883793 ], [ -45.0082906802404, -21.325915013469029 ] ] ] } },
{ "type": "Feature", "properties": { "id_feicao": "fogo_2020_125", "ano": 2020.0, "mes": 9, "codigo_original": 3, "classe": "Formação Florestal", "cor": "#1f8d49", "area_ha": 0.083413287618663165 }, "geometry": { "type": "Polygon", "coordinates": [ [ [ -45.028502774133088, -21.224585049420345 ], [ -45.028772268718321, -21.224585049420348 ], [ -45.028772268718321, -21.224315554835108 ], [ -45.028502774133088, -21.224315554835108 ], [ -45.028502774133088, -21.224585049420345 ] ] ] } },
{ "type": "Feature", "properties": { "id_feicao": "fogo_2020_126", "ano": 2020.0, "mes": 9, "codigo_original": 3, "classe": "Formação Florestal", "cor": "#1f8d49", "area_ha": 0.33365501918307672 }, "geometry": { "type": "Polygon", "coordinates": [ [ [ -45.02904176330356, -21.223507071079403 ], [ -45.02904176330356, -21.223237576494167 ], [ -45.028502774133088, -21.223237576494171 ], [ -45.028502774133088, -21.224046060249872 ], [ -45.028772268718321, -21.224046060249872 ], [ -45.028772268718321, -21.223507071079407 ], [ -45.02904176330356, -21.223507071079403 ] ] ] } },
{ "type": "Feature", "properties": { "id_feicao": "fogo_2020_127", "ano": 2020.0, "mes": 9, "codigo_original": 3, "classe": "Formação Florestal", "cor": "#1f8d49", "area_ha": 0.083414032403286542 }, "geometry": { "type": "Polygon", "coordinates": [ [ [ -45.02904176330356, -21.223237576494167 ], [ -45.029311257888793, -21.223237576494167 ], [ -45.029311257888793, -21.222968081908935 ], [ -45.02904176330356, -21.222968081908927 ], [ -45.02904176330356, -21.223237576494167 ] ] ] } },
{ "type": "Feature", "properties": { "id_feicao": "fogo_2020_128", "ano": 2020.0, "mes": 9, "codigo_original": 3, "classe": "Formação Florestal", "cor": "#1f8d49", "area_ha": 0.1668286639955826 }, "geometry": { "type": "Polygon", "coordinates": [ [ [ -45.030389236229738, -21.222698587323691 ], [ -45.03092822540021, -21.222698587323698 ], [ -45.03092822540021, -21.222429092738459 ], [ -45.030389236229738, -21.222429092738469 ], [ -45.030389236229738, -21.222698587323691 ] ] ] } },
{ "type": "Feature", "properties": { "id_feicao": "fogo_2020_129", "ano": 2020.0, "mes": 9, "codigo_original": 3, "classe": "Formação Florestal", "cor": "#1f8d49", "area_ha": 0.4170724658250809 }, "geometry": { "type": "Polygon", "coordinates": [ [ [ -45.029850247059265, -21.222429092738466 ], [ -45.030389236229738, -21.222429092738469 ], [ -45.030389236229738, -21.222159598153223 ], [ -45.030119741644498, -21.222159598153223 ], [ -45.030119741644498, -21.221890103567997 ], [ -45.029850247059265, -21.22189010356799 ], [ -45.029850247059265, -21.222159598153223 ], [ -45.029580752474033, -21.222159598153226 ], [ -45.029580752474033, -21.222698587323688 ], [ -45.029850247059265, -21.222698587323691 ], [ -45.029850247059265, -21.222429092738466 ] ] ] } },
{ "type": "Feature", "properties": { "id_feicao": "fogo_2020_130", "ano": 2020.0, "mes": 9, "codigo_original": 3, "classe": "Formação Florestal", "cor": "#1f8d49", "area_ha": 0.083417244952358305 }, "geometry": { "type": "Polygon", "coordinates": [ [ [ -45.069196456503697, -21.217578190204218 ], [ -45.069465951088937, -21.217578190204218 ], [ -45.069465951088937, -21.217308695618971 ], [ -45.069196456503697, -21.217308695618975 ], [ -45.069196456503697, -21.217578190204218 ] ] ] } },
{ "type": "Feature", "properties": { "id_feicao": "fogo_2020_131", "ano": 2020.0, "mes": 9, "codigo_original": 3, "classe": "Formação Florestal", "cor": "#1f8d49", "area_ha": 0.083417157795093955 }, "geometry": { "type": "Polygon", "coordinates": [ [ [ -45.029580752474033, -21.217578190204218 ], [ -45.029850247059265, -21.217578190204215 ], [ -45.029850247059265, -21.217308695618982 ], [ -45.029580752474033, -21.217308695618978 ], [ -45.029580752474033, -21.217578190204218 ] ] ] } },
{ "type": "Feature", "properties": { "id_feicao": "fogo_2020_132", "ano": 2020.0, "mes": 9, "codigo_original": 3, "classe": "Formação Florestal", "cor": "#1f8d49", "area_ha": 0.50050279198819769 }, "geometry": { "type": "Polygon", "coordinates": [ [ [ -45.028772268718321, -21.217847684789454 ], [ -45.029311257888793, -21.217847684789447 ], [ -45.029311257888793, -21.217039201033746 ], [ -45.02904176330356, -21.217039201033739 ], [ -45.02904176330356, -21.217308695618975 ], [ -45.028502774133088, -21.217308695618978 ], [ -45.028502774133088, -21.217578190204218 ], [ -45.028772268718321, -21.217578190204211 ], [ -45.028772268718321, -21.217847684789454 ] ] ] } },
{ "type": "Feature", "properties": { "id_feicao": "fogo_2020_133", "ano": 2020.0, "mes": 9, "codigo_original": 9, "classe": "Silvicultura", "cor": "#7a5900", "area_ha": 1.2506710572798769 }, "geometry": { "type": "Polygon", "coordinates": [ [ [ -45.148966853733512, -21.288994255291708 ], [ -45.148966853733512, -21.289263749876952 ], [ -45.149236348318752, -21.289263749876952 ], [ -45.149236348318752, -21.288994255291719 ], [ -45.149505842903984, -21.288994255291719 ], [ -45.149505842903984, -21.289533244462199 ], [ -45.150314326659696, -21.289533244462181 ], [ -45.150314326659696, -21.288994255291712 ], [ -45.150044832074457, -21.288994255291705 ], [ -45.150044832074457, -21.288724760706486 ], [ -45.149505842903984, -21.288724760706483 ], [ -45.149505842903984, -21.288455266121254 ], [ -45.148697359148279, -21.288455266121243 ], [ -45.148697359148279, -21.288994255291716 ], [ -45.148966853733512, -21.288994255291708 ] ] ] } },
{ "type": "Feature", "properties": { "id_feicao": "fogo_2020_134", "ano": 2020.0, "mes": 9, "codigo_original": 9, "classe": "Silvicultura", "cor": "#7a5900", "area_ha": 0.083378298232082579 }, "geometry": { "type": "Polygon", "coordinates": [ [ [ -45.150314326659696, -21.288724760706479 ], [ -45.150314326659696, -21.28845526612125 ], [ -45.150044832074457, -21.28845526612125 ], [ -45.150044832074457, -21.288724760706486 ], [ -45.150314326659696, -21.288724760706479 ] ] ] } },
{ "type": "Feature", "properties": { "id_feicao": "fogo_2020_135", "ano": 2020.0, "mes": 9, "codigo_original": 9, "classe": "Silvicultura", "cor": "#7a5900", "area_ha": 17.433982465490409 }, "geometry": { "type": "Polygon", "coordinates": [ [ [ -45.066501510651342, -21.217039201033739 ], [ -45.066501510651342, -21.217308695618978 ], [ -45.066232016066103, -21.217308695618978 ], [ -45.066232016066103, -21.217578190204211 ], [ -45.06596252148087, -21.217578190204215 ], [ -45.06596252148087, -21.218386673959923 ], [ -45.065154037725165, -21.218386673959916 ], [ -45.065154037725165, -21.219464652300868 ], [ -45.064884543139925, -21.219464652300864 ], [ -45.064884543139925, -21.220542630641805 ], [ -45.065154037725165, -21.220542630641802 ], [ -45.065154037725165, -21.221081619812281 ], [ -45.065423532310398, -21.221081619812278 ], [ -45.065423532310398, -21.221351114397514 ], [ -45.065693026895637, -21.221351114397518 ], [ -45.065693026895637, -21.222159598153226 ], [ -45.066771005236575, -21.222159598153219 ], [ -45.066771005236575, -21.221620608982754 ], [ -45.067040499821815, -21.22162060898275 ], [ -45.067040499821815, -21.220812125227049 ], [ -45.068387972747992, -21.220812125227038 ], [ -45.068387972747992, -21.220542630641802 ], [ -45.068657467333232, -21.220542630641809 ], [ -45.068657467333232, -21.220273136056569 ], [ -45.068926961918464, -21.22027313605658 ], [ -45.068926961918464, -21.219734146886097 ], [ -45.069465951088937, -21.2197341468861 ], [ -45.069465951088937, -21.219195157715625 ], [ -45.069196456503697, -21.219195157715635 ], [ -45.069196456503697, -21.218656168545166 ], [ -45.068926961918464, -21.218656168545156 ], [ -45.068926961918464, -21.217578190204211 ], [ -45.068657467333232, -21.217578190204218 ], [ -45.068657467333232, -21.217308695618975 ], [ -45.06784898357752, -21.217308695618982 ], [ -45.06784898357752, -21.217039201033742 ], [ -45.067579488992287, -21.217039201033742 ], [ -45.067579488992287, -21.21676970644851 ], [ -45.066771005236575, -21.216769706448506 ], [ -45.066771005236575, -21.217039201033742 ], [ -45.066501510651342, -21.217039201033739 ] ] ] } },
{ "type": "Feature", "properties": { "id_feicao": "fogo_2020_136", "ano": 2020.0, "mes": 9, "codigo_original": 9, "classe": "Silvicultura", "cor": "#7a5900", "area_ha": 2.0854403183586459 }, "geometry": { "type": "Polygon", "coordinates": [ [ [ -45.068657467333232, -21.216769706448503 ], [ -45.068657467333232, -21.217039201033742 ], [ -45.069196456503697, -21.217039201033739 ], [ -45.069196456503697, -21.217308695618975 ], [ -45.069465951088937, -21.217308695618971 ], [ -45.069465951088937, -21.217578190204218 ], [ -45.070004940259409, -21.217578190204215 ], [ -45.070004940259409, -21.217308695618975 ], [ -45.070274434844642, -21.217308695618986 ], [ -45.070274434844642, -21.217039201033739 ], [ -45.070543929429881, -21.217039201033742 ], [ -45.070543929429881, -21.216769706448503 ], [ -45.070274434844642, -21.216769706448499 ], [ -45.070274434844642, -21.216230717278037 ], [ -45.069465951088937, -21.216230717278034 ], [ -45.069465951088937, -21.215961222692801 ], [ -45.068926961918464, -21.215961222692798 ], [ -45.068926961918464, -21.21676970644851 ], [ -45.068657467333232, -21.216769706448503 ] ] ] } },
{ "type": "Feature", "properties": { "id_feicao": "fogo_2020_137", "ano": 2020.0, "mes": 9, "codigo_original": 12, "classe": "Formação Campestre", "cor": "#d6bc74", "area_ha": 1.3331792680408805 }, "geometry": { "type": "Polygon", "coordinates": [ [ [ -45.07647281030507, -21.386820789732333 ], [ -45.077550788646015, -21.386820789732329 ], [ -45.077550788646015, -21.385742811391388 ], [ -45.07647281030507, -21.385742811391388 ], [ -45.07647281030507, -21.386820789732333 ] ] ] } },
{ "type": "Feature", "properties": { "id_feicao": "fogo_2020_138", "ano": 2020.0, "mes": 9, "codigo_original": 12, "classe": "Formação Campestre", "cor": "#d6bc74", "area_ha": 1.3332177472218871 }, "geometry": { "type": "Polygon", "coordinates": [ [ [ -45.078359272401727, -21.382508876368558 ], [ -45.079437250742671, -21.382508876368558 ], [ -45.079437250742671, -21.381430898027624 ], [ -45.078359272401727, -21.38143089802761 ], [ -45.078359272401727, -21.382508876368558 ] ] ] } },
{ "type": "Feature", "properties": { "id_feicao": "fogo_2020_139", "ano": 2020.0, "mes": 9, "codigo_original": 12, "classe": "Formação Campestre", "cor": "#d6bc74", "area_ha": 0.16668921837322415 }, "geometry": { "type": "Polygon", "coordinates": [ [ [ -45.114202052238092, -21.349091547799311 ], [ -45.114741041408557, -21.349091547799315 ], [ -45.114741041408557, -21.348822053214075 ], [ -45.114202052238092, -21.348822053214082 ], [ -45.114202052238092, -21.349091547799311 ] ] ] } },
{ "type": "Feature", "properties": { "id_feicao": "fogo_2020_140", "ano": 2020.0, "mes": 9, "codigo_original": 12, "classe": "Formação Campestre", "cor": "#d6bc74", "area_ha": 0.083344604424200955 }, "geometry": { "type": "Polygon", "coordinates": [ [ [ -45.11339356848238, -21.349091547799315 ], [ -45.113663063067619, -21.349091547799315 ], [ -45.113663063067619, -21.348822053214079 ], [ -45.11339356848238, -21.348822053214075 ], [ -45.11339356848238, -21.349091547799315 ] ] ] } },
{ "type": "Feature", "properties": { "id_feicao": "fogo_2020_141", "ano": 2020.0, "mes": 9, "codigo_original": 12, "classe": "Formação Campestre", "cor": "#d6bc74", "area_ha": 0.2500646232239902 }, "geometry": { "type": "Polygon", "coordinates": [ [ [ -44.983766672983933, -21.329687937662328 ], [ -44.98322768381346, -21.329687937662328 ], [ -44.98322768381346, -21.330226926832804 ], [ -44.9834971783987, -21.330226926832797 ], [ -44.9834971783987, -21.329957432247561 ], [ -44.983766672983933, -21.329957432247564 ], [ -44.983766672983933, -21.329687937662328 ] ] ] } },
{ "type": "Feature", "properties": { "id_feicao": "fogo_2020_142", "ano": 2020.0, "mes": 9, "codigo_original": 12, "classe": "Formação Campestre", "cor": "#d6bc74", "area_ha": 0.083355090035684407 }, "geometry": { "type": "Polygon", "coordinates": [ [ [ -45.001014326439034, -21.329687937662325 ], [ -45.001283821024266, -21.329687937662328 ], [ -45.001283821024266, -21.329418443077088 ], [ -45.001014326439034, -21.329418443077099 ], [ -45.001014326439034, -21.329687937662325 ] ] ] } },
{ "type": "Feature", "properties": { "id_feicao": "fogo_2020_143", "ano": 2020.0, "mes": 9, "codigo_original": 12, "classe": "Formação Campestre", "cor": "#d6bc74", "area_ha": 0.083355389099288732 }, "geometry": { "type": "Polygon", "coordinates": [ [ [ -45.001014326439034, -21.329148948491856 ], [ -45.001283821024266, -21.329148948491859 ], [ -45.001283821024266, -21.32887945390662 ], [ -45.001014326439034, -21.328879453906627 ], [ -45.001014326439034, -21.329148948491856 ] ] ] } },
{ "type": "Feature", "properties": { "id_feicao": "fogo_2020_144", "ano": 2020.0, "mes": 9, "codigo_original": 12, "classe": "Formação Campestre", "cor": "#d6bc74", "area_ha": 0.16671077815247701 }, "geometry": { "type": "Polygon", "coordinates": [ [ [ -45.000205842683322, -21.329148948491859 ], [ -45.000744831853794, -21.329148948491852 ], [ -45.000744831853794, -21.328879453906623 ], [ -45.000205842683322, -21.328879453906616 ], [ -45.000205842683322, -21.329148948491859 ] ] ] } },
{ "type": "Feature", "properties": { "id_feicao": "fogo_2020_145", "ano": 2020.0, "mes": 9, "codigo_original": 12, "classe": "Formação Campestre", "cor": "#d6bc74", "area_ha": 0.083355842210724951 }, "geometry": { "type": "Polygon", "coordinates": [ [ [ -45.014219561115588, -21.328340464736144 ], [ -45.014489055700821, -21.328340464736151 ], [ -45.014489055700821, -21.328070970150922 ], [ -45.014219561115588, -21.328070970150922 ], [ -45.014219561115588, -21.328340464736144 ] ] ] } },
{ "type": "Feature", "properties": { "id_feicao": "fogo_2020_146", "ano": 2020.0, "mes": 9, "codigo_original": 12, "classe": "Formação Campestre", "cor": "#d6bc74", "area_ha": 0.08335583830671385 }, "geometry": { "type": "Polygon", "coordinates": [ [ [ -45.005326239802812, -21.328340464736144 ], [ -45.005595734388038, -21.328340464736154 ], [ -45.005595734388038, -21.328070970150922 ], [ -45.005326239802812, -21.328070970150922 ], [ -45.005326239802812, -21.328340464736144 ] ] ] } },
{ "type": "Feature", "properties": { "id_feicao": "fogo_2020_147", "ano": 2020.0, "mes": 9, "codigo_original": 12, "classe": "Formação Campestre", "cor": "#d6bc74", "area_ha": 1.2503529119707644 }, "geometry": { "type": "Polygon", "coordinates": [ [ [ -45.152470283341579, -21.326723497224737 ], [ -45.151392305000634, -21.326723497224741 ], [ -45.151392305000634, -21.327801475565682 ], [ -45.152200788756346, -21.327801475565682 ], [ -45.152200788756346, -21.327531980980446 ], [ -45.152470283341579, -21.327531980980446 ], [ -45.152470283341579, -21.326723497224737 ] ] ] } },
{ "type": "Feature", "properties": { "id_feicao": "fogo_2020_148", "ano": 2020.0, "mes": 9, "codigo_original": 12, "classe": "Formação Campestre", "cor": "#d6bc74", "area_ha": 0.083356436238065365 }, "geometry": { "type": "Polygon", "coordinates": [ [ [ -44.995085445563838, -21.32726248639521 ], [ -44.995354940149078, -21.32726248639521 ], [ -44.995354940149078, -21.326992991809973 ], [ -44.995085445563838, -21.326992991809973 ], [ -44.995085445563838, -21.32726248639521 ] ] ] } },
{ "type": "Feature", "properties": { "id_feicao": "fogo_2020_149", "ano": 2020.0, "mes": 9, "codigo_original": 12, "classe": "Formação Campestre", "cor": "#d6bc74", "area_ha": 0.083356436214409774 }, "geometry": { "type": "Polygon", "coordinates": [ [ [ -45.004517756047093, -21.32726248639521 ], [ -45.00478725063234, -21.32726248639521 ], [ -45.00478725063234, -21.326992991809973 ], [ -45.004517756047093, -21.326992991809977 ], [ -45.004517756047093, -21.32726248639521 ] ] ] } },
{ "type": "Feature", "properties": { "id_feicao": "fogo_2020_150", "ano": 2020.0, "mes": 9, "codigo_original": 12, "classe": "Formação Campestre", "cor": "#d6bc74", "area_ha": 0.083356885296385741 }, "geometry": { "type": "Polygon", "coordinates": [ [ [ -45.006673712728983, -21.326454002639501 ], [ -45.006943207314215, -21.326454002639501 ], [ -45.006943207314215, -21.326184508054265 ], [ -45.006673712728983, -21.326184508054265 ], [ -45.006673712728983, -21.326454002639501 ] ] ] } },
{ "type": "Feature", "properties": { "id_feicao": "fogo_2020_151", "ano": 2020.0, "mes": 9, "codigo_original": 12, "classe": "Formação Campestre", "cor": "#d6bc74", "area_ha": 0.083357184768002482 }, "geometry": { "type": "Polygon", "coordinates": [ [ [ -45.00802118565516, -21.325915013469029 ], [ -45.0082906802404, -21.325915013469029 ], [ -45.0082906802404, -21.325645518883793 ], [ -45.00802118565516, -21.325645518883793 ], [ -45.00802118565516, -21.325915013469029 ] ] ] } },
{ "type": "Feature", "properties": { "id_feicao": "fogo_2020_152", "ano": 2020.0, "mes": 9, "codigo_original": 12, "classe": "Formação Campestre", "cor": "#d6bc74", "area_ha": 0.83383106958437714 }, "geometry": { "type": "Polygon", "coordinates": [ [ [ -45.053835265145267, -21.279022955637988 ], [ -45.053026781389548, -21.279022955637991 ], [ -45.053026781389548, -21.278753461052752 ], [ -45.053296275974795, -21.278753461052748 ], [ -45.053296275974795, -21.278483966467522 ], [ -45.052757286804322, -21.278483966467519 ], [ -45.052757286804322, -21.279292450223227 ], [ -45.053026781389548, -21.279292450223238 ], [ -45.053026781389548, -21.279561944808464 ], [ -45.053835265145267, -21.27956194480846 ], [ -45.053835265145267, -21.279022955637988 ] ] ] } },
{ "type": "Feature", "properties": { "id_feicao": "fogo_2020_153", "ano": 2020.0, "mes": 9, "codigo_original": 12, "classe": "Formação Campestre", "cor": "#d6bc74", "area_ha": 0.097466229254752401 }, "geometry": { "type": "Polygon", "coordinates": [ [ [ -44.965710535773134, -21.34639660194695 ], [ -44.965171546602662, -21.34639660194695 ], [ -44.965171546602683, -21.34640905640023 ], [ -44.965313, -21.346487 ], [ -44.965522, -21.346602 ], [ -44.965710535773511, -21.346687097915268 ], [ -44.965710535773134, -21.34639660194695 ] ] ] } },
{ "type": "Feature", "properties": { "id_feicao": "fogo_2020_154", "ano": 2020.0, "mes": 9, "codigo_original": 12, "classe": "Formação Campestre", "cor": "#d6bc74", "area_ha": 0.30766836217865345 }, "geometry": { "type": "Polygon", "coordinates": [ [ [ -44.965171546602662, -21.345857612776491 ], [ -44.964219793666189, -21.345857613133987 ], [ -44.964246, -21.345875 ], [ -44.964467, -21.346002 ], [ -44.964761, -21.346186999999894 ], [ -44.965019, -21.346325 ], [ -44.965148944141774, -21.346396601981688 ], [ -44.965171546602662, -21.34639660194695 ], [ -44.965171546602662, -21.345857612776491 ] ] ] } },
{ "type": "Feature", "properties": { "id_feicao": "fogo_2020_155", "ano": 2020.0, "mes": 9, "codigo_original": 12, "classe": "Formação Campestre", "cor": "#d6bc74", "area_ha": 12.668966299445927 }, "geometry": { "type": "Polygon", "coordinates": [ [ [ -44.963554579091245, -21.342893172338883 ], [ -44.964632557432189, -21.342893172338883 ], [ -44.964632557432189, -21.342354183168418 ], [ -44.967058008699311, -21.342354183168414 ], [ -44.967058008699311, -21.342623677753654 ], [ -44.968135987040256, -21.342623677753654 ], [ -44.968135987040256, -21.342084688583178 ], [ -44.968674976210728, -21.342084688583181 ], [ -44.968674976210728, -21.341276204827466 ], [ -44.969213965381201, -21.341276204827466 ], [ -44.969213965381201, -21.340198226486518 ], [ -44.965710535773134, -21.340198226486532 ], [ -44.965710535773134, -21.339928731901292 ], [ -44.964632557432189, -21.339928731901292 ], [ -44.964632557432189, -21.341276204827462 ], [ -44.96436306284695, -21.341276204827466 ], [ -44.96436306284695, -21.341815193997938 ], [ -44.963554579091245, -21.341815193997938 ], [ -44.963554579091245, -21.342893172338883 ] ] ] } },
{ "type": "Feature", "properties": { "id_feicao": "fogo_2020_156", "ano": 2020.0, "mes": 9, "codigo_original": 12, "classe": "Formação Campestre", "cor": "#d6bc74", "area_ha": 0.083353751743119209 }, "geometry": { "type": "Polygon", "coordinates": [ [ [ -44.981341221716811, -21.33211338892945 ], [ -44.98161071630205, -21.332113388929447 ], [ -44.98161071630205, -21.331843894344214 ], [ -44.981341221716811, -21.331843894344207 ], [ -44.981341221716811, -21.33211338892945 ] ] ] } },
{ "type": "Feature", "properties": { "id_feicao": "fogo_2020_157", "ano": 2020.0, "mes": 9, "codigo_original": 12, "classe": "Formação Campestre", "cor": "#d6bc74", "area_ha": 0.083354049565177404 }, "geometry": { "type": "Polygon", "coordinates": [ [ [ -44.982958189228228, -21.331574399758981 ], [ -44.98322768381346, -21.331574399758981 ], [ -44.98322768381346, -21.331304905173752 ], [ -44.982958189228228, -21.331304905173749 ], [ -44.982958189228228, -21.331574399758981 ] ] ] } },
{ "type": "Feature", "properties": { "id_feicao": "fogo_2020_158", "ano": 2020.0, "mes": 9, "codigo_original": 12, "classe": "Formação Campestre", "cor": "#d6bc74", "area_ha": 0.83354206641856576 }, "geometry": { "type": "Polygon", "coordinates": [ [ [ -44.982149705472516, -21.331304905173749 ], [ -44.982688694642988, -21.331304905173742 ], [ -44.982688694642988, -21.331035410588509 ], [ -44.982419200057755, -21.331035410588505 ], [ -44.982419200057755, -21.330765916003276 ], [ -44.98161071630205, -21.330765916003276 ], [ -44.98161071630205, -21.331304905173749 ], [ -44.981341221716811, -21.331304905173738 ], [ -44.981341221716811, -21.331574399758978 ], [ -44.982149705472516, -21.331574399758978 ], [ -44.982149705472516, -21.331304905173749 ] ] ] } },
{ "type": "Feature", "properties": { "id_feicao": "fogo_2020_159", "ano": 2020.0, "mes": 9, "codigo_original": 12, "classe": "Formação Campestre", "cor": "#d6bc74", "area_ha": 0.25006326257698236 }, "geometry": { "type": "Polygon", "coordinates": [ [ [ -44.98322768381346, -21.33049642141804 ], [ -44.982958189228228, -21.330496421418033 ], [ -44.982958189228228, -21.330765916003269 ], [ -44.982688694642988, -21.330765916003266 ], [ -44.982688694642988, -21.331035410588509 ], [ -44.98322768381346, -21.331035410588512 ], [ -44.98322768381346, -21.33049642141804 ] ] ] } },
{ "type": "Feature", "properties": { "id_feicao": "fogo_2020_160", "ano": 2020.0, "mes": 9, "codigo_original": 12, "classe": "Formação Campestre", "cor": "#d6bc74", "area_ha": 0.16670899915304035 }, "geometry": { "type": "Polygon", "coordinates": [ [ [ -44.981071727131578, -21.330765916003269 ], [ -44.98161071630205, -21.330765916003276 ], [ -44.98161071630205, -21.330496421418037 ], [ -44.981071727131578, -21.330496421418044 ], [ -44.981071727131578, -21.330765916003269 ] ] ] } },
{ "type": "Feature", "properties": { "id_feicao": "fogo_2020_161", "ano": 2020.0, "mes": 9, "codigo_original": 12, "classe": "Formação Campestre", "cor": "#d6bc74", "area_ha": 0.25006394906016066 }, "geometry": { "type": "Polygon", "coordinates": [ [ [ -44.980263243375866, -21.330496421418033 ], [ -44.981071727131578, -21.330496421418044 ], [ -44.981071727131578, -21.3302269268328 ], [ -44.980263243375866, -21.330226926832804 ], [ -44.980263243375866, -21.330496421418033 ] ] ] } },
{ "type": "Feature", "properties": { "id_feicao": "fogo_2020_162", "ano": 2020.0, "mes": 9, "codigo_original": 12, "classe": "Formação Campestre", "cor": "#d6bc74", "area_ha": 0.4167739914238453 }, "geometry": { "type": "Polygon", "coordinates": [ [ [ -44.981880210887283, -21.33049642141804 ], [ -44.982149705472516, -21.330496421418037 ], [ -44.982149705472516, -21.329687937662328 ], [ -44.981880210887283, -21.329687937662328 ], [ -44.981880210887283, -21.329957432247568 ], [ -44.981341221716811, -21.329957432247561 ], [ -44.981341221716811, -21.3302269268328 ], [ -44.981880210887283, -21.330226926832793 ], [ -44.981880210887283, -21.33049642141804 ] ] ] } },
{ "type": "Feature", "properties": { "id_feicao": "fogo_2020_163", "ano": 2020.0, "mes": 9, "codigo_original": 12, "classe": "Formação Campestre", "cor": "#d6bc74", "area_ha": 0.25006484627937897 }, "geometry": { "type": "Polygon", "coordinates": [ [ [ -44.980263243375866, -21.329957432247561 ], [ -44.981071727131578, -21.329957432247568 ], [ -44.981071727131578, -21.329687937662321 ], [ -44.980263243375866, -21.329687937662332 ], [ -44.980263243375866, -21.329957432247561 ] ] ] } },
{ "type": "Feature", "properties": { "id_feicao": "fogo_2020_164", "ano": 2020.0, "mes": 9, "codigo_original": 12, "classe": "Formação Campestre", "cor": "#d6bc74", "area_ha": 0.25006552415266631 }, "geometry": { "type": "Polygon", "coordinates": [ [ [ -44.982149705472516, -21.329148948491863 ], [ -44.98161071630205, -21.329148948491856 ], [ -44.98161071630205, -21.329687937662328 ], [ -44.981880210887283, -21.329687937662328 ], [ -44.981880210887283, -21.329418443077092 ], [ -44.982149705472516, -21.329418443077095 ], [ -44.982149705472516, -21.329148948491863 ] ] ] } },
{ "type": "Feature", "properties": { "id_feicao": "fogo_2020_165", "ano": 2020.0, "mes": 9, "codigo_original": 12, "classe": "Formação Campestre", "cor": "#d6bc74", "area_ha": 0.083355397818610066 }, "geometry": { "type": "Polygon", "coordinates": [ [ [ -44.979993748790633, -21.329148948491856 ], [ -44.980263243375866, -21.329148948491859 ], [ -44.980263243375866, -21.328879453906627 ], [ -44.979993748790633, -21.328879453906623 ], [ -44.979993748790633, -21.329148948491856 ] ] ] } },
{ "type": "Feature", "properties": { "id_feicao": "fogo_2020_166", "ano": 2020.0, "mes": 9, "codigo_original": 12, "classe": "Formação Campestre", "cor": "#d6bc74", "area_ha": 0.083355396896600722 }, "geometry": { "type": "Polygon", "coordinates": [ [ [ -44.981071727131578, -21.329148948491856 ], [ -44.981341221716811, -21.329148948491856 ], [ -44.981341221716811, -21.32887945390662 ], [ -44.981071727131578, -21.328879453906616 ], [ -44.981071727131578, -21.329148948491856 ] ] ] } },
{ "type": "Feature", "properties": { "id_feicao": "fogo_2020_167", "ano": 2020.0, "mes": 9, "codigo_original": 12, "classe": "Formação Campestre", "cor": "#d6bc74", "area_ha": 0.083413024752214557 }, "geometry": { "type": "Polygon", "coordinates": [ [ [ -44.90453526492459, -21.225393533176053 ], [ -44.90480475950983, -21.225393533176053 ], [ -44.90480475950983, -21.225124038590824 ], [ -44.90453526492459, -21.22512403859082 ], [ -44.90453526492459, -21.225393533176053 ] ] ] } },
{ "type": "Feature", "properties": { "id_feicao": "fogo_2020_168", "ano": 2020.0, "mes": 9, "codigo_original": 12, "classe": "Formação Campestre", "cor": "#d6bc74", "area_ha": 0.08341332354880869 }, "geometry": { "type": "Polygon", "coordinates": [ [ [ -44.904265770339357, -21.224854544005584 ], [ -44.90453526492459, -21.224854544005584 ], [ -44.90453526492459, -21.224585049420352 ], [ -44.904265770339357, -21.224585049420345 ], [ -44.904265770339357, -21.224854544005584 ] ] ] } },
{ "type": "Feature", "properties": { "id_feicao": "fogo_2020_169", "ano": 2020.0, "mes": 9, "codigo_original": 15, "classe": "Pastagem", "cor": "#edde8e", "area_ha": 0.083356650982828073 }, "geometry": { "type": "Polygon", "coordinates": [ [ [ -45.152470283341579, -21.327801475565682 ], [ -45.152470283341579, -21.327531980980446 ], [ -45.152200788756346, -21.327531980980446 ], [ -45.152200788756346, -21.327801475565682 ], [ -45.152470283341579, -21.327801475565682 ] ] ] } },
{ "type": "Feature", "properties": { "id_feicao": "fogo_2020_170", "ano": 2020.0, "mes": 9, "codigo_original": 15, "classe": "Pastagem", "cor": "#edde8e", "area_ha": 2.4175795959557651 }, "geometry": { "type": "Polygon", "coordinates": [ [ [ -45.145463424125445, -21.31297927337771 ], [ -45.145463424125445, -21.313248767962939 ], [ -45.146002413295918, -21.313248767962943 ], [ -45.146002413295918, -21.31297927337771 ], [ -45.14681089705163, -21.312979273377707 ], [ -45.14681089705163, -21.312709778792474 ], [ -45.147349886222102, -21.312709778792478 ], [ -45.147349886222102, -21.311901295036758 ], [ -45.144924434954973, -21.311901295036755 ], [ -45.144924434954973, -21.312170789622005 ], [ -45.145193929540213, -21.312170789621998 ], [ -45.145193929540213, -21.312440284207238 ], [ -45.145732918710685, -21.312440284207234 ], [ -45.145732918710685, -21.312979273377714 ], [ -45.145463424125445, -21.31297927337771 ] ] ] } },
{ "type": "Feature", "properties": { "id_feicao": "fogo_2020_171", "ano": 2020.0, "mes": 9, "codigo_original": 15, "classe": "Pastagem", "cor": "#edde8e", "area_ha": 0.083365711910638227 }, "geometry": { "type": "Polygon", "coordinates": [ [ [ -45.143846456614035, -21.311362305866286 ], [ -45.143846456614035, -21.311092811281053 ], [ -45.143576962028796, -21.311092811281057 ], [ -45.143576962028796, -21.311362305866293 ], [ -45.143846456614035, -21.311362305866286 ] ] ] } },
{ "type": "Feature", "properties": { "id_feicao": "fogo_2020_172", "ano": 2020.0, "mes": 9, "codigo_original": 15, "classe": "Pastagem", "cor": "#edde8e", "area_ha": 0.083365857894346113 }, "geometry": { "type": "Polygon", "coordinates": [ [ [ -45.143307467443563, -21.310823316695821 ], [ -45.143037972858323, -21.310823316695821 ], [ -45.143037972858323, -21.31109281128106 ], [ -45.143307467443563, -21.31109281128106 ], [ -45.143307467443563, -21.310823316695821 ] ] ] } },
{ "type": "Feature", "properties": { "id_feicao": "fogo_2020_173", "ano": 2020.0, "mes": 9, "codigo_original": 15, "classe": "Pastagem", "cor": "#edde8e", "area_ha": 0.91702646280750633 }, "geometry": { "type": "Polygon", "coordinates": [ [ [ -45.143846456614035, -21.311092811281053 ], [ -45.144115951199268, -21.31109281128105 ], [ -45.144115951199268, -21.31136230586629 ], [ -45.144385445784508, -21.311362305866286 ], [ -45.144385445784508, -21.310014832940105 ], [ -45.143576962028796, -21.310014832940116 ], [ -45.143576962028796, -21.310284327525338 ], [ -45.143846456614035, -21.310284327525345 ], [ -45.143846456614035, -21.310553822110577 ], [ -45.143576962028796, -21.310553822110585 ], [ -45.143576962028796, -21.310823316695814 ], [ -45.143846456614035, -21.31082331669581 ], [ -45.143846456614035, -21.311092811281053 ] ] ] } },
{ "type": "Feature", "properties": { "id_feicao": "fogo_2020_174", "ano": 2020.0, "mes": 9, "codigo_original": 15, "classe": "Pastagem", "cor": "#edde8e", "area_ha": 3.5014090523989814 }, "geometry": { "type": "Polygon", "coordinates": [ [ [ -45.143307467443563, -21.310284327525348 ], [ -45.143307467443563, -21.310014832940112 ], [ -45.143576962028796, -21.310014832940116 ], [ -45.143576962028796, -21.308128370843466 ], [ -45.141421005346913, -21.30812837084347 ], [ -45.141421005346913, -21.3092063491844 ], [ -45.142229489102618, -21.309206349184404 ], [ -45.142229489102618, -21.30947584376964 ], [ -45.143037972858323, -21.30947584376964 ], [ -45.143037972858323, -21.310284327525345 ], [ -45.143307467443563, -21.310284327525348 ] ] ] } },
{ "type": "Feature", "properties": { "id_feicao": "fogo_2020_175", "ano": 2020.0, "mes": 9, "codigo_original": 15, "classe": "Pastagem", "cor": "#edde8e", "area_ha": 0.083382933713309473 }, "geometry": { "type": "Polygon", "coordinates": [ [ [ -45.053026781389548, -21.279292450223238 ], [ -45.052757286804322, -21.279292450223227 ], [ -45.052757286804322, -21.279561944808467 ], [ -45.053026781389548, -21.279561944808464 ], [ -45.053026781389548, -21.279292450223238 ] ] ] } },
{ "type": "Feature", "properties": { "id_feicao": "fogo_2020_176", "ano": 2020.0, "mes": 9, "codigo_original": 15, "classe": "Pastagem", "cor": "#edde8e", "area_ha": 0.41691666582021863 }, "geometry": { "type": "Polygon", "coordinates": [ [ [ -45.053296275974795, -21.278753461052748 ], [ -45.053026781389548, -21.278753461052752 ], [ -45.053026781389548, -21.279022955637991 ], [ -45.053835265145267, -21.279022955637988 ], [ -45.053835265145267, -21.278483966467519 ], [ -45.053296275974795, -21.278483966467522 ], [ -45.053296275974795, -21.278753461052748 ] ] ] } },
{ "type": "Feature", "properties": { "id_feicao": "fogo_2020_177", "ano": 2020.0, "mes": 9, "codigo_original": 15, "classe": "Pastagem", "cor": "#edde8e", "area_ha": 0.083408538947734451 }, "geometry": { "type": "Polygon", "coordinates": [ [ [ -45.147080391636862, -21.234017359903593 ], [ -45.147080391636862, -21.233747865318364 ], [ -45.14681089705163, -21.233747865318371 ], [ -45.14681089705163, -21.2340173599036 ], [ -45.147080391636862, -21.234017359903593 ] ] ] } },
{ "type": "Feature", "properties": { "id_feicao": "fogo_2020_178", "ano": 2020.0, "mes": 9, "codigo_original": 15, "classe": "Pastagem", "cor": "#edde8e", "area_ha": 0.083408834966924042 }, "geometry": { "type": "Polygon", "coordinates": [ [ [ -45.14681089705163, -21.233208876147891 ], [ -45.14654140246639, -21.233208876147899 ], [ -45.14654140246639, -21.233478370733135 ], [ -45.14681089705163, -21.233478370733138 ], [ -45.14681089705163, -21.233208876147891 ] ] ] } },
{ "type": "Feature", "properties": { "id_feicao": "fogo_2020_179", "ano": 2020.0, "mes": 9, "codigo_original": 15, "classe": "Pastagem", "cor": "#edde8e", "area_ha": 0.083409288661088793 }, "geometry": { "type": "Polygon", "coordinates": [ [ [ -45.147888875392567, -21.232400392392186 ], [ -45.147619380807335, -21.232400392392186 ], [ -45.147619380807335, -21.232669886977423 ], [ -45.147888875392567, -21.232669886977423 ], [ -45.147888875392567, -21.232400392392186 ] ] ] } },
{ "type": "Feature", "properties": { "id_feicao": "fogo_2020_180", "ano": 2020.0, "mes": 9, "codigo_original": 15, "classe": "Pastagem", "cor": "#edde8e", "area_ha": 0.16681856499365894 }, "geometry": { "type": "Polygon", "coordinates": [ [ [ -45.147080391636862, -21.232669886977426 ], [ -45.147080391636862, -21.232400392392179 ], [ -45.14654140246639, -21.232400392392186 ], [ -45.14654140246639, -21.232669886977426 ], [ -45.147080391636862, -21.232669886977426 ] ] ] } },
{ "type": "Feature", "properties": { "id_feicao": "fogo_2020_181", "ano": 2020.0, "mes": 9, "codigo_original": 15, "classe": "Pastagem", "cor": "#edde8e", "area_ha": 0.083409465919443301 }, "geometry": { "type": "Polygon", "coordinates": [ [ [ -45.128215770670352, -21.232130897806943 ], [ -45.128215770670352, -21.231861403221714 ], [ -45.127946276085126, -21.231861403221718 ], [ -45.127946276085126, -21.232130897806943 ], [ -45.128215770670352, -21.232130897806943 ] ] ] } },
{ "type": "Feature", "properties": { "id_feicao": "fogo_2020_182", "ano": 2020.0, "mes": 9, "codigo_original": 15, "classe": "Pastagem", "cor": "#edde8e", "area_ha": 2.3355685954288319 }, "geometry": { "type": "Polygon", "coordinates": [ [ [ -45.058955662264736, -21.224046060249872 ], [ -45.058955662264736, -21.22512403859082 ], [ -45.059494651435209, -21.22512403859082 ], [ -45.059494651435209, -21.225393533176053 ], [ -45.060572629776154, -21.225393533176053 ], [ -45.060572629776154, -21.224046060249872 ], [ -45.058955662264736, -21.224046060249872 ] ] ] } },
{ "type": "Feature", "properties": { "id_feicao": "fogo_2020_183", "ano": 2020.0, "mes": 9, "codigo_original": 15, "classe": "Pastagem", "cor": "#edde8e", "area_ha": 8.258021425330174 }, "geometry": { "type": "Polygon", "coordinates": [ [ [ -45.067040499821815, -21.221890103567986 ], [ -45.066771005236575, -21.221890103567993 ], [ -45.066771005236575, -21.224315554835115 ], [ -45.068118478162759, -21.224315554835108 ], [ -45.068118478162759, -21.224046060249879 ], [ -45.068387972747992, -21.224046060249872 ], [ -45.068387972747992, -21.223507071079403 ], [ -45.069465951088937, -21.2235070710794 ], [ -45.069465951088937, -21.223237576494171 ], [ -45.069735445674169, -21.223237576494164 ], [ -45.069735445674169, -21.22189010356799 ], [ -45.068926961918464, -21.22189010356799 ], [ -45.068926961918464, -21.220812125227045 ], [ -45.068657467333232, -21.220812125227045 ], [ -45.068657467333232, -21.221081619812278 ], [ -45.06784898357752, -21.221081619812278 ], [ -45.06784898357752, -21.221351114397518 ], [ -45.067579488992287, -21.221351114397521 ], [ -45.067579488992287, -21.221620608982761 ], [ -45.067040499821815, -21.22162060898275 ], [ -45.067040499821815, -21.221890103567986 ] ] ] } },
{ "type": "Feature", "properties": { "id_feicao": "fogo_2020_184", "ano": 2020.0, "mes": 9, "codigo_original": 15, "classe": "Pastagem", "cor": "#edde8e", "area_ha": 12.262324050217588 }, "geometry": { "type": "Polygon", "coordinates": [ [ [ -45.070543929429881, -21.217039201033742 ], [ -45.070274434844642, -21.217039201033739 ], [ -45.070274434844642, -21.217578190204218 ], [ -45.070543929429881, -21.217578190204215 ], [ -45.070543929429881, -21.217308695618975 ], [ -45.070813424015114, -21.217308695618978 ], [ -45.070813424015114, -21.217578190204215 ], [ -45.071082918600354, -21.217578190204211 ], [ -45.071082918600354, -21.217847684789451 ], [ -45.071352413185586, -21.217847684789447 ], [ -45.071352413185586, -21.218117179374691 ], [ -45.070813424015114, -21.218117179374683 ], [ -45.070813424015114, -21.21838667395992 ], [ -45.070004940259409, -21.218386673959923 ], [ -45.070004940259409, -21.218117179374683 ], [ -45.069465951088937, -21.218117179374691 ], [ -45.069465951088937, -21.217578190204218 ], [ -45.068926961918464, -21.217578190204211 ], [ -45.068926961918464, -21.218656168545156 ], [ -45.069196456503697, -21.218656168545166 ], [ -45.069196456503697, -21.219195157715635 ], [ -45.069465951088937, -21.219195157715625 ], [ -45.069465951088937, -21.2197341468861 ], [ -45.072160896941298, -21.219734146886093 ], [ -45.072160896941298, -21.219195157715628 ], [ -45.072430391526531, -21.219195157715628 ], [ -45.072430391526531, -21.216230717278034 ], [ -45.073238875282236, -21.216230717278041 ], [ -45.073238875282236, -21.215422233522322 ], [ -45.072969380697003, -21.215422233522329 ], [ -45.072969380697003, -21.215152738937093 ], [ -45.071621907770826, -21.215152738937096 ], [ -45.071621907770826, -21.215961222692805 ], [ -45.070004940259409, -21.215961222692794 ], [ -45.070004940259409, -21.21623071727803 ], [ -45.070274434844642, -21.216230717278037 ], [ -45.070274434844642, -21.216769706448499 ], [ -45.070543929429881, -21.216769706448503 ], [ -45.070543929429881, -21.217039201033742 ] ] ] } },
{ "type": "Feature", "properties": { "id_feicao": "fogo_2020_185", "ano": 2020.0, "mes": 9, "codigo_original": 15, "classe": "Pastagem", "cor": "#edde8e", "area_ha": 0.66734269415871317 }, "geometry": { "type": "Polygon", "coordinates": [ [ [ -45.068118478162759, -21.216500211863266 ], [ -45.068118478162759, -21.215961222692801 ], [ -45.067309994407047, -21.215961222692798 ], [ -45.067309994407047, -21.21650021186327 ], [ -45.067040499821815, -21.21650021186327 ], [ -45.067040499821815, -21.216769706448499 ], [ -45.067579488992287, -21.21676970644851 ], [ -45.067579488992287, -21.216500211863277 ], [ -45.068118478162759, -21.216500211863266 ] ] ] } },
{ "type": "Feature", "properties": { "id_feicao": "fogo_2020_186", "ano": 2020.0, "mes": 9, "codigo_original": 15, "classe": "Pastagem", "cor": "#edde8e", "area_ha": 3.5870312234535815 }, "geometry": { "type": "Polygon", "coordinates": [ [ [ -45.089947539566865, -21.214613749766617 ], [ -45.090217034152097, -21.214613749766613 ], [ -45.090217034152097, -21.21488324435186 ], [ -45.091025517907802, -21.214883244351856 ], [ -45.091025517907802, -21.214344255181384 ], [ -45.091295012493042, -21.214344255181381 ], [ -45.091295012493042, -21.21461374976662 ], [ -45.092103496248747, -21.214613749766624 ], [ -45.092103496248747, -21.214074760596148 ], [ -45.091564507078274, -21.214074760596151 ], [ -45.091564507078274, -21.213805266010908 ], [ -45.091295012493042, -21.213805266010908 ], [ -45.091295012493042, -21.214074760596148 ], [ -45.091025517907802, -21.214074760596141 ], [ -45.091025517907802, -21.213535771425672 ], [ -45.091295012493042, -21.213535771425668 ], [ -45.091295012493042, -21.212727287669967 ], [ -45.09048652873733, -21.212727287669967 ], [ -45.09048652873733, -21.212996782255203 ], [ -45.090217034152097, -21.212996782255207 ], [ -45.090217034152097, -21.212727287669956 ], [ -45.089678044981625, -21.212727287669974 ], [ -45.089678044981625, -21.213266276840443 ], [ -45.089947539566865, -21.213266276840439 ], [ -45.089947539566865, -21.214613749766617 ] ] ] } },
{ "type": "Feature", "properties": { "id_feicao": "fogo_2020_187", "ano": 2020.0, "mes": 9, "codigo_original": 15, "classe": "Pastagem", "cor": "#edde8e", "area_ha": 0.16683970889067276 }, "geometry": { "type": "Polygon", "coordinates": [ [ [ -45.092103496248747, -21.212727287669967 ], [ -45.091564507078274, -21.21272728766996 ], [ -45.091564507078274, -21.21299678225521 ], [ -45.092103496248747, -21.212996782255203 ], [ -45.092103496248747, -21.212727287669967 ] ] ] } },
{ "type": "Feature", "properties": { "id_feicao": "fogo_2020_188", "ano": 2020.0, "mes": 9, "codigo_original": 15, "classe": "Pastagem", "cor": "#edde8e", "area_ha": 0.083420150283507785 }, "geometry": { "type": "Polygon", "coordinates": [ [ [ -45.091564507078274, -21.212457793084724 ], [ -45.091564507078274, -21.212188298499498 ], [ -45.091295012493042, -21.212188298499491 ], [ -45.091295012493042, -21.212457793084734 ], [ -45.091564507078274, -21.212457793084724 ] ] ] } },
{ "type": "Feature", "properties": { "id_feicao": "fogo_2020_189", "ano": 2020.0, "mes": 9, "codigo_original": 15, "classe": "Pastagem", "cor": "#edde8e", "area_ha": 0.41710392333567142 }, "geometry": { "type": "Polygon", "coordinates": [ [ [ -45.08860006664068, -21.211379814743783 ], [ -45.089139055811152, -21.21137981474379 ], [ -45.089139055811152, -21.211110320158561 ], [ -45.089408550396392, -21.211110320158554 ], [ -45.089408550396392, -21.21084082557331 ], [ -45.08860006664068, -21.210840825573321 ], [ -45.08860006664068, -21.211379814743783 ] ] ] } },
{ "type": "Feature", "properties": { "id_feicao": "fogo_2020_190", "ano": 2020.0, "mes": 9, "codigo_original": 15, "classe": "Pastagem", "cor": "#edde8e", "area_ha": 0.083421035114768893 }, "geometry": { "type": "Polygon", "coordinates": [ [ [ -45.089678044981625, -21.210571330988081 ], [ -45.089408550396392, -21.210571330988078 ], [ -45.089408550396392, -21.21084082557331 ], [ -45.089678044981625, -21.210840825573317 ], [ -45.089678044981625, -21.210571330988081 ] ] ] } },
{ "type": "Feature", "properties": { "id_feicao": "fogo_2020_191", "ano": 2020.0, "mes": 9, "codigo_original": 15, "classe": "Pastagem", "cor": "#edde8e", "area_ha": 0.083421179581452232 }, "geometry": { "type": "Polygon", "coordinates": [ [ [ -45.08860006664068, -21.210571330988074 ], [ -45.08860006664068, -21.210301836402845 ], [ -45.088330572055447, -21.210301836402849 ], [ -45.088330572055447, -21.210571330988074 ], [ -45.08860006664068, -21.210571330988074 ] ] ] } },
{ "type": "Feature", "properties": { "id_feicao": "fogo_2020_192", "ano": 2020.0, "mes": 9, "codigo_original": 15, "classe": "Pastagem", "cor": "#edde8e", "area_ha": 4.8384331184290259 }, "geometry": { "type": "Polygon", "coordinates": [ [ [ -45.089947539566865, -21.208954363476668 ], [ -45.089947539566865, -21.209223858061904 ], [ -45.089678044981625, -21.209223858061897 ], [ -45.089678044981625, -21.209493352647144 ], [ -45.090217034152097, -21.20949335264714 ], [ -45.090217034152097, -21.210032341817609 ], [ -45.090756023322569, -21.210032341817609 ], [ -45.090756023322569, -21.210301836402845 ], [ -45.090217034152097, -21.210301836402852 ], [ -45.090217034152097, -21.210840825573317 ], [ -45.09048652873733, -21.210840825573321 ], [ -45.09048652873733, -21.21111032015855 ], [ -45.090756023322569, -21.21111032015855 ], [ -45.090756023322569, -21.211379814743797 ], [ -45.09048652873733, -21.211379814743786 ], [ -45.09048652873733, -21.211649309329026 ], [ -45.092103496248747, -21.211649309329019 ], [ -45.092103496248747, -21.210301836402838 ], [ -45.092372990833987, -21.210301836402849 ], [ -45.092372990833987, -21.209762847232366 ], [ -45.092103496248747, -21.209762847232369 ], [ -45.092103496248747, -21.209493352647137 ], [ -45.091295012493042, -21.209493352647137 ], [ -45.091295012493042, -21.209223858061897 ], [ -45.091025517907802, -21.209223858061904 ], [ -45.091025517907802, -21.208954363476668 ], [ -45.090756023322569, -21.208954363476664 ], [ -45.090756023322569, -21.20949335264714 ], [ -45.091025517907802, -21.209493352647137 ], [ -45.091025517907802, -21.20976284723238 ], [ -45.09048652873733, -21.209762847232369 ], [ -45.09048652873733, -21.208954363476671 ], [ -45.089947539566865, -21.208954363476668 ] ] ] } },
{ "type": "Feature", "properties": { "id_feicao": "fogo_2020_193", "ano": 2020.0, "mes": 9, "codigo_original": 15, "classe": "Pastagem", "cor": "#edde8e", "area_ha": 0.083421325153416506 }, "geometry": { "type": "Polygon", "coordinates": [ [ [ -45.087791582884975, -21.210301836402852 ], [ -45.087791582884975, -21.210032341817616 ], [ -45.087522088299735, -21.210032341817602 ], [ -45.087522088299735, -21.210301836402852 ], [ -45.087791582884975, -21.210301836402852 ] ] ] } },
{ "type": "Feature", "properties": { "id_feicao": "fogo_2020_194", "ano": 2020.0, "mes": 9, "codigo_original": 15, "classe": "Pastagem", "cor": "#edde8e", "area_ha": 4.0042575337178077 }, "geometry": { "type": "Polygon", "coordinates": [ [ [ -45.092372990833987, -21.209762847232366 ], [ -45.092911980004459, -21.209762847232369 ], [ -45.092911980004459, -21.210301836402849 ], [ -45.094528947515869, -21.210301836402849 ], [ -45.094528947515869, -21.210032341817605 ], [ -45.093720463760164, -21.210032341817612 ], [ -45.093720463760164, -21.209762847232376 ], [ -45.093989958345396, -21.209762847232373 ], [ -45.093989958345396, -21.208954363476671 ], [ -45.093720463760164, -21.208954363476664 ], [ -45.093720463760164, -21.208415374306195 ], [ -45.093450969174924, -21.208415374306188 ], [ -45.093450969174924, -21.209223858061907 ], [ -45.092911980004459, -21.209223858061904 ], [ -45.092911980004459, -21.208415374306192 ], [ -45.092103496248747, -21.208415374306199 ], [ -45.092103496248747, -21.207067901380015 ], [ -45.091564507078274, -21.207067901380022 ], [ -45.091564507078274, -21.208954363476668 ], [ -45.092372990833987, -21.208954363476668 ], [ -45.092372990833987, -21.2092238580619 ], [ -45.092103496248747, -21.2092238580619 ], [ -45.092103496248747, -21.209493352647137 ], [ -45.092372990833987, -21.209493352647137 ], [ -45.092372990833987, -21.209762847232366 ] ] ] } },
{ "type": "Feature", "properties": { "id_feicao": "fogo_2020_195", "ano": 2020.0, "mes": 9, "codigo_original": 15, "classe": "Pastagem", "cor": "#edde8e", "area_ha": 0.50053790609836579 }, "geometry": { "type": "Polygon", "coordinates": [ [ [ -45.093720463760164, -21.206798406794778 ], [ -45.093181474589692, -21.206798406794785 ], [ -45.093181474589692, -21.207606890550487 ], [ -45.093720463760164, -21.207606890550487 ], [ -45.093720463760164, -21.206798406794778 ] ] ] } },
{ "type": "Feature", "properties": { "id_feicao": "fogo_2020_196", "ano": 2020.0, "mes": 9, "codigo_original": 15, "classe": "Pastagem", "cor": "#edde8e", "area_ha": 0.083423280085397761 }, "geometry": { "type": "Polygon", "coordinates": [ [ [ -45.093181474589692, -21.206798406794785 ], [ -45.093181474589692, -21.206528912209549 ], [ -45.092911980004459, -21.206528912209549 ], [ -45.092911980004459, -21.206798406794778 ], [ -45.093181474589692, -21.206798406794785 ] ] ] } },
{ "type": "Feature", "properties": { "id_feicao": "fogo_2020_197", "ano": 2020.0, "mes": 9, "codigo_original": 15, "classe": "Pastagem", "cor": "#edde8e", "area_ha": 0.08342476150272414 }, "geometry": { "type": "Polygon", "coordinates": [ [ [ -45.091834001663514, -21.203833966357188 ], [ -45.091564507078274, -21.203833966357188 ], [ -45.091564507078274, -21.204103460942424 ], [ -45.091834001663514, -21.204103460942427 ], [ -45.091834001663514, -21.203833966357188 ] ] ] } },
{ "type": "Feature", "properties": { "id_feicao": "fogo_2020_198", "ano": 2020.0, "mes": 9, "codigo_original": 15, "classe": "Pastagem", "cor": "#edde8e", "area_ha": 0.41712585189603268 }, "geometry": { "type": "Polygon", "coordinates": [ [ [ -45.092372990833987, -21.203294977186715 ], [ -45.091564507078274, -21.203294977186712 ], [ -45.091564507078274, -21.203564471771951 ], [ -45.092642485419219, -21.203564471771948 ], [ -45.092642485419219, -21.203025482601483 ], [ -45.092372990833987, -21.203025482601479 ], [ -45.092372990833987, -21.203294977186715 ] ] ] } },
{ "type": "Feature", "properties": { "id_feicao": "fogo_2020_199", "ano": 2020.0, "mes": 9, "codigo_original": 15, "classe": "Pastagem", "cor": "#edde8e", "area_ha": 3.5019325789215587 }, "geometry": { "type": "Polygon", "coordinates": [ [ [ -45.05006234095196, -21.285490825683656 ], [ -45.05006234095196, -21.284412847342704 ], [ -45.048984362611016, -21.284412847342704 ], [ -45.048984362611016, -21.286029814854121 ], [ -45.047636889684831, -21.286029814854125 ], [ -45.047636889684831, -21.287107793195062 ], [ -45.049253857196248, -21.287107793195052 ], [ -45.049253857196248, -21.285490825683656 ], [ -45.05006234095196, -21.285490825683656 ] ] ] } },
{ "type": "Feature", "properties": { "id_feicao": "fogo_2020_200", "ano": 2020.0, "mes": 9, "codigo_original": 15, "classe": "Pastagem", "cor": "#edde8e", "area_ha": 0.083401396119873974 }, "geometry": { "type": "Polygon", "coordinates": [ [ [ -45.041708008809643, -21.245875121653981 ], [ -45.04143851422441, -21.245875121653985 ], [ -45.04143851422441, -21.246144616239217 ], [ -45.041708008809643, -21.246144616239221 ], [ -45.041708008809643, -21.245875121653981 ] ] ] } },
{ "type": "Feature", "properties": { "id_feicao": "fogo_2020_201", "ano": 2020.0, "mes": 9, "codigo_original": 15, "classe": "Pastagem", "cor": "#edde8e", "area_ha": 0.16680278880326077 }, "geometry": { "type": "Polygon", "coordinates": [ [ [ -45.040899525053938, -21.245875121653981 ], [ -45.040360535883465, -21.245875121653981 ], [ -45.040360535883465, -21.246144616239217 ], [ -45.040899525053938, -21.246144616239221 ], [ -45.040899525053938, -21.245875121653981 ] ] ] } },
{ "type": "Feature", "properties": { "id_feicao": "fogo_2020_202", "ano": 2020.0, "mes": 9, "codigo_original": 15, "classe": "Pastagem", "cor": "#edde8e", "area_ha": 0.25020508366595012 }, "geometry": { "type": "Polygon", "coordinates": [ [ [ -45.041977503394882, -21.245875121653981 ], [ -45.041977503394882, -21.245066637898276 ], [ -45.041708008809643, -21.245066637898265 ], [ -45.041708008809643, -21.245875121653981 ], [ -45.041977503394882, -21.245875121653981 ] ] ] } },
{ "type": "Feature", "properties": { "id_feicao": "fogo_2020_203", "ano": 2020.0, "mes": 9, "codigo_original": 15, "classe": "Pastagem", "cor": "#edde8e", "area_ha": 0.083401839140756329 }, "geometry": { "type": "Polygon", "coordinates": [ [ [ -45.039552052127753, -21.245336132483502 ], [ -45.039552052127753, -21.245066637898269 ], [ -45.039282557542521, -21.245066637898276 ], [ -45.039282557542521, -21.245336132483505 ], [ -45.039552052127753, -21.245336132483502 ] ] ] } },
{ "type": "Feature", "properties": { "id_feicao": "fogo_2020_204", "ano": 2020.0, "mes": 9, "codigo_original": 15, "classe": "Pastagem", "cor": "#edde8e", "area_ha": 0.08340199298026553 }, "geometry": { "type": "Polygon", "coordinates": [ [ [ -45.042246997980115, -21.245066637898269 ], [ -45.042246997980115, -21.244797143313047 ], [ -45.041977503394882, -21.244797143313036 ], [ -45.041977503394882, -21.245066637898276 ], [ -45.042246997980115, -21.245066637898269 ] ] ] } },
{ "type": "Feature", "properties": { "id_feicao": "fogo_2020_205", "ano": 2020.0, "mes": 9, "codigo_original": 15, "classe": "Pastagem", "cor": "#edde8e", "area_ha": 0.083402286502067005 }, "geometry": { "type": "Polygon", "coordinates": [ [ [ -45.039821546712993, -21.24425815414256 ], [ -45.039552052127753, -21.244258154142553 ], [ -45.039552052127753, -21.244527648727793 ], [ -45.039821546712993, -21.244527648727797 ], [ -45.039821546712993, -21.24425815414256 ] ] ] } },
{ "type": "Feature", "properties": { "id_feicao": "fogo_2020_206", "ano": 2020.0, "mes": 9, "codigo_original": 15, "classe": "Pastagem", "cor": "#edde8e", "area_ha": 0.50041506533771751 }, "geometry": { "type": "Polygon", "coordinates": [ [ [ -45.040630030468698, -21.243719164972088 ], [ -45.039821546712993, -21.243719164972088 ], [ -45.039821546712993, -21.24425815414256 ], [ -45.040630030468698, -21.244258154142557 ], [ -45.040630030468698, -21.243719164972088 ] ] ] } },
{ "type": "Feature", "properties": { "id_feicao": "fogo_2020_207", "ano": 2020.0, "mes": 9, "codigo_original": 15, "classe": "Pastagem", "cor": "#edde8e", "area_ha": 0.16680562753681297 }, "geometry": { "type": "Polygon", "coordinates": [ [ [ -45.04305548173582, -21.243719164972088 ], [ -45.04305548173582, -21.243180175801616 ], [ -45.042785987150587, -21.243180175801619 ], [ -45.042785987150587, -21.243719164972084 ], [ -45.04305548173582, -21.243719164972088 ] ] ] } },
{ "type": "Feature", "properties": { "id_feicao": "fogo_2020_208", "ano": 2020.0, "mes": 9, "codigo_original": 15, "classe": "Pastagem", "cor": "#edde8e", "area_ha": 2.5856601167004554 }, "geometry": { "type": "Polygon", "coordinates": [ [ [ -45.031736709155915, -21.23428685448884 ], [ -45.032545192911627, -21.234286854488833 ], [ -45.032545192911627, -21.232400392392179 ], [ -45.031467214570682, -21.232400392392179 ], [ -45.031467214570682, -21.232669886977419 ], [ -45.031197719985443, -21.232669886977419 ], [ -45.031197719985443, -21.233747865318371 ], [ -45.031467214570682, -21.233747865318364 ], [ -45.031467214570682, -21.234017359903593 ], [ -45.031736709155915, -21.234017359903604 ], [ -45.031736709155915, -21.23428685448884 ] ] ] } },
{ "type": "Feature", "properties": { "id_feicao": "fogo_2020_209", "ano": 2020.0, "mes": 9, "codigo_original": 15, "classe": "Pastagem", "cor": "#edde8e", "area_ha": 3.1696915905773642 }, "geometry": { "type": "Polygon", "coordinates": [ [ [ -45.027694290377376, -21.226202016931762 ], [ -45.02904176330356, -21.226202016931762 ], [ -45.02904176330356, -21.223507071079403 ], [ -45.028772268718321, -21.223507071079407 ], [ -45.028772268718321, -21.224585049420348 ], [ -45.028502774133088, -21.224585049420345 ], [ -45.028502774133088, -21.224315554835108 ], [ -45.027963784962616, -21.224315554835112 ], [ -45.027963784962616, -21.224046060249872 ], [ -45.027694290377376, -21.224046060249879 ], [ -45.027694290377376, -21.226202016931762 ] ] ] } },
{ "type": "Feature", "properties": { "id_feicao": "fogo_2020_210", "ano": 2020.0, "mes": 9, "codigo_original": 15, "classe": "Pastagem", "cor": "#edde8e", "area_ha": 0.16682716950112381 }, "geometry": { "type": "Polygon", "coordinates": [ [ [ -45.028502774133088, -21.224046060249872 ], [ -45.028502774133088, -21.223776565664636 ], [ -45.027963784962616, -21.223776565664636 ], [ -45.027963784962616, -21.224046060249872 ], [ -45.028502774133088, -21.224046060249872 ] ] ] } },
{ "type": "Feature", "properties": { "id_feicao": "fogo_2020_211", "ano": 2020.0, "mes": 9, "codigo_original": 15, "classe": "Pastagem", "cor": "#edde8e", "area_ha": 0.083414332924224441 }, "geometry": { "type": "Polygon", "coordinates": [ [ [ -45.031467214570682, -21.222429092738459 ], [ -45.031197719985443, -21.222429092738466 ], [ -45.031197719985443, -21.222698587323688 ], [ -45.031467214570682, -21.222698587323695 ], [ -45.031467214570682, -21.222429092738459 ] ] ] } },
{ "type": "Feature", "properties": { "id_feicao": "fogo_2020_212", "ano": 2020.0, "mes": 9, "codigo_original": 15, "classe": "Pastagem", "cor": "#edde8e", "area_ha": 0.083414480625279244 }, "geometry": { "type": "Polygon", "coordinates": [ [ [ -45.03065873081497, -21.222159598153219 ], [ -45.030389236229738, -21.222159598153223 ], [ -45.030389236229738, -21.222429092738469 ], [ -45.03065873081497, -21.222429092738459 ], [ -45.03065873081497, -21.222159598153219 ] ] ] } },
{ "type": "Feature", "properties": { "id_feicao": "fogo_2020_213", "ano": 2020.0, "mes": 9, "codigo_original": 15, "classe": "Pastagem", "cor": "#edde8e", "area_ha": 0.083414627998971203 }, "geometry": { "type": "Polygon", "coordinates": [ [ [ -45.029580752474033, -21.222159598153226 ], [ -45.029580752474033, -21.22189010356799 ], [ -45.029311257888793, -21.22189010356799 ], [ -45.029311257888793, -21.22215959815323 ], [ -45.029580752474033, -21.222159598153226 ] ] ] } },
{ "type": "Feature", "properties": { "id_feicao": "fogo_2020_214", "ano": 2020.0, "mes": 9, "codigo_original": 15, "classe": "Pastagem", "cor": "#edde8e", "area_ha": 0.083414777514174573 }, "geometry": { "type": "Polygon", "coordinates": [ [ [ -45.030119741644498, -21.221890103567997 ], [ -45.030119741644498, -21.221620608982747 ], [ -45.029850247059265, -21.22162060898275 ], [ -45.029850247059265, -21.22189010356799 ], [ -45.030119741644498, -21.221890103567997 ] ] ] } },
{ "type": "Feature", "properties": { "id_feicao": "fogo_2020_215", "ano": 2020.0, "mes": 9, "codigo_original": 15, "classe": "Pastagem", "cor": "#edde8e", "area_ha": 0.16682985593097205 }, "geometry": { "type": "Polygon", "coordinates": [ [ [ -45.031467214570682, -21.221620608982747 ], [ -45.031467214570682, -21.221351114397514 ], [ -45.03092822540021, -21.221351114397514 ], [ -45.03092822540021, -21.221620608982754 ], [ -45.031467214570682, -21.221620608982747 ] ] ] } },
{ "type": "Feature", "properties": { "id_feicao": "fogo_2020_216", "ano": 2020.0, "mes": 9, "codigo_original": 15, "classe": "Pastagem", "cor": "#edde8e", "area_ha": 0.1668301565776579 }, "geometry": { "type": "Polygon", "coordinates": [ [ [ -45.032545192911627, -21.221081619812271 ], [ -45.032006203741155, -21.221081619812278 ], [ -45.032006203741155, -21.22135111439751 ], [ -45.032545192911627, -21.221351114397518 ], [ -45.032545192911627, -21.221081619812271 ] ] ] } },
{ "type": "Feature", "properties": { "id_feicao": "fogo_2020_217", "ano": 2020.0, "mes": 9, "codigo_original": 15, "classe": "Pastagem", "cor": "#edde8e", "area_ha": 0.1668302962223068 }, "geometry": { "type": "Polygon", "coordinates": [ [ [ -45.02904176330356, -21.220812125227038 ], [ -45.028772268718321, -21.220812125227042 ], [ -45.028772268718321, -21.22135111439751 ], [ -45.02904176330356, -21.221351114397521 ], [ -45.02904176330356, -21.220812125227038 ] ] ] } },
{ "type": "Feature", "properties": { "id_feicao": "fogo_2020_218", "ano": 2020.0, "mes": 9, "codigo_original": 15, "classe": "Pastagem", "cor": "#edde8e", "area_ha": 0.41707620439208176 }, "geometry": { "type": "Polygon", "coordinates": [ [ [ -45.030119741644498, -21.220542630641805 ], [ -45.030119741644498, -21.221081619812281 ], [ -45.030389236229738, -21.221081619812288 ], [ -45.030389236229738, -21.221351114397514 ], [ -45.03065873081497, -21.22135111439751 ], [ -45.03065873081497, -21.220542630641813 ], [ -45.030119741644498, -21.220542630641805 ] ] ] } },
{ "type": "Feature", "properties": { "id_feicao": "fogo_2020_219", "ano": 2020.0, "mes": 9, "codigo_original": 15, "classe": "Pastagem", "cor": "#edde8e", "area_ha": 3.5034733641098499 }, "geometry": { "type": "Polygon", "coordinates": [ [ [ -45.030389236229738, -21.218656168545149 ], [ -45.030389236229738, -21.21838667395992 ], [ -45.029850247059265, -21.218386673959927 ], [ -45.029850247059265, -21.219464652300861 ], [ -45.030119741644498, -21.219464652300868 ], [ -45.030119741644498, -21.219734146886097 ], [ -45.030389236229738, -21.219734146886093 ], [ -45.030389236229738, -21.22000364147133 ], [ -45.03065873081497, -21.22000364147133 ], [ -45.03065873081497, -21.220273136056573 ], [ -45.03092822540021, -21.220273136056569 ], [ -45.03092822540021, -21.220542630641809 ], [ -45.031197719985443, -21.220542630641816 ], [ -45.031197719985443, -21.220812125227049 ], [ -45.032006203741155, -21.220812125227042 ], [ -45.032006203741155, -21.220542630641805 ], [ -45.031736709155915, -21.220542630641816 ], [ -45.031736709155915, -21.218386673959913 ], [ -45.031467214570682, -21.218386673959927 ], [ -45.031467214570682, -21.218656168545152 ], [ -45.031197719985443, -21.218656168545156 ], [ -45.031197719985443, -21.218386673959913 ], [ -45.03092822540021, -21.21838667395992 ], [ -45.03092822540021, -21.218925663130399 ], [ -45.03065873081497, -21.218925663130396 ], [ -45.03065873081497, -21.218656168545163 ], [ -45.030389236229738, -21.218656168545149 ] ], [ [ -45.030119741644498, -21.218925663130392 ], [ -45.030389236229738, -21.218925663130385 ], [ -45.030389236229738, -21.219195157715625 ], [ -45.03065873081497, -21.219195157715625 ], [ -45.03065873081497, -21.219464652300857 ], [ -45.030119741644498, -21.219464652300868 ], [ -45.030119741644498, -21.218925663130392 ] ] ] } },
{ "type": "Feature", "properties": { "id_feicao": "fogo_2020_220", "ano": 2020.0, "mes": 9, "codigo_original": 15, "classe": "Pastagem", "cor": "#edde8e", "area_ha": 0.16683252641521396 }, "geometry": { "type": "Polygon", "coordinates": [ [ [ -45.028502774133088, -21.218925663130388 ], [ -45.027963784962616, -21.218925663130385 ], [ -45.027963784962616, -21.219195157715639 ], [ -45.028502774133088, -21.219195157715632 ], [ -45.028502774133088, -21.218925663130388 ] ] ] } },
{ "type": "Feature", "properties": { "id_feicao": "fogo_2020_221", "ano": 2020.0, "mes": 9, "codigo_original": 15, "classe": "Pastagem", "cor": "#edde8e", "area_ha": 0.16683267690709408 }, "geometry": { "type": "Polygon", "coordinates": [ [ [ -45.02904176330356, -21.219195157715628 ], [ -45.02904176330356, -21.218656168545159 ], [ -45.028772268718321, -21.218656168545152 ], [ -45.028772268718321, -21.219195157715632 ], [ -45.02904176330356, -21.219195157715628 ] ] ] } },
{ "type": "Feature", "properties": { "id_feicao": "fogo_2020_222", "ano": 2020.0, "mes": 9, "codigo_original": 15, "classe": "Pastagem", "cor": "#edde8e", "area_ha": 0.083416713653877372 }, "geometry": { "type": "Polygon", "coordinates": [ [ [ -45.031467214570682, -21.218117179374683 ], [ -45.031197719985443, -21.218117179374691 ], [ -45.031197719985443, -21.218386673959913 ], [ -45.031467214570682, -21.218386673959927 ], [ -45.031467214570682, -21.218117179374683 ] ] ] } },
{ "type": "Feature", "properties": { "id_feicao": "fogo_2020_223", "ano": 2020.0, "mes": 9, "codigo_original": 15, "classe": "Pastagem", "cor": "#edde8e", "area_ha": 0.083416712910961366 }, "geometry": { "type": "Polygon", "coordinates": [ [ [ -45.03092822540021, -21.218117179374687 ], [ -45.03065873081497, -21.21811717937468 ], [ -45.03065873081497, -21.21838667395992 ], [ -45.03092822540021, -21.21838667395992 ], [ -45.03092822540021, -21.218117179374687 ] ] ] } },
{ "type": "Feature", "properties": { "id_feicao": "fogo_2020_224", "ano": 2020.0, "mes": 9, "codigo_original": 15, "classe": "Pastagem", "cor": "#edde8e", "area_ha": 0.083416861322751487 }, "geometry": { "type": "Polygon", "coordinates": [ [ [ -45.03065873081497, -21.21811717937468 ], [ -45.03065873081497, -21.217847684789454 ], [ -45.030389236229738, -21.217847684789451 ], [ -45.030389236229738, -21.218117179374687 ], [ -45.03065873081497, -21.21811717937468 ] ] ] } },
{ "type": "Feature", "properties": { "id_feicao": "fogo_2020_225", "ano": 2020.0, "mes": 9, "codigo_original": 15, "classe": "Pastagem", "cor": "#edde8e", "area_ha": 0.083416859191150008 }, "geometry": { "type": "Polygon", "coordinates": [ [ [ -45.02904176330356, -21.218117179374687 ], [ -45.02904176330356, -21.217847684789454 ], [ -45.028772268718321, -21.217847684789454 ], [ -45.028772268718321, -21.218117179374687 ], [ -45.02904176330356, -21.218117179374687 ] ] ] } },
{ "type": "Feature", "properties": { "id_feicao": "fogo_2020_226", "ano": 2020.0, "mes": 9, "codigo_original": 15, "classe": "Pastagem", "cor": "#edde8e", "area_ha": 0.250250811105862 }, "geometry": { "type": "Polygon", "coordinates": [ [ [ -45.029311257888793, -21.217578190204211 ], [ -45.029311257888793, -21.218117179374683 ], [ -45.029580752474033, -21.21811717937468 ], [ -45.029580752474033, -21.217847684789454 ], [ -45.029850247059265, -21.217847684789444 ], [ -45.029850247059265, -21.217578190204215 ], [ -45.029311257888793, -21.217578190204211 ] ] ] } },
{ "type": "Feature", "properties": { "id_feicao": "fogo_2020_227", "ano": 2020.0, "mes": 9, "codigo_original": 15, "classe": "Pastagem", "cor": "#edde8e", "area_ha": 0.41708757299110294 }, "geometry": { "type": "Polygon", "coordinates": [ [ [ -45.029850247059265, -21.21623071727803 ], [ -45.029580752474033, -21.216230717278037 ], [ -45.029580752474033, -21.216769706448506 ], [ -45.029311257888793, -21.216769706448503 ], [ -45.029311257888793, -21.217039201033746 ], [ -45.029580752474033, -21.217039201033742 ], [ -45.029580752474033, -21.217308695618978 ], [ -45.029850247059265, -21.217308695618982 ], [ -45.029850247059265, -21.21623071727803 ] ] ] } },
{ "type": "Feature", "properties": { "id_feicao": "fogo_2020_228", "ano": 2020.0, "mes": 9, "codigo_original": 15, "classe": "Pastagem", "cor": "#edde8e", "area_ha": 13.514705803812667 }, "geometry": { "type": "Polygon", "coordinates": [ [ [ -45.031197719985443, -21.205989923039073 ], [ -45.031736709155915, -21.205989923039077 ], [ -45.031736709155915, -21.206259417624302 ], [ -45.033892665837804, -21.20625941762431 ], [ -45.033892665837804, -21.206798406794785 ], [ -45.034970644178749, -21.206798406794782 ], [ -45.034970644178749, -21.204911944698125 ], [ -45.033084182082092, -21.204911944698125 ], [ -45.033084182082092, -21.204642450112896 ], [ -45.03281468749686, -21.204642450112885 ], [ -45.03281468749686, -21.203025482601479 ], [ -45.031467214570682, -21.203025482601479 ], [ -45.031467214570682, -21.203294977186712 ], [ -45.03065873081497, -21.203294977186712 ], [ -45.03065873081497, -21.203833966357184 ], [ -45.02904176330356, -21.203833966357184 ], [ -45.02904176330356, -21.205181439283368 ], [ -45.031197719985443, -21.205181439283368 ], [ -45.031197719985443, -21.205989923039073 ] ] ] } },
{ "type": "Feature", "properties": { "id_feicao": "fogo_2020_229", "ano": 2020.0, "mes": 9, "codigo_original": 15, "classe": "Pastagem", "cor": "#edde8e", "area_ha": 0.16671288296457004 }, "geometry": { "type": "Polygon", "coordinates": [ [ [ -45.016375517797471, -21.32726248639521 ], [ -45.016375517797471, -21.326992991809977 ], [ -45.015836528626998, -21.326992991809973 ], [ -45.015836528626998, -21.327262486395213 ], [ -45.016375517797471, -21.32726248639521 ] ] ] } },
{ "type": "Feature", "properties": { "id_feicao": "fogo_2020_230", "ano": 2020.0, "mes": 9, "codigo_original": 15, "classe": "Pastagem", "cor": "#edde8e", "area_ha": 0.083356590340100234 }, "geometry": { "type": "Polygon", "coordinates": [ [ [ -45.015297539456526, -21.326723497224741 ], [ -45.015028044871293, -21.326723497224734 ], [ -45.015028044871293, -21.326992991809973 ], [ -45.015297539456526, -21.326992991809973 ], [ -45.015297539456526, -21.326723497224741 ] ] ] } },
{ "type": "Feature", "properties": { "id_feicao": "fogo_2020_231", "ano": 2020.0, "mes": 9, "codigo_original": 15, "classe": "Pastagem", "cor": "#edde8e", "area_ha": 2.0010475235685705 }, "geometry": { "type": "Polygon", "coordinates": [ [ [ -45.012602593604171, -21.289533244462184 ], [ -45.010985626092754, -21.289533244462195 ], [ -45.010985626092754, -21.290611222803136 ], [ -45.012602593604171, -21.290611222803136 ], [ -45.012602593604171, -21.289533244462184 ] ] ] } },
{ "type": "Feature", "properties": { "id_feicao": "fogo_2020_232", "ano": 2020.0, "mes": 9, "codigo_original": 15, "classe": "Pastagem", "cor": "#edde8e", "area_ha": 0.083388339576897175 }, "geometry": { "type": "Polygon", "coordinates": [ [ [ -44.933640680130061, -21.269860139739972 ], [ -44.933640680130061, -21.269590645154732 ], [ -44.933371185544829, -21.269590645154732 ], [ -44.933371185544829, -21.269860139739972 ], [ -44.933640680130061, -21.269860139739972 ] ] ] } },
{ "type": "Feature", "properties": { "id_feicao": "fogo_2020_233", "ano": 2020.0, "mes": 9, "codigo_original": 15, "classe": "Pastagem", "cor": "#edde8e", "area_ha": 0.083388337991386646 }, "geometry": { "type": "Polygon", "coordinates": [ [ [ -44.934179669300534, -21.269590645154736 ], [ -44.933910174715301, -21.269590645154729 ], [ -44.933910174715301, -21.269860139739965 ], [ -44.934179669300534, -21.269860139739972 ], [ -44.934179669300534, -21.269590645154736 ] ] ] } },
{ "type": "Feature", "properties": { "id_feicao": "fogo_2020_234", "ano": 2020.0, "mes": 9, "codigo_original": 15, "classe": "Pastagem", "cor": "#edde8e", "area_ha": 0.083393916791304951 }, "geometry": { "type": "Polygon", "coordinates": [ [ [ -44.979185265034921, -21.259349850915772 ], [ -44.978915770449689, -21.259349850915765 ], [ -44.978915770449689, -21.259619345501012 ], [ -44.979185265034921, -21.259619345501001 ], [ -44.979185265034921, -21.259349850915772 ] ] ] } },
{ "type": "Feature", "properties": { "id_feicao": "fogo_2020_235", "ano": 2020.0, "mes": 9, "codigo_original": 15, "classe": "Pastagem", "cor": "#edde8e", "area_ha": 0.08339511518626673 }, "geometry": { "type": "Polygon", "coordinates": [ [ [ -44.973525878744972, -21.257463388819115 ], [ -44.973525878744972, -21.257193894233883 ], [ -44.973256384159733, -21.257193894233883 ], [ -44.973256384159733, -21.257463388819129 ], [ -44.973525878744972, -21.257463388819115 ] ] ] } },
{ "type": "Feature", "properties": { "id_feicao": "fogo_2020_236", "ano": 2020.0, "mes": 9, "codigo_original": 15, "classe": "Pastagem", "cor": "#edde8e", "area_ha": 1.6679454598478449 }, "geometry": { "type": "Polygon", "coordinates": [ [ [ -45.024460355354549, -21.253959959211059 ], [ -45.024460355354549, -21.252881980870114 ], [ -45.023112882428372, -21.252881980870104 ], [ -45.023112882428372, -21.253959959211048 ], [ -45.024460355354549, -21.253959959211059 ] ] ] } },
{ "type": "Feature", "properties": { "id_feicao": "fogo_2020_237", "ano": 2020.0, "mes": 9, "codigo_original": 15, "classe": "Pastagem", "cor": "#edde8e", "area_ha": 2.0849523736366198 }, "geometry": { "type": "Polygon", "coordinates": [ [ [ -45.026616312036438, -21.252612486284882 ], [ -45.026616312036438, -21.251265013358694 ], [ -45.025268839110254, -21.251265013358701 ], [ -45.025268839110254, -21.252612486284875 ], [ -45.026616312036438, -21.252612486284882 ] ] ] } },
{ "type": "Feature", "properties": { "id_feicao": "fogo_2020_238", "ano": 2020.0, "mes": 9, "codigo_original": 15, "classe": "Pastagem", "cor": "#edde8e", "area_ha": 36.03458208266003 }, "geometry": { "type": "Polygon", "coordinates": [ [ [ -45.019070463649832, -21.220542630641805 ], [ -45.01853147447936, -21.220542630641805 ], [ -45.01853147447936, -21.222159598153219 ], [ -45.017992485308888, -21.222159598153226 ], [ -45.017992485308888, -21.223237576494171 ], [ -45.01826197989412, -21.223237576494164 ], [ -45.01826197989412, -21.223776565664636 ], [ -45.018800969064593, -21.22377656566464 ], [ -45.018800969064593, -21.225932522346525 ], [ -45.01853147447936, -21.225932522346525 ], [ -45.01853147447936, -21.227549489857946 ], [ -45.019609452820305, -21.227549489857942 ], [ -45.019609452820305, -21.228357973613651 ], [ -45.019878947405537, -21.228357973613647 ], [ -45.019878947405537, -21.228627468198884 ], [ -45.020687431161249, -21.228627468198887 ], [ -45.020687431161249, -21.229705446539828 ], [ -45.020956925746482, -21.229705446539832 ], [ -45.020956925746482, -21.229974941125068 ], [ -45.021226420331715, -21.229974941125068 ], [ -45.021226420331715, -21.230244435710304 ], [ -45.022304398672659, -21.230244435710301 ], [ -45.022304398672659, -21.229974941125068 ], [ -45.022843387843132, -21.229974941125064 ], [ -45.022843387843132, -21.228896962784116 ], [ -45.022573893257899, -21.228896962784123 ], [ -45.022573893257899, -21.228088479028411 ], [ -45.022034904087427, -21.228088479028415 ], [ -45.022034904087427, -21.227818984443172 ], [ -45.021765409502187, -21.227818984443175 ], [ -45.021765409502187, -21.227010500687474 ], [ -45.021226420331715, -21.22701050068747 ], [ -45.021226420331715, -21.2235070710794 ], [ -45.022573893257899, -21.22350707107941 ], [ -45.022573893257899, -21.222698587323691 ], [ -45.022843387843132, -21.222698587323691 ], [ -45.022843387843132, -21.222159598153223 ], [ -45.022304398672659, -21.22215959815323 ], [ -45.022304398672659, -21.222968081908927 ], [ -45.022034904087427, -21.222968081908938 ], [ -45.022034904087427, -21.222159598153226 ], [ -45.021765409502187, -21.222159598153223 ], [ -45.021765409502187, -21.22000364147133 ], [ -45.021495914916954, -21.22000364147133 ], [ -45.021495914916954, -21.219464652300864 ], [ -45.021765409502187, -21.219464652300864 ], [ -45.021765409502187, -21.218656168545159 ], [ -45.02041793657601, -21.218656168545159 ], [ -45.02041793657601, -21.218925663130388 ], [ -45.019878947405537, -21.218925663130388 ], [ -45.019878947405537, -21.219734146886104 ], [ -45.019609452820305, -21.219734146886104 ], [ -45.019609452820305, -21.220273136056566 ], [ -45.019070463649832, -21.220273136056569 ], [ -45.019070463649832, -21.220542630641805 ] ] ] } },
{ "type": "Feature", "properties": { "id_feicao": "fogo_2020_239", "ano": 2020.0, "mes": 9, "codigo_original": 15, "classe": "Pastagem", "cor": "#edde8e", "area_ha": 0.08341358391940594 }, "geometry": { "type": "Polygon", "coordinates": [ [ [ -45.027694290377376, -21.223776565664632 ], [ -45.027424795792143, -21.223776565664632 ], [ -45.027424795792143, -21.224046060249872 ], [ -45.027694290377376, -21.224046060249879 ], [ -45.027694290377376, -21.223776565664632 ] ] ] } },
{ "type": "Feature", "properties": { "id_feicao": "fogo_2020_240", "ano": 2020.0, "mes": 9, "codigo_original": 15, "classe": "Pastagem", "cor": "#edde8e", "area_ha": 0.16682716620457655 }, "geometry": { "type": "Polygon", "coordinates": [ [ [ -45.027155301206903, -21.224046060249876 ], [ -45.027155301206903, -21.223776565664636 ], [ -45.026616312036438, -21.223776565664636 ], [ -45.026616312036438, -21.224046060249872 ], [ -45.027155301206903, -21.224046060249876 ] ] ] } },
{ "type": "Feature", "properties": { "id_feicao": "fogo_2020_241", "ano": 2020.0, "mes": 9, "codigo_original": 15, "classe": "Pastagem", "cor": "#edde8e", "area_ha": 0.16682790996562691 }, "geometry": { "type": "Polygon", "coordinates": [ [ [ -45.026885806621671, -21.222968081908927 ], [ -45.026616312036438, -21.222968081908927 ], [ -45.026616312036438, -21.2235070710794 ], [ -45.026885806621671, -21.22350707107941 ], [ -45.026885806621671, -21.222968081908927 ] ] ] } },
{ "type": "Feature", "properties": { "id_feicao": "fogo_2020_242", "ano": 2020.0, "mes": 9, "codigo_original": 15, "classe": "Pastagem", "cor": "#edde8e", "area_ha": 0.25024253270104529 }, "geometry": { "type": "Polygon", "coordinates": [ [ [ -45.026346817451198, -21.222429092738455 ], [ -45.026077322865966, -21.222429092738466 ], [ -45.026077322865966, -21.223237576494164 ], [ -45.026346817451198, -21.223237576494174 ], [ -45.026346817451198, -21.222429092738455 ] ] ] } },
{ "type": "Feature", "properties": { "id_feicao": "fogo_2020_243", "ano": 2020.0, "mes": 9, "codigo_original": 15, "classe": "Pastagem", "cor": "#edde8e", "area_ha": 0.083415664074714527 }, "geometry": { "type": "Polygon", "coordinates": [ [ [ -45.024999344525021, -21.220273136056576 ], [ -45.024999344525021, -21.22000364147133 ], [ -45.024729849939781, -21.220003641471333 ], [ -45.024729849939781, -21.220273136056569 ], [ -45.024999344525021, -21.220273136056576 ] ] ] } },
{ "type": "Feature", "properties": { "id_feicao": "fogo_2020_244", "ano": 2020.0, "mes": 9, "codigo_original": 15, "classe": "Pastagem", "cor": "#edde8e", "area_ha": 0.3336643613126129 }, "geometry": { "type": "Polygon", "coordinates": [ [ [ -45.024999344525021, -21.2197341468861 ], [ -45.025538333695494, -21.219734146886097 ], [ -45.025538333695494, -21.219464652300864 ], [ -45.025268839110254, -21.219464652300864 ], [ -45.025268839110254, -21.218925663130396 ], [ -45.024999344525021, -21.218925663130392 ], [ -45.024999344525021, -21.2197341468861 ] ] ] } },
{ "type": "Feature", "properties": { "id_feicao": "fogo_2020_245", "ano": 2020.0, "mes": 9, "codigo_original": 15, "classe": "Pastagem", "cor": "#edde8e", "area_ha": 0.083416484276950364 }, "geometry": { "type": "Polygon", "coordinates": [ [ [ -44.896450427367519, -21.218925663130385 ], [ -44.896180932782279, -21.218925663130396 ], [ -44.896180932782279, -21.219195157715625 ], [ -44.896450427367519, -21.219195157715632 ], [ -44.896450427367519, -21.218925663130385 ] ] ] } },
{ "type": "Feature", "properties": { "id_feicao": "fogo_2020_246", "ano": 2020.0, "mes": 9, "codigo_original": 15, "classe": "Pastagem", "cor": "#edde8e", "area_ha": 0.083416258934579032 }, "geometry": { "type": "Polygon", "coordinates": [ [ [ -45.024729849939781, -21.219195157715628 ], [ -45.024729849939781, -21.218925663130388 ], [ -45.024460355354549, -21.218925663130396 ], [ -45.024460355354549, -21.219195157715625 ], [ -45.024729849939781, -21.219195157715628 ] ] ] } },
{ "type": "Feature", "properties": { "id_feicao": "fogo_2020_247", "ano": 2020.0, "mes": 9, "codigo_original": 15, "classe": "Pastagem", "cor": "#edde8e", "area_ha": 0.58391390523454179 }, "geometry": { "type": "Polygon", "coordinates": [ [ [ -45.026077322865966, -21.219464652300871 ], [ -45.026346817451198, -21.219464652300868 ], [ -45.026346817451198, -21.21838667395992 ], [ -45.026077322865966, -21.218386673959923 ], [ -45.026077322865966, -21.218925663130399 ], [ -45.025538333695494, -21.218925663130399 ], [ -45.025538333695494, -21.219464652300864 ], [ -45.025807828280726, -21.219464652300861 ], [ -45.025807828280726, -21.219195157715628 ], [ -45.026077322865966, -21.219195157715628 ], [ -45.026077322865966, -21.219464652300871 ] ] ] } },
{ "type": "Feature", "properties": { "id_feicao": "fogo_2020_248", "ano": 2020.0, "mes": 9, "codigo_original": 15, "classe": "Pastagem", "cor": "#edde8e", "area_ha": 0.083416394525952633 }, "geometry": { "type": "Polygon", "coordinates": [ [ [ -45.003439777706149, -21.218656168545163 ], [ -45.003170283120923, -21.218656168545163 ], [ -45.003170283120923, -21.218925663130396 ], [ -45.003439777706149, -21.218925663130399 ], [ -45.003439777706149, -21.218656168545163 ] ] ] } },
{ "type": "Feature", "properties": { "id_feicao": "fogo_2020_249", "ano": 2020.0, "mes": 9, "codigo_original": 15, "classe": "Pastagem", "cor": "#edde8e", "area_ha": 1.7517460196985899 }, "geometry": { "type": "Polygon", "coordinates": [ [ [ -45.023112882428372, -21.219464652300857 ], [ -45.023112882428372, -21.219195157715625 ], [ -45.022843387843132, -21.219195157715635 ], [ -45.022843387843132, -21.218925663130399 ], [ -45.023921366184076, -21.218925663130392 ], [ -45.023921366184076, -21.218656168545159 ], [ -45.023651871598844, -21.218656168545159 ], [ -45.023651871598844, -21.218386673959927 ], [ -45.023921366184076, -21.218386673959923 ], [ -45.023921366184076, -21.218117179374687 ], [ -45.023651871598844, -21.218117179374676 ], [ -45.023651871598844, -21.21784768478944 ], [ -45.023921366184076, -21.217847684789451 ], [ -45.023921366184076, -21.217578190204215 ], [ -45.023382377013604, -21.217578190204211 ], [ -45.023382377013604, -21.21838667395992 ], [ -45.023112882428372, -21.218386673959927 ], [ -45.023112882428372, -21.218656168545159 ], [ -45.022034904087427, -21.218656168545152 ], [ -45.022034904087427, -21.219464652300864 ], [ -45.023112882428372, -21.219464652300857 ] ] ] } },
{ "type": "Feature", "properties": { "id_feicao": "fogo_2020_250", "ano": 2020.0, "mes": 9, "codigo_original": 15, "classe": "Pastagem", "cor": "#edde8e", "area_ha": 7.8411498031539839 }, "geometry": { "type": "Polygon", "coordinates": [ [ [ -45.005326239802812, -21.217847684789454 ], [ -45.005056745217566, -21.217847684789454 ], [ -45.005056745217566, -21.217578190204211 ], [ -45.004248261461868, -21.217578190204218 ], [ -45.004248261461868, -21.217847684789451 ], [ -45.003978766876621, -21.217847684789444 ], [ -45.003978766876621, -21.218117179374683 ], [ -45.004517756047093, -21.218117179374687 ], [ -45.004517756047093, -21.218656168545156 ], [ -45.00478725063234, -21.218656168545159 ], [ -45.00478725063234, -21.219464652300868 ], [ -45.003709272291395, -21.219464652300861 ], [ -45.003709272291395, -21.219195157715625 ], [ -45.003170283120923, -21.219195157715628 ], [ -45.003170283120923, -21.218925663130396 ], [ -45.002900788535676, -21.218925663130396 ], [ -45.002900788535676, -21.218656168545156 ], [ -45.003170283120923, -21.218656168545163 ], [ -45.003170283120923, -21.217578190204208 ], [ -45.002900788535676, -21.217578190204215 ], [ -45.002900788535676, -21.218117179374683 ], [ -45.002092304779978, -21.218117179374691 ], [ -45.002092304779978, -21.219464652300868 ], [ -45.002631293950451, -21.219464652300868 ], [ -45.002631293950451, -21.219734146886104 ], [ -45.002900788535676, -21.2197341468861 ], [ -45.002900788535676, -21.220003641471337 ], [ -45.003439777706149, -21.220003641471333 ], [ -45.003439777706149, -21.220273136056569 ], [ -45.004517756047093, -21.220273136056573 ], [ -45.004517756047093, -21.220003641471337 ], [ -45.005326239802812, -21.22000364147133 ], [ -45.005326239802812, -21.219734146886097 ], [ -45.005595734388038, -21.219734146886097 ], [ -45.005595734388038, -21.217847684789458 ], [ -45.006404218143743, -21.217847684789451 ], [ -45.006404218143743, -21.217578190204215 ], [ -45.006673712728983, -21.217578190204211 ], [ -45.006673712728983, -21.217847684789447 ], [ -45.007212701899455, -21.217847684789454 ], [ -45.007212701899455, -21.217039201033746 ], [ -45.006943207314215, -21.217039201033739 ], [ -45.006943207314215, -21.216769706448495 ], [ -45.006673712728983, -21.216769706448503 ], [ -45.006673712728983, -21.217039201033742 ], [ -45.00613472355851, -21.217039201033742 ], [ -45.00613472355851, -21.216769706448503 ], [ -45.005595734388038, -21.216769706448495 ], [ -45.005595734388038, -21.217578190204222 ], [ -45.005326239802812, -21.217578190204211 ], [ -45.005326239802812, -21.217847684789454 ] ] ] } },
{ "type": "Feature", "properties": { "id_feicao": "fogo_2020_251", "ano": 2020.0, "mes": 9, "codigo_original": 15, "classe": "Pastagem", "cor": "#edde8e", "area_ha": 0.083416706185229117 }, "geometry": { "type": "Polygon", "coordinates": [ [ [ -45.025538333695494, -21.218117179374687 ], [ -45.025268839110254, -21.21811717937468 ], [ -45.025268839110254, -21.21838667395992 ], [ -45.025538333695494, -21.218386673959916 ], [ -45.025538333695494, -21.218117179374687 ] ] ] } },
{ "type": "Feature", "properties": { "id_feicao": "fogo_2020_252", "ano": 2020.0, "mes": 9, "codigo_original": 15, "classe": "Pastagem", "cor": "#edde8e", "area_ha": 28.528536188097917 }, "geometry": { "type": "Polygon", "coordinates": [ [ [ -44.983766672983933, -21.213805266010915 ], [ -44.983766672983933, -21.214883244351853 ], [ -44.985653135080582, -21.214883244351849 ], [ -44.985653135080582, -21.217039201033735 ], [ -44.98538364049535, -21.217039201033742 ], [ -44.98538364049535, -21.218386673959923 ], [ -44.984844651324877, -21.218386673959916 ], [ -44.984844651324877, -21.218656168545152 ], [ -44.984036167569172, -21.218656168545159 ], [ -44.984036167569172, -21.219734146886093 ], [ -44.983766672983933, -21.219734146886093 ], [ -44.983766672983933, -21.221081619812278 ], [ -44.984036167569172, -21.221081619812281 ], [ -44.984036167569172, -21.221351114397518 ], [ -44.984305662154405, -21.221351114397514 ], [ -44.984305662154405, -21.22189010356799 ], [ -44.986192124251055, -21.221890103567986 ], [ -44.986192124251055, -21.222159598153219 ], [ -44.987539597177239, -21.222159598153219 ], [ -44.987539597177239, -21.222429092738462 ], [ -44.987809091762472, -21.222429092738462 ], [ -44.987809091762472, -21.222698587323695 ], [ -44.988078586347704, -21.222698587323691 ], [ -44.988078586347704, -21.222968081908927 ], [ -44.989156564688649, -21.222968081908927 ], [ -44.989156564688649, -21.221890103568001 ], [ -44.988887070103416, -21.221890103567986 ], [ -44.988887070103416, -21.221620608982757 ], [ -44.988617575518177, -21.221620608982747 ], [ -44.988617575518177, -21.221351114397525 ], [ -44.987809091762472, -21.22135111439751 ], [ -44.987809091762472, -21.221081619812281 ], [ -44.986731113421527, -21.221081619812281 ], [ -44.986731113421527, -21.218117179374687 ], [ -44.987270102591999, -21.21811717937468 ], [ -44.987270102591999, -21.216500211863274 ], [ -44.987539597177239, -21.216500211863274 ], [ -44.987539597177239, -21.21623071727803 ], [ -44.988887070103416, -21.216230717278034 ], [ -44.988887070103416, -21.215961222692798 ], [ -44.988348080932944, -21.215961222692794 ], [ -44.988348080932944, -21.215691728107561 ], [ -44.988078586347704, -21.215691728107565 ], [ -44.988078586347704, -21.215422233522329 ], [ -44.987809091762472, -21.215422233522336 ], [ -44.987809091762472, -21.214344255181381 ], [ -44.987539597177239, -21.214344255181384 ], [ -44.987539597177239, -21.21461374976662 ], [ -44.987270102591999, -21.214613749766613 ], [ -44.987270102591999, -21.214344255181377 ], [ -44.986731113421527, -21.214344255181377 ], [ -44.986731113421527, -21.213805266010915 ], [ -44.987000608006767, -21.213805266010905 ], [ -44.987000608006767, -21.212996782255207 ], [ -44.986192124251055, -21.212996782255207 ], [ -44.986192124251055, -21.213266276840439 ], [ -44.985922629665822, -21.213266276840439 ], [ -44.985922629665822, -21.213535771425679 ], [ -44.984305662154405, -21.213535771425683 ], [ -44.984305662154405, -21.213805266010908 ], [ -44.983766672983933, -21.213805266010915 ] ] ] } },
{ "type": "Feature", "properties": { "id_feicao": "fogo_2020_253", "ano": 2020.0, "mes": 9, "codigo_original": 15, "classe": "Pastagem", "cor": "#edde8e", "area_ha": 1.0010051999254153 }, "geometry": { "type": "Polygon", "coordinates": [ [ [ -45.027963784962616, -21.217308695618978 ], [ -45.02904176330356, -21.217308695618975 ], [ -45.02904176330356, -21.217039201033739 ], [ -45.027694290377376, -21.217039201033735 ], [ -45.027694290377376, -21.217308695618971 ], [ -45.027155301206903, -21.217308695618986 ], [ -45.027155301206903, -21.21811717937468 ], [ -45.027424795792143, -21.218117179374676 ], [ -45.027424795792143, -21.217847684789444 ], [ -45.027963784962616, -21.217847684789461 ], [ -45.027963784962616, -21.217308695618978 ] ] ] } },
{ "type": "Feature", "properties": { "id_feicao": "fogo_2020_254", "ano": 2020.0, "mes": 9, "codigo_original": 15, "classe": "Pastagem", "cor": "#edde8e", "area_ha": 0.41708519573491065 }, "geometry": { "type": "Polygon", "coordinates": [ [ [ -45.025268839110254, -21.217308695618982 ], [ -45.024460355354549, -21.217308695618975 ], [ -45.024460355354549, -21.217847684789444 ], [ -45.024729849939781, -21.217847684789447 ], [ -45.024729849939781, -21.217578190204222 ], [ -45.024999344525021, -21.217578190204218 ], [ -45.024999344525021, -21.217847684789454 ], [ -45.025268839110254, -21.217847684789451 ], [ -45.025268839110254, -21.217308695618982 ] ] ] } },
{ "type": "Feature", "properties": { "id_feicao": "fogo_2020_255", "ano": 2020.0, "mes": 9, "codigo_original": 15, "classe": "Pastagem", "cor": "#edde8e", "area_ha": 0.16683459991434949 }, "geometry": { "type": "Polygon", "coordinates": [ [ [ -45.024460355354549, -21.217308695618975 ], [ -45.024460355354549, -21.217039201033739 ], [ -45.023921366184076, -21.217039201033739 ], [ -45.023921366184076, -21.217308695618975 ], [ -45.024460355354549, -21.217308695618975 ] ] ] } },
{ "type": "Feature", "properties": { "id_feicao": "fogo_2020_256", "ano": 2020.0, "mes": 9, "codigo_original": 15, "classe": "Pastagem", "cor": "#edde8e", "area_ha": 0.16683725249823184 }, "geometry": { "type": "Polygon", "coordinates": [ [ [ -45.004517756047093, -21.214613749766617 ], [ -45.003978766876621, -21.21461374976662 ], [ -45.003978766876621, -21.214883244351856 ], [ -45.004517756047093, -21.214883244351849 ], [ -45.004517756047093, -21.214613749766617 ] ] ] } },
{ "type": "Feature", "properties": { "id_feicao": "fogo_2020_257", "ano": 2020.0, "mes": 9, "codigo_original": 15, "classe": "Pastagem", "cor": "#edde8e", "area_ha": 18.608557569754328 }, "geometry": { "type": "Polygon", "coordinates": [ [ [ -45.01826197989412, -21.164757251497988 ], [ -45.01826197989412, -21.165026746083228 ], [ -45.01853147447936, -21.165026746083232 ], [ -45.01853147447936, -21.165565735253697 ], [ -45.018800969064593, -21.16556573525369 ], [ -45.018800969064593, -21.166104724424162 ], [ -45.019070463649832, -21.166104724424159 ], [ -45.019070463649832, -21.166374219009395 ], [ -45.019609452820305, -21.166374219009402 ], [ -45.019609452820305, -21.166643713594635 ], [ -45.019878947405537, -21.166643713594631 ], [ -45.019878947405537, -21.166913208179871 ], [ -45.01826197989412, -21.166913208179867 ], [ -45.01826197989412, -21.167182702765107 ], [ -45.017992485308888, -21.167182702765103 ], [ -45.017992485308888, -21.168260681106055 ], [ -45.019070463649832, -21.168260681106052 ], [ -45.019070463649832, -21.167452197350343 ], [ -45.019878947405537, -21.167452197350354 ], [ -45.019878947405537, -21.167182702765114 ], [ -45.020956925746482, -21.167182702765107 ], [ -45.020956925746482, -21.165026746083221 ], [ -45.021765409502187, -21.165026746083228 ], [ -45.021765409502187, -21.16394876774228 ], [ -45.019339958235065, -21.163948767742284 ], [ -45.019339958235065, -21.161792811060394 ], [ -45.019070463649832, -21.161792811060391 ], [ -45.019070463649832, -21.161253821889925 ], [ -45.018800969064593, -21.161253821889925 ], [ -45.018800969064593, -21.160984327304678 ], [ -45.01853147447936, -21.160984327304686 ], [ -45.01853147447936, -21.160714832719446 ], [ -45.016106023212238, -21.160714832719442 ], [ -45.016106023212238, -21.161792811060398 ], [ -45.016914506967943, -21.161792811060398 ], [ -45.016914506967943, -21.162062305645627 ], [ -45.017184001553183, -21.16206230564563 ], [ -45.017184001553183, -21.162601294816103 ], [ -45.017992485308888, -21.162601294816092 ], [ -45.017992485308888, -21.164757251497981 ], [ -45.01826197989412, -21.164757251497988 ] ], [ [ -45.019609452820305, -21.166104724424166 ], [ -45.019878947405537, -21.166104724424169 ], [ -45.019878947405537, -21.166374219009406 ], [ -45.019609452820305, -21.166374219009402 ], [ -45.019609452820305, -21.166104724424166 ] ], [ [ -45.019339958235065, -21.166104724424162 ], [ -45.019339958235065, -21.16583522983893 ], [ -45.019609452820305, -21.16583522983893 ], [ -45.019609452820305, -21.166104724424166 ], [ -45.019339958235065, -21.166104724424162 ] ] ] } },
{ "type": "Feature", "properties": { "id_feicao": "fogo_2020_258", "ano": 2020.0, "mes": 9, "codigo_original": 21, "classe": "Mosaico de Usos", "cor": "#ffefc3", "area_ha": 0.083414856966037537 }, "geometry": { "type": "Polygon", "coordinates": [ [ [ -45.067040499821815, -21.221890103567986 ], [ -45.067040499821815, -21.22162060898275 ], [ -45.066771005236575, -21.221620608982754 ], [ -45.066771005236575, -21.221890103567993 ], [ -45.067040499821815, -21.221890103567986 ] ] ] } },
{ "type": "Feature", "properties": { "id_feicao": "fogo_2020_259", "ano": 2020.0, "mes": 9, "codigo_original": 21, "classe": "Mosaico de Usos", "cor": "#ffefc3", "area_ha": 0.33366070519089697 }, "geometry": { "type": "Polygon", "coordinates": [ [ [ -45.067309994407047, -21.221081619812278 ], [ -45.067579488992287, -21.221081619812281 ], [ -45.067579488992287, -21.220812125227045 ], [ -45.067040499821815, -21.220812125227049 ], [ -45.067040499821815, -21.22162060898275 ], [ -45.067309994407047, -21.221620608982754 ], [ -45.067309994407047, -21.221081619812278 ] ] ] } },
{ "type": "Feature", "properties": { "id_feicao": "fogo_2020_260", "ano": 2020.0, "mes": 9, "codigo_original": 21, "classe": "Mosaico de Usos", "cor": "#ffefc3", "area_ha": 0.16683061401750893 }, "geometry": { "type": "Polygon", "coordinates": [ [ [ -45.068387972747992, -21.220812125227038 ], [ -45.06784898357752, -21.220812125227038 ], [ -45.06784898357752, -21.221081619812278 ], [ -45.068387972747992, -21.221081619812285 ], [ -45.068387972747992, -21.220812125227038 ] ] ] } },
{ "type": "Feature", "properties": { "id_feicao": "fogo_2020_261", "ano": 2020.0, "mes": 9, "codigo_original": 21, "classe": "Mosaico de Usos", "cor": "#ffefc3", "area_ha": 0.25024658787949011 }, "geometry": { "type": "Polygon", "coordinates": [ [ [ -45.068387972747992, -21.220812125227038 ], [ -45.068926961918464, -21.220812125227045 ], [ -45.068926961918464, -21.22027313605658 ], [ -45.068657467333232, -21.220273136056569 ], [ -45.068657467333232, -21.220542630641809 ], [ -45.068387972747992, -21.220542630641802 ], [ -45.068387972747992, -21.220812125227038 ] ] ] } },
{ "type": "Feature", "properties": { "id_feicao": "fogo_2020_262", "ano": 2020.0, "mes": 9, "codigo_original": 21, "classe": "Mosaico de Usos", "cor": "#ffefc3", "area_ha": 0.16683253000322729 }, "geometry": { "type": "Polygon", "coordinates": [ [ [ -45.065154037725165, -21.218925663130388 ], [ -45.064884543139925, -21.218925663130392 ], [ -45.064884543139925, -21.219464652300864 ], [ -45.065154037725165, -21.219464652300868 ], [ -45.065154037725165, -21.218925663130388 ] ] ] } },
{ "type": "Feature", "properties": { "id_feicao": "fogo_2020_263", "ano": 2020.0, "mes": 9, "codigo_original": 21, "classe": "Mosaico de Usos", "cor": "#ffefc3", "area_ha": 0.083417235220130531 }, "geometry": { "type": "Polygon", "coordinates": [ [ [ -45.066232016066103, -21.217308695618978 ], [ -45.06596252148087, -21.217308695618986 ], [ -45.06596252148087, -21.217578190204215 ], [ -45.066232016066103, -21.217578190204211 ], [ -45.066232016066103, -21.217308695618978 ] ] ] } },
{ "type": "Feature", "properties": { "id_feicao": "fogo_2020_264", "ano": 2020.0, "mes": 9, "codigo_original": 21, "classe": "Mosaico de Usos", "cor": "#ffefc3", "area_ha": 1.8351874432114885 }, "geometry": { "type": "Polygon", "coordinates": [ [ [ -45.067579488992287, -21.217039201033742 ], [ -45.06784898357752, -21.217039201033742 ], [ -45.06784898357752, -21.217308695618982 ], [ -45.068657467333232, -21.217308695618975 ], [ -45.068657467333232, -21.217578190204218 ], [ -45.069196456503697, -21.217578190204218 ], [ -45.069196456503697, -21.217039201033739 ], [ -45.068657467333232, -21.217039201033742 ], [ -45.068657467333232, -21.216769706448503 ], [ -45.068926961918464, -21.21676970644851 ], [ -45.068926961918464, -21.215961222692798 ], [ -45.068118478162759, -21.215961222692801 ], [ -45.068118478162759, -21.216500211863266 ], [ -45.067579488992287, -21.216500211863277 ], [ -45.067579488992287, -21.217039201033742 ] ] ] } },
{ "type": "Feature", "properties": { "id_feicao": "fogo_2020_265", "ano": 2020.0, "mes": 9, "codigo_original": 41, "classe": "Outras Lavouras Temporárias", "cor": "#f54ca9", "area_ha": 0.25009404994630929 }, "geometry": { "type": "Polygon", "coordinates": [ [ [ -45.146002413295918, -21.31297927337771 ], [ -45.146002413295918, -21.313248767962943 ], [ -45.14681089705163, -21.313248767962943 ], [ -45.14681089705163, -21.312979273377707 ], [ -45.146002413295918, -21.31297927337771 ] ] ] } },
{ "type": "Feature", "properties": { "id_feicao": "fogo_2020_266", "ano": 2020.0, "mes": 9, "codigo_original": 41, "classe": "Outras Lavouras Temporárias", "cor": "#f54ca9", "area_ha": 0.16672967424215748 }, "geometry": { "type": "Polygon", "coordinates": [ [ [ -45.14681089705163, -21.312979273377707 ], [ -45.147349886222102, -21.312979273377707 ], [ -45.147349886222102, -21.312709778792478 ], [ -45.14681089705163, -21.312709778792474 ], [ -45.14681089705163, -21.312979273377707 ] ] ] } },
{ "type": "Feature", "properties": { "id_feicao": "fogo_2020_267", "ano": 2020.0, "mes": 9, "codigo_original": 41, "classe": "Outras Lavouras Temporárias", "cor": "#f54ca9", "area_ha": 1.8340269624140113 }, "geometry": { "type": "Polygon", "coordinates": [ [ [ -45.145732918710685, -21.313248767962943 ], [ -45.145463424125445, -21.313248767962939 ], [ -45.145463424125445, -21.31297927337771 ], [ -45.145732918710685, -21.312979273377714 ], [ -45.145732918710685, -21.312440284207234 ], [ -45.145193929540213, -21.312440284207238 ], [ -45.145193929540213, -21.312170789621998 ], [ -45.14465494036974, -21.312170789621998 ], [ -45.14465494036974, -21.311901295036765 ], [ -45.144385445784508, -21.311901295036758 ], [ -45.144385445784508, -21.313248767962939 ], [ -45.14465494036974, -21.313248767962943 ], [ -45.14465494036974, -21.313518262548172 ], [ -45.145732918710685, -21.313518262548179 ], [ -45.145732918710685, -21.313248767962943 ] ] ] } },
{ "type": "Feature", "properties": { "id_feicao": "fogo_2020_268", "ano": 2020.0, "mes": 9, "codigo_original": 41, "classe": "Outras Lavouras Temporárias", "cor": "#f54ca9", "area_ha": 0.083365713626114307 }, "geometry": { "type": "Polygon", "coordinates": [ [ [ -45.143846456614035, -21.311092811281053 ], [ -45.143846456614035, -21.311362305866286 ], [ -45.144115951199268, -21.31136230586629 ], [ -45.144115951199268, -21.31109281128105 ], [ -45.143846456614035, -21.311092811281053 ] ] ] } },
{ "type": "Feature", "properties": { "id_feicao": "fogo_2020_269", "ano": 2020.0, "mes": 9, "codigo_original": 41, "classe": "Outras Lavouras Temporárias", "cor": "#f54ca9", "area_ha": 0.75029423149228092 }, "geometry": { "type": "Polygon", "coordinates": [ [ [ -45.143307467443563, -21.31136230586629 ], [ -45.143576962028796, -21.311362305866293 ], [ -45.143576962028796, -21.311092811281057 ], [ -45.143846456614035, -21.311092811281053 ], [ -45.143846456614035, -21.31082331669581 ], [ -45.143576962028796, -21.310823316695814 ], [ -45.143576962028796, -21.310553822110585 ], [ -45.143846456614035, -21.310553822110577 ], [ -45.143846456614035, -21.310284327525345 ], [ -45.143576962028796, -21.310284327525338 ], [ -45.143576962028796, -21.310014832940116 ], [ -45.143307467443563, -21.310014832940112 ], [ -45.143307467443563, -21.310284327525348 ], [ -45.143037972858323, -21.310284327525345 ], [ -45.143037972858323, -21.310823316695821 ], [ -45.143307467443563, -21.310823316695821 ], [ -45.143307467443563, -21.31136230586629 ] ] ] } },
{ "type": "Feature", "properties": { "id_feicao": "fogo_2020_270", "ano": 2020.0, "mes": 9, "codigo_original": 41, "classe": "Outras Lavouras Temporárias", "cor": "#f54ca9", "area_ha": 0.41688978187777104 }, "geometry": { "type": "Polygon", "coordinates": [ [ [ -45.148697359148279, -21.289533244462184 ], [ -45.149505842903984, -21.289533244462199 ], [ -45.149505842903984, -21.288994255291719 ], [ -45.149236348318752, -21.288994255291719 ], [ -45.149236348318752, -21.289263749876952 ], [ -45.148966853733512, -21.289263749876952 ], [ -45.148966853733512, -21.288994255291708 ], [ -45.148697359148279, -21.288994255291716 ], [ -45.148697359148279, -21.289533244462184 ] ] ] } },
{ "type": "Feature", "properties": { "id_feicao": "fogo_2020_271", "ano": 2020.0, "mes": 9, "codigo_original": 41, "classe": "Outras Lavouras Temporárias", "cor": "#f54ca9", "area_ha": 0.083378294647946133 }, "geometry": { "type": "Polygon", "coordinates": [ [ [ -45.149505842903984, -21.288455266121254 ], [ -45.149505842903984, -21.288724760706483 ], [ -45.149775337489224, -21.288724760706479 ], [ -45.149775337489224, -21.288455266121247 ], [ -45.149505842903984, -21.288455266121254 ] ] ] } },
{ "type": "Feature", "properties": { "id_feicao": "fogo_2020_272", "ano": 2020.0, "mes": 9, "codigo_original": 41, "classe": "Outras Lavouras Temporárias", "cor": "#f54ca9", "area_ha": 7.4227930791534487 }, "geometry": { "type": "Polygon", "coordinates": [ [ [ -45.039821546712993, -21.244527648727797 ], [ -45.039552052127753, -21.244527648727793 ], [ -45.039552052127753, -21.244258154142553 ], [ -45.039282557542521, -21.244258154142564 ], [ -45.039282557542521, -21.245066637898276 ], [ -45.039552052127753, -21.245066637898269 ], [ -45.039552052127753, -21.245605627068741 ], [ -45.039821546712993, -21.245605627068748 ], [ -45.039821546712993, -21.245875121653988 ], [ -45.040899525053938, -21.245875121653981 ], [ -45.040899525053938, -21.246144616239221 ], [ -45.04143851422441, -21.246144616239217 ], [ -45.04143851422441, -21.245875121653985 ], [ -45.041708008809643, -21.245875121653981 ], [ -45.041708008809643, -21.245066637898265 ], [ -45.041977503394882, -21.245066637898276 ], [ -45.041977503394882, -21.244797143313036 ], [ -45.042246997980115, -21.244797143313047 ], [ -45.042246997980115, -21.244527648727789 ], [ -45.042516492565348, -21.244527648727797 ], [ -45.042516492565348, -21.244258154142557 ], [ -45.04305548173582, -21.244258154142557 ], [ -45.04305548173582, -21.243719164972088 ], [ -45.042785987150587, -21.243719164972084 ], [ -45.042785987150587, -21.243180175801619 ], [ -45.04116901963917, -21.243180175801619 ], [ -45.04116901963917, -21.243449670386859 ], [ -45.040630030468698, -21.243449670386855 ], [ -45.040630030468698, -21.244258154142557 ], [ -45.039821546712993, -21.24425815414256 ], [ -45.039821546712993, -21.244527648727797 ] ] ] } },
{ "type": "Feature", "properties": { "id_feicao": "fogo_2020_273", "ano": 2020.0, "mes": 9, "codigo_original": 41, "classe": "Outras Lavouras Temporárias", "cor": "#f54ca9", "area_ha": 41.954446378751285 }, "geometry": { "type": "Polygon", "coordinates": [ [ [ -45.128485265255598, -21.231591908636481 ], [ -45.128215770670352, -21.231591908636481 ], [ -45.128215770670352, -21.232130897806943 ], [ -45.127946276085126, -21.232130897806943 ], [ -45.127946276085126, -21.232669886977419 ], [ -45.127676781499879, -21.232669886977423 ], [ -45.127676781499879, -21.233478370733124 ], [ -45.127137792329407, -21.233478370733135 ], [ -45.127137792329407, -21.235364832829784 ], [ -45.126868297744181, -21.235364832829784 ], [ -45.126868297744181, -21.236981800341194 ], [ -45.127137792329407, -21.236981800341198 ], [ -45.127137792329407, -21.23725129492643 ], [ -45.127676781499879, -21.237251294926427 ], [ -45.127676781499879, -21.23752078951167 ], [ -45.127946276085126, -21.237520789511674 ], [ -45.127946276085126, -21.237790284096906 ], [ -45.128215770670352, -21.23779028409691 ], [ -45.128215770670352, -21.238059778682143 ], [ -45.128485265255598, -21.238059778682139 ], [ -45.128485265255598, -21.238598767852608 ], [ -45.129563243596529, -21.238598767852608 ], [ -45.129563243596529, -21.236981800341191 ], [ -45.129832738181769, -21.236981800341191 ], [ -45.129832738181769, -21.235903822000246 ], [ -45.130102232767001, -21.235903822000246 ], [ -45.130102232767001, -21.235634327415017 ], [ -45.130641221937474, -21.235634327415013 ], [ -45.130641221937474, -21.235903822000253 ], [ -45.132527684034123, -21.23590382200025 ], [ -45.132527684034123, -21.235634327415021 ], [ -45.132797178619363, -21.235634327415017 ], [ -45.132797178619363, -21.235095338244548 ], [ -45.133066673204596, -21.235095338244545 ], [ -45.133066673204596, -21.233747865318367 ], [ -45.133605662375068, -21.23374786531836 ], [ -45.133605662375068, -21.233478370733128 ], [ -45.13414465154554, -21.233478370733128 ], [ -45.13414465154554, -21.231861403221714 ], [ -45.133875156960308, -21.231861403221714 ], [ -45.133875156960308, -21.230783424880777 ], [ -45.133605662375068, -21.230783424880773 ], [ -45.133605662375068, -21.23051393029554 ], [ -45.132797178619363, -21.23051393029554 ], [ -45.132797178619363, -21.230244435710304 ], [ -45.131180211107946, -21.230244435710301 ], [ -45.131180211107946, -21.23051393029554 ], [ -45.130102232767001, -21.230513930295533 ], [ -45.130102232767001, -21.231322414051249 ], [ -45.128485265255598, -21.231322414051249 ], [ -45.128485265255598, -21.231591908636481 ] ] ] } },
{ "type": "Feature", "properties": { "id_feicao": "fogo_2020_274", "ano": 2020.0, "mes": 9, "codigo_original": 41, "classe": "Outras Lavouras Temporárias", "cor": "#f54ca9", "area_ha": 0.083411806040813413 }, "geometry": { "type": "Polygon", "coordinates": [ [ [ -45.088330572055447, -21.227279995272703 ], [ -45.088330572055447, -21.227549489857946 ], [ -45.08860006664068, -21.227549489857942 ], [ -45.08860006664068, -21.227279995272703 ], [ -45.088330572055447, -21.227279995272703 ] ] ] } },
{ "type": "Feature", "properties": { "id_feicao": "fogo_2020_275", "ano": 2020.0, "mes": 9, "codigo_original": 41, "classe": "Outras Lavouras Temporárias", "cor": "#f54ca9", "area_ha": 0.083412247310485688 }, "geometry": { "type": "Polygon", "coordinates": [ [ [ -45.08698309912927, -21.22674100610223 ], [ -45.087252593714503, -21.22674100610223 ], [ -45.087252593714503, -21.226471511516998 ], [ -45.08698309912927, -21.226471511516994 ], [ -45.08698309912927, -21.22674100610223 ] ] ] } },
{ "type": "Feature", "properties": { "id_feicao": "fogo_2020_276", "ano": 2020.0, "mes": 9, "codigo_original": 41, "classe": "Outras Lavouras Temporárias", "cor": "#f54ca9", "area_ha": 1.0843707669608296 }, "geometry": { "type": "Polygon", "coordinates": [ [ [ -45.056260716412382, -21.224315554835108 ], [ -45.055182738071437, -21.224315554835108 ], [ -45.055182738071437, -21.225393533176053 ], [ -45.05545223265667, -21.225393533176053 ], [ -45.05545223265667, -21.225124038590817 ], [ -45.056260716412382, -21.22512403859082 ], [ -45.056260716412382, -21.224315554835108 ] ] ] } },
{ "type": "Feature", "properties": { "id_feicao": "fogo_2020_277", "ano": 2020.0, "mes": 9, "codigo_original": 41, "classe": "Outras Lavouras Temporárias", "cor": "#f54ca9", "area_ha": 0.083445381298383053 }, "geometry": { "type": "Polygon", "coordinates": [ [ [ -45.019609452820305, -21.166104724424166 ], [ -45.019609452820305, -21.166374219009402 ], [ -45.019878947405537, -21.166374219009406 ], [ -45.019878947405537, -21.166104724424169 ], [ -45.019609452820305, -21.166104724424166 ] ] ] } },
{ "type": "Feature", "properties": { "id_feicao": "fogo_2020_278", "ano": 2020.0, "mes": 9, "codigo_original": 41, "classe": "Outras Lavouras Temporárias", "cor": "#f54ca9", "area_ha": 1.6675994156189262 }, "geometry": { "type": "Polygon", "coordinates": [ [ [ -44.979454759620161, -21.285221331098416 ], [ -44.980802232546338, -21.28522133109842 ], [ -44.980802232546338, -21.284143352757471 ], [ -44.979454759620161, -21.284143352757468 ], [ -44.979454759620161, -21.285221331098416 ] ] ] } },
{ "type": "Feature", "properties": { "id_feicao": "fogo_2020_279", "ano": 2020.0, "mes": 9, "codigo_original": 41, "classe": "Outras Lavouras Temporárias", "cor": "#f54ca9", "area_ha": 0.083416394492238755 }, "geometry": { "type": "Polygon", "coordinates": [ [ [ -45.002900788535676, -21.218925663130396 ], [ -45.003170283120923, -21.218925663130396 ], [ -45.003170283120923, -21.218656168545163 ], [ -45.002900788535676, -21.218656168545156 ], [ -45.002900788535676, -21.218925663130396 ] ] ] } },
{ "type": "Feature", "properties": { "id_feicao": "fogo_2020_280", "ano": 2020.0, "mes": 9, "codigo_original": 41, "classe": "Outras Lavouras Temporárias", "cor": "#f54ca9", "area_ha": 1.2512504079187423 }, "geometry": { "type": "Polygon", "coordinates": [ [ [ -44.897258911123224, -21.219195157715635 ], [ -44.897258911123224, -21.218117179374683 ], [ -44.896180932782279, -21.218117179374687 ], [ -44.896180932782279, -21.218925663130396 ], [ -44.896450427367519, -21.218925663130385 ], [ -44.896450427367519, -21.219195157715632 ], [ -44.897258911123224, -21.219195157715635 ] ] ] } },
{ "type": "Feature", "properties": { "id_feicao": "fogo_2020_281", "ano": 2020.0, "mes": 9, "codigo_original": 41, "classe": "Outras Lavouras Temporárias", "cor": "#f54ca9", "area_ha": 2.669328496501036 }, "geometry": { "type": "Polygon", "coordinates": [ [ [ -45.003170283120923, -21.219195157715628 ], [ -45.003709272291395, -21.219195157715625 ], [ -45.003709272291395, -21.219464652300861 ], [ -45.00478725063234, -21.219464652300868 ], [ -45.00478725063234, -21.218656168545159 ], [ -45.004517756047093, -21.218656168545156 ], [ -45.004517756047093, -21.218117179374687 ], [ -45.003978766876621, -21.218117179374683 ], [ -45.003978766876621, -21.217847684789444 ], [ -45.004248261461868, -21.217847684789451 ], [ -45.004248261461868, -21.217578190204218 ], [ -45.003170283120923, -21.217578190204208 ], [ -45.003170283120923, -21.218656168545163 ], [ -45.003439777706149, -21.218656168545163 ], [ -45.003439777706149, -21.218925663130399 ], [ -45.003170283120923, -21.218925663130396 ], [ -45.003170283120923, -21.219195157715628 ] ] ] } },
{ "type": "Feature", "properties": { "id_feicao": "fogo_2020_282", "ano": 2020.0, "mes": 9, "codigo_original": 41, "classe": "Outras Lavouras Temporárias", "cor": "#f54ca9", "area_ha": 0.083416990359965706 }, "geometry": { "type": "Polygon", "coordinates": [ [ [ -45.006404218143743, -21.217847684789451 ], [ -45.006673712728983, -21.217847684789447 ], [ -45.006673712728983, -21.217578190204211 ], [ -45.006404218143743, -21.217578190204215 ], [ -45.006404218143743, -21.217847684789451 ] ] ] } },
{ "type": "Feature", "properties": { "id_feicao": "fogo_2020_283", "ano": 2020.0, "mes": 9, "codigo_original": 41, "classe": "Outras Lavouras Temporárias", "cor": "#f54ca9", "area_ha": 0.16683412998443495 }, "geometry": { "type": "Polygon", "coordinates": [ [ [ -45.007212701899455, -21.217308695618986 ], [ -45.007212701899455, -21.217847684789454 ], [ -45.007482196484688, -21.217847684789447 ], [ -45.007482196484688, -21.217308695618986 ], [ -45.007212701899455, -21.217308695618986 ] ] ] } },
{ "type": "Feature", "properties": { "id_feicao": "fogo_2020_284", "ano": 2020.0, "mes": 9, "codigo_original": 41, "classe": "Outras Lavouras Temporárias", "cor": "#f54ca9", "area_ha": 0.083418033751752232 }, "geometry": { "type": "Polygon", "coordinates": [ [ [ -44.988348080932944, -21.215961222692794 ], [ -44.988617575518177, -21.215961222692805 ], [ -44.988617575518177, -21.215691728107565 ], [ -44.988348080932944, -21.215691728107561 ], [ -44.988348080932944, -21.215961222692794 ] ] ] } },
{ "type": "Feature", "properties": { "id_feicao": "fogo_2020_285", "ano": 2020.0, "mes": 9, "codigo_original": 41, "classe": "Outras Lavouras Temporárias", "cor": "#f54ca9", "area_ha": 0.25025544095151125 }, "geometry": { "type": "Polygon", "coordinates": [ [ [ -44.987809091762472, -21.215422233522336 ], [ -44.988078586347704, -21.215422233522329 ], [ -44.988078586347704, -21.214613749766617 ], [ -44.987809091762472, -21.21461374976661 ], [ -44.987809091762472, -21.215422233522336 ] ] ] } },
{ "type": "Feature", "properties": { "id_feicao": "fogo_2020_286", "ano": 2020.0, "mes": 9, "codigo_original": 41, "classe": "Outras Lavouras Temporárias", "cor": "#f54ca9", "area_ha": 0.083444931827951221 }, "geometry": { "type": "Polygon", "coordinates": [ [ [ -44.985653135080582, -21.167182702765107 ], [ -44.985922629665822, -21.167182702765107 ], [ -44.985922629665822, -21.166913208179871 ], [ -44.985653135080582, -21.166913208179878 ], [ -44.985653135080582, -21.167182702765107 ] ] ] } },
{ "type": "Feature", "properties": { "id_feicao": "fogo_2020_287", "ano": 2020.0, "mes": 9, "codigo_original": 41, "classe": "Outras Lavouras Temporárias", "cor": "#f54ca9", "area_ha": 0.083445529494155193 }, "geometry": { "type": "Polygon", "coordinates": [ [ [ -45.019339958235065, -21.166104724424162 ], [ -45.019609452820305, -21.166104724424166 ], [ -45.019609452820305, -21.16583522983893 ], [ -45.019339958235065, -21.16583522983893 ], [ -45.019339958235065, -21.166104724424162 ] ] ] } },
{ "type": "Feature", "properties": { "id_feicao": "fogo_2020_288", "ano": 2020.0, "mes": 9, "codigo_original": 41, "classe": "Outras Lavouras Temporárias", "cor": "#f54ca9", "area_ha": 1.6689092793862335 }, "geometry": { "type": "Polygon", "coordinates": [ [ [ -45.019609452820305, -21.166374219009402 ], [ -45.019070463649832, -21.166374219009395 ], [ -45.019070463649832, -21.166104724424159 ], [ -45.018800969064593, -21.166104724424162 ], [ -45.018800969064593, -21.16556573525369 ], [ -45.01853147447936, -21.165565735253697 ], [ -45.01853147447936, -21.165026746083232 ], [ -45.01826197989412, -21.165026746083228 ], [ -45.01826197989412, -21.166913208179867 ], [ -45.019878947405537, -21.166913208179871 ], [ -45.019878947405537, -21.166643713594631 ], [ -45.019609452820305, -21.166643713594635 ], [ -45.019609452820305, -21.166374219009402 ] ] ] } },
{ "type": "Feature", "properties": { "id_feicao": "fogo_2020_289", "ano": 2020.0, "mes": 9, "codigo_original": 41, "classe": "Outras Lavouras Temporárias", "cor": "#f54ca9", "area_ha": 2.0027714178744702 }, "geometry": { "type": "Polygon", "coordinates": [ [ [ -45.01826197989412, -21.160175843548977 ], [ -45.017992485308888, -21.160175843548974 ], [ -45.017992485308888, -21.159906348963741 ], [ -45.016106023212238, -21.15990634896373 ], [ -45.016106023212238, -21.160714832719442 ], [ -45.01853147447936, -21.160714832719446 ], [ -45.01853147447936, -21.16044533813421 ], [ -45.01826197989412, -21.160445338134213 ], [ -45.01826197989412, -21.160175843548977 ] ] ] } },
{ "type": "Feature", "properties": { "id_feicao": "fogo_2020_290", "ano": 2020.0, "mes": 10, "codigo_original": 3, "classe": "Formação Florestal", "cor": "#1f8d49", "area_ha": 0.25026425040531902 }, "geometry": { "type": "Polygon", "coordinates": [ [ [ -45.092372990833987, -21.210301836402849 ], [ -45.092911980004459, -21.210301836402849 ], [ -45.092911980004459, -21.210032341817612 ], [ -45.092642485419219, -21.210032341817609 ], [ -45.092642485419219, -21.209762847232376 ], [ -45.092372990833987, -21.209762847232366 ], [ -45.092372990833987, -21.210301836402849 ] ] ] } },
{ "type": "Feature", "properties": { "id_feicao": "fogo_2020_291", "ano": 2020.0, "mes": 10, "codigo_original": 3, "classe": "Formação Florestal", "cor": "#1f8d49", "area_ha": 0.16684372138530015 }, "geometry": { "type": "Polygon", "coordinates": [ [ [ -45.091295012493042, -21.209493352647137 ], [ -45.091564507078274, -21.20949335264714 ], [ -45.091564507078274, -21.208954363476668 ], [ -45.091295012493042, -21.208954363476668 ], [ -45.091295012493042, -21.209493352647137 ] ] ] } },
{ "type": "Feature", "properties": { "id_feicao": "fogo_2020_292", "ano": 2020.0, "mes": 10, "codigo_original": 15, "classe": "Pastagem", "cor": "#edde8e", "area_ha": 0.083420741967485584 }, "geometry": { "type": "Polygon", "coordinates": [ [ [ -45.090756023322569, -21.211379814743797 ], [ -45.090756023322569, -21.21111032015855 ], [ -45.09048652873733, -21.21111032015855 ], [ -45.09048652873733, -21.211379814743786 ], [ -45.090756023322569, -21.211379814743797 ] ] ] } },
{ "type": "Feature", "properties": { "id_feicao": "fogo_2020_293", "ano": 2020.0, "mes": 10, "codigo_original": 15, "classe": "Pastagem", "cor": "#edde8e", "area_ha": 0.083421494398510182 }, "geometry": { "type": "Polygon", "coordinates": [ [ [ -45.092911980004459, -21.210032341817612 ], [ -45.092911980004459, -21.209762847232369 ], [ -45.092642485419219, -21.209762847232376 ], [ -45.092642485419219, -21.210032341817609 ], [ -45.092911980004459, -21.210032341817612 ] ] ] } },
{ "type": "Feature", "properties": { "id_feicao": "fogo_2020_294", "ano": 2020.0, "mes": 10, "codigo_original": 15, "classe": "Pastagem", "cor": "#edde8e", "area_ha": 0.083421938352693945 }, "geometry": { "type": "Polygon", "coordinates": [ [ [ -45.092372990833987, -21.2092238580619 ], [ -45.092372990833987, -21.208954363476668 ], [ -45.092103496248747, -21.208954363476664 ], [ -45.092103496248747, -21.2092238580619 ], [ -45.092372990833987, -21.2092238580619 ] ] ] } },
{ "type": "Feature", "properties": { "id_feicao": "fogo_2020_295", "ano": 2020.0, "mes": 10, "codigo_original": 15, "classe": "Pastagem", "cor": "#edde8e", "area_ha": 0.083421931784478778 }, "geometry": { "type": "Polygon", "coordinates": [ [ [ -45.090756023322569, -21.209223858061904 ], [ -45.090756023322569, -21.208954363476664 ], [ -45.09048652873733, -21.208954363476671 ], [ -45.09048652873733, -21.209223858061907 ], [ -45.090756023322569, -21.209223858061904 ] ] ] } },
{ "type": "Feature", "properties": { "id_feicao": "fogo_2020_296", "ano": 2020.0, "mes": 10, "codigo_original": 21, "classe": "Mosaico de Usos", "cor": "#ffefc3", "area_ha": 0.75070652735057442 }, "geometry": { "type": "Polygon", "coordinates": [ [ [ -45.087252593714503, -21.22674100610223 ], [ -45.087252593714503, -21.227549489857946 ], [ -45.087522088299735, -21.227549489857946 ], [ -45.087522088299735, -21.227818984443179 ], [ -45.088061077470208, -21.227818984443175 ], [ -45.088061077470208, -21.227549489857942 ], [ -45.088330572055447, -21.227549489857946 ], [ -45.088330572055447, -21.22701050068747 ], [ -45.088061077470208, -21.227010500687474 ], [ -45.088061077470208, -21.22727999527271 ], [ -45.087522088299735, -21.227279995272706 ], [ -45.087522088299735, -21.226741006102234 ], [ -45.087252593714503, -21.22674100610223 ] ] ] } },
{ "type": "Feature", "properties": { "id_feicao": "fogo_2020_297", "ano": 2020.0, "mes": 10, "codigo_original": 41, "classe": "Outras Lavouras Temporárias", "cor": "#f54ca9", "area_ha": 0.083411656141094859 }, "geometry": { "type": "Polygon", "coordinates": [ [ [ -45.088061077470208, -21.227818984443175 ], [ -45.088330572055447, -21.227818984443182 ], [ -45.088330572055447, -21.227549489857946 ], [ -45.088061077470208, -21.227549489857942 ], [ -45.088061077470208, -21.227818984443175 ] ] ] } },
{ "type": "Feature", "properties": { "id_feicao": "fogo_2020_298", "ano": 2020.0, "mes": 10, "codigo_original": 41, "classe": "Outras Lavouras Temporárias", "cor": "#f54ca9", "area_ha": 1.0009442540584133 }, "geometry": { "type": "Polygon", "coordinates": [ [ [ -45.087252593714503, -21.22674100610223 ], [ -45.087522088299735, -21.226741006102234 ], [ -45.087522088299735, -21.227279995272706 ], [ -45.088061077470208, -21.22727999527271 ], [ -45.088061077470208, -21.227010500687474 ], [ -45.088330572055447, -21.22701050068747 ], [ -45.088330572055447, -21.227279995272703 ], [ -45.08860006664068, -21.227279995272703 ], [ -45.08860006664068, -21.226471511516998 ], [ -45.087252593714503, -21.226471511516998 ], [ -45.087252593714503, -21.22674100610223 ] ] ] } },
{ "type": "Feature", "properties": { "id_feicao": "fogo_2020_299", "ano": 2020.0, "mes": 11, "codigo_original": 9, "classe": "Silvicultura", "cor": "#7a5900", "area_ha": 0.16683598011730263 }, "geometry": { "type": "Polygon", "coordinates": [ [ [ -45.069465951088937, -21.215961222692801 ], [ -45.069465951088937, -21.216230717278034 ], [ -45.070004940259409, -21.21623071727803 ], [ -45.070004940259409, -21.215961222692794 ], [ -45.069465951088937, -21.215961222692801 ] ] ] } },
{ "type": "Feature", "properties": { "id_feicao": "fogo_2020_300", "ano": 2020.0, "mes": 11, "codigo_original": 15, "classe": "Pastagem", "cor": "#edde8e", "area_ha": 0.083416990010996492 }, "geometry": { "type": "Polygon", "coordinates": [ [ [ -45.005056745217566, -21.217578190204211 ], [ -45.005056745217566, -21.217847684789454 ], [ -45.005326239802812, -21.217847684789454 ], [ -45.005326239802812, -21.217578190204211 ], [ -45.005056745217566, -21.217578190204211 ] ] ] } },
{ "type": "Feature", "properties": { "id_feicao": "fogo_2020_301", "ano": 2020.0, "mes": 12, "codigo_original": 21, "classe": "Mosaico de Usos", "cor": "#ffefc3", "area_ha": 0.25023517260475703 }, "geometry": { "type": "Polygon", "coordinates": [ [ [ -45.08698309912927, -21.227279995272706 ], [ -45.08698309912927, -21.227818984443175 ], [ -45.087522088299735, -21.227818984443179 ], [ -45.087522088299735, -21.227549489857946 ], [ -45.087252593714503, -21.227549489857946 ], [ -45.087252593714503, -21.227279995272706 ], [ -45.08698309912927, -21.227279995272706 ] ] ] } },
{ "type": "Feature", "properties": { "id_feicao": "fogo_2020_302", "ano": 2020.0, "mes": 12, "codigo_original": 41, "classe": "Outras Lavouras Temporárias", "cor": "#f54ca9", "area_ha": 0.16682404810157467 }, "geometry": { "type": "Polygon", "coordinates": [ [ [ -45.08698309912927, -21.22674100610223 ], [ -45.08698309912927, -21.227279995272706 ], [ -45.087252593714503, -21.227279995272706 ], [ -45.087252593714503, -21.22674100610223 ], [ -45.08698309912927, -21.22674100610223 ] ] ] } }
]
}
