{
"type": "FeatureCollection",
"name": "fogo_2017",
"crs": { "type": "name", "properties": { "name": "urn:ogc:def:crs:OGC:1.3:CRS84" } },
"features": [
{ "type": "Feature", "properties": { "id_feicao": "fogo_2017_1", "ano": 2017.0, "mes": 1, "codigo_original": 3, "classe": "Formação Florestal", "cor": "#1f8d49", "area_ha": 0.16679222990013659 }, "geometry": { "type": "Polygon", "coordinates": [ [ [ -45.045750427588182, -21.255846421307698 ], [ -45.046019922173414, -21.255846421307698 ], [ -45.046019922173414, -21.255307432137236 ], [ -45.045750427588182, -21.25530743213724 ], [ -45.045750427588182, -21.255846421307698 ] ] ] } },
{ "type": "Feature", "properties": { "id_feicao": "fogo_2017_2", "ano": 2017.0, "mes": 1, "codigo_original": 3, "classe": "Formação Florestal", "cor": "#1f8d49", "area_ha": 0.083396486988291149 }, "geometry": { "type": "Polygon", "coordinates": [ [ [ -45.045480933002942, -21.255037937552004 ], [ -45.045750427588182, -21.255037937552004 ], [ -45.045750427588182, -21.254768442966768 ], [ -45.045480933002942, -21.25476844296676 ], [ -45.045480933002942, -21.255037937552004 ] ] ] } },
{ "type": "Feature", "properties": { "id_feicao": "fogo_2017_3", "ano": 2017.0, "mes": 2, "codigo_original": 3, "classe": "Formação Florestal", "cor": "#1f8d49", "area_ha": 0.24996155198072298 }, "geometry": { "type": "Polygon", "coordinates": [ [ [ -45.08698309912927, -21.391671692266581 ], [ -45.08698309912927, -21.392480176022278 ], [ -45.087252593714503, -21.392480176022282 ], [ -45.087252593714503, -21.391671692266574 ], [ -45.08698309912927, -21.391671692266581 ] ] ] } },
{ "type": "Feature", "properties": { "id_feicao": "fogo_2017_4", "ano": 2017.0, "mes": 3, "codigo_original": 41, "classe": "Outras Lavouras Temporárias", "cor": "#f54ca9", "area_ha": 0.41712461928948757 }, "geometry": { "type": "Polygon", "coordinates": [ [ [ -45.019878947405537, -21.203564471771951 ], [ -45.019609452820305, -21.203564471771955 ], [ -45.019609452820305, -21.203833966357188 ], [ -45.020148441990777, -21.203833966357188 ], [ -45.020148441990777, -21.202755988016243 ], [ -45.019878947405537, -21.202755988016239 ], [ -45.019878947405537, -21.203564471771951 ] ] ] } },
{ "type": "Feature", "properties": { "id_feicao": "fogo_2017_5", "ano": 2017.0, "mes": 3, "codigo_original": 41, "classe": "Outras Lavouras Temporárias", "cor": "#f54ca9", "area_ha": 0.66741017680540682 }, "geometry": { "type": "Polygon", "coordinates": [ [ [ -45.021495914916954, -21.200600031334353 ], [ -45.021226420331715, -21.200600031334353 ], [ -45.021226420331715, -21.201139020504826 ], [ -45.020956925746482, -21.201139020504826 ], [ -45.020956925746482, -21.201408515090066 ], [ -45.021765409502187, -21.201408515090062 ], [ -45.021765409502187, -21.200330536749121 ], [ -45.021495914916954, -21.200330536749121 ], [ -45.021495914916954, -21.200600031334353 ] ] ] } },
{ "type": "Feature", "properties": { "id_feicao": "fogo_2017_6", "ano": 2017.0, "mes": 4, "codigo_original": 3, "classe": "Formação Florestal", "cor": "#1f8d49", "area_ha": 0.41661321258898826 }, "geometry": { "type": "Polygon", "coordinates": [ [ [ -45.104769741754836, -21.388437757243743 ], [ -45.104500247169597, -21.388437757243743 ], [ -45.104500247169597, -21.388707251828979 ], [ -45.105308730925309, -21.388707251828983 ], [ -45.105308730925309, -21.38816826265851 ], [ -45.104769741754836, -21.388168262658507 ], [ -45.104769741754836, -21.388437757243743 ] ] ] } },
{ "type": "Feature", "properties": { "id_feicao": "fogo_2017_7", "ano": 2017.0, "mes": 4, "codigo_original": 3, "classe": "Formação Florestal", "cor": "#1f8d49", "area_ha": 0.083351670911535627 }, "geometry": { "type": "Polygon", "coordinates": [ [ [ -45.030389236229738, -21.335886313122749 ], [ -45.03065873081497, -21.335886313122757 ], [ -45.03065873081497, -21.335616818537517 ], [ -45.030389236229738, -21.335616818537517 ], [ -45.030389236229738, -21.335886313122749 ] ] ] } },
{ "type": "Feature", "properties": { "id_feicao": "fogo_2017_8", "ano": 2017.0, "mes": 4, "codigo_original": 12, "classe": "Formação Campestre", "cor": "#d6bc74", "area_ha": 0.083322690889432491 }, "geometry": { "type": "Polygon", "coordinates": [ [ [ -45.104500247169597, -21.388168262658507 ], [ -45.104500247169597, -21.388437757243743 ], [ -45.104769741754836, -21.388437757243743 ], [ -45.104769741754836, -21.388168262658507 ], [ -45.104500247169597, -21.388168262658507 ] ] ] } },
{ "type": "Feature", "properties": { "id_feicao": "fogo_2017_9", "ano": 2017.0, "mes": 4, "codigo_original": 41, "classe": "Outras Lavouras Temporárias", "cor": "#f54ca9", "area_ha": 2.5861486152592605 }, "geometry": { "type": "Polygon", "coordinates": [ [ [ -45.019878947405537, -21.205450933868601 ], [ -45.019878947405537, -21.205720428453834 ], [ -45.020687431161249, -21.205720428453841 ], [ -45.020687431161249, -21.205181439283365 ], [ -45.020956925746482, -21.205181439283365 ], [ -45.020956925746482, -21.204103460942427 ], [ -45.020687431161249, -21.204103460942424 ], [ -45.020687431161249, -21.203833966357184 ], [ -45.019609452820305, -21.203833966357188 ], [ -45.019609452820305, -21.205450933868597 ], [ -45.019878947405537, -21.205450933868601 ] ] ] } },
{ "type": "Feature", "properties": { "id_feicao": "fogo_2017_10", "ano": 2017.0, "mes": 4, "codigo_original": 41, "classe": "Outras Lavouras Temporárias", "cor": "#f54ca9", "area_ha": 0.083424880703911186 }, "geometry": { "type": "Polygon", "coordinates": [ [ [ -45.019878947405537, -21.203294977186715 ], [ -45.019609452820305, -21.203294977186719 ], [ -45.019609452820305, -21.203564471771955 ], [ -45.019878947405537, -21.203564471771951 ], [ -45.019878947405537, -21.203294977186715 ] ] ] } },
{ "type": "Feature", "properties": { "id_feicao": "fogo_2017_11", "ano": 2017.0, "mes": 4, "codigo_original": 41, "classe": "Outras Lavouras Temporárias", "cor": "#f54ca9", "area_ha": 0.41712671649977567 }, "geometry": { "type": "Polygon", "coordinates": [ [ [ -45.019878947405537, -21.202755988016239 ], [ -45.020148441990777, -21.202755988016243 ], [ -45.020148441990777, -21.202216998845767 ], [ -45.019609452820305, -21.20221699884577 ], [ -45.019609452820305, -21.203025482601479 ], [ -45.019878947405537, -21.203025482601475 ], [ -45.019878947405537, -21.202755988016239 ] ] ] } },
{ "type": "Feature", "properties": { "id_feicao": "fogo_2017_12", "ano": 2017.0, "mes": 4, "codigo_original": 41, "classe": "Outras Lavouras Temporárias", "cor": "#f54ca9", "area_ha": 0.16685229079145014 }, "geometry": { "type": "Polygon", "coordinates": [ [ [ -45.020956925746482, -21.201408515090066 ], [ -45.020956925746482, -21.20086952591959 ], [ -45.020687431161249, -21.20086952591959 ], [ -45.020687431161249, -21.201408515090069 ], [ -45.020956925746482, -21.201408515090066 ] ] ] } },
{ "type": "Feature", "properties": { "id_feicao": "fogo_2017_13", "ano": 2017.0, "mes": 4, "codigo_original": 41, "classe": "Outras Lavouras Temporárias", "cor": "#f54ca9", "area_ha": 0.16685273508429527 }, "geometry": { "type": "Polygon", "coordinates": [ [ [ -45.020148441990777, -21.200600031334353 ], [ -45.019609452820305, -21.200600031334357 ], [ -45.019609452820305, -21.200869525919597 ], [ -45.020148441990777, -21.20086952591959 ], [ -45.020148441990777, -21.200600031334353 ] ] ] } },
{ "type": "Feature", "properties": { "id_feicao": "fogo_2017_14", "ano": 2017.0, "mes": 4, "codigo_original": 41, "classe": "Outras Lavouras Temporárias", "cor": "#f54ca9", "area_ha": 1.668547342783492 }, "geometry": { "type": "Polygon", "coordinates": [ [ [ -45.019070463649832, -21.198713569237707 ], [ -45.018800969064593, -21.1987135692377 ], [ -45.018800969064593, -21.199522052993412 ], [ -45.019070463649832, -21.199522052993409 ], [ -45.019070463649832, -21.199791547578656 ], [ -45.019339958235065, -21.199791547578652 ], [ -45.019339958235065, -21.199522052993409 ], [ -45.019609452820305, -21.199522052993409 ], [ -45.019609452820305, -21.199252558408173 ], [ -45.019878947405537, -21.199252558408173 ], [ -45.019878947405537, -21.198713569237704 ], [ -45.020148441990777, -21.198713569237704 ], [ -45.020148441990777, -21.198444074652471 ], [ -45.020687431161249, -21.198444074652464 ], [ -45.020687431161249, -21.198174580067231 ], [ -45.019609452820305, -21.198174580067228 ], [ -45.019609452820305, -21.198444074652471 ], [ -45.019070463649832, -21.198444074652468 ], [ -45.019070463649832, -21.198713569237707 ] ] ] } },
{ "type": "Feature", "properties": { "id_feicao": "fogo_2017_15", "ano": 2017.0, "mes": 6, "codigo_original": 12, "classe": "Formação Campestre", "cor": "#d6bc74", "area_ha": 0.25006322586458768 }, "geometry": { "type": "Polygon", "coordinates": [ [ [ -45.080515229083616, -21.330765916003276 ], [ -45.080515229083616, -21.331035410588512 ], [ -45.080245734498369, -21.331035410588509 ], [ -45.080245734498369, -21.331304905173742 ], [ -45.080784723668842, -21.331304905173745 ], [ -45.080784723668842, -21.330765916003273 ], [ -45.080515229083616, -21.330765916003276 ] ] ] } },
{ "type": "Feature", "properties": { "id_feicao": "fogo_2017_16", "ano": 2017.0, "mes": 6, "codigo_original": 41, "classe": "Outras Lavouras Temporárias", "cor": "#f54ca9", "area_ha": 0.33345847795592287 }, "geometry": { "type": "Polygon", "coordinates": [ [ [ -45.123095373550875, -21.312979273377699 ], [ -45.123095373550875, -21.313248767962939 ], [ -45.123634362721347, -21.313248767962946 ], [ -45.123634362721347, -21.312979273377699 ], [ -45.123364868136107, -21.312979273377717 ], [ -45.123364868136107, -21.312709778792478 ], [ -45.122825878965635, -21.312709778792478 ], [ -45.122825878965635, -21.31297927337771 ], [ -45.123095373550875, -21.312979273377699 ] ] ] } },
{ "type": "Feature", "properties": { "id_feicao": "fogo_2017_17", "ano": 2017.0, "mes": 6, "codigo_original": 41, "classe": "Outras Lavouras Temporárias", "cor": "#f54ca9", "area_ha": 0.083423691197950386 }, "geometry": { "type": "Polygon", "coordinates": [ [ [ -45.019878947405537, -21.205450933868601 ], [ -45.019609452820305, -21.205450933868597 ], [ -45.019609452820305, -21.20572042845383 ], [ -45.019878947405537, -21.205720428453834 ], [ -45.019878947405537, -21.205450933868601 ] ] ] } },
{ "type": "Feature", "properties": { "id_feicao": "fogo_2017_18", "ano": 2017.0, "mes": 6, "codigo_original": 41, "classe": "Outras Lavouras Temporárias", "cor": "#f54ca9", "area_ha": 0.083425029383972282 }, "geometry": { "type": "Polygon", "coordinates": [ [ [ -45.019878947405537, -21.203025482601475 ], [ -45.019609452820305, -21.203025482601479 ], [ -45.019609452820305, -21.203294977186719 ], [ -45.019878947405537, -21.203294977186715 ], [ -45.019878947405537, -21.203025482601475 ] ] ] } },
{ "type": "Feature", "properties": { "id_feicao": "fogo_2017_19", "ano": 2017.0, "mes": 6, "codigo_original": 41, "classe": "Outras Lavouras Temporárias", "cor": "#f54ca9", "area_ha": 7.7586664298903472 }, "geometry": { "type": "Polygon", "coordinates": [ [ [ -45.019609452820305, -21.199252558408173 ], [ -45.019609452820305, -21.199522052993409 ], [ -45.019339958235065, -21.199522052993409 ], [ -45.019339958235065, -21.199791547578652 ], [ -45.019070463649832, -21.199791547578656 ], [ -45.019070463649832, -21.200600031334353 ], [ -45.01853147447936, -21.200600031334353 ], [ -45.01853147447936, -21.202216998845774 ], [ -45.020148441990777, -21.202216998845767 ], [ -45.020148441990777, -21.201408515090066 ], [ -45.020687431161249, -21.201408515090069 ], [ -45.020687431161249, -21.20086952591959 ], [ -45.020956925746482, -21.20086952591959 ], [ -45.020956925746482, -21.201139020504826 ], [ -45.021226420331715, -21.201139020504826 ], [ -45.021226420331715, -21.200600031334353 ], [ -45.021495914916954, -21.200600031334353 ], [ -45.021495914916954, -21.200330536749121 ], [ -45.021765409502187, -21.200330536749121 ], [ -45.021765409502187, -21.200061042163888 ], [ -45.021495914916954, -21.200061042163885 ], [ -45.021495914916954, -21.199791547578652 ], [ -45.020956925746482, -21.199791547578645 ], [ -45.020956925746482, -21.199522052993409 ], [ -45.021226420331715, -21.199522052993412 ], [ -45.021226420331715, -21.199252558408173 ], [ -45.020956925746482, -21.199252558408176 ], [ -45.020956925746482, -21.198713569237707 ], [ -45.020687431161249, -21.198713569237704 ], [ -45.020687431161249, -21.198444074652464 ], [ -45.020148441990777, -21.198444074652471 ], [ -45.020148441990777, -21.198713569237704 ], [ -45.019878947405537, -21.198713569237704 ], [ -45.019878947405537, -21.199252558408173 ], [ -45.019609452820305, -21.199252558408173 ] ], [ [ -45.020148441990777, -21.20086952591959 ], [ -45.019609452820305, -21.200869525919597 ], [ -45.019609452820305, -21.200600031334357 ], [ -45.020148441990777, -21.200600031334353 ], [ -45.020148441990777, -21.20086952591959 ] ] ] } },
{ "type": "Feature", "properties": { "id_feicao": "fogo_2017_20", "ano": 2017.0, "mes": 6, "codigo_original": 41, "classe": "Outras Lavouras Temporárias", "cor": "#f54ca9", "area_ha": 0.083426961365342139 }, "geometry": { "type": "Polygon", "coordinates": [ [ [ -45.019070463649832, -21.199522052993409 ], [ -45.018800969064593, -21.199522052993412 ], [ -45.018800969064593, -21.199791547578648 ], [ -45.019070463649832, -21.199791547578656 ], [ -45.019070463649832, -21.199522052993409 ] ] ] } },
{ "type": "Feature", "properties": { "id_feicao": "fogo_2017_21", "ano": 2017.0, "mes": 6, "codigo_original": 41, "classe": "Outras Lavouras Temporárias", "cor": "#f54ca9", "area_ha": 5.4227881276323462 }, "geometry": { "type": "Polygon", "coordinates": [ [ [ -45.022843387843132, -21.198174580067228 ], [ -45.020687431161249, -21.198174580067231 ], [ -45.020687431161249, -21.198444074652464 ], [ -45.021495914916954, -21.198444074652471 ], [ -45.021495914916954, -21.198713569237707 ], [ -45.021765409502187, -21.198713569237704 ], [ -45.021765409502187, -21.199252558408173 ], [ -45.022573893257899, -21.19925255840818 ], [ -45.022573893257899, -21.199522052993409 ], [ -45.024729849939781, -21.199522052993412 ], [ -45.024729849939781, -21.198444074652468 ], [ -45.024460355354549, -21.198444074652475 ], [ -45.024460355354549, -21.197635590896759 ], [ -45.023651871598844, -21.197635590896763 ], [ -45.023651871598844, -21.197905085481992 ], [ -45.022843387843132, -21.197905085481992 ], [ -45.022843387843132, -21.198174580067228 ] ] ] } },
{ "type": "Feature", "properties": { "id_feicao": "fogo_2017_22", "ano": 2017.0, "mes": 6, "codigo_original": 41, "classe": "Outras Lavouras Temporárias", "cor": "#f54ca9", "area_ha": 0.083427705079689621 }, "geometry": { "type": "Polygon", "coordinates": [ [ [ -45.019609452820305, -21.198174580067228 ], [ -45.019339958235065, -21.198174580067228 ], [ -45.019339958235065, -21.198444074652471 ], [ -45.019609452820305, -21.198444074652471 ], [ -45.019609452820305, -21.198174580067228 ] ] ] } },
{ "type": "Feature", "properties": { "id_feicao": "fogo_2017_23", "ano": 2017.0, "mes": 7, "codigo_original": 3, "classe": "Formação Florestal", "cor": "#1f8d49", "area_ha": 0.16663836177913471 }, "geometry": { "type": "Polygon", "coordinates": [ [ [ -45.090756023322569, -21.394366638118939 ], [ -45.090217034152097, -21.394366638118935 ], [ -45.090217034152097, -21.394636132704171 ], [ -45.090756023322569, -21.394636132704168 ], [ -45.090756023322569, -21.394366638118939 ] ] ] } },
{ "type": "Feature", "properties": { "id_feicao": "fogo_2017_24", "ano": 2017.0, "mes": 7, "codigo_original": 3, "classe": "Formação Florestal", "cor": "#1f8d49", "area_ha": 0.083322695903945712 }, "geometry": { "type": "Polygon", "coordinates": [ [ [ -45.105847720095774, -21.38816826265851 ], [ -45.105578225510541, -21.388168262658517 ], [ -45.105578225510541, -21.388437757243739 ], [ -45.105847720095774, -21.388437757243743 ], [ -45.105847720095774, -21.38816826265851 ] ] ] } },
{ "type": "Feature", "properties": { "id_feicao": "fogo_2017_25", "ano": 2017.0, "mes": 7, "codigo_original": 3, "classe": "Formação Florestal", "cor": "#1f8d49", "area_ha": 0.25025795500129461 }, "geometry": { "type": "Polygon", "coordinates": [ [ [ -45.088330572055447, -21.214074760596144 ], [ -45.08886956122592, -21.214074760596148 ], [ -45.08886956122592, -21.213535771425676 ], [ -45.08860006664068, -21.213535771425672 ], [ -45.08860006664068, -21.213805266010905 ], [ -45.088330572055447, -21.213805266010901 ], [ -45.088330572055447, -21.214074760596144 ] ] ] } },
{ "type": "Feature", "properties": { "id_feicao": "fogo_2017_26", "ano": 2017.0, "mes": 7, "codigo_original": 3, "classe": "Formação Florestal", "cor": "#1f8d49", "area_ha": 0.083426014637892565 }, "geometry": { "type": "Polygon", "coordinates": [ [ [ -45.067579488992287, -21.201408515090066 ], [ -45.067579488992287, -21.201678009675298 ], [ -45.06784898357752, -21.201678009675298 ], [ -45.06784898357752, -21.201408515090062 ], [ -45.067579488992287, -21.201408515090066 ] ] ] } },
{ "type": "Feature", "properties": { "id_feicao": "fogo_2017_27", "ano": 2017.0, "mes": 7, "codigo_original": 3, "classe": "Formação Florestal", "cor": "#1f8d49", "area_ha": 0.083427245311845311 }, "geometry": { "type": "Polygon", "coordinates": [ [ [ -45.162711077580539, -21.200061042163885 ], [ -45.162711077580539, -21.200330536749121 ], [ -45.162980572165779, -21.200330536749117 ], [ -45.162980572165779, -21.200061042163885 ], [ -45.162711077580539, -21.200061042163885 ] ] ] } },
{ "type": "Feature", "properties": { "id_feicao": "fogo_2017_28", "ano": 2017.0, "mes": 7, "codigo_original": 3, "classe": "Formação Florestal", "cor": "#1f8d49", "area_ha": 0.25028857290484013 }, "geometry": { "type": "Polygon", "coordinates": [ [ [ -45.110429128044785, -21.195479634214873 ], [ -45.110159633459553, -21.195479634214877 ], [ -45.110159633459553, -21.195210139629644 ], [ -45.109890138874313, -21.195210139629641 ], [ -45.109890138874313, -21.195749128800106 ], [ -45.110429128044785, -21.195749128800117 ], [ -45.110429128044785, -21.195479634214873 ] ] ] } },
{ "type": "Feature", "properties": { "id_feicao": "fogo_2017_29", "ano": 2017.0, "mes": 7, "codigo_original": 3, "classe": "Formação Florestal", "cor": "#1f8d49", "area_ha": 0.083435504980478442 }, "geometry": { "type": "Polygon", "coordinates": [ [ [ -45.101805301317242, -21.184430356220208 ], [ -45.101535806732002, -21.184430356220201 ], [ -45.101535806732002, -21.184699850805437 ], [ -45.101805301317242, -21.184699850805433 ], [ -45.101805301317242, -21.184430356220208 ] ] ] } },
{ "type": "Feature", "properties": { "id_feicao": "fogo_2017_30", "ano": 2017.0, "mes": 7, "codigo_original": 3, "classe": "Formação Florestal", "cor": "#1f8d49", "area_ha": 0.2503073737716302 }, "geometry": { "type": "Polygon", "coordinates": [ [ [ -45.099649344635353, -21.183891367049728 ], [ -45.098840860879648, -21.183891367049728 ], [ -45.098840860879648, -21.184160861634975 ], [ -45.099649344635353, -21.184160861634965 ], [ -45.099649344635353, -21.183891367049728 ] ] ] } },
{ "type": "Feature", "properties": { "id_feicao": "fogo_2017_31", "ano": 2017.0, "mes": 7, "codigo_original": 3, "classe": "Formação Florestal", "cor": "#1f8d49", "area_ha": 5.4234129074094177 }, "geometry": { "type": "Polygon", "coordinates": [ [ [ -45.103422268828652, -21.180118442856433 ], [ -45.102344290487714, -21.180118442856433 ], [ -45.102344290487714, -21.180387937441669 ], [ -45.102074795902475, -21.180387937441658 ], [ -45.102074795902475, -21.180657432026894 ], [ -45.102344290487714, -21.180657432026905 ], [ -45.102344290487714, -21.181465915782606 ], [ -45.102074795902475, -21.181465915782614 ], [ -45.102074795902475, -21.181735410367839 ], [ -45.101805301317242, -21.181735410367843 ], [ -45.101805301317242, -21.182813388708791 ], [ -45.10126631214677, -21.182813388708787 ], [ -45.10126631214677, -21.183082883294027 ], [ -45.100457828391058, -21.183082883294031 ], [ -45.100457828391058, -21.18335237787926 ], [ -45.099918839220585, -21.183352377879267 ], [ -45.099918839220585, -21.183621872464496 ], [ -45.099649344635353, -21.183621872464496 ], [ -45.099649344635353, -21.183891367049728 ], [ -45.100457828391058, -21.183891367049736 ], [ -45.100457828391058, -21.183621872464492 ], [ -45.100727322976297, -21.183621872464496 ], [ -45.100727322976297, -21.183352377879267 ], [ -45.10099681756153, -21.183352377879263 ], [ -45.10099681756153, -21.183621872464489 ], [ -45.10126631214677, -21.183621872464489 ], [ -45.10126631214677, -21.184430356220208 ], [ -45.101535806732002, -21.184430356220201 ], [ -45.101535806732002, -21.183621872464492 ], [ -45.101805301317242, -21.183621872464496 ], [ -45.101805301317242, -21.18335237787926 ], [ -45.102074795902475, -21.183352377879253 ], [ -45.102074795902475, -21.183082883294027 ], [ -45.102613785072947, -21.183082883294031 ], [ -45.102613785072947, -21.182813388708784 ], [ -45.102344290487714, -21.182813388708791 ], [ -45.102344290487714, -21.182274399538311 ], [ -45.102613785072947, -21.182274399538315 ], [ -45.102613785072947, -21.18146591578261 ], [ -45.10288327965818, -21.181465915782606 ], [ -45.10288327965818, -21.180926926612138 ], [ -45.103152774243419, -21.180926926612134 ], [ -45.103152774243419, -21.180657432026901 ], [ -45.103422268828652, -21.180657432026898 ], [ -45.103422268828652, -21.180387937441669 ], [ -45.103961257999124, -21.180387937441669 ], [ -45.103961257999124, -21.17957945368596 ], [ -45.104500247169597, -21.17957945368596 ], [ -45.104500247169597, -21.179040464515488 ], [ -45.103961257999124, -21.179040464515488 ], [ -45.103961257999124, -21.178501475345016 ], [ -45.103422268828652, -21.178501475345023 ], [ -45.103422268828652, -21.179040464515488 ], [ -45.103691763413892, -21.179040464515484 ], [ -45.103691763413892, -21.179848948271193 ], [ -45.103422268828652, -21.179848948271196 ], [ -45.103422268828652, -21.180118442856433 ] ], [ [ -45.102613785072947, -21.180657432026901 ], [ -45.102613785072947, -21.180387937441662 ], [ -45.10288327965818, -21.180387937441658 ], [ -45.10288327965818, -21.180657432026905 ], [ -45.102613785072947, -21.180657432026901 ] ] ] } },
{ "type": "Feature", "properties": { "id_feicao": "fogo_2017_32", "ano": 2017.0, "mes": 7, "codigo_original": 3, "classe": "Formação Florestal", "cor": "#1f8d49", "area_ha": 0.16688048872091477 }, "geometry": { "type": "Polygon", "coordinates": [ [ [ -45.114202052238092, -21.175806529492661 ], [ -45.114202052238092, -21.176345518663123 ], [ -45.114471546823324, -21.176345518663126 ], [ -45.114471546823324, -21.175806529492654 ], [ -45.114202052238092, -21.175806529492661 ] ] ] } },
{ "type": "Feature", "properties": { "id_feicao": "fogo_2017_33", "ano": 2017.0, "mes": 7, "codigo_original": 4, "classe": "Formação Savânica", "cor": "#7dc975", "area_ha": 0.083352281120998239 }, "geometry": { "type": "Polygon", "coordinates": [ [ [ -45.038204579201576, -21.334538840196576 ], [ -45.038204579201576, -21.334808334781808 ], [ -45.038474073786816, -21.334808334781808 ], [ -45.038474073786816, -21.334538840196576 ], [ -45.038204579201576, -21.334538840196576 ] ] ] } },
{ "type": "Feature", "properties": { "id_feicao": "fogo_2017_34", "ano": 2017.0, "mes": 7, "codigo_original": 9, "classe": "Silvicultura", "cor": "#7a5900", "area_ha": 0.25030875419698734 }, "geometry": { "type": "Polygon", "coordinates": [ [ [ -45.102074795902475, -21.183082883294027 ], [ -45.102074795902475, -21.183352377879253 ], [ -45.10288327965818, -21.183352377879263 ], [ -45.10288327965818, -21.183082883294023 ], [ -45.102074795902475, -21.183082883294027 ] ] ] } },
{ "type": "Feature", "properties": { "id_feicao": "fogo_2017_35", "ano": 2017.0, "mes": 7, "codigo_original": 12, "classe": "Formação Campestre", "cor": "#d6bc74", "area_ha": 0.41659810093141558 }, "geometry": { "type": "Polygon", "coordinates": [ [ [ -45.074047359037948, -21.393827648948463 ], [ -45.074047359037948, -21.393558154363234 ], [ -45.074316853623181, -21.39355815436323 ], [ -45.074316853623181, -21.393288659777994 ], [ -45.073508369867476, -21.393288659777998 ], [ -45.073508369867476, -21.393827648948474 ], [ -45.074047359037948, -21.393827648948463 ] ] ] } },
{ "type": "Feature", "properties": { "id_feicao": "fogo_2017_36", "ano": 2017.0, "mes": 7, "codigo_original": 12, "classe": "Formação Campestre", "cor": "#d6bc74", "area_ha": 0.083319877584494134 }, "geometry": { "type": "Polygon", "coordinates": [ [ [ -45.076203315719837, -21.393288659777991 ], [ -45.076203315719837, -21.393019165192754 ], [ -45.075933821134598, -21.393019165192754 ], [ -45.075933821134598, -21.393288659778001 ], [ -45.076203315719837, -21.393288659777991 ] ] ] } },
{ "type": "Feature", "properties": { "id_feicao": "fogo_2017_37", "ano": 2017.0, "mes": 7, "codigo_original": 12, "classe": "Formação Campestre", "cor": "#d6bc74", "area_ha": 0.083320020390645733 }, "geometry": { "type": "Polygon", "coordinates": [ [ [ -45.074047359037948, -21.393019165192754 ], [ -45.074047359037948, -21.392749670607522 ], [ -45.073777864452708, -21.392749670607525 ], [ -45.073777864452708, -21.393019165192751 ], [ -45.074047359037948, -21.393019165192754 ] ] ] } },
{ "type": "Feature", "properties": { "id_feicao": "fogo_2017_38", "ano": 2017.0, "mes": 7, "codigo_original": 12, "classe": "Formação Campestre", "cor": "#d6bc74", "area_ha": 0.16664174608917209 }, "geometry": { "type": "Polygon", "coordinates": [ [ [ -45.082132196595019, -21.391671692266574 ], [ -45.082132196595019, -21.391132703096112 ], [ -45.081862702009786, -21.391132703096105 ], [ -45.081862702009786, -21.391671692266574 ], [ -45.082132196595019, -21.391671692266574 ] ] ] } },
{ "type": "Feature", "properties": { "id_feicao": "fogo_2017_39", "ano": 2017.0, "mes": 7, "codigo_original": 15, "classe": "Pastagem", "cor": "#edde8e", "area_ha": 0.083426960405241696 }, "geometry": { "type": "Polygon", "coordinates": [ [ [ -45.117166492675686, -21.200061042163885 ], [ -45.116896998090446, -21.200061042163881 ], [ -45.116896998090446, -21.200330536749114 ], [ -45.117166492675686, -21.20033053674911 ], [ -45.117166492675686, -21.200061042163885 ] ] ] } },
{ "type": "Feature", "properties": { "id_feicao": "fogo_2017_40", "ano": 2017.0, "mes": 7, "codigo_original": 15, "classe": "Pastagem", "cor": "#edde8e", "area_ha": 0.25030036271000283 }, "geometry": { "type": "Polygon", "coordinates": [ [ [ -45.09048652873733, -21.18847277499875 ], [ -45.090756023322569, -21.18847277499874 ], [ -45.090756023322569, -21.187933785828275 ], [ -45.090217034152097, -21.187933785828267 ], [ -45.090217034152097, -21.1882032804135 ], [ -45.09048652873733, -21.1882032804135 ], [ -45.09048652873733, -21.18847277499875 ] ] ] } },
{ "type": "Feature", "properties": { "id_feicao": "fogo_2017_41", "ano": 2017.0, "mes": 7, "codigo_original": 15, "classe": "Pastagem", "cor": "#edde8e", "area_ha": 0.25030740625932812 }, "geometry": { "type": "Polygon", "coordinates": [ [ [ -45.101805301317242, -21.183621872464496 ], [ -45.101535806732002, -21.183621872464492 ], [ -45.101535806732002, -21.184430356220201 ], [ -45.101805301317242, -21.184430356220208 ], [ -45.101805301317242, -21.183621872464496 ] ] ] } },
{ "type": "Feature", "properties": { "id_feicao": "fogo_2017_42", "ano": 2017.0, "mes": 7, "codigo_original": 15, "classe": "Pastagem", "cor": "#edde8e", "area_ha": 0.083435799656016024 }, "geometry": { "type": "Polygon", "coordinates": [ [ [ -45.10099681756153, -21.183891367049728 ], [ -45.10099681756153, -21.184160861634965 ], [ -45.10126631214677, -21.184160861634961 ], [ -45.10126631214677, -21.183891367049732 ], [ -45.10099681756153, -21.183891367049728 ] ] ] } },
{ "type": "Feature", "properties": { "id_feicao": "fogo_2017_43", "ano": 2017.0, "mes": 7, "codigo_original": 15, "classe": "Pastagem", "cor": "#edde8e", "area_ha": 0.083437143864029714 }, "geometry": { "type": "Polygon", "coordinates": [ [ [ -45.102613785072947, -21.18146591578261 ], [ -45.102613785072947, -21.181735410367839 ], [ -45.10288327965818, -21.181735410367843 ], [ -45.10288327965818, -21.181465915782606 ], [ -45.102613785072947, -21.18146591578261 ] ] ] } },
{ "type": "Feature", "properties": { "id_feicao": "fogo_2017_44", "ano": 2017.0, "mes": 7, "codigo_original": 15, "classe": "Pastagem", "cor": "#edde8e", "area_ha": 0.33375246448405088 }, "geometry": { "type": "Polygon", "coordinates": [ [ [ -45.104500247169597, -21.17957945368596 ], [ -45.103961257999124, -21.17957945368596 ], [ -45.103961257999124, -21.180118442856436 ], [ -45.104500247169597, -21.180118442856429 ], [ -45.104500247169597, -21.17957945368596 ] ] ] } },
{ "type": "Feature", "properties": { "id_feicao": "fogo_2017_45", "ano": 2017.0, "mes": 7, "codigo_original": 15, "classe": "Pastagem", "cor": "#edde8e", "area_ha": 0.2503150073751807 }, "geometry": { "type": "Polygon", "coordinates": [ [ [ -45.103691763413892, -21.179040464515484 ], [ -45.103422268828652, -21.179040464515488 ], [ -45.103422268828652, -21.179848948271196 ], [ -45.103691763413892, -21.179848948271193 ], [ -45.103691763413892, -21.179040464515484 ] ] ] } },
{ "type": "Feature", "properties": { "id_feicao": "fogo_2017_46", "ano": 2017.0, "mes": 7, "codigo_original": 15, "classe": "Pastagem", "cor": "#edde8e", "area_ha": 0.16687727187518031 }, "geometry": { "type": "Polygon", "coordinates": [ [ [ -45.104500247169597, -21.178770969930252 ], [ -45.103961257999124, -21.178770969930252 ], [ -45.103961257999124, -21.179040464515488 ], [ -45.104500247169597, -21.179040464515488 ], [ -45.104500247169597, -21.178770969930252 ] ] ] } },
{ "type": "Feature", "properties": { "id_feicao": "fogo_2017_47", "ano": 2017.0, "mes": 7, "codigo_original": 15, "classe": "Pastagem", "cor": "#edde8e", "area_ha": 0.16687786593740403 }, "geometry": { "type": "Polygon", "coordinates": [ [ [ -45.103961257999124, -21.178231980759776 ], [ -45.103961257999124, -21.178501475345016 ], [ -45.104500247169597, -21.178501475345016 ], [ -45.104500247169597, -21.178231980759779 ], [ -45.103961257999124, -21.178231980759776 ] ] ] } },
{ "type": "Feature", "properties": { "id_feicao": "fogo_2017_48", "ano": 2017.0, "mes": 7, "codigo_original": 15, "classe": "Pastagem", "cor": "#edde8e", "area_ha": 0.083440436451395997 }, "geometry": { "type": "Polygon", "coordinates": [ [ [ -45.108003676777663, -21.175537034907418 ], [ -45.108003676777663, -21.175806529492654 ], [ -45.108273171362903, -21.175806529492657 ], [ -45.108273171362903, -21.175537034907425 ], [ -45.108003676777663, -21.175537034907418 ] ] ] } },
{ "type": "Feature", "properties": { "id_feicao": "fogo_2017_49", "ano": 2017.0, "mes": 7, "codigo_original": 21, "classe": "Mosaico de Usos", "cor": "#ffefc3", "area_ha": 0.083440437747891519 }, "geometry": { "type": "Polygon", "coordinates": [ [ [ -45.108273171362903, -21.175537034907425 ], [ -45.108273171362903, -21.175806529492657 ], [ -45.108542665948136, -21.175806529492654 ], [ -45.108542665948136, -21.175537034907418 ], [ -45.108273171362903, -21.175537034907425 ] ] ] } },
{ "type": "Feature", "properties": { "id_feicao": "fogo_2017_50", "ano": 2017.0, "mes": 8, "codigo_original": 3, "classe": "Formação Florestal", "cor": "#1f8d49", "area_ha": 0.083322544716181529 }, "geometry": { "type": "Polygon", "coordinates": [ [ [ -45.105308730925309, -21.388437757243739 ], [ -45.105308730925309, -21.388707251828983 ], [ -45.105578225510541, -21.388707251828983 ], [ -45.105578225510541, -21.388437757243739 ], [ -45.105308730925309, -21.388437757243739 ] ] ] } },
{ "type": "Feature", "properties": { "id_feicao": "fogo_2017_51", "ano": 2017.0, "mes": 8, "codigo_original": 12, "classe": "Formação Campestre", "cor": "#d6bc74", "area_ha": 0.083319870430044823 }, "geometry": { "type": "Polygon", "coordinates": [ [ [ -45.074047359037948, -21.393019165192754 ], [ -45.073777864452708, -21.393019165192751 ], [ -45.073777864452708, -21.393288659777998 ], [ -45.074047359037948, -21.393288659778001 ], [ -45.074047359037948, -21.393019165192754 ] ] ] } },
{ "type": "Feature", "properties": { "id_feicao": "fogo_2017_52", "ano": 2017.0, "mes": 8, "codigo_original": 12, "classe": "Formação Campestre", "cor": "#d6bc74", "area_ha": 0.083320189572405071 }, "geometry": { "type": "Polygon", "coordinates": [ [ [ -45.079706745327897, -21.392480176022282 ], [ -45.079437250742671, -21.392480176022286 ], [ -45.079437250742671, -21.392749670607525 ], [ -45.079706745327897, -21.392749670607515 ], [ -45.079706745327897, -21.392480176022282 ] ] ] } },
{ "type": "Feature", "properties": { "id_feicao": "fogo_2017_53", "ano": 2017.0, "mes": 8, "codigo_original": 12, "classe": "Formação Campestre", "cor": "#d6bc74", "area_ha": 1.1668815972435289 }, "geometry": { "type": "Polygon", "coordinates": [ [ [ -44.965710535773134, -21.341276204827469 ], [ -44.965441041187894, -21.341276204827473 ], [ -44.965441041187894, -21.341006710242226 ], [ -44.965710535773134, -21.34100671024223 ], [ -44.965710535773134, -21.340737215657001 ], [ -44.96436306284695, -21.340737215657001 ], [ -44.96436306284695, -21.341545699412702 ], [ -44.965710535773134, -21.341545699412709 ], [ -44.965710535773134, -21.341276204827469 ] ] ] } },
{ "type": "Feature", "properties": { "id_feicao": "fogo_2017_54", "ano": 2017.0, "mes": 8, "codigo_original": 12, "classe": "Formação Campestre", "cor": "#d6bc74", "area_ha": 0.16670837378045544 }, "geometry": { "type": "Polygon", "coordinates": [ [ [ -45.080784723668842, -21.331304905173745 ], [ -45.080245734498369, -21.331304905173742 ], [ -45.080245734498369, -21.331574399758978 ], [ -45.080784723668842, -21.331574399758981 ], [ -45.080784723668842, -21.331304905173745 ] ] ] } },
{ "type": "Feature", "properties": { "id_feicao": "fogo_2017_55", "ano": 2017.0, "mes": 8, "codigo_original": 12, "classe": "Formação Campestre", "cor": "#d6bc74", "area_ha": 0.083354334993101659 }, "geometry": { "type": "Polygon", "coordinates": [ [ [ -45.080245734498369, -21.331035410588509 ], [ -45.079976239913144, -21.331035410588505 ], [ -45.079976239913144, -21.331304905173738 ], [ -45.080245734498369, -21.331304905173742 ], [ -45.080245734498369, -21.331035410588509 ] ] ] } },
{ "type": "Feature", "properties": { "id_feicao": "fogo_2017_56", "ano": 2017.0, "mes": 8, "codigo_original": 12, "classe": "Formação Campestre", "cor": "#d6bc74", "area_ha": 0.083354485499486333 }, "geometry": { "type": "Polygon", "coordinates": [ [ [ -45.080515229083616, -21.330765916003276 ], [ -45.080245734498369, -21.33076591600328 ], [ -45.080245734498369, -21.331035410588509 ], [ -45.080515229083616, -21.331035410588512 ], [ -45.080515229083616, -21.330765916003276 ] ] ] } },
{ "type": "Feature", "properties": { "id_feicao": "fogo_2017_57", "ano": 2017.0, "mes": 8, "codigo_original": 12, "classe": "Formação Campestre", "cor": "#d6bc74", "area_ha": 0.25006368425702674 }, "geometry": { "type": "Polygon", "coordinates": [ [ [ -45.079976239913144, -21.330765916003276 ], [ -45.080245734498369, -21.33076591600328 ], [ -45.080245734498369, -21.330496421418029 ], [ -45.079706745327897, -21.33049642141804 ], [ -45.079706745327897, -21.331035410588509 ], [ -45.079976239913144, -21.331035410588505 ], [ -45.079976239913144, -21.330765916003276 ] ] ] } },
{ "type": "Feature", "properties": { "id_feicao": "fogo_2017_58", "ano": 2017.0, "mes": 8, "codigo_original": 12, "classe": "Formação Campestre", "cor": "#d6bc74", "area_ha": 0.41716903770752251 }, "geometry": { "type": "Polygon", "coordinates": [ [ [ -45.107195193021958, -21.187933785828275 ], [ -45.107464687607191, -21.187933785828267 ], [ -45.107464687607191, -21.187664291243038 ], [ -45.107195193021958, -21.187664291243028 ], [ -45.107195193021958, -21.187125302072559 ], [ -45.106925698436719, -21.187125302072555 ], [ -45.106925698436719, -21.188203280413507 ], [ -45.107195193021958, -21.188203280413514 ], [ -45.107195193021958, -21.187933785828275 ] ] ] } },
{ "type": "Feature", "properties": { "id_feicao": "fogo_2017_59", "ano": 2017.0, "mes": 8, "codigo_original": 15, "classe": "Pastagem", "cor": "#edde8e", "area_ha": 0.83419808314687649 }, "geometry": { "type": "Polygon", "coordinates": [ [ [ -45.155434723779173, -21.213266276840439 ], [ -45.155434723779173, -21.212996782255203 ], [ -45.15516522919394, -21.2129967822552 ], [ -45.15516522919394, -21.214074760596141 ], [ -45.155973712949645, -21.214074760596141 ], [ -45.155973712949645, -21.213266276840436 ], [ -45.155434723779173, -21.213266276840439 ] ] ] } },
{ "type": "Feature", "properties": { "id_feicao": "fogo_2017_60", "ano": 2017.0, "mes": 8, "codigo_original": 15, "classe": "Pastagem", "cor": "#edde8e", "area_ha": 0.08342020844873041 }, "geometry": { "type": "Polygon", "coordinates": [ [ [ -45.155973712949645, -21.21299678225521 ], [ -45.156243207534885, -21.212996782255207 ], [ -45.156243207534885, -21.212727287669967 ], [ -45.155973712949645, -21.21272728766996 ], [ -45.155973712949645, -21.21299678225521 ] ] ] } },
{ "type": "Feature", "properties": { "id_feicao": "fogo_2017_61", "ano": 2017.0, "mes": 8, "codigo_original": 15, "classe": "Pastagem", "cor": "#edde8e", "area_ha": 0.25027222154587508 }, "geometry": { "type": "Polygon", "coordinates": [ [ [ -45.064884543139925, -21.205450933868605 ], [ -45.065154037725165, -21.205450933868608 ], [ -45.065154037725165, -21.204642450112893 ], [ -45.064884543139925, -21.204642450112896 ], [ -45.064884543139925, -21.205450933868605 ] ] ] } },
{ "type": "Feature", "properties": { "id_feicao": "fogo_2017_62", "ano": 2017.0, "mes": 8, "codigo_original": 15, "classe": "Pastagem", "cor": "#edde8e", "area_ha": 0.33369960318328651 }, "geometry": { "type": "Polygon", "coordinates": [ [ [ -45.06784898357752, -21.203294977186715 ], [ -45.06784898357752, -21.203833966357188 ], [ -45.068387972747992, -21.203833966357184 ], [ -45.068387972747992, -21.203294977186715 ], [ -45.06784898357752, -21.203294977186715 ] ] ] } },
{ "type": "Feature", "properties": { "id_feicao": "fogo_2017_63", "ano": 2017.0, "mes": 8, "codigo_original": 15, "classe": "Pastagem", "cor": "#edde8e", "area_ha": 0.16684979753810913 }, "geometry": { "type": "Polygon", "coordinates": [ [ [ -45.067309994407047, -21.203833966357188 ], [ -45.067579488992287, -21.203833966357188 ], [ -45.067579488992287, -21.203294977186719 ], [ -45.067309994407047, -21.203294977186715 ], [ -45.067309994407047, -21.203833966357188 ] ] ] } },
{ "type": "Feature", "properties": { "id_feicao": "fogo_2017_64", "ano": 2017.0, "mes": 8, "codigo_original": 15, "classe": "Pastagem", "cor": "#edde8e", "area_ha": 0.083424961354862895 }, "geometry": { "type": "Polygon", "coordinates": [ [ [ -45.063267575628508, -21.203564471771951 ], [ -45.063537070213748, -21.203564471771951 ], [ -45.063537070213748, -21.203294977186722 ], [ -45.063267575628508, -21.203294977186719 ], [ -45.063267575628508, -21.203564471771951 ] ] ] } },
{ "type": "Feature", "properties": { "id_feicao": "fogo_2017_65", "ano": 2017.0, "mes": 8, "codigo_original": 15, "classe": "Pastagem", "cor": "#edde8e", "area_ha": 0.083425118586228614 }, "geometry": { "type": "Polygon", "coordinates": [ [ [ -45.066232016066103, -21.203025482601475 ], [ -45.066232016066103, -21.203294977186715 ], [ -45.066501510651342, -21.203294977186715 ], [ -45.066501510651342, -21.203025482601479 ], [ -45.066232016066103, -21.203025482601475 ] ] ] } },
{ "type": "Feature", "properties": { "id_feicao": "fogo_2017_66", "ano": 2017.0, "mes": 8, "codigo_original": 15, "classe": "Pastagem", "cor": "#edde8e", "area_ha": 0.083425280393101278 }, "geometry": { "type": "Polygon", "coordinates": [ [ [ -45.070543929429881, -21.203025482601483 ], [ -45.070813424015114, -21.203025482601479 ], [ -45.070813424015114, -21.202755988016236 ], [ -45.070543929429881, -21.202755988016243 ], [ -45.070543929429881, -21.203025482601483 ] ] ] } },
{ "type": "Feature", "properties": { "id_feicao": "fogo_2017_67", "ano": 2017.0, "mes": 8, "codigo_original": 15, "classe": "Pastagem", "cor": "#edde8e", "area_ha": 0.083425271274056287 }, "geometry": { "type": "Polygon", "coordinates": [ [ [ -45.067579488992287, -21.203025482601479 ], [ -45.06784898357752, -21.203025482601479 ], [ -45.06784898357752, -21.202755988016236 ], [ -45.067579488992287, -21.202755988016246 ], [ -45.067579488992287, -21.203025482601479 ] ] ] } },
{ "type": "Feature", "properties": { "id_feicao": "fogo_2017_68", "ano": 2017.0, "mes": 8, "codigo_original": 15, "classe": "Pastagem", "cor": "#edde8e", "area_ha": 0.083425264890864492 }, "geometry": { "type": "Polygon", "coordinates": [ [ [ -45.065423532310398, -21.203025482601472 ], [ -45.065693026895637, -21.203025482601479 ], [ -45.065693026895637, -21.202755988016236 ], [ -45.065423532310398, -21.202755988016243 ], [ -45.065423532310398, -21.203025482601472 ] ] ] } },
{ "type": "Feature", "properties": { "id_feicao": "fogo_2017_69", "ano": 2017.0, "mes": 8, "codigo_original": 15, "classe": "Pastagem", "cor": "#edde8e", "area_ha": 0.91768519530659542 }, "geometry": { "type": "Polygon", "coordinates": [ [ [ -45.070004940259409, -21.202755988016239 ], [ -45.070274434844642, -21.202755988016239 ], [ -45.070274434844642, -21.201947504260541 ], [ -45.070004940259409, -21.201947504260531 ], [ -45.070004940259409, -21.20086952591959 ], [ -45.069735445674169, -21.20086952591959 ], [ -45.069735445674169, -21.200600031334346 ], [ -45.069465951088937, -21.200600031334353 ], [ -45.069465951088937, -21.201139020504829 ], [ -45.069735445674169, -21.201139020504826 ], [ -45.069735445674169, -21.202486493431003 ], [ -45.070004940259409, -21.20248649343101 ], [ -45.070004940259409, -21.202755988016239 ] ] ] } },
{ "type": "Feature", "properties": { "id_feicao": "fogo_2017_70", "ano": 2017.0, "mes": 8, "codigo_original": 15, "classe": "Pastagem", "cor": "#edde8e", "area_ha": 0.16685201260587201 }, "geometry": { "type": "Polygon", "coordinates": [ [ [ -45.064615048554693, -21.201678009675302 ], [ -45.065154037725165, -21.201678009675295 ], [ -45.065154037725165, -21.201408515090069 ], [ -45.064615048554693, -21.201408515090066 ], [ -45.064615048554693, -21.201678009675302 ] ] ] } },
{ "type": "Feature", "properties": { "id_feicao": "fogo_2017_71", "ano": 2017.0, "mes": 8, "codigo_original": 15, "classe": "Pastagem", "cor": "#edde8e", "area_ha": 0.083433451327960942 }, "geometry": { "type": "Polygon", "coordinates": [ [ [ -45.107195193021958, -21.188472774998743 ], [ -45.107464687607191, -21.188472774998747 ], [ -45.107464687607191, -21.188203280413507 ], [ -45.107195193021958, -21.188203280413514 ], [ -45.107195193021958, -21.188472774998743 ] ] ] } },
{ "type": "Feature", "properties": { "id_feicao": "fogo_2017_72", "ano": 2017.0, "mes": 8, "codigo_original": 15, "classe": "Pastagem", "cor": "#edde8e", "area_ha": 3.9213999384799596 }, "geometry": { "type": "Polygon", "coordinates": [ [ [ -45.107734182192431, -21.187125302072566 ], [ -45.107464687607191, -21.187125302072552 ], [ -45.107464687607191, -21.187933785828267 ], [ -45.107734182192431, -21.187933785828267 ], [ -45.107734182192431, -21.188203280413504 ], [ -45.108542665948136, -21.188203280413511 ], [ -45.108542665948136, -21.187664291243035 ], [ -45.108812160533368, -21.187664291243031 ], [ -45.108812160533368, -21.18793378582826 ], [ -45.109081655118608, -21.187933785828278 ], [ -45.109081655118608, -21.187664291243031 ], [ -45.109890138874313, -21.187664291243028 ], [ -45.109890138874313, -21.187394796657792 ], [ -45.10962064428908, -21.187394796657795 ], [ -45.10962064428908, -21.18712530207257 ], [ -45.109890138874313, -21.187125302072559 ], [ -45.109890138874313, -21.186855807487323 ], [ -45.110159633459553, -21.186855807487326 ], [ -45.110159633459553, -21.187125302072559 ], [ -45.110698622630025, -21.187125302072559 ], [ -45.110698622630025, -21.186855807487323 ], [ -45.110968117215258, -21.186855807487323 ], [ -45.110968117215258, -21.18658631290209 ], [ -45.110698622630025, -21.186586312902083 ], [ -45.110698622630025, -21.186316818316865 ], [ -45.109890138874313, -21.186316818316854 ], [ -45.109890138874313, -21.186586312902083 ], [ -45.108273171362903, -21.186586312902079 ], [ -45.108273171362903, -21.186855807487326 ], [ -45.107734182192431, -21.186855807487323 ], [ -45.107734182192431, -21.187125302072566 ] ], [ [ -45.109081655118608, -21.187125302072555 ], [ -45.109081655118608, -21.186855807487326 ], [ -45.109351149703841, -21.186855807487319 ], [ -45.109351149703841, -21.187125302072563 ], [ -45.109081655118608, -21.187125302072555 ] ] ] } },
{ "type": "Feature", "properties": { "id_feicao": "fogo_2017_73", "ano": 2017.0, "mes": 8, "codigo_original": 15, "classe": "Pastagem", "cor": "#edde8e", "area_ha": 0.25015225195810198 }, "geometry": { "type": "Polygon", "coordinates": [ [ [ -44.934449163885773, -21.277136493541338 ], [ -44.934179669300534, -21.277136493541338 ], [ -44.934179669300534, -21.277405988126578 ], [ -44.933910174715301, -21.277405988126574 ], [ -44.933910174715301, -21.27767548271181 ], [ -44.934449163885773, -21.27767548271181 ], [ -44.934449163885773, -21.277136493541338 ] ] ] } },
{ "type": "Feature", "properties": { "id_feicao": "fogo_2017_74", "ano": 2017.0, "mes": 8, "codigo_original": 15, "classe": "Pastagem", "cor": "#edde8e", "area_ha": 0.083410741056874391 }, "geometry": { "type": "Polygon", "coordinates": [ [ [ -44.917471005015912, -21.229435951954592 ], [ -44.917740499601152, -21.229435951954596 ], [ -44.917740499601152, -21.229166457369359 ], [ -44.917471005015912, -21.229166457369359 ], [ -44.917471005015912, -21.229435951954592 ] ] ] } },
{ "type": "Feature", "properties": { "id_feicao": "fogo_2017_75", "ano": 2017.0, "mes": 8, "codigo_original": 15, "classe": "Pastagem", "cor": "#edde8e", "area_ha": 0.1668220884767361 }, "geometry": { "type": "Polygon", "coordinates": [ [ [ -44.915854037504495, -21.228896962784123 ], [ -44.916393026674967, -21.228896962784123 ], [ -44.916393026674967, -21.228627468198887 ], [ -44.915854037504495, -21.228627468198887 ], [ -44.915854037504495, -21.228896962784123 ] ] ] } },
{ "type": "Feature", "properties": { "id_feicao": "fogo_2017_76", "ano": 2017.0, "mes": 8, "codigo_original": 15, "classe": "Pastagem", "cor": "#edde8e", "area_ha": 0.25023401533532885 }, "geometry": { "type": "Polygon", "coordinates": [ [ [ -44.916662521260207, -21.228357973613647 ], [ -44.917471005015912, -21.228357973613651 ], [ -44.917471005015912, -21.228088479028415 ], [ -44.916662521260207, -21.228088479028418 ], [ -44.916662521260207, -21.228357973613647 ] ] ] } },
{ "type": "Feature", "properties": { "id_feicao": "fogo_2017_77", "ano": 2017.0, "mes": 8, "codigo_original": 15, "classe": "Pastagem", "cor": "#edde8e", "area_ha": 0.16682312742192298 }, "geometry": { "type": "Polygon", "coordinates": [ [ [ -44.916393026674967, -21.228088479028415 ], [ -44.916662521260207, -21.228088479028418 ], [ -44.916662521260207, -21.227549489857942 ], [ -44.916393026674967, -21.227549489857946 ], [ -44.916393026674967, -21.228088479028415 ] ] ] } },
{ "type": "Feature", "properties": { "id_feicao": "fogo_2017_78", "ano": 2017.0, "mes": 8, "codigo_original": 15, "classe": "Pastagem", "cor": "#edde8e", "area_ha": 2.335624507276155 }, "geometry": { "type": "Polygon", "coordinates": [ [ [ -45.026616312036438, -21.220542630641809 ], [ -45.026077322865966, -21.220542630641805 ], [ -45.026077322865966, -21.220812125227042 ], [ -45.026346817451198, -21.220812125227045 ], [ -45.026346817451198, -21.22135111439751 ], [ -45.025807828280726, -21.22135111439751 ], [ -45.025807828280726, -21.221620608982757 ], [ -45.025538333695494, -21.221620608982754 ], [ -45.025538333695494, -21.221890103567983 ], [ -45.026616312036438, -21.22189010356799 ], [ -45.026616312036438, -21.22162060898275 ], [ -45.027424795792143, -21.22162060898275 ], [ -45.027424795792143, -21.221081619812278 ], [ -45.027694290377376, -21.221081619812281 ], [ -45.027694290377376, -21.220273136056573 ], [ -45.027424795792143, -21.220273136056576 ], [ -45.027424795792143, -21.220542630641809 ], [ -45.027155301206903, -21.220542630641805 ], [ -45.027155301206903, -21.22027313605658 ], [ -45.026616312036438, -21.220273136056573 ], [ -45.026616312036438, -21.220542630641809 ] ] ] } },
{ "type": "Feature", "properties": { "id_feicao": "fogo_2017_79", "ano": 2017.0, "mes": 8, "codigo_original": 15, "classe": "Pastagem", "cor": "#edde8e", "area_ha": 0.083415218900658672 }, "geometry": { "type": "Polygon", "coordinates": [ [ [ -45.025807828280726, -21.220812125227042 ], [ -45.025807828280726, -21.221081619812278 ], [ -45.026077322865966, -21.221081619812281 ], [ -45.026077322865966, -21.220812125227042 ], [ -45.025807828280726, -21.220812125227042 ] ] ] } },
{ "type": "Feature", "properties": { "id_feicao": "fogo_2017_80", "ano": 2017.0, "mes": 8, "codigo_original": 15, "classe": "Pastagem", "cor": "#edde8e", "area_ha": 0.08341521797887981 }, "geometry": { "type": "Polygon", "coordinates": [ [ [ -45.024999344525021, -21.221081619812281 ], [ -45.025268839110254, -21.221081619812278 ], [ -45.025268839110254, -21.220812125227049 ], [ -45.024999344525021, -21.220812125227045 ], [ -45.024999344525021, -21.221081619812281 ] ] ] } },
{ "type": "Feature", "properties": { "id_feicao": "fogo_2017_81", "ano": 2017.0, "mes": 8, "codigo_original": 15, "classe": "Pastagem", "cor": "#edde8e", "area_ha": 0.917913639404485 }, "geometry": { "type": "Polygon", "coordinates": [ [ [ -44.879472268497665, -21.221081619812281 ], [ -44.879202773912418, -21.221081619812281 ], [ -44.879202773912418, -21.22135111439751 ], [ -44.880280752253363, -21.221351114397514 ], [ -44.880280752253363, -21.221081619812278 ], [ -44.880550246838609, -21.221081619812281 ], [ -44.880550246838609, -21.220273136056566 ], [ -44.880317994031984, -21.220273136267565 ], [ -44.880183, -21.220451 ], [ -44.879998, -21.220611 ], [ -44.879838, -21.220782 ], [ -44.879579, -21.220988 ], [ -44.879472268497942, -21.22099960132012 ], [ -44.879472268497665, -21.221081619812281 ] ] ] } },
{ "type": "Feature", "properties": { "id_feicao": "fogo_2017_82", "ano": 2017.0, "mes": 8, "codigo_original": 15, "classe": "Pastagem", "cor": "#edde8e", "area_ha": 0.16683073447030039 }, "geometry": { "type": "Polygon", "coordinates": [ [ [ -45.025268839110254, -21.220812125227049 ], [ -45.025807828280726, -21.220812125227042 ], [ -45.025807828280726, -21.220542630641802 ], [ -45.025268839110254, -21.220542630641813 ], [ -45.025268839110254, -21.220812125227049 ] ] ] } },
{ "type": "Feature", "properties": { "id_feicao": "fogo_2017_83", "ano": 2017.0, "mes": 8, "codigo_original": 15, "classe": "Pastagem", "cor": "#edde8e", "area_ha": 0.25026115978928282 }, "geometry": { "type": "Polygon", "coordinates": [ [ [ -45.046558911343887, -21.211379814743786 ], [ -45.046019922173414, -21.211379814743786 ], [ -45.046019922173414, -21.211918803914255 ], [ -45.046289416758654, -21.211918803914266 ], [ -45.046289416758654, -21.211649309329019 ], [ -45.046558911343887, -21.211649309329026 ], [ -45.046558911343887, -21.211379814743786 ] ] ] } },
{ "type": "Feature", "properties": { "id_feicao": "fogo_2017_84", "ano": 2017.0, "mes": 8, "codigo_original": 15, "classe": "Pastagem", "cor": "#edde8e", "area_ha": 0.083444187819026405 }, "geometry": { "type": "Polygon", "coordinates": [ [ [ -44.988887070103416, -21.168530175691295 ], [ -44.989156564688649, -21.168530175691288 ], [ -44.989156564688649, -21.168260681106052 ], [ -44.988887070103416, -21.168260681106055 ], [ -44.988887070103416, -21.168530175691295 ] ] ] } },
{ "type": "Feature", "properties": { "id_feicao": "fogo_2017_85", "ano": 2017.0, "mes": 8, "codigo_original": 15, "classe": "Pastagem", "cor": "#edde8e", "area_ha": 0.083444632886257017 }, "geometry": { "type": "Polygon", "coordinates": [ [ [ -44.989426059273889, -21.167721691935572 ], [ -44.989695553859121, -21.167721691935583 ], [ -44.989695553859121, -21.167452197350336 ], [ -44.989426059273889, -21.167452197350343 ], [ -44.989426059273889, -21.167721691935572 ] ] ] } },
{ "type": "Feature", "properties": { "id_feicao": "fogo_2017_86", "ano": 2017.0, "mes": 8, "codigo_original": 41, "classe": "Outras Lavouras Temporárias", "cor": "#f54ca9", "area_ha": 9.4203031943806401 }, "geometry": { "type": "Polygon", "coordinates": [ [ [ -45.12174790062469, -21.309745338354883 ], [ -45.12174790062469, -21.309475843769633 ], [ -45.121478406039458, -21.309475843769636 ], [ -45.121478406039458, -21.310014832940109 ], [ -45.121208911454218, -21.310014832940112 ], [ -45.121208911454218, -21.31136230586629 ], [ -45.120939416868985, -21.31136230586629 ], [ -45.120939416868985, -21.312440284207241 ], [ -45.122286889795163, -21.312440284207238 ], [ -45.122286889795163, -21.31270977879247 ], [ -45.123364868136107, -21.312709778792478 ], [ -45.123364868136107, -21.312979273377717 ], [ -45.123634362721347, -21.312979273377699 ], [ -45.123634362721347, -21.313248767962946 ], [ -45.123095373550875, -21.313248767962939 ], [ -45.123095373550875, -21.313518262548172 ], [ -45.12417335189182, -21.313518262548179 ], [ -45.12417335189182, -21.312170789622002 ], [ -45.12390385730658, -21.312170789621995 ], [ -45.12390385730658, -21.311901295036758 ], [ -45.123634362721347, -21.311901295036755 ], [ -45.123634362721347, -21.310284327525341 ], [ -45.123364868136107, -21.310284327525345 ], [ -45.123364868136107, -21.310014832940109 ], [ -45.123095373550875, -21.310014832940112 ], [ -45.123095373550875, -21.309745338354887 ], [ -45.122825878965635, -21.309745338354876 ], [ -45.122825878965635, -21.309475843769629 ], [ -45.12201739520993, -21.30947584376964 ], [ -45.12201739520993, -21.309745338354876 ], [ -45.12174790062469, -21.309745338354883 ] ] ] } },
{ "type": "Feature", "properties": { "id_feicao": "fogo_2017_87", "ano": 2017.0, "mes": 8, "codigo_original": 41, "classe": "Outras Lavouras Temporárias", "cor": "#f54ca9", "area_ha": 0.083444039373867671 }, "geometry": { "type": "Polygon", "coordinates": [ [ [ -44.989156564688649, -21.168799670276528 ], [ -44.989156564688649, -21.168530175691288 ], [ -44.988887070103416, -21.168530175691295 ], [ -44.988887070103416, -21.168799670276524 ], [ -44.989156564688649, -21.168799670276528 ] ] ] } },
{ "type": "Feature", "properties": { "id_feicao": "fogo_2017_88", "ano": 2017.0, "mes": 8, "codigo_original": 41, "classe": "Outras Lavouras Temporárias", "cor": "#f54ca9", "area_ha": 0.083444336131618335 }, "geometry": { "type": "Polygon", "coordinates": [ [ [ -44.989426059273889, -21.168260681106055 ], [ -44.989426059273889, -21.167991186520815 ], [ -44.989156564688649, -21.167991186520826 ], [ -44.989156564688649, -21.168260681106052 ], [ -44.989426059273889, -21.168260681106055 ] ] ] } },
{ "type": "Feature", "properties": { "id_feicao": "fogo_2017_89", "ano": 2017.0, "mes": 8, "codigo_original": 41, "classe": "Outras Lavouras Temporárias", "cor": "#f54ca9", "area_ha": 0.083444484448044115 }, "geometry": { "type": "Polygon", "coordinates": [ [ [ -44.989695553859121, -21.167991186520815 ], [ -44.989695553859121, -21.167721691935583 ], [ -44.989426059273889, -21.167721691935572 ], [ -44.989426059273889, -21.167991186520815 ], [ -44.989695553859121, -21.167991186520815 ] ] ] } },
{ "type": "Feature", "properties": { "id_feicao": "fogo_2017_90", "ano": 2017.0, "mes": 9, "codigo_original": 3, "classe": "Formação Florestal", "cor": "#1f8d49", "area_ha": 0.08332269464152614 }, "geometry": { "type": "Polygon", "coordinates": [ [ [ -45.105578225510541, -21.388437757243739 ], [ -45.105578225510541, -21.388168262658517 ], [ -45.105308730925309, -21.38816826265851 ], [ -45.105308730925309, -21.388437757243739 ], [ -45.105578225510541, -21.388437757243739 ] ] ] } },
{ "type": "Feature", "properties": { "id_feicao": "fogo_2017_91", "ano": 2017.0, "mes": 9, "codigo_original": 3, "classe": "Formação Florestal", "cor": "#1f8d49", "area_ha": 0.083322845838032664 }, "geometry": { "type": "Polygon", "coordinates": [ [ [ -45.105847720095774, -21.387898768073271 ], [ -45.105578225510541, -21.387898768073274 ], [ -45.105578225510541, -21.388168262658517 ], [ -45.105847720095774, -21.38816826265851 ], [ -45.105847720095774, -21.387898768073271 ] ] ] } },
{ "type": "Feature", "properties": { "id_feicao": "fogo_2017_92", "ano": 2017.0, "mes": 9, "codigo_original": 3, "classe": "Formação Florestal", "cor": "#1f8d49", "area_ha": 0.16684304994465785 }, "geometry": { "type": "Polygon", "coordinates": [ [ [ -45.100188333805825, -21.209762847232369 ], [ -45.099649344635353, -21.209762847232376 ], [ -45.099649344635353, -21.210032341817605 ], [ -45.100188333805825, -21.210032341817609 ], [ -45.100188333805825, -21.209762847232369 ] ] ] } },
{ "type": "Feature", "properties": { "id_feicao": "fogo_2017_93", "ano": 2017.0, "mes": 9, "codigo_original": 3, "classe": "Formação Florestal", "cor": "#1f8d49", "area_ha": 0.083422432498191396 }, "geometry": { "type": "Polygon", "coordinates": [ [ [ -45.103422268828652, -21.208415374306195 ], [ -45.103422268828652, -21.208145879720963 ], [ -45.103152774243419, -21.208145879720956 ], [ -45.103152774243419, -21.208415374306195 ], [ -45.103422268828652, -21.208415374306195 ] ] ] } },
{ "type": "Feature", "properties": { "id_feicao": "fogo_2017_94", "ano": 2017.0, "mes": 9, "codigo_original": 3, "classe": "Formação Florestal", "cor": "#1f8d49", "area_ha": 0.50053836518833417 }, "geometry": { "type": "Polygon", "coordinates": [ [ [ -45.105308730925309, -21.206798406794778 ], [ -45.104769741754836, -21.206798406794782 ], [ -45.104769741754836, -21.207337395965258 ], [ -45.105308730925309, -21.207337395965254 ], [ -45.105308730925309, -21.207606890550487 ], [ -45.105578225510541, -21.207606890550476 ], [ -45.105578225510541, -21.207067901380025 ], [ -45.105308730925309, -21.207067901380022 ], [ -45.105308730925309, -21.206798406794778 ] ] ] } },
{ "type": "Feature", "properties": { "id_feicao": "fogo_2017_95", "ano": 2017.0, "mes": 9, "codigo_original": 3, "classe": "Formação Florestal", "cor": "#1f8d49", "area_ha": 0.16684632169175892 }, "geometry": { "type": "Polygon", "coordinates": [ [ [ -45.100188333805825, -21.206798406794778 ], [ -45.099649344635353, -21.206798406794778 ], [ -45.099649344635353, -21.207067901380015 ], [ -45.100188333805825, -21.207067901380022 ], [ -45.100188333805825, -21.206798406794778 ] ] ] } },
{ "type": "Feature", "properties": { "id_feicao": "fogo_2017_96", "ano": 2017.0, "mes": 9, "codigo_original": 3, "classe": "Formação Florestal", "cor": "#1f8d49", "area_ha": 0.41711603121155993 }, "geometry": { "type": "Polygon", "coordinates": [ [ [ -45.100457828391058, -21.206259417624313 ], [ -45.100457828391058, -21.207067901380022 ], [ -45.100188333805825, -21.207067901380022 ], [ -45.100188333805825, -21.207337395965254 ], [ -45.100727322976297, -21.207337395965258 ], [ -45.100727322976297, -21.20625941762431 ], [ -45.100457828391058, -21.206259417624313 ] ] ] } },
{ "type": "Feature", "properties": { "id_feicao": "fogo_2017_97", "ano": 2017.0, "mes": 9, "codigo_original": 3, "classe": "Formação Florestal", "cor": "#1f8d49", "area_ha": 0.083423330981004989 }, "geometry": { "type": "Polygon", "coordinates": [ [ [ -45.104769741754836, -21.206528912209546 ], [ -45.104500247169597, -21.206528912209539 ], [ -45.104500247169597, -21.206798406794775 ], [ -45.104769741754836, -21.206798406794782 ], [ -45.104769741754836, -21.206528912209546 ] ] ] } },
{ "type": "Feature", "properties": { "id_feicao": "fogo_2017_98", "ano": 2017.0, "mes": 9, "codigo_original": 3, "classe": "Formação Florestal", "cor": "#1f8d49", "area_ha": 0.083423613580036915 }, "geometry": { "type": "Polygon", "coordinates": [ [ [ -45.101535806732002, -21.205989923039077 ], [ -45.10126631214677, -21.205989923039073 ], [ -45.10126631214677, -21.206259417624313 ], [ -45.101535806732002, -21.206259417624313 ], [ -45.101535806732002, -21.205989923039077 ] ] ] } },
{ "type": "Feature", "properties": { "id_feicao": "fogo_2017_99", "ano": 2017.0, "mes": 9, "codigo_original": 3, "classe": "Formação Florestal", "cor": "#1f8d49", "area_ha": 0.25027997250941952 }, "geometry": { "type": "Polygon", "coordinates": [ [ [ -45.116358008919974, -21.2008695259196 ], [ -45.116358008919974, -21.200600031334353 ], [ -45.115549525164269, -21.200600031334353 ], [ -45.115549525164269, -21.200869525919593 ], [ -45.116358008919974, -21.2008695259196 ] ] ] } },
{ "type": "Feature", "properties": { "id_feicao": "fogo_2017_100", "ano": 2017.0, "mes": 9, "codigo_original": 3, "classe": "Formação Florestal", "cor": "#1f8d49", "area_ha": 0.083426803397014734 }, "geometry": { "type": "Polygon", "coordinates": [ [ [ -45.115549525164269, -21.200330536749114 ], [ -45.115280030579029, -21.200330536749117 ], [ -45.115280030579029, -21.200600031334353 ], [ -45.115549525164269, -21.200600031334353 ], [ -45.115549525164269, -21.200330536749114 ] ] ] } },
{ "type": "Feature", "properties": { "id_feicao": "fogo_2017_101", "ano": 2017.0, "mes": 9, "codigo_original": 3, "classe": "Formação Florestal", "cor": "#1f8d49", "area_ha": 0.33372976388437675 }, "geometry": { "type": "Polygon", "coordinates": [ [ [ -45.113932557652852, -21.190089742510153 ], [ -45.112854579311907, -21.190089742510153 ], [ -45.112854579311907, -21.190359237095397 ], [ -45.113932557652852, -21.190359237095393 ], [ -45.113932557652852, -21.190089742510153 ] ] ] } },
{ "type": "Feature", "properties": { "id_feicao": "fogo_2017_102", "ano": 2017.0, "mes": 9, "codigo_original": 3, "classe": "Formação Florestal", "cor": "#1f8d49", "area_ha": 1.8355497972828165 }, "geometry": { "type": "Polygon", "coordinates": [ [ [ -45.115280030579029, -21.187394796657799 ], [ -45.115280030579029, -21.187664291243038 ], [ -45.115010535993797, -21.187664291243031 ], [ -45.115010535993797, -21.187933785828267 ], [ -45.115549525164269, -21.187933785828267 ], [ -45.115549525164269, -21.188472774998747 ], [ -45.115819019749502, -21.18847277499874 ], [ -45.115819019749502, -21.187664291243038 ], [ -45.116358008919974, -21.187664291243028 ], [ -45.116358008919974, -21.187394796657792 ], [ -45.116627503505214, -21.187394796657795 ], [ -45.116627503505214, -21.186586312902083 ], [ -45.116896998090446, -21.186586312902087 ], [ -45.116896998090446, -21.186316818316847 ], [ -45.116358008919974, -21.186316818316858 ], [ -45.116358008919974, -21.186586312902087 ], [ -45.115819019749502, -21.186586312902094 ], [ -45.115819019749502, -21.186855807487323 ], [ -45.115549525164269, -21.186855807487323 ], [ -45.115549525164269, -21.187394796657795 ], [ -45.115280030579029, -21.187394796657799 ] ] ] } },
{ "type": "Feature", "properties": { "id_feicao": "fogo_2017_103", "ano": 2017.0, "mes": 9, "codigo_original": 3, "classe": "Formação Florestal", "cor": "#1f8d49", "area_ha": 0.41717822950500993 }, "geometry": { "type": "Polygon", "coordinates": [ [ [ -45.100727322976297, -21.183891367049736 ], [ -45.099649344635353, -21.183891367049728 ], [ -45.099649344635353, -21.184160861634965 ], [ -45.099918839220585, -21.184160861634968 ], [ -45.099918839220585, -21.184430356220201 ], [ -45.100188333805825, -21.184430356220197 ], [ -45.100188333805825, -21.184160861634972 ], [ -45.100727322976297, -21.184160861634972 ], [ -45.100727322976297, -21.183891367049736 ] ] ] } },
{ "type": "Feature", "properties": { "id_feicao": "fogo_2017_104", "ano": 2017.0, "mes": 9, "codigo_original": 3, "classe": "Formação Florestal", "cor": "#1f8d49", "area_ha": 0.083435948209371419 }, "geometry": { "type": "Polygon", "coordinates": [ [ [ -45.10126631214677, -21.183621872464489 ], [ -45.10099681756153, -21.183621872464489 ], [ -45.10099681756153, -21.183891367049728 ], [ -45.10126631214677, -21.183891367049732 ], [ -45.10126631214677, -21.183621872464489 ] ] ] } },
{ "type": "Feature", "properties": { "id_feicao": "fogo_2017_105", "ano": 2017.0, "mes": 9, "codigo_original": 3, "classe": "Formação Florestal", "cor": "#1f8d49", "area_ha": 0.083437475349344911 }, "geometry": { "type": "Polygon", "coordinates": [ [ [ -45.110159633459553, -21.181196421197377 ], [ -45.110159633459553, -21.180926926612138 ], [ -45.109890138874313, -21.180926926612131 ], [ -45.109890138874313, -21.181196421197374 ], [ -45.110159633459553, -21.181196421197377 ] ] ] } },
{ "type": "Feature", "properties": { "id_feicao": "fogo_2017_106", "ano": 2017.0, "mes": 9, "codigo_original": 3, "classe": "Formação Florestal", "cor": "#1f8d49", "area_ha": 0.083438030144386 }, "geometry": { "type": "Polygon", "coordinates": [ [ [ -45.101805301317242, -21.179848948271196 ], [ -45.101535806732002, -21.179848948271196 ], [ -45.101535806732002, -21.180118442856433 ], [ -45.101805301317242, -21.180118442856433 ], [ -45.101805301317242, -21.179848948271196 ] ] ] } },
{ "type": "Feature", "properties": { "id_feicao": "fogo_2017_107", "ano": 2017.0, "mes": 9, "codigo_original": 3, "classe": "Formação Florestal", "cor": "#1f8d49", "area_ha": 0.16687635368276388 }, "geometry": { "type": "Polygon", "coordinates": [ [ [ -45.101535806732002, -21.179579453685964 ], [ -45.10099681756153, -21.17957945368596 ], [ -45.10099681756153, -21.179848948271196 ], [ -45.101535806732002, -21.179848948271196 ], [ -45.101535806732002, -21.179579453685964 ] ] ] } },
{ "type": "Feature", "properties": { "id_feicao": "fogo_2017_108", "ano": 2017.0, "mes": 9, "codigo_original": 3, "classe": "Formação Florestal", "cor": "#1f8d49", "area_ha": 0.16687634402910462 }, "geometry": { "type": "Polygon", "coordinates": [ [ [ -45.100457828391058, -21.179848948271196 ], [ -45.100457828391058, -21.179579453685964 ], [ -45.099918839220585, -21.17957945368596 ], [ -45.099918839220585, -21.179848948271196 ], [ -45.100457828391058, -21.179848948271196 ] ] ] } },
{ "type": "Feature", "properties": { "id_feicao": "fogo_2017_109", "ano": 2017.0, "mes": 9, "codigo_original": 3, "classe": "Formação Florestal", "cor": "#1f8d49", "area_ha": 0.08343841461390257 }, "geometry": { "type": "Polygon", "coordinates": [ [ [ -45.119591943942808, -21.179309959100731 ], [ -45.119322449357568, -21.179309959100724 ], [ -45.119322449357568, -21.17957945368596 ], [ -45.119591943942808, -21.17957945368596 ], [ -45.119591943942808, -21.179309959100731 ] ] ] } },
{ "type": "Feature", "properties": { "id_feicao": "fogo_2017_110", "ano": 2017.0, "mes": 9, "codigo_original": 3, "classe": "Formação Florestal", "cor": "#1f8d49", "area_ha": 0.083438931096158922 }, "geometry": { "type": "Polygon", "coordinates": [ [ [ -45.103961257999124, -21.178231980759776 ], [ -45.103691763413892, -21.178231980759779 ], [ -45.103691763413892, -21.178501475345016 ], [ -45.103961257999124, -21.178501475345016 ], [ -45.103961257999124, -21.178231980759776 ] ] ] } },
{ "type": "Feature", "properties": { "id_feicao": "fogo_2017_111", "ano": 2017.0, "mes": 9, "codigo_original": 3, "classe": "Formação Florestal", "cor": "#1f8d49", "area_ha": 0.16687920876964926 }, "geometry": { "type": "Polygon", "coordinates": [ [ [ -45.105039236340069, -21.176884507833606 ], [ -45.104769741754836, -21.176884507833599 ], [ -45.104769741754836, -21.177423497004071 ], [ -45.105039236340069, -21.177423497004071 ], [ -45.105039236340069, -21.176884507833606 ] ] ] } },
{ "type": "Feature", "properties": { "id_feicao": "fogo_2017_112", "ano": 2017.0, "mes": 9, "codigo_original": 3, "classe": "Formação Florestal", "cor": "#1f8d49", "area_ha": 0.08343971107276156 }, "geometry": { "type": "Polygon", "coordinates": [ [ [ -45.111776600970963, -21.176884507833606 ], [ -45.11150710638573, -21.176884507833599 ], [ -45.11150710638573, -21.177154002418835 ], [ -45.111776600970963, -21.177154002418838 ], [ -45.111776600970963, -21.176884507833606 ] ] ] } },
{ "type": "Feature", "properties": { "id_feicao": "fogo_2017_113", "ano": 2017.0, "mes": 9, "codigo_original": 3, "classe": "Formação Florestal", "cor": "#1f8d49", "area_ha": 0.25031970978733153 }, "geometry": { "type": "Polygon", "coordinates": [ [ [ -45.104500247169597, -21.176884507833595 ], [ -45.104769741754836, -21.176884507833599 ], [ -45.104769741754836, -21.176615013248362 ], [ -45.105039236340069, -21.176615013248362 ], [ -45.105039236340069, -21.176345518663133 ], [ -45.104500247169597, -21.176345518663126 ], [ -45.104500247169597, -21.176884507833595 ] ] ] } },
{ "type": "Feature", "properties": { "id_feicao": "fogo_2017_114", "ano": 2017.0, "mes": 9, "codigo_original": 3, "classe": "Formação Florestal", "cor": "#1f8d49", "area_ha": 0.16688311736676842 }, "geometry": { "type": "Polygon", "coordinates": [ [ [ -45.124442846477052, -21.173650572810775 ], [ -45.12390385730658, -21.173650572810768 ], [ -45.12390385730658, -21.173920067396008 ], [ -45.124442846477052, -21.173920067396008 ], [ -45.124442846477052, -21.173650572810775 ] ] ] } },
{ "type": "Feature", "properties": { "id_feicao": "fogo_2017_115", "ano": 2017.0, "mes": 9, "codigo_original": 3, "classe": "Formação Florestal", "cor": "#1f8d49", "area_ha": 0.41720861403479104 }, "geometry": { "type": "Polygon", "coordinates": [ [ [ -45.106386709266246, -21.172842089055067 ], [ -45.106386709266246, -21.173920067396001 ], [ -45.106656203851486, -21.173920067396001 ], [ -45.106656203851486, -21.173111583640299 ], [ -45.106925698436719, -21.173111583640303 ], [ -45.106925698436719, -21.172842089055063 ], [ -45.106386709266246, -21.172842089055067 ] ] ] } },
{ "type": "Feature", "properties": { "id_feicao": "fogo_2017_116", "ano": 2017.0, "mes": 9, "codigo_original": 3, "classe": "Formação Florestal", "cor": "#1f8d49", "area_ha": 0.083319032539706683 }, "geometry": { "type": "Polygon", "coordinates": [ [ [ -45.091025517907802, -21.394636132704171 ], [ -45.090756023322569, -21.394636132704168 ], [ -45.090756023322569, -21.394905627289411 ], [ -45.091025517907802, -21.394905627289404 ], [ -45.091025517907802, -21.394636132704171 ] ] ] } },
{ "type": "Feature", "properties": { "id_feicao": "fogo_2017_117", "ano": 2017.0, "mes": 9, "codigo_original": 3, "classe": "Formação Florestal", "cor": "#1f8d49", "area_ha": 0.16664269038401544 }, "geometry": { "type": "Polygon", "coordinates": [ [ [ -45.088061077470208, -21.390324219340396 ], [ -45.087791582884975, -21.390324219340393 ], [ -45.087791582884975, -21.390863208510879 ], [ -45.088061077470208, -21.390863208510872 ], [ -45.088061077470208, -21.390324219340396 ] ] ] } },
{ "type": "Feature", "properties": { "id_feicao": "fogo_2017_118", "ano": 2017.0, "mes": 9, "codigo_original": 3, "classe": "Formação Florestal", "cor": "#1f8d49", "area_ha": 0.083419400043696398 }, "geometry": { "type": "Polygon", "coordinates": [ [ [ -45.089947539566865, -21.213805266010908 ], [ -45.089947539566865, -21.213535771425672 ], [ -45.089678044981625, -21.213535771425668 ], [ -45.089678044981625, -21.213805266010908 ], [ -45.089947539566865, -21.213805266010908 ] ] ] } },
{ "type": "Feature", "properties": { "id_feicao": "fogo_2017_119", "ano": 2017.0, "mes": 9, "codigo_original": 3, "classe": "Formação Florestal", "cor": "#1f8d49", "area_ha": 0.41709739571018145 }, "geometry": { "type": "Polygon", "coordinates": [ [ [ -45.088061077470208, -21.213266276840443 ], [ -45.087522088299735, -21.213266276840447 ], [ -45.087522088299735, -21.213535771425679 ], [ -45.087791582884975, -21.213535771425679 ], [ -45.087791582884975, -21.213805266010912 ], [ -45.08860006664068, -21.213805266010905 ], [ -45.08860006664068, -21.213535771425672 ], [ -45.088061077470208, -21.213535771425672 ], [ -45.088061077470208, -21.213266276840443 ] ] ] } },
{ "type": "Feature", "properties": { "id_feicao": "fogo_2017_120", "ano": 2017.0, "mes": 9, "codigo_original": 3, "classe": "Formação Florestal", "cor": "#1f8d49", "area_ha": 0.08341984844421968 }, "geometry": { "type": "Polygon", "coordinates": [ [ [ -45.09048652873733, -21.212727287669967 ], [ -45.090217034152097, -21.212727287669956 ], [ -45.090217034152097, -21.212996782255207 ], [ -45.09048652873733, -21.212996782255203 ], [ -45.09048652873733, -21.212727287669967 ] ] ] } },
{ "type": "Feature", "properties": { "id_feicao": "fogo_2017_121", "ano": 2017.0, "mes": 9, "codigo_original": 3, "classe": "Formação Florestal", "cor": "#1f8d49", "area_ha": 0.50052008081726806 }, "geometry": { "type": "Polygon", "coordinates": [ [ [ -45.091564507078274, -21.21272728766996 ], [ -45.091564507078274, -21.212457793084724 ], [ -45.091025517907802, -21.212457793084727 ], [ -45.091025517907802, -21.212188298499502 ], [ -45.09048652873733, -21.212188298499491 ], [ -45.09048652873733, -21.212457793084727 ], [ -45.090756023322569, -21.212457793084734 ], [ -45.090756023322569, -21.212996782255207 ], [ -45.091025517907802, -21.212996782255214 ], [ -45.091025517907802, -21.212727287669971 ], [ -45.091564507078274, -21.21272728766996 ] ] ] } },
{ "type": "Feature", "properties": { "id_feicao": "fogo_2017_122", "ano": 2017.0, "mes": 9, "codigo_original": 3, "classe": "Formação Florestal", "cor": "#1f8d49", "area_ha": 0.16684094642717393 }, "geometry": { "type": "Polygon", "coordinates": [ [ [ -45.097762882538703, -21.211649309329022 ], [ -45.097223893368231, -21.211649309329022 ], [ -45.097223893368231, -21.211918803914269 ], [ -45.097762882538703, -21.211918803914262 ], [ -45.097762882538703, -21.211649309329022 ] ] ] } },
{ "type": "Feature", "properties": { "id_feicao": "fogo_2017_123", "ano": 2017.0, "mes": 9, "codigo_original": 3, "classe": "Formação Florestal", "cor": "#1f8d49", "area_ha": 0.08342077243616805 }, "geometry": { "type": "Polygon", "coordinates": [ [ [ -45.098032377123936, -21.211110320158561 ], [ -45.097762882538703, -21.211110320158557 ], [ -45.097762882538703, -21.211379814743786 ], [ -45.098032377123936, -21.211379814743786 ], [ -45.098032377123936, -21.211110320158561 ] ] ] } },
{ "type": "Feature", "properties": { "id_feicao": "fogo_2017_124", "ano": 2017.0, "mes": 9, "codigo_original": 3, "classe": "Formação Florestal", "cor": "#1f8d49", "area_ha": 0.41710373718561605 }, "geometry": { "type": "Polygon", "coordinates": [ [ [ -45.092642485419219, -21.211110320158554 ], [ -45.091295012493042, -21.211110320158561 ], [ -45.091295012493042, -21.211379814743786 ], [ -45.092642485419219, -21.211379814743797 ], [ -45.092642485419219, -21.211110320158554 ] ] ] } },
{ "type": "Feature", "properties": { "id_feicao": "fogo_2017_125", "ano": 2017.0, "mes": 9, "codigo_original": 3, "classe": "Formação Florestal", "cor": "#1f8d49", "area_ha": 0.083420923523139207 }, "geometry": { "type": "Polygon", "coordinates": [ [ [ -45.098571366294408, -21.210840825573321 ], [ -45.098301871709175, -21.210840825573321 ], [ -45.098301871709175, -21.211110320158554 ], [ -45.098571366294408, -21.211110320158557 ], [ -45.098571366294408, -21.210840825573321 ] ] ] } },
{ "type": "Feature", "properties": { "id_feicao": "fogo_2017_126", "ano": 2017.0, "mes": 9, "codigo_original": 3, "classe": "Formação Florestal", "cor": "#1f8d49", "area_ha": 0.08342088424637914 }, "geometry": { "type": "Polygon", "coordinates": [ [ [ -45.089139055811152, -21.210840825573314 ], [ -45.08886956122592, -21.210840825573317 ], [ -45.08886956122592, -21.21111032015855 ], [ -45.089139055811152, -21.211110320158561 ], [ -45.089139055811152, -21.210840825573314 ] ] ] } },
{ "type": "Feature", "properties": { "id_feicao": "fogo_2017_127", "ano": 2017.0, "mes": 9, "codigo_original": 3, "classe": "Formação Florestal", "cor": "#1f8d49", "area_ha": 0.083421068734023718 }, "geometry": { "type": "Polygon", "coordinates": [ [ [ -45.097762882538703, -21.210571330988074 ], [ -45.097493387953463, -21.210571330988074 ], [ -45.097493387953463, -21.210840825573321 ], [ -45.097762882538703, -21.210840825573307 ], [ -45.097762882538703, -21.210571330988074 ] ] ] } },
{ "type": "Feature", "properties": { "id_feicao": "fogo_2017_128", "ano": 2017.0, "mes": 9, "codigo_original": 3, "classe": "Formação Florestal", "cor": "#1f8d49", "area_ha": 0.16684257667081748 }, "geometry": { "type": "Polygon", "coordinates": [ [ [ -45.096954398782991, -21.210571330988081 ], [ -45.096954398782991, -21.210032341817609 ], [ -45.096684904197758, -21.210032341817605 ], [ -45.096684904197758, -21.210571330988081 ], [ -45.096954398782991, -21.210571330988081 ] ] ] } },
{ "type": "Feature", "properties": { "id_feicao": "fogo_2017_129", "ano": 2017.0, "mes": 9, "codigo_original": 3, "classe": "Formação Florestal", "cor": "#1f8d49", "area_ha": 0.25026566298613323 }, "geometry": { "type": "Polygon", "coordinates": [ [ [ -45.096954398782991, -21.2092238580619 ], [ -45.097223893368231, -21.2092238580619 ], [ -45.097223893368231, -21.209493352647144 ], [ -45.097493387953463, -21.209493352647137 ], [ -45.097493387953463, -21.208954363476671 ], [ -45.096954398782991, -21.208954363476668 ], [ -45.096954398782991, -21.2092238580619 ] ] ] } },
{ "type": "Feature", "properties": { "id_feicao": "fogo_2017_130", "ano": 2017.0, "mes": 9, "codigo_original": 3, "classe": "Formação Florestal", "cor": "#1f8d49", "area_ha": 0.083421963428147131 }, "geometry": { "type": "Polygon", "coordinates": [ [ [ -45.098301871709175, -21.208954363476668 ], [ -45.098032377123936, -21.208954363476671 ], [ -45.098032377123936, -21.209223858061897 ], [ -45.098301871709175, -21.209223858061893 ], [ -45.098301871709175, -21.208954363476668 ] ] ] } },
{ "type": "Feature", "properties": { "id_feicao": "fogo_2017_131", "ano": 2017.0, "mes": 9, "codigo_original": 3, "classe": "Formação Florestal", "cor": "#1f8d49", "area_ha": 0.1668446728072524 }, "geometry": { "type": "Polygon", "coordinates": [ [ [ -45.098571366294408, -21.208684868891428 ], [ -45.098571366294408, -21.208145879720952 ], [ -45.098301871709175, -21.208145879720956 ], [ -45.098301871709175, -21.208684868891435 ], [ -45.098571366294408, -21.208684868891428 ] ] ] } },
{ "type": "Feature", "properties": { "id_feicao": "fogo_2017_132", "ano": 2017.0, "mes": 9, "codigo_original": 3, "classe": "Formação Florestal", "cor": "#1f8d49", "area_ha": 0.1668446634279564 }, "geometry": { "type": "Polygon", "coordinates": [ [ [ -45.097493387953463, -21.208145879720959 ], [ -45.097223893368231, -21.208145879720963 ], [ -45.097223893368231, -21.208684868891435 ], [ -45.097493387953463, -21.208684868891435 ], [ -45.097493387953463, -21.208145879720959 ] ] ] } },
{ "type": "Feature", "properties": { "id_feicao": "fogo_2017_133", "ano": 2017.0, "mes": 9, "codigo_original": 3, "classe": "Formação Florestal", "cor": "#1f8d49", "area_ha": 0.083422855718340724 }, "geometry": { "type": "Polygon", "coordinates": [ [ [ -45.098301871709175, -21.207337395965258 ], [ -45.098032377123936, -21.207337395965258 ], [ -45.098032377123936, -21.207606890550494 ], [ -45.098301871709175, -21.207606890550476 ], [ -45.098301871709175, -21.207337395965258 ] ] ] } },
{ "type": "Feature", "properties": { "id_feicao": "fogo_2017_134", "ano": 2017.0, "mes": 9, "codigo_original": 3, "classe": "Formação Florestal", "cor": "#1f8d49", "area_ha": 0.083422825157261696 }, "geometry": { "type": "Polygon", "coordinates": [ [ [ -45.091025517907802, -21.207606890550487 ], [ -45.091025517907802, -21.207337395965254 ], [ -45.090756023322569, -21.207337395965254 ], [ -45.090756023322569, -21.207606890550487 ], [ -45.091025517907802, -21.207606890550487 ] ] ] } },
{ "type": "Feature", "properties": { "id_feicao": "fogo_2017_135", "ano": 2017.0, "mes": 9, "codigo_original": 3, "classe": "Formação Florestal", "cor": "#1f8d49", "area_ha": 0.25026871148003266 }, "geometry": { "type": "Polygon", "coordinates": [ [ [ -45.091025517907802, -21.207337395965254 ], [ -45.091295012493042, -21.207337395965258 ], [ -45.091295012493042, -21.207606890550487 ], [ -45.091564507078274, -21.207606890550483 ], [ -45.091564507078274, -21.207067901380022 ], [ -45.091025517907802, -21.207067901380018 ], [ -45.091025517907802, -21.207337395965254 ] ] ] } },
{ "type": "Feature", "properties": { "id_feicao": "fogo_2017_136", "ano": 2017.0, "mes": 9, "codigo_original": 3, "classe": "Formação Florestal", "cor": "#1f8d49", "area_ha": 0.083427586194220929 }, "geometry": { "type": "Polygon", "coordinates": [ [ [ -45.091834001663514, -21.1987135692377 ], [ -45.091564507078274, -21.198713569237704 ], [ -45.091564507078274, -21.19898306382294 ], [ -45.091834001663514, -21.198983063822936 ], [ -45.091834001663514, -21.1987135692377 ] ] ] } },
{ "type": "Feature", "properties": { "id_feicao": "fogo_2017_137", "ano": 2017.0, "mes": 9, "codigo_original": 3, "classe": "Formação Florestal", "cor": "#1f8d49", "area_ha": 0.16685547298807651 }, "geometry": { "type": "Polygon", "coordinates": [ [ [ -45.092372990833987, -21.198444074652464 ], [ -45.091834001663514, -21.198444074652478 ], [ -45.091834001663514, -21.1987135692377 ], [ -45.092372990833987, -21.1987135692377 ], [ -45.092372990833987, -21.198444074652464 ] ] ] } },
{ "type": "Feature", "properties": { "id_feicao": "fogo_2017_138", "ano": 2017.0, "mes": 9, "codigo_original": 3, "classe": "Formação Florestal", "cor": "#1f8d49", "area_ha": 0.083427886801026765 }, "geometry": { "type": "Polygon", "coordinates": [ [ [ -45.092642485419219, -21.198174580067231 ], [ -45.092372990833987, -21.198174580067228 ], [ -45.092372990833987, -21.198444074652464 ], [ -45.092642485419219, -21.198444074652471 ], [ -45.092642485419219, -21.198174580067231 ] ] ] } },
{ "type": "Feature", "properties": { "id_feicao": "fogo_2017_139", "ano": 2017.0, "mes": 9, "codigo_original": 3, "classe": "Formação Florestal", "cor": "#1f8d49", "area_ha": 0.16686769296731799 }, "geometry": { "type": "Polygon", "coordinates": [ [ [ -45.096415409612518, -21.187394796657792 ], [ -45.095876420442053, -21.187394796657802 ], [ -45.095876420442053, -21.187664291243031 ], [ -45.096415409612518, -21.187664291243028 ], [ -45.096415409612518, -21.187394796657792 ] ] ] } },
{ "type": "Feature", "properties": { "id_feicao": "fogo_2017_140", "ano": 2017.0, "mes": 9, "codigo_original": 3, "classe": "Formação Florestal", "cor": "#1f8d49", "area_ha": 0.083433997945673757 }, "geometry": { "type": "Polygon", "coordinates": [ [ [ -45.096954398782991, -21.187125302072559 ], [ -45.096684904197758, -21.187125302072559 ], [ -45.096684904197758, -21.187394796657799 ], [ -45.096954398782991, -21.187394796657799 ], [ -45.096954398782991, -21.187125302072559 ] ] ] } },
{ "type": "Feature", "properties": { "id_feicao": "fogo_2017_141", "ano": 2017.0, "mes": 9, "codigo_original": 3, "classe": "Formação Florestal", "cor": "#1f8d49", "area_ha": 0.16687036715891171 }, "geometry": { "type": "Polygon", "coordinates": [ [ [ -45.096415409612518, -21.185238839975909 ], [ -45.096415409612518, -21.184969345390666 ], [ -45.095876420442053, -21.184969345390666 ], [ -45.095876420442053, -21.185238839975913 ], [ -45.096415409612518, -21.185238839975909 ] ] ] } },
{ "type": "Feature", "properties": { "id_feicao": "fogo_2017_142", "ano": 2017.0, "mes": 9, "codigo_original": 3, "classe": "Formação Florestal", "cor": "#1f8d49", "area_ha": 0.083320217414386569 }, "geometry": { "type": "Polygon", "coordinates": [ [ [ -45.087252593714503, -21.392480176022282 ], [ -45.08698309912927, -21.392480176022278 ], [ -45.08698309912927, -21.392749670607522 ], [ -45.087252593714503, -21.392749670607522 ], [ -45.087252593714503, -21.392480176022282 ] ] ] } },
{ "type": "Feature", "properties": { "id_feicao": "fogo_2017_143", "ano": 2017.0, "mes": 9, "codigo_original": 3, "classe": "Formação Florestal", "cor": "#1f8d49", "area_ha": 0.083320366333425044 }, "geometry": { "type": "Polygon", "coordinates": [ [ [ -45.08698309912927, -21.392210681437053 ], [ -45.08671360454403, -21.392210681437039 ], [ -45.08671360454403, -21.392480176022286 ], [ -45.08698309912927, -21.392480176022278 ], [ -45.08698309912927, -21.392210681437053 ] ] ] } },
{ "type": "Feature", "properties": { "id_feicao": "fogo_2017_144", "ano": 2017.0, "mes": 9, "codigo_original": 3, "classe": "Formação Florestal", "cor": "#1f8d49", "area_ha": 0.24996493880110174 }, "geometry": { "type": "Polygon", "coordinates": [ [ [ -45.087252593714503, -21.38978523016992 ], [ -45.087252593714503, -21.39005472475516 ], [ -45.087522088299735, -21.39005472475516 ], [ -45.087522088299735, -21.390324219340389 ], [ -45.087791582884975, -21.390324219340393 ], [ -45.087791582884975, -21.389785230169927 ], [ -45.087252593714503, -21.38978523016992 ] ] ] } },
{ "type": "Feature", "properties": { "id_feicao": "fogo_2017_145", "ano": 2017.0, "mes": 9, "codigo_original": 3, "classe": "Formação Florestal", "cor": "#1f8d49", "area_ha": 0.083420574222411961 }, "geometry": { "type": "Polygon", "coordinates": [ [ [ -45.085905120788325, -21.21137981474379 ], [ -45.085635626203086, -21.21137981474379 ], [ -45.085635626203086, -21.211649309329019 ], [ -45.085905120788325, -21.211649309329029 ], [ -45.085905120788325, -21.21137981474379 ] ] ] } },
{ "type": "Feature", "properties": { "id_feicao": "fogo_2017_146", "ano": 2017.0, "mes": 9, "codigo_original": 3, "classe": "Formação Florestal", "cor": "#1f8d49", "area_ha": 0.16684363704305141 }, "geometry": { "type": "Polygon", "coordinates": [ [ [ -45.080515229083616, -21.208954363476668 ], [ -45.080245734498369, -21.208954363476668 ], [ -45.080245734498369, -21.20949335264714 ], [ -45.080515229083616, -21.209493352647137 ], [ -45.080515229083616, -21.208954363476668 ] ] ] } },
{ "type": "Feature", "properties": { "id_feicao": "fogo_2017_147", "ano": 2017.0, "mes": 9, "codigo_original": 3, "classe": "Formação Florestal", "cor": "#1f8d49", "area_ha": 0.083422201101922569 }, "geometry": { "type": "Polygon", "coordinates": [ [ [ -45.083479669521203, -21.208684868891432 ], [ -45.083479669521203, -21.208415374306192 ], [ -45.083210174935964, -21.208415374306192 ], [ -45.083210174935964, -21.208684868891432 ], [ -45.083479669521203, -21.208684868891432 ] ] ] } },
{ "type": "Feature", "properties": { "id_feicao": "fogo_2017_148", "ano": 2017.0, "mes": 9, "codigo_original": 3, "classe": "Formação Florestal", "cor": "#1f8d49", "area_ha": 0.083422195172961802 }, "geometry": { "type": "Polygon", "coordinates": [ [ [ -45.081862702009786, -21.208415374306188 ], [ -45.081593207424547, -21.208415374306195 ], [ -45.081593207424547, -21.208684868891432 ], [ -45.081862702009786, -21.208684868891432 ], [ -45.081862702009786, -21.208415374306188 ] ] ] } },
{ "type": "Feature", "properties": { "id_feicao": "fogo_2017_149", "ano": 2017.0, "mes": 9, "codigo_original": 3, "classe": "Formação Florestal", "cor": "#1f8d49", "area_ha": 0.08342352965213358 }, "geometry": { "type": "Polygon", "coordinates": [ [ [ -45.080784723668842, -21.20598992303907 ], [ -45.080515229083616, -21.20598992303907 ], [ -45.080515229083616, -21.206259417624306 ], [ -45.080784723668842, -21.206259417624313 ], [ -45.080784723668842, -21.20598992303907 ] ] ] } },
{ "type": "Feature", "properties": { "id_feicao": "fogo_2017_150", "ano": 2017.0, "mes": 9, "codigo_original": 3, "classe": "Formação Florestal", "cor": "#1f8d49", "area_ha": 0.083423830936628571 }, "geometry": { "type": "Polygon", "coordinates": [ [ [ -45.081862702009786, -21.205720428453841 ], [ -45.081862702009786, -21.205450933868608 ], [ -45.081593207424547, -21.205450933868605 ], [ -45.081593207424547, -21.205720428453841 ], [ -45.081862702009786, -21.205720428453841 ] ] ] } },
{ "type": "Feature", "properties": { "id_feicao": "fogo_2017_151", "ano": 2017.0, "mes": 9, "codigo_original": 3, "classe": "Formação Florestal", "cor": "#1f8d49", "area_ha": 0.25027238203398883 }, "geometry": { "type": "Polygon", "coordinates": [ [ [ -45.081593207424547, -21.204642450112896 ], [ -45.081323712839314, -21.204642450112893 ], [ -45.081323712839314, -21.205450933868601 ], [ -45.081593207424547, -21.205450933868605 ], [ -45.081593207424547, -21.204642450112896 ] ] ] } },
{ "type": "Feature", "properties": { "id_feicao": "fogo_2017_152", "ano": 2017.0, "mes": 9, "codigo_original": 3, "classe": "Formação Florestal", "cor": "#1f8d49", "area_ha": 0.083424425707384939 }, "geometry": { "type": "Polygon", "coordinates": [ [ [ -45.081862702009786, -21.204372955527667 ], [ -45.081593207424547, -21.20437295552766 ], [ -45.081593207424547, -21.204642450112896 ], [ -45.081862702009786, -21.204642450112889 ], [ -45.081862702009786, -21.204372955527667 ] ] ] } },
{ "type": "Feature", "properties": { "id_feicao": "fogo_2017_153", "ano": 2017.0, "mes": 9, "codigo_original": 3, "classe": "Formação Florestal", "cor": "#1f8d49", "area_ha": 0.083424575371369658 }, "geometry": { "type": "Polygon", "coordinates": [ [ [ -45.082132196595019, -21.20437295552766 ], [ -45.082132196595019, -21.204103460942424 ], [ -45.081862702009786, -21.204103460942424 ], [ -45.081862702009786, -21.204372955527667 ], [ -45.082132196595019, -21.20437295552766 ] ] ] } },
{ "type": "Feature", "properties": { "id_feicao": "fogo_2017_154", "ano": 2017.0, "mes": 9, "codigo_original": 3, "classe": "Formação Florestal", "cor": "#1f8d49", "area_ha": 0.083424854671489454 }, "geometry": { "type": "Polygon", "coordinates": [ [ [ -45.077011799475542, -21.203564471771948 ], [ -45.07674230489031, -21.203564471771944 ], [ -45.07674230489031, -21.203833966357184 ], [ -45.077011799475542, -21.203833966357184 ], [ -45.077011799475542, -21.203564471771948 ] ] ] } },
{ "type": "Feature", "properties": { "id_feicao": "fogo_2017_155", "ano": 2017.0, "mes": 9, "codigo_original": 3, "classe": "Formação Florestal", "cor": "#1f8d49", "area_ha": 0.16685138094499707 }, "geometry": { "type": "Polygon", "coordinates": [ [ [ -45.082132196595019, -21.201947504260534 ], [ -45.081862702009786, -21.201947504260534 ], [ -45.081862702009786, -21.202486493431007 ], [ -45.082132196595019, -21.202486493431007 ], [ -45.082132196595019, -21.201947504260534 ] ] ] } },
{ "type": "Feature", "properties": { "id_feicao": "fogo_2017_156", "ano": 2017.0, "mes": 9, "codigo_original": 3, "classe": "Formação Florestal", "cor": "#1f8d49", "area_ha": 0.083425916447560575 }, "geometry": { "type": "Polygon", "coordinates": [ [ [ -45.082940680350731, -21.201947504260531 ], [ -45.082940680350731, -21.201678009675295 ], [ -45.082671185765491, -21.201678009675295 ], [ -45.082671185765491, -21.201947504260534 ], [ -45.082940680350731, -21.201947504260531 ] ] ] } },
{ "type": "Feature", "properties": { "id_feicao": "fogo_2017_157", "ano": 2017.0, "mes": 9, "codigo_original": 3, "classe": "Formação Florestal", "cor": "#1f8d49", "area_ha": 0.083426066101808097 }, "geometry": { "type": "Polygon", "coordinates": [ [ [ -45.083210174935964, -21.201408515090066 ], [ -45.082940680350731, -21.201408515090062 ], [ -45.082940680350731, -21.201678009675295 ], [ -45.083210174935964, -21.201678009675291 ], [ -45.083210174935964, -21.201408515090066 ] ] ] } },
{ "type": "Feature", "properties": { "id_feicao": "fogo_2017_158", "ano": 2017.0, "mes": 9, "codigo_original": 3, "classe": "Formação Florestal", "cor": "#1f8d49", "area_ha": 0.083426208862569184 }, "geometry": { "type": "Polygon", "coordinates": [ [ [ -45.081593207424547, -21.201139020504829 ], [ -45.081323712839314, -21.201139020504826 ], [ -45.081323712839314, -21.201408515090066 ], [ -45.081593207424547, -21.201408515090062 ], [ -45.081593207424547, -21.201139020504829 ] ] ] } },
{ "type": "Feature", "properties": { "id_feicao": "fogo_2017_159", "ano": 2017.0, "mes": 9, "codigo_original": 3, "classe": "Formação Florestal", "cor": "#1f8d49", "area_ha": 0.50055819563598014 }, "geometry": { "type": "Polygon", "coordinates": [ [ [ -45.083749164106436, -21.201408515090062 ], [ -45.083749164106436, -21.201139020504826 ], [ -45.084018658691676, -21.201139020504826 ], [ -45.084018658691676, -21.200869525919593 ], [ -45.084288153276908, -21.20086952591959 ], [ -45.084288153276908, -21.200600031334361 ], [ -45.083749164106436, -21.200600031334357 ], [ -45.083749164106436, -21.200869525919597 ], [ -45.083479669521203, -21.20086952591959 ], [ -45.083479669521203, -21.201139020504826 ], [ -45.083210174935964, -21.201139020504822 ], [ -45.083210174935964, -21.201408515090066 ], [ -45.083749164106436, -21.201408515090062 ] ] ] } },
{ "type": "Feature", "properties": { "id_feicao": "fogo_2017_160", "ano": 2017.0, "mes": 9, "codigo_original": 3, "classe": "Formação Florestal", "cor": "#1f8d49", "area_ha": 0.083426655836403366 }, "geometry": { "type": "Polygon", "coordinates": [ [ [ -45.081862702009786, -21.200330536749121 ], [ -45.081593207424547, -21.200330536749121 ], [ -45.081593207424547, -21.200600031334364 ], [ -45.081862702009786, -21.200600031334353 ], [ -45.081862702009786, -21.200330536749121 ] ] ] } },
{ "type": "Feature", "properties": { "id_feicao": "fogo_2017_161", "ano": 2017.0, "mes": 9, "codigo_original": 3, "classe": "Formação Florestal", "cor": "#1f8d49", "area_ha": 0.25028063330668954 }, "geometry": { "type": "Polygon", "coordinates": [ [ [ -45.082132196595019, -21.200061042163881 ], [ -45.081862702009786, -21.200061042163885 ], [ -45.081862702009786, -21.200330536749121 ], [ -45.082401691180259, -21.200330536749117 ], [ -45.082401691180259, -21.199791547578648 ], [ -45.082132196595019, -21.199791547578645 ], [ -45.082132196595019, -21.200061042163881 ] ] ] } },
{ "type": "Feature", "properties": { "id_feicao": "fogo_2017_162", "ano": 2017.0, "mes": 9, "codigo_original": 3, "classe": "Formação Florestal", "cor": "#1f8d49", "area_ha": 0.08342725144429132 }, "geometry": { "type": "Polygon", "coordinates": [ [ [ -45.082132196595019, -21.199252558408173 ], [ -45.081862702009786, -21.199252558408173 ], [ -45.081862702009786, -21.199522052993409 ], [ -45.082132196595019, -21.199522052993412 ], [ -45.082132196595019, -21.199252558408173 ] ] ] } },
{ "type": "Feature", "properties": { "id_feicao": "fogo_2017_163", "ano": 2017.0, "mes": 9, "codigo_original": 3, "classe": "Formação Florestal", "cor": "#1f8d49", "area_ha": 0.33370933291409166 }, "geometry": { "type": "Polygon", "coordinates": [ [ [ -45.084288153276908, -21.19898306382294 ], [ -45.083749164106436, -21.198983063822933 ], [ -45.083749164106436, -21.199522052993412 ], [ -45.084288153276908, -21.199522052993409 ], [ -45.084288153276908, -21.19898306382294 ] ] ] } },
{ "type": "Feature", "properties": { "id_feicao": "fogo_2017_164", "ano": 2017.0, "mes": 9, "codigo_original": 3, "classe": "Formação Florestal", "cor": "#1f8d49", "area_ha": 0.25028197713699191 }, "geometry": { "type": "Polygon", "coordinates": [ [ [ -45.082671185765491, -21.19925255840818 ], [ -45.082401691180259, -21.19925255840818 ], [ -45.082401691180259, -21.199522052993409 ], [ -45.082940680350731, -21.199522052993416 ], [ -45.082940680350731, -21.198983063822936 ], [ -45.082671185765491, -21.19898306382294 ], [ -45.082671185765491, -21.19925255840818 ] ] ] } },
{ "type": "Feature", "properties": { "id_feicao": "fogo_2017_165", "ano": 2017.0, "mes": 9, "codigo_original": 3, "classe": "Formação Florestal", "cor": "#1f8d49", "area_ha": 1.0011333226814867 }, "geometry": { "type": "Polygon", "coordinates": [ [ [ -45.084288153276908, -21.198444074652468 ], [ -45.083749164106436, -21.198444074652471 ], [ -45.083749164106436, -21.198174580067228 ], [ -45.083210174935964, -21.198174580067235 ], [ -45.083210174935964, -21.197905085481992 ], [ -45.082671185765491, -21.197905085481999 ], [ -45.082671185765491, -21.198444074652464 ], [ -45.083210174935964, -21.198444074652471 ], [ -45.083210174935964, -21.198983063822933 ], [ -45.083749164106436, -21.198983063822933 ], [ -45.083749164106436, -21.1987135692377 ], [ -45.084288153276908, -21.198713569237707 ], [ -45.084288153276908, -21.198444074652468 ] ] ] } },
{ "type": "Feature", "properties": { "id_feicao": "fogo_2017_166", "ano": 2017.0, "mes": 9, "codigo_original": 3, "classe": "Formação Florestal", "cor": "#1f8d49", "area_ha": 0.083427857044006848 }, "geometry": { "type": "Polygon", "coordinates": [ [ [ -45.085096637032613, -21.198444074652464 ], [ -45.085096637032613, -21.198174580067235 ], [ -45.084827142447381, -21.198174580067239 ], [ -45.084827142447381, -21.198444074652471 ], [ -45.085096637032613, -21.198444074652464 ] ] ] } },
{ "type": "Feature", "properties": { "id_feicao": "fogo_2017_167", "ano": 2017.0, "mes": 9, "codigo_original": 3, "classe": "Formação Florestal", "cor": "#1f8d49", "area_ha": 0.083428154334705323 }, "geometry": { "type": "Polygon", "coordinates": [ [ [ -45.085096637032613, -21.197635590896763 ], [ -45.084827142447381, -21.197635590896759 ], [ -45.084827142447381, -21.197905085481992 ], [ -45.085096637032613, -21.197905085481999 ], [ -45.085096637032613, -21.197635590896763 ] ] ] } },
{ "type": "Feature", "properties": { "id_feicao": "fogo_2017_168", "ano": 2017.0, "mes": 9, "codigo_original": 3, "classe": "Formação Florestal", "cor": "#1f8d49", "area_ha": 0.33339711364181712 }, "geometry": { "type": "Polygon", "coordinates": [ [ [ -45.031197719985443, -21.339659237316056 ], [ -45.03092822540021, -21.339659237316052 ], [ -45.03092822540021, -21.340467721071764 ], [ -45.031197719985443, -21.340467721071764 ], [ -45.031197719985443, -21.340198226486518 ], [ -45.031467214570682, -21.340198226486525 ], [ -45.031467214570682, -21.339928731901299 ], [ -45.031197719985443, -21.339928731901288 ], [ -45.031197719985443, -21.339659237316056 ] ] ] } },
{ "type": "Feature", "properties": { "id_feicao": "fogo_2017_169", "ano": 2017.0, "mes": 9, "codigo_original": 3, "classe": "Formação Florestal", "cor": "#1f8d49", "area_ha": 0.083350175804961305 }, "geometry": { "type": "Polygon", "coordinates": [ [ [ -45.031197719985443, -21.338581258975108 ], [ -45.031197719985443, -21.338311764389871 ], [ -45.03092822540021, -21.338311764389882 ], [ -45.03092822540021, -21.338581258975111 ], [ -45.031197719985443, -21.338581258975108 ] ] ] } },
{ "type": "Feature", "properties": { "id_feicao": "fogo_2017_170", "ano": 2017.0, "mes": 9, "codigo_original": 3, "classe": "Formação Florestal", "cor": "#1f8d49", "area_ha": 0.83350245614135643 }, "geometry": { "type": "Polygon", "coordinates": [ [ [ -45.022573893257899, -21.338042269804642 ], [ -45.023112882428372, -21.338042269804642 ], [ -45.023112882428372, -21.338311764389868 ], [ -45.024190860769309, -21.338311764389879 ], [ -45.024190860769309, -21.33777277521941 ], [ -45.022573893257899, -21.337772775219406 ], [ -45.022573893257899, -21.338042269804642 ] ] ] } },
{ "type": "Feature", "properties": { "id_feicao": "fogo_2017_171", "ano": 2017.0, "mes": 9, "codigo_original": 3, "classe": "Formação Florestal", "cor": "#1f8d49", "area_ha": 0.24740447392342613 }, "geometry": { "type": "Polygon", "coordinates": [ [ [ -45.004517756047093, -21.33399985102611 ], [ -45.003709272291395, -21.333999851026103 ], [ -45.003709272291395, -21.334247627773522 ], [ -45.003865, -21.334263 ], [ -45.003904908895443, -21.334269345967975 ], [ -45.004517756047093, -21.334269345611339 ], [ -45.004517756047093, -21.33399985102611 ] ] ] } },
{ "type": "Feature", "properties": { "id_feicao": "fogo_2017_172", "ano": 2017.0, "mes": 9, "codigo_original": 3, "classe": "Formação Florestal", "cor": "#1f8d49", "area_ha": 0.083352697531129477 }, "geometry": { "type": "Polygon", "coordinates": [ [ [ -45.003709272291395, -21.333999851026103 ], [ -45.003709272291395, -21.333730356440871 ], [ -45.003439777706149, -21.333730356440867 ], [ -45.003439777706149, -21.333999851026107 ], [ -45.003709272291395, -21.333999851026103 ] ] ] } },
{ "type": "Feature", "properties": { "id_feicao": "fogo_2017_173", "ano": 2017.0, "mes": 9, "codigo_original": 3, "classe": "Formação Florestal", "cor": "#1f8d49", "area_ha": 0.026231880506593735 }, "geometry": { "type": "Polygon", "coordinates": [ [ [ -45.002092304779978, -21.333460861855631 ], [ -45.00187293083399, -21.333460861888337 ], [ -45.002034, -21.333621 ], [ -45.002092304779971, -21.333642369662101 ], [ -45.002092304779978, -21.333460861855631 ] ] ] } },
{ "type": "Feature", "properties": { "id_feicao": "fogo_2017_174", "ano": 2017.0, "mes": 9, "codigo_original": 3, "classe": "Formação Florestal", "cor": "#1f8d49", "area_ha": 0.025623249169532208 }, "geometry": { "type": "Polygon", "coordinates": [ [ [ -45.001822810194739, -21.333191367270391 ], [ -45.001610336430957, -21.333191367306434 ], [ -45.001688999999899, -21.333265 ], [ -45.001822810194732, -21.333408145844924 ], [ -45.001822810194739, -21.333191367270391 ] ] ] } },
{ "type": "Feature", "properties": { "id_feicao": "fogo_2017_175", "ano": 2017.0, "mes": 9, "codigo_original": 3, "classe": "Formação Florestal", "cor": "#1f8d49", "area_ha": 0.08335421269750222 }, "geometry": { "type": "Polygon", "coordinates": [ [ [ -45.030119741644498, -21.331035410588516 ], [ -45.029850247059265, -21.331035410588509 ], [ -45.029850247059265, -21.331304905173742 ], [ -45.030119741644498, -21.331304905173738 ], [ -45.030119741644498, -21.331035410588516 ] ] ] } },
{ "type": "Feature", "properties": { "id_feicao": "fogo_2017_176", "ano": 2017.0, "mes": 9, "codigo_original": 3, "classe": "Formação Florestal", "cor": "#1f8d49", "area_ha": 0.16671021880237386 }, "geometry": { "type": "Polygon", "coordinates": [ [ [ -45.029850247059265, -21.329418443077088 ], [ -45.029311257888793, -21.329418443077085 ], [ -45.029311257888793, -21.329687937662332 ], [ -45.029850247059265, -21.329687937662328 ], [ -45.029850247059265, -21.329418443077088 ] ] ] } },
{ "type": "Feature", "properties": { "id_feicao": "fogo_2017_177", "ano": 2017.0, "mes": 9, "codigo_original": 3, "classe": "Formação Florestal", "cor": "#1f8d49", "area_ha": 0.083355558885633951 }, "geometry": { "type": "Polygon", "coordinates": [ [ [ -45.030389236229738, -21.328609959321376 ], [ -45.030119741644498, -21.32860995932138 ], [ -45.030119741644498, -21.328879453906627 ], [ -45.030389236229738, -21.328879453906623 ], [ -45.030389236229738, -21.328609959321376 ] ] ] } },
{ "type": "Feature", "properties": { "id_feicao": "fogo_2017_178", "ano": 2017.0, "mes": 9, "codigo_original": 3, "classe": "Formação Florestal", "cor": "#1f8d49", "area_ha": 0.083356450037192553 }, "geometry": { "type": "Polygon", "coordinates": [ [ [ -45.025538333695494, -21.326992991809973 ], [ -45.025268839110254, -21.326992991809973 ], [ -45.025268839110254, -21.32726248639521 ], [ -45.025538333695494, -21.32726248639521 ], [ -45.025538333695494, -21.326992991809973 ] ] ] } },
{ "type": "Feature", "properties": { "id_feicao": "fogo_2017_179", "ano": 2017.0, "mes": 9, "codigo_original": 3, "classe": "Formação Florestal", "cor": "#1f8d49", "area_ha": 0.25006956879262254 }, "geometry": { "type": "Polygon", "coordinates": [ [ [ -45.026077322865966, -21.326723497224737 ], [ -45.026077322865966, -21.326992991809973 ], [ -45.025807828280726, -21.326992991809973 ], [ -45.025807828280726, -21.32726248639521 ], [ -45.026346817451198, -21.32726248639521 ], [ -45.026346817451198, -21.326723497224741 ], [ -45.026077322865966, -21.326723497224737 ] ] ] } },
{ "type": "Feature", "properties": { "id_feicao": "fogo_2017_180", "ano": 2017.0, "mes": 9, "codigo_original": 3, "classe": "Formação Florestal", "cor": "#1f8d49", "area_ha": 0.08335659365179017 }, "geometry": { "type": "Polygon", "coordinates": [ [ [ -45.019609452820305, -21.326723497224737 ], [ -45.019339958235065, -21.326723497224737 ], [ -45.019339958235065, -21.326992991809973 ], [ -45.019609452820305, -21.326992991809966 ], [ -45.019609452820305, -21.326723497224737 ] ] ] } },
{ "type": "Feature", "properties": { "id_feicao": "fogo_2017_181", "ano": 2017.0, "mes": 9, "codigo_original": 3, "classe": "Formação Florestal", "cor": "#1f8d49", "area_ha": 0.083356591895781457 }, "geometry": { "type": "Polygon", "coordinates": [ [ [ -45.017453496138415, -21.32672349722473 ], [ -45.017184001553183, -21.326723497224737 ], [ -45.017184001553183, -21.326992991809973 ], [ -45.017453496138415, -21.326992991809981 ], [ -45.017453496138415, -21.32672349722473 ] ] ] } },
{ "type": "Feature", "properties": { "id_feicao": "fogo_2017_182", "ano": 2017.0, "mes": 9, "codigo_original": 3, "classe": "Formação Florestal", "cor": "#1f8d49", "area_ha": 0.08335674120136366 }, "geometry": { "type": "Polygon", "coordinates": [ [ [ -45.017184001553183, -21.326723497224737 ], [ -45.017184001553183, -21.326454002639505 ], [ -45.016914506967943, -21.326454002639501 ], [ -45.016914506967943, -21.326723497224737 ], [ -45.017184001553183, -21.326723497224737 ] ] ] } },
{ "type": "Feature", "properties": { "id_feicao": "fogo_2017_183", "ano": 2017.0, "mes": 9, "codigo_original": 3, "classe": "Formação Florestal", "cor": "#1f8d49", "area_ha": 0.16671348102204503 }, "geometry": { "type": "Polygon", "coordinates": [ [ [ -45.016375517797471, -21.326454002639501 ], [ -45.015836528626998, -21.326454002639501 ], [ -45.015836528626998, -21.32672349722473 ], [ -45.016375517797471, -21.326723497224737 ], [ -45.016375517797471, -21.326454002639501 ] ] ] } },
{ "type": "Feature", "properties": { "id_feicao": "fogo_2017_184", "ano": 2017.0, "mes": 9, "codigo_original": 3, "classe": "Formação Florestal", "cor": "#1f8d49", "area_ha": 0.08335689031435177 }, "geometry": { "type": "Polygon", "coordinates": [ [ [ -45.01664501238271, -21.326184508054268 ], [ -45.016375517797471, -21.326184508054265 ], [ -45.016375517797471, -21.326454002639501 ], [ -45.01664501238271, -21.326454002639505 ], [ -45.01664501238271, -21.326184508054268 ] ] ] } },
{ "type": "Feature", "properties": { "id_feicao": "fogo_2017_185", "ano": 2017.0, "mes": 9, "codigo_original": 3, "classe": "Formação Florestal", "cor": "#1f8d49", "area_ha": 0.083360627725134917 }, "geometry": { "type": "Polygon", "coordinates": [ [ [ -45.016914506967943, -21.319716638008604 ], [ -45.016914506967943, -21.319447143423368 ], [ -45.01664501238271, -21.319447143423364 ], [ -45.01664501238271, -21.3197166380086 ], [ -45.016914506967943, -21.319716638008604 ] ] ] } },
{ "type": "Feature", "properties": { "id_feicao": "fogo_2017_186", "ano": 2017.0, "mes": 9, "codigo_original": 3, "classe": "Formação Florestal", "cor": "#1f8d49", "area_ha": 0.083423813841678199 }, "geometry": { "type": "Polygon", "coordinates": [ [ [ -45.077011799475542, -21.205450933868605 ], [ -45.07674230489031, -21.205450933868605 ], [ -45.07674230489031, -21.205720428453837 ], [ -45.077011799475542, -21.205720428453834 ], [ -45.077011799475542, -21.205450933868605 ] ] ] } },
{ "type": "Feature", "properties": { "id_feicao": "fogo_2017_187", "ano": 2017.0, "mes": 9, "codigo_original": 3, "classe": "Formação Florestal", "cor": "#1f8d49", "area_ha": 0.083424259922839708 }, "geometry": { "type": "Polygon", "coordinates": [ [ [ -45.077011799475542, -21.204642450112896 ], [ -45.07674230489031, -21.204642450112893 ], [ -45.07674230489031, -21.204911944698129 ], [ -45.077011799475542, -21.204911944698129 ], [ -45.077011799475542, -21.204642450112896 ] ] ] } },
{ "type": "Feature", "properties": { "id_feicao": "fogo_2017_188", "ano": 2017.0, "mes": 9, "codigo_original": 3, "classe": "Formação Florestal", "cor": "#1f8d49", "area_ha": 0.25027523929812012 }, "geometry": { "type": "Polygon", "coordinates": [ [ [ -45.07647281030507, -21.203564471771951 ], [ -45.07674230489031, -21.203564471771944 ], [ -45.07674230489031, -21.203294977186715 ], [ -45.077011799475542, -21.203294977186715 ], [ -45.077011799475542, -21.203025482601479 ], [ -45.07647281030507, -21.203025482601479 ], [ -45.07647281030507, -21.203564471771951 ] ] ] } },
{ "type": "Feature", "properties": { "id_feicao": "fogo_2017_189", "ano": 2017.0, "mes": 9, "codigo_original": 3, "classe": "Formação Florestal", "cor": "#1f8d49", "area_ha": 0.083425567010976379 }, "geometry": { "type": "Polygon", "coordinates": [ [ [ -45.067309994407047, -21.20221699884577 ], [ -45.067040499821815, -21.20221699884577 ], [ -45.067040499821815, -21.202486493431007 ], [ -45.067309994407047, -21.202486493431007 ], [ -45.067309994407047, -21.20221699884577 ] ] ] } },
{ "type": "Feature", "properties": { "id_feicao": "fogo_2017_190", "ano": 2017.0, "mes": 9, "codigo_original": 3, "classe": "Formação Florestal", "cor": "#1f8d49", "area_ha": 0.33370316493064167 }, "geometry": { "type": "Polygon", "coordinates": [ [ [ -45.06784898357752, -21.201678009675298 ], [ -45.067309994407047, -21.201678009675298 ], [ -45.067309994407047, -21.20221699884577 ], [ -45.06784898357752, -21.202216998845774 ], [ -45.06784898357752, -21.201678009675298 ] ] ] } },
{ "type": "Feature", "properties": { "id_feicao": "fogo_2017_191", "ano": 2017.0, "mes": 9, "codigo_original": 3, "classe": "Formação Florestal", "cor": "#1f8d49", "area_ha": 0.8342623840741813 }, "geometry": { "type": "Polygon", "coordinates": [ [ [ -45.068387972747992, -21.200600031334361 ], [ -45.06784898357752, -21.200600031334357 ], [ -45.06784898357752, -21.20086952591959 ], [ -45.067579488992287, -21.200869525919597 ], [ -45.067579488992287, -21.201408515090066 ], [ -45.06784898357752, -21.201408515090062 ], [ -45.06784898357752, -21.201678009675298 ], [ -45.068387972747992, -21.201678009675298 ], [ -45.068387972747992, -21.200600031334361 ] ] ] } },
{ "type": "Feature", "properties": { "id_feicao": "fogo_2017_192", "ano": 2017.0, "mes": 9, "codigo_original": 4, "classe": "Formação Savânica", "cor": "#7dc975", "area_ha": 0.16664342866382248 }, "geometry": { "type": "Polygon", "coordinates": [ [ [ -45.086174615373558, -21.389785230169924 ], [ -45.086174615373558, -21.390054724755156 ], [ -45.08671360454403, -21.390054724755156 ], [ -45.08671360454403, -21.389785230169924 ], [ -45.086174615373558, -21.389785230169924 ] ] ] } },
{ "type": "Feature", "properties": { "id_feicao": "fogo_2017_193", "ano": 2017.0, "mes": 9, "codigo_original": 4, "classe": "Formação Savânica", "cor": "#7dc975", "area_ha": 0.24996648167633403 }, "geometry": { "type": "Polygon", "coordinates": [ [ [ -45.085366131617853, -21.388707251828979 ], [ -45.085366131617853, -21.389515735584688 ], [ -45.085635626203086, -21.389515735584695 ], [ -45.085635626203086, -21.388707251828979 ], [ -45.085366131617853, -21.388707251828979 ] ] ] } },
{ "type": "Feature", "properties": { "id_feicao": "fogo_2017_194", "ano": 2017.0, "mes": 9, "codigo_original": 4, "classe": "Formação Savânica", "cor": "#7dc975", "area_ha": 0.16664492392813646 }, "geometry": { "type": "Polygon", "coordinates": [ [ [ -45.085635626203086, -21.388437757243739 ], [ -45.085635626203086, -21.388707251828979 ], [ -45.086174615373558, -21.388707251828976 ], [ -45.086174615373558, -21.388437757243743 ], [ -45.085635626203086, -21.388437757243739 ] ] ] } },
{ "type": "Feature", "properties": { "id_feicao": "fogo_2017_195", "ano": 2017.0, "mes": 9, "codigo_original": 4, "classe": "Formação Savânica", "cor": "#7dc975", "area_ha": 0.083350628450127806 }, "geometry": { "type": "Polygon", "coordinates": [ [ [ -45.033623171252565, -21.337503280634166 ], [ -45.033623171252565, -21.337772775219399 ], [ -45.033892665837804, -21.337772775219403 ], [ -45.033892665837804, -21.33750328063417 ], [ -45.033623171252565, -21.337503280634166 ] ] ] } },
{ "type": "Feature", "properties": { "id_feicao": "fogo_2017_196", "ano": 2017.0, "mes": 9, "codigo_original": 4, "classe": "Formação Savânica", "cor": "#7dc975", "area_ha": 0.08335077885051087 }, "geometry": { "type": "Polygon", "coordinates": [ [ [ -45.034162160423037, -21.337233786048934 ], [ -45.034162160423037, -21.337503280634166 ], [ -45.034431655008277, -21.33750328063417 ], [ -45.034431655008277, -21.337233786048923 ], [ -45.034162160423037, -21.337233786048934 ] ] ] } },
{ "type": "Feature", "properties": { "id_feicao": "fogo_2017_197", "ano": 2017.0, "mes": 9, "codigo_original": 4, "classe": "Formação Savânica", "cor": "#7dc975", "area_ha": 0.08335137884241535 }, "geometry": { "type": "Polygon", "coordinates": [ [ [ -45.035240138763982, -21.336155807707986 ], [ -45.035240138763982, -21.336425302293229 ], [ -45.035509633349221, -21.336425302293225 ], [ -45.035509633349221, -21.336155807707989 ], [ -45.035240138763982, -21.336155807707986 ] ] ] } },
{ "type": "Feature", "properties": { "id_feicao": "fogo_2017_198", "ano": 2017.0, "mes": 9, "codigo_original": 4, "classe": "Formação Savânica", "cor": "#7dc975", "area_ha": 0.33340619230836849 }, "geometry": { "type": "Polygon", "coordinates": [ [ [ -45.034970644178749, -21.336425302293232 ], [ -45.034970644178749, -21.33561681853752 ], [ -45.034431655008277, -21.335616818537517 ], [ -45.034431655008277, -21.33588631312276 ], [ -45.034701149593509, -21.335886313122757 ], [ -45.034701149593509, -21.336425302293229 ], [ -45.034970644178749, -21.336425302293232 ] ] ] } },
{ "type": "Feature", "properties": { "id_feicao": "fogo_2017_199", "ano": 2017.0, "mes": 9, "codigo_original": 4, "classe": "Formação Savânica", "cor": "#7dc975", "area_ha": 0.083352120361354462 }, "geometry": { "type": "Polygon", "coordinates": [ [ [ -45.03092822540021, -21.334808334781815 ], [ -45.03092822540021, -21.335077829367041 ], [ -45.031197719985443, -21.335077829367037 ], [ -45.031197719985443, -21.334808334781808 ], [ -45.03092822540021, -21.334808334781815 ] ] ] } },
{ "type": "Feature", "properties": { "id_feicao": "fogo_2017_200", "ano": 2017.0, "mes": 9, "codigo_original": 4, "classe": "Formação Savânica", "cor": "#7dc975", "area_ha": 0.083352579343326738 }, "geometry": { "type": "Polygon", "coordinates": [ [ [ -45.037665590031104, -21.333999851026107 ], [ -45.037665590031104, -21.334269345611332 ], [ -45.037935084616343, -21.334269345611339 ], [ -45.037935084616343, -21.333999851026103 ], [ -45.037665590031104, -21.333999851026107 ] ] ] } },
{ "type": "Feature", "properties": { "id_feicao": "fogo_2017_201", "ano": 2017.0, "mes": 9, "codigo_original": 4, "classe": "Formação Savânica", "cor": "#7dc975", "area_ha": 0.16670198292186086 }, "geometry": { "type": "Polygon", "coordinates": [ [ [ -45.025268839110254, -21.336694796878461 ], [ -45.025268839110254, -21.337233786048937 ], [ -45.025538333695494, -21.337233786048941 ], [ -45.025538333695494, -21.336694796878458 ], [ -45.025268839110254, -21.336694796878461 ] ] ] } },
{ "type": "Feature", "properties": { "id_feicao": "fogo_2017_202", "ano": 2017.0, "mes": 9, "codigo_original": 4, "classe": "Formação Savânica", "cor": "#7dc975", "area_ha": 0.083351216756721289 }, "geometry": { "type": "Polygon", "coordinates": [ [ [ -45.026077322865966, -21.336425302293225 ], [ -45.026077322865966, -21.336694796878465 ], [ -45.026346817451198, -21.336694796878469 ], [ -45.026346817451198, -21.336425302293222 ], [ -45.026077322865966, -21.336425302293225 ] ] ] } },
{ "type": "Feature", "properties": { "id_feicao": "fogo_2017_203", "ano": 2017.0, "mes": 9, "codigo_original": 4, "classe": "Formação Savânica", "cor": "#7dc975", "area_ha": 0.083351372492963371 }, "geometry": { "type": "Polygon", "coordinates": [ [ [ -45.03092822540021, -21.336155807707993 ], [ -45.03092822540021, -21.336425302293222 ], [ -45.031197719985443, -21.336425302293222 ], [ -45.031197719985443, -21.336155807707982 ], [ -45.03092822540021, -21.336155807707993 ] ] ] } },
{ "type": "Feature", "properties": { "id_feicao": "fogo_2017_204", "ano": 2017.0, "mes": 9, "codigo_original": 4, "classe": "Formação Savânica", "cor": "#7dc975", "area_ha": 0.083351366027200377 }, "geometry": { "type": "Polygon", "coordinates": [ [ [ -45.025807828280726, -21.336155807707989 ], [ -45.025807828280726, -21.336425302293222 ], [ -45.026077322865966, -21.336425302293225 ], [ -45.026077322865966, -21.336155807707986 ], [ -45.025807828280726, -21.336155807707989 ] ] ] } },
{ "type": "Feature", "properties": { "id_feicao": "fogo_2017_205", "ano": 2017.0, "mes": 9, "codigo_original": 4, "classe": "Formação Savânica", "cor": "#7dc975", "area_ha": 0.083351365412891704 }, "geometry": { "type": "Polygon", "coordinates": [ [ [ -45.025268839110254, -21.336155807707996 ], [ -45.025268839110254, -21.336425302293225 ], [ -45.025538333695494, -21.336425302293218 ], [ -45.025538333695494, -21.336155807707989 ], [ -45.025268839110254, -21.336155807707996 ] ] ] } },
{ "type": "Feature", "properties": { "id_feicao": "fogo_2017_206", "ano": 2017.0, "mes": 9, "codigo_original": 4, "classe": "Formação Savânica", "cor": "#7dc975", "area_ha": 0.083351520611898031 }, "geometry": { "type": "Polygon", "coordinates": [ [ [ -45.029850247059265, -21.335886313122757 ], [ -45.029850247059265, -21.336155807707989 ], [ -45.030119741644498, -21.336155807707993 ], [ -45.030119741644498, -21.335886313122746 ], [ -45.029850247059265, -21.335886313122757 ] ] ] } },
{ "type": "Feature", "properties": { "id_feicao": "fogo_2017_207", "ano": 2017.0, "mes": 9, "codigo_original": 4, "classe": "Formação Savânica", "cor": "#7dc975", "area_ha": 0.083351515292655678 }, "geometry": { "type": "Polygon", "coordinates": [ [ [ -45.025538333695494, -21.336155807707989 ], [ -45.025807828280726, -21.336155807707989 ], [ -45.025807828280726, -21.335886313122753 ], [ -45.025538333695494, -21.33588631312276 ], [ -45.025538333695494, -21.336155807707989 ] ] ] } },
{ "type": "Feature", "properties": { "id_feicao": "fogo_2017_208", "ano": 2017.0, "mes": 9, "codigo_original": 4, "classe": "Formação Savânica", "cor": "#7dc975", "area_ha": 0.08335166548993439 }, "geometry": { "type": "Polygon", "coordinates": [ [ [ -45.026077322865966, -21.335886313122749 ], [ -45.026346817451198, -21.335886313122757 ], [ -45.026346817451198, -21.33561681853751 ], [ -45.026077322865966, -21.335616818537517 ], [ -45.026077322865966, -21.335886313122749 ] ] ] } },
{ "type": "Feature", "properties": { "id_feicao": "fogo_2017_209", "ano": 2017.0, "mes": 9, "codigo_original": 12, "classe": "Formação Campestre", "cor": "#d6bc74", "area_ha": 33.58586306722222 }, "geometry": { "type": "Polygon", "coordinates": [ [ [ -45.103152774243419, -21.387629273488031 ], [ -45.103152774243419, -21.387359778902802 ], [ -45.102613785072947, -21.387359778902802 ], [ -45.102613785072947, -21.387898768073274 ], [ -45.102344290487714, -21.387898768073271 ], [ -45.102344290487714, -21.387629273488049 ], [ -45.101805301317242, -21.387629273488034 ], [ -45.101805301317242, -21.387090284317569 ], [ -45.10126631214677, -21.387090284317569 ], [ -45.10126631214677, -21.3865512951471 ], [ -45.099918839220585, -21.386551295147093 ], [ -45.099918839220585, -21.387898768073278 ], [ -45.100188333805825, -21.387898768073274 ], [ -45.100188333805825, -21.388168262658517 ], [ -45.100457828391058, -21.388168262658514 ], [ -45.100457828391058, -21.388437757243747 ], [ -45.101535806732002, -21.388437757243736 ], [ -45.101535806732002, -21.390324219340393 ], [ -45.101805301317242, -21.390324219340396 ], [ -45.101805301317242, -21.391132703096112 ], [ -45.101535806732002, -21.391132703096108 ], [ -45.101535806732002, -21.394636132704168 ], [ -45.101805301317242, -21.394636132704175 ], [ -45.101805301317242, -21.394905627289408 ], [ -45.102026995643698, -21.394905627677247 ], [ -45.102213999999897, -21.394816999999897 ], [ -45.102451, -21.394683 ], [ -45.102688, -21.394515 ], [ -45.102999, -21.394336 ], [ -45.103282, -21.394272 ], [ -45.103541999999898, -21.394219 ], [ -45.103901, -21.394075999999892 ], [ -45.104236, -21.393909999999895 ], [ -45.104472, -21.393822 ], [ -45.104719, -21.393723 ], [ -45.104967, -21.393646999999898 ], [ -45.105202, -21.393582 ], [ -45.105308730925266, -21.393568984079263 ], [ -45.105308730925309, -21.393558154363237 ], [ -45.105397532322819, -21.393558154625104 ], [ -45.105448, -21.393552 ], [ -45.105695, -21.393499 ], [ -45.105968, -21.393389 ], [ -45.106203, -21.393301 ], [ -45.106386709263624, -21.393179302360569 ], [ -45.106386709266246, -21.392749670607522 ], [ -45.105847720095774, -21.392749670607525 ], [ -45.105847720095774, -21.391671692266574 ], [ -45.105578225510541, -21.391671692266577 ], [ -45.105578225510541, -21.391402197681341 ], [ -45.105308730925309, -21.391402197681344 ], [ -45.105308730925309, -21.390863208510872 ], [ -45.105847720095774, -21.390863208510872 ], [ -45.105847720095774, -21.390324219340396 ], [ -45.105308730925309, -21.3903242193404 ], [ -45.105308730925309, -21.389515735584695 ], [ -45.105578225510541, -21.389515735584684 ], [ -45.105578225510541, -21.389246240999455 ], [ -45.105308730925309, -21.389246240999462 ], [ -45.105308730925309, -21.388976746414226 ], [ -45.104769741754836, -21.388976746414219 ], [ -45.104769741754836, -21.388707251828983 ], [ -45.104230752584364, -21.388707251828979 ], [ -45.104230752584364, -21.387898768073271 ], [ -45.105039236340069, -21.387898768073281 ], [ -45.105039236340069, -21.387629273488042 ], [ -45.105308730925309, -21.387629273488045 ], [ -45.105308730925309, -21.387359778902805 ], [ -45.105578225510541, -21.387359778902802 ], [ -45.105578225510541, -21.386551295147097 ], [ -45.104769741754836, -21.38655129514709 ], [ -45.104769741754836, -21.387359778902798 ], [ -45.103422268828652, -21.387359778902805 ], [ -45.103422268828652, -21.387898768073274 ], [ -45.10288327965818, -21.387898768073274 ], [ -45.10288327965818, -21.387629273488045 ], [ -45.103152774243419, -21.387629273488031 ] ] ] } },
{ "type": "Feature", "properties": { "id_feicao": "fogo_2017_210", "ano": 2017.0, "mes": 9, "codigo_original": 12, "classe": "Formação Campestre", "cor": "#d6bc74", "area_ha": 0.16665436731335032 }, "geometry": { "type": "Polygon", "coordinates": [ [ [ -45.103961257999124, -21.380352919686672 ], [ -45.103961257999124, -21.380083425101439 ], [ -45.103422268828652, -21.380083425101429 ], [ -45.103422268828652, -21.380352919686672 ], [ -45.103961257999124, -21.380352919686672 ] ] ] } },
{ "type": "Feature", "properties": { "id_feicao": "fogo_2017_211", "ano": 2017.0, "mes": 9, "codigo_original": 12, "classe": "Formação Campestre", "cor": "#d6bc74", "area_ha": 0.083327342898928958 }, "geometry": { "type": "Polygon", "coordinates": [ [ [ -45.105847720095774, -21.380083425101432 ], [ -45.105847720095774, -21.379813930516196 ], [ -45.105578225510541, -21.379813930516207 ], [ -45.105578225510541, -21.380083425101439 ], [ -45.105847720095774, -21.380083425101432 ] ] ] } },
{ "type": "Feature", "properties": { "id_feicao": "fogo_2017_212", "ano": 2017.0, "mes": 9, "codigo_original": 12, "classe": "Formação Campestre", "cor": "#d6bc74", "area_ha": 0.91660562183716687 }, "geometry": { "type": "Polygon", "coordinates": [ [ [ -45.104500247169597, -21.378735952175262 ], [ -45.104500247169597, -21.379274941345734 ], [ -45.105578225510541, -21.379274941345731 ], [ -45.105578225510541, -21.379544435930953 ], [ -45.105847720095774, -21.379544435930967 ], [ -45.105847720095774, -21.378735952175262 ], [ -45.104500247169597, -21.378735952175262 ] ] ] } },
{ "type": "Feature", "properties": { "id_feicao": "fogo_2017_213", "ano": 2017.0, "mes": 9, "codigo_original": 12, "classe": "Formação Campestre", "cor": "#d6bc74", "area_ha": 3.8339954205409534 }, "geometry": { "type": "Polygon", "coordinates": [ [ [ -45.129024254426071, -21.3445101398503 ], [ -45.129024254426071, -21.344240645265067 ], [ -45.129293749011296, -21.344240645265071 ], [ -45.129293749011296, -21.344510139850307 ], [ -45.129563243596529, -21.344510139850303 ], [ -45.129563243596529, -21.343432161509348 ], [ -45.129293749011296, -21.343432161509355 ], [ -45.129293749011296, -21.342893172338883 ], [ -45.129024254426071, -21.342893172338893 ], [ -45.129024254426071, -21.342354183168425 ], [ -45.127676781499879, -21.342354183168425 ], [ -45.127676781499879, -21.343971150679835 ], [ -45.127946276085126, -21.343971150679828 ], [ -45.127946276085126, -21.344240645265067 ], [ -45.128215770670352, -21.344240645265064 ], [ -45.128215770670352, -21.344510139850307 ], [ -45.129024254426071, -21.3445101398503 ] ] ] } },
{ "type": "Feature", "properties": { "id_feicao": "fogo_2017_214", "ano": 2017.0, "mes": 9, "codigo_original": 12, "classe": "Formação Campestre", "cor": "#d6bc74", "area_ha": 4.1677884920894703 }, "geometry": { "type": "Polygon", "coordinates": [ [ [ -45.165945012603373, -21.328609959321383 ], [ -45.165945012603373, -21.32887945390662 ], [ -45.166214507188606, -21.328879453906623 ], [ -45.166214507188606, -21.329418443077095 ], [ -45.16756198011479, -21.329418443077092 ], [ -45.16756198011479, -21.329687937662335 ], [ -45.168639958455735, -21.329687937662325 ], [ -45.168639958455735, -21.32887945390662 ], [ -45.169987431381912, -21.328879453906616 ], [ -45.169987431381912, -21.328340464736154 ], [ -45.166753496359078, -21.328340464736151 ], [ -45.166753496359078, -21.328609959321383 ], [ -45.166484001773846, -21.328609959321383 ], [ -45.166484001773846, -21.328340464736147 ], [ -45.166214507188606, -21.328340464736147 ], [ -45.166214507188606, -21.328609959321387 ], [ -45.165945012603373, -21.328609959321383 ] ] ] } },
{ "type": "Feature", "properties": { "id_feicao": "fogo_2017_215", "ano": 2017.0, "mes": 9, "codigo_original": 12, "classe": "Formação Campestre", "cor": "#d6bc74", "area_ha": 0.2500688863065752 }, "geometry": { "type": "Polygon", "coordinates": [ [ [ -45.165945012603373, -21.328609959321383 ], [ -45.165945012603373, -21.328340464736144 ], [ -45.165136528847668, -21.328340464736151 ], [ -45.165136528847668, -21.328609959321383 ], [ -45.165945012603373, -21.328609959321383 ] ] ] } },
{ "type": "Feature", "properties": { "id_feicao": "fogo_2017_216", "ano": 2017.0, "mes": 9, "codigo_original": 12, "classe": "Formação Campestre", "cor": "#d6bc74", "area_ha": 0.15996889692493896 }, "geometry": { "type": "Polygon", "coordinates": [ [ [ -45.167532901529299, -21.325106529757406 ], [ -45.167536, -21.324964 ], [ -45.167557160828544, -21.324837035135747 ], [ -45.167022990944318, -21.324837035128095 ], [ -45.167022990944318, -21.325106529713324 ], [ -45.167532901529299, -21.325106529757406 ] ] ] } },
{ "type": "Feature", "properties": { "id_feicao": "fogo_2017_217", "ano": 2017.0, "mes": 9, "codigo_original": 12, "classe": "Formação Campestre", "cor": "#d6bc74", "area_ha": 0.083428892841206748 }, "geometry": { "type": "Polygon", "coordinates": [ [ [ -45.117166492675686, -21.196827107141051 ], [ -45.117166492675686, -21.196557612555811 ], [ -45.116896998090446, -21.196557612555811 ], [ -45.116896998090446, -21.196827107141051 ], [ -45.117166492675686, -21.196827107141051 ] ] ] } },
{ "type": "Feature", "properties": { "id_feicao": "fogo_2017_218", "ano": 2017.0, "mes": 9, "codigo_original": 12, "classe": "Formação Campestre", "cor": "#d6bc74", "area_ha": 1.3348690653903894 }, "geometry": { "type": "Polygon", "coordinates": [ [ [ -45.116896998090446, -21.196557612555811 ], [ -45.116896998090446, -21.196288117970578 ], [ -45.116627503505214, -21.196288117970582 ], [ -45.116627503505214, -21.195749128800106 ], [ -45.116358008919974, -21.195749128800109 ], [ -45.116358008919974, -21.194940645044404 ], [ -45.115819019749502, -21.194940645044394 ], [ -45.115819019749502, -21.196288117970582 ], [ -45.116358008919974, -21.196288117970578 ], [ -45.116358008919974, -21.197096601726283 ], [ -45.116627503505214, -21.19709660172629 ], [ -45.116627503505214, -21.196557612555821 ], [ -45.116896998090446, -21.196557612555811 ] ] ] } },
{ "type": "Feature", "properties": { "id_feicao": "fogo_2017_219", "ano": 2017.0, "mes": 9, "codigo_original": 12, "classe": "Formação Campestre", "cor": "#d6bc74", "area_ha": 0.33371765221846506 }, "geometry": { "type": "Polygon", "coordinates": [ [ [ -45.117166492675686, -21.196288117970582 ], [ -45.117166492675686, -21.195210139629637 ], [ -45.116896998090446, -21.195210139629641 ], [ -45.116896998090446, -21.196288117970578 ], [ -45.117166492675686, -21.196288117970582 ] ] ] } },
{ "type": "Feature", "properties": { "id_feicao": "fogo_2017_220", "ano": 2017.0, "mes": 9, "codigo_original": 12, "classe": "Formação Campestre", "cor": "#d6bc74", "area_ha": 0.41716449196069205 }, "geometry": { "type": "Polygon", "coordinates": [ [ [ -45.115819019749502, -21.19008974251016 ], [ -45.115819019749502, -21.188742269583976 ], [ -45.115549525164269, -21.188742269583976 ], [ -45.115549525164269, -21.190089742510157 ], [ -45.115819019749502, -21.19008974251016 ] ] ] } },
{ "type": "Feature", "properties": { "id_feicao": "fogo_2017_221", "ano": 2017.0, "mes": 9, "codigo_original": 12, "classe": "Formação Campestre", "cor": "#d6bc74", "area_ha": 0.33373487074152325 }, "geometry": { "type": "Polygon", "coordinates": [ [ [ -45.116358008919974, -21.1882032804135 ], [ -45.116358008919974, -21.187664291243028 ], [ -45.115819019749502, -21.187664291243038 ], [ -45.115819019749502, -21.188203280413507 ], [ -45.116358008919974, -21.1882032804135 ] ] ] } },
{ "type": "Feature", "properties": { "id_feicao": "fogo_2017_222", "ano": 2017.0, "mes": 9, "codigo_original": 12, "classe": "Formação Campestre", "cor": "#d6bc74", "area_ha": 0.083433942641969502 }, "geometry": { "type": "Polygon", "coordinates": [ [ [ -45.116627503505214, -21.187664291243031 ], [ -45.116627503505214, -21.187394796657795 ], [ -45.116358008919974, -21.187394796657792 ], [ -45.116358008919974, -21.187664291243028 ], [ -45.116627503505214, -21.187664291243031 ] ] ] } },
{ "type": "Feature", "properties": { "id_feicao": "fogo_2017_223", "ano": 2017.0, "mes": 9, "codigo_original": 12, "classe": "Formação Campestre", "cor": "#d6bc74", "area_ha": 0.16686863093329121 }, "geometry": { "type": "Polygon", "coordinates": [ [ [ -45.116896998090446, -21.187125302072559 ], [ -45.116896998090446, -21.186586312902087 ], [ -45.116627503505214, -21.186586312902083 ], [ -45.116627503505214, -21.187125302072559 ], [ -45.116896998090446, -21.187125302072559 ] ] ] } },
{ "type": "Feature", "properties": { "id_feicao": "fogo_2017_224", "ano": 2017.0, "mes": 9, "codigo_original": 12, "classe": "Formação Campestre", "cor": "#d6bc74", "area_ha": 0.16686868426920845 }, "geometry": { "type": "Polygon", "coordinates": [ [ [ -45.107464687607191, -21.186586312902087 ], [ -45.106925698436719, -21.186586312902083 ], [ -45.106925698436719, -21.186855807487319 ], [ -45.107464687607191, -21.18685580748733 ], [ -45.107464687607191, -21.186586312902087 ] ] ] } },
{ "type": "Feature", "properties": { "id_feicao": "fogo_2017_225", "ano": 2017.0, "mes": 9, "codigo_original": 12, "classe": "Formação Campestre", "cor": "#d6bc74", "area_ha": 1.4183987106713467 }, "geometry": { "type": "Polygon", "coordinates": [ [ [ -45.110429128044785, -21.186047323731618 ], [ -45.10962064428908, -21.186047323731618 ], [ -45.10962064428908, -21.185777829146385 ], [ -45.108273171362903, -21.185777829146385 ], [ -45.108273171362903, -21.186047323731614 ], [ -45.107464687607191, -21.186047323731618 ], [ -45.107464687607191, -21.186586312902087 ], [ -45.107734182192431, -21.18658631290209 ], [ -45.107734182192431, -21.186316818316854 ], [ -45.110429128044785, -21.18631681831685 ], [ -45.110429128044785, -21.186047323731618 ] ] ] } },
{ "type": "Feature", "properties": { "id_feicao": "fogo_2017_226", "ano": 2017.0, "mes": 9, "codigo_original": 12, "classe": "Formação Campestre", "cor": "#d6bc74", "area_ha": 0.33373922451699362 }, "geometry": { "type": "Polygon", "coordinates": [ [ [ -45.11150710638573, -21.186047323731621 ], [ -45.11150710638573, -21.185777829146392 ], [ -45.110429128044785, -21.185777829146382 ], [ -45.110429128044785, -21.186047323731618 ], [ -45.11150710638573, -21.186047323731621 ] ] ] } },
{ "type": "Feature", "properties": { "id_feicao": "fogo_2017_227", "ano": 2017.0, "mes": 9, "codigo_original": 12, "classe": "Formação Campestre", "cor": "#d6bc74", "area_ha": 0.083435113311260647 }, "geometry": { "type": "Polygon", "coordinates": [ [ [ -45.113124073897147, -21.185508334561153 ], [ -45.113124073897147, -21.185238839975913 ], [ -45.112854579311907, -21.185238839975913 ], [ -45.112854579311907, -21.185508334561142 ], [ -45.113124073897147, -21.185508334561153 ] ] ] } },
{ "type": "Feature", "properties": { "id_feicao": "fogo_2017_228", "ano": 2017.0, "mes": 9, "codigo_original": 12, "classe": "Formação Campestre", "cor": "#d6bc74", "area_ha": 3.0871081798844431 }, "geometry": { "type": "Polygon", "coordinates": [ [ [ -45.115819019749502, -21.185238839975916 ], [ -45.115819019749502, -21.18496934539068 ], [ -45.115010535993797, -21.18496934539067 ], [ -45.115010535993797, -21.185238839975906 ], [ -45.114202052238092, -21.185238839975916 ], [ -45.114202052238092, -21.184969345390673 ], [ -45.113663063067619, -21.184969345390673 ], [ -45.113663063067619, -21.185508334561156 ], [ -45.114471546823324, -21.185508334561153 ], [ -45.114471546823324, -21.185777829146385 ], [ -45.112315590141435, -21.185777829146378 ], [ -45.112315590141435, -21.185508334561149 ], [ -45.111776600970963, -21.185508334561156 ], [ -45.111776600970963, -21.186047323731618 ], [ -45.114741041408557, -21.186047323731614 ], [ -45.114741041408557, -21.185777829146378 ], [ -45.115280030579029, -21.185777829146385 ], [ -45.115280030579029, -21.185508334561145 ], [ -45.116896998090446, -21.185508334561145 ], [ -45.116896998090446, -21.184430356220197 ], [ -45.116627503505214, -21.184430356220194 ], [ -45.116627503505214, -21.18469985080544 ], [ -45.116358008919974, -21.184699850805437 ], [ -45.116358008919974, -21.184969345390677 ], [ -45.116627503505214, -21.184969345390673 ], [ -45.116627503505214, -21.185238839975909 ], [ -45.115819019749502, -21.185238839975916 ] ] ] } },
{ "type": "Feature", "properties": { "id_feicao": "fogo_2017_229", "ano": 2017.0, "mes": 9, "codigo_original": 12, "classe": "Formação Campestre", "cor": "#d6bc74", "area_ha": 0.16687145781145155 }, "geometry": { "type": "Polygon", "coordinates": [ [ [ -45.117435987260919, -21.184430356220201 ], [ -45.117435987260919, -21.184160861634968 ], [ -45.116896998090446, -21.184160861634965 ], [ -45.116896998090446, -21.184430356220197 ], [ -45.117435987260919, -21.184430356220201 ] ] ] } },
{ "type": "Feature", "properties": { "id_feicao": "fogo_2017_230", "ano": 2017.0, "mes": 9, "codigo_original": 12, "classe": "Formação Campestre", "cor": "#d6bc74", "area_ha": 0.083438426164216248 }, "geometry": { "type": "Polygon", "coordinates": [ [ [ -45.12174790062469, -21.17957945368596 ], [ -45.12174790062469, -21.179309959100724 ], [ -45.121478406039458, -21.179309959100724 ], [ -45.121478406039458, -21.17957945368596 ], [ -45.12174790062469, -21.17957945368596 ] ] ] } },
{ "type": "Feature", "properties": { "id_feicao": "fogo_2017_231", "ano": 2017.0, "mes": 9, "codigo_original": 12, "classe": "Formação Campestre", "cor": "#d6bc74", "area_ha": 0.25032156896579272 }, "geometry": { "type": "Polygon", "coordinates": [ [ [ -45.124981835647525, -21.17607602407789 ], [ -45.124981835647525, -21.175267540322189 ], [ -45.124712341062292, -21.175267540322185 ], [ -45.124712341062292, -21.17607602407789 ], [ -45.124981835647525, -21.17607602407789 ] ] ] } },
{ "type": "Feature", "properties": { "id_feicao": "fogo_2017_232", "ano": 2017.0, "mes": 9, "codigo_original": 12, "classe": "Formação Campestre", "cor": "#d6bc74", "area_ha": 0.08344081848405531 }, "geometry": { "type": "Polygon", "coordinates": [ [ [ -45.124712341062292, -21.175267540322185 ], [ -45.124712341062292, -21.174998045736945 ], [ -45.124442846477052, -21.174998045736949 ], [ -45.124442846477052, -21.175267540322196 ], [ -45.124712341062292, -21.175267540322185 ] ] ] } },
{ "type": "Feature", "properties": { "id_feicao": "fogo_2017_233", "ano": 2017.0, "mes": 9, "codigo_original": 12, "classe": "Formação Campestre", "cor": "#d6bc74", "area_ha": 9.0584509277638041 }, "geometry": { "type": "Polygon", "coordinates": [ [ [ -45.091025517907802, -21.394905627289404 ], [ -45.091295012493042, -21.394905627289415 ], [ -45.091295012493042, -21.39571411104512 ], [ -45.091564507078274, -21.395714111045116 ], [ -45.091564507076086, -21.396617346092786 ], [ -45.091633, -21.396604 ], [ -45.091892, -21.396550999999896 ], [ -45.092174999999898, -21.39651 ], [ -45.092496, -21.39647 ], [ -45.092962999999898, -21.396432999999895 ], [ -45.09321, -21.396414 ], [ -45.093542, -21.396374 ], [ -45.09385, -21.396344999999897 ], [ -45.094108999999897, -21.396315 ], [ -45.094355, -21.396285 ], [ -45.094528947515798, -21.396272272170812 ], [ -45.094528947515869, -21.396253100215585 ], [ -45.094705754902108, -21.396253100548577 ], [ -45.09491, -21.396226 ], [ -45.095156, -21.396196 ], [ -45.095337431271076, -21.396177441106392 ], [ -45.095337431271581, -21.395714111045109 ], [ -45.093989958345396, -21.395714111045109 ], [ -45.093989958345396, -21.3949056272894 ], [ -45.093720463760164, -21.3949056272894 ], [ -45.093720463760164, -21.393827648948463 ], [ -45.093450969174924, -21.393827648948459 ], [ -45.093450969174924, -21.39355815436323 ], [ -45.093181474589692, -21.393558154363223 ], [ -45.093181474589692, -21.393288659777991 ], [ -45.092103496248747, -21.393288659777991 ], [ -45.092103496248747, -21.393827648948466 ], [ -45.091834001663514, -21.393827648948463 ], [ -45.091834001663514, -21.394097143533699 ], [ -45.091564507078274, -21.394097143533703 ], [ -45.091564507078274, -21.394366638118939 ], [ -45.091025517907802, -21.394366638118946 ], [ -45.091025517907802, -21.394905627289404 ] ] ] } },
{ "type": "Feature", "properties": { "id_feicao": "fogo_2017_234", "ano": 2017.0, "mes": 9, "codigo_original": 12, "classe": "Formação Campestre", "cor": "#d6bc74", "area_ha": 18.996761838893498 }, "geometry": { "type": "Polygon", "coordinates": [ [ [ -45.079437250742671, -21.395983605630345 ], [ -45.081054218254089, -21.395983605630356 ], [ -45.081054218254089, -21.395714111045113 ], [ -45.081593207424547, -21.395714111045116 ], [ -45.081593207424547, -21.395983605630352 ], [ -45.082940680350731, -21.395983605630356 ], [ -45.082940680350731, -21.395444616459887 ], [ -45.083210174935964, -21.39544461645988 ], [ -45.083210174935964, -21.395175121874637 ], [ -45.082940680350731, -21.395175121874647 ], [ -45.082940680350731, -21.3949056272894 ], [ -45.082132196595019, -21.3949056272894 ], [ -45.082132196595019, -21.395175121874637 ], [ -45.081862702009786, -21.395175121874637 ], [ -45.081862702009786, -21.394636132704175 ], [ -45.082132196595019, -21.394636132704164 ], [ -45.082132196595019, -21.394366638118939 ], [ -45.081593207424547, -21.394366638118939 ], [ -45.081593207424547, -21.394636132704175 ], [ -45.081323712839314, -21.394636132704171 ], [ -45.081323712839314, -21.394366638118932 ], [ -45.081054218254089, -21.394366638118932 ], [ -45.081054218254089, -21.394636132704175 ], [ -45.080784723668842, -21.394636132704175 ], [ -45.080784723668842, -21.394097143533699 ], [ -45.079437250742671, -21.394097143533703 ], [ -45.079437250742671, -21.393827648948456 ], [ -45.079167756157425, -21.393827648948459 ], [ -45.079167756157425, -21.393019165192751 ], [ -45.077011799475542, -21.393019165192751 ], [ -45.077011799475542, -21.393288659777998 ], [ -45.077281294060782, -21.393288659777991 ], [ -45.077281294060782, -21.39382764894847 ], [ -45.077011799475542, -21.393827648948456 ], [ -45.077011799475542, -21.39355815436323 ], [ -45.07674230489031, -21.39355815436323 ], [ -45.07674230489031, -21.393827648948459 ], [ -45.07647281030507, -21.39382764894847 ], [ -45.07647281030507, -21.393288659777991 ], [ -45.076203315719837, -21.393288659777991 ], [ -45.076203315719837, -21.393558154363234 ], [ -45.075933821134598, -21.393558154363234 ], [ -45.075933821134598, -21.393288659778001 ], [ -45.075664326549365, -21.393288659777994 ], [ -45.075664326549365, -21.393019165192754 ], [ -45.075394831964125, -21.393019165192758 ], [ -45.075394831964125, -21.392749670607525 ], [ -45.074316853623181, -21.392749670607515 ], [ -45.074316853623181, -21.394097143533703 ], [ -45.075933821134598, -21.394097143533703 ], [ -45.075933821134598, -21.395983605630349 ], [ -45.079167756157425, -21.395983605630349 ], [ -45.079167756157425, -21.395714111045113 ], [ -45.079437250742671, -21.39571411104512 ], [ -45.079437250742671, -21.395983605630345 ] ] ] } },
{ "type": "Feature", "properties": { "id_feicao": "fogo_2017_235", "ano": 2017.0, "mes": 9, "codigo_original": 12, "classe": "Formação Campestre", "cor": "#d6bc74", "area_ha": 0.083319447449600056 }, "geometry": { "type": "Polygon", "coordinates": [ [ [ -45.081862702009786, -21.394097143533699 ], [ -45.081862702009786, -21.393827648948459 ], [ -45.081593207424547, -21.39382764894847 ], [ -45.081593207424547, -21.394097143533692 ], [ -45.081862702009786, -21.394097143533699 ] ] ] } },
{ "type": "Feature", "properties": { "id_feicao": "fogo_2017_236", "ano": 2017.0, "mes": 9, "codigo_original": 12, "classe": "Formação Campestre", "cor": "#d6bc74", "area_ha": 18.413652980340903 }, "geometry": { "type": "Polygon", "coordinates": [ [ [ -45.084557647862141, -21.391671692266577 ], [ -45.084288153276908, -21.391671692266581 ], [ -45.084288153276908, -21.39194118685181 ], [ -45.084018658691676, -21.391941186851813 ], [ -45.084018658691676, -21.392210681437046 ], [ -45.084288153276908, -21.392210681437046 ], [ -45.084288153276908, -21.392480176022289 ], [ -45.085366131617853, -21.392480176022282 ], [ -45.085366131617853, -21.393019165192751 ], [ -45.085635626203086, -21.393019165192747 ], [ -45.085635626203086, -21.393288659777994 ], [ -45.085366131617853, -21.393288659777998 ], [ -45.085366131617853, -21.393558154363234 ], [ -45.085096637032613, -21.393558154363227 ], [ -45.085096637032613, -21.394366638118935 ], [ -45.085366131617853, -21.394366638118935 ], [ -45.085366131617853, -21.394636132704168 ], [ -45.086174615373558, -21.394636132704171 ], [ -45.086174615373558, -21.3949056272894 ], [ -45.08671360454403, -21.394905627289408 ], [ -45.08671360454403, -21.39517512187464 ], [ -45.087522088299735, -21.395175121874637 ], [ -45.087522088299735, -21.39571411104512 ], [ -45.088330572055447, -21.39571411104512 ], [ -45.088330572055447, -21.395983605630349 ], [ -45.087791582884975, -21.395983605630349 ], [ -45.087791582884975, -21.396253100215596 ], [ -45.088061077470208, -21.396253100215585 ], [ -45.088061077470208, -21.396522594800825 ], [ -45.088330572055447, -21.396522594800818 ], [ -45.088330572055447, -21.396792089386061 ], [ -45.08886956122592, -21.396792089386057 ], [ -45.08886956122592, -21.397061583971293 ], [ -45.089408550396392, -21.397061583971293 ], [ -45.089408550396392, -21.39571411104512 ], [ -45.090756023322569, -21.395714111045116 ], [ -45.090756023322569, -21.395175121874647 ], [ -45.090217034152097, -21.395175121874654 ], [ -45.090217034152097, -21.394905627289408 ], [ -45.089947539566865, -21.394905627289408 ], [ -45.089947539566865, -21.394636132704175 ], [ -45.089408550396392, -21.394636132704175 ], [ -45.089408550396392, -21.394097143533699 ], [ -45.089139055811152, -21.394097143533696 ], [ -45.089139055811152, -21.393827648948463 ], [ -45.087791582884975, -21.393827648948466 ], [ -45.087791582884975, -21.393558154363234 ], [ -45.087522088299735, -21.393558154363227 ], [ -45.087522088299735, -21.393288659777991 ], [ -45.087252593714503, -21.393288659777998 ], [ -45.087252593714503, -21.393019165192751 ], [ -45.086174615373558, -21.393019165192761 ], [ -45.086174615373558, -21.391941186851803 ], [ -45.08671360454403, -21.39194118685181 ], [ -45.08671360454403, -21.391402197681337 ], [ -45.087252593714503, -21.391402197681344 ], [ -45.087252593714503, -21.3903242193404 ], [ -45.08698309912927, -21.390324219340393 ], [ -45.08698309912927, -21.390054724755164 ], [ -45.085366131617853, -21.390054724755156 ], [ -45.085366131617853, -21.390593713925632 ], [ -45.085096637032613, -21.390593713925643 ], [ -45.085096637032613, -21.390863208510872 ], [ -45.084288153276908, -21.390863208510879 ], [ -45.084288153276908, -21.391132703096108 ], [ -45.084557647862141, -21.391132703096105 ], [ -45.084557647862141, -21.391671692266577 ] ], [ [ -45.085635626203086, -21.393558154363234 ], [ -45.085635626203086, -21.393827648948456 ], [ -45.085366131617853, -21.393827648948459 ], [ -45.085366131617853, -21.393558154363234 ], [ -45.085635626203086, -21.393558154363234 ] ] ] } },
{ "type": "Feature", "properties": { "id_feicao": "fogo_2017_237", "ano": 2017.0, "mes": 9, "codigo_original": 12, "classe": "Formação Campestre", "cor": "#d6bc74", "area_ha": 2.1663162607071071 }, "geometry": { "type": "Polygon", "coordinates": [ [ [ -45.073508369867476, -21.393827648948474 ], [ -45.073508369867476, -21.393019165192761 ], [ -45.073777864452708, -21.393019165192751 ], [ -45.073777864452708, -21.392749670607525 ], [ -45.072969380697003, -21.392749670607515 ], [ -45.072969380697003, -21.392480176022282 ], [ -45.071891402356059, -21.392480176022278 ], [ -45.071891402356059, -21.393827648948463 ], [ -45.072969380697003, -21.393827648948466 ], [ -45.072969380697003, -21.393019165192751 ], [ -45.073238875282236, -21.393019165192761 ], [ -45.073238875282236, -21.39382764894847 ], [ -45.073508369867476, -21.393827648948474 ] ] ] } },
{ "type": "Feature", "properties": { "id_feicao": "fogo_2017_238", "ano": 2017.0, "mes": 9, "codigo_original": 12, "classe": "Formação Campestre", "cor": "#d6bc74", "area_ha": 0.24996123713236415 }, "geometry": { "type": "Polygon", "coordinates": [ [ [ -45.079706745327897, -21.391941186851806 ], [ -45.079706745327897, -21.392210681437053 ], [ -45.079437250742671, -21.392210681437046 ], [ -45.079437250742671, -21.392480176022286 ], [ -45.079976239913144, -21.392480176022289 ], [ -45.079976239913144, -21.391941186851806 ], [ -45.079706745327897, -21.391941186851806 ] ] ] } },
{ "type": "Feature", "properties": { "id_feicao": "fogo_2017_239", "ano": 2017.0, "mes": 9, "codigo_original": 12, "classe": "Formação Campestre", "cor": "#d6bc74", "area_ha": 0.083321552746314961 }, "geometry": { "type": "Polygon", "coordinates": [ [ [ -45.083479669521203, -21.3903242193404 ], [ -45.083479669521203, -21.390054724755156 ], [ -45.083210174935964, -21.390054724755153 ], [ -45.083210174935964, -21.390324219340393 ], [ -45.083479669521203, -21.3903242193404 ] ] ] } },
{ "type": "Feature", "properties": { "id_feicao": "fogo_2017_240", "ano": 2017.0, "mes": 9, "codigo_original": 12, "classe": "Formação Campestre", "cor": "#d6bc74", "area_ha": 14.414734369445405 }, "geometry": { "type": "Polygon", "coordinates": [ [ [ -45.087252593714503, -21.388976746414222 ], [ -45.087522088299735, -21.388976746414219 ], [ -45.087522088299735, -21.389246240999455 ], [ -45.087791582884975, -21.389246240999451 ], [ -45.087791582884975, -21.389785230169927 ], [ -45.088061077470208, -21.389785230169938 ], [ -45.088061077470208, -21.390054724755167 ], [ -45.088330572055447, -21.390054724755156 ], [ -45.088330572055447, -21.390324219340393 ], [ -45.08860006664068, -21.390324219340393 ], [ -45.08860006664068, -21.390593713925636 ], [ -45.08886956122592, -21.390593713925632 ], [ -45.08886956122592, -21.390324219340389 ], [ -45.089139055811152, -21.390324219340393 ], [ -45.089139055811152, -21.39005472475516 ], [ -45.08860006664068, -21.390054724755164 ], [ -45.08860006664068, -21.389785230169924 ], [ -45.089139055811152, -21.389785230169931 ], [ -45.089139055811152, -21.388976746414219 ], [ -45.08860006664068, -21.388976746414222 ], [ -45.08860006664068, -21.38870725182899 ], [ -45.08886956122592, -21.388707251828979 ], [ -45.08886956122592, -21.388437757243739 ], [ -45.089408550396392, -21.388437757243743 ], [ -45.089408550396392, -21.388707251828983 ], [ -45.089678044981625, -21.388707251828983 ], [ -45.089678044981625, -21.388976746414222 ], [ -45.089947539566865, -21.388976746414222 ], [ -45.089947539566865, -21.389785230169927 ], [ -45.090217034152097, -21.389785230169924 ], [ -45.090217034152097, -21.389246240999459 ], [ -45.090756023322569, -21.389246240999459 ], [ -45.090756023322569, -21.39005472475516 ], [ -45.091025517907802, -21.390054724755167 ], [ -45.091025517907802, -21.3903242193404 ], [ -45.090756023322569, -21.390324219340396 ], [ -45.090756023322569, -21.390593713925632 ], [ -45.090217034152097, -21.390593713925636 ], [ -45.090217034152097, -21.391671692266574 ], [ -45.091834001663514, -21.391671692266581 ], [ -45.091834001663514, -21.388976746414212 ], [ -45.091295012493042, -21.388976746414212 ], [ -45.091295012493042, -21.387898768073267 ], [ -45.091025517907802, -21.387898768073274 ], [ -45.091025517907802, -21.387359778902802 ], [ -45.089408550396392, -21.387359778902805 ], [ -45.089408550396392, -21.387629273488045 ], [ -45.089139055811152, -21.387629273488034 ], [ -45.089139055811152, -21.387359778902805 ], [ -45.085905120788325, -21.387359778902795 ], [ -45.085905120788325, -21.388437757243736 ], [ -45.087252593714503, -21.388437757243743 ], [ -45.087252593714503, -21.388976746414222 ] ], [ [ -45.088061077470208, -21.389246240999459 ], [ -45.088330572055447, -21.389246240999451 ], [ -45.088330572055447, -21.38978523016992 ], [ -45.088061077470208, -21.389785230169938 ], [ -45.088061077470208, -21.389246240999459 ] ] ] } },
{ "type": "Feature", "properties": { "id_feicao": "fogo_2017_241", "ano": 2017.0, "mes": 9, "codigo_original": 12, "classe": "Formação Campestre", "cor": "#d6bc74", "area_ha": 0.083322751239251008 }, "geometry": { "type": "Polygon", "coordinates": [ [ [ -45.083210174935964, -21.388168262658517 ], [ -45.083210174935964, -21.387898768073274 ], [ -45.082940680350731, -21.387898768073274 ], [ -45.082940680350731, -21.38816826265851 ], [ -45.083210174935964, -21.388168262658517 ] ] ] } },
{ "type": "Feature", "properties": { "id_feicao": "fogo_2017_242", "ano": 2017.0, "mes": 9, "codigo_original": 12, "classe": "Formação Campestre", "cor": "#d6bc74", "area_ha": 74.35020254104306 }, "geometry": { "type": "Polygon", "coordinates": [ [ [ -45.025268839110254, -21.332652378099915 ], [ -45.025268839110254, -21.332921872685159 ], [ -45.024999344525021, -21.332921872685162 ], [ -45.024999344525021, -21.333460861855635 ], [ -45.024729849939781, -21.333460861855631 ], [ -45.024729849939781, -21.334269345611339 ], [ -45.023112882428372, -21.334269345611332 ], [ -45.023112882428372, -21.334538840196572 ], [ -45.023382377013604, -21.334538840196576 ], [ -45.023382377013604, -21.335347323952277 ], [ -45.023112882428372, -21.335347323952277 ], [ -45.023112882428372, -21.335886313122753 ], [ -45.022843387843132, -21.335886313122757 ], [ -45.022843387843132, -21.336155807707986 ], [ -45.023382377013604, -21.336155807707989 ], [ -45.023382377013604, -21.336425302293222 ], [ -45.023112882428372, -21.336425302293225 ], [ -45.023112882428372, -21.336694796878461 ], [ -45.023651871598844, -21.336694796878461 ], [ -45.023651871598844, -21.336964291463708 ], [ -45.024190860769309, -21.336964291463705 ], [ -45.024190860769309, -21.337233786048934 ], [ -45.023651871598844, -21.33723378604893 ], [ -45.023651871598844, -21.337772775219406 ], [ -45.024190860769309, -21.33777277521941 ], [ -45.024190860769309, -21.337503280634174 ], [ -45.024460355354549, -21.33750328063417 ], [ -45.024460355354549, -21.337772775219399 ], [ -45.024999344525021, -21.337772775219406 ], [ -45.024999344525021, -21.337503280634174 ], [ -45.025268839110254, -21.337503280634174 ], [ -45.025268839110254, -21.336694796878461 ], [ -45.025538333695494, -21.336694796878458 ], [ -45.025538333695494, -21.336425302293218 ], [ -45.025268839110254, -21.336425302293225 ], [ -45.025268839110254, -21.335886313122753 ], [ -45.025807828280726, -21.335886313122753 ], [ -45.025807828280726, -21.335616818537524 ], [ -45.026346817451198, -21.33561681853751 ], [ -45.026346817451198, -21.336155807707986 ], [ -45.026077322865966, -21.336155807707986 ], [ -45.026077322865966, -21.336425302293225 ], [ -45.026346817451198, -21.336425302293222 ], [ -45.026346817451198, -21.336694796878469 ], [ -45.027155301206903, -21.336694796878454 ], [ -45.027155301206903, -21.337233786048927 ], [ -45.028772268718321, -21.337233786048937 ], [ -45.028772268718321, -21.336155807707986 ], [ -45.029850247059265, -21.336155807707989 ], [ -45.029850247059265, -21.335886313122757 ], [ -45.030119741644498, -21.335886313122746 ], [ -45.030119741644498, -21.335347323952281 ], [ -45.03065873081497, -21.335347323952277 ], [ -45.03065873081497, -21.334808334781812 ], [ -45.031197719985443, -21.334808334781808 ], [ -45.031197719985443, -21.335886313122764 ], [ -45.03092822540021, -21.335886313122749 ], [ -45.03092822540021, -21.336155807707993 ], [ -45.031197719985443, -21.336155807707982 ], [ -45.031197719985443, -21.336425302293222 ], [ -45.03092822540021, -21.336425302293222 ], [ -45.03092822540021, -21.336694796878469 ], [ -45.031197719985443, -21.336694796878458 ], [ -45.031197719985443, -21.337772775219396 ], [ -45.031467214570682, -21.337772775219403 ], [ -45.031467214570682, -21.338042269804639 ], [ -45.031197719985443, -21.338042269804646 ], [ -45.031197719985443, -21.338581258975108 ], [ -45.03092822540021, -21.338581258975111 ], [ -45.03092822540021, -21.33938974273082 ], [ -45.031736709155915, -21.339389742730816 ], [ -45.031736709155915, -21.33912024814558 ], [ -45.032006203741155, -21.339120248145584 ], [ -45.032006203741155, -21.33885075356034 ], [ -45.033353676667332, -21.338850753560351 ], [ -45.033353676667332, -21.338581258975111 ], [ -45.033892665837804, -21.338581258975108 ], [ -45.033892665837804, -21.337772775219403 ], [ -45.033623171252565, -21.337772775219399 ], [ -45.033623171252565, -21.337503280634166 ], [ -45.034162160423037, -21.337503280634166 ], [ -45.034162160423037, -21.337233786048934 ], [ -45.034431655008277, -21.337233786048923 ], [ -45.034431655008277, -21.336155807707989 ], [ -45.034162160423037, -21.336155807707993 ], [ -45.034162160423037, -21.335886313122753 ], [ -45.033892665837804, -21.335886313122757 ], [ -45.033892665837804, -21.33561681853752 ], [ -45.034970644178749, -21.33561681853752 ], [ -45.034970644178749, -21.336155807707982 ], [ -45.035509633349221, -21.336155807707989 ], [ -45.035509633349221, -21.336425302293225 ], [ -45.036587611690159, -21.336425302293225 ], [ -45.036587611690159, -21.335886313122757 ], [ -45.036857106275399, -21.335886313122753 ], [ -45.036857106275399, -21.335616818537513 ], [ -45.037126600860631, -21.335616818537517 ], [ -45.037126600860631, -21.335347323952281 ], [ -45.037396095445871, -21.335347323952277 ], [ -45.037396095445871, -21.335077829367048 ], [ -45.037935084616343, -21.335077829367044 ], [ -45.037935084616343, -21.334808334781801 ], [ -45.037396095445871, -21.334808334781812 ], [ -45.037396095445871, -21.3339998510261 ], [ -45.037935084616343, -21.333999851026103 ], [ -45.037935084616343, -21.334269345611339 ], [ -45.038743568372048, -21.334269345611343 ], [ -45.038743568372048, -21.333460861855627 ], [ -45.039013062957281, -21.333460861855627 ], [ -45.039013062957281, -21.333191367270391 ], [ -45.038474073786816, -21.333191367270395 ], [ -45.038474073786816, -21.332652378099922 ], [ -45.037665590031104, -21.332652378099922 ], [ -45.037665590031104, -21.332382883514679 ], [ -45.037396095445871, -21.33238288351469 ], [ -45.037396095445871, -21.332113388929443 ], [ -45.037126600860631, -21.332113388929447 ], [ -45.037126600860631, -21.332382883514686 ], [ -45.036857106275399, -21.332382883514679 ], [ -45.036857106275399, -21.332652378099926 ], [ -45.034970644178749, -21.332652378099922 ], [ -45.034970644178749, -21.33238288351469 ], [ -45.034162160423037, -21.332382883514683 ], [ -45.034162160423037, -21.332652378099919 ], [ -45.034431655008277, -21.332652378099926 ], [ -45.034431655008277, -21.332921872685155 ], [ -45.035509633349221, -21.332921872685169 ], [ -45.035509633349221, -21.333191367270402 ], [ -45.033623171252565, -21.333191367270402 ], [ -45.033623171252565, -21.332921872685166 ], [ -45.033353676667332, -21.332921872685166 ], [ -45.033353676667332, -21.332652378099922 ], [ -45.032275698326387, -21.332652378099922 ], [ -45.032275698326387, -21.332382883514683 ], [ -45.03092822540021, -21.33238288351469 ], [ -45.03092822540021, -21.332652378099919 ], [ -45.03065873081497, -21.332652378099919 ], [ -45.03065873081497, -21.333191367270398 ], [ -45.029850247059265, -21.333191367270395 ], [ -45.029850247059265, -21.332921872685166 ], [ -45.029580752474033, -21.332921872685159 ], [ -45.029580752474033, -21.33238288351469 ], [ -45.02904176330356, -21.33238288351469 ], [ -45.02904176330356, -21.331843894344217 ], [ -45.028772268718321, -21.331843894344214 ], [ -45.028772268718321, -21.331574399758978 ], [ -45.028502774133088, -21.331574399758978 ], [ -45.028502774133088, -21.331304905173752 ], [ -45.028233279547848, -21.331304905173742 ], [ -45.028233279547848, -21.33049642141804 ], [ -45.027424795792143, -21.330496421418044 ], [ -45.027424795792143, -21.331035410588512 ], [ -45.027155301206903, -21.331035410588505 ], [ -45.027155301206903, -21.330765916003276 ], [ -45.025807828280726, -21.330765916003269 ], [ -45.025807828280726, -21.332382883514683 ], [ -45.025538333695494, -21.332382883514676 ], [ -45.025538333695494, -21.332652378099922 ], [ -45.025268839110254, -21.332652378099915 ] ], [ [ -45.023382377013604, -21.335886313122764 ], [ -45.023651871598844, -21.335886313122753 ], [ -45.023651871598844, -21.336155807707986 ], [ -45.023382377013604, -21.336155807707989 ], [ -45.023382377013604, -21.335886313122764 ] ], [ [ -45.033623171252565, -21.33561681853752 ], [ -45.033623171252565, -21.335347323952281 ], [ -45.033892665837804, -21.335347323952284 ], [ -45.033892665837804, -21.33561681853752 ], [ -45.033623171252565, -21.33561681853752 ] ], [ [ -45.032275698326387, -21.338311764389879 ], [ -45.03281468749686, -21.338311764389875 ], [ -45.03281468749686, -21.338581258975115 ], [ -45.032275698326387, -21.338581258975115 ], [ -45.032275698326387, -21.338311764389879 ] ], [ [ -45.026616312036438, -21.335077829367055 ], [ -45.026885806621671, -21.335077829367044 ], [ -45.026885806621671, -21.335347323952288 ], [ -45.026616312036438, -21.335347323952281 ], [ -45.026616312036438, -21.335077829367055 ] ], [ [ -45.036587611690159, -21.335077829367041 ], [ -45.036587611690159, -21.334808334781812 ], [ -45.036857106275399, -21.334808334781815 ], [ -45.036857106275399, -21.335077829367052 ], [ -45.036587611690159, -21.335077829367041 ] ], [ [ -45.026616312036438, -21.334808334781812 ], [ -45.026616312036438, -21.334538840196576 ], [ -45.027155301206903, -21.334538840196576 ], [ -45.027155301206903, -21.334808334781805 ], [ -45.026616312036438, -21.334808334781812 ] ] ] } },
{ "type": "Feature", "properties": { "id_feicao": "fogo_2017_243", "ano": 2017.0, "mes": 9, "codigo_original": 12, "classe": "Formação Campestre", "cor": "#d6bc74", "area_ha": 0.083352431608922778 }, "geometry": { "type": "Polygon", "coordinates": [ [ [ -45.039013062957281, -21.334269345611336 ], [ -45.038743568372048, -21.334269345611343 ], [ -45.038743568372048, -21.334538840196579 ], [ -45.039013062957281, -21.334538840196572 ], [ -45.039013062957281, -21.334269345611336 ] ] ] } },
{ "type": "Feature", "properties": { "id_feicao": "fogo_2017_244", "ano": 2017.0, "mes": 9, "codigo_original": 12, "classe": "Formação Campestre", "cor": "#d6bc74", "area_ha": 0.16670665841806245 }, "geometry": { "type": "Polygon", "coordinates": [ [ [ -45.039282557542521, -21.332921872685162 ], [ -45.039282557542521, -21.332652378099926 ], [ -45.038743568372048, -21.332652378099919 ], [ -45.038743568372048, -21.332921872685162 ], [ -45.039282557542521, -21.332921872685162 ] ] ] } },
{ "type": "Feature", "properties": { "id_feicao": "fogo_2017_245", "ano": 2017.0, "mes": 9, "codigo_original": 12, "classe": "Formação Campestre", "cor": "#d6bc74", "area_ha": 0.25006277106994956 }, "geometry": { "type": "Polygon", "coordinates": [ [ [ -45.079706745327897, -21.331035410588509 ], [ -45.079706745327897, -21.331574399758974 ], [ -45.080245734498369, -21.331574399758978 ], [ -45.080245734498369, -21.331304905173742 ], [ -45.079976239913144, -21.331304905173738 ], [ -45.079976239913144, -21.331035410588505 ], [ -45.079706745327897, -21.331035410588509 ] ] ] } },
{ "type": "Feature", "properties": { "id_feicao": "fogo_2017_246", "ano": 2017.0, "mes": 9, "codigo_original": 12, "classe": "Formação Campestre", "cor": "#d6bc74", "area_ha": 0.083354484536371995 }, "geometry": { "type": "Polygon", "coordinates": [ [ [ -45.080245734498369, -21.331035410588509 ], [ -45.080245734498369, -21.33076591600328 ], [ -45.079976239913144, -21.330765916003276 ], [ -45.079976239913144, -21.331035410588505 ], [ -45.080245734498369, -21.331035410588509 ] ] ] } },
{ "type": "Feature", "properties": { "id_feicao": "fogo_2017_247", "ano": 2017.0, "mes": 9, "codigo_original": 12, "classe": "Formação Campestre", "cor": "#d6bc74", "area_ha": 0.16670927104524452 }, "geometry": { "type": "Polygon", "coordinates": [ [ [ -45.080784723668842, -21.330765916003273 ], [ -45.080784723668842, -21.330496421418037 ], [ -45.080245734498369, -21.330496421418029 ], [ -45.080245734498369, -21.33076591600328 ], [ -45.080784723668842, -21.330765916003273 ] ] ] } },
{ "type": "Feature", "properties": { "id_feicao": "fogo_2017_248", "ano": 2017.0, "mes": 9, "codigo_original": 12, "classe": "Formação Campestre", "cor": "#d6bc74", "area_ha": 0.16670961653456576 }, "geometry": { "type": "Polygon", "coordinates": [ [ [ -45.028233279547848, -21.330226926832808 ], [ -45.028233279547848, -21.329957432247568 ], [ -45.027694290377376, -21.329957432247568 ], [ -45.027694290377376, -21.330226926832797 ], [ -45.028233279547848, -21.330226926832808 ] ] ] } },
{ "type": "Feature", "properties": { "id_feicao": "fogo_2017_249", "ano": 2017.0, "mes": 9, "codigo_original": 12, "classe": "Formação Campestre", "cor": "#d6bc74", "area_ha": 0.16684367888611004 }, "geometry": { "type": "Polygon", "coordinates": [ [ [ -45.086174615373558, -21.20949335264714 ], [ -45.086174615373558, -21.208954363476668 ], [ -45.085905120788325, -21.208954363476671 ], [ -45.085905120788325, -21.209493352647137 ], [ -45.086174615373558, -21.20949335264714 ] ] ] } },
{ "type": "Feature", "properties": { "id_feicao": "fogo_2017_250", "ano": 2017.0, "mes": 9, "codigo_original": 12, "classe": "Formação Campestre", "cor": "#d6bc74", "area_ha": 0.083422065626603356 }, "geometry": { "type": "Polygon", "coordinates": [ [ [ -45.08698309912927, -21.208954363476664 ], [ -45.08698309912927, -21.208684868891428 ], [ -45.08671360454403, -21.208684868891435 ], [ -45.08671360454403, -21.208954363476664 ], [ -45.08698309912927, -21.208954363476664 ] ] ] } },
{ "type": "Feature", "properties": { "id_feicao": "fogo_2017_251", "ano": 2017.0, "mes": 9, "codigo_original": 12, "classe": "Formação Campestre", "cor": "#d6bc74", "area_ha": 0.08342206355547814 }, "geometry": { "type": "Polygon", "coordinates": [ [ [ -45.086444109958798, -21.208954363476668 ], [ -45.086444109958798, -21.208684868891428 ], [ -45.086174615373558, -21.208684868891428 ], [ -45.086174615373558, -21.208954363476668 ], [ -45.086444109958798, -21.208954363476668 ] ] ] } },
{ "type": "Feature", "properties": { "id_feicao": "fogo_2017_252", "ano": 2017.0, "mes": 9, "codigo_original": 12, "classe": "Formação Campestre", "cor": "#d6bc74", "area_ha": 0.083422213307798532 }, "geometry": { "type": "Polygon", "coordinates": [ [ [ -45.08671360454403, -21.208684868891435 ], [ -45.08671360454403, -21.208415374306192 ], [ -45.086444109958798, -21.208415374306195 ], [ -45.086444109958798, -21.208684868891428 ], [ -45.08671360454403, -21.208684868891435 ] ] ] } },
{ "type": "Feature", "properties": { "id_feicao": "fogo_2017_253", "ano": 2017.0, "mes": 9, "codigo_original": 12, "classe": "Formação Campestre", "cor": "#d6bc74", "area_ha": 0.16684457948857812 }, "geometry": { "type": "Polygon", "coordinates": [ [ [ -45.087252593714503, -21.208684868891428 ], [ -45.087252593714503, -21.208145879720959 ], [ -45.08698309912927, -21.208145879720952 ], [ -45.08698309912927, -21.208684868891428 ], [ -45.087252593714503, -21.208684868891428 ] ] ] } },
{ "type": "Feature", "properties": { "id_feicao": "fogo_2017_254", "ano": 2017.0, "mes": 9, "codigo_original": 12, "classe": "Formação Campestre", "cor": "#d6bc74", "area_ha": 0.083424601991628017 }, "geometry": { "type": "Polygon", "coordinates": [ [ [ -45.089139055811152, -21.20437295552766 ], [ -45.089139055811152, -21.204103460942431 ], [ -45.08886956122592, -21.204103460942431 ], [ -45.08886956122592, -21.20437295552766 ], [ -45.089139055811152, -21.20437295552766 ] ] ] } },
{ "type": "Feature", "properties": { "id_feicao": "fogo_2017_255", "ano": 2017.0, "mes": 9, "codigo_original": 12, "classe": "Formação Campestre", "cor": "#d6bc74", "area_ha": 0.083427891261558404 }, "geometry": { "type": "Polygon", "coordinates": [ [ [ -45.093720463760164, -21.198444074652464 ], [ -45.093720463760164, -21.198174580067231 ], [ -45.093450969174924, -21.198174580067235 ], [ -45.093450969174924, -21.198444074652475 ], [ -45.093720463760164, -21.198444074652464 ] ] ] } },
{ "type": "Feature", "properties": { "id_feicao": "fogo_2017_256", "ano": 2017.0, "mes": 9, "codigo_original": 12, "classe": "Formação Campestre", "cor": "#d6bc74", "area_ha": 0.16685698182202069 }, "geometry": { "type": "Polygon", "coordinates": [ [ [ -45.095067936686341, -21.197366096311523 ], [ -45.095067936686341, -21.197096601726287 ], [ -45.094528947515869, -21.197096601726283 ], [ -45.094528947515869, -21.197366096311537 ], [ -45.095067936686341, -21.197366096311523 ] ] ] } },
{ "type": "Feature", "properties": { "id_feicao": "fogo_2017_257", "ano": 2017.0, "mes": 9, "codigo_original": 12, "classe": "Formação Campestre", "cor": "#d6bc74", "area_ha": 0.67811015042755751 }, "geometry": { "type": "Polygon", "coordinates": [ [ [ -44.906960716191712, -21.342354183168418 ], [ -44.905613243265535, -21.34235418316841 ], [ -44.905613243266217, -21.342780606580259 ], [ -44.905814, -21.342764999999897 ], [ -44.906059, -21.342765 ], [ -44.906292, -21.342777 ], [ -44.906526, -21.342812 ], [ -44.906771, -21.342824 ], [ -44.906960716191961, -21.342858560743021 ], [ -44.906960716191712, -21.342354183168418 ] ] ] } },
{ "type": "Feature", "properties": { "id_feicao": "fogo_2017_258", "ano": 2017.0, "mes": 9, "codigo_original": 12, "classe": "Formação Campestre", "cor": "#d6bc74", "area_ha": 1.2502237076346849 }, "geometry": { "type": "Polygon", "coordinates": [ [ [ -44.934988153056246, -21.34235418316841 ], [ -44.934988153056246, -21.342623677753654 ], [ -44.935257647641478, -21.342623677753654 ], [ -44.935257647641478, -21.342354183168414 ], [ -44.93606613139719, -21.342354183168414 ], [ -44.93606613139719, -21.341815193997945 ], [ -44.935257647641478, -21.341815193997942 ], [ -44.935257647641478, -21.341545699412706 ], [ -44.934988153056246, -21.341545699412709 ], [ -44.934988153056246, -21.341815193997942 ], [ -44.934718658471006, -21.341815193997945 ], [ -44.934718658471006, -21.341545699412702 ], [ -44.934449163885773, -21.341545699412709 ], [ -44.934449163885773, -21.342354183168418 ], [ -44.934988153056246, -21.34235418316841 ] ] ] } },
{ "type": "Feature", "properties": { "id_feicao": "fogo_2017_259", "ano": 2017.0, "mes": 9, "codigo_original": 12, "classe": "Formação Campestre", "cor": "#d6bc74", "area_ha": 6.751241551575065 }, "geometry": { "type": "Polygon", "coordinates": [ [ [ -44.915854037504495, -21.341006710242233 ], [ -44.912889597066901, -21.341006710242237 ], [ -44.912889597066901, -21.340737215656997 ], [ -44.911542124140723, -21.340737215657008 ], [ -44.911542124140723, -21.340467721071761 ], [ -44.910194651214546, -21.340467721071768 ], [ -44.910194651214546, -21.341545699412706 ], [ -44.911811618725963, -21.341545699412706 ], [ -44.911811618725963, -21.341815193997942 ], [ -44.913428586237373, -21.341815193997938 ], [ -44.913428586237373, -21.342084688583178 ], [ -44.915854037504495, -21.342084688583178 ], [ -44.915854037504495, -21.341006710242233 ] ] ] } },
{ "type": "Feature", "properties": { "id_feicao": "fogo_2017_260", "ano": 2017.0, "mes": 9, "codigo_original": 12, "classe": "Formação Campestre", "cor": "#d6bc74", "area_ha": 1.1668814497320912 }, "geometry": { "type": "Polygon", "coordinates": [ [ [ -44.930406745107234, -21.341545699412702 ], [ -44.930676239692467, -21.341545699412709 ], [ -44.930676239692467, -21.341815193997938 ], [ -44.930945734277707, -21.341815193997942 ], [ -44.930945734277707, -21.341006710242233 ], [ -44.931215228862939, -21.341006710242233 ], [ -44.931215228862939, -21.340737215657001 ], [ -44.930137250522009, -21.34073721565699 ], [ -44.930137250522009, -21.34100671024224 ], [ -44.929867755936762, -21.34100671024223 ], [ -44.929867755936762, -21.341545699412709 ], [ -44.930137250522009, -21.341545699412702 ], [ -44.930137250522009, -21.341815193997949 ], [ -44.930406745107234, -21.341815193997942 ], [ -44.930406745107234, -21.341545699412702 ] ] ] } },
{ "type": "Feature", "properties": { "id_feicao": "fogo_2017_261", "ano": 2017.0, "mes": 9, "codigo_original": 12, "classe": "Formação Campestre", "cor": "#d6bc74", "area_ha": 0.083348684662325645 }, "geometry": { "type": "Polygon", "coordinates": [ [ [ -44.965710535773134, -21.341276204827469 ], [ -44.965710535773134, -21.34100671024223 ], [ -44.965441041187894, -21.341006710242226 ], [ -44.965441041187894, -21.341276204827473 ], [ -44.965710535773134, -21.341276204827469 ] ] ] } },
{ "type": "Feature", "properties": { "id_feicao": "fogo_2017_262", "ano": 2017.0, "mes": 9, "codigo_original": 12, "classe": "Formação Campestre", "cor": "#d6bc74", "area_ha": 0.25004695538850102 }, "geometry": { "type": "Polygon", "coordinates": [ [ [ -44.965171546602662, -21.340737215657001 ], [ -44.965171546602662, -21.340467721071754 ], [ -44.96436306284695, -21.340467721071757 ], [ -44.96436306284695, -21.340737215657001 ], [ -44.965171546602662, -21.340737215657001 ] ] ] } },
{ "type": "Feature", "properties": { "id_feicao": "fogo_2017_263", "ano": 2017.0, "mes": 9, "codigo_original": 12, "classe": "Formação Campestre", "cor": "#d6bc74", "area_ha": 0.083348983879544952 }, "geometry": { "type": "Polygon", "coordinates": [ [ [ -44.965710535773134, -21.340737215657001 ], [ -44.965710535773134, -21.340467721071768 ], [ -44.965441041187894, -21.340467721071764 ], [ -44.965441041187894, -21.340737215656997 ], [ -44.965710535773134, -21.340737215657001 ] ] ] } },
{ "type": "Feature", "properties": { "id_feicao": "fogo_2017_264", "ano": 2017.0, "mes": 9, "codigo_original": 12, "classe": "Formação Campestre", "cor": "#d6bc74", "area_ha": 0.083350615170093123 }, "geometry": { "type": "Polygon", "coordinates": [ [ [ -45.023382377013604, -21.337772775219396 ], [ -45.023382377013604, -21.337503280634163 ], [ -45.023112882428372, -21.337503280634174 ], [ -45.023112882428372, -21.337772775219399 ], [ -45.023382377013604, -21.337772775219396 ] ] ] } },
{ "type": "Feature", "properties": { "id_feicao": "fogo_2017_265", "ano": 2017.0, "mes": 9, "codigo_original": 12, "classe": "Formação Campestre", "cor": "#d6bc74", "area_ha": 0.08335076289515693 }, "geometry": { "type": "Polygon", "coordinates": [ [ [ -45.021495914916954, -21.337503280634177 ], [ -45.021495914916954, -21.33723378604893 ], [ -45.021226420331715, -21.337233786048934 ], [ -45.021226420331715, -21.337503280634163 ], [ -45.021495914916954, -21.337503280634177 ] ] ] } },
{ "type": "Feature", "properties": { "id_feicao": "fogo_2017_266", "ano": 2017.0, "mes": 9, "codigo_original": 12, "classe": "Formação Campestre", "cor": "#d6bc74", "area_ha": 0.083351211645012677 }, "geometry": { "type": "Polygon", "coordinates": [ [ [ -45.021495914916954, -21.336694796878469 ], [ -45.021495914916954, -21.336425302293229 ], [ -45.021226420331715, -21.336425302293229 ], [ -45.021226420331715, -21.336694796878469 ], [ -45.021495914916954, -21.336694796878469 ] ] ] } },
{ "type": "Feature", "properties": { "id_feicao": "fogo_2017_267", "ano": 2017.0, "mes": 9, "codigo_original": 12, "classe": "Formação Campestre", "cor": "#d6bc74", "area_ha": 2.175354885853173 }, "geometry": { "type": "Polygon", "coordinates": [ [ [ -44.99137720012618, -21.336694796917875 ], [ -44.991532999999897, -21.336331 ], [ -44.991582999999899, -21.336113 ], [ -44.99162, -21.335837 ], [ -44.991633, -21.335572 ], [ -44.991644999999899, -21.335342 ], [ -44.991670999999897, -21.335066 ], [ -44.991708, -21.334756 ], [ -44.991737111982779, -21.33453884043276 ], [ -44.991043026785299, -21.334538840196572 ], [ -44.991043026785299, -21.335077829367044 ], [ -44.990773532200066, -21.335077829367048 ], [ -44.990773532200066, -21.33723378604892 ], [ -44.991031789814713, -21.337233786264616 ], [ -44.991089, -21.337193 ], [ -44.991188, -21.336986 ], [ -44.99131252137061, -21.336821934723833 ], [ -44.991312521370538, -21.336694796878469 ], [ -44.99137720012618, -21.336694796917875 ] ] ] } },
{ "type": "Feature", "properties": { "id_feicao": "fogo_2017_268", "ano": 2017.0, "mes": 9, "codigo_original": 12, "classe": "Formação Campestre", "cor": "#d6bc74", "area_ha": 3.0841252427821049 }, "geometry": { "type": "Polygon", "coordinates": [ [ [ -45.021765409502187, -21.329957432247564 ], [ -45.020956925746482, -21.329957432247564 ], [ -45.020956925746482, -21.331035410588512 ], [ -45.023112882428372, -21.331035410588502 ], [ -45.023112882428372, -21.329687937662321 ], [ -45.021765409502187, -21.329687937662325 ], [ -45.021765409502187, -21.329957432247564 ] ] ] } },
{ "type": "Feature", "properties": { "id_feicao": "fogo_2017_269", "ano": 2017.0, "mes": 9, "codigo_original": 12, "classe": "Formação Campestre", "cor": "#d6bc74", "area_ha": 2.1672415665104987 }, "geometry": { "type": "Polygon", "coordinates": [ [ [ -45.023382377013604, -21.329687937662332 ], [ -45.024729849939781, -21.329687937662325 ], [ -45.024729849939781, -21.328340464736147 ], [ -45.023651871598844, -21.328340464736147 ], [ -45.023651871598844, -21.328070970150918 ], [ -45.023382377013604, -21.328070970150918 ], [ -45.023382377013604, -21.329687937662332 ] ] ] } },
{ "type": "Feature", "properties": { "id_feicao": "fogo_2017_270", "ano": 2017.0, "mes": 9, "codigo_original": 12, "classe": "Formação Campestre", "cor": "#d6bc74", "area_ha": 0.16671199970905309 }, "geometry": { "type": "Polygon", "coordinates": [ [ [ -45.024190860769309, -21.328070970150918 ], [ -45.024190860769309, -21.327801475565682 ], [ -45.023651871598844, -21.327801475565678 ], [ -45.023651871598844, -21.328070970150918 ], [ -45.024190860769309, -21.328070970150918 ] ] ] } },
{ "type": "Feature", "properties": { "id_feicao": "fogo_2017_271", "ano": 2017.0, "mes": 9, "codigo_original": 12, "classe": "Formação Campestre", "cor": "#d6bc74", "area_ha": 0.41677996511858012 }, "geometry": { "type": "Polygon", "coordinates": [ [ [ -45.016914506967943, -21.328070970150918 ], [ -45.016914506967943, -21.327801475565682 ], [ -45.015567034041766, -21.327801475565682 ], [ -45.015567034041766, -21.328070970150922 ], [ -45.016914506967943, -21.328070970150918 ] ] ] } },
{ "type": "Feature", "properties": { "id_feicao": "fogo_2017_272", "ano": 2017.0, "mes": 9, "codigo_original": 12, "classe": "Formação Campestre", "cor": "#d6bc74", "area_ha": 0.083357198834559013 }, "geometry": { "type": "Polygon", "coordinates": [ [ [ -45.026616312036438, -21.325915013469036 ], [ -45.026616312036438, -21.3256455188838 ], [ -45.026346817451198, -21.325645518883793 ], [ -45.026346817451198, -21.325915013469029 ], [ -45.026616312036438, -21.325915013469036 ] ] ] } },
{ "type": "Feature", "properties": { "id_feicao": "fogo_2017_273", "ano": 2017.0, "mes": 9, "codigo_original": 12, "classe": "Formação Campestre", "cor": "#d6bc74", "area_ha": 7.5855362742066905 }, "geometry": { "type": "Polygon", "coordinates": [ [ [ -45.023112882428372, -21.324837035128091 ], [ -45.023382377013604, -21.324837035128088 ], [ -45.023382377013604, -21.32510652971332 ], [ -45.023651871598844, -21.32510652971332 ], [ -45.023651871598844, -21.32537602429856 ], [ -45.023382377013604, -21.325376024298556 ], [ -45.023382377013604, -21.325915013469029 ], [ -45.023112882428372, -21.325915013469029 ], [ -45.023112882428372, -21.326184508054265 ], [ -45.024729849939781, -21.326184508054268 ], [ -45.024729849939781, -21.326454002639501 ], [ -45.025268839110254, -21.326454002639501 ], [ -45.025268839110254, -21.326723497224737 ], [ -45.025807828280726, -21.326723497224741 ], [ -45.025807828280726, -21.326454002639501 ], [ -45.026077322865966, -21.326454002639501 ], [ -45.026077322865966, -21.325645518883796 ], [ -45.026346817451198, -21.325645518883793 ], [ -45.026346817451198, -21.325376024298553 ], [ -45.026077322865966, -21.325376024298556 ], [ -45.026077322865966, -21.32510652971332 ], [ -45.026346817451198, -21.325106529713327 ], [ -45.026346817451198, -21.324837035128084 ], [ -45.026616312036438, -21.324837035128084 ], [ -45.026616312036438, -21.324567540542848 ], [ -45.025538333695494, -21.324567540542848 ], [ -45.025538333695494, -21.323489562201903 ], [ -45.025268839110254, -21.323489562201907 ], [ -45.025268839110254, -21.323759056787139 ], [ -45.024190860769309, -21.323759056787146 ], [ -45.024190860769309, -21.324028551372376 ], [ -45.023651871598844, -21.324028551372376 ], [ -45.023651871598844, -21.324567540542851 ], [ -45.023112882428372, -21.324567540542851 ], [ -45.023112882428372, -21.324837035128091 ] ], [ [ -45.024729849939781, -21.324567540542848 ], [ -45.024729849939781, -21.324837035128095 ], [ -45.024460355354549, -21.324837035128088 ], [ -45.024460355354549, -21.324567540542848 ], [ -45.024729849939781, -21.324567540542848 ] ] ] } },
{ "type": "Feature", "properties": { "id_feicao": "fogo_2017_274", "ano": 2017.0, "mes": 9, "codigo_original": 12, "classe": "Formação Campestre", "cor": "#d6bc74", "area_ha": 16.421505819496364 }, "geometry": { "type": "Polygon", "coordinates": [ [ [ -45.019070463649832, -21.322950573031427 ], [ -45.019070463649832, -21.323759056787139 ], [ -45.017722990723655, -21.323759056787143 ], [ -45.017722990723655, -21.324567540542851 ], [ -45.017184001553183, -21.324567540542859 ], [ -45.017184001553183, -21.325376024298556 ], [ -45.01664501238271, -21.325376024298556 ], [ -45.01664501238271, -21.325915013469029 ], [ -45.015297539456526, -21.325915013469029 ], [ -45.015297539456526, -21.326184508054265 ], [ -45.01664501238271, -21.326184508054268 ], [ -45.01664501238271, -21.326454002639505 ], [ -45.017184001553183, -21.326454002639505 ], [ -45.017184001553183, -21.326723497224737 ], [ -45.017722990723655, -21.326723497224741 ], [ -45.017722990723655, -21.326992991809973 ], [ -45.019339958235065, -21.326992991809973 ], [ -45.019339958235065, -21.326723497224737 ], [ -45.019609452820305, -21.326723497224737 ], [ -45.019609452820305, -21.325915013469022 ], [ -45.019878947405537, -21.325915013469029 ], [ -45.019878947405537, -21.325376024298556 ], [ -45.019609452820305, -21.325376024298556 ], [ -45.019609452820305, -21.324298045957619 ], [ -45.020687431161249, -21.324298045957612 ], [ -45.020687431161249, -21.324028551372376 ], [ -45.020956925746482, -21.324028551372379 ], [ -45.020956925746482, -21.323759056787139 ], [ -45.021495914916954, -21.323759056787139 ], [ -45.021495914916954, -21.323489562201903 ], [ -45.021765409502187, -21.323489562201896 ], [ -45.021765409502187, -21.323759056787146 ], [ -45.022034904087427, -21.32375905678715 ], [ -45.022034904087427, -21.323489562201903 ], [ -45.022304398672659, -21.323489562201903 ], [ -45.022304398672659, -21.323759056787146 ], [ -45.022843387843132, -21.323759056787143 ], [ -45.022843387843132, -21.322950573031434 ], [ -45.023112882428372, -21.322950573031431 ], [ -45.023112882428372, -21.322411583860962 ], [ -45.022843387843132, -21.322411583860962 ], [ -45.022843387843132, -21.322142089275722 ], [ -45.020956925746482, -21.322142089275729 ], [ -45.020956925746482, -21.322411583860962 ], [ -45.019609452820305, -21.322411583860958 ], [ -45.019609452820305, -21.322681078446195 ], [ -45.019339958235065, -21.322681078446195 ], [ -45.019339958235065, -21.322950573031427 ], [ -45.019070463649832, -21.322950573031427 ] ] ] } },
{ "type": "Feature", "properties": { "id_feicao": "fogo_2017_275", "ano": 2017.0, "mes": 9, "codigo_original": 12, "classe": "Formação Campestre", "cor": "#d6bc74", "area_ha": 1.0002961959215675 }, "geometry": { "type": "Polygon", "coordinates": [ [ [ -45.013950066530349, -21.324298045957608 ], [ -45.013950066530349, -21.324567540542848 ], [ -45.014219561115588, -21.324567540542848 ], [ -45.014219561115588, -21.323759056787139 ], [ -45.013141582774644, -21.323759056787146 ], [ -45.013141582774644, -21.324837035128084 ], [ -45.013411077359876, -21.324837035128088 ], [ -45.013411077359876, -21.324567540542855 ], [ -45.013680571945116, -21.324567540542859 ], [ -45.013680571945116, -21.324298045957615 ], [ -45.013950066530349, -21.324298045957608 ] ] ] } },
{ "type": "Feature", "properties": { "id_feicao": "fogo_2017_276", "ano": 2017.0, "mes": 9, "codigo_original": 12, "classe": "Formação Campestre", "cor": "#d6bc74", "area_ha": 0.083358391271637175 }, "geometry": { "type": "Polygon", "coordinates": [ [ [ -45.023382377013604, -21.323759056787139 ], [ -45.023382377013604, -21.323489562201903 ], [ -45.023112882428372, -21.323489562201903 ], [ -45.023112882428372, -21.323759056787139 ], [ -45.023382377013604, -21.323759056787139 ] ] ] } },
{ "type": "Feature", "properties": { "id_feicao": "fogo_2017_277", "ano": 2017.0, "mes": 9, "codigo_original": 12, "classe": "Formação Campestre", "cor": "#d6bc74", "area_ha": 0.66756280959360303 }, "geometry": { "type": "Polygon", "coordinates": [ [ [ -44.987809091762472, -21.166104724424169 ], [ -44.988078586347704, -21.166104724424159 ], [ -44.988078586347704, -21.16583522983893 ], [ -44.987270102591999, -21.165835229838923 ], [ -44.987270102591999, -21.166104724424166 ], [ -44.987000608006767, -21.166104724424166 ], [ -44.987000608006767, -21.166913208179871 ], [ -44.987270102591999, -21.166913208179867 ], [ -44.987270102591999, -21.166374219009395 ], [ -44.987809091762472, -21.166374219009402 ], [ -44.987809091762472, -21.166104724424169 ] ] ] } },
{ "type": "Feature", "properties": { "id_feicao": "fogo_2017_278", "ano": 2017.0, "mes": 9, "codigo_original": 12, "classe": "Formação Campestre", "cor": "#d6bc74", "area_ha": 0.16689134501265362 }, "geometry": { "type": "Polygon", "coordinates": [ [ [ -44.988617575518177, -21.165565735253697 ], [ -44.988078586347704, -21.165565735253697 ], [ -44.988078586347704, -21.16583522983893 ], [ -44.988617575518177, -21.165835229838926 ], [ -44.988617575518177, -21.165565735253697 ] ] ] } },
{ "type": "Feature", "properties": { "id_feicao": "fogo_2017_279", "ano": 2017.0, "mes": 9, "codigo_original": 15, "classe": "Pastagem", "cor": "#edde8e", "area_ha": 0.083355322610493748 }, "geometry": { "type": "Polygon", "coordinates": [ [ [ -45.131449705693186, -21.329687937662332 ], [ -45.131180211107946, -21.329687937662332 ], [ -45.131180211107946, -21.329957432247568 ], [ -45.131449705693186, -21.329957432247568 ], [ -45.131449705693186, -21.329687937662332 ] ] ] } },
{ "type": "Feature", "properties": { "id_feicao": "fogo_2017_280", "ano": 2017.0, "mes": 9, "codigo_original": 15, "classe": "Pastagem", "cor": "#edde8e", "area_ha": 0.083355470576602961 }, "geometry": { "type": "Polygon", "coordinates": [ [ [ -45.131180211107946, -21.329418443077088 ], [ -45.130910716522713, -21.329418443077092 ], [ -45.130910716522713, -21.329687937662332 ], [ -45.131180211107946, -21.329687937662332 ], [ -45.131180211107946, -21.329418443077088 ] ] ] } },
{ "type": "Feature", "properties": { "id_feicao": "fogo_2017_281", "ano": 2017.0, "mes": 9, "codigo_original": 15, "classe": "Pastagem", "cor": "#edde8e", "area_ha": 0.83355997362853962 }, "geometry": { "type": "Polygon", "coordinates": [ [ [ -45.165945012603373, -21.328609959321383 ], [ -45.165136528847668, -21.328609959321383 ], [ -45.165136528847668, -21.329148948491852 ], [ -45.165406023432901, -21.329148948491856 ], [ -45.165406023432901, -21.329418443077092 ], [ -45.166214507188606, -21.329418443077095 ], [ -45.166214507188606, -21.328879453906623 ], [ -45.165945012603373, -21.32887945390662 ], [ -45.165945012603373, -21.328609959321383 ] ] ] } },
{ "type": "Feature", "properties": { "id_feicao": "fogo_2017_282", "ano": 2017.0, "mes": 9, "codigo_original": 15, "classe": "Pastagem", "cor": "#edde8e", "area_ha": 0.41677922959314112 }, "geometry": { "type": "Polygon", "coordinates": [ [ [ -45.128754759840824, -21.328609959321387 ], [ -45.128754759840824, -21.328879453906612 ], [ -45.129024254426071, -21.328879453906623 ], [ -45.129024254426071, -21.329148948491852 ], [ -45.129832738181769, -21.329148948491856 ], [ -45.129832738181769, -21.328879453906623 ], [ -45.129293749011296, -21.328879453906623 ], [ -45.129293749011296, -21.32860995932138 ], [ -45.128754759840824, -21.328609959321387 ] ] ] } },
{ "type": "Feature", "properties": { "id_feicao": "fogo_2017_283", "ano": 2017.0, "mes": 9, "codigo_original": 15, "classe": "Pastagem", "cor": "#edde8e", "area_ha": 3.7026461813467102 }, "geometry": { "type": "Polygon", "coordinates": [ [ [ -45.171065409722857, -21.329148948491852 ], [ -45.171065409721123, -21.329493609479691 ], [ -45.171067999999899, -21.329493 ], [ -45.171279, -21.329358 ], [ -45.171479, -21.329211999999892 ], [ -45.171714999999899, -21.329055 ], [ -45.171952, -21.32891 ], [ -45.172187999999899, -21.328775999999898 ], [ -45.1724, -21.328607 ], [ -45.172682377230011, -21.328225837425585 ], [ -45.172682377234274, -21.327801475565678 ], [ -45.172143388063802, -21.327801475565675 ], [ -45.172143388063802, -21.327531980980446 ], [ -45.171065409722857, -21.327531980980439 ], [ -45.171065409722857, -21.327801475565675 ], [ -45.170256925967145, -21.327801475565675 ], [ -45.170256925967145, -21.328340464736147 ], [ -45.169987431381912, -21.328340464736154 ], [ -45.169987431381912, -21.328879453906616 ], [ -45.170795915137617, -21.328879453906627 ], [ -45.170795915137617, -21.329148948491856 ], [ -45.171065409722857, -21.329148948491852 ] ] ] } },
{ "type": "Feature", "properties": { "id_feicao": "fogo_2017_284", "ano": 2017.0, "mes": 9, "codigo_original": 15, "classe": "Pastagem", "cor": "#edde8e", "area_ha": 0.16671258100550621 }, "geometry": { "type": "Polygon", "coordinates": [ [ [ -45.165136528847668, -21.328340464736151 ], [ -45.164597539677196, -21.328340464736144 ], [ -45.164597539677196, -21.32860995932139 ], [ -45.165136528847668, -21.328609959321383 ], [ -45.165136528847668, -21.328340464736151 ] ] ] } },
{ "type": "Feature", "properties": { "id_feicao": "fogo_2017_285", "ano": 2017.0, "mes": 9, "codigo_original": 15, "classe": "Pastagem", "cor": "#edde8e", "area_ha": 0.60403187709174 }, "geometry": { "type": "Polygon", "coordinates": [ [ [ -45.167557160757198, -21.324837035563803 ], [ -45.167577999999899, -21.324712 ], [ -45.167631, -21.324494 ], [ -45.167722, -21.324265 ], [ -45.167848999999897, -21.324049 ], [ -45.167864998228566, -21.324028551963163 ], [ -45.167022990944318, -21.324028551372379 ], [ -45.167022990944318, -21.324837035128095 ], [ -45.167557160757198, -21.324837035563803 ] ] ] } },
{ "type": "Feature", "properties": { "id_feicao": "fogo_2017_286", "ano": 2017.0, "mes": 9, "codigo_original": 15, "classe": "Pastagem", "cor": "#edde8e", "area_ha": 0.75077987133566937 }, "geometry": { "type": "Polygon", "coordinates": [ [ [ -45.155973712949645, -21.21299678225521 ], [ -45.155973712949645, -21.21272728766996 ], [ -45.15516522919394, -21.212727287669974 ], [ -45.15516522919394, -21.2129967822552 ], [ -45.155434723779173, -21.212996782255203 ], [ -45.155434723779173, -21.213266276840439 ], [ -45.155973712949645, -21.213266276840436 ], [ -45.155973712949645, -21.214074760596141 ], [ -45.156243207534885, -21.214074760596144 ], [ -45.156243207534885, -21.212996782255207 ], [ -45.155973712949645, -21.21299678225521 ] ] ] } },
{ "type": "Feature", "properties": { "id_feicao": "fogo_2017_287", "ano": 2017.0, "mes": 9, "codigo_original": 15, "classe": "Pastagem", "cor": "#edde8e", "area_ha": 1.6684228255942464 }, "geometry": { "type": "Polygon", "coordinates": [ [ [ -45.113663063067619, -21.210032341817609 ], [ -45.112585084726675, -21.210032341817609 ], [ -45.112585084726675, -21.211379814743786 ], [ -45.113663063067619, -21.211379814743783 ], [ -45.113663063067619, -21.210032341817609 ] ] ] } },
{ "type": "Feature", "properties": { "id_feicao": "fogo_2017_288", "ano": 2017.0, "mes": 9, "codigo_original": 15, "classe": "Pastagem", "cor": "#edde8e", "area_ha": 6.5903000108709238 }, "geometry": { "type": "Polygon", "coordinates": [ [ [ -45.116088514334741, -21.21137981474379 ], [ -45.116088514334741, -21.211110320158546 ], [ -45.116627503505214, -21.211110320158546 ], [ -45.116627503505214, -21.208954363476668 ], [ -45.116358008919974, -21.208954363476668 ], [ -45.116358008919974, -21.208684868891424 ], [ -45.115280030579029, -21.208684868891428 ], [ -45.115280030579029, -21.2092238580619 ], [ -45.114202052238092, -21.209223858061897 ], [ -45.114202052238092, -21.210301836402842 ], [ -45.114471546823324, -21.210301836402849 ], [ -45.114471546823324, -21.210840825573317 ], [ -45.113932557652852, -21.210840825573321 ], [ -45.113932557652852, -21.211379814743786 ], [ -45.116088514334741, -21.21137981474379 ] ] ] } },
{ "type": "Feature", "properties": { "id_feicao": "fogo_2017_289", "ano": 2017.0, "mes": 9, "codigo_original": 15, "classe": "Pastagem", "cor": "#edde8e", "area_ha": 0.83423203659513634 }, "geometry": { "type": "Polygon", "coordinates": [ [ [ -45.11150710638573, -21.206528912209549 ], [ -45.11150710638573, -21.206798406794785 ], [ -45.112585084726675, -21.206798406794782 ], [ -45.112585084726675, -21.207067901380022 ], [ -45.113663063067619, -21.207067901380015 ], [ -45.113663063067619, -21.206798406794782 ], [ -45.113124073897147, -21.206798406794785 ], [ -45.113124073897147, -21.206528912209542 ], [ -45.11150710638573, -21.206528912209549 ] ] ] } },
{ "type": "Feature", "properties": { "id_feicao": "fogo_2017_290", "ano": 2017.0, "mes": 9, "codigo_original": 15, "classe": "Pastagem", "cor": "#edde8e", "area_ha": 0.16684908613767474 }, "geometry": { "type": "Polygon", "coordinates": [ [ [ -45.159477142557712, -21.204911944698125 ], [ -45.15893815338724, -21.204911944698132 ], [ -45.15893815338724, -21.205181439283368 ], [ -45.159477142557712, -21.205181439283368 ], [ -45.159477142557712, -21.204911944698125 ] ] ] } },
{ "type": "Feature", "properties": { "id_feicao": "fogo_2017_291", "ano": 2017.0, "mes": 9, "codigo_original": 15, "classe": "Pastagem", "cor": "#edde8e", "area_ha": 0.25027452994596533 }, "geometry": { "type": "Polygon", "coordinates": [ [ [ -45.15920764797248, -21.204372955527663 ], [ -45.15920764797248, -21.204642450112896 ], [ -45.160016131728185, -21.204642450112896 ], [ -45.160016131728185, -21.204372955527656 ], [ -45.15920764797248, -21.204372955527663 ] ] ] } },
{ "type": "Feature", "properties": { "id_feicao": "fogo_2017_292", "ano": 2017.0, "mes": 9, "codigo_original": 15, "classe": "Pastagem", "cor": "#edde8e", "area_ha": 2.0021986412939614 }, "geometry": { "type": "Polygon", "coordinates": [ [ [ -45.160016131728185, -21.205181439283368 ], [ -45.161363604654362, -21.205181439283365 ], [ -45.161363604654362, -21.203564471771955 ], [ -45.160285626313417, -21.203564471771955 ], [ -45.160285626313417, -21.204103460942424 ], [ -45.160016131728185, -21.204103460942427 ], [ -45.160016131728185, -21.204372955527656 ], [ -45.160555120898657, -21.20437295552766 ], [ -45.160555120898657, -21.204642450112896 ], [ -45.160285626313417, -21.204642450112893 ], [ -45.160285626313417, -21.204911944698129 ], [ -45.160016131728185, -21.204911944698132 ], [ -45.160016131728185, -21.205181439283368 ] ], [ [ -45.160555120898657, -21.204103460942427 ], [ -45.160824615483889, -21.204103460942431 ], [ -45.160824615483889, -21.20437295552766 ], [ -45.160555120898657, -21.20437295552766 ], [ -45.160555120898657, -21.204103460942427 ] ] ] } },
{ "type": "Feature", "properties": { "id_feicao": "fogo_2017_293", "ano": 2017.0, "mes": 9, "codigo_original": 15, "classe": "Pastagem", "cor": "#edde8e", "area_ha": 46.38447907295749 }, "geometry": { "type": "Polygon", "coordinates": [ [ [ -45.112854579311907, -21.200869525919593 ], [ -45.112854579311907, -21.201139020504826 ], [ -45.111776600970963, -21.201139020504826 ], [ -45.111776600970963, -21.201408515090062 ], [ -45.110698622630025, -21.201408515090066 ], [ -45.110698622630025, -21.201139020504826 ], [ -45.110159633459553, -21.201139020504829 ], [ -45.110159633459553, -21.200869525919597 ], [ -45.109351149703841, -21.200869525919597 ], [ -45.109351149703841, -21.201139020504826 ], [ -45.109890138874313, -21.201139020504826 ], [ -45.109890138874313, -21.201408515090062 ], [ -45.110159633459553, -21.201408515090062 ], [ -45.110159633459553, -21.201678009675298 ], [ -45.10962064428908, -21.201678009675298 ], [ -45.10962064428908, -21.201947504260534 ], [ -45.109351149703841, -21.201947504260534 ], [ -45.109351149703841, -21.20221699884577 ], [ -45.108273171362903, -21.20221699884577 ], [ -45.108273171362903, -21.203833966357184 ], [ -45.10962064428908, -21.203833966357188 ], [ -45.10962064428908, -21.203564471771948 ], [ -45.109890138874313, -21.203564471771955 ], [ -45.109890138874313, -21.203833966357188 ], [ -45.110698622630025, -21.203833966357184 ], [ -45.110698622630025, -21.203564471771951 ], [ -45.110968117215258, -21.203564471771951 ], [ -45.110968117215258, -21.203294977186719 ], [ -45.111776600970963, -21.203294977186719 ], [ -45.111776600970963, -21.203025482601479 ], [ -45.112315590141435, -21.203025482601479 ], [ -45.112315590141435, -21.202755988016246 ], [ -45.112585084726675, -21.202755988016239 ], [ -45.112585084726675, -21.203294977186715 ], [ -45.112854579311907, -21.203294977186715 ], [ -45.112854579311907, -21.203564471771951 ], [ -45.113124073897147, -21.203564471771951 ], [ -45.113124073897147, -21.204642450112896 ], [ -45.11339356848238, -21.204642450112896 ], [ -45.11339356848238, -21.204911944698129 ], [ -45.113663063067619, -21.204911944698125 ], [ -45.113663063067619, -21.205181439283365 ], [ -45.114202052238092, -21.205181439283368 ], [ -45.114202052238092, -21.205720428453841 ], [ -45.114471546823324, -21.205720428453841 ], [ -45.114471546823324, -21.20598992303907 ], [ -45.116088514334741, -21.205989923039077 ], [ -45.116088514334741, -21.205450933868601 ], [ -45.116627503505214, -21.205450933868605 ], [ -45.116627503505214, -21.205181439283361 ], [ -45.117166492675686, -21.205181439283368 ], [ -45.117166492675686, -21.204911944698132 ], [ -45.117974976431391, -21.204911944698132 ], [ -45.117974976431391, -21.205181439283361 ], [ -45.118513965601863, -21.205181439283361 ], [ -45.118513965601863, -21.205450933868605 ], [ -45.118244471016624, -21.205450933868597 ], [ -45.118244471016624, -21.20572042845383 ], [ -45.117705481846151, -21.205720428453834 ], [ -45.117705481846151, -21.206259417624313 ], [ -45.118513965601863, -21.206259417624313 ], [ -45.118513965601863, -21.206528912209549 ], [ -45.120400427698513, -21.206528912209553 ], [ -45.120400427698513, -21.205450933868601 ], [ -45.12013093311328, -21.205450933868605 ], [ -45.12013093311328, -21.205181439283365 ], [ -45.119591943942808, -21.205181439283368 ], [ -45.119591943942808, -21.204103460942424 ], [ -45.118513965601863, -21.204103460942427 ], [ -45.118513965601863, -21.203833966357184 ], [ -45.118244471016624, -21.203833966357188 ], [ -45.118244471016624, -21.203564471771948 ], [ -45.119052954772336, -21.203564471771948 ], [ -45.119052954772336, -21.201678009675291 ], [ -45.118783460187096, -21.201678009675298 ], [ -45.118783460187096, -21.201408515090062 ], [ -45.118513965601863, -21.201408515090069 ], [ -45.118513965601863, -21.201139020504822 ], [ -45.118244471016624, -21.201139020504826 ], [ -45.118244471016624, -21.200600031334353 ], [ -45.117974976431391, -21.200600031334353 ], [ -45.117974976431391, -21.200330536749121 ], [ -45.117705481846151, -21.200330536749124 ], [ -45.117705481846151, -21.200600031334353 ], [ -45.116358008919974, -21.200600031334353 ], [ -45.116358008919974, -21.2008695259196 ], [ -45.115280030579029, -21.200869525919593 ], [ -45.115280030579029, -21.200600031334353 ], [ -45.113663063067619, -21.200600031334357 ], [ -45.113663063067619, -21.200869525919593 ], [ -45.112854579311907, -21.200869525919593 ] ], [ [ -45.115280030579029, -21.204642450112885 ], [ -45.115010535993797, -21.204642450112893 ], [ -45.115010535993797, -21.204372955527656 ], [ -45.115280030579029, -21.20437295552766 ], [ -45.115280030579029, -21.204642450112885 ] ] ] } },
{ "type": "Feature", "properties": { "id_feicao": "fogo_2017_294", "ano": 2017.0, "mes": 9, "codigo_original": 15, "classe": "Pastagem", "cor": "#edde8e", "area_ha": 1.668515545370483 }, "geometry": { "type": "Polygon", "coordinates": [ [ [ -45.164867034262429, -21.20221699884577 ], [ -45.164867034262429, -21.203564471771951 ], [ -45.165945012603373, -21.203564471771951 ], [ -45.165945012603373, -21.20221699884577 ], [ -45.164867034262429, -21.20221699884577 ] ] ] } },
{ "type": "Feature", "properties": { "id_feicao": "fogo_2017_295", "ano": 2017.0, "mes": 9, "codigo_original": 15, "classe": "Pastagem", "cor": "#edde8e", "area_ha": 4.3381912278234829 }, "geometry": { "type": "Polygon", "coordinates": [ [ [ -45.164328045091956, -21.201678009675298 ], [ -45.164328045091956, -21.201408515090069 ], [ -45.164597539677196, -21.201408515090062 ], [ -45.164597539677196, -21.200061042163878 ], [ -45.163250066751012, -21.200061042163881 ], [ -45.163250066751012, -21.200330536749121 ], [ -45.162980572165779, -21.200330536749117 ], [ -45.162980572165779, -21.200600031334357 ], [ -45.162711077580539, -21.200600031334353 ], [ -45.162711077580539, -21.202216998845774 ], [ -45.164597539677196, -21.202216998845763 ], [ -45.164597539677196, -21.201678009675291 ], [ -45.164328045091956, -21.201678009675298 ] ] ] } },
{ "type": "Feature", "properties": { "id_feicao": "fogo_2017_296", "ano": 2017.0, "mes": 9, "codigo_original": 15, "classe": "Pastagem", "cor": "#edde8e", "area_ha": 0.1668541972915642 }, "geometry": { "type": "Polygon", "coordinates": [ [ [ -45.115280030579029, -21.199791547578641 ], [ -45.114741041408557, -21.199791547578648 ], [ -45.114741041408557, -21.200061042163881 ], [ -45.115280030579029, -21.200061042163892 ], [ -45.115280030579029, -21.199791547578641 ] ] ] } },
{ "type": "Feature", "properties": { "id_feicao": "fogo_2017_297", "ano": 2017.0, "mes": 9, "codigo_original": 15, "classe": "Pastagem", "cor": "#edde8e", "area_ha": 1.3348441099703341 }, "geometry": { "type": "Polygon", "coordinates": [ [ [ -45.161094110069129, -21.1987135692377 ], [ -45.161094110069129, -21.199791547578648 ], [ -45.162172088410074, -21.199791547578652 ], [ -45.162172088410074, -21.1987135692377 ], [ -45.161094110069129, -21.1987135692377 ] ] ] } },
{ "type": "Feature", "properties": { "id_feicao": "fogo_2017_298", "ano": 2017.0, "mes": 9, "codigo_original": 15, "classe": "Pastagem", "cor": "#edde8e", "area_ha": 10.929037869490591 }, "geometry": { "type": "Polygon", "coordinates": [ [ [ -45.115549525164269, -21.199791547578652 ], [ -45.115549525164269, -21.200330536749114 ], [ -45.116627503505214, -21.200330536749121 ], [ -45.116627503505214, -21.200061042163888 ], [ -45.117166492675686, -21.200061042163885 ], [ -45.117166492675686, -21.20033053674911 ], [ -45.117705481846151, -21.200330536749124 ], [ -45.117705481846151, -21.199791547578648 ], [ -45.117974976431391, -21.199791547578656 ], [ -45.117974976431391, -21.199522052993419 ], [ -45.118244471016624, -21.199522052993409 ], [ -45.118244471016624, -21.197905085481995 ], [ -45.117705481846151, -21.197905085481995 ], [ -45.117705481846151, -21.19763559089677 ], [ -45.116896998090446, -21.197635590896759 ], [ -45.116896998090446, -21.197366096311526 ], [ -45.116627503505214, -21.19736609631153 ], [ -45.116627503505214, -21.19709660172629 ], [ -45.114471546823324, -21.197096601726294 ], [ -45.114471546823324, -21.198444074652464 ], [ -45.114741041408557, -21.198444074652475 ], [ -45.114741041408557, -21.198983063822936 ], [ -45.115010535993797, -21.19898306382294 ], [ -45.115010535993797, -21.199522052993409 ], [ -45.115280030579029, -21.199522052993409 ], [ -45.115280030579029, -21.199791547578641 ], [ -45.115549525164269, -21.199791547578652 ] ] ] } },
{ "type": "Feature", "properties": { "id_feicao": "fogo_2017_299", "ano": 2017.0, "mes": 9, "codigo_original": 15, "classe": "Pastagem", "cor": "#edde8e", "area_ha": 0.16685852604322135 }, "geometry": { "type": "Polygon", "coordinates": [ [ [ -45.116896998090446, -21.195749128800117 ], [ -45.116627503505214, -21.195749128800106 ], [ -45.116627503505214, -21.196288117970582 ], [ -45.116896998090446, -21.196288117970578 ], [ -45.116896998090446, -21.195749128800117 ] ] ] } },
{ "type": "Feature", "properties": { "id_feicao": "fogo_2017_300", "ano": 2017.0, "mes": 9, "codigo_original": 15, "classe": "Pastagem", "cor": "#edde8e", "area_ha": 0.41714825209157597 }, "geometry": { "type": "Polygon", "coordinates": [ [ [ -45.116627503505214, -21.195749128800106 ], [ -45.116627503505214, -21.195479634214873 ], [ -45.116896998090446, -21.195479634214873 ], [ -45.116896998090446, -21.194940645044404 ], [ -45.116358008919974, -21.194940645044404 ], [ -45.116358008919974, -21.195749128800109 ], [ -45.116627503505214, -21.195749128800106 ] ] ] } },
{ "type": "Feature", "properties": { "id_feicao": "fogo_2017_301", "ano": 2017.0, "mes": 9, "codigo_original": 15, "classe": "Pastagem", "cor": "#edde8e", "area_ha": 1.1680279535457518 }, "geometry": { "type": "Polygon", "coordinates": [ [ [ -45.11150710638573, -21.193593172118224 ], [ -45.11150710638573, -21.194132161288689 ], [ -45.112315590141435, -21.194132161288689 ], [ -45.112315590141435, -21.193054182947751 ], [ -45.111237611800497, -21.193054182947751 ], [ -45.111237611800497, -21.193593172118224 ], [ -45.11150710638573, -21.193593172118224 ] ] ] } },
{ "type": "Feature", "properties": { "id_feicao": "fogo_2017_302", "ano": 2017.0, "mes": 9, "codigo_original": 15, "classe": "Pastagem", "cor": "#edde8e", "area_ha": 21.442435070997256 }, "geometry": { "type": "Polygon", "coordinates": [ [ [ -45.111237611800497, -21.186047323731618 ], [ -45.111237611800497, -21.186316818316861 ], [ -45.110968117215258, -21.186316818316854 ], [ -45.110968117215258, -21.186047323731618 ], [ -45.110429128044785, -21.186047323731618 ], [ -45.110429128044785, -21.18631681831685 ], [ -45.110698622630025, -21.186316818316865 ], [ -45.110698622630025, -21.186586312902083 ], [ -45.110968117215258, -21.18658631290209 ], [ -45.110968117215258, -21.186855807487323 ], [ -45.110698622630025, -21.186855807487323 ], [ -45.110698622630025, -21.187125302072559 ], [ -45.110429128044785, -21.187125302072563 ], [ -45.110429128044785, -21.187394796657788 ], [ -45.110698622630025, -21.187394796657795 ], [ -45.110698622630025, -21.187664291243028 ], [ -45.110429128044785, -21.187664291243035 ], [ -45.110429128044785, -21.187933785828267 ], [ -45.110968117215258, -21.187933785828271 ], [ -45.110968117215258, -21.189281258754455 ], [ -45.111237611800497, -21.189281258754452 ], [ -45.111237611800497, -21.189011764169212 ], [ -45.11150710638573, -21.189011764169223 ], [ -45.11150710638573, -21.189550753339681 ], [ -45.112315590141435, -21.189550753339681 ], [ -45.112315590141435, -21.189281258754445 ], [ -45.112585084726675, -21.189281258754448 ], [ -45.112585084726675, -21.189011764169216 ], [ -45.112854579311907, -21.189011764169212 ], [ -45.112854579311907, -21.189550753339677 ], [ -45.112585084726675, -21.189550753339677 ], [ -45.112585084726675, -21.19008974251016 ], [ -45.113932557652852, -21.190089742510153 ], [ -45.113932557652852, -21.190359237095393 ], [ -45.113663063067619, -21.190359237095389 ], [ -45.113663063067619, -21.190628731680633 ], [ -45.113932557652852, -21.190628731680629 ], [ -45.113932557652852, -21.190898226265862 ], [ -45.114471546823324, -21.190898226265862 ], [ -45.114471546823324, -21.190628731680629 ], [ -45.114741041408557, -21.190628731680633 ], [ -45.114741041408557, -21.190898226265862 ], [ -45.115280030579029, -21.190898226265865 ], [ -45.115280030579029, -21.190628731680633 ], [ -45.115549525164269, -21.190628731680622 ], [ -45.115549525164269, -21.190359237095386 ], [ -45.115819019749502, -21.190359237095389 ], [ -45.115819019749502, -21.19008974251016 ], [ -45.115549525164269, -21.190089742510157 ], [ -45.115549525164269, -21.188742269583976 ], [ -45.114741041408557, -21.18874226958398 ], [ -45.114741041408557, -21.188472774998747 ], [ -45.115549525164269, -21.188472774998747 ], [ -45.115549525164269, -21.187933785828267 ], [ -45.115010535993797, -21.187933785828267 ], [ -45.115010535993797, -21.187664291243031 ], [ -45.115280030579029, -21.187664291243038 ], [ -45.115280030579029, -21.187394796657799 ], [ -45.115549525164269, -21.187394796657795 ], [ -45.115549525164269, -21.186586312902083 ], [ -45.116358008919974, -21.186586312902087 ], [ -45.116358008919974, -21.186316818316858 ], [ -45.115819019749502, -21.186316818316858 ], [ -45.115819019749502, -21.185777829146385 ], [ -45.115549525164269, -21.185777829146382 ], [ -45.115549525164269, -21.185508334561149 ], [ -45.115280030579029, -21.185508334561145 ], [ -45.115280030579029, -21.185777829146385 ], [ -45.114741041408557, -21.185777829146378 ], [ -45.114741041408557, -21.186047323731614 ], [ -45.111776600970963, -21.186047323731618 ], [ -45.111776600970963, -21.185777829146389 ], [ -45.11150710638573, -21.185777829146392 ], [ -45.11150710638573, -21.186047323731621 ], [ -45.111237611800497, -21.186047323731618 ] ], [ [ -45.114741041408557, -21.189011764169212 ], [ -45.114471546823324, -21.189011764169219 ], [ -45.114471546823324, -21.188742269583987 ], [ -45.114741041408557, -21.18874226958398 ], [ -45.114741041408557, -21.189011764169212 ] ], [ [ -45.112585084726675, -21.187664291243028 ], [ -45.111776600970963, -21.187664291243028 ], [ -45.111776600970963, -21.187394796657802 ], [ -45.111237611800497, -21.187394796657802 ], [ -45.111237611800497, -21.187125302072566 ], [ -45.112585084726675, -21.187125302072559 ], [ -45.112585084726675, -21.187664291243028 ] ], [ [ -45.111237611800497, -21.186586312902087 ], [ -45.11150710638573, -21.186586312902083 ], [ -45.11150710638573, -21.186855807487326 ], [ -45.111237611800497, -21.18685580748733 ], [ -45.111237611800497, -21.186586312902087 ] ] ] } },
{ "type": "Feature", "properties": { "id_feicao": "fogo_2017_303", "ano": 2017.0, "mes": 9, "codigo_original": 15, "classe": "Pastagem", "cor": "#edde8e", "area_ha": 0.25030238934643567 }, "geometry": { "type": "Polygon", "coordinates": [ [ [ -45.109890138874313, -21.187125302072559 ], [ -45.10962064428908, -21.18712530207257 ], [ -45.10962064428908, -21.187394796657795 ], [ -45.110159633459553, -21.187394796657795 ], [ -45.110159633459553, -21.186855807487326 ], [ -45.109890138874313, -21.186855807487323 ], [ -45.109890138874313, -21.187125302072559 ] ] ] } },
{ "type": "Feature", "properties": { "id_feicao": "fogo_2017_304", "ano": 2017.0, "mes": 9, "codigo_original": 15, "classe": "Pastagem", "cor": "#edde8e", "area_ha": 0.1668699666345492 }, "geometry": { "type": "Polygon", "coordinates": [ [ [ -45.116896998090446, -21.185508334561145 ], [ -45.116358008919974, -21.185508334561145 ], [ -45.116358008919974, -21.185777829146378 ], [ -45.116896998090446, -21.185777829146378 ], [ -45.116896998090446, -21.185508334561145 ] ] ] } },
{ "type": "Feature", "properties": { "id_feicao": "fogo_2017_305", "ano": 2017.0, "mes": 9, "codigo_original": 15, "classe": "Pastagem", "cor": "#edde8e", "area_ha": 0.33373986715654574 }, "geometry": { "type": "Polygon", "coordinates": [ [ [ -45.112854579311907, -21.185508334561142 ], [ -45.112854579311907, -21.185777829146385 ], [ -45.113932557652852, -21.185777829146392 ], [ -45.113932557652852, -21.185508334561149 ], [ -45.112854579311907, -21.185508334561142 ] ] ] } },
{ "type": "Feature", "properties": { "id_feicao": "fogo_2017_306", "ano": 2017.0, "mes": 9, "codigo_original": 15, "classe": "Pastagem", "cor": "#edde8e", "area_ha": 0.16686990143118147 }, "geometry": { "type": "Polygon", "coordinates": [ [ [ -45.109890138874313, -21.185508334561145 ], [ -45.109890138874313, -21.185777829146382 ], [ -45.110429128044785, -21.185777829146382 ], [ -45.110429128044785, -21.185508334561145 ], [ -45.109890138874313, -21.185508334561145 ] ] ] } },
{ "type": "Feature", "properties": { "id_feicao": "fogo_2017_307", "ano": 2017.0, "mes": 9, "codigo_original": 15, "classe": "Pastagem", "cor": "#edde8e", "area_ha": 0.083435279740765686 }, "geometry": { "type": "Polygon", "coordinates": [ [ [ -45.116627503505214, -21.184969345390673 ], [ -45.116358008919974, -21.184969345390677 ], [ -45.116358008919974, -21.185238839975913 ], [ -45.116627503505214, -21.185238839975909 ], [ -45.116627503505214, -21.184969345390673 ] ] ] } },
{ "type": "Feature", "properties": { "id_feicao": "fogo_2017_308", "ano": 2017.0, "mes": 9, "codigo_original": 15, "classe": "Pastagem", "cor": "#edde8e", "area_ha": 0.75092881774613951 }, "geometry": { "type": "Polygon", "coordinates": [ [ [ -45.16756198011479, -21.183082883294027 ], [ -45.16756198011479, -21.182813388708794 ], [ -45.167292485529551, -21.182813388708784 ], [ -45.167292485529551, -21.183891367049721 ], [ -45.167831474700023, -21.183891367049732 ], [ -45.167831474700023, -21.183621872464496 ], [ -45.168370463870495, -21.183621872464496 ], [ -45.168370463870495, -21.18335237787926 ], [ -45.167831474700023, -21.18335237787926 ], [ -45.167831474700023, -21.183082883294023 ], [ -45.16756198011479, -21.183082883294027 ] ] ] } },
{ "type": "Feature", "properties": { "id_feicao": "fogo_2017_309", "ano": 2017.0, "mes": 9, "codigo_original": 15, "classe": "Pastagem", "cor": "#edde8e", "area_ha": 0.50062448847161845 }, "geometry": { "type": "Polygon", "coordinates": [ [ [ -45.112854579311907, -21.180657432026901 ], [ -45.112854579311907, -21.180926926612138 ], [ -45.112585084726675, -21.180926926612134 ], [ -45.112585084726675, -21.181465915782599 ], [ -45.112854579311907, -21.181465915782614 ], [ -45.112854579311907, -21.181735410367839 ], [ -45.113124073897147, -21.181735410367839 ], [ -45.113124073897147, -21.180657432026898 ], [ -45.112854579311907, -21.180657432026901 ] ] ] } },
{ "type": "Feature", "properties": { "id_feicao": "fogo_2017_310", "ano": 2017.0, "mes": 9, "codigo_original": 15, "classe": "Pastagem", "cor": "#edde8e", "area_ha": 0.16687510185446591 }, "geometry": { "type": "Polygon", "coordinates": [ [ [ -45.110429128044785, -21.180657432026898 ], [ -45.110159633459553, -21.180657432026905 ], [ -45.110159633459553, -21.181196421197377 ], [ -45.110429128044785, -21.181196421197367 ], [ -45.110429128044785, -21.180657432026898 ] ] ] } },
{ "type": "Feature", "properties": { "id_feicao": "fogo_2017_311", "ano": 2017.0, "mes": 9, "codigo_original": 15, "classe": "Pastagem", "cor": "#edde8e", "area_ha": 0.083437932920625638 }, "geometry": { "type": "Polygon", "coordinates": [ [ [ -45.112315590141435, -21.180118442856436 ], [ -45.112315590141435, -21.180387937441658 ], [ -45.112585084726675, -21.180387937441658 ], [ -45.112585084726675, -21.180118442856429 ], [ -45.112315590141435, -21.180118442856436 ] ] ] } },
{ "type": "Feature", "properties": { "id_feicao": "fogo_2017_312", "ano": 2017.0, "mes": 9, "codigo_original": 15, "classe": "Pastagem", "cor": "#edde8e", "area_ha": 148.6041097494977 }, "geometry": { "type": "Polygon", "coordinates": [ [ [ -45.12201739520993, -21.174728551151716 ], [ -45.118783460187096, -21.174728551151713 ], [ -45.118783460187096, -21.174998045736956 ], [ -45.118513965601863, -21.174998045736952 ], [ -45.118513965601863, -21.174728551151713 ], [ -45.118244471016624, -21.174728551151716 ], [ -45.118244471016624, -21.174998045736945 ], [ -45.117974976431391, -21.174998045736949 ], [ -45.117974976431391, -21.174728551151709 ], [ -45.117705481846151, -21.174728551151709 ], [ -45.117705481846151, -21.174459056566473 ], [ -45.117435987260919, -21.174459056566466 ], [ -45.117435987260919, -21.174189561981247 ], [ -45.117166492675686, -21.174189561981244 ], [ -45.117166492675686, -21.17445905656648 ], [ -45.116896998090446, -21.174459056566473 ], [ -45.116896998090446, -21.174728551151709 ], [ -45.116627503505214, -21.174728551151706 ], [ -45.116627503505214, -21.174998045736945 ], [ -45.116358008919974, -21.174998045736949 ], [ -45.116358008919974, -21.174728551151709 ], [ -45.116088514334741, -21.17472855115172 ], [ -45.116088514334741, -21.174998045736945 ], [ -45.115819019749502, -21.174998045736956 ], [ -45.115819019749502, -21.17445905656648 ], [ -45.115549525164269, -21.174459056566473 ], [ -45.115549525164269, -21.17418956198124 ], [ -45.115280030579029, -21.17418956198124 ], [ -45.115280030579029, -21.174728551151716 ], [ -45.115549525164269, -21.174728551151709 ], [ -45.115549525164269, -21.174998045736949 ], [ -45.115010535993797, -21.174998045736949 ], [ -45.115010535993797, -21.175806529492657 ], [ -45.114741041408557, -21.175806529492657 ], [ -45.114741041408557, -21.17607602407789 ], [ -45.115010535993797, -21.176076024077897 ], [ -45.115010535993797, -21.176615013248362 ], [ -45.115280030579029, -21.176615013248366 ], [ -45.115280030579029, -21.176884507833599 ], [ -45.116627503505214, -21.176884507833599 ], [ -45.116627503505214, -21.177154002418838 ], [ -45.116358008919974, -21.177154002418835 ], [ -45.116358008919974, -21.177423497004071 ], [ -45.114741041408557, -21.177423497004071 ], [ -45.114741041408557, -21.177692991589307 ], [ -45.115010535993797, -21.177692991589307 ], [ -45.115010535993797, -21.178501475345012 ], [ -45.114741041408557, -21.178501475345012 ], [ -45.114741041408557, -21.178770969930248 ], [ -45.114471546823324, -21.178770969930252 ], [ -45.114471546823324, -21.178501475345016 ], [ -45.114202052238092, -21.178501475345012 ], [ -45.114202052238092, -21.178231980759787 ], [ -45.113932557652852, -21.178231980759779 ], [ -45.113932557652852, -21.178770969930252 ], [ -45.113663063067619, -21.178770969930255 ], [ -45.113663063067619, -21.179579453685953 ], [ -45.11339356848238, -21.17957945368596 ], [ -45.11339356848238, -21.1798489482712 ], [ -45.113932557652852, -21.179848948271193 ], [ -45.113932557652852, -21.180387937441662 ], [ -45.11339356848238, -21.180387937441665 ], [ -45.11339356848238, -21.180657432026905 ], [ -45.113663063067619, -21.180657432026898 ], [ -45.113663063067619, -21.180926926612138 ], [ -45.114202052238092, -21.180926926612131 ], [ -45.114202052238092, -21.181465915782606 ], [ -45.114471546823324, -21.181465915782603 ], [ -45.114471546823324, -21.181735410367832 ], [ -45.113124073897147, -21.181735410367839 ], [ -45.113124073897147, -21.182004904953086 ], [ -45.113663063067619, -21.182004904953086 ], [ -45.113663063067619, -21.182813388708784 ], [ -45.11339356848238, -21.182813388708794 ], [ -45.11339356848238, -21.183082883294023 ], [ -45.113663063067619, -21.183082883294031 ], [ -45.113663063067619, -21.183352377879263 ], [ -45.112854579311907, -21.183352377879263 ], [ -45.112854579311907, -21.183891367049728 ], [ -45.112585084726675, -21.183891367049728 ], [ -45.112585084726675, -21.18281338870878 ], [ -45.112315590141435, -21.182813388708791 ], [ -45.112315590141435, -21.182543894123551 ], [ -45.112854579311907, -21.182543894123551 ], [ -45.112854579311907, -21.182004904953086 ], [ -45.112585084726675, -21.182004904953089 ], [ -45.112585084726675, -21.181735410367839 ], [ -45.111776600970963, -21.181735410367839 ], [ -45.111776600970963, -21.182004904953082 ], [ -45.11150710638573, -21.182004904953079 ], [ -45.11150710638573, -21.182543894123551 ], [ -45.111237611800497, -21.182543894123555 ], [ -45.111237611800497, -21.182813388708791 ], [ -45.110698622630025, -21.182813388708791 ], [ -45.110698622630025, -21.183082883294027 ], [ -45.110429128044785, -21.183082883294027 ], [ -45.110429128044785, -21.182813388708784 ], [ -45.110159633459553, -21.182813388708787 ], [ -45.110159633459553, -21.182543894123555 ], [ -45.110429128044785, -21.182543894123548 ], [ -45.110429128044785, -21.18146591578261 ], [ -45.110159633459553, -21.181465915782606 ], [ -45.110159633459553, -21.181196421197377 ], [ -45.109351149703841, -21.18119642119737 ], [ -45.109351149703841, -21.181465915782606 ], [ -45.108812160533368, -21.181465915782606 ], [ -45.108812160533368, -21.181735410367846 ], [ -45.108003676777663, -21.181735410367835 ], [ -45.108003676777663, -21.18146591578261 ], [ -45.107464687607191, -21.181465915782606 ], [ -45.107464687607191, -21.181735410367846 ], [ -45.106925698436719, -21.181735410367835 ], [ -45.106925698436719, -21.181465915782606 ], [ -45.106386709266246, -21.181465915782606 ], [ -45.106386709266246, -21.181196421197377 ], [ -45.105847720095774, -21.181196421197377 ], [ -45.105847720095774, -21.180926926612138 ], [ -45.105578225510541, -21.180926926612134 ], [ -45.105578225510541, -21.180657432026901 ], [ -45.105308730925309, -21.180657432026905 ], [ -45.105308730925309, -21.180387937441669 ], [ -45.105039236340069, -21.180387937441669 ], [ -45.105039236340069, -21.180118442856433 ], [ -45.105308730925309, -21.180118442856433 ], [ -45.105308730925309, -21.179848948271196 ], [ -45.106117214681014, -21.1798489482712 ], [ -45.106117214681014, -21.179579453685953 ], [ -45.105578225510541, -21.17957945368596 ], [ -45.105578225510541, -21.179309959100724 ], [ -45.106117214681014, -21.179309959100724 ], [ -45.106117214681014, -21.178770969930255 ], [ -45.106925698436719, -21.178770969930252 ], [ -45.106925698436719, -21.179040464515484 ], [ -45.107195193021958, -21.179040464515491 ], [ -45.107195193021958, -21.179848948271196 ], [ -45.107464687607191, -21.179848948271196 ], [ -45.107464687607191, -21.179579453685957 ], [ -45.109081655118608, -21.17957945368596 ], [ -45.109081655118608, -21.180387937441665 ], [ -45.10962064428908, -21.180387937441665 ], [ -45.10962064428908, -21.180657432026898 ], [ -45.110159633459553, -21.180657432026905 ], [ -45.110159633459553, -21.180387937441658 ], [ -45.110698622630025, -21.180387937441662 ], [ -45.110698622630025, -21.179040464515488 ], [ -45.110429128044785, -21.179040464515488 ], [ -45.110429128044785, -21.178770969930252 ], [ -45.111237611800497, -21.178770969930252 ], [ -45.111237611800497, -21.17796248617454 ], [ -45.112585084726675, -21.177962486174543 ], [ -45.112585084726675, -21.178231980759776 ], [ -45.112854579311907, -21.178231980759776 ], [ -45.112854579311907, -21.177692991589311 ], [ -45.112585084726675, -21.177692991589307 ], [ -45.112585084726675, -21.177423497004071 ], [ -45.11150710638573, -21.177423497004071 ], [ -45.11150710638573, -21.176884507833599 ], [ -45.111776600970963, -21.176884507833606 ], [ -45.111776600970963, -21.177154002418838 ], [ -45.11339356848238, -21.177154002418835 ], [ -45.11339356848238, -21.176884507833595 ], [ -45.113663063067619, -21.176884507833599 ], [ -45.113663063067619, -21.176615013248369 ], [ -45.113124073897147, -21.176615013248362 ], [ -45.113124073897147, -21.176345518663133 ], [ -45.113932557652852, -21.176345518663126 ], [ -45.113932557652852, -21.176076024077894 ], [ -45.114202052238092, -21.176076024077901 ], [ -45.114202052238092, -21.175537034907418 ], [ -45.114471546823324, -21.175537034907425 ], [ -45.114471546823324, -21.174998045736952 ], [ -45.114741041408557, -21.174998045736949 ], [ -45.114741041408557, -21.173650572810775 ], [ -45.114471546823324, -21.173650572810768 ], [ -45.114471546823324, -21.173381078225539 ], [ -45.110968117215258, -21.173381078225528 ], [ -45.110968117215258, -21.173111583640292 ], [ -45.110159633459553, -21.173111583640303 ], [ -45.110159633459553, -21.17284208905507 ], [ -45.109890138874313, -21.172842089055059 ], [ -45.109890138874313, -21.172572594469827 ], [ -45.10962064428908, -21.172572594469823 ], [ -45.10962064428908, -21.172303099884587 ], [ -45.107195193021958, -21.172303099884594 ], [ -45.107195193021958, -21.172842089055063 ], [ -45.106925698436719, -21.172842089055063 ], [ -45.106925698436719, -21.173381078225532 ], [ -45.106656203851486, -21.173381078225539 ], [ -45.106656203851486, -21.173920067396001 ], [ -45.106386709266246, -21.173920067396001 ], [ -45.106386709266246, -21.175806529492654 ], [ -45.106656203851486, -21.175806529492654 ], [ -45.106656203851486, -21.176345518663123 ], [ -45.105578225510541, -21.176345518663126 ], [ -45.105578225510541, -21.176884507833599 ], [ -45.105308730925309, -21.176884507833591 ], [ -45.105308730925309, -21.177692991589314 ], [ -45.105039236340069, -21.177692991589307 ], [ -45.105039236340069, -21.178231980759779 ], [ -45.104769741754836, -21.178231980759779 ], [ -45.104769741754836, -21.178501475345016 ], [ -45.104500247169597, -21.178501475345016 ], [ -45.104500247169597, -21.178770969930252 ], [ -45.104769741754836, -21.178770969930255 ], [ -45.104769741754836, -21.179040464515488 ], [ -45.104500247169597, -21.179040464515488 ], [ -45.104500247169597, -21.179848948271196 ], [ -45.104769741754836, -21.1798489482712 ], [ -45.104769741754836, -21.180118442856433 ], [ -45.104500247169597, -21.180118442856429 ], [ -45.104500247169597, -21.180657432026898 ], [ -45.103691763413892, -21.180657432026901 ], [ -45.103691763413892, -21.180926926612127 ], [ -45.103152774243419, -21.180926926612134 ], [ -45.103152774243419, -21.181735410367843 ], [ -45.10288327965818, -21.181735410367843 ], [ -45.10288327965818, -21.182274399538318 ], [ -45.102613785072947, -21.182274399538315 ], [ -45.102613785072947, -21.182543894123558 ], [ -45.103152774243419, -21.182543894123551 ], [ -45.103152774243419, -21.182813388708787 ], [ -45.103422268828652, -21.182813388708787 ], [ -45.103422268828652, -21.183082883294031 ], [ -45.103961257999124, -21.183082883294027 ], [ -45.103961257999124, -21.18335237787926 ], [ -45.105578225510541, -21.183352377879263 ], [ -45.105578225510541, -21.183621872464489 ], [ -45.106117214681014, -21.183621872464485 ], [ -45.106117214681014, -21.183352377879267 ], [ -45.106386709266246, -21.183352377879263 ], [ -45.106386709266246, -21.184430356220204 ], [ -45.106117214681014, -21.184430356220204 ], [ -45.106117214681014, -21.18496934539067 ], [ -45.105847720095774, -21.18496934539067 ], [ -45.105847720095774, -21.185238839975906 ], [ -45.105578225510541, -21.185238839975916 ], [ -45.105578225510541, -21.186047323731621 ], [ -45.105308730925309, -21.186047323731618 ], [ -45.105308730925309, -21.186316818316858 ], [ -45.105039236340069, -21.186316818316861 ], [ -45.105039236340069, -21.187125302072555 ], [ -45.105847720095774, -21.187125302072563 ], [ -45.105847720095774, -21.186855807487326 ], [ -45.106117214681014, -21.186855807487323 ], [ -45.106117214681014, -21.186586312902079 ], [ -45.106386709266246, -21.186586312902094 ], [ -45.106386709266246, -21.186316818316847 ], [ -45.106925698436719, -21.186316818316854 ], [ -45.106925698436719, -21.186047323731621 ], [ -45.107195193021958, -21.186047323731618 ], [ -45.107195193021958, -21.185508334561149 ], [ -45.108273171362903, -21.185508334561145 ], [ -45.108273171362903, -21.185238839975906 ], [ -45.108542665948136, -21.185238839975916 ], [ -45.108542665948136, -21.184969345390677 ], [ -45.109351149703841, -21.18496934539067 ], [ -45.109351149703841, -21.184699850805433 ], [ -45.109890138874313, -21.184699850805437 ], [ -45.109890138874313, -21.184969345390666 ], [ -45.110698622630025, -21.184969345390673 ], [ -45.110698622630025, -21.185238839975916 ], [ -45.111237611800497, -21.185238839975916 ], [ -45.111237611800497, -21.184969345390673 ], [ -45.111776600970963, -21.184969345390677 ], [ -45.111776600970963, -21.185238839975906 ], [ -45.112315590141435, -21.185238839975913 ], [ -45.112315590141435, -21.185508334561149 ], [ -45.112854579311907, -21.185508334561142 ], [ -45.112854579311907, -21.185238839975913 ], [ -45.113663063067619, -21.185238839975913 ], [ -45.113663063067619, -21.184969345390673 ], [ -45.114202052238092, -21.184969345390673 ], [ -45.114202052238092, -21.185238839975916 ], [ -45.115010535993797, -21.185238839975906 ], [ -45.115010535993797, -21.18496934539067 ], [ -45.116358008919974, -21.184969345390677 ], [ -45.116358008919974, -21.184699850805437 ], [ -45.116627503505214, -21.18469985080544 ], [ -45.116627503505214, -21.184430356220194 ], [ -45.116896998090446, -21.184430356220197 ], [ -45.116896998090446, -21.184160861634965 ], [ -45.117435987260919, -21.184160861634968 ], [ -45.117435987260919, -21.183082883294031 ], [ -45.117166492675686, -21.183082883294023 ], [ -45.117166492675686, -21.182543894123551 ], [ -45.117435987260919, -21.182543894123551 ], [ -45.117435987260919, -21.182004904953079 ], [ -45.116896998090446, -21.182004904953079 ], [ -45.116896998090446, -21.181465915782614 ], [ -45.117435987260919, -21.181465915782603 ], [ -45.117435987260919, -21.181735410367835 ], [ -45.117974976431391, -21.181735410367846 ], [ -45.117974976431391, -21.181196421197377 ], [ -45.118244471016624, -21.181196421197377 ], [ -45.118244471016624, -21.180926926612131 ], [ -45.118783460187096, -21.180926926612134 ], [ -45.118783460187096, -21.180657432026898 ], [ -45.119052954772336, -21.180657432026905 ], [ -45.119052954772336, -21.179848948271196 ], [ -45.118783460187096, -21.179848948271196 ], [ -45.118783460187096, -21.180118442856433 ], [ -45.118513965601863, -21.180118442856429 ], [ -45.118513965601863, -21.179579453685953 ], [ -45.118783460187096, -21.17957945368596 ], [ -45.118783460187096, -21.179309959100724 ], [ -45.119052954772336, -21.179309959100724 ], [ -45.119052954772336, -21.179040464515488 ], [ -45.120400427698513, -21.179040464515488 ], [ -45.120400427698513, -21.179309959100724 ], [ -45.120669922283746, -21.179309959100724 ], [ -45.120669922283746, -21.179579453685957 ], [ -45.121478406039458, -21.17957945368596 ], [ -45.121478406039458, -21.179309959100724 ], [ -45.12174790062469, -21.179309959100724 ], [ -45.12174790062469, -21.178501475345019 ], [ -45.119322449357568, -21.178501475345023 ], [ -45.119322449357568, -21.178231980759779 ], [ -45.119052954772336, -21.178231980759783 ], [ -45.119052954772336, -21.178501475345016 ], [ -45.118513965601863, -21.178501475345023 ], [ -45.118513965601863, -21.178770969930248 ], [ -45.117435987260919, -21.178770969930255 ], [ -45.117435987260919, -21.178501475345019 ], [ -45.117705481846151, -21.178501475345016 ], [ -45.117705481846151, -21.178231980759787 ], [ -45.117974976431391, -21.178231980759779 ], [ -45.117974976431391, -21.177962486174543 ], [ -45.119591943942808, -21.177962486174547 ], [ -45.119591943942808, -21.177692991589304 ], [ -45.119322449357568, -21.177692991589307 ], [ -45.119322449357568, -21.177154002418835 ], [ -45.118783460187096, -21.177154002418835 ], [ -45.118783460187096, -21.176615013248369 ], [ -45.119052954772336, -21.176615013248366 ], [ -45.119052954772336, -21.176345518663123 ], [ -45.121208911454218, -21.17634551866313 ], [ -45.121208911454218, -21.176076024077894 ], [ -45.12174790062469, -21.17607602407789 ], [ -45.12174790062469, -21.175806529492657 ], [ -45.12201739520993, -21.175806529492654 ], [ -45.12201739520993, -21.175537034907421 ], [ -45.122286889795163, -21.175537034907421 ], [ -45.122286889795163, -21.175267540322189 ], [ -45.122825878965635, -21.175267540322192 ], [ -45.122825878965635, -21.175537034907428 ], [ -45.123364868136107, -21.175537034907418 ], [ -45.123364868136107, -21.175806529492661 ], [ -45.123634362721347, -21.175806529492657 ], [ -45.123634362721347, -21.176076024077897 ], [ -45.124712341062292, -21.17607602407789 ], [ -45.124712341062292, -21.175267540322185 ], [ -45.124442846477052, -21.175267540322196 ], [ -45.124442846477052, -21.174459056566473 ], [ -45.124981835647525, -21.17445905656648 ], [ -45.124981835647525, -21.172842089055063 ], [ -45.125520824817997, -21.172842089055056 ], [ -45.125520824817997, -21.171764110714118 ], [ -45.12390385730658, -21.171764110714118 ], [ -45.12390385730658, -21.173650572810768 ], [ -45.124442846477052, -21.173650572810775 ], [ -45.124442846477052, -21.173920067396008 ], [ -45.12390385730658, -21.173920067396008 ], [ -45.12390385730658, -21.174728551151716 ], [ -45.122286889795163, -21.174728551151706 ], [ -45.122286889795163, -21.174998045736949 ], [ -45.12201739520993, -21.174998045736945 ], [ -45.12201739520993, -21.174728551151716 ] ], [ [ -45.117974976431391, -21.175267540322189 ], [ -45.118244471016624, -21.175267540322185 ], [ -45.118244471016624, -21.175537034907418 ], [ -45.117974976431391, -21.175537034907421 ], [ -45.117974976431391, -21.17580652949265 ], [ -45.117705481846151, -21.175806529492657 ], [ -45.117705481846151, -21.174998045736949 ], [ -45.117974976431391, -21.174998045736949 ], [ -45.117974976431391, -21.175267540322189 ] ], [ [ -45.105578225510541, -21.178770969930255 ], [ -45.105578225510541, -21.178501475345019 ], [ -45.105308730925309, -21.178501475345012 ], [ -45.105308730925309, -21.177962486174547 ], [ -45.106656203851486, -21.177962486174543 ], [ -45.106656203851486, -21.177692991589311 ], [ -45.107734182192431, -21.177692991589307 ], [ -45.107734182192431, -21.177962486174543 ], [ -45.108542665948136, -21.177962486174543 ], [ -45.108542665948136, -21.178231980759779 ], [ -45.108812160533368, -21.178231980759787 ], [ -45.108812160533368, -21.178501475345016 ], [ -45.107195193021958, -21.178501475345016 ], [ -45.107195193021958, -21.178231980759783 ], [ -45.106117214681014, -21.178231980759779 ], [ -45.106117214681014, -21.178770969930255 ], [ -45.105578225510541, -21.178770969930255 ] ], [ [ -45.109351149703841, -21.178501475345019 ], [ -45.109351149703841, -21.179040464515484 ], [ -45.108812160533368, -21.179040464515488 ], [ -45.108812160533368, -21.178501475345016 ], [ -45.109351149703841, -21.178501475345019 ] ], [ [ -45.105039236340069, -21.179040464515491 ], [ -45.105039236340069, -21.179309959100721 ], [ -45.104769741754836, -21.179309959100724 ], [ -45.104769741754836, -21.179040464515488 ], [ -45.105039236340069, -21.179040464515491 ] ], [ [ -45.110698622630025, -21.184699850805437 ], [ -45.110698622630025, -21.184430356220197 ], [ -45.110968117215258, -21.184430356220197 ], [ -45.110968117215258, -21.18469985080544 ], [ -45.110698622630025, -21.184699850805437 ] ], [ [ -45.115280030579029, -21.184160861634965 ], [ -45.115280030579029, -21.183891367049728 ], [ -45.115549525164269, -21.183891367049732 ], [ -45.115549525164269, -21.184160861634975 ], [ -45.115280030579029, -21.184160861634965 ] ], [ [ -45.115549525164269, -21.183621872464499 ], [ -45.115549525164269, -21.183352377879256 ], [ -45.115819019749502, -21.183352377879256 ], [ -45.115819019749502, -21.183621872464503 ], [ -45.115549525164269, -21.183621872464499 ] ], [ [ -45.114202052238092, -21.17957945368596 ], [ -45.114202052238092, -21.179040464515488 ], [ -45.114471546823324, -21.179040464515484 ], [ -45.114471546823324, -21.179579453685957 ], [ -45.114202052238092, -21.17957945368596 ] ], [ [ -45.110429128044785, -21.177154002418835 ], [ -45.110429128044785, -21.176884507833595 ], [ -45.110698622630025, -21.176884507833599 ], [ -45.110698622630025, -21.177154002418838 ], [ -45.110429128044785, -21.177154002418835 ] ], [ [ -45.119591943942808, -21.176076024077894 ], [ -45.119591943942808, -21.175806529492654 ], [ -45.119861438528041, -21.175806529492657 ], [ -45.119861438528041, -21.176076024077894 ], [ -45.119591943942808, -21.176076024077894 ] ], [ [ -45.110698622630025, -21.175806529492654 ], [ -45.110698622630025, -21.175537034907418 ], [ -45.110968117215258, -21.175537034907425 ], [ -45.110968117215258, -21.175267540322182 ], [ -45.111776600970963, -21.175267540322182 ], [ -45.111776600970963, -21.175806529492654 ], [ -45.11150710638573, -21.175806529492661 ], [ -45.11150710638573, -21.17607602407789 ], [ -45.110968117215258, -21.17607602407789 ], [ -45.110968117215258, -21.175806529492654 ], [ -45.110698622630025, -21.175806529492654 ] ], [ [ -45.110968117215258, -21.174728551151709 ], [ -45.110968117215258, -21.174459056566477 ], [ -45.111237611800497, -21.174459056566477 ], [ -45.111237611800497, -21.174728551151716 ], [ -45.110968117215258, -21.174728551151709 ] ], [ [ -45.108812160533368, -21.184160861634968 ], [ -45.108812160533368, -21.183891367049728 ], [ -45.109351149703841, -21.183891367049728 ], [ -45.109351149703841, -21.184160861634968 ], [ -45.108812160533368, -21.184160861634968 ] ], [ [ -45.106117214681014, -21.18281338870878 ], [ -45.106117214681014, -21.182543894123548 ], [ -45.105308730925309, -21.182543894123551 ], [ -45.105308730925309, -21.182274399538315 ], [ -45.105578225510541, -21.182274399538315 ], [ -45.105578225510541, -21.182004904953086 ], [ -45.105847720095774, -21.182004904953082 ], [ -45.105847720095774, -21.182274399538311 ], [ -45.106925698436719, -21.182274399538311 ], [ -45.106925698436719, -21.182543894123548 ], [ -45.107195193021958, -21.182543894123548 ], [ -45.107195193021958, -21.182813388708791 ], [ -45.106117214681014, -21.18281338870878 ] ], [ [ -45.109890138874313, -21.18173541036785 ], [ -45.109890138874313, -21.182543894123544 ], [ -45.109351149703841, -21.182543894123551 ], [ -45.109351149703841, -21.182004904953079 ], [ -45.10962064428908, -21.182004904953086 ], [ -45.10962064428908, -21.18173541036785 ], [ -45.109890138874313, -21.18173541036785 ] ], [ [ -45.104500247169597, -21.181465915782614 ], [ -45.104500247169597, -21.181196421197374 ], [ -45.104769741754836, -21.181196421197374 ], [ -45.104769741754836, -21.181465915782614 ], [ -45.104500247169597, -21.181465915782614 ] ], [ [ -45.108812160533368, -21.175806529492657 ], [ -45.109081655118608, -21.175806529492661 ], [ -45.109081655118608, -21.176345518663126 ], [ -45.109351149703841, -21.176345518663126 ], [ -45.109351149703841, -21.176615013248359 ], [ -45.10962064428908, -21.176615013248362 ], [ -45.10962064428908, -21.176884507833599 ], [ -45.109890138874313, -21.176884507833606 ], [ -45.109890138874313, -21.177154002418835 ], [ -45.10962064428908, -21.177154002418838 ], [ -45.10962064428908, -21.177423497004078 ], [ -45.109890138874313, -21.177423497004071 ], [ -45.109890138874313, -21.177962486174543 ], [ -45.10962064428908, -21.177962486174543 ], [ -45.10962064428908, -21.178231980759783 ], [ -45.109351149703841, -21.178231980759779 ], [ -45.109351149703841, -21.177962486174543 ], [ -45.109081655118608, -21.177962486174543 ], [ -45.109081655118608, -21.177692991589307 ], [ -45.108812160533368, -21.177692991589307 ], [ -45.108812160533368, -21.177423497004074 ], [ -45.108542665948136, -21.177423497004071 ], [ -45.108542665948136, -21.176076024077894 ], [ -45.108003676777663, -21.176076024077897 ], [ -45.108003676777663, -21.174189561981247 ], [ -45.107734182192431, -21.174189561981244 ], [ -45.107734182192431, -21.173650572810775 ], [ -45.108003676777663, -21.173650572810779 ], [ -45.108003676777663, -21.173920067396011 ], [ -45.109081655118608, -21.173920067396008 ], [ -45.109081655118608, -21.174459056566473 ], [ -45.108812160533368, -21.174459056566473 ], [ -45.108812160533368, -21.175806529492657 ] ] ] } },
{ "type": "Feature", "properties": { "id_feicao": "fogo_2017_313", "ano": 2017.0, "mes": 9, "codigo_original": 15, "classe": "Pastagem", "cor": "#edde8e", "area_ha": 0.083439280460961163 }, "geometry": { "type": "Polygon", "coordinates": [ [ [ -45.114741041408557, -21.177692991589307 ], [ -45.114471546823324, -21.177692991589311 ], [ -45.114471546823324, -21.17796248617455 ], [ -45.114741041408557, -21.17796248617455 ], [ -45.114741041408557, -21.177692991589307 ] ] ] } },
{ "type": "Feature", "properties": { "id_feicao": "fogo_2017_314", "ano": 2017.0, "mes": 9, "codigo_original": 15, "classe": "Pastagem", "cor": "#edde8e", "area_ha": 0.083440819978577288 }, "geometry": { "type": "Polygon", "coordinates": [ [ [ -45.124712341062292, -21.174998045736945 ], [ -45.124712341062292, -21.175267540322185 ], [ -45.124981835647525, -21.175267540322189 ], [ -45.124981835647525, -21.174998045736949 ], [ -45.124712341062292, -21.174998045736945 ] ] ] } },
{ "type": "Feature", "properties": { "id_feicao": "fogo_2017_315", "ano": 2017.0, "mes": 9, "codigo_original": 15, "classe": "Pastagem", "cor": "#edde8e", "area_ha": 0.083441072135335706 }, "geometry": { "type": "Polygon", "coordinates": [ [ [ -45.116358008919974, -21.174459056566473 ], [ -45.116358008919974, -21.174728551151709 ], [ -45.116627503505214, -21.174728551151706 ], [ -45.116627503505214, -21.174459056566469 ], [ -45.116358008919974, -21.174459056566473 ] ] ] } },
{ "type": "Feature", "properties": { "id_feicao": "fogo_2017_316", "ano": 2017.0, "mes": 9, "codigo_original": 15, "classe": "Pastagem", "cor": "#edde8e", "area_ha": 0.083441222011763599 }, "geometry": { "type": "Polygon", "coordinates": [ [ [ -45.116896998090446, -21.174189561981244 ], [ -45.116627503505214, -21.174189561981244 ], [ -45.116627503505214, -21.174459056566469 ], [ -45.116896998090446, -21.174459056566473 ], [ -45.116896998090446, -21.174189561981244 ] ] ] } },
{ "type": "Feature", "properties": { "id_feicao": "fogo_2017_317", "ano": 2017.0, "mes": 9, "codigo_original": 15, "classe": "Pastagem", "cor": "#edde8e", "area_ha": 0.20226547166628761 }, "geometry": { "type": "Polygon", "coordinates": [ [ [ -45.105847720095774, -21.389785230169927 ], [ -45.105847720095774, -21.390324219340396 ], [ -45.10608050421564, -21.390324219552873 ], [ -45.10612, -21.390179999999894 ], [ -45.106211, -21.389928999999899 ], [ -45.10632080219775, -21.389785230262863 ], [ -45.105847720095774, -21.389785230169927 ] ] ] } },
{ "type": "Feature", "properties": { "id_feicao": "fogo_2017_318", "ano": 2017.0, "mes": 9, "codigo_original": 15, "classe": "Pastagem", "cor": "#edde8e", "area_ha": 1.6743945066241868 }, "geometry": { "type": "Polygon", "coordinates": [ [ [ -45.106386709266246, -21.389246240999459 ], [ -45.106386709265649, -21.389703799519758 ], [ -45.106513999999898, -21.389554 ], [ -45.106701, -21.389407999999897 ], [ -45.106876999999898, -21.389239 ], [ -45.107101, -21.38907 ], [ -45.107278, -21.388866 ], [ -45.107405, -21.388673 ], [ -45.107458, -21.388455 ], [ -45.107458374843326, -21.388437757253776 ], [ -45.106925698436719, -21.388437757243743 ], [ -45.106925698436719, -21.388168262658503 ], [ -45.106656203851486, -21.388168262658517 ], [ -45.106656203851486, -21.388437757243743 ], [ -45.105847720095774, -21.388437757243743 ], [ -45.105847720095774, -21.388707251828986 ], [ -45.105308730925309, -21.388707251828983 ], [ -45.105308730925309, -21.388976746414226 ], [ -45.105847720095774, -21.388976746414222 ], [ -45.105847720095774, -21.389246240999459 ], [ -45.106386709266246, -21.389246240999459 ] ] ] } },
{ "type": "Feature", "properties": { "id_feicao": "fogo_2017_319", "ano": 2017.0, "mes": 9, "codigo_original": 15, "classe": "Pastagem", "cor": "#edde8e", "area_ha": 0.083322852182574569 }, "geometry": { "type": "Polygon", "coordinates": [ [ [ -45.107195193021958, -21.387898768073281 ], [ -45.106925698436719, -21.387898768073274 ], [ -45.106925698436719, -21.388168262658503 ], [ -45.107195193021958, -21.388168262658517 ], [ -45.107195193021958, -21.387898768073281 ] ] ] } },
{ "type": "Feature", "properties": { "id_feicao": "fogo_2017_320", "ano": 2017.0, "mes": 9, "codigo_original": 15, "classe": "Pastagem", "cor": "#edde8e", "area_ha": 0.08332299325010499 }, "geometry": { "type": "Polygon", "coordinates": [ [ [ -45.105039236340069, -21.387629273488042 ], [ -45.105039236340069, -21.387898768073281 ], [ -45.105308730925309, -21.387898768073274 ], [ -45.105308730925309, -21.387629273488045 ], [ -45.105039236340069, -21.387629273488042 ] ] ] } },
{ "type": "Feature", "properties": { "id_feicao": "fogo_2017_321", "ano": 2017.0, "mes": 9, "codigo_original": 15, "classe": "Pastagem", "cor": "#edde8e", "area_ha": 0.24996916890430312 }, "geometry": { "type": "Polygon", "coordinates": [ [ [ -45.10288327965818, -21.387629273488045 ], [ -45.10288327965818, -21.387898768073274 ], [ -45.103422268828652, -21.387898768073274 ], [ -45.103422268828652, -21.387359778902805 ], [ -45.103152774243419, -21.387359778902802 ], [ -45.103152774243419, -21.387629273488031 ], [ -45.10288327965818, -21.387629273488045 ] ] ] } },
{ "type": "Feature", "properties": { "id_feicao": "fogo_2017_322", "ano": 2017.0, "mes": 9, "codigo_original": 15, "classe": "Pastagem", "cor": "#edde8e", "area_ha": 3.999531757896766 }, "geometry": { "type": "Polygon", "coordinates": [ [ [ -45.105578225510541, -21.387898768073274 ], [ -45.106386709266246, -21.387898768073271 ], [ -45.106386709266246, -21.387629273488045 ], [ -45.107195193021958, -21.387629273488042 ], [ -45.107195193021958, -21.385473316806152 ], [ -45.105847720095774, -21.385473316806149 ], [ -45.105847720095774, -21.386551295147104 ], [ -45.105578225510541, -21.386551295147097 ], [ -45.105578225510541, -21.387359778902802 ], [ -45.105308730925309, -21.387359778902805 ], [ -45.105308730925309, -21.387629273488045 ], [ -45.105578225510541, -21.387629273488034 ], [ -45.105578225510541, -21.387898768073274 ] ] ] } },
{ "type": "Feature", "properties": { "id_feicao": "fogo_2017_323", "ano": 2017.0, "mes": 9, "codigo_original": 15, "classe": "Pastagem", "cor": "#edde8e", "area_ha": 1.5831993607236681 }, "geometry": { "type": "Polygon", "coordinates": [ [ [ -45.106386709266246, -21.38116140344237 ], [ -45.106386709266246, -21.38170039261286 ], [ -45.105847720095774, -21.381700392612853 ], [ -45.105847720095774, -21.382508876368551 ], [ -45.107195193021958, -21.382508876368558 ], [ -45.107195193021958, -21.381430898027617 ], [ -45.106656203851486, -21.381430898027617 ], [ -45.106656203851486, -21.381161403442384 ], [ -45.106386709266246, -21.38116140344237 ] ] ] } },
{ "type": "Feature", "properties": { "id_feicao": "fogo_2017_324", "ano": 2017.0, "mes": 9, "codigo_original": 15, "classe": "Pastagem", "cor": "#edde8e", "area_ha": 0.24998134082814558 }, "geometry": { "type": "Polygon", "coordinates": [ [ [ -45.105039236340069, -21.380352919686676 ], [ -45.105039236340069, -21.380622414271897 ], [ -45.105578225510541, -21.380622414271901 ], [ -45.105578225510541, -21.380083425101439 ], [ -45.105308730925309, -21.380083425101432 ], [ -45.105308730925309, -21.380352919686679 ], [ -45.105039236340069, -21.380352919686676 ] ] ] } },
{ "type": "Feature", "properties": { "id_feicao": "fogo_2017_325", "ano": 2017.0, "mes": 9, "codigo_original": 15, "classe": "Pastagem", "cor": "#edde8e", "area_ha": 3.9163926786355674 }, "geometry": { "type": "Polygon", "coordinates": [ [ [ -45.104500247169597, -21.380622414271905 ], [ -45.104769741754836, -21.380622414271908 ], [ -45.104769741754836, -21.380352919686668 ], [ -45.105039236340069, -21.380352919686676 ], [ -45.105039236340069, -21.379544435930963 ], [ -45.105578225510541, -21.379544435930953 ], [ -45.105578225510541, -21.379274941345731 ], [ -45.104500247169597, -21.379274941345734 ], [ -45.104500247169597, -21.378735952175262 ], [ -45.105847720095774, -21.378735952175262 ], [ -45.105847720095774, -21.378466457590026 ], [ -45.103422268828652, -21.378466457590019 ], [ -45.103422268828652, -21.378735952175262 ], [ -45.103152774243419, -21.378735952175262 ], [ -45.103152774243419, -21.380083425101425 ], [ -45.103961257999124, -21.380083425101439 ], [ -45.103961257999124, -21.380352919686672 ], [ -45.104500247169597, -21.380352919686672 ], [ -45.104500247169597, -21.380622414271905 ] ] ] } },
{ "type": "Feature", "properties": { "id_feicao": "fogo_2017_326", "ano": 2017.0, "mes": 9, "codigo_original": 15, "classe": "Pastagem", "cor": "#edde8e", "area_ha": 11.262068441157789 }, "geometry": { "type": "Polygon", "coordinates": [ [ [ -45.105308730925309, -21.207067901380022 ], [ -45.105578225510541, -21.207067901380025 ], [ -45.105578225510541, -21.207337395965254 ], [ -45.105847720095774, -21.207337395965258 ], [ -45.105847720095774, -21.207606890550487 ], [ -45.106386709266246, -21.207606890550483 ], [ -45.106386709266246, -21.207876385135716 ], [ -45.106925698436719, -21.207876385135727 ], [ -45.106925698436719, -21.208145879720952 ], [ -45.107195193021958, -21.208145879720952 ], [ -45.107195193021958, -21.208415374306195 ], [ -45.107734182192431, -21.208415374306199 ], [ -45.107734182192431, -21.209223858061907 ], [ -45.108273171362903, -21.209223858061897 ], [ -45.108273171362903, -21.209762847232376 ], [ -45.110159633459553, -21.20976284723238 ], [ -45.110159633459553, -21.20760689055048 ], [ -45.10962064428908, -21.207606890550487 ], [ -45.10962064428908, -21.207876385135727 ], [ -45.108542665948136, -21.207876385135716 ], [ -45.108542665948136, -21.206528912209549 ], [ -45.107734182192431, -21.206528912209549 ], [ -45.107734182192431, -21.205720428453841 ], [ -45.106656203851486, -21.205720428453841 ], [ -45.106656203851486, -21.20625941762431 ], [ -45.106117214681014, -21.206259417624306 ], [ -45.106117214681014, -21.206528912209549 ], [ -45.104769741754836, -21.206528912209546 ], [ -45.104769741754836, -21.206798406794782 ], [ -45.105308730925309, -21.206798406794778 ], [ -45.105308730925309, -21.207067901380022 ] ] ] } },
{ "type": "Feature", "properties": { "id_feicao": "fogo_2017_327", "ano": 2017.0, "mes": 9, "codigo_original": 15, "classe": "Pastagem", "cor": "#edde8e", "area_ha": 0.1668457734838128 }, "geometry": { "type": "Polygon", "coordinates": [ [ [ -45.105308730925309, -21.207337395965254 ], [ -45.104769741754836, -21.207337395965258 ], [ -45.104769741754836, -21.207606890550483 ], [ -45.105308730925309, -21.207606890550487 ], [ -45.105308730925309, -21.207337395965254 ] ] ] } },
{ "type": "Feature", "properties": { "id_feicao": "fogo_2017_328", "ano": 2017.0, "mes": 9, "codigo_original": 15, "classe": "Pastagem", "cor": "#edde8e", "area_ha": 2.5861113573878272 }, "geometry": { "type": "Polygon", "coordinates": [ [ [ -45.104500247169597, -21.207606890550487 ], [ -45.104500247169597, -21.206798406794775 ], [ -45.104230752584364, -21.206798406794782 ], [ -45.104230752584364, -21.206528912209549 ], [ -45.10288327965818, -21.206528912209546 ], [ -45.10288327965818, -21.208415374306192 ], [ -45.103152774243419, -21.208415374306195 ], [ -45.103152774243419, -21.208145879720956 ], [ -45.103422268828652, -21.208145879720963 ], [ -45.103422268828652, -21.207876385135723 ], [ -45.104230752584364, -21.207876385135727 ], [ -45.104230752584364, -21.207606890550487 ], [ -45.104500247169597, -21.207606890550487 ] ] ] } },
{ "type": "Feature", "properties": { "id_feicao": "fogo_2017_329", "ano": 2017.0, "mes": 9, "codigo_original": 15, "classe": "Pastagem", "cor": "#edde8e", "area_ha": 1.1679346477182639 }, "geometry": { "type": "Polygon", "coordinates": [ [ [ -45.101805301317242, -21.205989923039073 ], [ -45.101805301317242, -21.206259417624306 ], [ -45.102344290487714, -21.206259417624313 ], [ -45.102344290487714, -21.204911944698132 ], [ -45.101535806732002, -21.204911944698125 ], [ -45.101535806732002, -21.205181439283365 ], [ -45.101805301317242, -21.205181439283365 ], [ -45.101805301317242, -21.205450933868605 ], [ -45.101535806732002, -21.205450933868605 ], [ -45.101535806732002, -21.205720428453827 ], [ -45.10126631214677, -21.205720428453837 ], [ -45.10126631214677, -21.205989923039073 ], [ -45.101805301317242, -21.205989923039073 ] ] ] } },
{ "type": "Feature", "properties": { "id_feicao": "fogo_2017_330", "ano": 2017.0, "mes": 9, "codigo_original": 15, "classe": "Pastagem", "cor": "#edde8e", "area_ha": 0.16685324106859042 }, "geometry": { "type": "Polygon", "coordinates": [ [ [ -45.108812160533368, -21.200600031334353 ], [ -45.108273171362903, -21.200600031334357 ], [ -45.108273171362903, -21.20086952591959 ], [ -45.108812160533368, -21.200869525919597 ], [ -45.108812160533368, -21.200600031334353 ] ] ] } },
{ "type": "Feature", "properties": { "id_feicao": "fogo_2017_331", "ano": 2017.0, "mes": 9, "codigo_original": 15, "classe": "Pastagem", "cor": "#edde8e", "area_ha": 0.16685353321416932 }, "geometry": { "type": "Polygon", "coordinates": [ [ [ -45.107734182192431, -21.200330536749117 ], [ -45.107734182192431, -21.200600031334357 ], [ -45.108273171362903, -21.200600031334357 ], [ -45.108273171362903, -21.20033053674911 ], [ -45.107734182192431, -21.200330536749117 ] ] ] } },
{ "type": "Feature", "properties": { "id_feicao": "fogo_2017_332", "ano": 2017.0, "mes": 9, "codigo_original": 15, "classe": "Pastagem", "cor": "#edde8e", "area_ha": 0.083426921115725333 }, "geometry": { "type": "Polygon", "coordinates": [ [ [ -45.109081655118608, -21.200061042163881 ], [ -45.109081655118608, -21.200330536749117 ], [ -45.109351149703841, -21.200330536749117 ], [ -45.109351149703841, -21.200061042163881 ], [ -45.109081655118608, -21.200061042163881 ] ] ] } },
{ "type": "Feature", "properties": { "id_feicao": "fogo_2017_333", "ano": 2017.0, "mes": 9, "codigo_original": 15, "classe": "Pastagem", "cor": "#edde8e", "area_ha": 2.5862389078471808 }, "geometry": { "type": "Polygon", "coordinates": [ [ [ -45.108273171362903, -21.199522052993409 ], [ -45.107195193021958, -21.199522052993412 ], [ -45.107195193021958, -21.199252558408176 ], [ -45.106117214681014, -21.19925255840818 ], [ -45.106117214681014, -21.200600031334353 ], [ -45.107464687607191, -21.200600031334361 ], [ -45.107464687607191, -21.200330536749117 ], [ -45.107734182192431, -21.200330536749117 ], [ -45.107734182192431, -21.200061042163881 ], [ -45.108273171362903, -21.200061042163881 ], [ -45.108273171362903, -21.199522052993409 ] ] ] } },
{ "type": "Feature", "properties": { "id_feicao": "fogo_2017_334", "ano": 2017.0, "mes": 9, "codigo_original": 15, "classe": "Pastagem", "cor": "#edde8e", "area_ha": 0.50056279976348705 }, "geometry": { "type": "Polygon", "coordinates": [ [ [ -45.110159633459553, -21.200330536749121 ], [ -45.110159633459553, -21.199252558408173 ], [ -45.109890138874313, -21.199252558408183 ], [ -45.109890138874313, -21.199522052993416 ], [ -45.10962064428908, -21.199522052993412 ], [ -45.10962064428908, -21.199791547578645 ], [ -45.109890138874313, -21.199791547578656 ], [ -45.109890138874313, -21.200061042163881 ], [ -45.10962064428908, -21.200061042163881 ], [ -45.10962064428908, -21.200330536749117 ], [ -45.110159633459553, -21.200330536749121 ] ] ] } },
{ "type": "Feature", "properties": { "id_feicao": "fogo_2017_335", "ano": 2017.0, "mes": 9, "codigo_original": 15, "classe": "Pastagem", "cor": "#edde8e", "area_ha": 1.3348381339943383 }, "geometry": { "type": "Polygon", "coordinates": [ [ [ -45.102344290487714, -21.199791547578659 ], [ -45.102344290487714, -21.198713569237704 ], [ -45.10099681756153, -21.198713569237704 ], [ -45.10099681756153, -21.19898306382294 ], [ -45.10126631214677, -21.198983063822936 ], [ -45.10126631214677, -21.199252558408173 ], [ -45.101535806732002, -21.199252558408176 ], [ -45.101535806732002, -21.199522052993409 ], [ -45.10126631214677, -21.199522052993412 ], [ -45.10126631214677, -21.199791547578648 ], [ -45.102344290487714, -21.199791547578659 ] ] ] } },
{ "type": "Feature", "properties": { "id_feicao": "fogo_2017_336", "ano": 2017.0, "mes": 9, "codigo_original": 15, "classe": "Pastagem", "cor": "#edde8e", "area_ha": 0.083427514441590758 }, "geometry": { "type": "Polygon", "coordinates": [ [ [ -45.109081655118608, -21.19898306382294 ], [ -45.108812160533368, -21.198983063822936 ], [ -45.108812160533368, -21.199252558408173 ], [ -45.109081655118608, -21.199252558408176 ], [ -45.109081655118608, -21.19898306382294 ] ] ] } },
{ "type": "Feature", "properties": { "id_feicao": "fogo_2017_337", "ano": 2017.0, "mes": 9, "codigo_original": 15, "classe": "Pastagem", "cor": "#edde8e", "area_ha": 0.083427667017449678 }, "geometry": { "type": "Polygon", "coordinates": [ [ [ -45.10962064428908, -21.198713569237711 ], [ -45.10962064428908, -21.198983063822944 ], [ -45.109890138874313, -21.198983063822947 ], [ -45.109890138874313, -21.1987135692377 ], [ -45.10962064428908, -21.198713569237711 ] ] ] } },
{ "type": "Feature", "properties": { "id_feicao": "fogo_2017_338", "ano": 2017.0, "mes": 9, "codigo_original": 15, "classe": "Pastagem", "cor": "#edde8e", "area_ha": 1.0845940320261165 }, "geometry": { "type": "Polygon", "coordinates": [ [ [ -45.107734182192431, -21.19386266670346 ], [ -45.107734182192431, -21.193593172118213 ], [ -45.107464687607191, -21.19359317211822 ], [ -45.107464687607191, -21.193323677532984 ], [ -45.107195193021958, -21.193323677532987 ], [ -45.107195193021958, -21.194671150459161 ], [ -45.108273171362903, -21.194671150459158 ], [ -45.108273171362903, -21.194401655873929 ], [ -45.107734182192431, -21.194401655873936 ], [ -45.107734182192431, -21.194132161288685 ], [ -45.108273171362903, -21.194132161288699 ], [ -45.108273171362903, -21.193862666703456 ], [ -45.107734182192431, -21.19386266670346 ] ] ] } },
{ "type": "Feature", "properties": { "id_feicao": "fogo_2017_339", "ano": 2017.0, "mes": 9, "codigo_original": 15, "classe": "Pastagem", "cor": "#edde8e", "area_ha": 1.334888605638221 }, "geometry": { "type": "Polygon", "coordinates": [ [ [ -45.104500247169597, -21.193054182947751 ], [ -45.103422268828652, -21.193054182947748 ], [ -45.103422268828652, -21.194132161288692 ], [ -45.104500247169597, -21.194132161288689 ], [ -45.104500247169597, -21.193054182947751 ] ] ] } },
{ "type": "Feature", "properties": { "id_feicao": "fogo_2017_340", "ano": 2017.0, "mes": 9, "codigo_original": 15, "classe": "Pastagem", "cor": "#edde8e", "area_ha": 0.16686393216199213 }, "geometry": { "type": "Polygon", "coordinates": [ [ [ -45.107195193021958, -21.190898226265858 ], [ -45.107195193021958, -21.191167720851098 ], [ -45.107734182192431, -21.191167720851098 ], [ -45.107734182192431, -21.190898226265862 ], [ -45.107195193021958, -21.190898226265858 ] ] ] } },
{ "type": "Feature", "properties": { "id_feicao": "fogo_2017_341", "ano": 2017.0, "mes": 9, "codigo_original": 15, "classe": "Pastagem", "cor": "#edde8e", "area_ha": 0.5006013518998047 }, "geometry": { "type": "Polygon", "coordinates": [ [ [ -45.107195193021958, -21.187933785828275 ], [ -45.107195193021958, -21.188203280413514 ], [ -45.107464687607191, -21.188203280413507 ], [ -45.107464687607191, -21.188472774998747 ], [ -45.108542665948136, -21.188472774998743 ], [ -45.108542665948136, -21.188203280413511 ], [ -45.107734182192431, -21.188203280413504 ], [ -45.107734182192431, -21.187933785828267 ], [ -45.107195193021958, -21.187933785828275 ] ] ] } },
{ "type": "Feature", "properties": { "id_feicao": "fogo_2017_342", "ano": 2017.0, "mes": 9, "codigo_original": 15, "classe": "Pastagem", "cor": "#edde8e", "area_ha": 0.16686736132334917 }, "geometry": { "type": "Polygon", "coordinates": [ [ [ -45.108812160533368, -21.187664291243031 ], [ -45.108542665948136, -21.187664291243035 ], [ -45.108542665948136, -21.188203280413511 ], [ -45.108812160533368, -21.188203280413504 ], [ -45.108812160533368, -21.187664291243031 ] ] ] } },
{ "type": "Feature", "properties": { "id_feicao": "fogo_2017_343", "ano": 2017.0, "mes": 9, "codigo_original": 15, "classe": "Pastagem", "cor": "#edde8e", "area_ha": 0.25030127662393825 }, "geometry": { "type": "Polygon", "coordinates": [ [ [ -45.109081655118608, -21.187664291243031 ], [ -45.109081655118608, -21.187933785828278 ], [ -45.109890138874313, -21.187933785828264 ], [ -45.109890138874313, -21.187664291243028 ], [ -45.109081655118608, -21.187664291243031 ] ] ] } },
{ "type": "Feature", "properties": { "id_feicao": "fogo_2017_344", "ano": 2017.0, "mes": 9, "codigo_original": 15, "classe": "Pastagem", "cor": "#edde8e", "area_ha": 0.58403917002293604 }, "geometry": { "type": "Polygon", "coordinates": [ [ [ -45.108273171362903, -21.186855807487326 ], [ -45.108273171362903, -21.186586312902079 ], [ -45.107464687607191, -21.186586312902087 ], [ -45.107464687607191, -21.18685580748733 ], [ -45.107195193021958, -21.18685580748733 ], [ -45.107195193021958, -21.187664291243028 ], [ -45.107464687607191, -21.187664291243038 ], [ -45.107464687607191, -21.187125302072552 ], [ -45.107734182192431, -21.187125302072566 ], [ -45.107734182192431, -21.186855807487323 ], [ -45.108273171362903, -21.186855807487326 ] ] ] } },
{ "type": "Feature", "properties": { "id_feicao": "fogo_2017_345", "ano": 2017.0, "mes": 9, "codigo_original": 15, "classe": "Pastagem", "cor": "#edde8e", "area_ha": 0.083434203282371167 }, "geometry": { "type": "Polygon", "coordinates": [ [ [ -45.109351149703841, -21.186855807487319 ], [ -45.109081655118608, -21.186855807487326 ], [ -45.109081655118608, -21.187125302072555 ], [ -45.109351149703841, -21.187125302072563 ], [ -45.109351149703841, -21.186855807487319 ] ] ] } },
{ "type": "Feature", "properties": { "id_feicao": "fogo_2017_346", "ano": 2017.0, "mes": 9, "codigo_original": 15, "classe": "Pastagem", "cor": "#edde8e", "area_ha": 0.25030298648814497 }, "geometry": { "type": "Polygon", "coordinates": [ [ [ -45.103961257999124, -21.186586312902079 ], [ -45.103961257999124, -21.186855807487319 ], [ -45.104769741754836, -21.186855807487319 ], [ -45.104769741754836, -21.186586312902094 ], [ -45.103961257999124, -21.186586312902079 ] ] ] } },
{ "type": "Feature", "properties": { "id_feicao": "fogo_2017_347", "ano": 2017.0, "mes": 9, "codigo_original": 15, "classe": "Pastagem", "cor": "#edde8e", "area_ha": 0.41717250213088591 }, "geometry": { "type": "Polygon", "coordinates": [ [ [ -45.108542665948136, -21.186316818316858 ], [ -45.108542665948136, -21.186586312902083 ], [ -45.109890138874313, -21.186586312902083 ], [ -45.109890138874313, -21.186316818316854 ], [ -45.108542665948136, -21.186316818316858 ] ] ] } },
{ "type": "Feature", "properties": { "id_feicao": "fogo_2017_348", "ano": 2017.0, "mes": 9, "codigo_original": 15, "classe": "Pastagem", "cor": "#edde8e", "area_ha": 0.166869583401829 }, "geometry": { "type": "Polygon", "coordinates": [ [ [ -45.108273171362903, -21.185777829146385 ], [ -45.107734182192431, -21.185777829146382 ], [ -45.107734182192431, -21.186047323731625 ], [ -45.108273171362903, -21.186047323731614 ], [ -45.108273171362903, -21.185777829146385 ] ] ] } },
{ "type": "Feature", "properties": { "id_feicao": "fogo_2017_349", "ano": 2017.0, "mes": 9, "codigo_original": 15, "classe": "Pastagem", "cor": "#edde8e", "area_ha": 0.083434943504074904 }, "geometry": { "type": "Polygon", "coordinates": [ [ [ -45.108542665948136, -21.185508334561142 ], [ -45.108542665948136, -21.185777829146385 ], [ -45.108812160533368, -21.185777829146389 ], [ -45.108812160533368, -21.185508334561149 ], [ -45.108542665948136, -21.185508334561142 ] ] ] } },
{ "type": "Feature", "properties": { "id_feicao": "fogo_2017_350", "ano": 2017.0, "mes": 9, "codigo_original": 15, "classe": "Pastagem", "cor": "#edde8e", "area_ha": 0.16687034315806695 }, "geometry": { "type": "Polygon", "coordinates": [ [ [ -45.10962064428908, -21.184969345390673 ], [ -45.10962064428908, -21.185508334561153 ], [ -45.109890138874313, -21.185508334561145 ], [ -45.109890138874313, -21.184969345390666 ], [ -45.10962064428908, -21.184969345390673 ] ] ] } },
{ "type": "Feature", "properties": { "id_feicao": "fogo_2017_351", "ano": 2017.0, "mes": 9, "codigo_original": 15, "classe": "Pastagem", "cor": "#edde8e", "area_ha": 0.083437900250870736 }, "geometry": { "type": "Polygon", "coordinates": [ [ [ -45.105847720095774, -21.180118442856436 ], [ -45.105578225510541, -21.180118442856426 ], [ -45.105578225510541, -21.180387937441658 ], [ -45.105847720095774, -21.180387937441662 ], [ -45.105847720095774, -21.180118442856436 ] ] ] } },
{ "type": "Feature", "properties": { "id_feicao": "fogo_2017_352", "ano": 2017.0, "mes": 9, "codigo_original": 15, "classe": "Pastagem", "cor": "#edde8e", "area_ha": 0.16687612191410589 }, "geometry": { "type": "Polygon", "coordinates": [ [ [ -45.108003676777663, -21.179848948271189 ], [ -45.108003676777663, -21.180118442856436 ], [ -45.108542665948136, -21.180118442856433 ], [ -45.108542665948136, -21.179848948271196 ], [ -45.108003676777663, -21.179848948271189 ] ] ] } },
{ "type": "Feature", "properties": { "id_feicao": "fogo_2017_353", "ano": 2017.0, "mes": 9, "codigo_original": 15, "classe": "Pastagem", "cor": "#edde8e", "area_ha": 0.083438349632585687 }, "geometry": { "type": "Polygon", "coordinates": [ [ [ -45.106386709266246, -21.179309959100728 ], [ -45.106386709266246, -21.17957945368596 ], [ -45.106656203851486, -21.17957945368596 ], [ -45.106656203851486, -21.179309959100724 ], [ -45.106386709266246, -21.179309959100728 ] ] ] } },
{ "type": "Feature", "properties": { "id_feicao": "fogo_2017_354", "ano": 2017.0, "mes": 9, "codigo_original": 15, "classe": "Pastagem", "cor": "#edde8e", "area_ha": 7.2594473956108097 }, "geometry": { "type": "Polygon", "coordinates": [ [ [ -45.102074795902475, -21.173920067396004 ], [ -45.102344290487714, -21.173920067396011 ], [ -45.102344290487714, -21.174189561981247 ], [ -45.102613785072947, -21.174189561981244 ], [ -45.102613785072947, -21.173920067396008 ], [ -45.103422268828652, -21.173920067396008 ], [ -45.103422268828652, -21.173650572810775 ], [ -45.106386709266246, -21.173650572810764 ], [ -45.106386709266246, -21.172842089055067 ], [ -45.106656203851486, -21.172842089055067 ], [ -45.106656203851486, -21.172303099884594 ], [ -45.106117214681014, -21.172303099884584 ], [ -45.106117214681014, -21.172033605299347 ], [ -45.105308730925309, -21.172033605299362 ], [ -45.105308730925309, -21.172303099884591 ], [ -45.102613785072947, -21.172303099884587 ], [ -45.102613785072947, -21.172572594469827 ], [ -45.102344290487714, -21.172572594469827 ], [ -45.102344290487714, -21.173111583640303 ], [ -45.102074795902475, -21.173111583640296 ], [ -45.102074795902475, -21.173920067396004 ] ] ] } },
{ "type": "Feature", "properties": { "id_feicao": "fogo_2017_355", "ano": 2017.0, "mes": 9, "codigo_original": 15, "classe": "Pastagem", "cor": "#edde8e", "area_ha": 0.24995526268324775 }, "geometry": { "type": "Polygon", "coordinates": [ [ [ -45.087522088299735, -21.39571411104512 ], [ -45.087522088299735, -21.395983605630345 ], [ -45.088330572055447, -21.395983605630349 ], [ -45.088330572055447, -21.39571411104512 ], [ -45.087522088299735, -21.39571411104512 ] ] ] } },
{ "type": "Feature", "properties": { "id_feicao": "fogo_2017_356", "ano": 2017.0, "mes": 9, "codigo_original": 15, "classe": "Pastagem", "cor": "#edde8e", "area_ha": 0.24996398369327544 }, "geometry": { "type": "Polygon", "coordinates": [ [ [ -45.101535806732002, -21.390324219340393 ], [ -45.101535806732002, -21.391132703096108 ], [ -45.101805301317242, -21.391132703096112 ], [ -45.101805301317242, -21.390324219340396 ], [ -45.101535806732002, -21.390324219340393 ] ] ] } },
{ "type": "Feature", "properties": { "id_feicao": "fogo_2017_357", "ano": 2017.0, "mes": 9, "codigo_original": 15, "classe": "Pastagem", "cor": "#edde8e", "area_ha": 16.099785406168863 }, "geometry": { "type": "Polygon", "coordinates": [ [ [ -45.089947539566865, -21.213266276840439 ], [ -45.089947539566865, -21.213805266010908 ], [ -45.089139055811152, -21.213805266010908 ], [ -45.089139055811152, -21.214074760596151 ], [ -45.08860006664068, -21.214074760596141 ], [ -45.08860006664068, -21.214344255181381 ], [ -45.087522088299735, -21.214344255181384 ], [ -45.087522088299735, -21.215961222692801 ], [ -45.087252593714503, -21.215961222692798 ], [ -45.087252593714503, -21.217039201033739 ], [ -45.08860006664068, -21.217039201033739 ], [ -45.08860006664068, -21.216500211863277 ], [ -45.08886956122592, -21.21650021186327 ], [ -45.08886956122592, -21.216769706448503 ], [ -45.091025517907802, -21.216769706448499 ], [ -45.091025517907802, -21.217039201033742 ], [ -45.092103496248747, -21.217039201033742 ], [ -45.092103496248747, -21.213805266010905 ], [ -45.091564507078274, -21.213805266010908 ], [ -45.091564507078274, -21.21272728766996 ], [ -45.091025517907802, -21.212727287669971 ], [ -45.091025517907802, -21.212996782255214 ], [ -45.090756023322569, -21.212996782255207 ], [ -45.090756023322569, -21.212727287669967 ], [ -45.09048652873733, -21.212727287669967 ], [ -45.09048652873733, -21.212996782255203 ], [ -45.090217034152097, -21.212996782255207 ], [ -45.090217034152097, -21.213266276840439 ], [ -45.089947539566865, -21.213266276840439 ] ], [ [ -45.089408550396392, -21.214074760596151 ], [ -45.089408550396392, -21.21461374976661 ], [ -45.089139055811152, -21.214613749766617 ], [ -45.089139055811152, -21.214074760596151 ], [ -45.089408550396392, -21.214074760596151 ] ], [ [ -45.09048652873733, -21.216500211863266 ], [ -45.089678044981625, -21.216500211863274 ], [ -45.089678044981625, -21.216230717278041 ], [ -45.09048652873733, -21.216230717278034 ], [ -45.09048652873733, -21.216500211863266 ] ], [ [ -45.09048652873733, -21.215961222692798 ], [ -45.091025517907802, -21.215961222692798 ], [ -45.091025517907802, -21.216230717278034 ], [ -45.09048652873733, -21.216230717278034 ], [ -45.09048652873733, -21.215961222692798 ] ], [ [ -45.091295012493042, -21.215961222692805 ], [ -45.091295012493042, -21.215691728107558 ], [ -45.091564507078274, -21.215691728107561 ], [ -45.091564507078274, -21.215961222692794 ], [ -45.091295012493042, -21.215961222692805 ] ], [ [ -45.089947539566865, -21.215691728107561 ], [ -45.089947539566865, -21.215422233522332 ], [ -45.090217034152097, -21.215422233522332 ], [ -45.090217034152097, -21.215691728107561 ], [ -45.089947539566865, -21.215691728107561 ] ], [ [ -45.088061077470208, -21.215691728107565 ], [ -45.088061077470208, -21.215422233522336 ], [ -45.088330572055447, -21.215422233522332 ], [ -45.088330572055447, -21.215691728107561 ], [ -45.088061077470208, -21.215691728107565 ] ], [ [ -45.09048652873733, -21.215152738937093 ], [ -45.09048652873733, -21.214883244351853 ], [ -45.091564507078274, -21.21488324435186 ], [ -45.091564507078274, -21.215152738937086 ], [ -45.09048652873733, -21.215152738937093 ] ], [ [ -45.089947539566865, -21.214883244351853 ], [ -45.089947539566865, -21.214613749766617 ], [ -45.090217034152097, -21.214613749766613 ], [ -45.090217034152097, -21.21488324435186 ], [ -45.089947539566865, -21.214883244351853 ] ] ] } },
{ "type": "Feature", "properties": { "id_feicao": "fogo_2017_358", "ano": 2017.0, "mes": 9, "codigo_original": 15, "classe": "Pastagem", "cor": "#edde8e", "area_ha": 0.083419542397525942 }, "geometry": { "type": "Polygon", "coordinates": [ [ [ -45.088061077470208, -21.213266276840443 ], [ -45.088061077470208, -21.213535771425672 ], [ -45.088330572055447, -21.213535771425672 ], [ -45.088330572055447, -21.213266276840443 ], [ -45.088061077470208, -21.213266276840443 ] ] ] } },
{ "type": "Feature", "properties": { "id_feicao": "fogo_2017_359", "ano": 2017.0, "mes": 9, "codigo_original": 15, "classe": "Pastagem", "cor": "#edde8e", "area_ha": 4.0875718765248861 }, "geometry": { "type": "Polygon", "coordinates": [ [ [ -45.096684904197758, -21.212727287669974 ], [ -45.096684904197758, -21.212457793084727 ], [ -45.096415409612518, -21.212457793084727 ], [ -45.096415409612518, -21.211918803914255 ], [ -45.096145915027286, -21.211918803914259 ], [ -45.096145915027286, -21.211649309329029 ], [ -45.095606925856814, -21.211649309329029 ], [ -45.095606925856814, -21.211918803914262 ], [ -45.095337431271581, -21.211918803914259 ], [ -45.095337431271581, -21.212996782255203 ], [ -45.095067936686341, -21.212996782255203 ], [ -45.095067936686341, -21.214074760596144 ], [ -45.096954398782991, -21.214074760596148 ], [ -45.096954398782991, -21.212727287669974 ], [ -45.096684904197758, -21.212727287669974 ] ] ] } },
{ "type": "Feature", "properties": { "id_feicao": "fogo_2017_360", "ano": 2017.0, "mes": 9, "codigo_original": 15, "classe": "Pastagem", "cor": "#edde8e", "area_ha": 1.0010421228077262 }, "geometry": { "type": "Polygon", "coordinates": [ [ [ -45.098301871709175, -21.211918803914262 ], [ -45.097223893368231, -21.211918803914269 ], [ -45.097223893368231, -21.21272728766996 ], [ -45.098301871709175, -21.212727287669974 ], [ -45.098301871709175, -21.211918803914262 ] ] ] } },
{ "type": "Feature", "properties": { "id_feicao": "fogo_2017_361", "ano": 2017.0, "mes": 9, "codigo_original": 15, "classe": "Pastagem", "cor": "#edde8e", "area_ha": 0.083420765463761107 }, "geometry": { "type": "Polygon", "coordinates": [ [ [ -45.096145915027286, -21.211110320158557 ], [ -45.096145915027286, -21.21137981474379 ], [ -45.096415409612518, -21.211379814743786 ], [ -45.096415409612518, -21.21111032015855 ], [ -45.096145915027286, -21.211110320158557 ] ] ] } },
{ "type": "Feature", "properties": { "id_feicao": "fogo_2017_362", "ano": 2017.0, "mes": 9, "codigo_original": 15, "classe": "Pastagem", "cor": "#edde8e", "area_ha": 0.083420898372952884 }, "geometry": { "type": "Polygon", "coordinates": [ [ [ -45.092372990833987, -21.210840825573317 ], [ -45.092372990833987, -21.211110320158554 ], [ -45.092642485419219, -21.211110320158554 ], [ -45.092642485419219, -21.210840825573317 ], [ -45.092372990833987, -21.210840825573317 ] ] ] } },
{ "type": "Feature", "properties": { "id_feicao": "fogo_2017_363", "ano": 2017.0, "mes": 9, "codigo_original": 15, "classe": "Pastagem", "cor": "#edde8e", "area_ha": 1.0844739919092505 }, "geometry": { "type": "Polygon", "coordinates": [ [ [ -45.095337431271581, -21.21084082557331 ], [ -45.095606925856814, -21.210840825573314 ], [ -45.095606925856814, -21.209762847232376 ], [ -45.095337431271581, -21.209762847232373 ], [ -45.095337431271581, -21.210032341817609 ], [ -45.094798442101109, -21.210032341817612 ], [ -45.094798442101109, -21.210571330988088 ], [ -45.095067936686341, -21.210571330988078 ], [ -45.095067936686341, -21.211918803914262 ], [ -45.095337431271581, -21.211918803914259 ], [ -45.095337431271581, -21.21084082557331 ] ] ] } },
{ "type": "Feature", "properties": { "id_feicao": "fogo_2017_364", "ano": 2017.0, "mes": 9, "codigo_original": 15, "classe": "Pastagem", "cor": "#edde8e", "area_ha": 0.083421032978128778 }, "geometry": { "type": "Polygon", "coordinates": [ [ [ -45.08886956122592, -21.210571330988074 ], [ -45.08886956122592, -21.210840825573317 ], [ -45.089139055811152, -21.210840825573314 ], [ -45.089139055811152, -21.210571330988081 ], [ -45.08886956122592, -21.210571330988074 ] ] ] } },
{ "type": "Feature", "properties": { "id_feicao": "fogo_2017_365", "ano": 2017.0, "mes": 9, "codigo_original": 15, "classe": "Pastagem", "cor": "#edde8e", "area_ha": 11.845777108308264 }, "geometry": { "type": "Polygon", "coordinates": [ [ [ -45.089408550396392, -21.210032341817616 ], [ -45.089408550396392, -21.209762847232376 ], [ -45.08886956122592, -21.209762847232369 ], [ -45.08886956122592, -21.209493352647133 ], [ -45.089139055811152, -21.20949335264714 ], [ -45.089139055811152, -21.208954363476668 ], [ -45.089408550396392, -21.208954363476668 ], [ -45.089408550396392, -21.208684868891435 ], [ -45.089678044981625, -21.208684868891428 ], [ -45.089678044981625, -21.208954363476668 ], [ -45.089947539566865, -21.208954363476668 ], [ -45.089947539566865, -21.209223858061904 ], [ -45.090217034152097, -21.209223858061897 ], [ -45.090217034152097, -21.209762847232376 ], [ -45.089947539566865, -21.209762847232383 ], [ -45.089947539566865, -21.210032341817616 ], [ -45.09048652873733, -21.210032341817609 ], [ -45.09048652873733, -21.210571330988078 ], [ -45.090756023322569, -21.210571330988088 ], [ -45.090756023322569, -21.211918803914259 ], [ -45.089408550396392, -21.211918803914262 ], [ -45.089408550396392, -21.211649309329029 ], [ -45.087252593714503, -21.211649309329022 ], [ -45.087252593714503, -21.212457793084738 ], [ -45.087522088299735, -21.212457793084724 ], [ -45.087522088299735, -21.212727287669964 ], [ -45.087791582884975, -21.212727287669964 ], [ -45.087791582884975, -21.21299678225521 ], [ -45.088330572055447, -21.212996782255207 ], [ -45.088330572055447, -21.213266276840443 ], [ -45.089139055811152, -21.213266276840443 ], [ -45.089139055811152, -21.212996782255207 ], [ -45.089408550396392, -21.212996782255207 ], [ -45.089408550396392, -21.212727287669971 ], [ -45.089139055811152, -21.212727287669964 ], [ -45.089139055811152, -21.212457793084731 ], [ -45.089678044981625, -21.212457793084731 ], [ -45.089678044981625, -21.213266276840443 ], [ -45.089947539566865, -21.213266276840439 ], [ -45.089947539566865, -21.212996782255203 ], [ -45.090217034152097, -21.212996782255207 ], [ -45.090217034152097, -21.212727287669956 ], [ -45.09048652873733, -21.212727287669967 ], [ -45.09048652873733, -21.212188298499491 ], [ -45.091025517907802, -21.212188298499502 ], [ -45.091025517907802, -21.211918803914266 ], [ -45.091295012493042, -21.211918803914259 ], [ -45.091295012493042, -21.211110320158561 ], [ -45.092103496248747, -21.211110320158554 ], [ -45.092103496248747, -21.210571330988081 ], [ -45.092372990833987, -21.210571330988078 ], [ -45.092372990833987, -21.210032341817609 ], [ -45.092103496248747, -21.210032341817609 ], [ -45.092103496248747, -21.209762847232369 ], [ -45.091295012493042, -21.209762847232376 ], [ -45.091295012493042, -21.209493352647137 ], [ -45.091025517907802, -21.209493352647137 ], [ -45.091025517907802, -21.209223858061904 ], [ -45.09048652873733, -21.209223858061907 ], [ -45.09048652873733, -21.208954363476671 ], [ -45.090217034152097, -21.208954363476664 ], [ -45.090217034152097, -21.208415374306202 ], [ -45.089947539566865, -21.208415374306192 ], [ -45.089947539566865, -21.208145879720963 ], [ -45.090217034152097, -21.208145879720956 ], [ -45.090217034152097, -21.207876385135719 ], [ -45.088330572055447, -21.207876385135723 ], [ -45.088330572055447, -21.208145879720956 ], [ -45.08860006664068, -21.208145879720949 ], [ -45.08860006664068, -21.208415374306195 ], [ -45.088330572055447, -21.208415374306195 ], [ -45.088330572055447, -21.210301836402849 ], [ -45.089139055811152, -21.210301836402849 ], [ -45.089139055811152, -21.210032341817609 ], [ -45.089408550396392, -21.210032341817616 ] ] ] } },
{ "type": "Feature", "properties": { "id_feicao": "fogo_2017_366", "ano": 2017.0, "mes": 9, "codigo_original": 15, "classe": "Pastagem", "cor": "#edde8e", "area_ha": 3.7539482832525484 }, "geometry": { "type": "Polygon", "coordinates": [ [ [ -45.084288153276908, -21.210840825573317 ], [ -45.084288153276908, -21.211918803914269 ], [ -45.085635626203086, -21.211918803914255 ], [ -45.085635626203086, -21.210571330988071 ], [ -45.085905120788325, -21.210571330988081 ], [ -45.085905120788325, -21.210301836402845 ], [ -45.086174615373558, -21.210301836402852 ], [ -45.086174615373558, -21.20949335264714 ], [ -45.085905120788325, -21.209493352647137 ], [ -45.085905120788325, -21.2092238580619 ], [ -45.085366131617853, -21.209223858061907 ], [ -45.085366131617853, -21.209762847232373 ], [ -45.084827142447381, -21.209762847232373 ], [ -45.084827142447381, -21.210032341817609 ], [ -45.084288153276908, -21.210032341817612 ], [ -45.084288153276908, -21.210571330988074 ], [ -45.084557647862141, -21.210571330988081 ], [ -45.084557647862141, -21.210840825573317 ], [ -45.084288153276908, -21.210840825573317 ] ], [ [ -45.085366131617853, -21.211110320158554 ], [ -45.084827142447381, -21.211110320158554 ], [ -45.084827142447381, -21.210840825573321 ], [ -45.085366131617853, -21.21084082557331 ], [ -45.085366131617853, -21.211110320158554 ] ] ] } },
{ "type": "Feature", "properties": { "id_feicao": "fogo_2017_367", "ano": 2017.0, "mes": 9, "codigo_original": 15, "classe": "Pastagem", "cor": "#edde8e", "area_ha": 0.08342133365243376 }, "geometry": { "type": "Polygon", "coordinates": [ [ [ -45.089678044981625, -21.210032341817605 ], [ -45.089678044981625, -21.210301836402856 ], [ -45.089947539566865, -21.210301836402849 ], [ -45.089947539566865, -21.210032341817616 ], [ -45.089678044981625, -21.210032341817605 ] ] ] } },
{ "type": "Feature", "properties": { "id_feicao": "fogo_2017_368", "ano": 2017.0, "mes": 9, "codigo_original": 15, "classe": "Pastagem", "cor": "#edde8e", "area_ha": 0.083421964606439081 }, "geometry": { "type": "Polygon", "coordinates": [ [ [ -45.098301871709175, -21.208954363476668 ], [ -45.098301871709175, -21.209223858061893 ], [ -45.098571366294408, -21.209223858061907 ], [ -45.098571366294408, -21.208954363476671 ], [ -45.098301871709175, -21.208954363476668 ] ] ] } },
{ "type": "Feature", "properties": { "id_feicao": "fogo_2017_369", "ano": 2017.0, "mes": 9, "codigo_original": 15, "classe": "Pastagem", "cor": "#edde8e", "area_ha": 0.083422066670563066 }, "geometry": { "type": "Polygon", "coordinates": [ [ [ -45.087252593714503, -21.208684868891428 ], [ -45.08698309912927, -21.208684868891428 ], [ -45.08698309912927, -21.208954363476664 ], [ -45.087252593714503, -21.208954363476675 ], [ -45.087252593714503, -21.208684868891428 ] ] ] } },
{ "type": "Feature", "properties": { "id_feicao": "fogo_2017_370", "ano": 2017.0, "mes": 9, "codigo_original": 15, "classe": "Pastagem", "cor": "#edde8e", "area_ha": 0.083422064589505768 }, "geometry": { "type": "Polygon", "coordinates": [ [ [ -45.086444109958798, -21.208684868891428 ], [ -45.086444109958798, -21.208954363476668 ], [ -45.08671360454403, -21.208954363476664 ], [ -45.08671360454403, -21.208684868891435 ], [ -45.086444109958798, -21.208684868891428 ] ] ] } },
{ "type": "Feature", "properties": { "id_feicao": "fogo_2017_371", "ano": 2017.0, "mes": 9, "codigo_original": 15, "classe": "Pastagem", "cor": "#edde8e", "area_ha": 0.083422062523628576 }, "geometry": { "type": "Polygon", "coordinates": [ [ [ -45.085905120788325, -21.208684868891432 ], [ -45.085905120788325, -21.208954363476671 ], [ -45.086174615373558, -21.208954363476668 ], [ -45.086174615373558, -21.208684868891428 ], [ -45.085905120788325, -21.208684868891432 ] ] ] } },
{ "type": "Feature", "properties": { "id_feicao": "fogo_2017_372", "ano": 2017.0, "mes": 9, "codigo_original": 15, "classe": "Pastagem", "cor": "#edde8e", "area_ha": 0.083422212271206081 }, "geometry": { "type": "Polygon", "coordinates": [ [ [ -45.086444109958798, -21.208415374306195 ], [ -45.086174615373558, -21.208415374306195 ], [ -45.086174615373558, -21.208684868891428 ], [ -45.086444109958798, -21.208684868891428 ], [ -45.086444109958798, -21.208415374306195 ] ] ] } },
{ "type": "Feature", "properties": { "id_feicao": "fogo_2017_373", "ano": 2017.0, "mes": 9, "codigo_original": 15, "classe": "Pastagem", "cor": "#edde8e", "area_ha": 0.083422512814868247 }, "geometry": { "type": "Polygon", "coordinates": [ [ [ -45.087252593714503, -21.207876385135727 ], [ -45.08698309912927, -21.207876385135723 ], [ -45.08698309912927, -21.208145879720952 ], [ -45.087252593714503, -21.208145879720959 ], [ -45.087252593714503, -21.207876385135727 ] ] ] } },
{ "type": "Feature", "properties": { "id_feicao": "fogo_2017_374", "ano": 2017.0, "mes": 9, "codigo_original": 15, "classe": "Pastagem", "cor": "#edde8e", "area_ha": 0.083422674279194323 }, "geometry": { "type": "Polygon", "coordinates": [ [ [ -45.09048652873733, -21.207606890550476 ], [ -45.090217034152097, -21.207606890550483 ], [ -45.090217034152097, -21.207876385135719 ], [ -45.09048652873733, -21.207876385135727 ], [ -45.09048652873733, -21.207606890550476 ] ] ] } },
{ "type": "Feature", "properties": { "id_feicao": "fogo_2017_375", "ano": 2017.0, "mes": 9, "codigo_original": 15, "classe": "Pastagem", "cor": "#edde8e", "area_ha": 120.54871561417089 }, "geometry": { "type": "Polygon", "coordinates": [ [ [ -45.096415409612518, -21.19547963421487 ], [ -45.095876420442053, -21.195479634214873 ], [ -45.095876420442053, -21.196557612555811 ], [ -45.095606925856814, -21.196557612555818 ], [ -45.095606925856814, -21.196827107141058 ], [ -45.095337431271581, -21.196827107141058 ], [ -45.095337431271581, -21.197096601726287 ], [ -45.095067936686341, -21.197096601726287 ], [ -45.095067936686341, -21.197366096311523 ], [ -45.094528947515869, -21.197366096311537 ], [ -45.094528947515869, -21.198174580067231 ], [ -45.093720463760164, -21.198174580067231 ], [ -45.093720463760164, -21.198444074652464 ], [ -45.093450969174924, -21.198444074652475 ], [ -45.093450969174924, -21.198713569237707 ], [ -45.093181474589692, -21.198713569237704 ], [ -45.093181474589692, -21.199252558408183 ], [ -45.092911980004459, -21.199252558408173 ], [ -45.092911980004459, -21.19898306382294 ], [ -45.092642485419219, -21.198983063822944 ], [ -45.092642485419219, -21.1987135692377 ], [ -45.092372990833987, -21.1987135692377 ], [ -45.092372990833987, -21.19898306382294 ], [ -45.091834001663514, -21.198983063822936 ], [ -45.091834001663514, -21.199522052993409 ], [ -45.091564507078274, -21.199522052993416 ], [ -45.091564507078274, -21.201678009675298 ], [ -45.091295012493042, -21.201678009675295 ], [ -45.091295012493042, -21.202755988016239 ], [ -45.091564507078274, -21.202755988016239 ], [ -45.091564507078274, -21.203564471771951 ], [ -45.091295012493042, -21.203564471771951 ], [ -45.091295012493042, -21.203294977186715 ], [ -45.090217034152097, -21.203294977186712 ], [ -45.090217034152097, -21.203564471771951 ], [ -45.089408550396392, -21.203564471771951 ], [ -45.089408550396392, -21.203833966357184 ], [ -45.089139055811152, -21.203833966357184 ], [ -45.089139055811152, -21.20437295552766 ], [ -45.08886956122592, -21.20437295552766 ], [ -45.08886956122592, -21.205181439283365 ], [ -45.089947539566865, -21.205181439283368 ], [ -45.089947539566865, -21.205450933868605 ], [ -45.090217034152097, -21.205450933868605 ], [ -45.090217034152097, -21.206528912209549 ], [ -45.09048652873733, -21.206528912209549 ], [ -45.09048652873733, -21.206798406794782 ], [ -45.090756023322569, -21.206798406794775 ], [ -45.090756023322569, -21.207067901380018 ], [ -45.09048652873733, -21.207067901380022 ], [ -45.09048652873733, -21.207337395965254 ], [ -45.091025517907802, -21.207337395965254 ], [ -45.091025517907802, -21.207067901380018 ], [ -45.091564507078274, -21.207067901380022 ], [ -45.091564507078274, -21.207606890550483 ], [ -45.091295012493042, -21.207606890550487 ], [ -45.091295012493042, -21.207876385135719 ], [ -45.091564507078274, -21.20787638513573 ], [ -45.091564507078274, -21.208684868891428 ], [ -45.092642485419219, -21.208684868891435 ], [ -45.092642485419219, -21.208954363476668 ], [ -45.092372990833987, -21.208954363476668 ], [ -45.092372990833987, -21.209493352647137 ], [ -45.092642485419219, -21.209493352647133 ], [ -45.092642485419219, -21.209762847232376 ], [ -45.092911980004459, -21.209762847232369 ], [ -45.092911980004459, -21.210032341817612 ], [ -45.093181474589692, -21.21003234181762 ], [ -45.093181474589692, -21.20976284723238 ], [ -45.093450969174924, -21.209762847232383 ], [ -45.093450969174924, -21.210301836402845 ], [ -45.093989958345396, -21.210301836402845 ], [ -45.093989958345396, -21.210571330988074 ], [ -45.094259452930636, -21.210571330988074 ], [ -45.094259452930636, -21.210301836402849 ], [ -45.094528947515869, -21.210301836402849 ], [ -45.094528947515869, -21.210032341817605 ], [ -45.094798442101109, -21.210032341817612 ], [ -45.094798442101109, -21.209762847232373 ], [ -45.095067936686341, -21.209762847232373 ], [ -45.095067936686341, -21.209493352647144 ], [ -45.095337431271581, -21.209493352647133 ], [ -45.095337431271581, -21.208954363476668 ], [ -45.096145915027286, -21.208954363476668 ], [ -45.096145915027286, -21.209223858061907 ], [ -45.096415409612518, -21.209223858061904 ], [ -45.096415409612518, -21.209493352647129 ], [ -45.096684904197758, -21.209493352647129 ], [ -45.096684904197758, -21.209762847232373 ], [ -45.096954398782991, -21.209762847232373 ], [ -45.096954398782991, -21.210571330988081 ], [ -45.097762882538703, -21.210571330988074 ], [ -45.097762882538703, -21.210840825573307 ], [ -45.098571366294408, -21.210840825573321 ], [ -45.098571366294408, -21.212188298499495 ], [ -45.098840860879648, -21.212188298499495 ], [ -45.098840860879648, -21.21272728766996 ], [ -45.09911035546488, -21.21272728766996 ], [ -45.09911035546488, -21.213266276840447 ], [ -45.10099681756153, -21.213266276840443 ], [ -45.10099681756153, -21.212457793084727 ], [ -45.10126631214677, -21.212457793084738 ], [ -45.10126631214677, -21.212188298499505 ], [ -45.101535806732002, -21.212188298499495 ], [ -45.101535806732002, -21.211649309329019 ], [ -45.101805301317242, -21.211649309329026 ], [ -45.101805301317242, -21.210571330988078 ], [ -45.10288327965818, -21.210571330988074 ], [ -45.10288327965818, -21.210301836402845 ], [ -45.103422268828652, -21.210301836402849 ], [ -45.103422268828652, -21.208684868891432 ], [ -45.103152774243419, -21.208684868891432 ], [ -45.103152774243419, -21.208954363476664 ], [ -45.10288327965818, -21.208954363476671 ], [ -45.10288327965818, -21.209223858061904 ], [ -45.102074795902475, -21.209223858061897 ], [ -45.102074795902475, -21.209493352647133 ], [ -45.101805301317242, -21.209493352647137 ], [ -45.101805301317242, -21.209762847232369 ], [ -45.100188333805825, -21.209762847232369 ], [ -45.100188333805825, -21.210032341817609 ], [ -45.099649344635353, -21.210032341817605 ], [ -45.099649344635353, -21.209762847232376 ], [ -45.09911035546488, -21.209762847232376 ], [ -45.09911035546488, -21.209493352647133 ], [ -45.098301871709175, -21.209493352647137 ], [ -45.098301871709175, -21.209223858061893 ], [ -45.098032377123936, -21.209223858061897 ], [ -45.098032377123936, -21.209493352647144 ], [ -45.097223893368231, -21.209493352647144 ], [ -45.097223893368231, -21.2092238580619 ], [ -45.096954398782991, -21.2092238580619 ], [ -45.096954398782991, -21.208954363476668 ], [ -45.097493387953463, -21.208954363476671 ], [ -45.097493387953463, -21.208684868891435 ], [ -45.097223893368231, -21.208684868891435 ], [ -45.097223893368231, -21.207337395965258 ], [ -45.098301871709175, -21.207337395965258 ], [ -45.098301871709175, -21.207067901380022 ], [ -45.098032377123936, -21.207067901380022 ], [ -45.098032377123936, -21.206528912209549 ], [ -45.097762882538703, -21.206528912209549 ], [ -45.097762882538703, -21.20625941762431 ], [ -45.098301871709175, -21.206259417624313 ], [ -45.098301871709175, -21.206528912209542 ], [ -45.098571366294408, -21.206528912209549 ], [ -45.098571366294408, -21.206798406794782 ], [ -45.098840860879648, -21.206798406794785 ], [ -45.098840860879648, -21.207067901380022 ], [ -45.099649344635353, -21.207067901380015 ], [ -45.099649344635353, -21.206798406794778 ], [ -45.100188333805825, -21.206798406794778 ], [ -45.100188333805825, -21.207067901380022 ], [ -45.100457828391058, -21.207067901380022 ], [ -45.100457828391058, -21.205181439283368 ], [ -45.099379850050113, -21.205181439283368 ], [ -45.099379850050113, -21.204911944698129 ], [ -45.099649344635353, -21.204911944698136 ], [ -45.099649344635353, -21.204372955527663 ], [ -45.100188333805825, -21.204372955527663 ], [ -45.100188333805825, -21.204103460942424 ], [ -45.100457828391058, -21.204103460942427 ], [ -45.100457828391058, -21.20437295552766 ], [ -45.10099681756153, -21.20437295552766 ], [ -45.10099681756153, -21.204642450112893 ], [ -45.101535806732002, -21.204642450112893 ], [ -45.101535806732002, -21.20437295552766 ], [ -45.101805301317242, -21.20437295552766 ], [ -45.101805301317242, -21.203564471771951 ], [ -45.098032377123936, -21.203564471771951 ], [ -45.098032377123936, -21.203294977186722 ], [ -45.096684904197758, -21.203294977186715 ], [ -45.096684904197758, -21.203833966357188 ], [ -45.096145915027286, -21.203833966357188 ], [ -45.096145915027286, -21.203294977186715 ], [ -45.095606925856814, -21.203294977186715 ], [ -45.095606925856814, -21.201408515090066 ], [ -45.094259452930636, -21.201408515090069 ], [ -45.094259452930636, -21.201139020504826 ], [ -45.094528947515869, -21.201139020504826 ], [ -45.094528947515869, -21.20086952591959 ], [ -45.095067936686341, -21.200869525919597 ], [ -45.095067936686341, -21.201139020504826 ], [ -45.095606925856814, -21.201139020504826 ], [ -45.095606925856814, -21.200869525919593 ], [ -45.096415409612518, -21.20086952591959 ], [ -45.096415409612518, -21.199791547578641 ], [ -45.096684904197758, -21.199791547578652 ], [ -45.096684904197758, -21.199522052993409 ], [ -45.098032377123936, -21.199522052993409 ], [ -45.098032377123936, -21.199252558408176 ], [ -45.09911035546488, -21.199252558408173 ], [ -45.09911035546488, -21.198983063822936 ], [ -45.099379850050113, -21.198983063822936 ], [ -45.099379850050113, -21.1987135692377 ], [ -45.099649344635353, -21.1987135692377 ], [ -45.099649344635353, -21.196288117970585 ], [ -45.10099681756153, -21.196288117970575 ], [ -45.10099681756153, -21.196018623385346 ], [ -45.100457828391058, -21.196018623385346 ], [ -45.100457828391058, -21.195749128800117 ], [ -45.099649344635353, -21.195749128800106 ], [ -45.099649344635353, -21.195479634214866 ], [ -45.09911035546488, -21.195479634214873 ], [ -45.09911035546488, -21.194940645044397 ], [ -45.098840860879648, -21.194940645044397 ], [ -45.098840860879648, -21.194671150459158 ], [ -45.099649344635353, -21.194671150459161 ], [ -45.099649344635353, -21.195210139629634 ], [ -45.100188333805825, -21.195210139629644 ], [ -45.100188333805825, -21.194132161288696 ], [ -45.099379850050113, -21.194132161288689 ], [ -45.099379850050113, -21.194401655873925 ], [ -45.097762882538703, -21.194401655873925 ], [ -45.097762882538703, -21.194671150459161 ], [ -45.097493387953463, -21.194671150459168 ], [ -45.097493387953463, -21.194940645044394 ], [ -45.097223893368231, -21.194940645044394 ], [ -45.097223893368231, -21.195210139629641 ], [ -45.096415409612518, -21.195210139629644 ], [ -45.096415409612518, -21.19547963421487 ] ], [ [ -45.096954398782991, -21.195479634214873 ], [ -45.096954398782991, -21.195749128800117 ], [ -45.096415409612518, -21.195749128800106 ], [ -45.096415409612518, -21.19547963421487 ], [ -45.096954398782991, -21.195479634214873 ] ], [ [ -45.092911980004459, -21.199791547578648 ], [ -45.092372990833987, -21.199791547578645 ], [ -45.092372990833987, -21.199522052993409 ], [ -45.092642485419219, -21.199522052993419 ], [ -45.092642485419219, -21.199252558408176 ], [ -45.092911980004459, -21.199252558408173 ], [ -45.092911980004459, -21.199791547578648 ] ], [ [ -45.092372990833987, -21.200061042163885 ], [ -45.091834001663514, -21.200061042163885 ], [ -45.091834001663514, -21.199791547578645 ], [ -45.092372990833987, -21.199791547578645 ], [ -45.092372990833987, -21.200061042163885 ] ], [ [ -45.097223893368231, -21.206259417624306 ], [ -45.097223893368231, -21.205989923039077 ], [ -45.097493387953463, -21.205989923039073 ], [ -45.097493387953463, -21.205720428453837 ], [ -45.097762882538703, -21.205720428453834 ], [ -45.097762882538703, -21.20625941762431 ], [ -45.097223893368231, -21.206259417624306 ] ], [ [ -45.097762882538703, -21.205450933868605 ], [ -45.098032377123936, -21.205450933868605 ], [ -45.098032377123936, -21.204642450112889 ], [ -45.098840860879648, -21.204642450112889 ], [ -45.098840860879648, -21.204911944698132 ], [ -45.098571366294408, -21.204911944698125 ], [ -45.098571366294408, -21.205181439283365 ], [ -45.098301871709175, -21.205181439283368 ], [ -45.098301871709175, -21.20572042845383 ], [ -45.097762882538703, -21.205720428453834 ], [ -45.097762882538703, -21.205450933868605 ] ], [ [ -45.096145915027286, -21.204103460942431 ], [ -45.095606925856814, -21.204103460942427 ], [ -45.095606925856814, -21.203833966357188 ], [ -45.096145915027286, -21.203833966357188 ], [ -45.096145915027286, -21.204103460942431 ] ], [ [ -45.095606925856814, -21.20437295552766 ], [ -45.095337431271581, -21.204372955527663 ], [ -45.095337431271581, -21.204103460942424 ], [ -45.095606925856814, -21.204103460942427 ], [ -45.095606925856814, -21.20437295552766 ] ], [ [ -45.096145915027286, -21.208415374306202 ], [ -45.096415409612518, -21.208415374306199 ], [ -45.096415409612518, -21.208684868891435 ], [ -45.095606925856814, -21.208684868891428 ], [ -45.095606925856814, -21.208145879720959 ], [ -45.096145915027286, -21.208145879720949 ], [ -45.096145915027286, -21.208415374306202 ] ], [ [ -45.096684904197758, -21.206259417624313 ], [ -45.096684904197758, -21.206798406794778 ], [ -45.096415409612518, -21.206798406794775 ], [ -45.096415409612518, -21.206528912209546 ], [ -45.096145915027286, -21.206528912209546 ], [ -45.096145915027286, -21.206259417624317 ], [ -45.096684904197758, -21.206259417624313 ] ], [ [ -45.096145915027286, -21.205989923039073 ], [ -45.095337431271581, -21.20598992303907 ], [ -45.095337431271581, -21.20572042845383 ], [ -45.095606925856814, -21.205720428453844 ], [ -45.095606925856814, -21.205450933868605 ], [ -45.096145915027286, -21.205450933868605 ], [ -45.096145915027286, -21.205989923039073 ] ], [ [ -45.094528947515869, -21.205181439283361 ], [ -45.094528947515869, -21.204911944698132 ], [ -45.094798442101109, -21.204911944698125 ], [ -45.094798442101109, -21.205181439283365 ], [ -45.094528947515869, -21.205181439283361 ] ], [ [ -45.091564507078274, -21.20437295552766 ], [ -45.091564507078274, -21.204103460942424 ], [ -45.091834001663514, -21.204103460942427 ], [ -45.091834001663514, -21.20437295552766 ], [ -45.091564507078274, -21.20437295552766 ] ], [ [ -45.092911980004459, -21.201139020504833 ], [ -45.092911980004459, -21.200869525919593 ], [ -45.093181474589692, -21.20086952591959 ], [ -45.093181474589692, -21.201139020504829 ], [ -45.092911980004459, -21.201139020504833 ] ] ] } },
{ "type": "Feature", "properties": { "id_feicao": "fogo_2017_376", "ano": 2017.0, "mes": 9, "codigo_original": 15, "classe": "Pastagem", "cor": "#edde8e", "area_ha": 0.25028265532331373 }, "geometry": { "type": "Polygon", "coordinates": [ [ [ -45.100457828391058, -21.199252558408183 ], [ -45.100457828391058, -21.198983063822944 ], [ -45.100727322976297, -21.198983063822936 ], [ -45.100727322976297, -21.198713569237704 ], [ -45.100188333805825, -21.198713569237707 ], [ -45.100188333805825, -21.199252558408173 ], [ -45.100457828391058, -21.199252558408183 ] ] ] } },
{ "type": "Feature", "properties": { "id_feicao": "fogo_2017_377", "ano": 2017.0, "mes": 9, "codigo_original": 15, "classe": "Pastagem", "cor": "#edde8e", "area_ha": 0.083427739262022071 }, "geometry": { "type": "Polygon", "coordinates": [ [ [ -45.092911980004459, -21.198444074652471 ], [ -45.092642485419219, -21.198444074652471 ], [ -45.092642485419219, -21.1987135692377 ], [ -45.092911980004459, -21.198713569237707 ], [ -45.092911980004459, -21.198444074652471 ] ] ] } },
{ "type": "Feature", "properties": { "id_feicao": "fogo_2017_378", "ano": 2017.0, "mes": 9, "codigo_original": 15, "classe": "Pastagem", "cor": "#edde8e", "area_ha": 196.5591600418355 }, "geometry": { "type": "Polygon", "coordinates": [ [ [ -45.084557647862141, -21.186316818316861 ], [ -45.084827142447381, -21.18631681831685 ], [ -45.084827142447381, -21.18658631290209 ], [ -45.084018658691676, -21.186586312902087 ], [ -45.084018658691676, -21.186855807487319 ], [ -45.084557647862141, -21.18685580748733 ], [ -45.084557647862141, -21.187125302072559 ], [ -45.083749164106436, -21.187125302072563 ], [ -45.083749164106436, -21.187394796657795 ], [ -45.083479669521203, -21.187394796657799 ], [ -45.083479669521203, -21.187125302072563 ], [ -45.082671185765491, -21.187125302072555 ], [ -45.082671185765491, -21.187394796657799 ], [ -45.082401691180259, -21.187394796657792 ], [ -45.082401691180259, -21.187125302072566 ], [ -45.082132196595019, -21.187125302072559 ], [ -45.082132196595019, -21.187394796657795 ], [ -45.081862702009786, -21.187394796657792 ], [ -45.081862702009786, -21.187125302072555 ], [ -45.081323712839314, -21.187125302072559 ], [ -45.081323712839314, -21.187394796657795 ], [ -45.081054218254089, -21.187394796657799 ], [ -45.081054218254089, -21.188203280413504 ], [ -45.080784723668842, -21.188203280413507 ], [ -45.080784723668842, -21.189550753339688 ], [ -45.081054218254089, -21.189550753339688 ], [ -45.081054218254089, -21.19008974251016 ], [ -45.080784723668842, -21.190089742510153 ], [ -45.080784723668842, -21.190359237095397 ], [ -45.080515229083616, -21.190359237095393 ], [ -45.080515229083616, -21.190898226265858 ], [ -45.079706745327897, -21.190898226265862 ], [ -45.079706745327897, -21.191167720851094 ], [ -45.079167756157425, -21.191167720851098 ], [ -45.079167756157425, -21.192245699192046 ], [ -45.079437250742671, -21.192245699192043 ], [ -45.079437250742671, -21.192515193777279 ], [ -45.079976239913144, -21.192515193777286 ], [ -45.079976239913144, -21.193323677532991 ], [ -45.080784723668842, -21.193323677532987 ], [ -45.080784723668842, -21.191976204606807 ], [ -45.080515229083616, -21.191976204606814 ], [ -45.080515229083616, -21.191167720851105 ], [ -45.081054218254089, -21.191167720851105 ], [ -45.081054218254089, -21.190359237095386 ], [ -45.081323712839314, -21.190359237095389 ], [ -45.081323712839314, -21.190089742510157 ], [ -45.081862702009786, -21.190089742510153 ], [ -45.081862702009786, -21.189820247924921 ], [ -45.082132196595019, -21.189820247924914 ], [ -45.082132196595019, -21.189550753339677 ], [ -45.082671185765491, -21.189550753339674 ], [ -45.082671185765491, -21.190089742510157 ], [ -45.082401691180259, -21.190089742510157 ], [ -45.082401691180259, -21.190898226265858 ], [ -45.082132196595019, -21.190898226265865 ], [ -45.082132196595019, -21.191437215436334 ], [ -45.082401691180259, -21.191437215436345 ], [ -45.082401691180259, -21.191167720851098 ], [ -45.082671185765491, -21.191167720851105 ], [ -45.082671185765491, -21.190359237095393 ], [ -45.083749164106436, -21.190359237095389 ], [ -45.083749164106436, -21.190089742510153 ], [ -45.084557647862141, -21.190089742510157 ], [ -45.084557647862141, -21.189550753339681 ], [ -45.084827142447381, -21.189550753339681 ], [ -45.084827142447381, -21.189281258754455 ], [ -45.085096637032613, -21.189281258754455 ], [ -45.085096637032613, -21.189820247924921 ], [ -45.085366131617853, -21.189820247924917 ], [ -45.085366131617853, -21.19008974251016 ], [ -45.085635626203086, -21.19008974251015 ], [ -45.085635626203086, -21.189820247924921 ], [ -45.085905120788325, -21.189820247924917 ], [ -45.085905120788325, -21.189550753339685 ], [ -45.086174615373558, -21.189550753339681 ], [ -45.086174615373558, -21.189820247924917 ], [ -45.08671360454403, -21.189820247924924 ], [ -45.08671360454403, -21.19008974251015 ], [ -45.087791582884975, -21.190089742510157 ], [ -45.087791582884975, -21.189820247924924 ], [ -45.088330572055447, -21.189820247924924 ], [ -45.088330572055447, -21.190628731680629 ], [ -45.087791582884975, -21.190628731680629 ], [ -45.087791582884975, -21.190898226265858 ], [ -45.087522088299735, -21.190898226265862 ], [ -45.087522088299735, -21.192245699192053 ], [ -45.087791582884975, -21.192245699192036 ], [ -45.087791582884975, -21.192515193777275 ], [ -45.087252593714503, -21.192515193777279 ], [ -45.087252593714503, -21.193054182947748 ], [ -45.08698309912927, -21.193054182947748 ], [ -45.08698309912927, -21.193323677532984 ], [ -45.08671360454403, -21.193323677532995 ], [ -45.08671360454403, -21.193862666703463 ], [ -45.086174615373558, -21.193862666703456 ], [ -45.086174615373558, -21.194401655873932 ], [ -45.085905120788325, -21.194401655873932 ], [ -45.085905120788325, -21.194671150459165 ], [ -45.085635626203086, -21.194671150459168 ], [ -45.085635626203086, -21.194940645044404 ], [ -45.085096637032613, -21.194940645044397 ], [ -45.085096637032613, -21.194671150459165 ], [ -45.085366131617853, -21.194671150459158 ], [ -45.085366131617853, -21.194401655873932 ], [ -45.085635626203086, -21.194401655873932 ], [ -45.085635626203086, -21.193593172118216 ], [ -45.085096637032613, -21.193593172118216 ], [ -45.085096637032613, -21.193323677532995 ], [ -45.085366131617853, -21.193323677532991 ], [ -45.085366131617853, -21.193054182947751 ], [ -45.085096637032613, -21.193054182947751 ], [ -45.085096637032613, -21.192784688362508 ], [ -45.084827142447381, -21.192784688362512 ], [ -45.084827142447381, -21.193593172118224 ], [ -45.084557647862141, -21.193593172118227 ], [ -45.084557647862141, -21.19386266670346 ], [ -45.084288153276908, -21.193862666703453 ], [ -45.084288153276908, -21.194401655873936 ], [ -45.083749164106436, -21.194401655873932 ], [ -45.083749164106436, -21.194671150459172 ], [ -45.083210174935964, -21.194671150459172 ], [ -45.083210174935964, -21.194940645044404 ], [ -45.080784723668842, -21.194940645044397 ], [ -45.080784723668842, -21.194132161288696 ], [ -45.080515229083616, -21.194132161288692 ], [ -45.080515229083616, -21.19386266670346 ], [ -45.079976239913144, -21.193862666703456 ], [ -45.079976239913144, -21.193593172118224 ], [ -45.079706745327897, -21.193593172118227 ], [ -45.079706745327897, -21.193054182947744 ], [ -45.079437250742671, -21.193054182947758 ], [ -45.079437250742671, -21.193323677532991 ], [ -45.079167756157425, -21.193323677532987 ], [ -45.079167756157425, -21.193862666703467 ], [ -45.078628766986952, -21.193862666703467 ], [ -45.078628766986952, -21.194132161288692 ], [ -45.078089777816487, -21.194132161288696 ], [ -45.078089777816487, -21.194671150459161 ], [ -45.077281294060782, -21.194671150459161 ], [ -45.077281294060782, -21.194940645044394 ], [ -45.077011799475542, -21.194940645044394 ], [ -45.077011799475542, -21.196018623385342 ], [ -45.077281294060782, -21.196018623385349 ], [ -45.077281294060782, -21.196288117970575 ], [ -45.077820283231254, -21.196288117970589 ], [ -45.077820283231254, -21.198174580067228 ], [ -45.078089777816487, -21.198174580067231 ], [ -45.078089777816487, -21.198444074652475 ], [ -45.078359272401727, -21.198444074652475 ], [ -45.078359272401727, -21.1987135692377 ], [ -45.078089777816487, -21.198713569237704 ], [ -45.078089777816487, -21.200330536749124 ], [ -45.077550788646015, -21.200330536749117 ], [ -45.077550788646015, -21.20086952591959 ], [ -45.077281294060782, -21.20086952591959 ], [ -45.077281294060782, -21.201139020504829 ], [ -45.077011799475542, -21.201139020504826 ], [ -45.077011799475542, -21.200869525919593 ], [ -45.075933821134598, -21.20086952591959 ], [ -45.075933821134598, -21.201947504260541 ], [ -45.07674230489031, -21.201947504260538 ], [ -45.07674230489031, -21.201678009675298 ], [ -45.077011799475542, -21.201678009675298 ], [ -45.077011799475542, -21.202216998845774 ], [ -45.075933821134598, -21.202216998845767 ], [ -45.075933821134598, -21.20248649343101 ], [ -45.07647281030507, -21.202486493431007 ], [ -45.07647281030507, -21.203025482601479 ], [ -45.077011799475542, -21.203025482601479 ], [ -45.077011799475542, -21.203294977186715 ], [ -45.07674230489031, -21.203294977186715 ], [ -45.07674230489031, -21.203564471771944 ], [ -45.077011799475542, -21.203564471771948 ], [ -45.077011799475542, -21.204103460942424 ], [ -45.077281294060782, -21.204103460942424 ], [ -45.077281294060782, -21.203833966357188 ], [ -45.077820283231254, -21.203833966357184 ], [ -45.077820283231254, -21.204103460942431 ], [ -45.078089777816487, -21.204103460942427 ], [ -45.078089777816487, -21.204372955527667 ], [ -45.078359272401727, -21.204372955527667 ], [ -45.078359272401727, -21.204103460942427 ], [ -45.078628766986952, -21.204103460942424 ], [ -45.078628766986952, -21.204372955527667 ], [ -45.078898261572199, -21.204372955527663 ], [ -45.078898261572199, -21.204642450112893 ], [ -45.078628766986952, -21.204642450112896 ], [ -45.078628766986952, -21.204911944698132 ], [ -45.079167756157425, -21.204911944698125 ], [ -45.079167756157425, -21.204642450112896 ], [ -45.080515229083616, -21.204642450112896 ], [ -45.080515229083616, -21.20437295552766 ], [ -45.081054218254089, -21.204372955527663 ], [ -45.081054218254089, -21.204911944698132 ], [ -45.081323712839314, -21.204911944698129 ], [ -45.081323712839314, -21.204642450112893 ], [ -45.081593207424547, -21.204642450112896 ], [ -45.081593207424547, -21.205450933868605 ], [ -45.081862702009786, -21.205450933868608 ], [ -45.081862702009786, -21.205989923039073 ], [ -45.082132196595019, -21.205989923039077 ], [ -45.082132196595019, -21.205720428453841 ], [ -45.082401691180259, -21.205720428453841 ], [ -45.082401691180259, -21.205989923039066 ], [ -45.082671185765491, -21.20598992303908 ], [ -45.082671185765491, -21.205720428453837 ], [ -45.082940680350731, -21.205720428453841 ], [ -45.082940680350731, -21.206798406794782 ], [ -45.083479669521203, -21.206798406794775 ], [ -45.083479669521203, -21.207067901380018 ], [ -45.083210174935964, -21.207067901380015 ], [ -45.083210174935964, -21.208415374306192 ], [ -45.083479669521203, -21.208415374306192 ], [ -45.083479669521203, -21.208684868891432 ], [ -45.082940680350731, -21.208684868891432 ], [ -45.082940680350731, -21.208954363476671 ], [ -45.082671185765491, -21.208954363476671 ], [ -45.082671185765491, -21.2092238580619 ], [ -45.082940680350731, -21.209223858061893 ], [ -45.082940680350731, -21.209493352647137 ], [ -45.083210174935964, -21.209493352647137 ], [ -45.083210174935964, -21.209762847232373 ], [ -45.083749164106436, -21.209762847232376 ], [ -45.083749164106436, -21.20949335264714 ], [ -45.084288153276908, -21.209493352647133 ], [ -45.084288153276908, -21.209223858061907 ], [ -45.084557647862141, -21.209223858061897 ], [ -45.084557647862141, -21.209493352647137 ], [ -45.085096637032613, -21.20949335264714 ], [ -45.085096637032613, -21.208954363476668 ], [ -45.085635626203086, -21.208954363476675 ], [ -45.085635626203086, -21.208684868891428 ], [ -45.085366131617853, -21.208684868891424 ], [ -45.085366131617853, -21.208415374306195 ], [ -45.086174615373558, -21.208415374306195 ], [ -45.086174615373558, -21.207876385135723 ], [ -45.086444109958798, -21.207876385135719 ], [ -45.086444109958798, -21.208415374306195 ], [ -45.08671360454403, -21.208415374306192 ], [ -45.08671360454403, -21.208684868891435 ], [ -45.08698309912927, -21.208684868891428 ], [ -45.08698309912927, -21.208145879720952 ], [ -45.08671360454403, -21.208145879720952 ], [ -45.08671360454403, -21.207337395965258 ], [ -45.086174615373558, -21.207337395965258 ], [ -45.086174615373558, -21.20760689055048 ], [ -45.084827142447381, -21.207606890550494 ], [ -45.084827142447381, -21.207337395965258 ], [ -45.085366131617853, -21.207337395965254 ], [ -45.085366131617853, -21.207067901380018 ], [ -45.085635626203086, -21.207067901380022 ], [ -45.085635626203086, -21.206798406794785 ], [ -45.085366131617853, -21.206798406794778 ], [ -45.085366131617853, -21.206528912209542 ], [ -45.085635626203086, -21.206528912209546 ], [ -45.085635626203086, -21.206259417624302 ], [ -45.085905120788325, -21.206259417624313 ], [ -45.085905120788325, -21.20437295552766 ], [ -45.085635626203086, -21.204372955527656 ], [ -45.085635626203086, -21.203833966357188 ], [ -45.085366131617853, -21.203833966357188 ], [ -45.085366131617853, -21.203294977186712 ], [ -45.085635626203086, -21.203294977186708 ], [ -45.085635626203086, -21.203025482601483 ], [ -45.085096637032613, -21.203025482601479 ], [ -45.085096637032613, -21.202755988016236 ], [ -45.085635626203086, -21.202755988016243 ], [ -45.085635626203086, -21.201678009675295 ], [ -45.086174615373558, -21.201678009675298 ], [ -45.086174615373558, -21.201408515090069 ], [ -45.086444109958798, -21.201408515090066 ], [ -45.086444109958798, -21.201139020504826 ], [ -45.08671360454403, -21.201139020504833 ], [ -45.08671360454403, -21.200061042163888 ], [ -45.086444109958798, -21.200061042163892 ], [ -45.086444109958798, -21.199791547578648 ], [ -45.087522088299735, -21.199791547578645 ], [ -45.087522088299735, -21.199522052993416 ], [ -45.087791582884975, -21.199522052993409 ], [ -45.087791582884975, -21.199252558408176 ], [ -45.091025517907802, -21.19925255840818 ], [ -45.091025517907802, -21.19898306382294 ], [ -45.091564507078274, -21.19898306382294 ], [ -45.091564507078274, -21.198713569237704 ], [ -45.091834001663514, -21.1987135692377 ], [ -45.091834001663514, -21.197635590896766 ], [ -45.090217034152097, -21.197635590896763 ], [ -45.090217034152097, -21.197905085481992 ], [ -45.089947539566865, -21.197905085481999 ], [ -45.089947539566865, -21.197635590896759 ], [ -45.08860006664068, -21.197635590896759 ], [ -45.08860006664068, -21.197905085481995 ], [ -45.08886956122592, -21.197905085481995 ], [ -45.08886956122592, -21.198174580067228 ], [ -45.08860006664068, -21.198174580067239 ], [ -45.08860006664068, -21.198444074652468 ], [ -45.089408550396392, -21.198444074652471 ], [ -45.089408550396392, -21.198174580067231 ], [ -45.089947539566865, -21.198174580067235 ], [ -45.089947539566865, -21.198444074652464 ], [ -45.089678044981625, -21.198444074652464 ], [ -45.089678044981625, -21.1987135692377 ], [ -45.087791582884975, -21.198713569237704 ], [ -45.087791582884975, -21.198444074652471 ], [ -45.088330572055447, -21.198444074652471 ], [ -45.088330572055447, -21.198174580067231 ], [ -45.087522088299735, -21.198174580067228 ], [ -45.087522088299735, -21.197905085481992 ], [ -45.087791582884975, -21.197905085481992 ], [ -45.087791582884975, -21.197366096311534 ], [ -45.088330572055447, -21.197366096311523 ], [ -45.088330572055447, -21.196288117970575 ], [ -45.08860006664068, -21.196288117970578 ], [ -45.08860006664068, -21.195479634214877 ], [ -45.08886956122592, -21.195479634214877 ], [ -45.08886956122592, -21.195210139629644 ], [ -45.089139055811152, -21.195210139629644 ], [ -45.089139055811152, -21.194940645044401 ], [ -45.089408550396392, -21.194940645044404 ], [ -45.089408550396392, -21.194401655873939 ], [ -45.090217034152097, -21.194401655873925 ], [ -45.090217034152097, -21.194132161288692 ], [ -45.091295012493042, -21.194132161288692 ], [ -45.091295012493042, -21.192784688362512 ], [ -45.091025517907802, -21.192784688362515 ], [ -45.091025517907802, -21.192515193777279 ], [ -45.090756023322569, -21.192515193777275 ], [ -45.090756023322569, -21.192245699192039 ], [ -45.09048652873733, -21.192245699192039 ], [ -45.09048652873733, -21.191706710021574 ], [ -45.091025517907802, -21.19170671002157 ], [ -45.091025517907802, -21.192245699192036 ], [ -45.091295012493042, -21.192245699192046 ], [ -45.091295012493042, -21.192515193777282 ], [ -45.091834001663514, -21.192515193777275 ], [ -45.091834001663514, -21.191976204606817 ], [ -45.092372990833987, -21.191976204606817 ], [ -45.092372990833987, -21.191437215436338 ], [ -45.092642485419219, -21.191437215436334 ], [ -45.092642485419219, -21.191167720851094 ], [ -45.092911980004459, -21.191167720851105 ], [ -45.092911980004459, -21.190898226265869 ], [ -45.093181474589692, -21.190898226265869 ], [ -45.093181474589692, -21.190628731680626 ], [ -45.093450969174924, -21.190628731680629 ], [ -45.093450969174924, -21.190898226265869 ], [ -45.093720463760164, -21.190898226265865 ], [ -45.093720463760164, -21.191437215436338 ], [ -45.094528947515869, -21.191437215436338 ], [ -45.094528947515869, -21.191976204606814 ], [ -45.095606925856814, -21.191976204606807 ], [ -45.095606925856814, -21.191437215436338 ], [ -45.095876420442053, -21.191437215436341 ], [ -45.095876420442053, -21.191167720851105 ], [ -45.095606925856814, -21.191167720851098 ], [ -45.095606925856814, -21.190359237095393 ], [ -45.095876420442053, -21.190359237095389 ], [ -45.095876420442053, -21.189820247924924 ], [ -45.096415409612518, -21.189820247924914 ], [ -45.096415409612518, -21.188472774998743 ], [ -45.096684904197758, -21.188472774998747 ], [ -45.096684904197758, -21.188203280413493 ], [ -45.095337431271581, -21.188203280413504 ], [ -45.095337431271581, -21.187933785828264 ], [ -45.095067936686341, -21.187933785828271 ], [ -45.095067936686341, -21.187394796657795 ], [ -45.094798442101109, -21.187394796657799 ], [ -45.094798442101109, -21.187664291243038 ], [ -45.094528947515869, -21.187664291243035 ], [ -45.094528947515869, -21.187933785828271 ], [ -45.094259452930636, -21.187933785828271 ], [ -45.094259452930636, -21.187664291243031 ], [ -45.093720463760164, -21.187664291243031 ], [ -45.093720463760164, -21.187933785828271 ], [ -45.093181474589692, -21.187933785828264 ], [ -45.093181474589692, -21.188203280413511 ], [ -45.092642485419219, -21.188203280413507 ], [ -45.092642485419219, -21.188742269583976 ], [ -45.092372990833987, -21.188742269583983 ], [ -45.092372990833987, -21.188472774998743 ], [ -45.091564507078274, -21.188472774998747 ], [ -45.091564507078274, -21.189011764169209 ], [ -45.092911980004459, -21.189011764169216 ], [ -45.092911980004459, -21.188742269583972 ], [ -45.093181474589692, -21.188742269583976 ], [ -45.093181474589692, -21.189820247924924 ], [ -45.092911980004459, -21.189820247924924 ], [ -45.092911980004459, -21.189550753339688 ], [ -45.091834001663514, -21.189550753339688 ], [ -45.091834001663514, -21.189281258754455 ], [ -45.091564507078274, -21.189281258754441 ], [ -45.091564507078274, -21.189550753339685 ], [ -45.091295012493042, -21.189550753339681 ], [ -45.091295012493042, -21.189281258754452 ], [ -45.090756023322569, -21.189281258754455 ], [ -45.090756023322569, -21.189011764169209 ], [ -45.091025517907802, -21.189011764169212 ], [ -45.091025517907802, -21.188742269583972 ], [ -45.090756023322569, -21.188742269583983 ], [ -45.090756023322569, -21.18847277499874 ], [ -45.09048652873733, -21.18847277499875 ], [ -45.09048652873733, -21.1882032804135 ], [ -45.090217034152097, -21.1882032804135 ], [ -45.090217034152097, -21.187933785828267 ], [ -45.09048652873733, -21.187933785828267 ], [ -45.09048652873733, -21.187664291243031 ], [ -45.089947539566865, -21.187664291243035 ], [ -45.089947539566865, -21.187394796657806 ], [ -45.089678044981625, -21.187394796657799 ], [ -45.089678044981625, -21.187125302072566 ], [ -45.089947539566865, -21.187125302072566 ], [ -45.089947539566865, -21.186855807487326 ], [ -45.090217034152097, -21.18685580748733 ], [ -45.090217034152097, -21.186586312902079 ], [ -45.089947539566865, -21.186586312902087 ], [ -45.089947539566865, -21.18631681831685 ], [ -45.089678044981625, -21.186316818316865 ], [ -45.089678044981625, -21.186047323731625 ], [ -45.089408550396392, -21.186047323731618 ], [ -45.089408550396392, -21.185508334561145 ], [ -45.085905120788325, -21.185508334561142 ], [ -45.085905120788325, -21.185777829146378 ], [ -45.085635626203086, -21.185777829146382 ], [ -45.085635626203086, -21.185508334561149 ], [ -45.085096637032613, -21.185508334561149 ], [ -45.085096637032613, -21.185777829146382 ], [ -45.085366131617853, -21.185777829146378 ], [ -45.085366131617853, -21.186047323731614 ], [ -45.084557647862141, -21.186047323731628 ], [ -45.084557647862141, -21.186316818316861 ] ], [ [ -45.082940680350731, -21.187394796657799 ], [ -45.082940680350731, -21.187664291243035 ], [ -45.082671185765491, -21.187664291243035 ], [ -45.082671185765491, -21.187394796657799 ], [ -45.082940680350731, -21.187394796657799 ] ], [ [ -45.088330572055447, -21.189281258754452 ], [ -45.08860006664068, -21.189281258754448 ], [ -45.08860006664068, -21.189820247924928 ], [ -45.088330572055447, -21.189820247924924 ], [ -45.088330572055447, -21.189281258754452 ] ], [ [ -45.08860006664068, -21.188742269583972 ], [ -45.089139055811152, -21.188742269583972 ], [ -45.089139055811152, -21.189011764169212 ], [ -45.08886956122592, -21.189011764169216 ], [ -45.08886956122592, -21.189281258754441 ], [ -45.08860006664068, -21.189281258754448 ], [ -45.08860006664068, -21.188742269583972 ] ], [ [ -45.08698309912927, -21.193862666703467 ], [ -45.08698309912927, -21.194132161288692 ], [ -45.08671360454403, -21.194132161288699 ], [ -45.08671360454403, -21.193862666703463 ], [ -45.08698309912927, -21.193862666703467 ] ], [ [ -45.078359272401727, -21.194671150459172 ], [ -45.078359272401727, -21.194940645044401 ], [ -45.078089777816487, -21.194940645044401 ], [ -45.078089777816487, -21.194671150459161 ], [ -45.078359272401727, -21.194671150459172 ] ], [ [ -45.078628766986952, -21.200330536749121 ], [ -45.078628766986952, -21.200600031334357 ], [ -45.078089777816487, -21.200600031334357 ], [ -45.078089777816487, -21.200330536749124 ], [ -45.078628766986952, -21.200330536749121 ] ], [ [ -45.079167756157425, -21.204372955527663 ], [ -45.079167756157425, -21.204103460942427 ], [ -45.078898261572199, -21.204103460942424 ], [ -45.078898261572199, -21.203564471771955 ], [ -45.079437250742671, -21.203564471771951 ], [ -45.079437250742671, -21.204103460942427 ], [ -45.080515229083616, -21.204103460942431 ], [ -45.080515229083616, -21.20437295552766 ], [ -45.079167756157425, -21.204372955527663 ] ], [ [ -45.081593207424547, -21.20437295552766 ], [ -45.081862702009786, -21.204372955527667 ], [ -45.081862702009786, -21.204642450112889 ], [ -45.081593207424547, -21.204642450112896 ], [ -45.081593207424547, -21.20437295552766 ] ], [ [ -45.081862702009786, -21.204103460942424 ], [ -45.082132196595019, -21.204103460942424 ], [ -45.082132196595019, -21.20437295552766 ], [ -45.081862702009786, -21.204372955527667 ], [ -45.081862702009786, -21.204103460942424 ] ], [ [ -45.085096637032613, -21.208415374306199 ], [ -45.085096637032613, -21.208145879720956 ], [ -45.084827142447381, -21.208145879720959 ], [ -45.084827142447381, -21.208415374306202 ], [ -45.084557647862141, -21.208415374306188 ], [ -45.084557647862141, -21.207876385135719 ], [ -45.085635626203086, -21.207876385135719 ], [ -45.085635626203086, -21.208145879720952 ], [ -45.085366131617853, -21.208145879720949 ], [ -45.085366131617853, -21.208415374306195 ], [ -45.085096637032613, -21.208415374306199 ] ], [ [ -45.084557647862141, -21.208684868891428 ], [ -45.084827142447381, -21.208684868891432 ], [ -45.084827142447381, -21.208954363476675 ], [ -45.084288153276908, -21.208954363476671 ], [ -45.084288153276908, -21.208415374306195 ], [ -45.084557647862141, -21.208415374306188 ], [ -45.084557647862141, -21.208684868891428 ] ], [ [ -45.089139055811152, -21.198174580067228 ], [ -45.089139055811152, -21.197905085481999 ], [ -45.089408550396392, -21.197905085481995 ], [ -45.089408550396392, -21.198174580067231 ], [ -45.089139055811152, -21.198174580067228 ] ], [ [ -45.093450969174924, -21.189820247924924 ], [ -45.093450969174924, -21.190089742510153 ], [ -45.093181474589692, -21.190089742510153 ], [ -45.093181474589692, -21.189820247924924 ], [ -45.093450969174924, -21.189820247924924 ] ], [ [ -45.093450969174924, -21.189011764169209 ], [ -45.093720463760164, -21.189011764169212 ], [ -45.093720463760164, -21.18874226958398 ], [ -45.093989958345396, -21.188742269583976 ], [ -45.093989958345396, -21.188472774998743 ], [ -45.094259452930636, -21.18847277499874 ], [ -45.094259452930636, -21.189281258754445 ], [ -45.093989958345396, -21.189281258754448 ], [ -45.093989958345396, -21.189550753339685 ], [ -45.093720463760164, -21.189550753339685 ], [ -45.093720463760164, -21.189820247924914 ], [ -45.093450969174924, -21.189820247924924 ], [ -45.093450969174924, -21.189011764169209 ] ], [ [ -45.093989958345396, -21.189820247924924 ], [ -45.093989958345396, -21.190089742510153 ], [ -45.093720463760164, -21.190089742510153 ], [ -45.093720463760164, -21.189820247924914 ], [ -45.093989958345396, -21.189820247924924 ] ], [ [ -45.093181474589692, -21.190359237095386 ], [ -45.092911980004459, -21.190359237095393 ], [ -45.092911980004459, -21.190089742510157 ], [ -45.093181474589692, -21.190089742510153 ], [ -45.093181474589692, -21.190359237095386 ] ], [ [ -45.090756023322569, -21.189550753339681 ], [ -45.09048652873733, -21.189550753339681 ], [ -45.09048652873733, -21.189281258754452 ], [ -45.090756023322569, -21.189281258754455 ], [ -45.090756023322569, -21.189550753339681 ] ], [ [ -45.090217034152097, -21.189281258754448 ], [ -45.090217034152097, -21.189011764169209 ], [ -45.09048652873733, -21.189011764169216 ], [ -45.09048652873733, -21.189281258754452 ], [ -45.090217034152097, -21.189281258754448 ] ], [ [ -45.094259452930636, -21.191167720851091 ], [ -45.094259452930636, -21.190628731680622 ], [ -45.095067936686341, -21.190628731680633 ], [ -45.095067936686341, -21.190898226265865 ], [ -45.094798442101109, -21.190898226265869 ], [ -45.094798442101109, -21.191167720851091 ], [ -45.094259452930636, -21.191167720851091 ] ], [ [ -45.09048652873733, -21.190628731680629 ], [ -45.09048652873733, -21.190898226265865 ], [ -45.090217034152097, -21.190898226265858 ], [ -45.090217034152097, -21.190628731680629 ], [ -45.09048652873733, -21.190628731680629 ] ], [ [ -45.089139055811152, -21.190898226265865 ], [ -45.089139055811152, -21.190628731680626 ], [ -45.089408550396392, -21.190628731680629 ], [ -45.089408550396392, -21.190898226265865 ], [ -45.089139055811152, -21.190898226265865 ] ], [ [ -45.089408550396392, -21.190359237095389 ], [ -45.089678044981625, -21.1903592370954 ], [ -45.089678044981625, -21.190628731680633 ], [ -45.089408550396392, -21.190628731680629 ], [ -45.089408550396392, -21.190359237095389 ] ], [ [ -45.094798442101109, -21.189550753339677 ], [ -45.094798442101109, -21.189281258754445 ], [ -45.095337431271581, -21.189281258754445 ], [ -45.095337431271581, -21.189550753339688 ], [ -45.094798442101109, -21.189550753339677 ] ], [ [ -45.095337431271581, -21.189011764169216 ], [ -45.095876420442053, -21.189011764169212 ], [ -45.095876420442053, -21.189281258754445 ], [ -45.095337431271581, -21.189281258754445 ], [ -45.095337431271581, -21.189011764169216 ] ], [ [ -45.095067936686341, -21.188742269583969 ], [ -45.094798442101109, -21.188742269583972 ], [ -45.094798442101109, -21.188472774998747 ], [ -45.095067936686341, -21.188472774998743 ], [ -45.095067936686341, -21.188742269583969 ] ], [ [ -45.089408550396392, -21.188203280413497 ], [ -45.089408550396392, -21.187933785828275 ], [ -45.089947539566865, -21.187933785828271 ], [ -45.089947539566865, -21.188472774998754 ], [ -45.089678044981625, -21.188472774998743 ], [ -45.089678044981625, -21.188203280413507 ], [ -45.089408550396392, -21.188203280413497 ] ], [ [ -45.084288153276908, -21.204911944698132 ], [ -45.084288153276908, -21.204642450112896 ], [ -45.084557647862141, -21.204642450112896 ], [ -45.084557647862141, -21.204911944698125 ], [ -45.084288153276908, -21.204911944698132 ] ], [ [ -45.084557647862141, -21.20437295552766 ], [ -45.084827142447381, -21.204372955527656 ], [ -45.084827142447381, -21.204642450112896 ], [ -45.084557647862141, -21.204642450112896 ], [ -45.084557647862141, -21.20437295552766 ] ], [ [ -45.083749164106436, -21.20437295552766 ], [ -45.083749164106436, -21.204642450112896 ], [ -45.083479669521203, -21.204642450112893 ], [ -45.083479669521203, -21.203833966357188 ], [ -45.083749164106436, -21.203833966357184 ], [ -45.083749164106436, -21.203564471771948 ], [ -45.084288153276908, -21.203564471771951 ], [ -45.084288153276908, -21.203833966357184 ], [ -45.084557647862141, -21.203833966357191 ], [ -45.084557647862141, -21.20437295552766 ], [ -45.083749164106436, -21.20437295552766 ] ], [ [ -45.084557647862141, -21.201139020504822 ], [ -45.084557647862141, -21.201408515090062 ], [ -45.084288153276908, -21.201408515090062 ], [ -45.084288153276908, -21.201139020504826 ], [ -45.084557647862141, -21.201139020504822 ] ], [ [ -45.085096637032613, -21.200600031334353 ], [ -45.085096637032613, -21.20086952591959 ], [ -45.084827142447381, -21.2008695259196 ], [ -45.084827142447381, -21.200600031334353 ], [ -45.085096637032613, -21.200600031334353 ] ], [ [ -45.085366131617853, -21.200330536749117 ], [ -45.085366131617853, -21.200061042163881 ], [ -45.085635626203086, -21.200061042163881 ], [ -45.085635626203086, -21.200330536749117 ], [ -45.085366131617853, -21.200330536749117 ] ], [ [ -45.085635626203086, -21.199791547578645 ], [ -45.086174615373558, -21.199791547578648 ], [ -45.086174615373558, -21.200061042163885 ], [ -45.085635626203086, -21.200061042163881 ], [ -45.085635626203086, -21.199791547578645 ] ], [ [ -45.085096637032613, -21.197096601726283 ], [ -45.085096637032613, -21.196827107141051 ], [ -45.085635626203086, -21.196827107141058 ], [ -45.085635626203086, -21.19736609631153 ], [ -45.085366131617853, -21.197366096311526 ], [ -45.085366131617853, -21.197096601726287 ], [ -45.085096637032613, -21.197096601726283 ] ], [ [ -45.085635626203086, -21.196288117970578 ], [ -45.085905120788325, -21.196288117970585 ], [ -45.085905120788325, -21.196557612555818 ], [ -45.086174615373558, -21.196557612555814 ], [ -45.086174615373558, -21.196827107141054 ], [ -45.085635626203086, -21.196827107141058 ], [ -45.085635626203086, -21.196288117970578 ] ], [ [ -45.083479669521203, -21.196288117970578 ], [ -45.083479669521203, -21.196018623385342 ], [ -45.084288153276908, -21.196018623385342 ], [ -45.084288153276908, -21.196288117970578 ], [ -45.083479669521203, -21.196288117970578 ] ], [ [ -45.084288153276908, -21.195210139629644 ], [ -45.084557647862141, -21.195210139629641 ], [ -45.084557647862141, -21.195479634214873 ], [ -45.084827142447381, -21.195479634214873 ], [ -45.084827142447381, -21.195210139629641 ], [ -45.085366131617853, -21.195210139629634 ], [ -45.085366131617853, -21.195479634214866 ], [ -45.085096637032613, -21.19547963421487 ], [ -45.085096637032613, -21.195749128800106 ], [ -45.084827142447381, -21.195749128800113 ], [ -45.084827142447381, -21.196288117970578 ], [ -45.084557647862141, -21.196288117970578 ], [ -45.084557647862141, -21.196018623385338 ], [ -45.084288153276908, -21.196018623385342 ], [ -45.084288153276908, -21.195210139629644 ] ], [ [ -45.083749164106436, -21.195210139629648 ], [ -45.083749164106436, -21.194940645044394 ], [ -45.084288153276908, -21.194940645044401 ], [ -45.084288153276908, -21.195210139629644 ], [ -45.083749164106436, -21.195210139629648 ] ], [ [ -45.083749164106436, -21.195479634214873 ], [ -45.083479669521203, -21.195479634214866 ], [ -45.083479669521203, -21.195210139629644 ], [ -45.083749164106436, -21.195210139629648 ], [ -45.083749164106436, -21.195479634214873 ] ], [ [ -45.08671360454403, -21.194940645044404 ], [ -45.08671360454403, -21.195210139629637 ], [ -45.086444109958798, -21.195210139629641 ], [ -45.086444109958798, -21.194940645044401 ], [ -45.08671360454403, -21.194940645044404 ] ], [ [ -45.08671360454403, -21.186316818316861 ], [ -45.08671360454403, -21.186586312902087 ], [ -45.086174615373558, -21.186586312902087 ], [ -45.086174615373558, -21.186316818316858 ], [ -45.08671360454403, -21.186316818316861 ] ], [ [ -45.082671185765491, -21.204911944698129 ], [ -45.082401691180259, -21.204911944698132 ], [ -45.082401691180259, -21.204642450112893 ], [ -45.082671185765491, -21.204642450112893 ], [ -45.082671185765491, -21.204911944698129 ] ], [ [ -45.081054218254089, -21.203833966357188 ], [ -45.081054218254089, -21.203564471771951 ], [ -45.081323712839314, -21.203564471771951 ], [ -45.081323712839314, -21.203833966357188 ], [ -45.081054218254089, -21.203833966357188 ] ], [ [ -45.081323712839314, -21.203294977186719 ], [ -45.081862702009786, -21.203294977186715 ], [ -45.081862702009786, -21.203564471771948 ], [ -45.081323712839314, -21.203564471771951 ], [ -45.081323712839314, -21.203294977186719 ] ], [ [ -45.083479669521203, -21.203294977186715 ], [ -45.083479669521203, -21.203564471771951 ], [ -45.083210174935964, -21.203564471771955 ], [ -45.083210174935964, -21.203294977186712 ], [ -45.083479669521203, -21.203294977186715 ] ], [ [ -45.080515229083616, -21.201678009675298 ], [ -45.080515229083616, -21.201139020504822 ], [ -45.080784723668842, -21.201139020504829 ], [ -45.080784723668842, -21.201408515090066 ], [ -45.081054218254089, -21.201408515090062 ], [ -45.081054218254089, -21.201678009675295 ], [ -45.080515229083616, -21.201678009675298 ] ], [ [ -45.084557647862141, -21.198444074652475 ], [ -45.084288153276908, -21.198444074652468 ], [ -45.084288153276908, -21.199522052993409 ], [ -45.084827142447381, -21.199522052993416 ], [ -45.084827142447381, -21.200061042163881 ], [ -45.084557647862141, -21.200061042163881 ], [ -45.084557647862141, -21.200330536749114 ], [ -45.084288153276908, -21.200330536749121 ], [ -45.084288153276908, -21.20086952591959 ], [ -45.084018658691676, -21.200869525919593 ], [ -45.084018658691676, -21.201139020504826 ], [ -45.083749164106436, -21.201139020504826 ], [ -45.083749164106436, -21.201408515090062 ], [ -45.083479669521203, -21.201408515090069 ], [ -45.083479669521203, -21.201678009675291 ], [ -45.083210174935964, -21.201678009675291 ], [ -45.083210174935964, -21.202486493431007 ], [ -45.082671185765491, -21.20248649343101 ], [ -45.082671185765491, -21.201947504260534 ], [ -45.082132196595019, -21.201947504260534 ], [ -45.082132196595019, -21.202486493431007 ], [ -45.081593207424547, -21.202486493431007 ], [ -45.081593207424547, -21.201678009675298 ], [ -45.081323712839314, -21.201678009675291 ], [ -45.081323712839314, -21.201139020504826 ], [ -45.081593207424547, -21.201139020504829 ], [ -45.081593207424547, -21.200330536749121 ], [ -45.081862702009786, -21.200330536749121 ], [ -45.081862702009786, -21.200061042163885 ], [ -45.082132196595019, -21.200061042163881 ], [ -45.082132196595019, -21.199791547578645 ], [ -45.081862702009786, -21.199791547578648 ], [ -45.081862702009786, -21.199252558408173 ], [ -45.082132196595019, -21.199252558408173 ], [ -45.082132196595019, -21.198983063822933 ], [ -45.082401691180259, -21.198983063822936 ], [ -45.082401691180259, -21.198713569237707 ], [ -45.082671185765491, -21.198713569237704 ], [ -45.082671185765491, -21.197905085481999 ], [ -45.083210174935964, -21.197905085481992 ], [ -45.083210174935964, -21.198174580067235 ], [ -45.084288153276908, -21.198174580067231 ], [ -45.084288153276908, -21.197905085482002 ], [ -45.084827142447381, -21.197905085481992 ], [ -45.084827142447381, -21.197635590896759 ], [ -45.085096637032613, -21.197635590896763 ], [ -45.085096637032613, -21.198444074652464 ], [ -45.084827142447381, -21.198444074652471 ], [ -45.084827142447381, -21.198713569237704 ], [ -45.084557647862141, -21.1987135692377 ], [ -45.084557647862141, -21.198444074652475 ] ], [ [ -45.080515229083616, -21.199252558408173 ], [ -45.080515229083616, -21.199522052993412 ], [ -45.079437250742671, -21.199522052993409 ], [ -45.079437250742671, -21.198983063822936 ], [ -45.080245734498369, -21.198983063822936 ], [ -45.080245734498369, -21.198713569237704 ], [ -45.081054218254089, -21.1987135692377 ], [ -45.081054218254089, -21.198444074652475 ], [ -45.081323712839314, -21.198444074652468 ], [ -45.081323712839314, -21.19898306382294 ], [ -45.081054218254089, -21.19898306382294 ], [ -45.081054218254089, -21.199252558408173 ], [ -45.080515229083616, -21.199252558408173 ] ], [ [ -45.080515229083616, -21.196827107141051 ], [ -45.080515229083616, -21.196557612555814 ], [ -45.081054218254089, -21.196557612555811 ], [ -45.081054218254089, -21.197096601726287 ], [ -45.080515229083616, -21.197096601726283 ], [ -45.080515229083616, -21.197366096311519 ], [ -45.079706745327897, -21.197366096311526 ], [ -45.079706745327897, -21.198174580067235 ], [ -45.079437250742671, -21.198174580067228 ], [ -45.079437250742671, -21.198444074652478 ], [ -45.079167756157425, -21.198444074652464 ], [ -45.079167756157425, -21.197635590896759 ], [ -45.078898261572199, -21.197635590896763 ], [ -45.078898261572199, -21.197096601726287 ], [ -45.078628766986952, -21.197096601726283 ], [ -45.078628766986952, -21.196827107141061 ], [ -45.078359272401727, -21.196827107141051 ], [ -45.078359272401727, -21.196557612555814 ], [ -45.078089777816487, -21.196557612555811 ], [ -45.078089777816487, -21.196288117970575 ], [ -45.078898261572199, -21.196288117970582 ], [ -45.078898261572199, -21.196557612555818 ], [ -45.079167756157425, -21.196557612555818 ], [ -45.079167756157425, -21.196827107141054 ], [ -45.080515229083616, -21.196827107141051 ] ], [ [ -45.079706745327897, -21.194671150459165 ], [ -45.079706745327897, -21.194940645044394 ], [ -45.079437250742671, -21.194940645044397 ], [ -45.079437250742671, -21.194671150459172 ], [ -45.079706745327897, -21.194671150459165 ] ] ] } },
{ "type": "Feature", "properties": { "id_feicao": "fogo_2017_379", "ano": 2017.0, "mes": 9, "codigo_original": 15, "classe": "Pastagem", "cor": "#edde8e", "area_ha": 0.083428316476566039 }, "geometry": { "type": "Polygon", "coordinates": [ [ [ -45.088330572055447, -21.197366096311523 ], [ -45.088330572055447, -21.197635590896759 ], [ -45.08860006664068, -21.197635590896759 ], [ -45.08860006664068, -21.197366096311526 ], [ -45.088330572055447, -21.197366096311523 ] ] ] } },
{ "type": "Feature", "properties": { "id_feicao": "fogo_2017_380", "ano": 2017.0, "mes": 9, "codigo_original": 15, "classe": "Pastagem", "cor": "#edde8e", "area_ha": 2.5863110968527385 }, "geometry": { "type": "Polygon", "coordinates": [ [ [ -45.10126631214677, -21.196018623385353 ], [ -45.101535806732002, -21.196018623385342 ], [ -45.101535806732002, -21.196288117970575 ], [ -45.10288327965818, -21.196288117970578 ], [ -45.10288327965818, -21.195749128800113 ], [ -45.102344290487714, -21.195749128800109 ], [ -45.102344290487714, -21.19547963421487 ], [ -45.102613785072947, -21.195479634214873 ], [ -45.102613785072947, -21.195210139629637 ], [ -45.10288327965818, -21.195210139629648 ], [ -45.10288327965818, -21.194940645044401 ], [ -45.10126631214677, -21.194940645044412 ], [ -45.10126631214677, -21.195210139629641 ], [ -45.100188333805825, -21.195210139629644 ], [ -45.100188333805825, -21.19547963421487 ], [ -45.10099681756153, -21.19547963421488 ], [ -45.10099681756153, -21.195749128800113 ], [ -45.10126631214677, -21.195749128800109 ], [ -45.10126631214677, -21.196018623385353 ] ] ] } },
{ "type": "Feature", "properties": { "id_feicao": "fogo_2017_381", "ano": 2017.0, "mes": 9, "codigo_original": 15, "classe": "Pastagem", "cor": "#edde8e", "area_ha": 0.083431134039176777 }, "geometry": { "type": "Polygon", "coordinates": [ [ [ -45.08671360454403, -21.192245699192039 ], [ -45.08671360454403, -21.192515193777282 ], [ -45.08698309912927, -21.192515193777279 ], [ -45.08698309912927, -21.19224569919205 ], [ -45.08671360454403, -21.192245699192039 ] ] ] } },
{ "type": "Feature", "properties": { "id_feicao": "fogo_2017_382", "ano": 2017.0, "mes": 9, "codigo_original": 15, "classe": "Pastagem", "cor": "#edde8e", "area_ha": 3.5876352488735015 }, "geometry": { "type": "Polygon", "coordinates": [ [ [ -45.099649344635353, -21.189281258754452 ], [ -45.099649344635353, -21.188742269583972 ], [ -45.099918839220585, -21.18874226958398 ], [ -45.099918839220585, -21.189281258754459 ], [ -45.10126631214677, -21.189281258754455 ], [ -45.10126631214677, -21.187664291243031 ], [ -45.10099681756153, -21.187664291243035 ], [ -45.10099681756153, -21.187394796657795 ], [ -45.100457828391058, -21.187394796657802 ], [ -45.100457828391058, -21.187664291243031 ], [ -45.099649344635353, -21.187664291243038 ], [ -45.099649344635353, -21.188203280413511 ], [ -45.099379850050113, -21.1882032804135 ], [ -45.099379850050113, -21.18847277499874 ], [ -45.09911035546488, -21.188472774998747 ], [ -45.09911035546488, -21.189281258754455 ], [ -45.099649344635353, -21.189281258754452 ] ] ] } },
{ "type": "Feature", "properties": { "id_feicao": "fogo_2017_383", "ano": 2017.0, "mes": 9, "codigo_original": 15, "classe": "Pastagem", "cor": "#edde8e", "area_ha": 0.50060068617137155 }, "geometry": { "type": "Polygon", "coordinates": [ [ [ -45.098571366294408, -21.188203280413507 ], [ -45.098032377123936, -21.188203280413511 ], [ -45.098032377123936, -21.187664291243028 ], [ -45.097762882538703, -21.187664291243038 ], [ -45.097762882538703, -21.188472774998743 ], [ -45.098032377123936, -21.188472774998747 ], [ -45.098032377123936, -21.188742269583976 ], [ -45.098301871709175, -21.18874226958398 ], [ -45.098301871709175, -21.188472774998747 ], [ -45.098571366294408, -21.18847277499874 ], [ -45.098571366294408, -21.188203280413507 ] ] ] } },
{ "type": "Feature", "properties": { "id_feicao": "fogo_2017_384", "ano": 2017.0, "mes": 9, "codigo_original": 15, "classe": "Pastagem", "cor": "#edde8e", "area_ha": 0.16686741917517847 }, "geometry": { "type": "Polygon", "coordinates": [ [ [ -45.098571366294408, -21.187664291243035 ], [ -45.098571366294408, -21.187933785828275 ], [ -45.09911035546488, -21.187933785828271 ], [ -45.09911035546488, -21.187664291243031 ], [ -45.098571366294408, -21.187664291243035 ] ] ] } },
{ "type": "Feature", "properties": { "id_feicao": "fogo_2017_385", "ano": 2017.0, "mes": 9, "codigo_original": 15, "classe": "Pastagem", "cor": "#edde8e", "area_ha": 0.083433993334728077 }, "geometry": { "type": "Polygon", "coordinates": [ [ [ -45.095606925856814, -21.187125302072563 ], [ -45.095606925856814, -21.187394796657795 ], [ -45.095876420442053, -21.187394796657802 ], [ -45.095876420442053, -21.187125302072559 ], [ -45.095606925856814, -21.187125302072563 ] ] ] } },
{ "type": "Feature", "properties": { "id_feicao": "fogo_2017_386", "ano": 2017.0, "mes": 9, "codigo_original": 15, "classe": "Pastagem", "cor": "#edde8e", "area_ha": 0.083433969958219681 }, "geometry": { "type": "Polygon", "coordinates": [ [ [ -45.090217034152097, -21.187125302072555 ], [ -45.089947539566865, -21.187125302072566 ], [ -45.089947539566865, -21.187394796657806 ], [ -45.090217034152097, -21.187394796657792 ], [ -45.090217034152097, -21.187125302072555 ] ] ] } },
{ "type": "Feature", "properties": { "id_feicao": "fogo_2017_387", "ano": 2017.0, "mes": 9, "codigo_original": 15, "classe": "Pastagem", "cor": "#edde8e", "area_ha": 0.083434418918073155 }, "geometry": { "type": "Polygon", "coordinates": [ [ [ -45.090756023322569, -21.186316818316854 ], [ -45.090756023322569, -21.186586312902087 ], [ -45.091025517907802, -21.186586312902083 ], [ -45.091025517907802, -21.186316818316858 ], [ -45.090756023322569, -21.186316818316854 ] ] ] } },
{ "type": "Feature", "properties": { "id_feicao": "fogo_2017_388", "ano": 2017.0, "mes": 9, "codigo_original": 15, "classe": "Pastagem", "cor": "#edde8e", "area_ha": 0.083434840423477319 }, "geometry": { "type": "Polygon", "coordinates": [ [ [ -45.084557647862141, -21.185508334561149 ], [ -45.084557647862141, -21.185777829146382 ], [ -45.084827142447381, -21.185777829146385 ], [ -45.084827142447381, -21.185508334561142 ], [ -45.084557647862141, -21.185508334561149 ] ] ] } },
{ "type": "Feature", "properties": { "id_feicao": "fogo_2017_389", "ano": 2017.0, "mes": 9, "codigo_original": 15, "classe": "Pastagem", "cor": "#edde8e", "area_ha": 24.696724000264187 }, "geometry": { "type": "Polygon", "coordinates": [ [ [ -45.094259452930636, -21.185508334561149 ], [ -45.094259452930636, -21.185777829146385 ], [ -45.093989958345396, -21.185777829146382 ], [ -45.093989958345396, -21.186047323731618 ], [ -45.093181474589692, -21.186047323731625 ], [ -45.093181474589692, -21.186586312902087 ], [ -45.092911980004459, -21.186586312902083 ], [ -45.092911980004459, -21.186855807487323 ], [ -45.092372990833987, -21.186855807487333 ], [ -45.092372990833987, -21.186586312902083 ], [ -45.091564507078274, -21.186586312902087 ], [ -45.091564507078274, -21.186316818316854 ], [ -45.091295012493042, -21.18631681831685 ], [ -45.091295012493042, -21.18685580748733 ], [ -45.090756023322569, -21.186855807487333 ], [ -45.090756023322569, -21.187394796657795 ], [ -45.091025517907802, -21.187394796657806 ], [ -45.091025517907802, -21.188203280413514 ], [ -45.091564507078274, -21.188203280413507 ], [ -45.091564507078274, -21.187933785828267 ], [ -45.091834001663514, -21.187933785828271 ], [ -45.091834001663514, -21.187664291243031 ], [ -45.092372990833987, -21.187664291243035 ], [ -45.092372990833987, -21.187394796657799 ], [ -45.092911980004459, -21.187394796657799 ], [ -45.092911980004459, -21.187125302072563 ], [ -45.093989958345396, -21.187125302072555 ], [ -45.093989958345396, -21.186855807487326 ], [ -45.094798442101109, -21.18685580748733 ], [ -45.094798442101109, -21.186586312902083 ], [ -45.095067936686341, -21.186586312902083 ], [ -45.095067936686341, -21.186855807487323 ], [ -45.095337431271581, -21.18685580748733 ], [ -45.095337431271581, -21.186586312902083 ], [ -45.096684904197758, -21.186586312902079 ], [ -45.096684904197758, -21.186855807487319 ], [ -45.097493387953463, -21.186855807487323 ], [ -45.097493387953463, -21.187125302072555 ], [ -45.098301871709175, -21.187125302072566 ], [ -45.098301871709175, -21.187664291243035 ], [ -45.098571366294408, -21.187664291243035 ], [ -45.098571366294408, -21.187394796657806 ], [ -45.09911035546488, -21.187394796657792 ], [ -45.09911035546488, -21.187664291243031 ], [ -45.099379850050113, -21.187664291243028 ], [ -45.099379850050113, -21.187394796657799 ], [ -45.099649344635353, -21.187394796657795 ], [ -45.099649344635353, -21.18685580748733 ], [ -45.100457828391058, -21.18685580748733 ], [ -45.100457828391058, -21.187125302072555 ], [ -45.10126631214677, -21.187125302072559 ], [ -45.10126631214677, -21.186855807487326 ], [ -45.101535806732002, -21.186855807487326 ], [ -45.101535806732002, -21.186047323731614 ], [ -45.101805301317242, -21.186047323731625 ], [ -45.101805301317242, -21.184699850805433 ], [ -45.101535806732002, -21.184699850805437 ], [ -45.101535806732002, -21.184430356220201 ], [ -45.10126631214677, -21.184430356220208 ], [ -45.10126631214677, -21.184160861634961 ], [ -45.10099681756153, -21.184160861634965 ], [ -45.10099681756153, -21.183891367049728 ], [ -45.100727322976297, -21.183891367049736 ], [ -45.100727322976297, -21.184160861634972 ], [ -45.100188333805825, -21.184160861634972 ], [ -45.100188333805825, -21.184430356220197 ], [ -45.099918839220585, -21.184430356220201 ], [ -45.099918839220585, -21.184160861634968 ], [ -45.099649344635353, -21.184160861634965 ], [ -45.099649344635353, -21.18469985080544 ], [ -45.09911035546488, -21.18469985080544 ], [ -45.09911035546488, -21.18496934539068 ], [ -45.098571366294408, -21.184969345390677 ], [ -45.098571366294408, -21.185238839975909 ], [ -45.097493387953463, -21.185238839975909 ], [ -45.097493387953463, -21.185508334561145 ], [ -45.097223893368231, -21.185508334561149 ], [ -45.097223893368231, -21.185777829146389 ], [ -45.096415409612518, -21.185777829146375 ], [ -45.096415409612518, -21.185508334561149 ], [ -45.095876420442053, -21.185508334561153 ], [ -45.095876420442053, -21.184969345390666 ], [ -45.095606925856814, -21.184969345390677 ], [ -45.095606925856814, -21.184699850805437 ], [ -45.095876420442053, -21.184699850805444 ], [ -45.095876420442053, -21.184430356220201 ], [ -45.096415409612518, -21.184430356220204 ], [ -45.096415409612518, -21.184160861634965 ], [ -45.096684904197758, -21.184160861634965 ], [ -45.096684904197758, -21.183891367049721 ], [ -45.096954398782991, -21.183891367049728 ], [ -45.096954398782991, -21.183082883294027 ], [ -45.096684904197758, -21.183082883294027 ], [ -45.096684904197758, -21.182274399538318 ], [ -45.095337431271581, -21.182274399538322 ], [ -45.095337431271581, -21.182543894123551 ], [ -45.095067936686341, -21.182543894123551 ], [ -45.095067936686341, -21.184160861634972 ], [ -45.095337431271581, -21.184160861634965 ], [ -45.095337431271581, -21.185777829146382 ], [ -45.095067936686341, -21.185777829146385 ], [ -45.095067936686341, -21.185508334561145 ], [ -45.094259452930636, -21.185508334561149 ] ], [ [ -45.092372990833987, -21.18712530207257 ], [ -45.091834001663514, -21.187125302072559 ], [ -45.091834001663514, -21.186855807487326 ], [ -45.092372990833987, -21.186855807487333 ], [ -45.092372990833987, -21.18712530207257 ] ], [ [ -45.095067936686341, -21.186047323731625 ], [ -45.095337431271581, -21.186047323731625 ], [ -45.095337431271581, -21.186316818316854 ], [ -45.095067936686341, -21.18631681831685 ], [ -45.095067936686341, -21.186047323731625 ] ], [ [ -45.100727322976297, -21.184430356220197 ], [ -45.10099681756153, -21.184430356220201 ], [ -45.10099681756153, -21.184699850805437 ], [ -45.100727322976297, -21.184699850805433 ], [ -45.100727322976297, -21.184430356220197 ] ] ] } },
{ "type": "Feature", "properties": { "id_feicao": "fogo_2017_390", "ano": 2017.0, "mes": 9, "codigo_original": 15, "classe": "Pastagem", "cor": "#edde8e", "area_ha": 4.8392404388017862 }, "geometry": { "type": "Polygon", "coordinates": [ [ [ -45.090217034152097, -21.186047323731621 ], [ -45.090217034152097, -21.186316818316861 ], [ -45.09048652873733, -21.186316818316854 ], [ -45.09048652873733, -21.186047323731618 ], [ -45.092372990833987, -21.186047323731618 ], [ -45.092372990833987, -21.185777829146385 ], [ -45.091564507078274, -21.185777829146382 ], [ -45.091564507078274, -21.185508334561149 ], [ -45.091834001663514, -21.185508334561153 ], [ -45.091834001663514, -21.185238839975916 ], [ -45.093181474589692, -21.185238839975909 ], [ -45.093181474589692, -21.184969345390677 ], [ -45.092911980004459, -21.184969345390673 ], [ -45.092911980004459, -21.184699850805444 ], [ -45.092372990833987, -21.18469985080544 ], [ -45.092372990833987, -21.184969345390673 ], [ -45.091834001663514, -21.184969345390677 ], [ -45.091834001663514, -21.184699850805437 ], [ -45.091025517907802, -21.184699850805433 ], [ -45.091025517907802, -21.184430356220201 ], [ -45.090756023322569, -21.184430356220204 ], [ -45.090756023322569, -21.184160861634961 ], [ -45.089678044981625, -21.184160861634965 ], [ -45.089678044981625, -21.184699850805437 ], [ -45.089408550396392, -21.18469985080544 ], [ -45.089408550396392, -21.185508334561145 ], [ -45.089678044981625, -21.185508334561153 ], [ -45.089678044981625, -21.185238839975913 ], [ -45.089947539566865, -21.185238839975913 ], [ -45.089947539566865, -21.186047323731628 ], [ -45.090217034152097, -21.186047323731621 ] ] ] } },
{ "type": "Feature", "properties": { "id_feicao": "fogo_2017_391", "ano": 2017.0, "mes": 9, "codigo_original": 15, "classe": "Pastagem", "cor": "#edde8e", "area_ha": 0.083435326983362479 }, "geometry": { "type": "Polygon", "coordinates": [ [ [ -45.094798442101109, -21.184699850805433 ], [ -45.094798442101109, -21.184969345390673 ], [ -45.095067936686341, -21.184969345390677 ], [ -45.095067936686341, -21.184699850805437 ], [ -45.094798442101109, -21.184699850805433 ] ] ] } },
{ "type": "Feature", "properties": { "id_feicao": "fogo_2017_392", "ano": 2017.0, "mes": 9, "codigo_original": 15, "classe": "Pastagem", "cor": "#edde8e", "area_ha": 25.449003363146062 }, "geometry": { "type": "Polygon", "coordinates": [ [ [ -45.096954398782991, -21.175806529492661 ], [ -45.096954398782991, -21.176884507833599 ], [ -45.097223893368231, -21.176884507833591 ], [ -45.097223893368231, -21.177423497004071 ], [ -45.097762882538703, -21.177423497004071 ], [ -45.097762882538703, -21.177692991589311 ], [ -45.098571366294408, -21.177692991589304 ], [ -45.098571366294408, -21.177962486174547 ], [ -45.098840860879648, -21.177962486174543 ], [ -45.098840860879648, -21.17957945368596 ], [ -45.09911035546488, -21.179579453685964 ], [ -45.09911035546488, -21.179309959100728 ], [ -45.099918839220585, -21.179309959100728 ], [ -45.099918839220585, -21.17957945368596 ], [ -45.10126631214677, -21.17957945368596 ], [ -45.10126631214677, -21.179309959100724 ], [ -45.101535806732002, -21.179309959100724 ], [ -45.101535806732002, -21.179579453685964 ], [ -45.102074795902475, -21.179579453685957 ], [ -45.102074795902475, -21.179848948271196 ], [ -45.102344290487714, -21.179848948271196 ], [ -45.102344290487714, -21.180118442856433 ], [ -45.103422268828652, -21.180118442856433 ], [ -45.103422268828652, -21.179040464515488 ], [ -45.103152774243419, -21.179040464515484 ], [ -45.103152774243419, -21.178770969930248 ], [ -45.103422268828652, -21.178770969930252 ], [ -45.103422268828652, -21.178501475345023 ], [ -45.103691763413892, -21.178501475345016 ], [ -45.103691763413892, -21.178231980759779 ], [ -45.103961257999124, -21.178231980759776 ], [ -45.103961257999124, -21.177692991589307 ], [ -45.104500247169597, -21.177692991589304 ], [ -45.104500247169597, -21.177423497004067 ], [ -45.104769741754836, -21.177423497004071 ], [ -45.104769741754836, -21.176884507833599 ], [ -45.104500247169597, -21.176884507833595 ], [ -45.104500247169597, -21.176345518663126 ], [ -45.103422268828652, -21.176345518663126 ], [ -45.103422268828652, -21.174998045736945 ], [ -45.10288327965818, -21.174998045736945 ], [ -45.10288327965818, -21.174728551151713 ], [ -45.102613785072947, -21.174728551151713 ], [ -45.102613785072947, -21.17445905656648 ], [ -45.102344290487714, -21.174459056566473 ], [ -45.102344290487714, -21.176076024077897 ], [ -45.100727322976297, -21.17607602407789 ], [ -45.100727322976297, -21.17634551866313 ], [ -45.098571366294408, -21.176345518663123 ], [ -45.098571366294408, -21.175537034907418 ], [ -45.097223893368231, -21.175537034907421 ], [ -45.097223893368231, -21.175806529492654 ], [ -45.096954398782991, -21.175806529492661 ] ], [ [ -45.101805301317242, -21.176615013248369 ], [ -45.101535806732002, -21.176615013248362 ], [ -45.101535806732002, -21.176345518663123 ], [ -45.102613785072947, -21.176345518663133 ], [ -45.102613785072947, -21.176884507833599 ], [ -45.101805301317242, -21.176884507833599 ], [ -45.101805301317242, -21.176615013248369 ] ] ] } },
{ "type": "Feature", "properties": { "id_feicao": "fogo_2017_393", "ano": 2017.0, "mes": 9, "codigo_original": 15, "classe": "Pastagem", "cor": "#edde8e", "area_ha": 9.3354141542508273 }, "geometry": { "type": "Polygon", "coordinates": [ [ [ -45.039282557542521, -21.336425302293222 ], [ -45.039013062957281, -21.336425302293229 ], [ -45.039013062957281, -21.336694796878465 ], [ -45.039282557542521, -21.336694796878465 ], [ -45.039282557542521, -21.336964291463705 ], [ -45.040899525053938, -21.336964291463705 ], [ -45.040899525053938, -21.336694796878461 ], [ -45.04116901963917, -21.336694796878461 ], [ -45.04116901963917, -21.336425302293225 ], [ -45.04143851422441, -21.336425302293229 ], [ -45.04143851422441, -21.336155807707986 ], [ -45.041977503394882, -21.336155807707993 ], [ -45.041977503394882, -21.334808334781808 ], [ -45.041708008809643, -21.334808334781801 ], [ -45.041708008809643, -21.334538840196579 ], [ -45.04116901963917, -21.334538840196583 ], [ -45.04116901963917, -21.333999851026107 ], [ -45.040899525053938, -21.333999851026103 ], [ -45.040899525053938, -21.333730356440874 ], [ -45.040630030468698, -21.333730356440871 ], [ -45.040630030468698, -21.3339998510261 ], [ -45.040091041298226, -21.33399985102611 ], [ -45.040091041298226, -21.334269345611347 ], [ -45.039821546712993, -21.334269345611336 ], [ -45.039821546712993, -21.3339998510261 ], [ -45.039552052127753, -21.333999851026103 ], [ -45.039552052127753, -21.333191367270398 ], [ -45.039282557542521, -21.333191367270391 ], [ -45.039282557542521, -21.333730356440874 ], [ -45.039013062957281, -21.333730356440864 ], [ -45.039013062957281, -21.334538840196572 ], [ -45.039282557542521, -21.334538840196576 ], [ -45.039282557542521, -21.334808334781808 ], [ -45.038474073786816, -21.334808334781808 ], [ -45.038474073786816, -21.335886313122764 ], [ -45.039282557542521, -21.335886313122757 ], [ -45.039282557542521, -21.336425302293222 ] ], [ [ -45.039552052127753, -21.334269345611343 ], [ -45.039282557542521, -21.334269345611339 ], [ -45.039282557542521, -21.33399985102611 ], [ -45.039552052127753, -21.333999851026103 ], [ -45.039552052127753, -21.334269345611343 ] ] ] } },
{ "type": "Feature", "properties": { "id_feicao": "fogo_2017_394", "ano": 2017.0, "mes": 9, "codigo_original": 15, "classe": "Pastagem", "cor": "#edde8e", "area_ha": 0.16670710754646115 }, "geometry": { "type": "Polygon", "coordinates": [ [ [ -45.039013062957281, -21.332113388929447 ], [ -45.039013062957281, -21.332652378099919 ], [ -45.039282557542521, -21.332652378099926 ], [ -45.039282557542521, -21.33211338892945 ], [ -45.039013062957281, -21.332113388929447 ] ] ] } },
{ "type": "Feature", "properties": { "id_feicao": "fogo_2017_395", "ano": 2017.0, "mes": 9, "codigo_original": 15, "classe": "Pastagem", "cor": "#edde8e", "area_ha": 5.7514222267368416 }, "geometry": { "type": "Polygon", "coordinates": [ [ [ -45.034970644178749, -21.331843894344214 ], [ -45.034970644178749, -21.332113388929454 ], [ -45.034431655008277, -21.33211338892945 ], [ -45.034431655008277, -21.331574399758985 ], [ -45.034701149593509, -21.331574399758978 ], [ -45.034701149593509, -21.331035410588516 ], [ -45.033892665837804, -21.331035410588516 ], [ -45.033892665837804, -21.331304905173742 ], [ -45.033623171252565, -21.331304905173738 ], [ -45.033623171252565, -21.331574399758981 ], [ -45.033084182082092, -21.331574399758981 ], [ -45.033084182082092, -21.332382883514679 ], [ -45.03281468749686, -21.332382883514683 ], [ -45.03281468749686, -21.332652378099919 ], [ -45.033353676667332, -21.332652378099922 ], [ -45.033353676667332, -21.332382883514686 ], [ -45.034970644178749, -21.33238288351469 ], [ -45.034970644178749, -21.332652378099922 ], [ -45.036857106275399, -21.332652378099926 ], [ -45.036857106275399, -21.332382883514679 ], [ -45.037126600860631, -21.332382883514686 ], [ -45.037126600860631, -21.332113388929447 ], [ -45.037396095445871, -21.332113388929443 ], [ -45.037396095445871, -21.331843894344217 ], [ -45.037126600860631, -21.331843894344217 ], [ -45.037126600860631, -21.331574399758974 ], [ -45.036587611690159, -21.331574399758978 ], [ -45.036587611690159, -21.331304905173745 ], [ -45.036318117104926, -21.331304905173745 ], [ -45.036318117104926, -21.331035410588512 ], [ -45.036587611690159, -21.331035410588505 ], [ -45.036587611690159, -21.330765916003269 ], [ -45.036857106275399, -21.330765916003273 ], [ -45.036857106275399, -21.330226926832808 ], [ -45.036587611690159, -21.3302269268328 ], [ -45.036587611690159, -21.330496421418033 ], [ -45.036048622519687, -21.330496421418037 ], [ -45.036048622519687, -21.331035410588516 ], [ -45.035509633349221, -21.331035410588512 ], [ -45.035509633349221, -21.331574399758981 ], [ -45.035240138763982, -21.331574399758971 ], [ -45.035240138763982, -21.331843894344207 ], [ -45.034970644178749, -21.331843894344214 ] ], [ [ -45.036587611690159, -21.33238288351469 ], [ -45.036587611690159, -21.332113388929447 ], [ -45.036857106275399, -21.332113388929457 ], [ -45.036857106275399, -21.332382883514679 ], [ -45.036587611690159, -21.33238288351469 ] ] ] } },
{ "type": "Feature", "properties": { "id_feicao": "fogo_2017_396", "ano": 2017.0, "mes": 9, "codigo_original": 15, "classe": "Pastagem", "cor": "#edde8e", "area_ha": 18.50475610984806 }, "geometry": { "type": "Polygon", "coordinates": [ [ [ -45.030119741644498, -21.331843894344221 ], [ -45.029850247059265, -21.33184389434421 ], [ -45.029850247059265, -21.332382883514676 ], [ -45.029580752474033, -21.33238288351469 ], [ -45.029580752474033, -21.332921872685159 ], [ -45.029850247059265, -21.332921872685166 ], [ -45.029850247059265, -21.333191367270395 ], [ -45.03065873081497, -21.333191367270398 ], [ -45.03065873081497, -21.332652378099919 ], [ -45.030119741644498, -21.332652378099919 ], [ -45.030119741644498, -21.332113388929457 ], [ -45.030389236229738, -21.332113388929454 ], [ -45.030389236229738, -21.331843894344221 ], [ -45.03065873081497, -21.331843894344214 ], [ -45.03065873081497, -21.332113388929457 ], [ -45.03092822540021, -21.332113388929457 ], [ -45.03092822540021, -21.33238288351469 ], [ -45.031467214570682, -21.332382883514679 ], [ -45.031467214570682, -21.332113388929454 ], [ -45.032006203741155, -21.332113388929454 ], [ -45.032006203741155, -21.332382883514683 ], [ -45.032545192911627, -21.332382883514683 ], [ -45.032545192911627, -21.33211338892945 ], [ -45.03281468749686, -21.332113388929457 ], [ -45.03281468749686, -21.331035410588509 ], [ -45.033084182082092, -21.331035410588509 ], [ -45.033084182082092, -21.330765916003273 ], [ -45.033353676667332, -21.330765916003266 ], [ -45.033353676667332, -21.330496421418037 ], [ -45.033623171252565, -21.33049642141804 ], [ -45.033623171252565, -21.330765916003269 ], [ -45.033892665837804, -21.330765916003269 ], [ -45.033892665837804, -21.330496421418037 ], [ -45.034431655008277, -21.33049642141804 ], [ -45.034431655008277, -21.330226926832804 ], [ -45.034970644178749, -21.33022692683279 ], [ -45.034970644178749, -21.33049642141804 ], [ -45.035509633349221, -21.330496421418037 ], [ -45.035509633349221, -21.330226926832811 ], [ -45.036048622519687, -21.330226926832808 ], [ -45.036048622519687, -21.329957432247557 ], [ -45.036318117104926, -21.329957432247568 ], [ -45.036318117104926, -21.328879453906623 ], [ -45.036048622519687, -21.328879453906623 ], [ -45.036048622519687, -21.329148948491856 ], [ -45.035240138763982, -21.329148948491852 ], [ -45.035240138763982, -21.329687937662332 ], [ -45.034431655008277, -21.329687937662335 ], [ -45.034431655008277, -21.329148948491852 ], [ -45.034970644178749, -21.329148948491859 ], [ -45.034970644178749, -21.32887945390662 ], [ -45.033892665837804, -21.32887945390662 ], [ -45.033892665837804, -21.328609959321387 ], [ -45.033623171252565, -21.32860995932138 ], [ -45.033623171252565, -21.328879453906627 ], [ -45.033353676667332, -21.32887945390662 ], [ -45.033353676667332, -21.328340464736147 ], [ -45.033623171252565, -21.328340464736151 ], [ -45.033623171252565, -21.328070970150922 ], [ -45.033353676667332, -21.328070970150918 ], [ -45.033353676667332, -21.327801475565682 ], [ -45.031467214570682, -21.327801475565682 ], [ -45.031467214570682, -21.32887945390662 ], [ -45.030389236229738, -21.328879453906623 ], [ -45.030389236229738, -21.329687937662335 ], [ -45.030119741644498, -21.329687937662335 ], [ -45.030119741644498, -21.330226926832797 ], [ -45.030389236229738, -21.330226926832804 ], [ -45.030389236229738, -21.330765916003266 ], [ -45.030119741644498, -21.330765916003276 ], [ -45.030119741644498, -21.331843894344221 ] ], [ [ -45.033623171252565, -21.329418443077095 ], [ -45.033353676667332, -21.329418443077095 ], [ -45.033353676667332, -21.329148948491856 ], [ -45.033623171252565, -21.329148948491856 ], [ -45.033623171252565, -21.329418443077095 ] ], [ [ -45.032275698326387, -21.329148948491856 ], [ -45.031736709155915, -21.329148948491856 ], [ -45.031736709155915, -21.328879453906612 ], [ -45.032275698326387, -21.328879453906623 ], [ -45.032275698326387, -21.329148948491856 ] ] ] } },
{ "type": "Feature", "properties": { "id_feicao": "fogo_2017_397", "ano": 2017.0, "mes": 9, "codigo_original": 15, "classe": "Pastagem", "cor": "#edde8e", "area_ha": 0.083354971239529688 }, "geometry": { "type": "Polygon", "coordinates": [ [ [ -45.037126600860631, -21.329687937662335 ], [ -45.037126600860631, -21.329957432247557 ], [ -45.037396095445871, -21.329957432247564 ], [ -45.037396095445871, -21.329687937662332 ], [ -45.037126600860631, -21.329687937662335 ] ] ] } },
{ "type": "Feature", "properties": { "id_feicao": "fogo_2017_398", "ano": 2017.0, "mes": 9, "codigo_original": 15, "classe": "Pastagem", "cor": "#edde8e", "area_ha": 0.08335527031067759 }, "geometry": { "type": "Polygon", "coordinates": [ [ [ -45.037396095445871, -21.329148948491856 ], [ -45.037126600860631, -21.329148948491856 ], [ -45.037126600860631, -21.329418443077095 ], [ -45.037396095445871, -21.329418443077099 ], [ -45.037396095445871, -21.329148948491856 ] ] ] } },
{ "type": "Feature", "properties": { "id_feicao": "fogo_2017_399", "ano": 2017.0, "mes": 9, "codigo_original": 15, "classe": "Pastagem", "cor": "#edde8e", "area_ha": 5.0013116516091811 }, "geometry": { "type": "Polygon", "coordinates": [ [ [ -45.028233279547848, -21.329957432247568 ], [ -45.028233279547848, -21.330226926832808 ], [ -45.028502774133088, -21.330226926832804 ], [ -45.028502774133088, -21.330496421418033 ], [ -45.028772268718321, -21.330496421418037 ], [ -45.028772268718321, -21.330765916003276 ], [ -45.029311257888793, -21.33076591600328 ], [ -45.029311257888793, -21.33049642141804 ], [ -45.029580752474033, -21.330496421418037 ], [ -45.029580752474033, -21.331035410588516 ], [ -45.029850247059265, -21.331035410588509 ], [ -45.029850247059265, -21.330496421418037 ], [ -45.030119741644498, -21.330496421418033 ], [ -45.030119741644498, -21.330226926832797 ], [ -45.029850247059265, -21.3302269268328 ], [ -45.029850247059265, -21.329687937662328 ], [ -45.029311257888793, -21.329687937662332 ], [ -45.029311257888793, -21.329148948491852 ], [ -45.02904176330356, -21.329148948491856 ], [ -45.02904176330356, -21.328340464736151 ], [ -45.028502774133088, -21.328340464736151 ], [ -45.028502774133088, -21.328609959321387 ], [ -45.028233279547848, -21.32860995932139 ], [ -45.028233279547848, -21.328340464736154 ], [ -45.027963784962616, -21.328340464736147 ], [ -45.027963784962616, -21.328070970150915 ], [ -45.027694290377376, -21.328070970150922 ], [ -45.027694290377376, -21.327801475565682 ], [ -45.027963784962616, -21.327801475565678 ], [ -45.027963784962616, -21.327531980980442 ], [ -45.027155301206903, -21.327531980980446 ], [ -45.027155301206903, -21.327801475565675 ], [ -45.027424795792143, -21.327801475565682 ], [ -45.027424795792143, -21.32887945390662 ], [ -45.027694290377376, -21.328879453906623 ], [ -45.027694290377376, -21.329418443077088 ], [ -45.027424795792143, -21.329418443077081 ], [ -45.027424795792143, -21.329957432247564 ], [ -45.028233279547848, -21.329957432247568 ] ] ] } },
{ "type": "Feature", "properties": { "id_feicao": "fogo_2017_400", "ano": 2017.0, "mes": 9, "codigo_original": 15, "classe": "Pastagem", "cor": "#edde8e", "area_ha": 0.083355719340129752 }, "geometry": { "type": "Polygon", "coordinates": [ [ [ -45.037396095445871, -21.328340464736154 ], [ -45.037396095445871, -21.328609959321387 ], [ -45.037665590031104, -21.32860995932138 ], [ -45.037665590031104, -21.328340464736151 ], [ -45.037396095445871, -21.328340464736154 ] ] ] } },
{ "type": "Feature", "properties": { "id_feicao": "fogo_2017_401", "ano": 2017.0, "mes": 9, "codigo_original": 15, "classe": "Pastagem", "cor": "#edde8e", "area_ha": 0.083356007822044192 }, "geometry": { "type": "Polygon", "coordinates": [ [ [ -45.03065873081497, -21.327801475565682 ], [ -45.030389236229738, -21.327801475565682 ], [ -45.030389236229738, -21.328070970150918 ], [ -45.03065873081497, -21.328070970150918 ], [ -45.03065873081497, -21.327801475565682 ] ] ] } },
{ "type": "Feature", "properties": { "id_feicao": "fogo_2017_402", "ano": 2017.0, "mes": 9, "codigo_original": 15, "classe": "Pastagem", "cor": "#edde8e", "area_ha": 2.1672640497021765 }, "geometry": { "type": "Polygon", "coordinates": [ [ [ -45.038474073786816, -21.326992991809973 ], [ -45.038474073786816, -21.326723497224734 ], [ -45.037126600860631, -21.326723497224741 ], [ -45.037126600860631, -21.328070970150918 ], [ -45.038204579201576, -21.328070970150918 ], [ -45.038204579201576, -21.327801475565682 ], [ -45.038474073786816, -21.327801475565682 ], [ -45.038474073786816, -21.327531980980446 ], [ -45.038743568372048, -21.327531980980446 ], [ -45.038743568372048, -21.326992991809973 ], [ -45.038474073786816, -21.326992991809973 ] ] ] } },
{ "type": "Feature", "properties": { "id_feicao": "fogo_2017_403", "ano": 2017.0, "mes": 9, "codigo_original": 15, "classe": "Pastagem", "cor": "#edde8e", "area_ha": 4.0844766960130654 }, "geometry": { "type": "Polygon", "coordinates": [ [ [ -45.023112882428372, -21.325915013469029 ], [ -45.022843387843132, -21.325915013469029 ], [ -45.022843387843132, -21.326454002639501 ], [ -45.022573893257899, -21.326454002639505 ], [ -45.022573893257899, -21.327531980980449 ], [ -45.023651871598844, -21.327531980980446 ], [ -45.023651871598844, -21.326992991809973 ], [ -45.024190860769309, -21.326992991809977 ], [ -45.024190860769309, -21.326723497224741 ], [ -45.024460355354549, -21.326723497224734 ], [ -45.024460355354549, -21.327262486395213 ], [ -45.025268839110254, -21.32726248639521 ], [ -45.025268839110254, -21.326992991809973 ], [ -45.025538333695494, -21.326992991809973 ], [ -45.025538333695494, -21.32726248639521 ], [ -45.025807828280726, -21.32726248639521 ], [ -45.025807828280726, -21.326992991809973 ], [ -45.026077322865966, -21.326992991809973 ], [ -45.026077322865966, -21.326723497224737 ], [ -45.026346817451198, -21.326723497224741 ], [ -45.026346817451198, -21.326454002639501 ], [ -45.027155301206903, -21.326454002639505 ], [ -45.027155301206903, -21.326184508054272 ], [ -45.026885806621671, -21.326184508054265 ], [ -45.026885806621671, -21.325915013469022 ], [ -45.026346817451198, -21.325915013469029 ], [ -45.026346817451198, -21.325645518883793 ], [ -45.026077322865966, -21.325645518883796 ], [ -45.026077322865966, -21.326454002639501 ], [ -45.025807828280726, -21.326454002639501 ], [ -45.025807828280726, -21.326723497224741 ], [ -45.025268839110254, -21.326723497224737 ], [ -45.025268839110254, -21.326454002639501 ], [ -45.024729849939781, -21.326454002639501 ], [ -45.024729849939781, -21.326184508054268 ], [ -45.023112882428372, -21.326184508054265 ], [ -45.023112882428372, -21.325915013469029 ] ], [ [ -45.023651871598844, -21.326723497224737 ], [ -45.023651871598844, -21.326454002639501 ], [ -45.024190860769309, -21.326454002639508 ], [ -45.024190860769309, -21.326723497224741 ], [ -45.023651871598844, -21.326723497224737 ] ], [ [ -45.023382377013604, -21.326723497224737 ], [ -45.023112882428372, -21.326723497224737 ], [ -45.023112882428372, -21.326454002639505 ], [ -45.023382377013604, -21.326454002639501 ], [ -45.023382377013604, -21.326723497224737 ] ] ] } },
{ "type": "Feature", "properties": { "id_feicao": "fogo_2017_404", "ano": 2017.0, "mes": 9, "codigo_original": 15, "classe": "Pastagem", "cor": "#edde8e", "area_ha": 5.83498198209554 }, "geometry": { "type": "Polygon", "coordinates": [ [ [ -45.027155301206903, -21.326992991809973 ], [ -45.027694290377376, -21.326992991809973 ], [ -45.027694290377376, -21.32726248639521 ], [ -45.028233279547848, -21.32726248639521 ], [ -45.028233279547848, -21.326992991809973 ], [ -45.028502774133088, -21.326992991809977 ], [ -45.028502774133088, -21.327262486395206 ], [ -45.02904176330356, -21.327262486395213 ], [ -45.02904176330356, -21.327531980980446 ], [ -45.029850247059265, -21.327531980980442 ], [ -45.029850247059265, -21.326454002639505 ], [ -45.029580752474033, -21.326454002639501 ], [ -45.029580752474033, -21.325376024298556 ], [ -45.029311257888793, -21.325376024298556 ], [ -45.029311257888793, -21.32510652971332 ], [ -45.027424795792143, -21.325106529713324 ], [ -45.027424795792143, -21.325915013469029 ], [ -45.027155301206903, -21.325915013469025 ], [ -45.027155301206903, -21.326184508054272 ], [ -45.027424795792143, -21.326184508054265 ], [ -45.027424795792143, -21.326454002639501 ], [ -45.027155301206903, -21.326454002639505 ], [ -45.027155301206903, -21.326992991809973 ] ] ] } },
{ "type": "Feature", "properties": { "id_feicao": "fogo_2017_405", "ano": 2017.0, "mes": 9, "codigo_original": 15, "classe": "Pastagem", "cor": "#edde8e", "area_ha": 0.66685988565646115 }, "geometry": { "type": "Polygon", "coordinates": [ [ [ -45.026616312036438, -21.32510652971332 ], [ -45.026616312036438, -21.324837035128084 ], [ -45.026346817451198, -21.324837035128084 ], [ -45.026346817451198, -21.325106529713327 ], [ -45.026077322865966, -21.32510652971332 ], [ -45.026077322865966, -21.325376024298556 ], [ -45.026346817451198, -21.325376024298553 ], [ -45.026346817451198, -21.325645518883793 ], [ -45.027155301206903, -21.325645518883793 ], [ -45.027155301206903, -21.32510652971332 ], [ -45.026616312036438, -21.32510652971332 ] ] ] } },
{ "type": "Feature", "properties": { "id_feicao": "fogo_2017_406", "ano": 2017.0, "mes": 9, "codigo_original": 15, "classe": "Pastagem", "cor": "#edde8e", "area_ha": 0.91693856102784554 }, "geometry": { "type": "Polygon", "coordinates": [ [ [ -45.023382377013604, -21.323489562201903 ], [ -45.023382377013604, -21.324298045957615 ], [ -45.023651871598844, -21.324298045957612 ], [ -45.023651871598844, -21.324028551372376 ], [ -45.024190860769309, -21.324028551372376 ], [ -45.024190860769309, -21.323759056787146 ], [ -45.025268839110254, -21.323759056787139 ], [ -45.025268839110254, -21.323489562201907 ], [ -45.023382377013604, -21.323489562201903 ] ] ] } },
{ "type": "Feature", "properties": { "id_feicao": "fogo_2017_407", "ano": 2017.0, "mes": 9, "codigo_original": 15, "classe": "Pastagem", "cor": "#edde8e", "area_ha": 3.4192699428875 }, "geometry": { "type": "Polygon", "coordinates": [ [ [ -45.024729849939781, -21.253151475455347 ], [ -45.023382377013604, -21.253151475455343 ], [ -45.023382377013604, -21.253959959211059 ], [ -45.023112882428372, -21.253959959211048 ], [ -45.023112882428372, -21.25530743213724 ], [ -45.024460355354549, -21.25530743213724 ], [ -45.024460355354549, -21.254229453796292 ], [ -45.024729849939781, -21.254229453796281 ], [ -45.024729849939781, -21.253151475455347 ] ] ] } },
{ "type": "Feature", "properties": { "id_feicao": "fogo_2017_408", "ano": 2017.0, "mes": 9, "codigo_original": 15, "classe": "Pastagem", "cor": "#edde8e", "area_ha": 3.3360549233458316 }, "geometry": { "type": "Polygon", "coordinates": [ [ [ -45.028502774133088, -21.24614461623921 ], [ -45.028502774133088, -21.246953099994922 ], [ -45.029580752474033, -21.246953099994929 ], [ -45.029580752474033, -21.245066637898276 ], [ -45.027694290377376, -21.245066637898269 ], [ -45.027694290377376, -21.246144616239214 ], [ -45.028502774133088, -21.24614461623921 ] ] ] } },
{ "type": "Feature", "properties": { "id_feicao": "fogo_2017_409", "ano": 2017.0, "mes": 9, "codigo_original": 15, "classe": "Pastagem", "cor": "#edde8e", "area_ha": 2.4189855007201282 }, "geometry": { "type": "Polygon", "coordinates": [ [ [ -45.060572629776154, -21.224585049420348 ], [ -45.060572629776154, -21.224315554835108 ], [ -45.060303135190914, -21.224315554835112 ], [ -45.060303135190914, -21.224046060249872 ], [ -45.059764146020449, -21.224046060249879 ], [ -45.059764146020449, -21.223776565664636 ], [ -45.059494651435209, -21.223776565664636 ], [ -45.059494651435209, -21.223237576494167 ], [ -45.059225156849976, -21.223237576494171 ], [ -45.059225156849976, -21.225124038590817 ], [ -45.059494651435209, -21.22512403859082 ], [ -45.059494651435209, -21.225393533176053 ], [ -45.060572629776154, -21.225393533176053 ], [ -45.060572629776154, -21.22512403859082 ], [ -45.060842124361386, -21.225124038590817 ], [ -45.060842124361386, -21.224585049420348 ], [ -45.060572629776154, -21.224585049420348 ] ] ] } },
{ "type": "Feature", "properties": { "id_feicao": "fogo_2017_410", "ano": 2017.0, "mes": 9, "codigo_original": 15, "classe": "Pastagem", "cor": "#edde8e", "area_ha": 0.25024295794516804 }, "geometry": { "type": "Polygon", "coordinates": [ [ [ -45.059764146020449, -21.222968081908924 ], [ -45.060033640605681, -21.222968081908927 ], [ -45.060033640605681, -21.222698587323695 ], [ -45.060303135190914, -21.222698587323691 ], [ -45.060303135190914, -21.222429092738455 ], [ -45.059764146020449, -21.222429092738455 ], [ -45.059764146020449, -21.222968081908924 ] ] ] } },
{ "type": "Feature", "properties": { "id_feicao": "fogo_2017_411", "ano": 2017.0, "mes": 9, "codigo_original": 15, "classe": "Pastagem", "cor": "#edde8e", "area_ha": 0.58390071514001651 }, "geometry": { "type": "Polygon", "coordinates": [ [ [ -45.058416673094264, -21.222159598153223 ], [ -45.058416673094264, -21.222968081908927 ], [ -45.058955662264736, -21.222968081908931 ], [ -45.058955662264736, -21.222698587323691 ], [ -45.059225156849976, -21.222698587323688 ], [ -45.059225156849976, -21.222429092738459 ], [ -45.058955662264736, -21.222429092738462 ], [ -45.058955662264736, -21.222159598153223 ], [ -45.058416673094264, -21.222159598153223 ] ] ] } },
{ "type": "Feature", "properties": { "id_feicao": "fogo_2017_412", "ano": 2017.0, "mes": 9, "codigo_original": 15, "classe": "Pastagem", "cor": "#edde8e", "area_ha": 0.083414773437485698 }, "geometry": { "type": "Polygon", "coordinates": [ [ [ -45.026616312036438, -21.22162060898275 ], [ -45.026616312036438, -21.22189010356799 ], [ -45.026885806621671, -21.22189010356799 ], [ -45.026885806621671, -21.221620608982747 ], [ -45.026616312036438, -21.22162060898275 ] ] ] } },
{ "type": "Feature", "properties": { "id_feicao": "fogo_2017_413", "ano": 2017.0, "mes": 9, "codigo_original": 15, "classe": "Pastagem", "cor": "#edde8e", "area_ha": 1.5848869551450013 }, "geometry": { "type": "Polygon", "coordinates": [ [ [ -45.060303135190914, -21.220542630641816 ], [ -45.059225156849976, -21.220542630641809 ], [ -45.059225156849976, -21.221351114397518 ], [ -45.059494651435209, -21.221351114397518 ], [ -45.059494651435209, -21.222159598153219 ], [ -45.059764146020449, -21.222159598153215 ], [ -45.059764146020449, -21.221890103567993 ], [ -45.060303135190914, -21.221890103567993 ], [ -45.060303135190914, -21.220542630641816 ] ] ] } },
{ "type": "Feature", "properties": { "id_feicao": "fogo_2017_414", "ano": 2017.0, "mes": 9, "codigo_original": 15, "classe": "Pastagem", "cor": "#edde8e", "area_ha": 0.083415072018786118 }, "geometry": { "type": "Polygon", "coordinates": [ [ [ -45.027424795792143, -21.221081619812278 ], [ -45.027424795792143, -21.221351114397521 ], [ -45.027694290377376, -21.221351114397525 ], [ -45.027694290377376, -21.221081619812281 ], [ -45.027424795792143, -21.221081619812278 ] ] ] } },
{ "type": "Feature", "properties": { "id_feicao": "fogo_2017_415", "ano": 2017.0, "mes": 9, "codigo_original": 15, "classe": "Pastagem", "cor": "#edde8e", "area_ha": 0.91756603341386667 }, "geometry": { "type": "Polygon", "coordinates": [ [ [ -45.025807828280726, -21.221620608982757 ], [ -45.025807828280726, -21.22135111439751 ], [ -45.026346817451198, -21.22135111439751 ], [ -45.026346817451198, -21.220812125227045 ], [ -45.026077322865966, -21.220812125227042 ], [ -45.026077322865966, -21.221081619812281 ], [ -45.025807828280726, -21.221081619812278 ], [ -45.025807828280726, -21.220812125227042 ], [ -45.025268839110254, -21.220812125227049 ], [ -45.025268839110254, -21.221081619812278 ], [ -45.024999344525021, -21.221081619812281 ], [ -45.024999344525021, -21.221620608982757 ], [ -45.025807828280726, -21.221620608982757 ] ] ] } },
{ "type": "Feature", "properties": { "id_feicao": "fogo_2017_416", "ano": 2017.0, "mes": 9, "codigo_original": 15, "classe": "Pastagem", "cor": "#edde8e", "area_ha": 0.083415367699228221 }, "geometry": { "type": "Polygon", "coordinates": [ [ [ -45.026077322865966, -21.220542630641805 ], [ -45.025807828280726, -21.220542630641802 ], [ -45.025807828280726, -21.220812125227042 ], [ -45.026077322865966, -21.220812125227042 ], [ -45.026077322865966, -21.220542630641805 ] ] ] } },
{ "type": "Feature", "properties": { "id_feicao": "fogo_2017_417", "ano": 2017.0, "mes": 9, "codigo_original": 15, "classe": "Pastagem", "cor": "#edde8e", "area_ha": 0.083415366776074959 }, "geometry": { "type": "Polygon", "coordinates": [ [ [ -45.024999344525021, -21.220542630641805 ], [ -45.024999344525021, -21.220812125227045 ], [ -45.025268839110254, -21.220812125227049 ], [ -45.025268839110254, -21.220542630641813 ], [ -45.024999344525021, -21.220542630641805 ] ] ] } },
{ "type": "Feature", "properties": { "id_feicao": "fogo_2017_418", "ano": 2017.0, "mes": 9, "codigo_original": 15, "classe": "Pastagem", "cor": "#edde8e", "area_ha": 0.083415518085416418 }, "geometry": { "type": "Polygon", "coordinates": [ [ [ -45.027155301206903, -21.22027313605658 ], [ -45.027155301206903, -21.220542630641805 ], [ -45.027424795792143, -21.220542630641809 ], [ -45.027424795792143, -21.220273136056576 ], [ -45.027155301206903, -21.22027313605658 ] ] ] } },
{ "type": "Feature", "properties": { "id_feicao": "fogo_2017_419", "ano": 2017.0, "mes": 9, "codigo_original": 15, "classe": "Pastagem", "cor": "#edde8e", "area_ha": 2.8362421707741916 }, "geometry": { "type": "Polygon", "coordinates": [ [ [ -45.042516492565348, -21.214074760596144 ], [ -45.042246997980115, -21.214074760596151 ], [ -45.042246997980115, -21.213805266010915 ], [ -45.041708008809643, -21.213805266010908 ], [ -45.041708008809643, -21.213535771425672 ], [ -45.040630030468698, -21.213535771425676 ], [ -45.040630030468698, -21.214613749766613 ], [ -45.040899525053938, -21.214613749766617 ], [ -45.040899525053938, -21.21488324435186 ], [ -45.04143851422441, -21.214883244351864 ], [ -45.04143851422441, -21.215152738937096 ], [ -45.042516492565348, -21.215152738937096 ], [ -45.042516492565348, -21.214074760596144 ] ] ] } },
{ "type": "Feature", "properties": { "id_feicao": "fogo_2017_420", "ano": 2017.0, "mes": 9, "codigo_original": 15, "classe": "Pastagem", "cor": "#edde8e", "area_ha": 2.0854978889898397 }, "geometry": { "type": "Polygon", "coordinates": [ [ [ -45.039552052127753, -21.213266276840432 ], [ -45.040360535883465, -21.213266276840436 ], [ -45.040360535883465, -21.211918803914269 ], [ -45.039821546712993, -21.211918803914269 ], [ -45.039821546712993, -21.211649309329019 ], [ -45.039282557542521, -21.211649309329019 ], [ -45.039282557542521, -21.212188298499495 ], [ -45.038743568372048, -21.212188298499495 ], [ -45.038743568372048, -21.212727287669964 ], [ -45.039282557542521, -21.21272728766996 ], [ -45.039282557542521, -21.21299678225521 ], [ -45.039552052127753, -21.212996782255207 ], [ -45.039552052127753, -21.213266276840432 ] ] ] } },
{ "type": "Feature", "properties": { "id_feicao": "fogo_2017_421", "ano": 2017.0, "mes": 9, "codigo_original": 15, "classe": "Pastagem", "cor": "#edde8e", "area_ha": 1.0844631295457483 }, "geometry": { "type": "Polygon", "coordinates": [ [ [ -45.046019922173414, -21.211379814743786 ], [ -45.045480933002942, -21.211379814743786 ], [ -45.045480933002942, -21.212457793084727 ], [ -45.046558911343887, -21.212457793084727 ], [ -45.046558911343887, -21.211649309329026 ], [ -45.046289416758654, -21.211649309329019 ], [ -45.046289416758654, -21.211918803914266 ], [ -45.046019922173414, -21.211918803914255 ], [ -45.046019922173414, -21.211379814743786 ] ] ] } },
{ "type": "Feature", "properties": { "id_feicao": "fogo_2017_422", "ano": 2017.0, "mes": 9, "codigo_original": 15, "classe": "Pastagem", "cor": "#edde8e", "area_ha": 0.08342204645460502 }, "geometry": { "type": "Polygon", "coordinates": [ [ [ -45.081593207424547, -21.208684868891432 ], [ -45.081593207424547, -21.208954363476668 ], [ -45.081862702009786, -21.208954363476668 ], [ -45.081862702009786, -21.208684868891432 ], [ -45.081593207424547, -21.208684868891432 ] ] ] } },
{ "type": "Feature", "properties": { "id_feicao": "fogo_2017_423", "ano": 2017.0, "mes": 9, "codigo_original": 15, "classe": "Pastagem", "cor": "#edde8e", "area_ha": 0.083423079705275904 }, "geometry": { "type": "Polygon", "coordinates": [ [ [ -45.079437250742671, -21.206798406794785 ], [ -45.079437250742671, -21.207067901380011 ], [ -45.079706745327897, -21.207067901380015 ], [ -45.079706745327897, -21.206798406794778 ], [ -45.079437250742671, -21.206798406794785 ] ] ] } },
{ "type": "Feature", "properties": { "id_feicao": "fogo_2017_424", "ano": 2017.0, "mes": 9, "codigo_original": 15, "classe": "Pastagem", "cor": "#edde8e", "area_ha": 0.16684692231174558 }, "geometry": { "type": "Polygon", "coordinates": [ [ [ -45.082401691180259, -21.205989923039066 ], [ -45.082132196595019, -21.205989923039077 ], [ -45.082132196595019, -21.206528912209549 ], [ -45.082401691180259, -21.206528912209546 ], [ -45.082401691180259, -21.205989923039066 ] ] ] } },
{ "type": "Feature", "properties": { "id_feicao": "fogo_2017_425", "ano": 2017.0, "mes": 9, "codigo_original": 15, "classe": "Pastagem", "cor": "#edde8e", "area_ha": 61.316865296410114 }, "geometry": { "type": "Polygon", "coordinates": [ [ [ -45.068387972747992, -21.20248649343101 ], [ -45.06784898357752, -21.20248649343101 ], [ -45.06784898357752, -21.202216998845774 ], [ -45.067309994407047, -21.20221699884577 ], [ -45.067309994407047, -21.201678009675298 ], [ -45.067579488992287, -21.201678009675298 ], [ -45.067579488992287, -21.200869525919597 ], [ -45.06784898357752, -21.20086952591959 ], [ -45.06784898357752, -21.200600031334357 ], [ -45.064884543139925, -21.200600031334353 ], [ -45.064884543139925, -21.201408515090066 ], [ -45.065154037725165, -21.201408515090069 ], [ -45.065154037725165, -21.201678009675295 ], [ -45.064615048554693, -21.201678009675302 ], [ -45.064615048554693, -21.202755988016243 ], [ -45.064345553969453, -21.202755988016239 ], [ -45.064345553969453, -21.203025482601479 ], [ -45.063267575628508, -21.203025482601479 ], [ -45.063267575628508, -21.203294977186719 ], [ -45.063537070213748, -21.203294977186722 ], [ -45.063537070213748, -21.203564471771951 ], [ -45.063267575628508, -21.203564471771951 ], [ -45.063267575628508, -21.2046424501129 ], [ -45.063537070213748, -21.204642450112893 ], [ -45.063537070213748, -21.204911944698122 ], [ -45.064345553969453, -21.204911944698132 ], [ -45.064345553969453, -21.205450933868605 ], [ -45.064884543139925, -21.205450933868605 ], [ -45.064884543139925, -21.204642450112896 ], [ -45.065154037725165, -21.204642450112893 ], [ -45.065154037725165, -21.205450933868608 ], [ -45.065423532310398, -21.205450933868597 ], [ -45.065423532310398, -21.205181439283361 ], [ -45.065693026895637, -21.205181439283358 ], [ -45.065693026895637, -21.204911944698129 ], [ -45.066232016066103, -21.204911944698132 ], [ -45.066232016066103, -21.204642450112896 ], [ -45.066501510651342, -21.204642450112896 ], [ -45.066501510651342, -21.203833966357184 ], [ -45.067309994407047, -21.203833966357188 ], [ -45.067309994407047, -21.203294977186715 ], [ -45.067579488992287, -21.203294977186719 ], [ -45.067579488992287, -21.203833966357188 ], [ -45.06784898357752, -21.203833966357188 ], [ -45.06784898357752, -21.203294977186715 ], [ -45.068387972747992, -21.203294977186715 ], [ -45.068387972747992, -21.203025482601479 ], [ -45.070543929429881, -21.203025482601483 ], [ -45.070543929429881, -21.202755988016243 ], [ -45.070813424015114, -21.202755988016236 ], [ -45.070813424015114, -21.203025482601479 ], [ -45.071082918600354, -21.203025482601475 ], [ -45.071082918600354, -21.204103460942424 ], [ -45.071891402356059, -21.204103460942424 ], [ -45.071891402356059, -21.20437295552766 ], [ -45.073238875282236, -21.204372955527663 ], [ -45.073238875282236, -21.205450933868605 ], [ -45.073777864452708, -21.205450933868605 ], [ -45.073777864452708, -21.205720428453834 ], [ -45.074316853623181, -21.205720428453837 ], [ -45.074316853623181, -21.20598992303907 ], [ -45.07458634820842, -21.205989923039073 ], [ -45.07458634820842, -21.206528912209549 ], [ -45.074316853623181, -21.206528912209549 ], [ -45.074316853623181, -21.207067901380018 ], [ -45.07458634820842, -21.207067901380015 ], [ -45.07458634820842, -21.206798406794778 ], [ -45.075125337378893, -21.206798406794782 ], [ -45.075125337378893, -21.207067901380015 ], [ -45.074855842793653, -21.207067901380018 ], [ -45.074855842793653, -21.207337395965258 ], [ -45.07458634820842, -21.207337395965251 ], [ -45.07458634820842, -21.207876385135719 ], [ -45.074855842793653, -21.207876385135727 ], [ -45.074855842793653, -21.208145879720956 ], [ -45.075664326549365, -21.208145879720949 ], [ -45.075664326549365, -21.208684868891432 ], [ -45.076203315719837, -21.208684868891428 ], [ -45.076203315719837, -21.209493352647137 ], [ -45.07647281030507, -21.209493352647137 ], [ -45.07647281030507, -21.209762847232373 ], [ -45.07674230489031, -21.20976284723238 ], [ -45.07674230489031, -21.210301836402845 ], [ -45.078089777816487, -21.210301836402852 ], [ -45.078089777816487, -21.210032341817605 ], [ -45.078359272401727, -21.210032341817609 ], [ -45.078359272401727, -21.210301836402845 ], [ -45.080515229083616, -21.210301836402849 ], [ -45.080515229083616, -21.209493352647137 ], [ -45.080245734498369, -21.20949335264714 ], [ -45.080245734498369, -21.208954363476668 ], [ -45.080515229083616, -21.208954363476668 ], [ -45.080515229083616, -21.208415374306199 ], [ -45.080784723668842, -21.208415374306192 ], [ -45.080784723668842, -21.207876385135723 ], [ -45.080515229083616, -21.207876385135716 ], [ -45.080515229083616, -21.207337395965258 ], [ -45.079437250742671, -21.207337395965251 ], [ -45.079437250742671, -21.207876385135727 ], [ -45.078898261572199, -21.207876385135723 ], [ -45.078898261572199, -21.207606890550487 ], [ -45.078628766986952, -21.207606890550487 ], [ -45.078628766986952, -21.206798406794785 ], [ -45.078898261572199, -21.206798406794782 ], [ -45.078898261572199, -21.206528912209546 ], [ -45.078359272401727, -21.206528912209549 ], [ -45.078359272401727, -21.205989923039073 ], [ -45.077820283231254, -21.205989923039077 ], [ -45.077820283231254, -21.205720428453841 ], [ -45.077281294060782, -21.205720428453837 ], [ -45.077281294060782, -21.20598992303907 ], [ -45.07674230489031, -21.205989923039077 ], [ -45.07674230489031, -21.206259417624313 ], [ -45.07647281030507, -21.206259417624313 ], [ -45.07647281030507, -21.205989923039077 ], [ -45.076203315719837, -21.205989923039073 ], [ -45.076203315719837, -21.204911944698132 ], [ -45.07647281030507, -21.204911944698129 ], [ -45.07647281030507, -21.204103460942424 ], [ -45.076203315719837, -21.20410346094242 ], [ -45.076203315719837, -21.20383396635718 ], [ -45.075394831964125, -21.203833966357184 ], [ -45.075394831964125, -21.204103460942424 ], [ -45.075125337378893, -21.204103460942431 ], [ -45.075125337378893, -21.20437295552766 ], [ -45.074855842793653, -21.204372955527663 ], [ -45.074855842793653, -21.204103460942431 ], [ -45.07458634820842, -21.204103460942427 ], [ -45.07458634820842, -21.20437295552766 ], [ -45.073777864452708, -21.20437295552766 ], [ -45.073777864452708, -21.20383396635718 ], [ -45.074047359037948, -21.203833966357188 ], [ -45.074047359037948, -21.203564471771951 ], [ -45.074316853623181, -21.203564471771944 ], [ -45.074316853623181, -21.202755988016239 ], [ -45.074047359037948, -21.202755988016239 ], [ -45.074047359037948, -21.203025482601479 ], [ -45.073777864452708, -21.203025482601483 ], [ -45.073777864452708, -21.20248649343101 ], [ -45.072430391526531, -21.20248649343101 ], [ -45.072430391526531, -21.202755988016243 ], [ -45.071352413185586, -21.202755988016243 ], [ -45.071352413185586, -21.201947504260534 ], [ -45.071621907770826, -21.201947504260534 ], [ -45.071621907770826, -21.201678009675295 ], [ -45.071891402356059, -21.201678009675298 ], [ -45.071891402356059, -21.201139020504829 ], [ -45.072699886111764, -21.201139020504826 ], [ -45.072699886111764, -21.20086952591959 ], [ -45.072969380697003, -21.200869525919593 ], [ -45.072969380697003, -21.199791547578652 ], [ -45.070813424015114, -21.199791547578659 ], [ -45.070813424015114, -21.199522052993412 ], [ -45.070274434844642, -21.199522052993419 ], [ -45.070274434844642, -21.199252558408176 ], [ -45.069465951088937, -21.199252558408173 ], [ -45.069465951088937, -21.200600031334353 ], [ -45.068387972747992, -21.200600031334361 ], [ -45.068387972747992, -21.201408515090062 ], [ -45.068926961918464, -21.201408515090062 ], [ -45.068926961918464, -21.201947504260534 ], [ -45.068657467333232, -21.201947504260538 ], [ -45.068657467333232, -21.202755988016243 ], [ -45.068387972747992, -21.202755988016232 ], [ -45.068387972747992, -21.20248649343101 ] ], [ [ -45.067309994407047, -21.202486493431007 ], [ -45.067040499821815, -21.202486493431007 ], [ -45.067040499821815, -21.20221699884577 ], [ -45.067309994407047, -21.20221699884577 ], [ -45.067309994407047, -21.202486493431007 ] ], [ [ -45.075125337378893, -21.206259417624313 ], [ -45.075394831964125, -21.206259417624313 ], [ -45.075394831964125, -21.206798406794782 ], [ -45.075125337378893, -21.206798406794782 ], [ -45.075125337378893, -21.206259417624313 ] ], [ [ -45.069735445674169, -21.200600031334346 ], [ -45.069735445674169, -21.20086952591959 ], [ -45.070004940259409, -21.20086952591959 ], [ -45.070004940259409, -21.201947504260531 ], [ -45.070274434844642, -21.201947504260541 ], [ -45.070274434844642, -21.202755988016239 ], [ -45.070004940259409, -21.202755988016239 ], [ -45.070004940259409, -21.20248649343101 ], [ -45.069735445674169, -21.202486493431003 ], [ -45.069735445674169, -21.201139020504826 ], [ -45.069465951088937, -21.201139020504829 ], [ -45.069465951088937, -21.200600031334353 ], [ -45.069735445674169, -21.200600031334346 ] ], [ [ -45.079437250742671, -21.209762847232369 ], [ -45.079706745327897, -21.20976284723238 ], [ -45.079706745327897, -21.210032341817609 ], [ -45.079437250742671, -21.210032341817612 ], [ -45.079437250742671, -21.209762847232369 ] ], [ [ -45.075125337378893, -21.204911944698132 ], [ -45.075394831964125, -21.204911944698132 ], [ -45.075394831964125, -21.205181439283361 ], [ -45.075125337378893, -21.205181439283358 ], [ -45.075125337378893, -21.204911944698132 ] ], [ [ -45.066232016066103, -21.203025482601475 ], [ -45.066501510651342, -21.203025482601479 ], [ -45.066501510651342, -21.203294977186715 ], [ -45.066232016066103, -21.203294977186715 ], [ -45.066232016066103, -21.203025482601475 ] ], [ [ -45.067579488992287, -21.202755988016246 ], [ -45.06784898357752, -21.202755988016236 ], [ -45.06784898357752, -21.203025482601479 ], [ -45.067579488992287, -21.203025482601479 ], [ -45.067579488992287, -21.202755988016246 ] ], [ [ -45.065423532310398, -21.202755988016243 ], [ -45.065693026895637, -21.202755988016236 ], [ -45.065693026895637, -21.203025482601479 ], [ -45.065423532310398, -21.203025482601472 ], [ -45.065423532310398, -21.202755988016243 ] ], [ [ -45.069196456503697, -21.202486493431014 ], [ -45.069465951088937, -21.202486493431003 ], [ -45.069465951088937, -21.202755988016239 ], [ -45.069196456503697, -21.202755988016243 ], [ -45.069196456503697, -21.202486493431014 ] ] ] } },
{ "type": "Feature", "properties": { "id_feicao": "fogo_2017_426", "ano": 2017.0, "mes": 9, "codigo_original": 15, "classe": "Pastagem", "cor": "#edde8e", "area_ha": 0.16685088515423122 }, "geometry": { "type": "Polygon", "coordinates": [ [ [ -45.07458634820842, -21.202486493431007 ], [ -45.07458634820842, -21.202755988016243 ], [ -45.075125337378893, -21.202755988016246 ], [ -45.075125337378893, -21.202486493431007 ], [ -45.07458634820842, -21.202486493431007 ] ] ] } },
{ "type": "Feature", "properties": { "id_feicao": "fogo_2017_427", "ano": 2017.0, "mes": 9, "codigo_original": 15, "classe": "Pastagem", "cor": "#edde8e", "area_ha": 0.16685327655663715 }, "geometry": { "type": "Polygon", "coordinates": [ [ [ -45.077011799475542, -21.200330536749124 ], [ -45.07647281030507, -21.200330536749117 ], [ -45.07647281030507, -21.200600031334353 ], [ -45.077011799475542, -21.200600031334353 ], [ -45.077011799475542, -21.200330536749124 ] ] ] } },
{ "type": "Feature", "properties": { "id_feicao": "fogo_2017_428", "ano": 2017.0, "mes": 9, "codigo_original": 15, "classe": "Pastagem", "cor": "#edde8e", "area_ha": 0.083427252430197815 }, "geometry": { "type": "Polygon", "coordinates": [ [ [ -45.082132196595019, -21.199252558408173 ], [ -45.082132196595019, -21.199522052993412 ], [ -45.082401691180259, -21.199522052993409 ], [ -45.082401691180259, -21.19925255840818 ], [ -45.082132196595019, -21.199252558408173 ] ] ] } },
{ "type": "Feature", "properties": { "id_feicao": "fogo_2017_429", "ano": 2017.0, "mes": 9, "codigo_original": 15, "classe": "Pastagem", "cor": "#edde8e", "area_ha": 0.083427402069263967 }, "geometry": { "type": "Polygon", "coordinates": [ [ [ -45.082401691180259, -21.198983063822936 ], [ -45.082401691180259, -21.19925255840818 ], [ -45.082671185765491, -21.19925255840818 ], [ -45.082671185765491, -21.19898306382294 ], [ -45.082401691180259, -21.198983063822936 ] ] ] } },
{ "type": "Feature", "properties": { "id_feicao": "fogo_2017_430", "ano": 2017.0, "mes": 9, "codigo_original": 15, "classe": "Pastagem", "cor": "#edde8e", "area_ha": 0.1668607604761608 }, "geometry": { "type": "Polygon", "coordinates": [ [ [ -45.084288153276908, -21.19359317211822 ], [ -45.083749164106436, -21.193593172118224 ], [ -45.083749164106436, -21.19386266670346 ], [ -45.084288153276908, -21.193862666703453 ], [ -45.084288153276908, -21.19359317211822 ] ] ] } },
{ "type": "Feature", "properties": { "id_feicao": "fogo_2017_431", "ano": 2017.0, "mes": 9, "codigo_original": 15, "classe": "Pastagem", "cor": "#edde8e", "area_ha": 0.25004535267241518 }, "geometry": { "type": "Polygon", "coordinates": [ [ [ -44.935257647641478, -21.341545699412706 ], [ -44.935257647641478, -21.341815193997942 ], [ -44.93606613139719, -21.341815193997945 ], [ -44.93606613139719, -21.341545699412706 ], [ -44.935257647641478, -21.341545699412706 ] ] ] } },
{ "type": "Feature", "properties": { "id_feicao": "fogo_2017_432", "ano": 2017.0, "mes": 9, "codigo_original": 15, "classe": "Pastagem", "cor": "#edde8e", "area_ha": 2.1670756347693771 }, "geometry": { "type": "Polygon", "coordinates": [ [ [ -44.931215228862939, -21.340737215657001 ], [ -44.931215228862939, -21.339928731901299 ], [ -44.929867755936762, -21.339928731901292 ], [ -44.929867755936762, -21.340198226486532 ], [ -44.92932876676629, -21.340198226486528 ], [ -44.92932876676629, -21.341545699412709 ], [ -44.929867755936762, -21.341545699412709 ], [ -44.929867755936762, -21.34100671024223 ], [ -44.930137250522009, -21.34100671024224 ], [ -44.930137250522009, -21.34073721565699 ], [ -44.931215228862939, -21.340737215657001 ] ] ] } },
{ "type": "Feature", "properties": { "id_feicao": "fogo_2017_433", "ano": 2017.0, "mes": 9, "codigo_original": 15, "classe": "Pastagem", "cor": "#edde8e", "area_ha": 0.16670107702519746 }, "geometry": { "type": "Polygon", "coordinates": [ [ [ -45.021495914916954, -21.337503280634177 ], [ -45.021226420331715, -21.337503280634163 ], [ -45.021226420331715, -21.338042269804646 ], [ -45.021495914916954, -21.338042269804646 ], [ -45.021495914916954, -21.337503280634177 ] ] ] } },
{ "type": "Feature", "properties": { "id_feicao": "fogo_2017_434", "ano": 2017.0, "mes": 9, "codigo_original": 15, "classe": "Pastagem", "cor": "#edde8e", "area_ha": 0.11123959503453225 }, "geometry": { "type": "Polygon", "coordinates": [ [ [ -45.011524615263227, -21.336425302293225 ], [ -45.011220324343007, -21.336425302505685 ], [ -45.011253, -21.336482999999895 ], [ -45.011352, -21.336701 ], [ -45.01145, -21.336930999999893 ], [ -45.011524615263014, -21.337023764995774 ], [ -45.011524615263227, -21.336425302293225 ] ] ] } },
{ "type": "Feature", "properties": { "id_feicao": "fogo_2017_435", "ano": 2017.0, "mes": 9, "codigo_original": 15, "classe": "Pastagem", "cor": "#edde8e", "area_ha": 0.16670347136199989 }, "geometry": { "type": "Polygon", "coordinates": [ [ [ -45.021765409502187, -21.335347323952277 ], [ -45.021765409502187, -21.335886313122757 ], [ -45.022034904087427, -21.33588631312276 ], [ -45.022034904087427, -21.335347323952277 ], [ -45.021765409502187, -21.335347323952277 ] ] ] } },
{ "type": "Feature", "properties": { "id_feicao": "fogo_2017_436", "ano": 2017.0, "mes": 9, "codigo_original": 15, "classe": "Pastagem", "cor": "#edde8e", "area_ha": 1.8338404871478677 }, "geometry": { "type": "Polygon", "coordinates": [ [ [ -45.016914506967943, -21.326992991809977 ], [ -45.01664501238271, -21.326992991809973 ], [ -45.01664501238271, -21.326723497224734 ], [ -45.015836528626998, -21.32672349722473 ], [ -45.015836528626998, -21.326992991809973 ], [ -45.015028044871293, -21.326992991809973 ], [ -45.015028044871293, -21.327531980980446 ], [ -45.015567034041766, -21.327531980980446 ], [ -45.015567034041766, -21.327801475565682 ], [ -45.016914506967943, -21.327801475565682 ], [ -45.016914506967943, -21.326992991809977 ] ] ] } },
{ "type": "Feature", "properties": { "id_feicao": "fogo_2017_437", "ano": 2017.0, "mes": 9, "codigo_original": 15, "classe": "Pastagem", "cor": "#edde8e", "area_ha": 0.083356740224353854 }, "geometry": { "type": "Polygon", "coordinates": [ [ [ -45.015567034041766, -21.326454002639501 ], [ -45.015567034041766, -21.326723497224737 ], [ -45.015836528626998, -21.32672349722473 ], [ -45.015836528626998, -21.326454002639501 ], [ -45.015567034041766, -21.326454002639501 ] ] ] } },
{ "type": "Feature", "properties": { "id_feicao": "fogo_2017_438", "ano": 2017.0, "mes": 9, "codigo_original": 15, "classe": "Pastagem", "cor": "#edde8e", "area_ha": 0.4167871733777509 }, "geometry": { "type": "Polygon", "coordinates": [ [ [ -45.023112882428372, -21.324837035128091 ], [ -45.023112882428372, -21.325915013469029 ], [ -45.023382377013604, -21.325915013469029 ], [ -45.023382377013604, -21.325376024298556 ], [ -45.023651871598844, -21.32537602429856 ], [ -45.023651871598844, -21.32510652971332 ], [ -45.023382377013604, -21.32510652971332 ], [ -45.023382377013604, -21.324837035128088 ], [ -45.023112882428372, -21.324837035128091 ] ] ] } },
{ "type": "Feature", "properties": { "id_feicao": "fogo_2017_439", "ano": 2017.0, "mes": 9, "codigo_original": 15, "classe": "Pastagem", "cor": "#edde8e", "area_ha": 0.083359138440061362 }, "geometry": { "type": "Polygon", "coordinates": [ [ [ -45.023112882428372, -21.322142089275726 ], [ -45.022843387843132, -21.322142089275722 ], [ -45.022843387843132, -21.322411583860962 ], [ -45.023112882428372, -21.322411583860962 ], [ -45.023112882428372, -21.322142089275726 ] ] ] } },
{ "type": "Feature", "properties": { "id_feicao": "fogo_2017_440", "ano": 2017.0, "mes": 9, "codigo_original": 15, "classe": "Pastagem", "cor": "#edde8e", "area_ha": 0.16672932175392233 }, "geometry": { "type": "Polygon", "coordinates": [ [ [ -45.013950066530349, -21.312170789622002 ], [ -45.013950066530349, -21.312440284207238 ], [ -45.014489055700821, -21.312440284207241 ], [ -45.014489055700821, -21.312170789622005 ], [ -45.013950066530349, -21.312170789622002 ] ] ] } },
{ "type": "Feature", "properties": { "id_feicao": "fogo_2017_441", "ano": 2017.0, "mes": 9, "codigo_original": 15, "classe": "Pastagem", "cor": "#edde8e", "area_ha": 2.6677319443560097 }, "geometry": { "type": "Polygon", "coordinates": [ [ [ -45.013680571945116, -21.308128370843466 ], [ -45.013680571945116, -21.3092063491844 ], [ -45.013950066530349, -21.309206349184404 ], [ -45.013950066530349, -21.309475843769636 ], [ -45.015567034041766, -21.309475843769636 ], [ -45.015567034041766, -21.308397865428688 ], [ -45.015028044871293, -21.308397865428699 ], [ -45.015028044871293, -21.308128370843459 ], [ -45.013680571945116, -21.308128370843466 ] ] ] } },
{ "type": "Feature", "properties": { "id_feicao": "fogo_2017_442", "ano": 2017.0, "mes": 9, "codigo_original": 15, "classe": "Pastagem", "cor": "#edde8e", "area_ha": 0.58361927438825367 }, "geometry": { "type": "Polygon", "coordinates": [ [ [ -44.979454759620161, -21.294384146996435 ], [ -44.979185265034921, -21.294384146996435 ], [ -44.979185265034921, -21.294923136166901 ], [ -44.979454759620161, -21.294923136166901 ], [ -44.979454759620161, -21.296001114507849 ], [ -44.979724254205394, -21.296001114507849 ], [ -44.979724254205394, -21.294653641581668 ], [ -44.979454759620161, -21.294653641581675 ], [ -44.979454759620161, -21.294384146996435 ] ] ] } },
{ "type": "Feature", "properties": { "id_feicao": "fogo_2017_443", "ano": 2017.0, "mes": 9, "codigo_original": 15, "classe": "Pastagem", "cor": "#edde8e", "area_ha": 0.083374672945174352 }, "geometry": { "type": "Polygon", "coordinates": [ [ [ -44.978915770449689, -21.294114652411196 ], [ -44.978915770449689, -21.294384146996432 ], [ -44.979185265034921, -21.294384146996435 ], [ -44.979185265034921, -21.294114652411196 ], [ -44.978915770449689, -21.294114652411196 ] ] ] } },
{ "type": "Feature", "properties": { "id_feicao": "fogo_2017_444", "ano": 2017.0, "mes": 9, "codigo_original": 15, "classe": "Pastagem", "cor": "#edde8e", "area_ha": 0.083375419644504664 }, "geometry": { "type": "Polygon", "coordinates": [ [ [ -44.978646275864456, -21.292767179485018 ], [ -44.978646275864456, -21.293036674070247 ], [ -44.978915770449689, -21.293036674070251 ], [ -44.978915770449689, -21.292767179485018 ], [ -44.978646275864456, -21.292767179485018 ] ] ] } },
{ "type": "Feature", "properties": { "id_feicao": "fogo_2017_445", "ano": 2017.0, "mes": 9, "codigo_original": 15, "classe": "Pastagem", "cor": "#edde8e", "area_ha": 0.50025625232597815 }, "geometry": { "type": "Polygon", "coordinates": [ [ [ -44.978376781279216, -21.291150211973605 ], [ -44.978107286693984, -21.291150211973605 ], [ -44.978107286693984, -21.291689201144077 ], [ -44.978376781279216, -21.29168920114407 ], [ -44.978376781279216, -21.292497684899782 ], [ -44.978646275864456, -21.292497684899779 ], [ -44.978646275864456, -21.291419706558838 ], [ -44.978376781279216, -21.291419706558845 ], [ -44.978376781279216, -21.291150211973605 ] ] ] } },
{ "type": "Feature", "properties": { "id_feicao": "fogo_2017_446", "ano": 2017.0, "mes": 9, "codigo_original": 15, "classe": "Pastagem", "cor": "#edde8e", "area_ha": 0.083376465376616388 }, "geometry": { "type": "Polygon", "coordinates": [ [ [ -44.977837792108744, -21.290880717388369 ], [ -44.977837792108744, -21.291150211973601 ], [ -44.978107286693984, -21.291150211973605 ], [ -44.978107286693984, -21.290880717388372 ], [ -44.977837792108744, -21.290880717388369 ] ] ] } },
{ "type": "Feature", "properties": { "id_feicao": "fogo_2017_447", "ano": 2017.0, "mes": 9, "codigo_original": 15, "classe": "Pastagem", "cor": "#edde8e", "area_ha": 0.083376614912622479 }, "geometry": { "type": "Polygon", "coordinates": [ [ [ -44.977568297523511, -21.290611222803136 ], [ -44.977568297523511, -21.290880717388372 ], [ -44.977837792108744, -21.290880717388369 ], [ -44.977837792108744, -21.290611222803122 ], [ -44.977568297523511, -21.290611222803136 ] ] ] } },
{ "type": "Feature", "properties": { "id_feicao": "fogo_2017_448", "ano": 2017.0, "mes": 9, "codigo_original": 15, "classe": "Pastagem", "cor": "#edde8e", "area_ha": 2.8350685239342974 }, "geometry": { "type": "Polygon", "coordinates": [ [ [ -44.934449163885773, -21.27767548271181 ], [ -44.933910174715301, -21.27767548271181 ], [ -44.933910174715301, -21.277944977297047 ], [ -44.934988153056246, -21.277944977297047 ], [ -44.934988153056246, -21.276866998956102 ], [ -44.933640680130061, -21.276866998956102 ], [ -44.933640680130061, -21.2760585152004 ], [ -44.932293207203884, -21.276058515200397 ], [ -44.932293207203884, -21.277136493541327 ], [ -44.933910174715301, -21.277136493541327 ], [ -44.933910174715301, -21.277405988126574 ], [ -44.934179669300534, -21.277405988126578 ], [ -44.934179669300534, -21.277136493541338 ], [ -44.934449163885773, -21.277136493541338 ], [ -44.934449163885773, -21.27767548271181 ] ] ] } },
{ "type": "Feature", "properties": { "id_feicao": "fogo_2017_449", "ano": 2017.0, "mes": 9, "codigo_original": 15, "classe": "Pastagem", "cor": "#edde8e", "area_ha": 3.585947583078759 }, "geometry": { "type": "Polygon", "coordinates": [ [ [ -44.979185265034921, -21.258271872574824 ], [ -44.979185265034921, -21.258541367160063 ], [ -44.978646275864456, -21.258541367160067 ], [ -44.978646275864456, -21.259888840086244 ], [ -44.979993748790633, -21.259888840086241 ], [ -44.979993748790633, -21.259619345501005 ], [ -44.980802232546338, -21.259619345501008 ], [ -44.980802232546338, -21.25827187257482 ], [ -44.979185265034921, -21.258271872574824 ] ] ] } },
{ "type": "Feature", "properties": { "id_feicao": "fogo_2017_450", "ano": 2017.0, "mes": 9, "codigo_original": 15, "classe": "Pastagem", "cor": "#edde8e", "area_ha": 1.1675590487772836 }, "geometry": { "type": "Polygon", "coordinates": [ [ [ -44.928520283010592, -21.253420970040583 ], [ -44.928520283010592, -21.253690464625823 ], [ -44.928250788425345, -21.253690464625823 ], [ -44.928250788425345, -21.254229453796295 ], [ -44.928520283010592, -21.254229453796295 ], [ -44.928520283010592, -21.254498948381531 ], [ -44.92932876676629, -21.254498948381528 ], [ -44.92932876676629, -21.253420970040587 ], [ -44.928520283010592, -21.253420970040583 ] ] ] } },
{ "type": "Feature", "properties": { "id_feicao": "fogo_2017_451", "ano": 2017.0, "mes": 9, "codigo_original": 15, "classe": "Pastagem", "cor": "#edde8e", "area_ha": 2.6687151615758427 }, "geometry": { "type": "Polygon", "coordinates": [ [ [ -45.017992485308888, -21.253690464625823 ], [ -45.017722990723655, -21.253690464625826 ], [ -45.017722990723655, -21.253420970040587 ], [ -45.017184001553183, -21.253420970040583 ], [ -45.017184001553183, -21.252881980870111 ], [ -45.017453496138415, -21.252881980870111 ], [ -45.017453496138415, -21.253151475455351 ], [ -45.017992485308888, -21.253151475455347 ], [ -45.017992485308888, -21.253420970040583 ], [ -45.01826197989412, -21.25342097004058 ], [ -45.01826197989412, -21.252342991699646 ], [ -45.016914506967943, -21.252342991699642 ], [ -45.016914506967943, -21.252612486284878 ], [ -45.01664501238271, -21.252612486284871 ], [ -45.01664501238271, -21.254229453796295 ], [ -45.017722990723655, -21.254229453796281 ], [ -45.017722990723655, -21.253959959211059 ], [ -45.017992485308888, -21.253959959211052 ], [ -45.017992485308888, -21.253690464625823 ] ] ] } },
{ "type": "Feature", "properties": { "id_feicao": "fogo_2017_452", "ano": 2017.0, "mes": 9, "codigo_original": 15, "classe": "Pastagem", "cor": "#edde8e", "area_ha": 0.08340130299940797 }, "geometry": { "type": "Polygon", "coordinates": [ [ [ -44.934718658471006, -21.246144616239214 ], [ -44.934718658471006, -21.246414110824453 ], [ -44.934988153056246, -21.24641411082445 ], [ -44.934988153056246, -21.246144616239221 ], [ -44.934718658471006, -21.246144616239214 ] ] ] } },
{ "type": "Feature", "properties": { "id_feicao": "fogo_2017_453", "ano": 2017.0, "mes": 9, "codigo_original": 15, "classe": "Pastagem", "cor": "#edde8e", "area_ha": 2.502329582828096 }, "geometry": { "type": "Polygon", "coordinates": [ [ [ -44.917740499601152, -21.229166457369359 ], [ -44.917740499601152, -21.228627468198887 ], [ -44.917471005015912, -21.228627468198891 ], [ -44.917471005015912, -21.228357973613651 ], [ -44.916662521260207, -21.228357973613647 ], [ -44.916662521260207, -21.228088479028418 ], [ -44.916393026674967, -21.228088479028415 ], [ -44.916393026674967, -21.228896962784123 ], [ -44.915854037504495, -21.228896962784123 ], [ -44.915854037504495, -21.229705446539828 ], [ -44.917740499601152, -21.229705446539832 ], [ -44.917740499601152, -21.229435951954596 ], [ -44.917471005015912, -21.229435951954592 ], [ -44.917471005015912, -21.229166457369359 ], [ -44.917740499601152, -21.229166457369359 ] ] ] } },
{ "type": "Feature", "properties": { "id_feicao": "fogo_2017_454", "ano": 2017.0, "mes": 9, "codigo_original": 15, "classe": "Pastagem", "cor": "#edde8e", "area_ha": 1.1677638522356748 }, "geometry": { "type": "Polygon", "coordinates": [ [ [ -44.916393026674967, -21.227549489857946 ], [ -44.916662521260207, -21.227549489857942 ], [ -44.916662521260207, -21.228088479028418 ], [ -44.917471005015912, -21.228088479028415 ], [ -44.917471005015912, -21.22701050068747 ], [ -44.916393026674967, -21.227010500687467 ], [ -44.916393026674967, -21.227549489857946 ] ] ] } },
{ "type": "Feature", "properties": { "id_feicao": "fogo_2017_455", "ano": 2017.0, "mes": 9, "codigo_original": 15, "classe": "Pastagem", "cor": "#edde8e", "area_ha": 1.6682847791956767 }, "geometry": { "type": "Polygon", "coordinates": [ [ [ -45.009368658581337, -21.22215959815323 ], [ -45.009368658581337, -21.223237576494171 ], [ -45.010716131507522, -21.223237576494171 ], [ -45.010716131507522, -21.222159598153219 ], [ -45.009368658581337, -21.22215959815323 ] ] ] } },
{ "type": "Feature", "properties": { "id_feicao": "fogo_2017_456", "ano": 2017.0, "mes": 9, "codigo_original": 15, "classe": "Pastagem", "cor": "#edde8e", "area_ha": 0.083415372762972589 }, "geometry": { "type": "Polygon", "coordinates": [ [ [ -44.880280752253363, -21.221081619812278 ], [ -44.880280752253363, -21.221351114397514 ], [ -44.880550246838609, -21.221351114397518 ], [ -44.880550246838609, -21.221081619812281 ], [ -44.880280752253363, -21.221081619812278 ] ] ] } },
{ "type": "Feature", "properties": { "id_feicao": "fogo_2017_457", "ano": 2017.0, "mes": 9, "codigo_original": 15, "classe": "Pastagem", "cor": "#edde8e", "area_ha": 0.020992498632892966 }, "geometry": { "type": "Polygon", "coordinates": [ [ [ -44.879472268497942, -21.22099960132012 ], [ -44.879257, -21.221023 ], [ -44.879202773912638, -21.221024427042401 ], [ -44.879202773912418, -21.221081619812281 ], [ -44.879472268497665, -21.221081619812281 ], [ -44.879472268497942, -21.22099960132012 ] ] ] } },
{ "type": "Feature", "properties": { "id_feicao": "fogo_2017_458", "ano": 2017.0, "mes": 9, "codigo_original": 15, "classe": "Pastagem", "cor": "#edde8e", "area_ha": 7.924561466847404 }, "geometry": { "type": "Polygon", "coordinates": [ [ [ -45.005865228973271, -21.2197341468861 ], [ -45.005865228973271, -21.219195157715635 ], [ -45.008829669410872, -21.219195157715628 ], [ -45.008829669410872, -21.21838667395992 ], [ -45.007751691069927, -21.218386673959923 ], [ -45.007751691069927, -21.218656168545163 ], [ -45.007212701899455, -21.218656168545156 ], [ -45.007212701899455, -21.218925663130399 ], [ -45.006943207314215, -21.218925663130388 ], [ -45.006943207314215, -21.218656168545163 ], [ -45.00478725063234, -21.218656168545159 ], [ -45.00478725063234, -21.219464652300868 ], [ -45.003709272291395, -21.219464652300861 ], [ -45.003709272291395, -21.219195157715625 ], [ -45.003170283120923, -21.219195157715628 ], [ -45.003170283120923, -21.218925663130396 ], [ -45.002900788535676, -21.218925663130396 ], [ -45.002900788535676, -21.218656168545156 ], [ -45.003170283120923, -21.218656168545163 ], [ -45.003170283120923, -21.217578190204208 ], [ -45.001822810194739, -21.217578190204218 ], [ -45.001822810194739, -21.219464652300871 ], [ -45.002092304779978, -21.219464652300868 ], [ -45.002092304779978, -21.219734146886097 ], [ -45.002361799365211, -21.219734146886097 ], [ -45.002361799365211, -21.22000364147133 ], [ -45.004517756047093, -21.220003641471337 ], [ -45.004517756047093, -21.219734146886104 ], [ -45.005865228973271, -21.2197341468861 ] ] ] } },
{ "type": "Feature", "properties": { "id_feicao": "fogo_2017_459", "ano": 2017.0, "mes": 9, "codigo_original": 15, "classe": "Pastagem", "cor": "#edde8e", "area_ha": 0.083416394525996224 }, "geometry": { "type": "Polygon", "coordinates": [ [ [ -45.003170283120923, -21.218656168545163 ], [ -45.003170283120923, -21.218925663130396 ], [ -45.003439777706149, -21.218925663130399 ], [ -45.003439777706149, -21.218656168545163 ], [ -45.003170283120923, -21.218656168545163 ] ] ] } },
{ "type": "Feature", "properties": { "id_feicao": "fogo_2017_460", "ano": 2017.0, "mes": 9, "codigo_original": 15, "classe": "Pastagem", "cor": "#edde8e", "area_ha": 7.5075084968119858 }, "geometry": { "type": "Polygon", "coordinates": [ [ [ -44.89429447068563, -21.219195157715625 ], [ -44.894563965270862, -21.219195157715628 ], [ -44.894563965270862, -21.219464652300871 ], [ -44.894833459856102, -21.219464652300868 ], [ -44.894833459856102, -21.219734146886093 ], [ -44.896450427367519, -21.219734146886093 ], [ -44.896450427367519, -21.219464652300868 ], [ -44.897528405708456, -21.219464652300868 ], [ -44.897528405708456, -21.219195157715628 ], [ -44.897797900293696, -21.219195157715632 ], [ -44.897797900293696, -21.217847684789451 ], [ -44.897528405708456, -21.217847684789447 ], [ -44.897528405708456, -21.217578190204225 ], [ -44.897258911123224, -21.217578190204215 ], [ -44.897258911123224, -21.217308695618978 ], [ -44.895911438197047, -21.217308695618978 ], [ -44.895911438197047, -21.217578190204215 ], [ -44.895372449026574, -21.217578190204211 ], [ -44.895372449026574, -21.21811717937468 ], [ -44.894563965270862, -21.218117179374691 ], [ -44.894563965270862, -21.218386673959927 ], [ -44.89429447068563, -21.218386673959913 ], [ -44.89429447068563, -21.219195157715625 ] ] ] } },
{ "type": "Feature", "properties": { "id_feicao": "fogo_2017_461", "ano": 2017.0, "mes": 9, "codigo_original": 15, "classe": "Pastagem", "cor": "#edde8e", "area_ha": 5.0884544193147345 }, "geometry": { "type": "Polygon", "coordinates": [ [ [ -44.991851510541011, -21.217847684789447 ], [ -44.991851510541011, -21.217578190204215 ], [ -44.992659994296716, -21.217578190204211 ], [ -44.992659994296716, -21.215961222692801 ], [ -44.990773532200066, -21.215961222692798 ], [ -44.990773532200066, -21.217039201033742 ], [ -44.990234543029594, -21.217039201033739 ], [ -44.990234543029594, -21.218386673959927 ], [ -44.991312521370538, -21.218386673959927 ], [ -44.991312521370538, -21.218117179374683 ], [ -44.991582015955771, -21.218117179374691 ], [ -44.991582015955771, -21.217847684789451 ], [ -44.991851510541011, -21.217847684789447 ] ] ] } },
{ "type": "Feature", "properties": { "id_feicao": "fogo_2017_462", "ano": 2017.0, "mes": 9, "codigo_original": 15, "classe": "Pastagem", "cor": "#edde8e", "area_ha": 1.8352085048128337 }, "geometry": { "type": "Polygon", "coordinates": [ [ [ -44.987000608006767, -21.214074760596144 ], [ -44.987000608006767, -21.215691728107558 ], [ -44.988078586347704, -21.215691728107565 ], [ -44.988078586347704, -21.215422233522329 ], [ -44.987809091762472, -21.215422233522336 ], [ -44.987809091762472, -21.214883244351856 ], [ -44.988078586347704, -21.21488324435186 ], [ -44.988078586347704, -21.214074760596148 ], [ -44.987000608006767, -21.214074760596144 ] ] ] } },
{ "type": "Feature", "properties": { "id_feicao": "fogo_2017_463", "ano": 2017.0, "mes": 9, "codigo_original": 15, "classe": "Pastagem", "cor": "#edde8e", "area_ha": 3.5043791620984672 }, "geometry": { "type": "Polygon", "coordinates": [ [ [ -45.019609452820305, -21.179848948271196 ], [ -45.018800969064593, -21.1798489482712 ], [ -45.018800969064593, -21.17957945368596 ], [ -45.017453496138415, -21.179579453685964 ], [ -45.017453496138415, -21.180657432026898 ], [ -45.017722990723655, -21.180657432026905 ], [ -45.017722990723655, -21.180926926612138 ], [ -45.017992485308888, -21.180926926612131 ], [ -45.017992485308888, -21.18119642119737 ], [ -45.019609452820305, -21.181196421197374 ], [ -45.019609452820305, -21.179848948271196 ] ] ] } },
{ "type": "Feature", "properties": { "id_feicao": "fogo_2017_464", "ano": 2017.0, "mes": 9, "codigo_original": 15, "classe": "Pastagem", "cor": "#edde8e", "area_ha": 7.5935313025176381 }, "geometry": { "type": "Polygon", "coordinates": [ [ [ -44.987809091762472, -21.166374219009402 ], [ -44.987270102591999, -21.166374219009395 ], [ -44.987270102591999, -21.166913208179867 ], [ -44.987809091762472, -21.166913208179874 ], [ -44.987809091762472, -21.16745219735035 ], [ -44.988887070103416, -21.167452197350343 ], [ -44.988887070103416, -21.168260681106055 ], [ -44.989156564688649, -21.168260681106052 ], [ -44.989156564688649, -21.16745219735034 ], [ -44.989695553859121, -21.167452197350336 ], [ -44.989695553859121, -21.166374219009398 ], [ -44.990773532200066, -21.166374219009402 ], [ -44.990773532200066, -21.166104724424166 ], [ -44.991043026785299, -21.166104724424166 ], [ -44.991043026785299, -21.165026746083225 ], [ -44.990773532200066, -21.165026746083221 ], [ -44.990773532200066, -21.164757251497988 ], [ -44.988887070103416, -21.164757251497988 ], [ -44.988887070103416, -21.165296240668464 ], [ -44.988078586347704, -21.165296240668464 ], [ -44.988078586347704, -21.165565735253697 ], [ -44.988617575518177, -21.165565735253697 ], [ -44.988617575518177, -21.165835229838926 ], [ -44.988078586347704, -21.16583522983893 ], [ -44.988078586347704, -21.166104724424159 ], [ -44.987809091762472, -21.166104724424169 ], [ -44.987809091762472, -21.166374219009402 ] ], [ [ -44.989965048444361, -21.165565735253693 ], [ -44.989965048444361, -21.165296240668457 ], [ -44.990234543029594, -21.165296240668461 ], [ -44.990234543029594, -21.165565735253693 ], [ -44.989965048444361, -21.165565735253693 ] ] ] } },
{ "type": "Feature", "properties": { "id_feicao": "fogo_2017_465", "ano": 2017.0, "mes": 9, "codigo_original": 15, "classe": "Pastagem", "cor": "#edde8e", "area_ha": 0.41722666701256939 }, "geometry": { "type": "Polygon", "coordinates": [ [ [ -44.987000608006767, -21.166913208179871 ], [ -44.987000608006767, -21.166104724424166 ], [ -44.987270102591999, -21.166104724424166 ], [ -44.987270102591999, -21.165835229838923 ], [ -44.986731113421527, -21.165835229838937 ], [ -44.986731113421527, -21.166913208179871 ], [ -44.987000608006767, -21.166913208179871 ] ] ] } },
{ "type": "Feature", "properties": { "id_feicao": "fogo_2017_466", "ano": 2017.0, "mes": 9, "codigo_original": 21, "classe": "Mosaico de Usos", "cor": "#ffefc3", "area_ha": 0.08342681737582397 }, "geometry": { "type": "Polygon", "coordinates": [ [ [ -45.117974976431391, -21.200330536749121 ], [ -45.117974976431391, -21.200600031334353 ], [ -45.118244471016624, -21.200600031334353 ], [ -45.118244471016624, -21.200330536749121 ], [ -45.117974976431391, -21.200330536749121 ] ] ] } },
{ "type": "Feature", "properties": { "id_feicao": "fogo_2017_467", "ano": 2017.0, "mes": 9, "codigo_original": 21, "classe": "Mosaico de Usos", "cor": "#ffefc3", "area_ha": 0.083426929021635621 }, "geometry": { "type": "Polygon", "coordinates": [ [ [ -45.110698622630025, -21.200061042163881 ], [ -45.110698622630025, -21.200330536749117 ], [ -45.110968117215258, -21.200330536749117 ], [ -45.110968117215258, -21.200061042163881 ], [ -45.110698622630025, -21.200061042163881 ] ] ] } },
{ "type": "Feature", "properties": { "id_feicao": "fogo_2017_468", "ano": 2017.0, "mes": 9, "codigo_original": 21, "classe": "Mosaico de Usos", "cor": "#ffefc3", "area_ha": 0.25028101160099697 }, "geometry": { "type": "Polygon", "coordinates": [ [ [ -45.110698622630025, -21.200061042163881 ], [ -45.110698622630025, -21.199791547578645 ], [ -45.110159633459553, -21.199791547578656 ], [ -45.110159633459553, -21.200330536749121 ], [ -45.110429128044785, -21.200330536749114 ], [ -45.110429128044785, -21.200061042163885 ], [ -45.110698622630025, -21.200061042163881 ] ] ] } },
{ "type": "Feature", "properties": { "id_feicao": "fogo_2017_469", "ano": 2017.0, "mes": 9, "codigo_original": 21, "classe": "Mosaico de Usos", "cor": "#ffefc3", "area_ha": 0.083427113283891227 }, "geometry": { "type": "Polygon", "coordinates": [ [ [ -45.117705481846151, -21.200061042163885 ], [ -45.117974976431391, -21.200061042163885 ], [ -45.117974976431391, -21.199791547578656 ], [ -45.117705481846151, -21.199791547578648 ], [ -45.117705481846151, -21.200061042163885 ] ] ] } },
{ "type": "Feature", "properties": { "id_feicao": "fogo_2017_470", "ano": 2017.0, "mes": 9, "codigo_original": 21, "classe": "Mosaico de Usos", "cor": "#ffefc3", "area_ha": 0.5839939182303846 }, "geometry": { "type": "Polygon", "coordinates": [ [ [ -45.093181474589692, -21.198713569237704 ], [ -45.093450969174924, -21.198713569237707 ], [ -45.093450969174924, -21.198174580067235 ], [ -45.092642485419219, -21.198174580067231 ], [ -45.092642485419219, -21.198444074652471 ], [ -45.092911980004459, -21.198444074652471 ], [ -45.092911980004459, -21.199252558408173 ], [ -45.093181474589692, -21.199252558408183 ], [ -45.093181474589692, -21.198713569237704 ] ] ] } },
{ "type": "Feature", "properties": { "id_feicao": "fogo_2017_471", "ano": 2017.0, "mes": 9, "codigo_original": 21, "classe": "Mosaico de Usos", "cor": "#ffefc3", "area_ha": 0.083427738152877143 }, "geometry": { "type": "Polygon", "coordinates": [ [ [ -45.092372990833987, -21.198444074652464 ], [ -45.092372990833987, -21.1987135692377 ], [ -45.092642485419219, -21.1987135692377 ], [ -45.092642485419219, -21.198444074652471 ], [ -45.092372990833987, -21.198444074652464 ] ] ] } },
{ "type": "Feature", "properties": { "id_feicao": "fogo_2017_472", "ano": 2017.0, "mes": 9, "codigo_original": 21, "classe": "Mosaico de Usos", "cor": "#ffefc3", "area_ha": 0.33373275114793416 }, "geometry": { "type": "Polygon", "coordinates": [ [ [ -45.098571366294408, -21.189011764169209 ], [ -45.098571366294408, -21.188742269583976 ], [ -45.098840860879648, -21.188742269583976 ], [ -45.098840860879648, -21.188472774998736 ], [ -45.098301871709175, -21.188472774998747 ], [ -45.098301871709175, -21.18874226958398 ], [ -45.098032377123936, -21.188742269583976 ], [ -45.098032377123936, -21.189011764169219 ], [ -45.098571366294408, -21.189011764169209 ] ] ] } },
{ "type": "Feature", "properties": { "id_feicao": "fogo_2017_473", "ano": 2017.0, "mes": 9, "codigo_original": 21, "classe": "Mosaico de Usos", "cor": "#ffefc3", "area_ha": 0.08343325972507136 }, "geometry": { "type": "Polygon", "coordinates": [ [ [ -45.097762882538703, -21.188472774998743 ], [ -45.097762882538703, -21.188742269583983 ], [ -45.098032377123936, -21.188742269583976 ], [ -45.098032377123936, -21.188472774998747 ], [ -45.097762882538703, -21.188472774998743 ] ] ] } },
{ "type": "Feature", "properties": { "id_feicao": "fogo_2017_474", "ano": 2017.0, "mes": 9, "codigo_original": 21, "classe": "Mosaico de Usos", "cor": "#ffefc3", "area_ha": 0.083433704290911556 }, "geometry": { "type": "Polygon", "coordinates": [ [ [ -45.097493387953463, -21.187933785828267 ], [ -45.097762882538703, -21.187933785828271 ], [ -45.097762882538703, -21.187664291243038 ], [ -45.097493387953463, -21.187664291243031 ], [ -45.097493387953463, -21.187933785828267 ] ] ] } },
{ "type": "Feature", "properties": { "id_feicao": "fogo_2017_475", "ano": 2017.0, "mes": 9, "codigo_original": 21, "classe": "Mosaico de Usos", "cor": "#ffefc3", "area_ha": 0.083433851697482173 }, "geometry": { "type": "Polygon", "coordinates": [ [ [ -45.097223893368231, -21.187664291243028 ], [ -45.097493387953463, -21.187664291243031 ], [ -45.097493387953463, -21.187394796657795 ], [ -45.097223893368231, -21.187394796657795 ], [ -45.097223893368231, -21.187664291243028 ] ] ] } },
{ "type": "Feature", "properties": { "id_feicao": "fogo_2017_476", "ano": 2017.0, "mes": 9, "codigo_original": 21, "classe": "Mosaico de Usos", "cor": "#ffefc3", "area_ha": 0.25031495263263098 }, "geometry": { "type": "Polygon", "coordinates": [ [ [ -45.09911035546488, -21.179309959100728 ], [ -45.09911035546488, -21.179579453685964 ], [ -45.099918839220585, -21.17957945368596 ], [ -45.099918839220585, -21.179309959100728 ], [ -45.09911035546488, -21.179309959100728 ] ] ] } },
{ "type": "Feature", "properties": { "id_feicao": "fogo_2017_477", "ano": 2017.0, "mes": 9, "codigo_original": 21, "classe": "Mosaico de Usos", "cor": "#ffefc3", "area_ha": 0.66684819207550527 }, "geometry": { "type": "Polygon", "coordinates": [ [ [ -45.027963784962616, -21.328070970150915 ], [ -45.027963784962616, -21.328340464736147 ], [ -45.02904176330356, -21.328340464736151 ], [ -45.02904176330356, -21.328070970150918 ], [ -45.028502774133088, -21.328070970150922 ], [ -45.028502774133088, -21.327801475565682 ], [ -45.028233279547848, -21.327801475565686 ], [ -45.028233279547848, -21.327531980980442 ], [ -45.027963784962616, -21.327531980980442 ], [ -45.027963784962616, -21.327801475565678 ], [ -45.027694290377376, -21.327801475565682 ], [ -45.027694290377376, -21.328070970150922 ], [ -45.027963784962616, -21.328070970150915 ] ] ] } },
{ "type": "Feature", "properties": { "id_feicao": "fogo_2017_478", "ano": 2017.0, "mes": 9, "codigo_original": 21, "classe": "Mosaico de Usos", "cor": "#ffefc3", "area_ha": 0.083414242712958317 }, "geometry": { "type": "Polygon", "coordinates": [ [ [ -45.060033640605681, -21.222698587323695 ], [ -45.060033640605681, -21.222968081908927 ], [ -45.060303135190914, -21.222968081908931 ], [ -45.060303135190914, -21.222698587323691 ], [ -45.060033640605681, -21.222698587323695 ] ] ] } },
{ "type": "Feature", "properties": { "id_feicao": "fogo_2017_479", "ano": 2017.0, "mes": 9, "codigo_original": 21, "classe": "Mosaico de Usos", "cor": "#ffefc3", "area_ha": 0.083415430298075077 }, "geometry": { "type": "Polygon", "coordinates": [ [ [ -45.058955662264736, -21.220812125227042 ], [ -45.059225156849976, -21.220812125227049 ], [ -45.059225156849976, -21.220542630641809 ], [ -45.058955662264736, -21.220542630641805 ], [ -45.058955662264736, -21.220812125227042 ] ] ] } },
{ "type": "Feature", "properties": { "id_feicao": "fogo_2017_480", "ano": 2017.0, "mes": 9, "codigo_original": 21, "classe": "Mosaico de Usos", "cor": "#ffefc3", "area_ha": 0.083416939394176007 }, "geometry": { "type": "Polygon", "coordinates": [ [ [ -44.89429447068563, -21.218386673959913 ], [ -44.894563965270862, -21.218386673959927 ], [ -44.894563965270862, -21.218117179374691 ], [ -44.89429447068563, -21.218117179374687 ], [ -44.89429447068563, -21.218386673959913 ] ] ] } },
{ "type": "Feature", "properties": { "id_feicao": "fogo_2017_481", "ano": 2017.0, "mes": 9, "codigo_original": 21, "classe": "Mosaico de Usos", "cor": "#ffefc3", "area_ha": 0.08341924029270778 }, "geometry": { "type": "Polygon", "coordinates": [ [ [ -44.970291943722138, -21.213535771425679 ], [ -44.970291943722138, -21.213805266010912 ], [ -44.970561438307378, -21.213805266010912 ], [ -44.970561438307378, -21.213535771425676 ], [ -44.970291943722138, -21.213535771425679 ] ] ] } },
{ "type": "Feature", "properties": { "id_feicao": "fogo_2017_482", "ano": 2017.0, "mes": 9, "codigo_original": 21, "classe": "Mosaico de Usos", "cor": "#ffefc3", "area_ha": 1.0010361290902832 }, "geometry": { "type": "Polygon", "coordinates": [ [ [ -44.970561438307378, -21.213535771425676 ], [ -44.971369922063083, -21.213535771425683 ], [ -44.971369922063083, -21.21299678225521 ], [ -44.971639416648323, -21.212996782255203 ], [ -44.971639416648323, -21.21272728766996 ], [ -44.971369922063083, -21.212727287669967 ], [ -44.971369922063083, -21.212457793084734 ], [ -44.971639416648323, -21.212457793084731 ], [ -44.971639416648323, -21.212188298499495 ], [ -44.97110042747785, -21.212188298499498 ], [ -44.97110042747785, -21.212457793084731 ], [ -44.970830932892611, -21.212457793084727 ], [ -44.970830932892611, -21.213266276840443 ], [ -44.970561438307378, -21.213266276840443 ], [ -44.970561438307378, -21.213535771425676 ] ] ] } },
{ "type": "Feature", "properties": { "id_feicao": "fogo_2017_483", "ano": 2017.0, "mes": 9, "codigo_original": 21, "classe": "Mosaico de Usos", "cor": "#ffefc3", "area_ha": 0.16684292404120787 }, "geometry": { "type": "Polygon", "coordinates": [ [ [ -45.084288153276908, -21.210032341817612 ], [ -45.084827142447381, -21.210032341817609 ], [ -45.084827142447381, -21.209762847232373 ], [ -45.084288153276908, -21.209762847232369 ], [ -45.084288153276908, -21.210032341817612 ] ] ] } },
{ "type": "Feature", "properties": { "id_feicao": "fogo_2017_484", "ano": 2017.0, "mes": 9, "codigo_original": 21, "classe": "Mosaico de Usos", "cor": "#ffefc3", "area_ha": 0.16684321745021588 }, "geometry": { "type": "Polygon", "coordinates": [ [ [ -45.083749164106436, -21.20949335264714 ], [ -45.083749164106436, -21.209762847232376 ], [ -45.084288153276908, -21.209762847232369 ], [ -45.084288153276908, -21.209493352647133 ], [ -45.083749164106436, -21.20949335264714 ] ] ] } },
{ "type": "Feature", "properties": { "id_feicao": "fogo_2017_485", "ano": 2017.0, "mes": 9, "codigo_original": 21, "classe": "Mosaico de Usos", "cor": "#ffefc3", "area_ha": 0.16685517569072544 }, "geometry": { "type": "Polygon", "coordinates": [ [ [ -45.091834001663514, -21.198983063822936 ], [ -45.092372990833987, -21.19898306382294 ], [ -45.092372990833987, -21.1987135692377 ], [ -45.091834001663514, -21.1987135692377 ], [ -45.091834001663514, -21.198983063822936 ] ] ] } },
{ "type": "Feature", "properties": { "id_feicao": "fogo_2017_486", "ano": 2017.0, "mes": 9, "codigo_original": 21, "classe": "Mosaico de Usos", "cor": "#ffefc3", "area_ha": 0.083446117569319897 }, "geometry": { "type": "Polygon", "coordinates": [ [ [ -44.988617575518177, -21.165026746083225 ], [ -44.988887070103416, -21.165026746083221 ], [ -44.988887070103416, -21.164757251497988 ], [ -44.988617575518177, -21.164757251497985 ], [ -44.988617575518177, -21.165026746083225 ] ] ] } },
{ "type": "Feature", "properties": { "id_feicao": "fogo_2017_487", "ano": 2017.0, "mes": 9, "codigo_original": 41, "classe": "Outras Lavouras Temporárias", "cor": "#f54ca9", "area_ha": 1.0800254037201404 }, "geometry": { "type": "Polygon", "coordinates": [ [ [ -45.105308730925309, -21.3903242193404 ], [ -45.105847720095774, -21.390324219340396 ], [ -45.105847720095774, -21.389785230169927 ], [ -45.10632080219775, -21.389785230262863 ], [ -45.10635, -21.389747 ], [ -45.106386709265649, -21.389703799519758 ], [ -45.106386709266246, -21.389246240999459 ], [ -45.105847720095774, -21.389246240999459 ], [ -45.105847720095774, -21.388976746414222 ], [ -45.105308730925309, -21.388976746414226 ], [ -45.105308730925309, -21.389246240999462 ], [ -45.105578225510541, -21.389246240999455 ], [ -45.105578225510541, -21.389515735584684 ], [ -45.105308730925309, -21.389515735584695 ], [ -45.105308730925309, -21.3903242193404 ] ] ] } },
{ "type": "Feature", "properties": { "id_feicao": "fogo_2017_488", "ano": 2017.0, "mes": 9, "codigo_original": 41, "classe": "Outras Lavouras Temporárias", "cor": "#f54ca9", "area_ha": 0.083327039372548456 }, "geometry": { "type": "Polygon", "coordinates": [ [ [ -45.104769741754836, -21.380622414271908 ], [ -45.105039236340069, -21.380622414271897 ], [ -45.105039236340069, -21.380352919686676 ], [ -45.104769741754836, -21.380352919686668 ], [ -45.104769741754836, -21.380622414271908 ] ] ] } },
{ "type": "Feature", "properties": { "id_feicao": "fogo_2017_489", "ano": 2017.0, "mes": 9, "codigo_original": 41, "classe": "Outras Lavouras Temporárias", "cor": "#f54ca9", "area_ha": 0.49996408086195587 }, "geometry": { "type": "Polygon", "coordinates": [ [ [ -45.105578225510541, -21.379813930516207 ], [ -45.105847720095774, -21.379813930516196 ], [ -45.105847720095774, -21.379544435930967 ], [ -45.105039236340069, -21.379544435930963 ], [ -45.105039236340069, -21.380352919686676 ], [ -45.105308730925309, -21.380352919686679 ], [ -45.105308730925309, -21.380083425101432 ], [ -45.105578225510541, -21.380083425101439 ], [ -45.105578225510541, -21.379813930516207 ] ] ] } },
{ "type": "Feature", "properties": { "id_feicao": "fogo_2017_490", "ano": 2017.0, "mes": 9, "codigo_original": 41, "classe": "Outras Lavouras Temporárias", "cor": "#f54ca9", "area_ha": 0.58349199560061094 }, "geometry": { "type": "Polygon", "coordinates": [ [ [ -45.165136528847668, -21.328609959321383 ], [ -45.164597539677196, -21.32860995932139 ], [ -45.164597539677196, -21.329418443077088 ], [ -45.165406023432901, -21.329418443077092 ], [ -45.165406023432901, -21.329148948491856 ], [ -45.165136528847668, -21.329148948491852 ], [ -45.165136528847668, -21.328609959321383 ] ] ] } },
{ "type": "Feature", "properties": { "id_feicao": "fogo_2017_491", "ano": 2017.0, "mes": 9, "codigo_original": 41, "classe": "Outras Lavouras Temporárias", "cor": "#f54ca9", "area_ha": 16.087741868873501 }, "geometry": { "type": "Polygon", "coordinates": [ [ [ -45.129293749011296, -21.327531980980446 ], [ -45.128754759840824, -21.327531980980442 ], [ -45.128754759840824, -21.328609959321387 ], [ -45.129293749011296, -21.32860995932138 ], [ -45.129293749011296, -21.328879453906623 ], [ -45.129832738181769, -21.328879453906623 ], [ -45.129832738181769, -21.329148948491856 ], [ -45.130910716522713, -21.329148948491852 ], [ -45.130910716522713, -21.329418443077092 ], [ -45.131180211107946, -21.329418443077088 ], [ -45.131180211107946, -21.329687937662332 ], [ -45.131449705693186, -21.329687937662332 ], [ -45.131449705693186, -21.329957432247568 ], [ -45.131719200278418, -21.329957432247568 ], [ -45.131719200278418, -21.3302269268328 ], [ -45.131988694863658, -21.330226926832797 ], [ -45.131988694863658, -21.330496421418044 ], [ -45.133336167789835, -21.330496421418037 ], [ -45.133336167789835, -21.329418443077095 ], [ -45.133605662375068, -21.329418443077099 ], [ -45.133605662375068, -21.329148948491863 ], [ -45.133875156960308, -21.329148948491863 ], [ -45.133875156960308, -21.326992991809973 ], [ -45.132527684034123, -21.326992991809973 ], [ -45.132527684034123, -21.326723497224737 ], [ -45.131449705693186, -21.326723497224734 ], [ -45.131449705693186, -21.326454002639508 ], [ -45.129832738181769, -21.326454002639508 ], [ -45.129832738181769, -21.326992991809973 ], [ -45.129563243596529, -21.326992991809973 ], [ -45.129563243596529, -21.32726248639521 ], [ -45.129293749011296, -21.327262486395213 ], [ -45.129293749011296, -21.327531980980446 ] ] ] } },
{ "type": "Feature", "properties": { "id_feicao": "fogo_2017_492", "ano": 2017.0, "mes": 9, "codigo_original": 41, "classe": "Outras Lavouras Temporárias", "cor": "#f54ca9", "area_ha": 0.083366479814797639 }, "geometry": { "type": "Polygon", "coordinates": [ [ [ -45.12174790062469, -21.309745338354883 ], [ -45.12201739520993, -21.309745338354876 ], [ -45.12201739520993, -21.30947584376964 ], [ -45.12174790062469, -21.309475843769633 ], [ -45.12174790062469, -21.309745338354883 ] ] ] } },
{ "type": "Feature", "properties": { "id_feicao": "fogo_2017_493", "ano": 2017.0, "mes": 9, "codigo_original": 41, "classe": "Outras Lavouras Temporárias", "cor": "#f54ca9", "area_ha": 0.083432347616367045 }, "geometry": { "type": "Polygon", "coordinates": [ [ [ -45.092911980004459, -21.190359237095393 ], [ -45.093181474589692, -21.190359237095386 ], [ -45.093181474589692, -21.190089742510153 ], [ -45.092911980004459, -21.190089742510157 ], [ -45.092911980004459, -21.190359237095393 ] ] ] } },
{ "type": "Feature", "properties": { "id_feicao": "fogo_2017_494", "ano": 2017.0, "mes": 9, "codigo_original": 41, "classe": "Outras Lavouras Temporárias", "cor": "#f54ca9", "area_ha": 0.083432497320976115 }, "geometry": { "type": "Polygon", "coordinates": [ [ [ -45.093181474589692, -21.190089742510153 ], [ -45.093450969174924, -21.190089742510153 ], [ -45.093450969174924, -21.189820247924924 ], [ -45.093181474589692, -21.189820247924924 ], [ -45.093181474589692, -21.190089742510153 ] ] ] } },
{ "type": "Feature", "properties": { "id_feicao": "fogo_2017_495", "ano": 2017.0, "mes": 9, "codigo_original": 41, "classe": "Outras Lavouras Temporárias", "cor": "#f54ca9", "area_ha": 0.25029838686808942 }, "geometry": { "type": "Polygon", "coordinates": [ [ [ -45.093450969174924, -21.189820247924924 ], [ -45.093720463760164, -21.189820247924914 ], [ -45.093720463760164, -21.189011764169212 ], [ -45.093450969174924, -21.189011764169209 ], [ -45.093450969174924, -21.189820247924924 ] ] ] } },
{ "type": "Feature", "properties": { "id_feicao": "fogo_2017_496", "ano": 2017.0, "mes": 9, "codigo_original": 41, "classe": "Outras Lavouras Temporárias", "cor": "#f54ca9", "area_ha": 1.0846266581040807 }, "geometry": { "type": "Polygon", "coordinates": [ [ [ -45.091834001663514, -21.189550753339688 ], [ -45.092911980004459, -21.189550753339688 ], [ -45.092911980004459, -21.189820247924924 ], [ -45.093181474589692, -21.189820247924924 ], [ -45.093181474589692, -21.188742269583976 ], [ -45.092911980004459, -21.188742269583972 ], [ -45.092911980004459, -21.189011764169216 ], [ -45.091564507078274, -21.189011764169209 ], [ -45.091564507078274, -21.189281258754441 ], [ -45.091834001663514, -21.189281258754455 ], [ -45.091834001663514, -21.189550753339688 ] ] ] } },
{ "type": "Feature", "properties": { "id_feicao": "fogo_2017_497", "ano": 2017.0, "mes": 9, "codigo_original": 41, "classe": "Outras Lavouras Temporárias", "cor": "#f54ca9", "area_ha": 0.083433093912713224 }, "geometry": { "type": "Polygon", "coordinates": [ [ [ -45.093720463760164, -21.189011764169212 ], [ -45.093989958345396, -21.189011764169212 ], [ -45.093989958345396, -21.188742269583976 ], [ -45.093720463760164, -21.18874226958398 ], [ -45.093720463760164, -21.189011764169212 ] ] ] } },
{ "type": "Feature", "properties": { "id_feicao": "fogo_2017_498", "ano": 2017.0, "mes": 9, "codigo_original": 41, "classe": "Outras Lavouras Temporárias", "cor": "#f54ca9", "area_ha": 0.083440923648327586 }, "geometry": { "type": "Polygon", "coordinates": [ [ [ -45.116358008919974, -21.174998045736949 ], [ -45.116627503505214, -21.174998045736945 ], [ -45.116627503505214, -21.174728551151706 ], [ -45.116358008919974, -21.174728551151709 ], [ -45.116358008919974, -21.174998045736949 ] ] ] } },
{ "type": "Feature", "properties": { "id_feicao": "fogo_2017_499", "ano": 2017.0, "mes": 9, "codigo_original": 41, "classe": "Outras Lavouras Temporárias", "cor": "#f54ca9", "area_ha": 0.25032299486184495 }, "geometry": { "type": "Polygon", "coordinates": [ [ [ -45.116358008919974, -21.174459056566473 ], [ -45.115819019749502, -21.17445905656648 ], [ -45.115819019749502, -21.174998045736956 ], [ -45.116088514334741, -21.174998045736945 ], [ -45.116088514334741, -21.17472855115172 ], [ -45.116358008919974, -21.174728551151709 ], [ -45.116358008919974, -21.174459056566473 ] ] ] } },
{ "type": "Feature", "properties": { "id_feicao": "fogo_2017_500", "ano": 2017.0, "mes": 9, "codigo_original": 41, "classe": "Outras Lavouras Temporárias", "cor": "#f54ca9", "area_ha": 0.083441073529329154 }, "geometry": { "type": "Polygon", "coordinates": [ [ [ -45.116627503505214, -21.174728551151706 ], [ -45.116896998090446, -21.174728551151709 ], [ -45.116896998090446, -21.174459056566473 ], [ -45.116627503505214, -21.174459056566469 ], [ -45.116627503505214, -21.174728551151706 ] ] ] } },
{ "type": "Feature", "properties": { "id_feicao": "fogo_2017_501", "ano": 2017.0, "mes": 9, "codigo_original": 41, "classe": "Outras Lavouras Temporárias", "cor": "#f54ca9", "area_ha": 0.083441223418619481 }, "geometry": { "type": "Polygon", "coordinates": [ [ [ -45.116896998090446, -21.174459056566473 ], [ -45.117166492675686, -21.17445905656648 ], [ -45.117166492675686, -21.174189561981244 ], [ -45.116896998090446, -21.174189561981244 ], [ -45.116896998090446, -21.174459056566473 ] ] ] } },
{ "type": "Feature", "properties": { "id_feicao": "fogo_2017_502", "ano": 2017.0, "mes": 9, "codigo_original": 41, "classe": "Outras Lavouras Temporárias", "cor": "#f54ca9", "area_ha": 0.083441220618970691 }, "geometry": { "type": "Polygon", "coordinates": [ [ [ -45.116358008919974, -21.174459056566473 ], [ -45.116627503505214, -21.174459056566469 ], [ -45.116627503505214, -21.174189561981244 ], [ -45.116358008919974, -21.174189561981244 ], [ -45.116358008919974, -21.174459056566473 ] ] ] } },
{ "type": "Feature", "properties": { "id_feicao": "fogo_2017_503", "ano": 2017.0, "mes": 9, "codigo_original": 41, "classe": "Outras Lavouras Temporárias", "cor": "#f54ca9", "area_ha": 0.083318402535375202 }, "geometry": { "type": "Polygon", "coordinates": [ [ [ -45.082940680350731, -21.395983605630356 ], [ -45.083210174935964, -21.395983605630349 ], [ -45.083210174935964, -21.395714111045109 ], [ -45.082940680350731, -21.39571411104512 ], [ -45.082940680350731, -21.395983605630356 ] ] ] } },
{ "type": "Feature", "properties": { "id_feicao": "fogo_2017_504", "ano": 2017.0, "mes": 9, "codigo_original": 41, "classe": "Outras Lavouras Temporárias", "cor": "#f54ca9", "area_ha": 0.083352582109533252 }, "geometry": { "type": "Polygon", "coordinates": [ [ [ -45.039282557542521, -21.334269345611339 ], [ -45.039552052127753, -21.334269345611343 ], [ -45.039552052127753, -21.333999851026103 ], [ -45.039282557542521, -21.33399985102611 ], [ -45.039282557542521, -21.334269345611339 ] ] ] } },
{ "type": "Feature", "properties": { "id_feicao": "fogo_2017_505", "ano": 2017.0, "mes": 9, "codigo_original": 41, "classe": "Outras Lavouras Temporárias", "cor": "#f54ca9", "area_ha": 2.5005912231449039 }, "geometry": { "type": "Polygon", "coordinates": [ [ [ -45.039552052127753, -21.333999851026103 ], [ -45.039821546712993, -21.3339998510261 ], [ -45.039821546712993, -21.334269345611336 ], [ -45.040091041298226, -21.334269345611347 ], [ -45.040091041298226, -21.33399985102611 ], [ -45.040630030468698, -21.3339998510261 ], [ -45.040630030468698, -21.333730356440871 ], [ -45.040899525053938, -21.333730356440874 ], [ -45.040899525053938, -21.333999851026103 ], [ -45.04116901963917, -21.333999851026107 ], [ -45.04116901963917, -21.332652378099926 ], [ -45.040899525053938, -21.332652378099922 ], [ -45.040899525053938, -21.332113388929454 ], [ -45.040630030468698, -21.332113388929454 ], [ -45.040630030468698, -21.332382883514686 ], [ -45.040360535883465, -21.332382883514693 ], [ -45.040360535883465, -21.332921872685162 ], [ -45.039552052127753, -21.332921872685169 ], [ -45.039552052127753, -21.333999851026103 ] ] ] } },
{ "type": "Feature", "properties": { "id_feicao": "fogo_2017_506", "ano": 2017.0, "mes": 9, "codigo_original": 41, "classe": "Outras Lavouras Temporárias", "cor": "#f54ca9", "area_ha": 0.75018221200276169 }, "geometry": { "type": "Polygon", "coordinates": [ [ [ -45.039552052127753, -21.33238288351469 ], [ -45.040091041298226, -21.33238288351469 ], [ -45.040091041298226, -21.331843894344221 ], [ -45.039013062957281, -21.331843894344214 ], [ -45.039013062957281, -21.332113388929447 ], [ -45.039282557542521, -21.33211338892945 ], [ -45.039282557542521, -21.332921872685162 ], [ -45.039552052127753, -21.332921872685169 ], [ -45.039552052127753, -21.33238288351469 ] ] ] } },
{ "type": "Feature", "properties": { "id_feicao": "fogo_2017_507", "ano": 2017.0, "mes": 9, "codigo_original": 41, "classe": "Outras Lavouras Temporárias", "cor": "#f54ca9", "area_ha": 52.191916458560151 }, "geometry": { "type": "Polygon", "coordinates": [ [ [ -44.97487335167115, -21.294384146996432 ], [ -44.974603857085917, -21.294384146996439 ], [ -44.974603857085917, -21.295731619922606 ], [ -44.974334362500677, -21.295731619922609 ], [ -44.974334362500677, -21.297348587434023 ], [ -44.974064867915445, -21.297348587434023 ], [ -44.974064867915445, -21.298426565774978 ], [ -44.973795373330205, -21.298426565774967 ], [ -44.973795373330205, -21.299235049530683 ], [ -44.973525878744972, -21.299235049530683 ], [ -44.973525878744972, -21.299774038701148 ], [ -44.973795373330205, -21.299774038701148 ], [ -44.973795373330205, -21.300043533286384 ], [ -44.975951330012094, -21.300043533286392 ], [ -44.975951330012094, -21.300582522456857 ], [ -44.976220824597327, -21.30058252245686 ], [ -44.976220824597327, -21.3008520170421 ], [ -44.977837792108744, -21.300852017042093 ], [ -44.977837792108744, -21.300582522456857 ], [ -44.978107286693984, -21.300582522456857 ], [ -44.978107286693984, -21.300313027871621 ], [ -44.978376781279216, -21.300313027871628 ], [ -44.978376781279216, -21.300043533286392 ], [ -44.978646275864456, -21.300043533286392 ], [ -44.978646275864456, -21.299774038701152 ], [ -44.978915770449689, -21.299774038701152 ], [ -44.978915770449689, -21.299504544115916 ], [ -44.979454759620161, -21.299504544115912 ], [ -44.979454759620161, -21.299235049530676 ], [ -44.979724254205394, -21.299235049530679 ], [ -44.979724254205394, -21.298965554945443 ], [ -44.979993748790633, -21.298965554945443 ], [ -44.979993748790633, -21.297348587434019 ], [ -44.979724254205394, -21.297348587434023 ], [ -44.979724254205394, -21.296001114507849 ], [ -44.979454759620161, -21.296001114507849 ], [ -44.979454759620161, -21.294923136166901 ], [ -44.979185265034921, -21.294923136166901 ], [ -44.979185265034921, -21.294384146996435 ], [ -44.978915770449689, -21.294384146996432 ], [ -44.978915770449689, -21.293036674070251 ], [ -44.978646275864456, -21.293036674070247 ], [ -44.978646275864456, -21.292497684899779 ], [ -44.978376781279216, -21.292497684899782 ], [ -44.978376781279216, -21.29168920114407 ], [ -44.978107286693984, -21.291689201144077 ], [ -44.978107286693984, -21.291150211973605 ], [ -44.977837792108744, -21.291150211973601 ], [ -44.977837792108744, -21.290880717388369 ], [ -44.977568297523511, -21.290880717388372 ], [ -44.977568297523511, -21.290611222803136 ], [ -44.977298802938272, -21.29061122280314 ], [ -44.977298802938272, -21.2903417282179 ], [ -44.975412340841622, -21.290341728217889 ], [ -44.975412340841622, -21.291689201144081 ], [ -44.975142846256389, -21.29168920114407 ], [ -44.975142846256389, -21.293306168655494 ], [ -44.97487335167115, -21.293306168655487 ], [ -44.97487335167115, -21.294384146996432 ] ] ] } },
{ "type": "Feature", "properties": { "id_feicao": "fogo_2017_508", "ano": 2017.0, "mes": 9, "codigo_original": 41, "classe": "Outras Lavouras Temporárias", "cor": "#f54ca9", "area_ha": 7.3375996438801288 }, "geometry": { "type": "Polygon", "coordinates": [ [ [ -44.989965048444361, -21.281717901490349 ], [ -44.991043026785299, -21.281717901490349 ], [ -44.991043026785299, -21.281987396075586 ], [ -44.991851510541011, -21.281987396075589 ], [ -44.991851510541011, -21.283334869001759 ], [ -44.992929488881956, -21.283334869001756 ], [ -44.992929488881956, -21.281987396075589 ], [ -44.992659994296716, -21.281987396075586 ], [ -44.992659994296716, -21.2798314393937 ], [ -44.991582015955771, -21.2798314393937 ], [ -44.991582015955771, -21.280100933978936 ], [ -44.990504037614834, -21.280100933978929 ], [ -44.990504037614834, -21.280370428564169 ], [ -44.989965048444361, -21.280370428564172 ], [ -44.989965048444361, -21.281717901490349 ] ] ] } },
{ "type": "Feature", "properties": { "id_feicao": "fogo_2017_509", "ano": 2017.0, "mes": 9, "codigo_original": 41, "classe": "Outras Lavouras Temporárias", "cor": "#f54ca9", "area_ha": 0.58378094645151868 }, "geometry": { "type": "Polygon", "coordinates": [ [ [ -45.017992485308888, -21.253959959211052 ], [ -45.01826197989412, -21.253959959211059 ], [ -45.01826197989412, -21.25342097004058 ], [ -45.017992485308888, -21.253420970040583 ], [ -45.017992485308888, -21.253151475455347 ], [ -45.017453496138415, -21.253151475455351 ], [ -45.017453496138415, -21.252881980870111 ], [ -45.017184001553183, -21.252881980870111 ], [ -45.017184001553183, -21.253420970040583 ], [ -45.017722990723655, -21.253420970040587 ], [ -45.017722990723655, -21.253690464625826 ], [ -45.017992485308888, -21.253690464625823 ], [ -45.017992485308888, -21.253959959211052 ] ] ] } },
{ "type": "Feature", "properties": { "id_feicao": "fogo_2017_510", "ano": 2017.0, "mes": 9, "codigo_original": 41, "classe": "Outras Lavouras Temporárias", "cor": "#f54ca9", "area_ha": 5.2542549794601277 }, "geometry": { "type": "Polygon", "coordinates": [ [ [ -44.934988153056246, -21.247761583750634 ], [ -44.935796636811951, -21.247761583750627 ], [ -44.935796636811951, -21.248031078335867 ], [ -44.9376830989086, -21.248031078335863 ], [ -44.9376830989086, -21.246683605409682 ], [ -44.937144109738128, -21.246683605409686 ], [ -44.937144109738128, -21.246414110824446 ], [ -44.936335625982423, -21.24641411082445 ], [ -44.936335625982423, -21.24614461623921 ], [ -44.934988153056246, -21.246144616239221 ], [ -44.934988153056246, -21.24641411082445 ], [ -44.934718658471006, -21.246414110824453 ], [ -44.934718658471006, -21.247222594580151 ], [ -44.934988153056246, -21.247222594580158 ], [ -44.934988153056246, -21.247761583750634 ] ] ] } },
{ "type": "Feature", "properties": { "id_feicao": "fogo_2017_511", "ano": 2017.0, "mes": 9, "codigo_original": 41, "classe": "Outras Lavouras Temporárias", "cor": "#f54ca9", "area_ha": 0.083416395398508758 }, "geometry": { "type": "Polygon", "coordinates": [ [ [ -45.006943207314215, -21.218925663130388 ], [ -45.007212701899455, -21.218925663130399 ], [ -45.007212701899455, -21.218656168545156 ], [ -45.006943207314215, -21.218656168545163 ], [ -45.006943207314215, -21.218925663130388 ] ] ] } },
{ "type": "Feature", "properties": { "id_feicao": "fogo_2017_512", "ano": 2017.0, "mes": 9, "codigo_original": 41, "classe": "Outras Lavouras Temporárias", "cor": "#f54ca9", "area_ha": 0.083416394492238755 }, "geometry": { "type": "Polygon", "coordinates": [ [ [ -45.002900788535676, -21.218925663130396 ], [ -45.003170283120923, -21.218925663130396 ], [ -45.003170283120923, -21.218656168545163 ], [ -45.002900788535676, -21.218656168545156 ], [ -45.002900788535676, -21.218925663130396 ] ] ] } },
{ "type": "Feature", "properties": { "id_feicao": "fogo_2017_513", "ano": 2017.0, "mes": 9, "codigo_original": 41, "classe": "Outras Lavouras Temporárias", "cor": "#f54ca9", "area_ha": 1.9185777733908966 }, "geometry": { "type": "Polygon", "coordinates": [ [ [ -45.003170283120923, -21.219195157715628 ], [ -45.003709272291395, -21.219195157715625 ], [ -45.003709272291395, -21.219464652300861 ], [ -45.00478725063234, -21.219464652300868 ], [ -45.00478725063234, -21.218656168545159 ], [ -45.003978766876621, -21.218656168545156 ], [ -45.003978766876621, -21.218117179374683 ], [ -45.003439777706149, -21.218117179374691 ], [ -45.003439777706149, -21.217578190204215 ], [ -45.003170283120923, -21.217578190204208 ], [ -45.003170283120923, -21.218656168545163 ], [ -45.003439777706149, -21.218656168545163 ], [ -45.003439777706149, -21.218925663130399 ], [ -45.003170283120923, -21.218925663130396 ], [ -45.003170283120923, -21.219195157715628 ] ] ] } },
{ "type": "Feature", "properties": { "id_feicao": "fogo_2017_514", "ano": 2017.0, "mes": 9, "codigo_original": 41, "classe": "Outras Lavouras Temporárias", "cor": "#f54ca9", "area_ha": 0.50049934529270979 }, "geometry": { "type": "Polygon", "coordinates": [ [ [ -45.008829669410872, -21.21811717937468 ], [ -45.007482196484688, -21.218117179374691 ], [ -45.007482196484688, -21.218656168545159 ], [ -45.007751691069927, -21.218656168545163 ], [ -45.007751691069927, -21.218386673959923 ], [ -45.008829669410872, -21.21838667395992 ], [ -45.008829669410872, -21.21811717937468 ] ] ] } },
{ "type": "Feature", "properties": { "id_feicao": "fogo_2017_515", "ano": 2017.0, "mes": 9, "codigo_original": 41, "classe": "Outras Lavouras Temporárias", "cor": "#f54ca9", "area_ha": 0.16683681187536567 }, "geometry": { "type": "Polygon", "coordinates": [ [ [ -44.987809091762472, -21.215422233522336 ], [ -44.988078586347704, -21.215422233522329 ], [ -44.988078586347704, -21.21488324435186 ], [ -44.987809091762472, -21.214883244351856 ], [ -44.987809091762472, -21.215422233522336 ] ] ] } },
{ "type": "Feature", "properties": { "id_feicao": "fogo_2017_516", "ano": 2017.0, "mes": 9, "codigo_original": 41, "classe": "Outras Lavouras Temporárias", "cor": "#f54ca9", "area_ha": 3.8372866023145615 }, "geometry": { "type": "Polygon", "coordinates": [ [ [ -44.971639416648323, -21.212996782255203 ], [ -44.971369922063083, -21.21299678225521 ], [ -44.971369922063083, -21.213535771425683 ], [ -44.970561438307378, -21.213535771425676 ], [ -44.970561438307378, -21.213805266010912 ], [ -44.970291943722138, -21.213805266010912 ], [ -44.970291943722138, -21.214613749766624 ], [ -44.971908911233555, -21.214613749766617 ], [ -44.971908911233555, -21.214344255181381 ], [ -44.972178405818795, -21.214344255181384 ], [ -44.972178405818795, -21.214074760596144 ], [ -44.97271739498926, -21.214074760596141 ], [ -44.97271739498926, -21.212996782255203 ], [ -44.972178405818795, -21.212996782255203 ], [ -44.972178405818795, -21.212457793084731 ], [ -44.971908911233555, -21.212457793084731 ], [ -44.971908911233555, -21.212188298499491 ], [ -44.971639416648323, -21.212188298499495 ], [ -44.971639416648323, -21.212457793084731 ], [ -44.971369922063083, -21.212457793084734 ], [ -44.971369922063083, -21.212727287669967 ], [ -44.971639416648323, -21.21272728766996 ], [ -44.971639416648323, -21.212996782255203 ] ] ] } },
{ "type": "Feature", "properties": { "id_feicao": "fogo_2017_517", "ano": 2017.0, "mes": 9, "codigo_original": 41, "classe": "Outras Lavouras Temporárias", "cor": "#f54ca9", "area_ha": 1.5019904009737075 }, "geometry": { "type": "Polygon", "coordinates": [ [ [ -44.988887070103416, -21.169608154032222 ], [ -44.989965048444361, -21.169608154032229 ], [ -44.989965048444361, -21.168530175691291 ], [ -44.989695553859121, -21.168530175691288 ], [ -44.989695553859121, -21.167991186520815 ], [ -44.989426059273889, -21.167991186520815 ], [ -44.989426059273889, -21.168260681106055 ], [ -44.989156564688649, -21.168260681106052 ], [ -44.989156564688649, -21.168799670276528 ], [ -44.988887070103416, -21.168799670276524 ], [ -44.988887070103416, -21.169608154032222 ] ] ] } },
{ "type": "Feature", "properties": { "id_feicao": "fogo_2017_518", "ano": 2017.0, "mes": 9, "codigo_original": 41, "classe": "Outras Lavouras Temporárias", "cor": "#f54ca9", "area_ha": 0.083444484575744715 }, "geometry": { "type": "Polygon", "coordinates": [ [ [ -44.989156564688649, -21.167991186520826 ], [ -44.989426059273889, -21.167991186520815 ], [ -44.989426059273889, -21.167721691935572 ], [ -44.989156564688649, -21.167721691935583 ], [ -44.989156564688649, -21.167991186520826 ] ] ] } },
{ "type": "Feature", "properties": { "id_feicao": "fogo_2017_519", "ano": 2017.0, "mes": 10, "codigo_original": 3, "classe": "Formação Florestal", "cor": "#1f8d49", "area_ha": 0.16664539560079575 }, "geometry": { "type": "Polygon", "coordinates": [ [ [ -45.106386709266246, -21.38816826265851 ], [ -45.105847720095774, -21.38816826265851 ], [ -45.105847720095774, -21.388437757243743 ], [ -45.106386709266246, -21.388437757243736 ], [ -45.106386709266246, -21.38816826265851 ] ] ] } },
{ "type": "Feature", "properties": { "id_feicao": "fogo_2017_520", "ano": 2017.0, "mes": 10, "codigo_original": 3, "classe": "Formação Florestal", "cor": "#1f8d49", "area_ha": 3.0032488342590629 }, "geometry": { "type": "Polygon", "coordinates": [ [ [ -45.115819019749502, -21.206259417624313 ], [ -45.113663063067619, -21.206259417624306 ], [ -45.113663063067619, -21.206528912209542 ], [ -45.114202052238092, -21.206528912209549 ], [ -45.114202052238092, -21.206798406794785 ], [ -45.113932557652852, -21.206798406794782 ], [ -45.113932557652852, -21.207067901380022 ], [ -45.115010535993797, -21.207067901380018 ], [ -45.115010535993797, -21.206528912209549 ], [ -45.116358008919974, -21.206528912209535 ], [ -45.116358008919974, -21.206259417624313 ], [ -45.117705481846151, -21.206259417624313 ], [ -45.117705481846151, -21.205450933868605 ], [ -45.117974976431391, -21.205450933868605 ], [ -45.117974976431391, -21.205181439283361 ], [ -45.117435987260919, -21.205181439283361 ], [ -45.117435987260919, -21.205450933868597 ], [ -45.116627503505214, -21.205450933868605 ], [ -45.116627503505214, -21.205720428453834 ], [ -45.116088514334741, -21.205720428453841 ], [ -45.116088514334741, -21.205989923039077 ], [ -45.115819019749502, -21.205989923039073 ], [ -45.115819019749502, -21.206259417624313 ] ] ] } },
{ "type": "Feature", "properties": { "id_feicao": "fogo_2017_521", "ano": 2017.0, "mes": 10, "codigo_original": 3, "classe": "Formação Florestal", "cor": "#1f8d49", "area_ha": 0.6673988425767049 }, "geometry": { "type": "Polygon", "coordinates": [ [ [ -45.110968117215258, -21.203833966357191 ], [ -45.110698622630025, -21.203833966357184 ], [ -45.110698622630025, -21.20437295552766 ], [ -45.11150710638573, -21.20437295552766 ], [ -45.11150710638573, -21.203564471771951 ], [ -45.110968117215258, -21.203564471771951 ], [ -45.110968117215258, -21.203833966357191 ] ] ] } },
{ "type": "Feature", "properties": { "id_feicao": "fogo_2017_522", "ano": 2017.0, "mes": 10, "codigo_original": 3, "classe": "Formação Florestal", "cor": "#1f8d49", "area_ha": 0.083425293208938087 }, "geometry": { "type": "Polygon", "coordinates": [ [ [ -45.160285626313417, -21.203564471771955 ], [ -45.160016131728185, -21.203564471771948 ], [ -45.160016131728185, -21.20383396635718 ], [ -45.160285626313417, -21.203833966357188 ], [ -45.160285626313417, -21.203564471771955 ] ] ] } },
{ "type": "Feature", "properties": { "id_feicao": "fogo_2017_523", "ano": 2017.0, "mes": 10, "codigo_original": 3, "classe": "Formação Florestal", "cor": "#1f8d49", "area_ha": 0.083426654732692992 }, "geometry": { "type": "Polygon", "coordinates": [ [ [ -45.115549525164269, -21.200600031334353 ], [ -45.115280030579029, -21.200600031334353 ], [ -45.115280030579029, -21.200869525919593 ], [ -45.115549525164269, -21.200869525919593 ], [ -45.115549525164269, -21.200600031334353 ] ] ] } },
{ "type": "Feature", "properties": { "id_feicao": "fogo_2017_524", "ano": 2017.0, "mes": 10, "codigo_original": 3, "classe": "Formação Florestal", "cor": "#1f8d49", "area_ha": 0.16685360265038907 }, "geometry": { "type": "Polygon", "coordinates": [ [ [ -45.115280030579029, -21.200330536749117 ], [ -45.114741041408557, -21.200330536749121 ], [ -45.114741041408557, -21.200600031334357 ], [ -45.115280030579029, -21.200600031334353 ], [ -45.115280030579029, -21.200330536749117 ] ] ] } },
{ "type": "Feature", "properties": { "id_feicao": "fogo_2017_525", "ano": 2017.0, "mes": 10, "codigo_original": 3, "classe": "Formação Florestal", "cor": "#1f8d49", "area_ha": 4.2547792778374625 }, "geometry": { "type": "Polygon", "coordinates": [ [ [ -45.110968117215258, -21.199252558408169 ], [ -45.111237611800497, -21.199252558408173 ], [ -45.111237611800497, -21.199791547578648 ], [ -45.11150710638573, -21.199791547578645 ], [ -45.11150710638573, -21.200330536749121 ], [ -45.110968117215258, -21.200330536749117 ], [ -45.110968117215258, -21.201408515090062 ], [ -45.111237611800497, -21.201408515090069 ], [ -45.111237611800497, -21.201139020504826 ], [ -45.112854579311907, -21.201139020504826 ], [ -45.112854579311907, -21.200869525919593 ], [ -45.11339356848238, -21.20086952591959 ], [ -45.11339356848238, -21.200600031334353 ], [ -45.112585084726675, -21.200600031334353 ], [ -45.112585084726675, -21.198444074652468 ], [ -45.112315590141435, -21.198444074652475 ], [ -45.112315590141435, -21.198983063822936 ], [ -45.111776600970963, -21.19898306382294 ], [ -45.111776600970963, -21.1987135692377 ], [ -45.111237611800497, -21.1987135692377 ], [ -45.111237611800497, -21.198983063822936 ], [ -45.110968117215258, -21.198983063822951 ], [ -45.110968117215258, -21.199252558408169 ] ] ] } },
{ "type": "Feature", "properties": { "id_feicao": "fogo_2017_526", "ano": 2017.0, "mes": 10, "codigo_original": 3, "classe": "Formação Florestal", "cor": "#1f8d49", "area_ha": 0.083427079014014457 }, "geometry": { "type": "Polygon", "coordinates": [ [ [ -45.111237611800497, -21.199791547578648 ], [ -45.110968117215258, -21.199791547578648 ], [ -45.110968117215258, -21.200061042163881 ], [ -45.111237611800497, -21.200061042163881 ], [ -45.111237611800497, -21.199791547578648 ] ] ] } },
{ "type": "Feature", "properties": { "id_feicao": "fogo_2017_527", "ano": 2017.0, "mes": 10, "codigo_original": 3, "classe": "Formação Florestal", "cor": "#1f8d49", "area_ha": 0.083427543924469494 }, "geometry": { "type": "Polygon", "coordinates": [ [ [ -45.115010535993797, -21.19898306382294 ], [ -45.114741041408557, -21.198983063822936 ], [ -45.114741041408557, -21.199252558408173 ], [ -45.115010535993797, -21.199252558408176 ], [ -45.115010535993797, -21.19898306382294 ] ] ] } },
{ "type": "Feature", "properties": { "id_feicao": "fogo_2017_528", "ano": 2017.0, "mes": 10, "codigo_original": 3, "classe": "Formação Florestal", "cor": "#1f8d49", "area_ha": 0.16685594586469232 }, "geometry": { "type": "Polygon", "coordinates": [ [ [ -45.111776600970963, -21.198174580067228 ], [ -45.111237611800497, -21.198174580067228 ], [ -45.111237611800497, -21.198444074652475 ], [ -45.111776600970963, -21.198444074652471 ], [ -45.111776600970963, -21.198174580067228 ] ] ] } },
{ "type": "Feature", "properties": { "id_feicao": "fogo_2017_529", "ano": 2017.0, "mes": 10, "codigo_original": 3, "classe": "Formação Florestal", "cor": "#1f8d49", "area_ha": 0.083428415534459052 }, "geometry": { "type": "Polygon", "coordinates": [ [ [ -45.110968117215258, -21.197366096311526 ], [ -45.110698622630025, -21.197366096311534 ], [ -45.110698622630025, -21.19763559089677 ], [ -45.110968117215258, -21.197635590896766 ], [ -45.110968117215258, -21.197366096311526 ] ] ] } },
{ "type": "Feature", "properties": { "id_feicao": "fogo_2017_530", "ano": 2017.0, "mes": 10, "codigo_original": 3, "classe": "Formação Florestal", "cor": "#1f8d49", "area_ha": 2.5863048085132614 }, "geometry": { "type": "Polygon", "coordinates": [ [ [ -45.10962064428908, -21.195479634214866 ], [ -45.108812160533368, -21.195479634214866 ], [ -45.108812160533368, -21.196557612555814 ], [ -45.109081655118608, -21.196557612555814 ], [ -45.109081655118608, -21.196288117970578 ], [ -45.109890138874313, -21.196288117970582 ], [ -45.109890138874313, -21.196557612555818 ], [ -45.110159633459553, -21.196557612555821 ], [ -45.110159633459553, -21.197096601726287 ], [ -45.110429128044785, -21.197096601726287 ], [ -45.110429128044785, -21.19736609631153 ], [ -45.110698622630025, -21.197366096311534 ], [ -45.110698622630025, -21.195210139629637 ], [ -45.110159633459553, -21.195210139629644 ], [ -45.110159633459553, -21.195479634214877 ], [ -45.110429128044785, -21.195479634214873 ], [ -45.110429128044785, -21.195749128800117 ], [ -45.109890138874313, -21.195749128800106 ], [ -45.109890138874313, -21.195210139629641 ], [ -45.10962064428908, -21.195210139629637 ], [ -45.10962064428908, -21.195479634214866 ] ] ] } },
{ "type": "Feature", "properties": { "id_feicao": "fogo_2017_531", "ano": 2017.0, "mes": 10, "codigo_original": 3, "classe": "Formação Florestal", "cor": "#1f8d49", "area_ha": 0.083429594093933704 }, "geometry": { "type": "Polygon", "coordinates": [ [ [ -45.108812160533368, -21.195210139629641 ], [ -45.108542665948136, -21.195210139629644 ], [ -45.108542665948136, -21.195479634214877 ], [ -45.108812160533368, -21.195479634214866 ], [ -45.108812160533368, -21.195210139629641 ] ] ] } },
{ "type": "Feature", "properties": { "id_feicao": "fogo_2017_532", "ano": 2017.0, "mes": 10, "codigo_original": 3, "classe": "Formação Florestal", "cor": "#1f8d49", "area_ha": 0.083429749277606602 }, "geometry": { "type": "Polygon", "coordinates": [ [ [ -45.110159633459553, -21.194940645044394 ], [ -45.109890138874313, -21.194940645044397 ], [ -45.109890138874313, -21.195210139629641 ], [ -45.110159633459553, -21.195210139629644 ], [ -45.110159633459553, -21.194940645044394 ] ] ] } },
{ "type": "Feature", "properties": { "id_feicao": "fogo_2017_533", "ano": 2017.0, "mes": 10, "codigo_original": 3, "classe": "Formação Florestal", "cor": "#1f8d49", "area_ha": 0.250289721613843 }, "geometry": { "type": "Polygon", "coordinates": [ [ [ -45.112315590141435, -21.194671150459168 ], [ -45.11150710638573, -21.194671150459161 ], [ -45.11150710638573, -21.194940645044394 ], [ -45.112315590141435, -21.194940645044404 ], [ -45.112315590141435, -21.194671150459168 ] ] ] } },
{ "type": "Feature", "properties": { "id_feicao": "fogo_2017_534", "ano": 2017.0, "mes": 10, "codigo_original": 3, "classe": "Formação Florestal", "cor": "#1f8d49", "area_ha": 0.75086882070992145 }, "geometry": { "type": "Polygon", "coordinates": [ [ [ -45.110429128044785, -21.194940645044397 ], [ -45.110698622630025, -21.194940645044401 ], [ -45.110698622630025, -21.194401655873925 ], [ -45.109351149703841, -21.194401655873929 ], [ -45.109351149703841, -21.194671150459158 ], [ -45.109081655118608, -21.194671150459172 ], [ -45.109081655118608, -21.194940645044397 ], [ -45.109890138874313, -21.194940645044397 ], [ -45.109890138874313, -21.194671150459161 ], [ -45.110429128044785, -21.194671150459165 ], [ -45.110429128044785, -21.194940645044397 ] ] ] } },
{ "type": "Feature", "properties": { "id_feicao": "fogo_2017_535", "ano": 2017.0, "mes": 10, "codigo_original": 3, "classe": "Formação Florestal", "cor": "#1f8d49", "area_ha": 0.25029104317277667 }, "geometry": { "type": "Polygon", "coordinates": [ [ [ -45.110968117215258, -21.193593172118231 ], [ -45.110698622630025, -21.193593172118227 ], [ -45.110698622630025, -21.194401655873925 ], [ -45.110968117215258, -21.194401655873936 ], [ -45.110968117215258, -21.193593172118231 ] ] ] } },
{ "type": "Feature", "properties": { "id_feicao": "fogo_2017_536", "ano": 2017.0, "mes": 10, "codigo_original": 3, "classe": "Formação Florestal", "cor": "#1f8d49", "area_ha": 0.50058724625986073 }, "geometry": { "type": "Polygon", "coordinates": [ [ [ -45.107734182192431, -21.192245699192053 ], [ -45.107464687607191, -21.192245699192043 ], [ -45.107464687607191, -21.19197620460681 ], [ -45.107195193021958, -21.191976204606803 ], [ -45.107195193021958, -21.192515193777272 ], [ -45.107464687607191, -21.192515193777282 ], [ -45.107464687607191, -21.192784688362512 ], [ -45.108273171362903, -21.192784688362508 ], [ -45.108273171362903, -21.192515193777279 ], [ -45.107734182192431, -21.192515193777279 ], [ -45.107734182192431, -21.192245699192053 ] ] ] } },
{ "type": "Feature", "properties": { "id_feicao": "fogo_2017_537", "ano": 2017.0, "mes": 10, "codigo_original": 3, "classe": "Formação Florestal", "cor": "#1f8d49", "area_ha": 0.25029752553757278 }, "geometry": { "type": "Polygon", "coordinates": [ [ [ -45.112315590141435, -21.190359237095389 ], [ -45.112854579311907, -21.190359237095397 ], [ -45.112854579311907, -21.190089742510153 ], [ -45.112585084726675, -21.19008974251016 ], [ -45.112585084726675, -21.189820247924921 ], [ -45.112315590141435, -21.189820247924921 ], [ -45.112315590141435, -21.190359237095389 ] ] ] } },
{ "type": "Feature", "properties": { "id_feicao": "fogo_2017_538", "ano": 2017.0, "mes": 10, "codigo_original": 3, "classe": "Formação Florestal", "cor": "#1f8d49", "area_ha": 0.33373705859780312 }, "geometry": { "type": "Polygon", "coordinates": [ [ [ -45.106925698436719, -21.186586312902083 ], [ -45.106386709266246, -21.186586312902094 ], [ -45.106386709266246, -21.186855807487323 ], [ -45.106117214681014, -21.186855807487323 ], [ -45.106117214681014, -21.187125302072566 ], [ -45.106656203851486, -21.187125302072566 ], [ -45.106656203851486, -21.186855807487326 ], [ -45.106925698436719, -21.186855807487319 ], [ -45.106925698436719, -21.186586312902083 ] ] ] } },
{ "type": "Feature", "properties": { "id_feicao": "fogo_2017_539", "ano": 2017.0, "mes": 10, "codigo_original": 3, "classe": "Formação Florestal", "cor": "#1f8d49", "area_ha": 0.25030427394099536 }, "geometry": { "type": "Polygon", "coordinates": [ [ [ -45.116627503505214, -21.186047323731621 ], [ -45.116358008919974, -21.186047323731618 ], [ -45.116358008919974, -21.186316818316858 ], [ -45.116896998090446, -21.186316818316847 ], [ -45.116896998090446, -21.185777829146378 ], [ -45.116627503505214, -21.185777829146389 ], [ -45.116627503505214, -21.186047323731621 ] ] ] } },
{ "type": "Feature", "properties": { "id_feicao": "fogo_2017_540", "ano": 2017.0, "mes": 10, "codigo_original": 3, "classe": "Formação Florestal", "cor": "#1f8d49", "area_ha": 0.083435674707684662 }, "geometry": { "type": "Polygon", "coordinates": [ [ [ -45.106386709266246, -21.184160861634961 ], [ -45.106117214681014, -21.184160861634968 ], [ -45.106117214681014, -21.184430356220204 ], [ -45.106386709266246, -21.184430356220204 ], [ -45.106386709266246, -21.184160861634961 ] ] ] } },
{ "type": "Feature", "properties": { "id_feicao": "fogo_2017_541", "ano": 2017.0, "mes": 10, "codigo_original": 3, "classe": "Formação Florestal", "cor": "#1f8d49", "area_ha": 0.083435821986757225 }, "geometry": { "type": "Polygon", "coordinates": [ [ [ -45.106117214681014, -21.183891367049728 ], [ -45.105847720095774, -21.183891367049732 ], [ -45.105847720095774, -21.184160861634965 ], [ -45.106117214681014, -21.184160861634968 ], [ -45.106117214681014, -21.183891367049728 ] ] ] } },
{ "type": "Feature", "properties": { "id_feicao": "fogo_2017_542", "ano": 2017.0, "mes": 10, "codigo_original": 3, "classe": "Formação Florestal", "cor": "#1f8d49", "area_ha": 0.33374688133671881 }, "geometry": { "type": "Polygon", "coordinates": [ [ [ -45.168370463870495, -21.182813388708787 ], [ -45.167831474700023, -21.182813388708784 ], [ -45.167831474700023, -21.18335237787926 ], [ -45.168370463870495, -21.18335237787926 ], [ -45.168370463870495, -21.182813388708787 ] ] ] } },
{ "type": "Feature", "properties": { "id_feicao": "fogo_2017_543", "ano": 2017.0, "mes": 10, "codigo_original": 3, "classe": "Formação Florestal", "cor": "#1f8d49", "area_ha": 0.083436620891373603 }, "geometry": { "type": "Polygon", "coordinates": [ [ [ -45.117435987260919, -21.182543894123551 ], [ -45.117166492675686, -21.182543894123551 ], [ -45.117166492675686, -21.182813388708794 ], [ -45.117435987260919, -21.182813388708791 ], [ -45.117435987260919, -21.182543894123551 ] ] ] } },
{ "type": "Feature", "properties": { "id_feicao": "fogo_2017_544", "ano": 2017.0, "mes": 10, "codigo_original": 3, "classe": "Formação Florestal", "cor": "#1f8d49", "area_ha": 0.16687503978451715 }, "geometry": { "type": "Polygon", "coordinates": [ [ [ -45.119052954772336, -21.180926926612138 ], [ -45.118513965601863, -21.180926926612131 ], [ -45.118513965601863, -21.181196421197374 ], [ -45.119052954772336, -21.181196421197377 ], [ -45.119052954772336, -21.180926926612138 ] ] ] } },
{ "type": "Feature", "properties": { "id_feicao": "fogo_2017_545", "ano": 2017.0, "mes": 10, "codigo_original": 3, "classe": "Formação Florestal", "cor": "#1f8d49", "area_ha": 2.4196897605587728 }, "geometry": { "type": "Polygon", "coordinates": [ [ [ -45.107195193021958, -21.180657432026905 ], [ -45.106386709266246, -21.180657432026905 ], [ -45.106386709266246, -21.181196421197377 ], [ -45.107195193021958, -21.181196421197377 ], [ -45.107195193021958, -21.181465915782614 ], [ -45.109081655118608, -21.181465915782614 ], [ -45.109081655118608, -21.18119642119737 ], [ -45.10962064428908, -21.181196421197377 ], [ -45.10962064428908, -21.180926926612138 ], [ -45.110159633459553, -21.180926926612138 ], [ -45.110159633459553, -21.180657432026905 ], [ -45.109081655118608, -21.180657432026894 ], [ -45.109081655118608, -21.180926926612134 ], [ -45.108542665948136, -21.180926926612134 ], [ -45.108542665948136, -21.180657432026898 ], [ -45.107734182192431, -21.180657432026898 ], [ -45.107734182192431, -21.180926926612131 ], [ -45.107195193021958, -21.180926926612141 ], [ -45.107195193021958, -21.180657432026905 ] ] ] } },
{ "type": "Feature", "properties": { "id_feicao": "fogo_2017_546", "ano": 2017.0, "mes": 10, "codigo_original": 3, "classe": "Formação Florestal", "cor": "#1f8d49", "area_ha": 0.75094596395008262 }, "geometry": { "type": "Polygon", "coordinates": [ [ [ -45.119322449357568, -21.179309959100724 ], [ -45.119591943942808, -21.179309959100731 ], [ -45.119591943942808, -21.17957945368596 ], [ -45.120400427698513, -21.179579453685964 ], [ -45.120400427698513, -21.179309959100724 ], [ -45.119861438528041, -21.179309959100724 ], [ -45.119861438528041, -21.179040464515488 ], [ -45.119052954772336, -21.179040464515488 ], [ -45.119052954772336, -21.179309959100724 ], [ -45.118783460187096, -21.179309959100724 ], [ -45.118783460187096, -21.179848948271196 ], [ -45.119052954772336, -21.179848948271196 ], [ -45.119052954772336, -21.17957945368596 ], [ -45.119322449357568, -21.17957945368596 ], [ -45.119322449357568, -21.179309959100724 ] ] ] } },
{ "type": "Feature", "properties": { "id_feicao": "fogo_2017_547", "ano": 2017.0, "mes": 10, "codigo_original": 3, "classe": "Formação Florestal", "cor": "#1f8d49", "area_ha": 7.7598239377645779 }, "geometry": { "type": "Polygon", "coordinates": [ [ [ -45.113663063067619, -21.176884507833599 ], [ -45.11339356848238, -21.176884507833595 ], [ -45.11339356848238, -21.177154002418835 ], [ -45.11150710638573, -21.177154002418835 ], [ -45.11150710638573, -21.177423497004071 ], [ -45.113124073897147, -21.177423497004071 ], [ -45.113124073897147, -21.177962486174543 ], [ -45.112854579311907, -21.17796248617455 ], [ -45.112854579311907, -21.178231980759776 ], [ -45.111776600970963, -21.178231980759779 ], [ -45.111776600970963, -21.177962486174543 ], [ -45.11150710638573, -21.177962486174543 ], [ -45.11150710638573, -21.178231980759779 ], [ -45.111237611800497, -21.178231980759779 ], [ -45.111237611800497, -21.178501475345016 ], [ -45.11150710638573, -21.178501475345019 ], [ -45.11150710638573, -21.178770969930252 ], [ -45.111237611800497, -21.178770969930252 ], [ -45.111237611800497, -21.17957945368596 ], [ -45.110698622630025, -21.17957945368596 ], [ -45.110698622630025, -21.180118442856433 ], [ -45.111237611800497, -21.180118442856433 ], [ -45.111237611800497, -21.180387937441658 ], [ -45.110968117215258, -21.180387937441669 ], [ -45.110968117215258, -21.180657432026901 ], [ -45.11150710638573, -21.180657432026901 ], [ -45.11150710638573, -21.180387937441658 ], [ -45.111776600970963, -21.180387937441669 ], [ -45.111776600970963, -21.180118442856426 ], [ -45.112315590141435, -21.180118442856436 ], [ -45.112315590141435, -21.179579453685953 ], [ -45.113124073897147, -21.179579453685957 ], [ -45.113124073897147, -21.179309959100724 ], [ -45.11339356848238, -21.179309959100724 ], [ -45.11339356848238, -21.178231980759779 ], [ -45.113663063067619, -21.178231980759779 ], [ -45.113663063067619, -21.177962486174543 ], [ -45.113932557652852, -21.177962486174543 ], [ -45.113932557652852, -21.177692991589307 ], [ -45.114202052238092, -21.177692991589311 ], [ -45.114202052238092, -21.177423497004071 ], [ -45.114471546823324, -21.177423497004071 ], [ -45.114471546823324, -21.177154002418842 ], [ -45.114741041408557, -21.177154002418831 ], [ -45.114741041408557, -21.175537034907425 ], [ -45.114471546823324, -21.175537034907425 ], [ -45.114471546823324, -21.176345518663126 ], [ -45.114202052238092, -21.176345518663123 ], [ -45.114202052238092, -21.176076024077901 ], [ -45.113932557652852, -21.176076024077894 ], [ -45.113932557652852, -21.176345518663126 ], [ -45.113663063067619, -21.176345518663123 ], [ -45.113663063067619, -21.176884507833599 ] ] ] } },
{ "type": "Feature", "properties": { "id_feicao": "fogo_2017_548", "ano": 2017.0, "mes": 10, "codigo_original": 3, "classe": "Formação Florestal", "cor": "#1f8d49", "area_ha": 0.50063864725790919 }, "geometry": { "type": "Polygon", "coordinates": [ [ [ -45.119322449357568, -21.176615013248366 ], [ -45.118783460187096, -21.176615013248369 ], [ -45.118783460187096, -21.177154002418835 ], [ -45.119322449357568, -21.177154002418835 ], [ -45.119322449357568, -21.177423497004067 ], [ -45.119591943942808, -21.177423497004071 ], [ -45.119591943942808, -21.176884507833599 ], [ -45.119322449357568, -21.176884507833599 ], [ -45.119322449357568, -21.176615013248366 ] ] ] } },
{ "type": "Feature", "properties": { "id_feicao": "fogo_2017_549", "ano": 2017.0, "mes": 10, "codigo_original": 3, "classe": "Formação Florestal", "cor": "#1f8d49", "area_ha": 0.083440208278037609 }, "geometry": { "type": "Polygon", "coordinates": [ [ [ -45.12174790062469, -21.17607602407789 ], [ -45.121478406039458, -21.176076024077886 ], [ -45.121478406039458, -21.17634551866313 ], [ -45.12174790062469, -21.176345518663126 ], [ -45.12174790062469, -21.17607602407789 ] ] ] } },
{ "type": "Feature", "properties": { "id_feicao": "fogo_2017_550", "ano": 2017.0, "mes": 10, "codigo_original": 3, "classe": "Formação Florestal", "cor": "#1f8d49", "area_ha": 0.50064338662503283 }, "geometry": { "type": "Polygon", "coordinates": [ [ [ -45.122556384380403, -21.175537034907421 ], [ -45.122286889795163, -21.175537034907421 ], [ -45.122286889795163, -21.175806529492654 ], [ -45.12201739520993, -21.175806529492654 ], [ -45.12201739520993, -21.176076024077886 ], [ -45.123364868136107, -21.17607602407789 ], [ -45.123364868136107, -21.175806529492661 ], [ -45.122556384380403, -21.175806529492665 ], [ -45.122556384380403, -21.175537034907421 ] ] ] } },
{ "type": "Feature", "properties": { "id_feicao": "fogo_2017_551", "ano": 2017.0, "mes": 10, "codigo_original": 3, "classe": "Formação Florestal", "cor": "#1f8d49", "area_ha": 0.16688427515476942 }, "geometry": { "type": "Polygon", "coordinates": [ [ [ -45.106925698436719, -21.172303099884587 ], [ -45.106656203851486, -21.172303099884594 ], [ -45.106656203851486, -21.172842089055067 ], [ -45.106925698436719, -21.172842089055063 ], [ -45.106925698436719, -21.172303099884587 ] ] ] } },
{ "type": "Feature", "properties": { "id_feicao": "fogo_2017_552", "ano": 2017.0, "mes": 10, "codigo_original": 3, "classe": "Formação Florestal", "cor": "#1f8d49", "area_ha": 0.083318882564920926 }, "geometry": { "type": "Polygon", "coordinates": [ [ [ -45.091025517907802, -21.394905627289404 ], [ -45.090756023322569, -21.394905627289411 ], [ -45.090756023322569, -21.395175121874647 ], [ -45.091025517907802, -21.395175121874651 ], [ -45.091025517907802, -21.394905627289404 ] ] ] } },
{ "type": "Feature", "properties": { "id_feicao": "fogo_2017_553", "ano": 2017.0, "mes": 10, "codigo_original": 3, "classe": "Formação Florestal", "cor": "#1f8d49", "area_ha": 0.16663806183841079 }, "geometry": { "type": "Polygon", "coordinates": [ [ [ -45.090756023322569, -21.394636132704168 ], [ -45.090217034152097, -21.394636132704171 ], [ -45.090217034152097, -21.394905627289408 ], [ -45.090756023322569, -21.394905627289411 ], [ -45.090756023322569, -21.394636132704168 ] ] ] } },
{ "type": "Feature", "properties": { "id_feicao": "fogo_2017_554", "ano": 2017.0, "mes": 10, "codigo_original": 3, "classe": "Formação Florestal", "cor": "#1f8d49", "area_ha": 0.083319182511232798 }, "geometry": { "type": "Polygon", "coordinates": [ [ [ -45.091025517907802, -21.394366638118946 ], [ -45.090756023322569, -21.394366638118939 ], [ -45.090756023322569, -21.394636132704168 ], [ -45.091025517907802, -21.394636132704171 ], [ -45.091025517907802, -21.394366638118946 ] ] ] } },
{ "type": "Feature", "properties": { "id_feicao": "fogo_2017_555", "ano": 2017.0, "mes": 10, "codigo_original": 3, "classe": "Formação Florestal", "cor": "#1f8d49", "area_ha": 0.58324989159246909 }, "geometry": { "type": "Polygon", "coordinates": [ [ [ -45.089947539566865, -21.390593713925639 ], [ -45.090217034152097, -21.390593713925636 ], [ -45.090217034152097, -21.390054724755156 ], [ -45.089947539566865, -21.390054724755156 ], [ -45.089947539566865, -21.390324219340396 ], [ -45.089408550396392, -21.3903242193404 ], [ -45.089408550396392, -21.390593713925632 ], [ -45.089139055811152, -21.390593713925632 ], [ -45.089139055811152, -21.390863208510879 ], [ -45.089947539566865, -21.390863208510869 ], [ -45.089947539566865, -21.390593713925639 ] ] ] } },
{ "type": "Feature", "properties": { "id_feicao": "fogo_2017_556", "ano": 2017.0, "mes": 10, "codigo_original": 3, "classe": "Formação Florestal", "cor": "#1f8d49", "area_ha": 0.33328722053375093 }, "geometry": { "type": "Polygon", "coordinates": [ [ [ -45.090756023322569, -21.389515735584691 ], [ -45.090217034152097, -21.389515735584688 ], [ -45.090217034152097, -21.390054724755156 ], [ -45.090756023322569, -21.39005472475516 ], [ -45.090756023322569, -21.389515735584691 ] ] ] } },
{ "type": "Feature", "properties": { "id_feicao": "fogo_2017_557", "ano": 2017.0, "mes": 10, "codigo_original": 3, "classe": "Formação Florestal", "cor": "#1f8d49", "area_ha": 0.083322844576835628 }, "geometry": { "type": "Polygon", "coordinates": [ [ [ -45.105578225510541, -21.387898768073274 ], [ -45.105308730925309, -21.387898768073274 ], [ -45.105308730925309, -21.38816826265851 ], [ -45.105578225510541, -21.388168262658517 ], [ -45.105578225510541, -21.387898768073274 ] ] ] } },
{ "type": "Feature", "properties": { "id_feicao": "fogo_2017_558", "ano": 2017.0, "mes": 10, "codigo_original": 3, "classe": "Formação Florestal", "cor": "#1f8d49", "area_ha": 0.083419998271204526 }, "geometry": { "type": "Polygon", "coordinates": [ [ [ -45.090756023322569, -21.212457793084734 ], [ -45.09048652873733, -21.212457793084727 ], [ -45.09048652873733, -21.212727287669967 ], [ -45.090756023322569, -21.212727287669967 ], [ -45.090756023322569, -21.212457793084734 ] ] ] } },
{ "type": "Feature", "properties": { "id_feicao": "fogo_2017_559", "ano": 2017.0, "mes": 10, "codigo_original": 3, "classe": "Formação Florestal", "cor": "#1f8d49", "area_ha": 0.83420373801020908 }, "geometry": { "type": "Polygon", "coordinates": [ [ [ -45.092642485419219, -21.211379814743797 ], [ -45.091295012493042, -21.211379814743786 ], [ -45.091295012493042, -21.211918803914259 ], [ -45.091025517907802, -21.211918803914266 ], [ -45.091025517907802, -21.212457793084727 ], [ -45.091564507078274, -21.212457793084724 ], [ -45.091564507078274, -21.211649309329022 ], [ -45.092642485419219, -21.211649309329026 ], [ -45.092642485419219, -21.211379814743797 ] ] ] } },
{ "type": "Feature", "properties": { "id_feicao": "fogo_2017_560", "ano": 2017.0, "mes": 10, "codigo_original": 3, "classe": "Formação Florestal", "cor": "#1f8d49", "area_ha": 5.4223604411113149 }, "geometry": { "type": "Polygon", "coordinates": [ [ [ -45.096684904197758, -21.212188298499498 ], [ -45.096684904197758, -21.212727287669974 ], [ -45.097223893368231, -21.21272728766996 ], [ -45.097223893368231, -21.211649309329022 ], [ -45.097762882538703, -21.211649309329022 ], [ -45.097762882538703, -21.211918803914262 ], [ -45.098301871709175, -21.211918803914262 ], [ -45.098301871709175, -21.212188298499495 ], [ -45.098571366294408, -21.212188298499495 ], [ -45.098571366294408, -21.211110320158557 ], [ -45.098301871709175, -21.211110320158554 ], [ -45.098301871709175, -21.210840825573321 ], [ -45.097493387953463, -21.210840825573321 ], [ -45.097493387953463, -21.210571330988074 ], [ -45.096684904197758, -21.210571330988081 ], [ -45.096684904197758, -21.210032341817605 ], [ -45.096954398782991, -21.210032341817609 ], [ -45.096954398782991, -21.209762847232373 ], [ -45.096684904197758, -21.209762847232373 ], [ -45.096684904197758, -21.209493352647129 ], [ -45.096415409612518, -21.209493352647129 ], [ -45.096415409612518, -21.209223858061904 ], [ -45.095337431271581, -21.2092238580619 ], [ -45.095337431271581, -21.209493352647133 ], [ -45.095606925856814, -21.209493352647137 ], [ -45.095606925856814, -21.210840825573314 ], [ -45.096145915027286, -21.210840825573317 ], [ -45.096145915027286, -21.211110320158557 ], [ -45.096415409612518, -21.21111032015855 ], [ -45.096415409612518, -21.212188298499491 ], [ -45.096684904197758, -21.212188298499498 ] ], [ [ -45.098032377123936, -21.211379814743786 ], [ -45.097762882538703, -21.211379814743786 ], [ -45.097762882538703, -21.211110320158557 ], [ -45.098032377123936, -21.211110320158561 ], [ -45.098032377123936, -21.211379814743786 ] ] ] } },
{ "type": "Feature", "properties": { "id_feicao": "fogo_2017_561", "ano": 2017.0, "mes": 10, "codigo_original": 3, "classe": "Formação Florestal", "cor": "#1f8d49", "area_ha": 4.0042575948745016 }, "geometry": { "type": "Polygon", "coordinates": [ [ [ -45.090217034152097, -21.208684868891424 ], [ -45.09048652873733, -21.208684868891432 ], [ -45.09048652873733, -21.208954363476671 ], [ -45.091025517907802, -21.208954363476668 ], [ -45.091025517907802, -21.209223858061904 ], [ -45.091295012493042, -21.209223858061897 ], [ -45.091295012493042, -21.209493352647137 ], [ -45.091834001663514, -21.209493352647144 ], [ -45.091834001663514, -21.20976284723238 ], [ -45.092103496248747, -21.209762847232369 ], [ -45.092103496248747, -21.210032341817609 ], [ -45.092372990833987, -21.210032341817609 ], [ -45.092372990833987, -21.210571330988078 ], [ -45.093450969174924, -21.210571330988081 ], [ -45.093450969174924, -21.210301836402845 ], [ -45.093181474589692, -21.210301836402852 ], [ -45.093181474589692, -21.21003234181762 ], [ -45.092911980004459, -21.210032341817612 ], [ -45.092911980004459, -21.209762847232369 ], [ -45.092642485419219, -21.209762847232376 ], [ -45.092642485419219, -21.209493352647133 ], [ -45.092372990833987, -21.209493352647137 ], [ -45.092372990833987, -21.208954363476668 ], [ -45.092642485419219, -21.208954363476668 ], [ -45.092642485419219, -21.208684868891435 ], [ -45.092103496248747, -21.208684868891435 ], [ -45.092103496248747, -21.208954363476664 ], [ -45.091564507078274, -21.208954363476668 ], [ -45.091564507078274, -21.20787638513573 ], [ -45.091295012493042, -21.207876385135719 ], [ -45.091295012493042, -21.207337395965258 ], [ -45.091025517907802, -21.207337395965254 ], [ -45.091025517907802, -21.207606890550487 ], [ -45.090756023322569, -21.207606890550487 ], [ -45.090756023322569, -21.207337395965254 ], [ -45.09048652873733, -21.207337395965254 ], [ -45.09048652873733, -21.207876385135727 ], [ -45.090217034152097, -21.207876385135719 ], [ -45.090217034152097, -21.208684868891424 ] ] ] } },
{ "type": "Feature", "properties": { "id_feicao": "fogo_2017_562", "ano": 2017.0, "mes": 10, "codigo_original": 3, "classe": "Formação Florestal", "cor": "#1f8d49", "area_ha": 0.25026663396116344 }, "geometry": { "type": "Polygon", "coordinates": [ [ [ -45.10288327965818, -21.208954363476671 ], [ -45.103152774243419, -21.208954363476664 ], [ -45.103152774243419, -21.208684868891432 ], [ -45.103422268828652, -21.208684868891432 ], [ -45.103422268828652, -21.208415374306195 ], [ -45.10288327965818, -21.208415374306192 ], [ -45.10288327965818, -21.208954363476671 ] ] ] } },
{ "type": "Feature", "properties": { "id_feicao": "fogo_2017_563", "ano": 2017.0, "mes": 10, "codigo_original": 3, "classe": "Formação Florestal", "cor": "#1f8d49", "area_ha": 2.7529427897028627 }, "geometry": { "type": "Polygon", "coordinates": [ [ [ -45.097493387953463, -21.209493352647137 ], [ -45.098032377123936, -21.209493352647144 ], [ -45.098032377123936, -21.208954363476671 ], [ -45.098571366294408, -21.208954363476671 ], [ -45.098571366294408, -21.208684868891428 ], [ -45.098301871709175, -21.208684868891435 ], [ -45.098301871709175, -21.208145879720956 ], [ -45.098571366294408, -21.208145879720952 ], [ -45.098571366294408, -21.207337395965254 ], [ -45.099379850050113, -21.207337395965258 ], [ -45.099379850050113, -21.207067901380022 ], [ -45.098571366294408, -21.207067901380022 ], [ -45.098571366294408, -21.206798406794782 ], [ -45.098301871709175, -21.206798406794775 ], [ -45.098301871709175, -21.207606890550476 ], [ -45.098032377123936, -21.207606890550494 ], [ -45.098032377123936, -21.207337395965258 ], [ -45.097223893368231, -21.207337395965258 ], [ -45.097223893368231, -21.208145879720963 ], [ -45.097493387953463, -21.208145879720959 ], [ -45.097493387953463, -21.209493352647137 ] ] ] } },
{ "type": "Feature", "properties": { "id_feicao": "fogo_2017_564", "ano": 2017.0, "mes": 10, "codigo_original": 3, "classe": "Formação Florestal", "cor": "#1f8d49", "area_ha": 0.16684602427426726 }, "geometry": { "type": "Polygon", "coordinates": [ [ [ -45.100188333805825, -21.207067901380022 ], [ -45.099649344635353, -21.207067901380015 ], [ -45.099649344635353, -21.207337395965261 ], [ -45.100188333805825, -21.207337395965254 ], [ -45.100188333805825, -21.207067901380022 ] ] ] } },
{ "type": "Feature", "properties": { "id_feicao": "fogo_2017_565", "ano": 2017.0, "mes": 10, "codigo_original": 3, "classe": "Formação Florestal", "cor": "#1f8d49", "area_ha": 0.08342361479876563 }, "geometry": { "type": "Polygon", "coordinates": [ [ [ -45.101805301317242, -21.205989923039073 ], [ -45.101535806732002, -21.205989923039077 ], [ -45.101535806732002, -21.206259417624313 ], [ -45.101805301317242, -21.206259417624306 ], [ -45.101805301317242, -21.205989923039073 ] ] ] } },
{ "type": "Feature", "properties": { "id_feicao": "fogo_2017_566", "ano": 2017.0, "mes": 10, "codigo_original": 3, "classe": "Formação Florestal", "cor": "#1f8d49", "area_ha": 1.5016318879202009 }, "geometry": { "type": "Polygon", "coordinates": [ [ [ -45.10126631214677, -21.204911944698132 ], [ -45.101535806732002, -21.204911944698125 ], [ -45.101535806732002, -21.204642450112893 ], [ -45.100457828391058, -21.204642450112885 ], [ -45.100457828391058, -21.205720428453834 ], [ -45.100727322976297, -21.205720428453837 ], [ -45.100727322976297, -21.205989923039077 ], [ -45.100457828391058, -21.205989923039073 ], [ -45.100457828391058, -21.206259417624313 ], [ -45.10126631214677, -21.206259417624313 ], [ -45.10126631214677, -21.204911944698132 ] ] ] } },
{ "type": "Feature", "properties": { "id_feicao": "fogo_2017_567", "ano": 2017.0, "mes": 10, "codigo_original": 3, "classe": "Formação Florestal", "cor": "#1f8d49", "area_ha": 0.25028230935027823 }, "geometry": { "type": "Polygon", "coordinates": [ [ [ -45.091834001663514, -21.198983063822936 ], [ -45.091025517907802, -21.19898306382294 ], [ -45.091025517907802, -21.19925255840818 ], [ -45.091834001663514, -21.19925255840818 ], [ -45.091834001663514, -21.198983063822936 ] ] ] } },
{ "type": "Feature", "properties": { "id_feicao": "fogo_2017_568", "ano": 2017.0, "mes": 10, "codigo_original": 3, "classe": "Formação Florestal", "cor": "#1f8d49", "area_ha": 3.087045555044162 }, "geometry": { "type": "Polygon", "coordinates": [ [ [ -45.096954398782991, -21.188203280413511 ], [ -45.096954398782991, -21.188472774998743 ], [ -45.096684904197758, -21.188472774998747 ], [ -45.096684904197758, -21.188742269583972 ], [ -45.097223893368231, -21.18874226958398 ], [ -45.097223893368231, -21.189011764169216 ], [ -45.098032377123936, -21.189011764169219 ], [ -45.098032377123936, -21.188742269583976 ], [ -45.097762882538703, -21.188742269583983 ], [ -45.097762882538703, -21.188472774998743 ], [ -45.097493387953463, -21.18847277499875 ], [ -45.097493387953463, -21.1882032804135 ], [ -45.097223893368231, -21.188203280413504 ], [ -45.097223893368231, -21.186855807487326 ], [ -45.095606925856814, -21.186855807487326 ], [ -45.095606925856814, -21.187125302072563 ], [ -45.095876420442053, -21.187125302072559 ], [ -45.095876420442053, -21.187394796657802 ], [ -45.095067936686341, -21.187394796657795 ], [ -45.095067936686341, -21.187933785828271 ], [ -45.096145915027286, -21.187933785828275 ], [ -45.096145915027286, -21.1882032804135 ], [ -45.096954398782991, -21.188203280413511 ] ], [ [ -45.096415409612518, -21.187394796657792 ], [ -45.096415409612518, -21.187664291243028 ], [ -45.095876420442053, -21.187664291243031 ], [ -45.095876420442053, -21.187394796657802 ], [ -45.096415409612518, -21.187394796657792 ] ], [ [ -45.096954398782991, -21.187125302072559 ], [ -45.096954398782991, -21.187394796657799 ], [ -45.096684904197758, -21.187394796657799 ], [ -45.096684904197758, -21.187125302072559 ], [ -45.096954398782991, -21.187125302072559 ] ] ] } },
{ "type": "Feature", "properties": { "id_feicao": "fogo_2017_569", "ano": 2017.0, "mes": 10, "codigo_original": 3, "classe": "Formação Florestal", "cor": "#1f8d49", "area_ha": 0.50060327542014416 }, "geometry": { "type": "Polygon", "coordinates": [ [ [ -45.099918839220585, -21.187394796657799 ], [ -45.10099681756153, -21.187394796657795 ], [ -45.10099681756153, -21.187664291243035 ], [ -45.10126631214677, -21.187664291243031 ], [ -45.10126631214677, -21.187125302072559 ], [ -45.099918839220585, -21.187125302072555 ], [ -45.099918839220585, -21.187394796657799 ] ] ] } },
{ "type": "Feature", "properties": { "id_feicao": "fogo_2017_570", "ano": 2017.0, "mes": 10, "codigo_original": 3, "classe": "Formação Florestal", "cor": "#1f8d49", "area_ha": 0.25030635740868745 }, "geometry": { "type": "Polygon", "coordinates": [ [ [ -45.105578225510541, -21.184969345390673 ], [ -45.105847720095774, -21.18496934539067 ], [ -45.105847720095774, -21.18469985080544 ], [ -45.106117214681014, -21.184699850805444 ], [ -45.106117214681014, -21.184430356220204 ], [ -45.105578225510541, -21.184430356220197 ], [ -45.105578225510541, -21.184969345390673 ] ] ] } },
{ "type": "Feature", "properties": { "id_feicao": "fogo_2017_571", "ano": 2017.0, "mes": 10, "codigo_original": 3, "classe": "Formação Florestal", "cor": "#1f8d49", "area_ha": 0.16687092315461485 }, "geometry": { "type": "Polygon", "coordinates": [ [ [ -45.091834001663514, -21.184430356220204 ], [ -45.091295012493042, -21.184430356220197 ], [ -45.091295012493042, -21.184699850805437 ], [ -45.091834001663514, -21.184699850805437 ], [ -45.091834001663514, -21.184430356220204 ] ] ] } },
{ "type": "Feature", "properties": { "id_feicao": "fogo_2017_572", "ano": 2017.0, "mes": 10, "codigo_original": 3, "classe": "Formação Florestal", "cor": "#1f8d49", "area_ha": 0.25030805448656901 }, "geometry": { "type": "Polygon", "coordinates": [ [ [ -45.100727322976297, -21.183621872464496 ], [ -45.100457828391058, -21.183621872464492 ], [ -45.100457828391058, -21.183891367049736 ], [ -45.10099681756153, -21.183891367049728 ], [ -45.10099681756153, -21.183352377879263 ], [ -45.100727322976297, -21.183352377879267 ], [ -45.100727322976297, -21.183621872464496 ] ] ] } },
{ "type": "Feature", "properties": { "id_feicao": "fogo_2017_573", "ano": 2017.0, "mes": 10, "codigo_original": 3, "classe": "Formação Florestal", "cor": "#1f8d49", "area_ha": 0.16687250895621256 }, "geometry": { "type": "Polygon", "coordinates": [ [ [ -45.103422268828652, -21.183082883294031 ], [ -45.10288327965818, -21.183082883294023 ], [ -45.10288327965818, -21.183352377879263 ], [ -45.103422268828652, -21.18335237787926 ], [ -45.103422268828652, -21.183082883294031 ] ] ] } },
{ "type": "Feature", "properties": { "id_feicao": "fogo_2017_574", "ano": 2017.0, "mes": 10, "codigo_original": 3, "classe": "Formação Florestal", "cor": "#1f8d49", "area_ha": 0.3337461963912472 }, "geometry": { "type": "Polygon", "coordinates": [ [ [ -45.102613785072947, -21.182274399538315 ], [ -45.102344290487714, -21.182274399538311 ], [ -45.102344290487714, -21.182813388708791 ], [ -45.102613785072947, -21.182813388708784 ], [ -45.102613785072947, -21.183082883294031 ], [ -45.10288327965818, -21.183082883294023 ], [ -45.10288327965818, -21.182543894123544 ], [ -45.102613785072947, -21.182543894123558 ], [ -45.102613785072947, -21.182274399538315 ] ] ] } },
{ "type": "Feature", "properties": { "id_feicao": "fogo_2017_575", "ano": 2017.0, "mes": 10, "codigo_original": 3, "classe": "Formação Florestal", "cor": "#1f8d49", "area_ha": 14.100729762798135 }, "geometry": { "type": "Polygon", "coordinates": [ [ [ -45.099649344635353, -21.18146591578261 ], [ -45.099649344635353, -21.181735410367843 ], [ -45.098840860879648, -21.181735410367839 ], [ -45.098840860879648, -21.182004904953079 ], [ -45.098032377123936, -21.182004904953082 ], [ -45.098032377123936, -21.182274399538311 ], [ -45.097762882538703, -21.182274399538308 ], [ -45.097762882538703, -21.182543894123548 ], [ -45.097493387953463, -21.182543894123555 ], [ -45.097493387953463, -21.182813388708784 ], [ -45.097223893368231, -21.182813388708784 ], [ -45.097223893368231, -21.183621872464496 ], [ -45.096954398782991, -21.183621872464485 ], [ -45.096954398782991, -21.183891367049728 ], [ -45.096684904197758, -21.183891367049721 ], [ -45.096684904197758, -21.184160861634965 ], [ -45.096415409612518, -21.184160861634965 ], [ -45.096415409612518, -21.184430356220204 ], [ -45.095876420442053, -21.184430356220201 ], [ -45.095876420442053, -21.184969345390666 ], [ -45.096415409612518, -21.184969345390666 ], [ -45.096415409612518, -21.185508334561149 ], [ -45.096684904197758, -21.185508334561149 ], [ -45.096684904197758, -21.185777829146385 ], [ -45.096954398782991, -21.185777829146392 ], [ -45.096954398782991, -21.185508334561153 ], [ -45.097493387953463, -21.185508334561145 ], [ -45.097493387953463, -21.185238839975909 ], [ -45.097762882538703, -21.185238839975909 ], [ -45.097762882538703, -21.18496934539068 ], [ -45.098840860879648, -21.184969345390677 ], [ -45.098840860879648, -21.18469985080544 ], [ -45.09911035546488, -21.18469985080544 ], [ -45.09911035546488, -21.184430356220204 ], [ -45.099649344635353, -21.184430356220194 ], [ -45.099649344635353, -21.184160861634965 ], [ -45.098840860879648, -21.184160861634975 ], [ -45.098840860879648, -21.183891367049728 ], [ -45.099649344635353, -21.183891367049728 ], [ -45.099649344635353, -21.183621872464496 ], [ -45.099918839220585, -21.183621872464496 ], [ -45.099918839220585, -21.183352377879267 ], [ -45.100457828391058, -21.18335237787926 ], [ -45.100457828391058, -21.183082883294031 ], [ -45.10099681756153, -21.183082883294027 ], [ -45.10099681756153, -21.182813388708787 ], [ -45.10126631214677, -21.182813388708787 ], [ -45.10126631214677, -21.182543894123551 ], [ -45.101535806732002, -21.182543894123558 ], [ -45.101535806732002, -21.182004904953082 ], [ -45.101805301317242, -21.182004904953082 ], [ -45.101805301317242, -21.181735410367843 ], [ -45.102074795902475, -21.181735410367839 ], [ -45.102074795902475, -21.181465915782614 ], [ -45.102344290487714, -21.181465915782606 ], [ -45.102344290487714, -21.180657432026905 ], [ -45.102074795902475, -21.180657432026894 ], [ -45.102074795902475, -21.180387937441658 ], [ -45.102344290487714, -21.180387937441669 ], [ -45.102344290487714, -21.179848948271196 ], [ -45.102074795902475, -21.179848948271196 ], [ -45.102074795902475, -21.179579453685957 ], [ -45.101535806732002, -21.179579453685964 ], [ -45.101535806732002, -21.179848948271196 ], [ -45.101805301317242, -21.179848948271196 ], [ -45.101805301317242, -21.181465915782606 ], [ -45.101535806732002, -21.18146591578261 ], [ -45.101535806732002, -21.181196421197367 ], [ -45.10126631214677, -21.181196421197377 ], [ -45.10126631214677, -21.18146591578261 ], [ -45.099649344635353, -21.18146591578261 ] ], [ [ -45.099918839220585, -21.18173541036785 ], [ -45.099918839220585, -21.182004904953079 ], [ -45.100457828391058, -21.182004904953086 ], [ -45.100457828391058, -21.182274399538311 ], [ -45.099379850050113, -21.182274399538311 ], [ -45.099379850050113, -21.182004904953082 ], [ -45.099649344635353, -21.182004904953086 ], [ -45.099649344635353, -21.181735410367843 ], [ -45.099918839220585, -21.18173541036785 ] ] ] } },
{ "type": "Feature", "properties": { "id_feicao": "fogo_2017_576", "ano": 2017.0, "mes": 10, "codigo_original": 3, "classe": "Formação Florestal", "cor": "#1f8d49", "area_ha": 0.083437737989984453 }, "geometry": { "type": "Polygon", "coordinates": [ [ [ -45.10288327965818, -21.180387937441658 ], [ -45.102613785072947, -21.180387937441662 ], [ -45.102613785072947, -21.180657432026901 ], [ -45.10288327965818, -21.180657432026905 ], [ -45.10288327965818, -21.180387937441658 ] ] ] } },
{ "type": "Feature", "properties": { "id_feicao": "fogo_2017_577", "ano": 2017.0, "mes": 10, "codigo_original": 3, "classe": "Formação Florestal", "cor": "#1f8d49", "area_ha": 0.16687604698259384 }, "geometry": { "type": "Polygon", "coordinates": [ [ [ -45.100457828391058, -21.179848948271196 ], [ -45.099918839220585, -21.179848948271196 ], [ -45.099918839220585, -21.180118442856433 ], [ -45.100457828391058, -21.180118442856436 ], [ -45.100457828391058, -21.179848948271196 ] ] ] } },
{ "type": "Feature", "properties": { "id_feicao": "fogo_2017_578", "ano": 2017.0, "mes": 10, "codigo_original": 3, "classe": "Formação Florestal", "cor": "#1f8d49", "area_ha": 0.41719056497411805 }, "geometry": { "type": "Polygon", "coordinates": [ [ [ -45.10099681756153, -21.17957945368596 ], [ -45.100457828391058, -21.179579453685964 ], [ -45.100457828391058, -21.179848948271196 ], [ -45.100727322976297, -21.179848948271193 ], [ -45.100727322976297, -21.180118442856436 ], [ -45.101535806732002, -21.180118442856433 ], [ -45.101535806732002, -21.179848948271196 ], [ -45.10099681756153, -21.179848948271196 ], [ -45.10099681756153, -21.17957945368596 ] ] ] } },
{ "type": "Feature", "properties": { "id_feicao": "fogo_2017_579", "ano": 2017.0, "mes": 10, "codigo_original": 3, "classe": "Formação Florestal", "cor": "#1f8d49", "area_ha": 0.083438170215114946 }, "geometry": { "type": "Polygon", "coordinates": [ [ [ -45.099918839220585, -21.17957945368596 ], [ -45.099649344635353, -21.17957945368596 ], [ -45.099649344635353, -21.179848948271196 ], [ -45.099918839220585, -21.179848948271196 ], [ -45.099918839220585, -21.17957945368596 ] ] ] } },
{ "type": "Feature", "properties": { "id_feicao": "fogo_2017_580", "ano": 2017.0, "mes": 10, "codigo_original": 3, "classe": "Formação Florestal", "cor": "#1f8d49", "area_ha": 0.083438631585519757 }, "geometry": { "type": "Polygon", "coordinates": [ [ [ -45.103422268828652, -21.178770969930252 ], [ -45.103152774243419, -21.178770969930248 ], [ -45.103152774243419, -21.179040464515484 ], [ -45.103422268828652, -21.179040464515488 ], [ -45.103422268828652, -21.178770969930252 ] ] ] } },
{ "type": "Feature", "properties": { "id_feicao": "fogo_2017_581", "ano": 2017.0, "mes": 10, "codigo_original": 3, "classe": "Formação Florestal", "cor": "#1f8d49", "area_ha": 0.16687816295903177 }, "geometry": { "type": "Polygon", "coordinates": [ [ [ -45.104500247169597, -21.17796248617455 ], [ -45.103961257999124, -21.17796248617454 ], [ -45.103961257999124, -21.178231980759776 ], [ -45.104500247169597, -21.178231980759779 ], [ -45.104500247169597, -21.17796248617455 ] ] ] } },
{ "type": "Feature", "properties": { "id_feicao": "fogo_2017_582", "ano": 2017.0, "mes": 10, "codigo_original": 3, "classe": "Formação Florestal", "cor": "#1f8d49", "area_ha": 0.2503179277418181 }, "geometry": { "type": "Polygon", "coordinates": [ [ [ -45.104500247169597, -21.17796248617455 ], [ -45.104769741754836, -21.17796248617454 ], [ -45.104769741754836, -21.177692991589304 ], [ -45.105039236340069, -21.177692991589307 ], [ -45.105039236340069, -21.177423497004071 ], [ -45.104500247169597, -21.177423497004067 ], [ -45.104500247169597, -21.17796248617455 ] ] ] } },
{ "type": "Feature", "properties": { "id_feicao": "fogo_2017_583", "ano": 2017.0, "mes": 10, "codigo_original": 3, "classe": "Formação Florestal", "cor": "#1f8d49", "area_ha": 0.083439679903443906 }, "geometry": { "type": "Polygon", "coordinates": [ [ [ -45.105308730925309, -21.176884507833591 ], [ -45.105039236340069, -21.176884507833606 ], [ -45.105039236340069, -21.177154002418842 ], [ -45.105308730925309, -21.177154002418838 ], [ -45.105308730925309, -21.176884507833591 ] ] ] } },
{ "type": "Feature", "properties": { "id_feicao": "fogo_2017_584", "ano": 2017.0, "mes": 10, "codigo_original": 3, "classe": "Formação Florestal", "cor": "#1f8d49", "area_ha": 0.083439827140979472 }, "geometry": { "type": "Polygon", "coordinates": [ [ [ -45.105039236340069, -21.176615013248362 ], [ -45.104769741754836, -21.176615013248362 ], [ -45.104769741754836, -21.176884507833599 ], [ -45.105039236340069, -21.176884507833606 ], [ -45.105039236340069, -21.176615013248362 ] ] ] } },
{ "type": "Feature", "properties": { "id_feicao": "fogo_2017_585", "ano": 2017.0, "mes": 10, "codigo_original": 3, "classe": "Formação Florestal", "cor": "#1f8d49", "area_ha": 0.16664028279092163 }, "geometry": { "type": "Polygon", "coordinates": [ [ [ -45.08698309912927, -21.392480176022278 ], [ -45.08671360454403, -21.392480176022286 ], [ -45.08671360454403, -21.393019165192761 ], [ -45.08698309912927, -21.393019165192754 ], [ -45.08698309912927, -21.392480176022278 ] ] ] } },
{ "type": "Feature", "properties": { "id_feicao": "fogo_2017_586", "ano": 2017.0, "mes": 10, "codigo_original": 3, "classe": "Formação Florestal", "cor": "#1f8d49", "area_ha": 0.16664118253663182 }, "geometry": { "type": "Polygon", "coordinates": [ [ [ -45.08698309912927, -21.391671692266581 ], [ -45.08671360454403, -21.391671692266574 ], [ -45.08671360454403, -21.392210681437039 ], [ -45.08698309912927, -21.392210681437053 ], [ -45.08698309912927, -21.391671692266581 ] ] ] } },
{ "type": "Feature", "properties": { "id_feicao": "fogo_2017_587", "ano": 2017.0, "mes": 10, "codigo_original": 3, "classe": "Formação Florestal", "cor": "#1f8d49", "area_ha": 0.0833208172368817 }, "geometry": { "type": "Polygon", "coordinates": [ [ [ -45.087252593714503, -21.391402197681344 ], [ -45.08698309912927, -21.391402197681337 ], [ -45.08698309912927, -21.391671692266581 ], [ -45.087252593714503, -21.391671692266574 ], [ -45.087252593714503, -21.391402197681344 ] ] ] } },
{ "type": "Feature", "properties": { "id_feicao": "fogo_2017_588", "ano": 2017.0, "mes": 10, "codigo_original": 3, "classe": "Formação Florestal", "cor": "#1f8d49", "area_ha": 0.33328538708854466 }, "geometry": { "type": "Polygon", "coordinates": [ [ [ -45.08860006664068, -21.390324219340393 ], [ -45.088061077470208, -21.390324219340396 ], [ -45.088061077470208, -21.390863208510872 ], [ -45.08860006664068, -21.390863208510879 ], [ -45.08860006664068, -21.390324219340393 ] ] ] } },
{ "type": "Feature", "properties": { "id_feicao": "fogo_2017_589", "ano": 2017.0, "mes": 10, "codigo_original": 3, "classe": "Formação Florestal", "cor": "#1f8d49", "area_ha": 0.1666426882976666 }, "geometry": { "type": "Polygon", "coordinates": [ [ [ -45.087791582884975, -21.390324219340393 ], [ -45.087522088299735, -21.390324219340389 ], [ -45.087522088299735, -21.390863208510872 ], [ -45.087791582884975, -21.390863208510879 ], [ -45.087791582884975, -21.390324219340393 ] ] ] } },
{ "type": "Feature", "properties": { "id_feicao": "fogo_2017_590", "ano": 2017.0, "mes": 10, "codigo_original": 3, "classe": "Formação Florestal", "cor": "#1f8d49", "area_ha": 0.083321570107061413 }, "geometry": { "type": "Polygon", "coordinates": [ [ [ -45.088061077470208, -21.390054724755167 ], [ -45.087791582884975, -21.390054724755167 ], [ -45.087791582884975, -21.390324219340393 ], [ -45.088061077470208, -21.390324219340396 ], [ -45.088061077470208, -21.390054724755167 ] ] ] } },
{ "type": "Feature", "properties": { "id_feicao": "fogo_2017_591", "ano": 2017.0, "mes": 10, "codigo_original": 3, "classe": "Formação Florestal", "cor": "#1f8d49", "area_ha": 0.083321568017173553 }, "geometry": { "type": "Polygon", "coordinates": [ [ [ -45.087522088299735, -21.39005472475516 ], [ -45.087252593714503, -21.39005472475516 ], [ -45.087252593714503, -21.3903242193404 ], [ -45.087522088299735, -21.390324219340389 ], [ -45.087522088299735, -21.39005472475516 ] ] ] } },
{ "type": "Feature", "properties": { "id_feicao": "fogo_2017_592", "ano": 2017.0, "mes": 10, "codigo_original": 3, "classe": "Formação Florestal", "cor": "#1f8d49", "area_ha": 0.083321716921124611 }, "geometry": { "type": "Polygon", "coordinates": [ [ [ -45.087252593714503, -21.38978523016992 ], [ -45.08698309912927, -21.389785230169931 ], [ -45.08698309912927, -21.390054724755164 ], [ -45.087252593714503, -21.39005472475516 ], [ -45.087252593714503, -21.38978523016992 ] ] ] } },
{ "type": "Feature", "properties": { "id_feicao": "fogo_2017_593", "ano": 2017.0, "mes": 10, "codigo_original": 3, "classe": "Formação Florestal", "cor": "#1f8d49", "area_ha": 0.16664388574026526 }, "geometry": { "type": "Polygon", "coordinates": [ [ [ -45.087522088299735, -21.389246240999455 ], [ -45.087252593714503, -21.389246240999455 ], [ -45.087252593714503, -21.38978523016992 ], [ -45.087522088299735, -21.389785230169927 ], [ -45.087522088299735, -21.389246240999455 ] ] ] } },
{ "type": "Feature", "properties": { "id_feicao": "fogo_2017_594", "ano": 2017.0, "mes": 10, "codigo_original": 3, "classe": "Formação Florestal", "cor": "#1f8d49", "area_ha": 0.083348532063886524 }, "geometry": { "type": "Polygon", "coordinates": [ [ [ -45.032545192911627, -21.341276204827473 ], [ -45.032275698326387, -21.341276204827473 ], [ -45.032275698326387, -21.341545699412702 ], [ -45.032545192911627, -21.341545699412709 ], [ -45.032545192911627, -21.341276204827473 ] ] ] } },
{ "type": "Feature", "properties": { "id_feicao": "fogo_2017_595", "ano": 2017.0, "mes": 10, "codigo_original": 3, "classe": "Formação Florestal", "cor": "#1f8d49", "area_ha": 0.083348979002609846 }, "geometry": { "type": "Polygon", "coordinates": [ [ [ -45.031197719985443, -21.340467721071764 ], [ -45.03092822540021, -21.340467721071764 ], [ -45.03092822540021, -21.340737215657001 ], [ -45.031197719985443, -21.340737215657001 ], [ -45.031197719985443, -21.340467721071764 ] ] ] } },
{ "type": "Feature", "properties": { "id_feicao": "fogo_2017_596", "ano": 2017.0, "mes": 10, "codigo_original": 3, "classe": "Formação Florestal", "cor": "#1f8d49", "area_ha": 2.250437181021832 }, "geometry": { "type": "Polygon", "coordinates": [ [ [ -45.031197719985443, -21.339928731901288 ], [ -45.031467214570682, -21.339928731901299 ], [ -45.031467214570682, -21.340198226486525 ], [ -45.031197719985443, -21.340198226486518 ], [ -45.031197719985443, -21.340467721071764 ], [ -45.031736709155915, -21.340467721071768 ], [ -45.031736709155915, -21.340198226486521 ], [ -45.032275698326387, -21.340198226486521 ], [ -45.032275698326387, -21.339928731901296 ], [ -45.03281468749686, -21.339928731901296 ], [ -45.03281468749686, -21.339659237316052 ], [ -45.033084182082092, -21.339659237316059 ], [ -45.033084182082092, -21.338850753560347 ], [ -45.032275698326387, -21.338850753560347 ], [ -45.032275698326387, -21.33912024814558 ], [ -45.031736709155915, -21.33912024814558 ], [ -45.031736709155915, -21.339389742730816 ], [ -45.03092822540021, -21.33938974273082 ], [ -45.03092822540021, -21.339659237316052 ], [ -45.031197719985443, -21.339659237316056 ], [ -45.031197719985443, -21.339928731901288 ] ] ] } },
{ "type": "Feature", "properties": { "id_feicao": "fogo_2017_597", "ano": 2017.0, "mes": 10, "codigo_original": 3, "classe": "Formação Florestal", "cor": "#1f8d49", "area_ha": 0.41675312285646798 }, "geometry": { "type": "Polygon", "coordinates": [ [ [ -45.031197719985443, -21.336964291463701 ], [ -45.03092822540021, -21.336964291463701 ], [ -45.03092822540021, -21.338311764389882 ], [ -45.031197719985443, -21.338311764389871 ], [ -45.031197719985443, -21.336964291463701 ] ] ] } },
{ "type": "Feature", "properties": { "id_feicao": "fogo_2017_598", "ano": 2017.0, "mes": 10, "codigo_original": 3, "classe": "Formação Florestal", "cor": "#1f8d49", "area_ha": 0.25005526412334295 }, "geometry": { "type": "Polygon", "coordinates": [ [ [ -45.037935084616343, -21.335886313122757 ], [ -45.038474073786816, -21.335886313122764 ], [ -45.038474073786816, -21.33561681853752 ], [ -45.038204579201576, -21.33561681853751 ], [ -45.038204579201576, -21.335347323952284 ], [ -45.037935084616343, -21.335347323952281 ], [ -45.037935084616343, -21.335886313122757 ] ] ] } },
{ "type": "Feature", "properties": { "id_feicao": "fogo_2017_599", "ano": 2017.0, "mes": 10, "codigo_original": 3, "classe": "Formação Florestal", "cor": "#1f8d49", "area_ha": 0.9173530037548393 }, "geometry": { "type": "Polygon", "coordinates": [ [ [ -45.04332497632106, -21.255846421307705 ], [ -45.04305548173582, -21.255846421307702 ], [ -45.04305548173582, -21.255576926722465 ], [ -45.042516492565348, -21.255576926722476 ], [ -45.042516492565348, -21.255846421307709 ], [ -45.042785987150587, -21.255846421307698 ], [ -45.042785987150587, -21.256654905063407 ], [ -45.042516492565348, -21.256654905063414 ], [ -45.042516492565348, -21.256924399648643 ], [ -45.04332497632106, -21.256924399648653 ], [ -45.04332497632106, -21.255846421307705 ] ] ] } },
{ "type": "Feature", "properties": { "id_feicao": "fogo_2017_600", "ano": 2017.0, "mes": 10, "codigo_original": 3, "classe": "Formação Florestal", "cor": "#1f8d49", "area_ha": 0.083396035626344386 }, "geometry": { "type": "Polygon", "coordinates": [ [ [ -45.043594470906292, -21.255576926722476 ], [ -45.04332497632106, -21.255576926722465 ], [ -45.04332497632106, -21.255846421307705 ], [ -45.043594470906292, -21.255846421307702 ], [ -45.043594470906292, -21.255576926722476 ] ] ] } },
{ "type": "Feature", "properties": { "id_feicao": "fogo_2017_601", "ano": 2017.0, "mes": 10, "codigo_original": 3, "classe": "Formação Florestal", "cor": "#1f8d49", "area_ha": 4.8369922866705295 }, "geometry": { "type": "Polygon", "coordinates": [ [ [ -45.044672449247237, -21.255846421307709 ], [ -45.044672449247237, -21.255576926722476 ], [ -45.044402954662004, -21.255576926722476 ], [ -45.044402954662004, -21.255037937551997 ], [ -45.044941943832477, -21.255037937552004 ], [ -45.044941943832477, -21.255576926722473 ], [ -45.045480933002942, -21.255576926722469 ], [ -45.045480933002942, -21.255846421307702 ], [ -45.045750427588182, -21.255846421307698 ], [ -45.045750427588182, -21.25530743213724 ], [ -45.046019922173414, -21.255307432137236 ], [ -45.046019922173414, -21.256115915892931 ], [ -45.046558911343887, -21.256115915892941 ], [ -45.046558911343887, -21.256385410478178 ], [ -45.047097900514359, -21.256385410478163 ], [ -45.047097900514359, -21.256115915892948 ], [ -45.046828405929126, -21.256115915892931 ], [ -45.046828405929126, -21.255846421307702 ], [ -45.046289416758654, -21.255846421307712 ], [ -45.046289416758654, -21.255037937552004 ], [ -45.046558911343887, -21.255037937552 ], [ -45.046558911343887, -21.254768442966764 ], [ -45.046289416758654, -21.25476844296676 ], [ -45.046289416758654, -21.253959959211059 ], [ -45.044402954662004, -21.253959959211052 ], [ -45.044402954662004, -21.254498948381528 ], [ -45.044133460076765, -21.254498948381531 ], [ -45.044133460076765, -21.254229453796292 ], [ -45.043594470906292, -21.254229453796295 ], [ -45.043594470906292, -21.255307432137233 ], [ -45.044133460076765, -21.255307432137243 ], [ -45.044133460076765, -21.255846421307712 ], [ -45.044672449247237, -21.255846421307709 ] ], [ [ -45.045750427588182, -21.255037937552004 ], [ -45.045480933002942, -21.255037937552004 ], [ -45.045480933002942, -21.25476844296676 ], [ -45.045750427588182, -21.254768442966768 ], [ -45.045750427588182, -21.255037937552004 ] ] ] } },
{ "type": "Feature", "properties": { "id_feicao": "fogo_2017_602", "ano": 2017.0, "mes": 10, "codigo_original": 3, "classe": "Formação Florestal", "cor": "#1f8d49", "area_ha": 0.16682759181186557 }, "geometry": { "type": "Polygon", "coordinates": [ [ [ -45.060303135190914, -21.22350707107941 ], [ -45.059764146020449, -21.223507071079407 ], [ -45.059764146020449, -21.223776565664636 ], [ -45.060303135190914, -21.223776565664636 ], [ -45.060303135190914, -21.22350707107941 ] ] ] } },
{ "type": "Feature", "properties": { "id_feicao": "fogo_2017_603", "ano": 2017.0, "mes": 10, "codigo_original": 3, "classe": "Formação Florestal", "cor": "#1f8d49", "area_ha": 0.33365636844281105 }, "geometry": { "type": "Polygon", "coordinates": [ [ [ -45.059494651435209, -21.222698587323691 ], [ -45.059225156849976, -21.222698587323688 ], [ -45.059225156849976, -21.223237576494171 ], [ -45.059494651435209, -21.223237576494167 ], [ -45.059494651435209, -21.22350707107941 ], [ -45.059764146020449, -21.223507071079407 ], [ -45.059764146020449, -21.222968081908924 ], [ -45.059494651435209, -21.222968081908931 ], [ -45.059494651435209, -21.222698587323691 ] ] ] } },
{ "type": "Feature", "properties": { "id_feicao": "fogo_2017_604", "ano": 2017.0, "mes": 10, "codigo_original": 3, "classe": "Formação Florestal", "cor": "#1f8d49", "area_ha": 0.58393460893854499 }, "geometry": { "type": "Polygon", "coordinates": [ [ [ -45.087522088299735, -21.214344255181384 ], [ -45.088330572055447, -21.214344255181384 ], [ -45.088330572055447, -21.213805266010901 ], [ -45.087791582884975, -21.213805266010912 ], [ -45.087791582884975, -21.213535771425679 ], [ -45.087522088299735, -21.213535771425679 ], [ -45.087522088299735, -21.214344255181384 ] ] ] } },
{ "type": "Feature", "properties": { "id_feicao": "fogo_2017_605", "ano": 2017.0, "mes": 10, "codigo_original": 3, "classe": "Formação Florestal", "cor": "#1f8d49", "area_ha": 0.75077347343908618 }, "geometry": { "type": "Polygon", "coordinates": [ [ [ -45.089947539566865, -21.213266276840439 ], [ -45.088330572055447, -21.213266276840443 ], [ -45.088330572055447, -21.213535771425672 ], [ -45.08886956122592, -21.213535771425676 ], [ -45.08886956122592, -21.213805266010905 ], [ -45.089678044981625, -21.213805266010908 ], [ -45.089678044981625, -21.213535771425668 ], [ -45.089947539566865, -21.213535771425672 ], [ -45.089947539566865, -21.213266276840439 ] ] ] } },
{ "type": "Feature", "properties": { "id_feicao": "fogo_2017_606", "ano": 2017.0, "mes": 10, "codigo_original": 3, "classe": "Formação Florestal", "cor": "#1f8d49", "area_ha": 0.083419689042121173 }, "geometry": { "type": "Polygon", "coordinates": [ [ [ -45.087791582884975, -21.21299678225521 ], [ -45.087522088299735, -21.2129967822552 ], [ -45.087522088299735, -21.213266276840447 ], [ -45.087791582884975, -21.213266276840436 ], [ -45.087791582884975, -21.21299678225521 ] ] ] } },
{ "type": "Feature", "properties": { "id_feicao": "fogo_2017_607", "ano": 2017.0, "mes": 10, "codigo_original": 3, "classe": "Formação Florestal", "cor": "#1f8d49", "area_ha": 0.91762785209789877 }, "geometry": { "type": "Polygon", "coordinates": [ [ [ -45.086174615373558, -21.210571330988074 ], [ -45.085635626203086, -21.210571330988071 ], [ -45.085635626203086, -21.21137981474379 ], [ -45.085905120788325, -21.21137981474379 ], [ -45.085905120788325, -21.211918803914259 ], [ -45.08698309912927, -21.211918803914259 ], [ -45.08698309912927, -21.211649309329022 ], [ -45.086174615373558, -21.211649309329022 ], [ -45.086174615373558, -21.210571330988074 ] ] ] } },
{ "type": "Feature", "properties": { "id_feicao": "fogo_2017_608", "ano": 2017.0, "mes": 10, "codigo_original": 3, "classe": "Formação Florestal", "cor": "#1f8d49", "area_ha": 3.1699909536868334 }, "geometry": { "type": "Polygon", "coordinates": [ [ [ -45.088330572055447, -21.211649309329022 ], [ -45.089408550396392, -21.211649309329029 ], [ -45.089408550396392, -21.211918803914262 ], [ -45.090217034152097, -21.211918803914255 ], [ -45.090217034152097, -21.211649309329019 ], [ -45.09048652873733, -21.211649309329026 ], [ -45.09048652873733, -21.211379814743786 ], [ -45.090756023322569, -21.211379814743797 ], [ -45.090756023322569, -21.210571330988088 ], [ -45.09048652873733, -21.210571330988078 ], [ -45.09048652873733, -21.210301836402842 ], [ -45.089947539566865, -21.210301836402849 ], [ -45.089947539566865, -21.210571330988081 ], [ -45.089139055811152, -21.210571330988081 ], [ -45.089139055811152, -21.211110320158561 ], [ -45.08886956122592, -21.21111032015855 ], [ -45.08886956122592, -21.210571330988074 ], [ -45.088330572055447, -21.210571330988074 ], [ -45.088330572055447, -21.211649309329022 ] ] ] } },
{ "type": "Feature", "properties": { "id_feicao": "fogo_2017_609", "ano": 2017.0, "mes": 10, "codigo_original": 3, "classe": "Formação Florestal", "cor": "#1f8d49", "area_ha": 0.083421290393173697 }, "geometry": { "type": "Polygon", "coordinates": [ [ [ -45.078359272401727, -21.210032341817609 ], [ -45.078089777816487, -21.210032341817605 ], [ -45.078089777816487, -21.210301836402852 ], [ -45.078359272401727, -21.210301836402845 ], [ -45.078359272401727, -21.210032341817609 ] ] ] } },
{ "type": "Feature", "properties": { "id_feicao": "fogo_2017_610", "ano": 2017.0, "mes": 10, "codigo_original": 3, "classe": "Formação Florestal", "cor": "#1f8d49", "area_ha": 8.2588760643749044 }, "geometry": { "type": "Polygon", "coordinates": [ [ [ -45.080245734498369, -21.206798406794785 ], [ -45.080245734498369, -21.207067901380015 ], [ -45.080515229083616, -21.207067901380022 ], [ -45.080515229083616, -21.207876385135716 ], [ -45.080784723668842, -21.207876385135723 ], [ -45.080784723668842, -21.208415374306192 ], [ -45.081054218254089, -21.208415374306188 ], [ -45.081054218254089, -21.208684868891435 ], [ -45.080515229083616, -21.208684868891432 ], [ -45.080515229083616, -21.208954363476668 ], [ -45.081323712839314, -21.208954363476668 ], [ -45.081323712839314, -21.208684868891435 ], [ -45.081593207424547, -21.208684868891432 ], [ -45.081593207424547, -21.208415374306195 ], [ -45.081862702009786, -21.208415374306188 ], [ -45.081862702009786, -21.208684868891432 ], [ -45.083210174935964, -21.208684868891432 ], [ -45.083210174935964, -21.208145879720956 ], [ -45.082940680350731, -21.208145879720952 ], [ -45.082940680350731, -21.207067901380022 ], [ -45.081862702009786, -21.207067901380022 ], [ -45.081862702009786, -21.206528912209546 ], [ -45.081593207424547, -21.206528912209546 ], [ -45.081593207424547, -21.20625941762431 ], [ -45.081862702009786, -21.206259417624313 ], [ -45.081862702009786, -21.205720428453841 ], [ -45.081593207424547, -21.205720428453841 ], [ -45.081593207424547, -21.205450933868605 ], [ -45.081323712839314, -21.205450933868601 ], [ -45.081323712839314, -21.204911944698129 ], [ -45.081054218254089, -21.204911944698132 ], [ -45.081054218254089, -21.205181439283365 ], [ -45.080515229083616, -21.205181439283368 ], [ -45.080515229083616, -21.205450933868601 ], [ -45.080245734498369, -21.205450933868601 ], [ -45.080245734498369, -21.205720428453837 ], [ -45.079706745327897, -21.205720428453837 ], [ -45.079706745327897, -21.206798406794778 ], [ -45.080245734498369, -21.206798406794785 ] ], [ [ -45.080784723668842, -21.206259417624313 ], [ -45.080515229083616, -21.206259417624306 ], [ -45.080515229083616, -21.20598992303907 ], [ -45.080784723668842, -21.20598992303907 ], [ -45.080784723668842, -21.206259417624313 ] ] ] } },
{ "type": "Feature", "properties": { "id_feicao": "fogo_2017_611", "ano": 2017.0, "mes": 10, "codigo_original": 3, "classe": "Formação Florestal", "cor": "#1f8d49", "area_ha": 4.4214817799330657 }, "geometry": { "type": "Polygon", "coordinates": [ [ [ -45.077011799475542, -21.205450933868605 ], [ -45.077011799475542, -21.205720428453834 ], [ -45.078089777816487, -21.205720428453841 ], [ -45.078089777816487, -21.205450933868605 ], [ -45.078359272401727, -21.205450933868605 ], [ -45.078359272401727, -21.205720428453834 ], [ -45.078898261572199, -21.205720428453837 ], [ -45.078898261572199, -21.205450933868605 ], [ -45.079437250742671, -21.205450933868597 ], [ -45.079437250742671, -21.205181439283361 ], [ -45.079706745327897, -21.205181439283368 ], [ -45.079706745327897, -21.204911944698129 ], [ -45.079437250742671, -21.204911944698132 ], [ -45.079437250742671, -21.204642450112896 ], [ -45.079167756157425, -21.204642450112896 ], [ -45.079167756157425, -21.204911944698125 ], [ -45.078628766986952, -21.204911944698132 ], [ -45.078628766986952, -21.204372955527667 ], [ -45.077820283231254, -21.204372955527663 ], [ -45.077820283231254, -21.204642450112893 ], [ -45.077281294060782, -21.204642450112896 ], [ -45.077281294060782, -21.20437295552766 ], [ -45.077011799475542, -21.20437295552766 ], [ -45.077011799475542, -21.203833966357184 ], [ -45.07674230489031, -21.203833966357184 ], [ -45.07674230489031, -21.203564471771944 ], [ -45.07647281030507, -21.203564471771951 ], [ -45.07647281030507, -21.203294977186712 ], [ -45.076203315719837, -21.203294977186712 ], [ -45.076203315719837, -21.20383396635718 ], [ -45.07647281030507, -21.203833966357191 ], [ -45.07647281030507, -21.205181439283361 ], [ -45.076203315719837, -21.205181439283361 ], [ -45.076203315719837, -21.205720428453837 ], [ -45.07674230489031, -21.205720428453837 ], [ -45.07674230489031, -21.205450933868605 ], [ -45.077011799475542, -21.205450933868605 ] ], [ [ -45.077011799475542, -21.204911944698129 ], [ -45.07674230489031, -21.204911944698129 ], [ -45.07674230489031, -21.204642450112893 ], [ -45.077011799475542, -21.204642450112896 ], [ -45.077011799475542, -21.204911944698129 ] ] ] } },
{ "type": "Feature", "properties": { "id_feicao": "fogo_2017_612", "ano": 2017.0, "mes": 10, "codigo_original": 3, "classe": "Formação Florestal", "cor": "#1f8d49", "area_ha": 0.083425917436834418 }, "geometry": { "type": "Polygon", "coordinates": [ [ [ -45.083210174935964, -21.201678009675291 ], [ -45.082940680350731, -21.201678009675295 ], [ -45.082940680350731, -21.201947504260531 ], [ -45.083210174935964, -21.201947504260534 ], [ -45.083210174935964, -21.201678009675291 ] ] ] } },
{ "type": "Feature", "properties": { "id_feicao": "fogo_2017_613", "ano": 2017.0, "mes": 10, "codigo_original": 3, "classe": "Formação Florestal", "cor": "#1f8d49", "area_ha": 0.083426067100465295 }, "geometry": { "type": "Polygon", "coordinates": [ [ [ -45.083479669521203, -21.201408515090069 ], [ -45.083210174935964, -21.201408515090066 ], [ -45.083210174935964, -21.201678009675291 ], [ -45.083479669521203, -21.201678009675291 ], [ -45.083479669521203, -21.201408515090069 ] ] ] } },
{ "type": "Feature", "properties": { "id_feicao": "fogo_2017_614", "ano": 2017.0, "mes": 10, "codigo_original": 3, "classe": "Formação Florestal", "cor": "#1f8d49", "area_ha": 6.2570031539233399 }, "geometry": { "type": "Polygon", "coordinates": [ [ [ -45.081862702009786, -21.199791547578648 ], [ -45.082401691180259, -21.199791547578648 ], [ -45.082401691180259, -21.200330536749117 ], [ -45.081862702009786, -21.200330536749121 ], [ -45.081862702009786, -21.200600031334353 ], [ -45.081593207424547, -21.200600031334364 ], [ -45.081593207424547, -21.201408515090062 ], [ -45.081323712839314, -21.201408515090066 ], [ -45.081323712839314, -21.201678009675291 ], [ -45.081593207424547, -21.201678009675298 ], [ -45.081593207424547, -21.201947504260534 ], [ -45.082671185765491, -21.201947504260534 ], [ -45.082671185765491, -21.201678009675295 ], [ -45.082940680350731, -21.201678009675295 ], [ -45.082940680350731, -21.201408515090062 ], [ -45.083210174935964, -21.201408515090066 ], [ -45.083210174935964, -21.201139020504822 ], [ -45.083479669521203, -21.201139020504826 ], [ -45.083479669521203, -21.20086952591959 ], [ -45.083749164106436, -21.200869525919597 ], [ -45.083749164106436, -21.200600031334357 ], [ -45.084288153276908, -21.200600031334361 ], [ -45.084288153276908, -21.200061042163892 ], [ -45.084557647862141, -21.200061042163881 ], [ -45.084557647862141, -21.199791547578645 ], [ -45.084288153276908, -21.199791547578652 ], [ -45.084288153276908, -21.199522052993409 ], [ -45.083749164106436, -21.199522052993412 ], [ -45.083749164106436, -21.198983063822933 ], [ -45.083210174935964, -21.198983063822933 ], [ -45.083210174935964, -21.198444074652471 ], [ -45.082671185765491, -21.198444074652464 ], [ -45.082671185765491, -21.198713569237704 ], [ -45.082401691180259, -21.198713569237707 ], [ -45.082401691180259, -21.198983063822936 ], [ -45.082940680350731, -21.198983063822936 ], [ -45.082940680350731, -21.199522052993416 ], [ -45.081862702009786, -21.199522052993409 ], [ -45.081862702009786, -21.199791547578648 ] ] ] } },
{ "type": "Feature", "properties": { "id_feicao": "fogo_2017_615", "ano": 2017.0, "mes": 10, "codigo_original": 3, "classe": "Formação Florestal", "cor": "#1f8d49", "area_ha": 0.08342740108659491 }, "geometry": { "type": "Polygon", "coordinates": [ [ [ -45.082401691180259, -21.198983063822936 ], [ -45.082132196595019, -21.198983063822933 ], [ -45.082132196595019, -21.199252558408173 ], [ -45.082401691180259, -21.19925255840818 ], [ -45.082401691180259, -21.198983063822936 ] ] ] } },
{ "type": "Feature", "properties": { "id_feicao": "fogo_2017_616", "ano": 2017.0, "mes": 10, "codigo_original": 3, "classe": "Formação Florestal", "cor": "#1f8d49", "area_ha": 0.083427555703930553 }, "geometry": { "type": "Polygon", "coordinates": [ [ [ -45.084018658691676, -21.1987135692377 ], [ -45.083749164106436, -21.1987135692377 ], [ -45.083749164106436, -21.198983063822933 ], [ -45.084018658691676, -21.19898306382294 ], [ -45.084018658691676, -21.1987135692377 ] ] ] } },
{ "type": "Feature", "properties": { "id_feicao": "fogo_2017_617", "ano": 2017.0, "mes": 10, "codigo_original": 3, "classe": "Formação Florestal", "cor": "#1f8d49", "area_ha": 0.58399576476207005 }, "geometry": { "type": "Polygon", "coordinates": [ [ [ -45.085096637032613, -21.197905085481999 ], [ -45.084288153276908, -21.197905085482002 ], [ -45.084288153276908, -21.198174580067231 ], [ -45.083749164106436, -21.198174580067228 ], [ -45.083749164106436, -21.198444074652471 ], [ -45.084827142447381, -21.198444074652471 ], [ -45.084827142447381, -21.198174580067239 ], [ -45.085096637032613, -21.198174580067235 ], [ -45.085096637032613, -21.197905085481999 ] ] ] } },
{ "type": "Feature", "properties": { "id_feicao": "fogo_2017_618", "ano": 2017.0, "mes": 10, "codigo_original": 3, "classe": "Formação Florestal", "cor": "#1f8d49", "area_ha": 0.083348522491659971 }, "geometry": { "type": "Polygon", "coordinates": [ [ [ -45.024999344525021, -21.341276204827469 ], [ -45.024729849939781, -21.341276204827476 ], [ -45.024729849939781, -21.341545699412709 ], [ -45.024999344525021, -21.341545699412713 ], [ -45.024999344525021, -21.341276204827469 ] ] ] } },
{ "type": "Feature", "properties": { "id_feicao": "fogo_2017_619", "ano": 2017.0, "mes": 10, "codigo_original": 3, "classe": "Formação Florestal", "cor": "#1f8d49", "area_ha": 0.08335046476591379 }, "geometry": { "type": "Polygon", "coordinates": [ [ [ -45.022573893257899, -21.337772775219406 ], [ -45.022304398672659, -21.337772775219403 ], [ -45.022304398672659, -21.338042269804646 ], [ -45.022573893257899, -21.338042269804642 ], [ -45.022573893257899, -21.337772775219406 ] ] ] } },
{ "type": "Feature", "properties": { "id_feicao": "fogo_2017_620", "ano": 2017.0, "mes": 10, "codigo_original": 3, "classe": "Formação Florestal", "cor": "#1f8d49", "area_ha": 0.083350614623632288 }, "geometry": { "type": "Polygon", "coordinates": [ [ [ -45.022843387843132, -21.33750328063417 ], [ -45.022573893257899, -21.33750328063417 ], [ -45.022573893257899, -21.337772775219406 ], [ -45.022843387843132, -21.337772775219406 ], [ -45.022843387843132, -21.33750328063417 ] ] ] } },
{ "type": "Feature", "properties": { "id_feicao": "fogo_2017_621", "ano": 2017.0, "mes": 10, "codigo_original": 3, "classe": "Formação Florestal", "cor": "#1f8d49", "area_ha": 0.91685999115752059 }, "geometry": { "type": "Polygon", "coordinates": [ [ [ -45.025538333695494, -21.336964291463705 ], [ -45.025807828280726, -21.336964291463698 ], [ -45.025807828280726, -21.337233786048927 ], [ -45.027155301206903, -21.337233786048927 ], [ -45.027155301206903, -21.336694796878454 ], [ -45.025538333695494, -21.336694796878458 ], [ -45.025538333695494, -21.336964291463705 ] ] ] } },
{ "type": "Feature", "properties": { "id_feicao": "fogo_2017_622", "ano": 2017.0, "mes": 10, "codigo_original": 3, "classe": "Formação Florestal", "cor": "#1f8d49", "area_ha": 0.33340660167373715 }, "geometry": { "type": "Polygon", "coordinates": [ [ [ -45.03065873081497, -21.335886313122757 ], [ -45.030389236229738, -21.335886313122749 ], [ -45.030389236229738, -21.336155807707996 ], [ -45.03092822540021, -21.336155807707993 ], [ -45.03092822540021, -21.335347323952281 ], [ -45.03065873081497, -21.335347323952277 ], [ -45.03065873081497, -21.335886313122757 ] ] ] } },
{ "type": "Feature", "properties": { "id_feicao": "fogo_2017_623", "ano": 2017.0, "mes": 10, "codigo_original": 3, "classe": "Formação Florestal", "cor": "#1f8d49", "area_ha": 5.7007988388298081 }, "geometry": { "type": "Polygon", "coordinates": [ [ [ -45.002631293950451, -21.332652378099922 ], [ -45.001553315609506, -21.332652378099919 ], [ -45.001553315609506, -21.332921872685166 ], [ -45.00124111629772, -21.332921872895756 ], [ -45.00132, -21.332967 ], [ -45.001517, -21.333103999999896 ], [ -45.001610336794862, -21.333191367647071 ], [ -45.001822810194739, -21.333191367270391 ], [ -45.001822810194732, -21.333408145844924 ], [ -45.001861, -21.333449 ], [ -45.001872930874406, -21.333460861928515 ], [ -45.002361799365211, -21.333460861855631 ], [ -45.002361799365211, -21.333730356440867 ], [ -45.003170283120923, -21.333730356440867 ], [ -45.003170283120923, -21.333999851026107 ], [ -45.003439777706149, -21.333999851026107 ], [ -45.003439777706149, -21.333730356440867 ], [ -45.003709272291395, -21.333730356440871 ], [ -45.003709272291395, -21.333999851026103 ], [ -45.004517756047093, -21.33399985102611 ], [ -45.004517756047093, -21.334269345611339 ], [ -45.005056745217566, -21.334269345611332 ], [ -45.005056745217566, -21.334538840196572 ], [ -45.005865228973271, -21.334538840196572 ], [ -45.005865228973271, -21.334269345611336 ], [ -45.005326239802812, -21.334269345611347 ], [ -45.005326239802812, -21.333999851026107 ], [ -45.00478725063234, -21.333999851026103 ], [ -45.00478725063234, -21.333730356440867 ], [ -45.004517756047093, -21.333730356440874 ], [ -45.004517756047093, -21.333460861855638 ], [ -45.004248261461868, -21.333460861855638 ], [ -45.004248261461868, -21.333191367270405 ], [ -45.004517756047093, -21.333191367270391 ], [ -45.004517756047093, -21.332921872685162 ], [ -45.00478725063234, -21.332921872685159 ], [ -45.00478725063234, -21.331843894344217 ], [ -45.002631293950451, -21.331843894344217 ], [ -45.002631293950451, -21.33211338892945 ], [ -45.003170283120923, -21.332113388929447 ], [ -45.003170283120923, -21.333191367270398 ], [ -45.002900788535676, -21.333191367270395 ], [ -45.002900788535676, -21.332921872685166 ], [ -45.002631293950451, -21.332921872685162 ], [ -45.002631293950451, -21.332652378099922 ] ] ] } },
{ "type": "Feature", "properties": { "id_feicao": "fogo_2017_624", "ano": 2017.0, "mes": 10, "codigo_original": 3, "classe": "Formação Florestal", "cor": "#1f8d49", "area_ha": 1.0835936564803124 }, "geometry": { "type": "Polygon", "coordinates": [ [ [ -44.979454759620161, -21.333191367270388 ], [ -44.980532737961106, -21.333191367270391 ], [ -44.980532737961106, -21.33238288351469 ], [ -44.979724254205394, -21.33238288351469 ], [ -44.979724254205394, -21.332113388929454 ], [ -44.979454759620161, -21.332113388929454 ], [ -44.979454759620161, -21.333191367270388 ] ] ] } },
{ "type": "Feature", "properties": { "id_feicao": "fogo_2017_625", "ano": 2017.0, "mes": 10, "codigo_original": 3, "classe": "Formação Florestal", "cor": "#1f8d49", "area_ha": 2.0716653505622409 }, "geometry": { "type": "Polygon", "coordinates": [ [ [ -45.006404218143743, -21.332113388929447 ], [ -45.006673712728983, -21.33211338892945 ], [ -45.006673712728983, -21.33238288351469 ], [ -45.006943207314215, -21.332382883514672 ], [ -45.006943207314215, -21.332652378099919 ], [ -45.007212701899455, -21.332652378099922 ], [ -45.007212701899455, -21.332921872685166 ], [ -45.006943207314215, -21.332921872685166 ], [ -45.006943207314215, -21.333460861855635 ], [ -45.007751691069927, -21.333460861855638 ], [ -45.007751691069927, -21.334269345611336 ], [ -45.007762771303923, -21.334269345619852 ], [ -45.007967999999899, -21.334198 ], [ -45.008021185655096, -21.33421716603652 ], [ -45.00802118565516, -21.333191367270402 ], [ -45.007482196484688, -21.333191367270398 ], [ -45.007482196484688, -21.332382883514693 ], [ -45.007212701899455, -21.332382883514683 ], [ -45.007212701899455, -21.33211338892945 ], [ -45.006943207314215, -21.332113388929447 ], [ -45.006943207314215, -21.331843894344214 ], [ -45.006673712728983, -21.331843894344221 ], [ -45.006673712728983, -21.331304905173742 ], [ -45.006404218143743, -21.331304905173745 ], [ -45.006404218143743, -21.331035410588512 ], [ -45.005326239802812, -21.331035410588512 ], [ -45.005326239802812, -21.331304905173745 ], [ -45.005865228973271, -21.331304905173742 ], [ -45.005865228973271, -21.331574399758974 ], [ -45.00613472355851, -21.331574399758974 ], [ -45.00613472355851, -21.331843894344221 ], [ -45.006404218143743, -21.33184389434421 ], [ -45.006404218143743, -21.332113388929447 ] ] ] } },
{ "type": "Feature", "properties": { "id_feicao": "fogo_2017_626", "ano": 2017.0, "mes": 10, "codigo_original": 3, "classe": "Formação Florestal", "cor": "#1f8d49", "area_ha": 0.083353452640399339 }, "geometry": { "type": "Polygon", "coordinates": [ [ [ -44.98161071630205, -21.33238288351469 ], [ -44.981341221716811, -21.332382883514686 ], [ -44.981341221716811, -21.332652378099926 ], [ -44.98161071630205, -21.332652378099922 ], [ -44.98161071630205, -21.33238288351469 ] ] ] } },
{ "type": "Feature", "properties": { "id_feicao": "fogo_2017_627", "ano": 2017.0, "mes": 10, "codigo_original": 3, "classe": "Formação Florestal", "cor": "#1f8d49", "area_ha": 0.083353452201560138 }, "geometry": { "type": "Polygon", "coordinates": [ [ [ -44.982149705472516, -21.332382883514686 ], [ -44.981880210887283, -21.33238288351469 ], [ -44.981880210887283, -21.332652378099919 ], [ -44.982149705472516, -21.332652378099919 ], [ -44.982149705472516, -21.332382883514686 ] ] ] } },
{ "type": "Feature", "properties": { "id_feicao": "fogo_2017_628", "ano": 2017.0, "mes": 10, "codigo_original": 3, "classe": "Formação Florestal", "cor": "#1f8d49", "area_ha": 0.50012205417025835 }, "geometry": { "type": "Polygon", "coordinates": [ [ [ -44.982958189228228, -21.332382883514676 ], [ -44.98322768381346, -21.332382883514683 ], [ -44.98322768381346, -21.33211338892945 ], [ -44.9834971783987, -21.332113388929454 ], [ -44.9834971783987, -21.331574399758981 ], [ -44.98322768381346, -21.331574399758981 ], [ -44.98322768381346, -21.331843894344217 ], [ -44.982958189228228, -21.331843894344221 ], [ -44.982958189228228, -21.332113388929457 ], [ -44.982688694642988, -21.332113388929457 ], [ -44.982688694642988, -21.332652378099919 ], [ -44.982958189228228, -21.332652378099919 ], [ -44.982958189228228, -21.332382883514676 ] ] ] } },
{ "type": "Feature", "properties": { "id_feicao": "fogo_2017_629", "ano": 2017.0, "mes": 10, "codigo_original": 3, "classe": "Formação Florestal", "cor": "#1f8d49", "area_ha": 1.5837266631281004 }, "geometry": { "type": "Polygon", "coordinates": [ [ [ -45.029850247059265, -21.331574399758985 ], [ -45.030119741644498, -21.331574399758978 ], [ -45.030119741644498, -21.331304905173738 ], [ -45.029311257888793, -21.331304905173749 ], [ -45.029311257888793, -21.331035410588512 ], [ -45.029580752474033, -21.331035410588516 ], [ -45.029580752474033, -21.33076591600328 ], [ -45.028502774133088, -21.330765916003266 ], [ -45.028502774133088, -21.331304905173752 ], [ -45.028772268718321, -21.331304905173738 ], [ -45.028772268718321, -21.331843894344214 ], [ -45.02904176330356, -21.331843894344217 ], [ -45.02904176330356, -21.33211338892945 ], [ -45.029850247059265, -21.332113388929457 ], [ -45.029850247059265, -21.331574399758985 ] ] ] } },
{ "type": "Feature", "properties": { "id_feicao": "fogo_2017_630", "ano": 2017.0, "mes": 10, "codigo_original": 3, "classe": "Formação Florestal", "cor": "#1f8d49", "area_ha": 1.6670973141666501 }, "geometry": { "type": "Polygon", "coordinates": [ [ [ -45.000744831853794, -21.329418443077085 ], [ -44.999397358927617, -21.329418443077088 ], [ -44.999397358927617, -21.33049642141804 ], [ -45.000744831853794, -21.330496421418037 ], [ -45.000744831853794, -21.329418443077085 ] ] ] } },
{ "type": "Feature", "properties": { "id_feicao": "fogo_2017_631", "ano": 2017.0, "mes": 10, "codigo_original": 3, "classe": "Formação Florestal", "cor": "#1f8d49", "area_ha": 0.75019763025194408 }, "geometry": { "type": "Polygon", "coordinates": [ [ [ -45.030119741644498, -21.32860995932138 ], [ -45.029850247059265, -21.328609959321387 ], [ -45.029850247059265, -21.32887945390662 ], [ -45.029311257888793, -21.32887945390662 ], [ -45.029311257888793, -21.329418443077085 ], [ -45.029850247059265, -21.329418443077088 ], [ -45.029850247059265, -21.329957432247557 ], [ -45.030119741644498, -21.329957432247561 ], [ -45.030119741644498, -21.32860995932138 ] ] ] } },
{ "type": "Feature", "properties": { "id_feicao": "fogo_2017_632", "ano": 2017.0, "mes": 10, "codigo_original": 3, "classe": "Formação Florestal", "cor": "#1f8d49", "area_ha": 0.083355857934150845 }, "geometry": { "type": "Polygon", "coordinates": [ [ [ -45.030389236229738, -21.328070970150918 ], [ -45.030119741644498, -21.328070970150918 ], [ -45.030119741644498, -21.328340464736147 ], [ -45.030389236229738, -21.328340464736151 ], [ -45.030389236229738, -21.328070970150918 ] ] ] } },
{ "type": "Feature", "properties": { "id_feicao": "fogo_2017_633", "ano": 2017.0, "mes": 10, "codigo_original": 3, "classe": "Formação Florestal", "cor": "#1f8d49", "area_ha": 0.50013509197123351 }, "geometry": { "type": "Polygon", "coordinates": [ [ [ -45.029850247059265, -21.328070970150918 ], [ -45.030119741644498, -21.328070970150918 ], [ -45.030119741644498, -21.327801475565678 ], [ -45.029311257888793, -21.327801475565682 ], [ -45.029311257888793, -21.328070970150918 ], [ -45.029580752474033, -21.328070970150915 ], [ -45.029580752474033, -21.328340464736147 ], [ -45.029311257888793, -21.328340464736147 ], [ -45.029311257888793, -21.32860995932139 ], [ -45.029850247059265, -21.328609959321387 ], [ -45.029850247059265, -21.328070970150918 ] ] ] } },
{ "type": "Feature", "properties": { "id_feicao": "fogo_2017_634", "ano": 2017.0, "mes": 10, "codigo_original": 3, "classe": "Formação Florestal", "cor": "#1f8d49", "area_ha": 0.41678094271123411 }, "geometry": { "type": "Polygon", "coordinates": [ [ [ -45.009638153166577, -21.327801475565682 ], [ -45.010177142337049, -21.327801475565682 ], [ -45.010177142337049, -21.327531980980449 ], [ -45.010446636922282, -21.327531980980446 ], [ -45.010446636922282, -21.32726248639521 ], [ -45.009638153166577, -21.32726248639521 ], [ -45.009638153166577, -21.327801475565682 ] ] ] } },
{ "type": "Feature", "properties": { "id_feicao": "fogo_2017_635", "ano": 2017.0, "mes": 10, "codigo_original": 3, "classe": "Formação Florestal", "cor": "#1f8d49", "area_ha": 0.58349610916674133 }, "geometry": { "type": "Polygon", "coordinates": [ [ [ -45.026885806621671, -21.326723497224734 ], [ -45.026346817451198, -21.326723497224741 ], [ -45.026346817451198, -21.32726248639521 ], [ -45.027155301206903, -21.32726248639521 ], [ -45.027155301206903, -21.326454002639505 ], [ -45.026885806621671, -21.326454002639501 ], [ -45.026885806621671, -21.326723497224734 ] ] ] } },
{ "type": "Feature", "properties": { "id_feicao": "fogo_2017_636", "ano": 2017.0, "mes": 10, "codigo_original": 3, "classe": "Formação Florestal", "cor": "#1f8d49", "area_ha": 0.083356592103280128 }, "geometry": { "type": "Polygon", "coordinates": [ [ [ -45.017722990723655, -21.326723497224741 ], [ -45.017453496138415, -21.32672349722473 ], [ -45.017453496138415, -21.326992991809981 ], [ -45.017722990723655, -21.326992991809973 ], [ -45.017722990723655, -21.326723497224741 ] ] ] } },
{ "type": "Feature", "properties": { "id_feicao": "fogo_2017_637", "ano": 2017.0, "mes": 10, "codigo_original": 3, "classe": "Formação Florestal", "cor": "#1f8d49", "area_ha": 0.3334266649790108 }, "geometry": { "type": "Polygon", "coordinates": [ [ [ -45.016914506967943, -21.326454002639501 ], [ -45.016375517797471, -21.326454002639501 ], [ -45.016375517797471, -21.326723497224737 ], [ -45.01664501238271, -21.326723497224734 ], [ -45.01664501238271, -21.326992991809973 ], [ -45.017184001553183, -21.326992991809973 ], [ -45.017184001553183, -21.326723497224737 ], [ -45.016914506967943, -21.326723497224737 ], [ -45.016914506967943, -21.326454002639501 ] ] ] } },
{ "type": "Feature", "properties": { "id_feicao": "fogo_2017_638", "ano": 2017.0, "mes": 10, "codigo_original": 3, "classe": "Formação Florestal", "cor": "#1f8d49", "area_ha": 0.41678420682074502 }, "geometry": { "type": "Polygon", "coordinates": [ [ [ -44.982419200057755, -21.326454002639498 ], [ -44.982149705472516, -21.326454002639501 ], [ -44.982149705472516, -21.326723497224737 ], [ -44.982958189228228, -21.326723497224737 ], [ -44.982958189228228, -21.326184508054261 ], [ -44.982419200057755, -21.326184508054265 ], [ -44.982419200057755, -21.326454002639498 ] ] ] } },
{ "type": "Feature", "properties": { "id_feicao": "fogo_2017_639", "ano": 2017.0, "mes": 10, "codigo_original": 3, "classe": "Formação Florestal", "cor": "#1f8d49", "area_ha": 0.50014070522002874 }, "geometry": { "type": "Polygon", "coordinates": [ [ [ -45.016375517797471, -21.326184508054265 ], [ -45.015297539456526, -21.326184508054265 ], [ -45.015297539456526, -21.326454002639508 ], [ -45.015028044871293, -21.326454002639501 ], [ -45.015028044871293, -21.326723497224734 ], [ -45.015567034041766, -21.326723497224737 ], [ -45.015567034041766, -21.326454002639501 ], [ -45.016375517797471, -21.326454002639501 ], [ -45.016375517797471, -21.326184508054265 ] ] ] } },
{ "type": "Feature", "properties": { "id_feicao": "fogo_2017_640", "ano": 2017.0, "mes": 10, "codigo_original": 3, "classe": "Formação Florestal", "cor": "#1f8d49", "area_ha": 1.0836441021062433 }, "geometry": { "type": "Polygon", "coordinates": [ [ [ -44.991851510541011, -21.326184508054265 ], [ -44.993198983467188, -21.326184508054268 ], [ -44.993198983467188, -21.3256455188838 ], [ -44.992659994296716, -21.325645518883793 ], [ -44.992659994296716, -21.325376024298556 ], [ -44.991851510541011, -21.325376024298556 ], [ -44.991851510541011, -21.326184508054265 ] ] ] } },
{ "type": "Feature", "properties": { "id_feicao": "fogo_2017_641", "ano": 2017.0, "mes": 10, "codigo_original": 3, "classe": "Formação Florestal", "cor": "#1f8d49", "area_ha": 0.083357343956828117 }, "geometry": { "type": "Polygon", "coordinates": [ [ [ -45.022573893257899, -21.325376024298556 ], [ -45.022304398672659, -21.325376024298556 ], [ -45.022304398672659, -21.325645518883789 ], [ -45.022573893257899, -21.325645518883789 ], [ -45.022573893257899, -21.325376024298556 ] ] ] } },
{ "type": "Feature", "properties": { "id_feicao": "fogo_2017_642", "ano": 2017.0, "mes": 10, "codigo_original": 3, "classe": "Formação Florestal", "cor": "#1f8d49", "area_ha": 0.50014976413045076 }, "geometry": { "type": "Polygon", "coordinates": [ [ [ -45.022304398672659, -21.323759056787146 ], [ -45.022034904087427, -21.32375905678715 ], [ -45.022034904087427, -21.324028551372376 ], [ -45.021226420331715, -21.324028551372379 ], [ -45.021226420331715, -21.324298045957612 ], [ -45.022573893257899, -21.324298045957612 ], [ -45.022573893257899, -21.324028551372379 ], [ -45.022304398672659, -21.324028551372379 ], [ -45.022304398672659, -21.323759056787146 ] ] ] } },
{ "type": "Feature", "properties": { "id_feicao": "fogo_2017_643", "ano": 2017.0, "mes": 10, "codigo_original": 3, "classe": "Formação Florestal", "cor": "#1f8d49", "area_ha": 0.083359878694452341 }, "geometry": { "type": "Polygon", "coordinates": [ [ [ -45.014489055700821, -21.320794616349549 ], [ -45.014219561115588, -21.320794616349552 ], [ -45.014219561115588, -21.321064110934778 ], [ -45.014489055700821, -21.321064110934778 ], [ -45.014489055700821, -21.320794616349549 ] ] ] } },
{ "type": "Feature", "properties": { "id_feicao": "fogo_2017_644", "ano": 2017.0, "mes": 10, "codigo_original": 3, "classe": "Formação Florestal", "cor": "#1f8d49", "area_ha": 0.25008053242638706 }, "geometry": { "type": "Polygon", "coordinates": [ [ [ -45.014219561115588, -21.319986132593844 ], [ -45.013950066530349, -21.319986132593836 ], [ -45.013950066530349, -21.320794616349549 ], [ -45.014219561115588, -21.320794616349552 ], [ -45.014219561115588, -21.319986132593844 ] ] ] } },
{ "type": "Feature", "properties": { "id_feicao": "fogo_2017_645", "ano": 2017.0, "mes": 10, "codigo_original": 3, "classe": "Formação Florestal", "cor": "#1f8d49", "area_ha": 0.75024444068996232 }, "geometry": { "type": "Polygon", "coordinates": [ [ [ -45.007482196484688, -21.320255627179076 ], [ -45.007751691069927, -21.320255627179069 ], [ -45.007751691069927, -21.319447143423361 ], [ -45.00802118565516, -21.319447143423371 ], [ -45.00802118565516, -21.319177648838135 ], [ -45.007212701899455, -21.319177648838135 ], [ -45.007212701899455, -21.319447143423368 ], [ -45.007482196484688, -21.319447143423364 ], [ -45.007482196484688, -21.3197166380086 ], [ -45.007212701899455, -21.319716638008604 ], [ -45.007212701899455, -21.320525121764309 ], [ -45.007482196484688, -21.320525121764316 ], [ -45.007482196484688, -21.320255627179076 ] ] ] } },
{ "type": "Feature", "properties": { "id_feicao": "fogo_2017_646", "ano": 2017.0, "mes": 10, "codigo_original": 3, "classe": "Formação Florestal", "cor": "#1f8d49", "area_ha": 0.25008233217055731 }, "geometry": { "type": "Polygon", "coordinates": [ [ [ -45.016914506967943, -21.318908154252895 ], [ -45.016914506967943, -21.319716638008604 ], [ -45.017184001553183, -21.319716638008604 ], [ -45.017184001553183, -21.318908154252892 ], [ -45.016914506967943, -21.318908154252895 ] ] ] } },
{ "type": "Feature", "properties": { "id_feicao": "fogo_2017_647", "ano": 2017.0, "mes": 10, "codigo_original": 3, "classe": "Formação Florestal", "cor": "#1f8d49", "area_ha": 0.083395362337942883 }, "geometry": { "type": "Polygon", "coordinates": [ [ [ -44.928250788425345, -21.256924399648657 ], [ -44.928250788425345, -21.257193894233883 ], [ -44.928520283010592, -21.257193894233879 ], [ -44.928520283010592, -21.25692439964865 ], [ -44.928250788425345, -21.256924399648657 ] ] ] } },
{ "type": "Feature", "properties": { "id_feicao": "fogo_2017_648", "ano": 2017.0, "mes": 10, "codigo_original": 4, "classe": "Formação Savânica", "cor": "#7dc975", "area_ha": 3.3328844965018334 }, "geometry": { "type": "Polygon", "coordinates": [ [ [ -45.085635626203086, -21.389515735584695 ], [ -45.085366131617853, -21.389515735584688 ], [ -45.085366131617853, -21.388437757243743 ], [ -45.085096637032613, -21.388437757243743 ], [ -45.085096637032613, -21.388707251828983 ], [ -45.084288153276908, -21.38870725182899 ], [ -45.084288153276908, -21.389246240999459 ], [ -45.083749164106436, -21.389246240999459 ], [ -45.083749164106436, -21.389515735584691 ], [ -45.084018658691676, -21.389515735584684 ], [ -45.084018658691676, -21.389785230169931 ], [ -45.084288153276908, -21.389785230169931 ], [ -45.084288153276908, -21.389515735584681 ], [ -45.084557647862141, -21.389515735584688 ], [ -45.084557647862141, -21.388976746414226 ], [ -45.085096637032613, -21.388976746414222 ], [ -45.085096637032613, -21.389515735584684 ], [ -45.084827142447381, -21.389515735584688 ], [ -45.084827142447381, -21.389785230169927 ], [ -45.085096637032613, -21.389785230169931 ], [ -45.085096637032613, -21.390054724755164 ], [ -45.085366131617853, -21.390054724755156 ], [ -45.085366131617853, -21.389785230169927 ], [ -45.08671360454403, -21.389785230169924 ], [ -45.08671360454403, -21.390054724755156 ], [ -45.08698309912927, -21.390054724755164 ], [ -45.08698309912927, -21.389515735584688 ], [ -45.087252593714503, -21.389515735584684 ], [ -45.087252593714503, -21.389246240999455 ], [ -45.08698309912927, -21.389246240999448 ], [ -45.08698309912927, -21.388976746414215 ], [ -45.08671360454403, -21.388976746414215 ], [ -45.08671360454403, -21.388707251828979 ], [ -45.08698309912927, -21.388707251828979 ], [ -45.08698309912927, -21.38843775724375 ], [ -45.086174615373558, -21.388437757243743 ], [ -45.086174615373558, -21.388707251828976 ], [ -45.085635626203086, -21.388707251828979 ], [ -45.085635626203086, -21.389515735584695 ] ] ] } },
{ "type": "Feature", "properties": { "id_feicao": "fogo_2017_649", "ano": 2017.0, "mes": 10, "codigo_original": 4, "classe": "Formação Savânica", "cor": "#7dc975", "area_ha": 0.083351073332397524 }, "geometry": { "type": "Polygon", "coordinates": [ [ [ -45.03092822540021, -21.336694796878469 ], [ -45.03092822540021, -21.336964291463701 ], [ -45.031197719985443, -21.336964291463701 ], [ -45.031197719985443, -21.336694796878458 ], [ -45.03092822540021, -21.336694796878469 ] ] ] } },
{ "type": "Feature", "properties": { "id_feicao": "fogo_2017_650", "ano": 2017.0, "mes": 10, "codigo_original": 4, "classe": "Formação Savânica", "cor": "#7dc975", "area_ha": 0.083351378420672362 }, "geometry": { "type": "Polygon", "coordinates": [ [ [ -45.034970644178749, -21.336155807707982 ], [ -45.034970644178749, -21.336425302293232 ], [ -45.035240138763982, -21.336425302293229 ], [ -45.035240138763982, -21.336155807707986 ], [ -45.034970644178749, -21.336155807707982 ] ] ] } },
{ "type": "Feature", "properties": { "id_feicao": "fogo_2017_651", "ano": 2017.0, "mes": 10, "codigo_original": 4, "classe": "Formação Savânica", "cor": "#7dc975", "area_ha": 0.3334061078364961 }, "geometry": { "type": "Polygon", "coordinates": [ [ [ -45.034431655008277, -21.336425302293229 ], [ -45.034701149593509, -21.336425302293229 ], [ -45.034701149593509, -21.335886313122757 ], [ -45.034431655008277, -21.33588631312276 ], [ -45.034431655008277, -21.335616818537517 ], [ -45.034162160423037, -21.335616818537517 ], [ -45.034162160423037, -21.336155807707993 ], [ -45.034431655008277, -21.336155807707989 ], [ -45.034431655008277, -21.336425302293229 ] ] ] } },
{ "type": "Feature", "properties": { "id_feicao": "fogo_2017_652", "ano": 2017.0, "mes": 10, "codigo_original": 4, "classe": "Formação Savânica", "cor": "#7dc975", "area_ha": 0.16670394121987447 }, "geometry": { "type": "Polygon", "coordinates": [ [ [ -45.03065873081497, -21.335077829367044 ], [ -45.03065873081497, -21.335347323952277 ], [ -45.031197719985443, -21.335347323952281 ], [ -45.031197719985443, -21.335077829367037 ], [ -45.03065873081497, -21.335077829367044 ] ] ] } },
{ "type": "Feature", "properties": { "id_feicao": "fogo_2017_653", "ano": 2017.0, "mes": 10, "codigo_original": 4, "classe": "Formação Savânica", "cor": "#7dc975", "area_ha": 1.3336318316647837 }, "geometry": { "type": "Polygon", "coordinates": [ [ [ -45.037396095445871, -21.335077829367048 ], [ -45.037396095445871, -21.335347323952277 ], [ -45.037126600860631, -21.335347323952281 ], [ -45.037126600860631, -21.335886313122757 ], [ -45.037935084616343, -21.335886313122757 ], [ -45.037935084616343, -21.335347323952281 ], [ -45.038204579201576, -21.335347323952284 ], [ -45.038204579201576, -21.33561681853751 ], [ -45.038474073786816, -21.33561681853752 ], [ -45.038474073786816, -21.334808334781808 ], [ -45.038204579201576, -21.334808334781808 ], [ -45.038204579201576, -21.334269345611343 ], [ -45.037665590031104, -21.334269345611332 ], [ -45.037665590031104, -21.334538840196583 ], [ -45.037935084616343, -21.334538840196572 ], [ -45.037935084616343, -21.335077829367044 ], [ -45.037396095445871, -21.335077829367048 ] ] ] } },
{ "type": "Feature", "properties": { "id_feicao": "fogo_2017_654", "ano": 2017.0, "mes": 10, "codigo_original": 4, "classe": "Formação Savânica", "cor": "#7dc975", "area_ha": 0.33356958760228006 }, "geometry": { "type": "Polygon", "coordinates": [ [ [ -45.044133460076765, -21.262314291353363 ], [ -45.043594470906292, -21.26231429135337 ], [ -45.043594470906292, -21.262044796768134 ], [ -45.04332497632106, -21.26204479676813 ], [ -45.04332497632106, -21.262583785938606 ], [ -45.044133460076765, -21.262583785938599 ], [ -45.044133460076765, -21.262314291353363 ] ] ] } },
{ "type": "Feature", "properties": { "id_feicao": "fogo_2017_655", "ano": 2017.0, "mes": 10, "codigo_original": 4, "classe": "Formação Savânica", "cor": "#7dc975", "area_ha": 0.083350916969089237 }, "geometry": { "type": "Polygon", "coordinates": [ [ [ -45.025538333695494, -21.336964291463705 ], [ -45.025538333695494, -21.337233786048941 ], [ -45.025807828280726, -21.337233786048927 ], [ -45.025807828280726, -21.336964291463698 ], [ -45.025538333695494, -21.336964291463705 ] ] ] } },
{ "type": "Feature", "properties": { "id_feicao": "fogo_2017_656", "ano": 2017.0, "mes": 10, "codigo_original": 4, "classe": "Formação Savânica", "cor": "#7dc975", "area_ha": 0.25005386521070661 }, "geometry": { "type": "Polygon", "coordinates": [ [ [ -45.025807828280726, -21.336425302293222 ], [ -45.025807828280726, -21.336155807707989 ], [ -45.025538333695494, -21.336155807707989 ], [ -45.025538333695494, -21.336694796878458 ], [ -45.026077322865966, -21.336694796878465 ], [ -45.026077322865966, -21.336425302293225 ], [ -45.025807828280726, -21.336425302293222 ] ] ] } },
{ "type": "Feature", "properties": { "id_feicao": "fogo_2017_657", "ano": 2017.0, "mes": 10, "codigo_original": 4, "classe": "Formação Savânica", "cor": "#7dc975", "area_ha": 0.25005476360760637 }, "geometry": { "type": "Polygon", "coordinates": [ [ [ -45.026077322865966, -21.335886313122749 ], [ -45.026077322865966, -21.335616818537517 ], [ -45.025807828280726, -21.335616818537524 ], [ -45.025807828280726, -21.336155807707989 ], [ -45.026346817451198, -21.336155807707986 ], [ -45.026346817451198, -21.335886313122757 ], [ -45.026077322865966, -21.335886313122749 ] ] ] } },
{ "type": "Feature", "properties": { "id_feicao": "fogo_2017_658", "ano": 2017.0, "mes": 10, "codigo_original": 4, "classe": "Formação Savânica", "cor": "#7dc975", "area_ha": 0.33340676561758076 }, "geometry": { "type": "Polygon", "coordinates": [ [ [ -45.03065873081497, -21.335616818537517 ], [ -45.03065873081497, -21.335347323952277 ], [ -45.030119741644498, -21.335347323952281 ], [ -45.030119741644498, -21.336155807707993 ], [ -45.030389236229738, -21.336155807707996 ], [ -45.030389236229738, -21.335616818537517 ], [ -45.03065873081497, -21.335616818537517 ] ] ] } },
{ "type": "Feature", "properties": { "id_feicao": "fogo_2017_659", "ano": 2017.0, "mes": 10, "codigo_original": 4, "classe": "Formação Savânica", "cor": "#7dc975", "area_ha": 0.166706906404647 }, "geometry": { "type": "Polygon", "coordinates": [ [ [ -44.980532737961106, -21.33238288351469 ], [ -44.980532737961106, -21.332652378099926 ], [ -44.981071727131578, -21.332652378099922 ], [ -44.981071727131578, -21.33238288351469 ], [ -44.980532737961106, -21.33238288351469 ] ] ] } },
{ "type": "Feature", "properties": { "id_feicao": "fogo_2017_660", "ano": 2017.0, "mes": 10, "codigo_original": 4, "classe": "Formação Savânica", "cor": "#7dc975", "area_ha": 0.25006081001994523 }, "geometry": { "type": "Polygon", "coordinates": [ [ [ -44.979724254205394, -21.332113388929454 ], [ -44.979724254205394, -21.33238288351469 ], [ -44.980532737961106, -21.33238288351469 ], [ -44.980532737961106, -21.33211338892945 ], [ -44.979724254205394, -21.332113388929454 ] ] ] } },
{ "type": "Feature", "properties": { "id_feicao": "fogo_2017_661", "ano": 2017.0, "mes": 10, "codigo_original": 12, "classe": "Formação Campestre", "cor": "#d6bc74", "area_ha": 0.49990773418505807 }, "geometry": { "type": "Polygon", "coordinates": [ [ [ -45.088330572055447, -21.396792089386061 ], [ -45.088330572055447, -21.396522594800818 ], [ -45.088061077470208, -21.396522594800825 ], [ -45.088061077470208, -21.396253100215585 ], [ -45.087791582884975, -21.396253100215596 ], [ -45.087791582884975, -21.396792089386061 ], [ -45.088061077470208, -21.396792089386061 ], [ -45.088061077470208, -21.397061583971301 ], [ -45.08886956122592, -21.397061583971293 ], [ -45.08886956122592, -21.396792089386057 ], [ -45.088330572055447, -21.396792089386061 ] ] ] } },
{ "type": "Feature", "properties": { "id_feicao": "fogo_2017_662", "ano": 2017.0, "mes": 10, "codigo_original": 12, "classe": "Formação Campestre", "cor": "#d6bc74", "area_ha": 0.41659358222074805 }, "geometry": { "type": "Polygon", "coordinates": [ [ [ -45.091025517907802, -21.395175121874651 ], [ -45.090756023322569, -21.395175121874647 ], [ -45.090756023322569, -21.395714111045116 ], [ -45.091295012493042, -21.39571411104512 ], [ -45.091295012493042, -21.394905627289415 ], [ -45.091025517907802, -21.394905627289404 ], [ -45.091025517907802, -21.395175121874651 ] ] ] } },
{ "type": "Feature", "properties": { "id_feicao": "fogo_2017_663", "ano": 2017.0, "mes": 10, "codigo_original": 12, "classe": "Formação Campestre", "cor": "#d6bc74", "area_ha": 0.16663776188390331 }, "geometry": { "type": "Polygon", "coordinates": [ [ [ -45.090756023322569, -21.394905627289411 ], [ -45.090217034152097, -21.394905627289408 ], [ -45.090217034152097, -21.395175121874654 ], [ -45.090756023322569, -21.395175121874647 ], [ -45.090756023322569, -21.394905627289411 ] ] ] } },
{ "type": "Feature", "properties": { "id_feicao": "fogo_2017_664", "ano": 2017.0, "mes": 10, "codigo_original": 12, "classe": "Formação Campestre", "cor": "#d6bc74", "area_ha": 0.33327636277442796 }, "geometry": { "type": "Polygon", "coordinates": [ [ [ -45.089408550396392, -21.394636132704175 ], [ -45.089947539566865, -21.394636132704175 ], [ -45.089947539566865, -21.394905627289408 ], [ -45.090217034152097, -21.394905627289408 ], [ -45.090217034152097, -21.394366638118935 ], [ -45.089408550396392, -21.394366638118939 ], [ -45.089408550396392, -21.394636132704175 ] ] ] } },
{ "type": "Feature", "properties": { "id_feicao": "fogo_2017_665", "ano": 2017.0, "mes": 10, "codigo_original": 12, "classe": "Formação Campestre", "cor": "#d6bc74", "area_ha": 0.41660531217269597 }, "geometry": { "type": "Polygon", "coordinates": [ [ [ -45.105308730925309, -21.391402197681344 ], [ -45.105578225510541, -21.391402197681341 ], [ -45.105578225510541, -21.391671692266577 ], [ -45.105847720095774, -21.391671692266574 ], [ -45.105847720095774, -21.390863208510872 ], [ -45.105308730925309, -21.390863208510872 ], [ -45.105308730925309, -21.391402197681344 ] ] ] } },
{ "type": "Feature", "properties": { "id_feicao": "fogo_2017_666", "ano": 2017.0, "mes": 10, "codigo_original": 12, "classe": "Formação Campestre", "cor": "#d6bc74", "area_ha": 0.083321278711594643 }, "geometry": { "type": "Polygon", "coordinates": [ [ [ -45.090217034152097, -21.390593713925636 ], [ -45.089947539566865, -21.390593713925639 ], [ -45.089947539566865, -21.390863208510869 ], [ -45.090217034152097, -21.390863208510879 ], [ -45.090217034152097, -21.390593713925636 ] ] ] } },
{ "type": "Feature", "properties": { "id_feicao": "fogo_2017_667", "ano": 2017.0, "mes": 10, "codigo_original": 12, "classe": "Formação Campestre", "cor": "#d6bc74", "area_ha": 0.41660740234553811 }, "geometry": { "type": "Polygon", "coordinates": [ [ [ -45.090217034152097, -21.390593713925636 ], [ -45.090756023322569, -21.390593713925632 ], [ -45.090756023322569, -21.390324219340396 ], [ -45.091025517907802, -21.3903242193404 ], [ -45.091025517907802, -21.390054724755167 ], [ -45.090217034152097, -21.390054724755156 ], [ -45.090217034152097, -21.390593713925636 ] ] ] } },
{ "type": "Feature", "properties": { "id_feicao": "fogo_2017_668", "ano": 2017.0, "mes": 10, "codigo_original": 12, "classe": "Formação Campestre", "cor": "#d6bc74", "area_ha": 2.3330130999810512 }, "geometry": { "type": "Polygon", "coordinates": [ [ [ -45.08860006664068, -21.389785230169924 ], [ -45.08860006664068, -21.390054724755164 ], [ -45.089139055811152, -21.39005472475516 ], [ -45.089139055811152, -21.390324219340393 ], [ -45.08886956122592, -21.390324219340389 ], [ -45.08886956122592, -21.390593713925632 ], [ -45.08860006664068, -21.390593713925636 ], [ -45.08860006664068, -21.390863208510879 ], [ -45.089139055811152, -21.390863208510879 ], [ -45.089139055811152, -21.390593713925632 ], [ -45.089408550396392, -21.390593713925632 ], [ -45.089408550396392, -21.3903242193404 ], [ -45.089947539566865, -21.390324219340396 ], [ -45.089947539566865, -21.390054724755156 ], [ -45.090217034152097, -21.390054724755156 ], [ -45.090217034152097, -21.389785230169924 ], [ -45.089947539566865, -21.389785230169927 ], [ -45.089947539566865, -21.388976746414222 ], [ -45.089678044981625, -21.388976746414222 ], [ -45.089678044981625, -21.388707251828983 ], [ -45.089408550396392, -21.388707251828983 ], [ -45.089408550396392, -21.388437757243743 ], [ -45.08886956122592, -21.388437757243739 ], [ -45.08886956122592, -21.388707251828979 ], [ -45.08860006664068, -21.38870725182899 ], [ -45.08860006664068, -21.388976746414222 ], [ -45.089139055811152, -21.388976746414219 ], [ -45.089139055811152, -21.389785230169931 ], [ -45.08860006664068, -21.389785230169924 ] ] ] } },
{ "type": "Feature", "properties": { "id_feicao": "fogo_2017_669", "ano": 2017.0, "mes": 10, "codigo_original": 12, "classe": "Formação Campestre", "cor": "#d6bc74", "area_ha": 0.16664406008832156 }, "geometry": { "type": "Polygon", "coordinates": [ [ [ -45.090756023322569, -21.389246240999459 ], [ -45.090217034152097, -21.389246240999459 ], [ -45.090217034152097, -21.389515735584688 ], [ -45.090756023322569, -21.389515735584691 ], [ -45.090756023322569, -21.389246240999459 ] ] ] } },
{ "type": "Feature", "properties": { "id_feicao": "fogo_2017_670", "ano": 2017.0, "mes": 10, "codigo_original": 12, "classe": "Formação Campestre", "cor": "#d6bc74", "area_ha": 0.16664478579368441 }, "geometry": { "type": "Polygon", "coordinates": [ [ [ -45.105308730925309, -21.388707251828983 ], [ -45.104769741754836, -21.388707251828983 ], [ -45.104769741754836, -21.388976746414219 ], [ -45.105308730925309, -21.388976746414226 ], [ -45.105308730925309, -21.388707251828983 ] ] ] } },
{ "type": "Feature", "properties": { "id_feicao": "fogo_2017_671", "ano": 2017.0, "mes": 10, "codigo_original": 12, "classe": "Formação Campestre", "cor": "#d6bc74", "area_ha": 0.4999361946128309 }, "geometry": { "type": "Polygon", "coordinates": [ [ [ -45.104230752584364, -21.388707251828979 ], [ -45.104500247169597, -21.388707251828979 ], [ -45.104500247169597, -21.388168262658507 ], [ -45.105308730925309, -21.38816826265851 ], [ -45.105308730925309, -21.387898768073274 ], [ -45.104230752584364, -21.387898768073271 ], [ -45.104230752584364, -21.388707251828979 ] ] ] } },
{ "type": "Feature", "properties": { "id_feicao": "fogo_2017_672", "ano": 2017.0, "mes": 10, "codigo_original": 12, "classe": "Formação Campestre", "cor": "#d6bc74", "area_ha": 0.3332921684340574 }, "geometry": { "type": "Polygon", "coordinates": [ [ [ -45.101805301317242, -21.387629273488034 ], [ -45.102344290487714, -21.387629273488049 ], [ -45.102344290487714, -21.387898768073271 ], [ -45.102613785072947, -21.387898768073274 ], [ -45.102613785072947, -21.387359778902802 ], [ -45.101805301317242, -21.387359778902805 ], [ -45.101805301317242, -21.387629273488034 ] ] ] } },
{ "type": "Feature", "properties": { "id_feicao": "fogo_2017_673", "ano": 2017.0, "mes": 10, "codigo_original": 12, "classe": "Formação Campestre", "cor": "#d6bc74", "area_ha": 0.083323074743710465 }, "geometry": { "type": "Polygon", "coordinates": [ [ [ -45.089408550396392, -21.387359778902805 ], [ -45.089139055811152, -21.387359778902805 ], [ -45.089139055811152, -21.387629273488034 ], [ -45.089408550396392, -21.387629273488045 ], [ -45.089408550396392, -21.387359778902805 ] ] ] } },
{ "type": "Feature", "properties": { "id_feicao": "fogo_2017_674", "ano": 2017.0, "mes": 10, "codigo_original": 12, "classe": "Formação Campestre", "cor": "#d6bc74", "area_ha": 0.083327043144218627 }, "geometry": { "type": "Polygon", "coordinates": [ [ [ -45.105847720095774, -21.380352919686672 ], [ -45.105578225510541, -21.380352919686676 ], [ -45.105578225510541, -21.380622414271901 ], [ -45.105847720095774, -21.380622414271901 ], [ -45.105847720095774, -21.380352919686672 ] ] ] } },
{ "type": "Feature", "properties": { "id_feicao": "fogo_2017_675", "ano": 2017.0, "mes": 10, "codigo_original": 12, "classe": "Formação Campestre", "cor": "#d6bc74", "area_ha": 0.24998110691119274 }, "geometry": { "type": "Polygon", "coordinates": [ [ [ -45.104500247169597, -21.380622414271905 ], [ -45.104500247169597, -21.380352919686672 ], [ -45.103691763413892, -21.380352919686668 ], [ -45.103691763413892, -21.380622414271908 ], [ -45.104500247169597, -21.380622414271905 ] ] ] } },
{ "type": "Feature", "properties": { "id_feicao": "fogo_2017_676", "ano": 2017.0, "mes": 10, "codigo_original": 12, "classe": "Formação Campestre", "cor": "#d6bc74", "area_ha": 0.083356303368881349 }, "geometry": { "type": "Polygon", "coordinates": [ [ [ -45.166753496359078, -21.328340464736151 ], [ -45.166484001773846, -21.328340464736147 ], [ -45.166484001773846, -21.328609959321383 ], [ -45.166753496359078, -21.328609959321383 ], [ -45.166753496359078, -21.328340464736151 ] ] ] } },
{ "type": "Feature", "properties": { "id_feicao": "fogo_2017_677", "ano": 2017.0, "mes": 10, "codigo_original": 12, "classe": "Formação Campestre", "cor": "#d6bc74", "area_ha": 0.0833562993966043 }, "geometry": { "type": "Polygon", "coordinates": [ [ [ -45.166214507188606, -21.328340464736147 ], [ -45.165945012603373, -21.328340464736144 ], [ -45.165945012603373, -21.328609959321383 ], [ -45.166214507188606, -21.328609959321387 ], [ -45.166214507188606, -21.328340464736147 ] ] ] } },
{ "type": "Feature", "properties": { "id_feicao": "fogo_2017_678", "ano": 2017.0, "mes": 10, "codigo_original": 12, "classe": "Formação Campestre", "cor": "#d6bc74", "area_ha": 0.25028644536808131 }, "geometry": { "type": "Polygon", "coordinates": [ [ [ -45.116627503505214, -21.19709660172629 ], [ -45.117166492675686, -21.19709660172629 ], [ -45.117166492675686, -21.196827107141051 ], [ -45.116896998090446, -21.196827107141051 ], [ -45.116896998090446, -21.196557612555811 ], [ -45.116627503505214, -21.196557612555821 ], [ -45.116627503505214, -21.19709660172629 ] ] ] } },
{ "type": "Feature", "properties": { "id_feicao": "fogo_2017_679", "ano": 2017.0, "mes": 10, "codigo_original": 12, "classe": "Formação Campestre", "cor": "#d6bc74", "area_ha": 0.083429041475243867 }, "geometry": { "type": "Polygon", "coordinates": [ [ [ -45.117166492675686, -21.196288117970582 ], [ -45.116896998090446, -21.196288117970578 ], [ -45.116896998090446, -21.196557612555811 ], [ -45.117166492675686, -21.196557612555811 ], [ -45.117166492675686, -21.196288117970582 ] ] ] } },
{ "type": "Feature", "properties": { "id_feicao": "fogo_2017_680", "ano": 2017.0, "mes": 10, "codigo_original": 12, "classe": "Formação Campestre", "cor": "#d6bc74", "area_ha": 0.083433344149962063 }, "geometry": { "type": "Polygon", "coordinates": [ [ [ -45.115819019749502, -21.18847277499874 ], [ -45.115549525164269, -21.188472774998747 ], [ -45.115549525164269, -21.188742269583976 ], [ -45.115819019749502, -21.188742269583976 ], [ -45.115819019749502, -21.18847277499874 ] ] ] } },
{ "type": "Feature", "properties": { "id_feicao": "fogo_2017_681", "ano": 2017.0, "mes": 10, "codigo_original": 12, "classe": "Formação Campestre", "cor": "#d6bc74", "area_ha": 0.083434192920662467 }, "geometry": { "type": "Polygon", "coordinates": [ [ [ -45.107195193021958, -21.18685580748733 ], [ -45.106925698436719, -21.186855807487319 ], [ -45.106925698436719, -21.187125302072555 ], [ -45.107195193021958, -21.187125302072559 ], [ -45.107195193021958, -21.18685580748733 ] ] ] } },
{ "type": "Feature", "properties": { "id_feicao": "fogo_2017_682", "ano": 2017.0, "mes": 10, "codigo_original": 12, "classe": "Formação Campestre", "cor": "#d6bc74", "area_ha": 0.16686898913516707 }, "geometry": { "type": "Polygon", "coordinates": [ [ [ -45.108273171362903, -21.186586312902079 ], [ -45.108273171362903, -21.186316818316854 ], [ -45.107734182192431, -21.186316818316854 ], [ -45.107734182192431, -21.18658631290209 ], [ -45.108273171362903, -21.186586312902079 ] ] ] } },
{ "type": "Feature", "properties": { "id_feicao": "fogo_2017_683", "ano": 2017.0, "mes": 10, "codigo_original": 12, "classe": "Formação Campestre", "cor": "#d6bc74", "area_ha": 0.08343449134286493 }, "geometry": { "type": "Polygon", "coordinates": [ [ [ -45.107464687607191, -21.186316818316861 ], [ -45.107195193021958, -21.18631681831685 ], [ -45.107195193021958, -21.186586312902094 ], [ -45.107464687607191, -21.186586312902087 ], [ -45.107464687607191, -21.186316818316861 ] ] ] } },
{ "type": "Feature", "properties": { "id_feicao": "fogo_2017_684", "ano": 2017.0, "mes": 10, "codigo_original": 12, "classe": "Formação Campestre", "cor": "#d6bc74", "area_ha": 0.25030440448485314 }, "geometry": { "type": "Polygon", "coordinates": [ [ [ -45.110429128044785, -21.185777829146382 ], [ -45.10962064428908, -21.185777829146385 ], [ -45.10962064428908, -21.186047323731618 ], [ -45.110429128044785, -21.186047323731618 ], [ -45.110429128044785, -21.185777829146382 ] ] ] } },
{ "type": "Feature", "properties": { "id_feicao": "fogo_2017_685", "ano": 2017.0, "mes": 10, "codigo_original": 12, "classe": "Formação Campestre", "cor": "#d6bc74", "area_ha": 0.16686994175016881 }, "geometry": { "type": "Polygon", "coordinates": [ [ [ -45.114471546823324, -21.185508334561153 ], [ -45.113932557652852, -21.185508334561149 ], [ -45.113932557652852, -21.185777829146392 ], [ -45.114471546823324, -21.185777829146385 ], [ -45.114471546823324, -21.185508334561153 ] ] ] } },
{ "type": "Feature", "properties": { "id_feicao": "fogo_2017_686", "ano": 2017.0, "mes": 10, "codigo_original": 12, "classe": "Formação Campestre", "cor": "#d6bc74", "area_ha": 0.16686992545006796 }, "geometry": { "type": "Polygon", "coordinates": [ [ [ -45.112854579311907, -21.185508334561142 ], [ -45.112315590141435, -21.185508334561149 ], [ -45.112315590141435, -21.185777829146378 ], [ -45.112854579311907, -21.185777829146385 ], [ -45.112854579311907, -21.185508334561142 ] ] ] } },
{ "type": "Feature", "properties": { "id_feicao": "fogo_2017_687", "ano": 2017.0, "mes": 10, "codigo_original": 12, "classe": "Formação Campestre", "cor": "#d6bc74", "area_ha": 0.41717477679941806 }, "geometry": { "type": "Polygon", "coordinates": [ [ [ -45.111776600970963, -21.185508334561156 ], [ -45.110429128044785, -21.185508334561145 ], [ -45.110429128044785, -21.185777829146382 ], [ -45.111776600970963, -21.185777829146389 ], [ -45.111776600970963, -21.185508334561156 ] ] ] } },
{ "type": "Feature", "properties": { "id_feicao": "fogo_2017_688", "ano": 2017.0, "mes": 10, "codigo_original": 12, "classe": "Formação Campestre", "cor": "#d6bc74", "area_ha": 0.16687023069579154 }, "geometry": { "type": "Polygon", "coordinates": [ [ [ -45.113663063067619, -21.185238839975913 ], [ -45.113124073897147, -21.185238839975913 ], [ -45.113124073897147, -21.185508334561153 ], [ -45.113663063067619, -21.185508334561156 ], [ -45.113663063067619, -21.185238839975913 ] ] ] } },
{ "type": "Feature", "properties": { "id_feicao": "fogo_2017_689", "ano": 2017.0, "mes": 10, "codigo_original": 12, "classe": "Formação Campestre", "cor": "#d6bc74", "area_ha": 0.1668705552993246 }, "geometry": { "type": "Polygon", "coordinates": [ [ [ -45.116358008919974, -21.185238839975913 ], [ -45.116358008919974, -21.184969345390677 ], [ -45.115819019749502, -21.18496934539068 ], [ -45.115819019749502, -21.185238839975916 ], [ -45.116358008919974, -21.185238839975913 ] ] ] } },
{ "type": "Feature", "properties": { "id_feicao": "fogo_2017_690", "ano": 2017.0, "mes": 10, "codigo_original": 12, "classe": "Formação Campestre", "cor": "#d6bc74", "area_ha": 0.16663679232671857 }, "geometry": { "type": "Polygon", "coordinates": [ [ [ -45.081593207424547, -21.395714111045116 ], [ -45.081054218254089, -21.395714111045113 ], [ -45.081054218254089, -21.395983605630356 ], [ -45.081593207424547, -21.395983605630352 ], [ -45.081593207424547, -21.395714111045116 ] ] ] } },
{ "type": "Feature", "properties": { "id_feicao": "fogo_2017_691", "ano": 2017.0, "mes": 10, "codigo_original": 12, "classe": "Formação Campestre", "cor": "#d6bc74", "area_ha": 0.08331838898006827 }, "geometry": { "type": "Polygon", "coordinates": [ [ [ -45.079437250742671, -21.39571411104512 ], [ -45.079167756157425, -21.395714111045113 ], [ -45.079167756157425, -21.395983605630349 ], [ -45.079437250742671, -21.395983605630345 ], [ -45.079437250742671, -21.39571411104512 ] ] ] } },
{ "type": "Feature", "properties": { "id_feicao": "fogo_2017_692", "ano": 2017.0, "mes": 10, "codigo_original": 12, "classe": "Formação Campestre", "cor": "#d6bc74", "area_ha": 0.083319611378293482 }, "geometry": { "type": "Polygon", "coordinates": [ [ [ -45.085635626203086, -21.393558154363234 ], [ -45.085366131617853, -21.393558154363234 ], [ -45.085366131617853, -21.393827648948459 ], [ -45.085635626203086, -21.393827648948456 ], [ -45.085635626203086, -21.393558154363234 ] ] ] } },
{ "type": "Feature", "properties": { "id_feicao": "fogo_2017_693", "ano": 2017.0, "mes": 10, "codigo_original": 12, "classe": "Formação Campestre", "cor": "#d6bc74", "area_ha": 0.083319571375660595 }, "geometry": { "type": "Polygon", "coordinates": [ [ [ -45.074316853623181, -21.39355815436323 ], [ -45.074047359037948, -21.393558154363234 ], [ -45.074047359037948, -21.393827648948463 ], [ -45.074316853623181, -21.393827648948459 ], [ -45.074316853623181, -21.39355815436323 ] ] ] } },
{ "type": "Feature", "properties": { "id_feicao": "fogo_2017_694", "ano": 2017.0, "mes": 10, "codigo_original": 12, "classe": "Formação Campestre", "cor": "#d6bc74", "area_ha": 0.083319769613165409 }, "geometry": { "type": "Polygon", "coordinates": [ [ [ -45.087791582884975, -21.393288659777994 ], [ -45.087522088299735, -21.393288659777991 ], [ -45.087522088299735, -21.393558154363227 ], [ -45.087791582884975, -21.393558154363234 ], [ -45.087791582884975, -21.393288659777994 ] ] ] } },
{ "type": "Feature", "properties": { "id_feicao": "fogo_2017_695", "ano": 2017.0, "mes": 10, "codigo_original": 12, "classe": "Formação Campestre", "cor": "#d6bc74", "area_ha": 0.66655772230681032 }, "geometry": { "type": "Polygon", "coordinates": [ [ [ -45.077011799475542, -21.393827648948456 ], [ -45.077281294060782, -21.39382764894847 ], [ -45.077281294060782, -21.393288659777991 ], [ -45.077011799475542, -21.393288659777998 ], [ -45.077011799475542, -21.393019165192751 ], [ -45.076203315719837, -21.393019165192754 ], [ -45.076203315719837, -21.393288659777991 ], [ -45.07647281030507, -21.393288659777991 ], [ -45.07647281030507, -21.39382764894847 ], [ -45.07674230489031, -21.393827648948459 ], [ -45.07674230489031, -21.39355815436323 ], [ -45.077011799475542, -21.39355815436323 ], [ -45.077011799475542, -21.393827648948456 ] ] ] } },
{ "type": "Feature", "properties": { "id_feicao": "fogo_2017_696", "ano": 2017.0, "mes": 10, "codigo_original": 12, "classe": "Formação Campestre", "cor": "#d6bc74", "area_ha": 0.083319727619635575 }, "geometry": { "type": "Polygon", "coordinates": [ [ [ -45.076203315719837, -21.393558154363234 ], [ -45.076203315719837, -21.393288659777991 ], [ -45.075933821134598, -21.393288659778001 ], [ -45.075933821134598, -21.393558154363234 ], [ -45.076203315719837, -21.393558154363234 ] ] ] } },
{ "type": "Feature", "properties": { "id_feicao": "fogo_2017_697", "ano": 2017.0, "mes": 10, "codigo_original": 12, "classe": "Formação Campestre", "cor": "#d6bc74", "area_ha": 0.2499591534834355 }, "geometry": { "type": "Polygon", "coordinates": [ [ [ -45.073238875282236, -21.393019165192761 ], [ -45.072969380697003, -21.393019165192751 ], [ -45.072969380697003, -21.393827648948466 ], [ -45.073238875282236, -21.39382764894847 ], [ -45.073238875282236, -21.393019165192761 ] ] ] } },
{ "type": "Feature", "properties": { "id_feicao": "fogo_2017_698", "ano": 2017.0, "mes": 10, "codigo_original": 12, "classe": "Formação Campestre", "cor": "#d6bc74", "area_ha": 0.083319876678753638 }, "geometry": { "type": "Polygon", "coordinates": [ [ [ -45.075933821134598, -21.393019165192754 ], [ -45.075664326549365, -21.393019165192754 ], [ -45.075664326549365, -21.393288659777994 ], [ -45.075933821134598, -21.393288659778001 ], [ -45.075933821134598, -21.393019165192754 ] ] ] } },
{ "type": "Feature", "properties": { "id_feicao": "fogo_2017_699", "ano": 2017.0, "mes": 10, "codigo_original": 12, "classe": "Formação Campestre", "cor": "#d6bc74", "area_ha": 0.083319869544450198 }, "geometry": { "type": "Polygon", "coordinates": [ [ [ -45.073777864452708, -21.393019165192751 ], [ -45.073508369867476, -21.393019165192761 ], [ -45.073508369867476, -21.393288659777998 ], [ -45.073777864452708, -21.393288659777998 ], [ -45.073777864452708, -21.393019165192751 ] ] ] } },
{ "type": "Feature", "properties": { "id_feicao": "fogo_2017_700", "ano": 2017.0, "mes": 10, "codigo_original": 12, "classe": "Formação Campestre", "cor": "#d6bc74", "area_ha": 0.16663989257887005 }, "geometry": { "type": "Polygon", "coordinates": [ [ [ -45.074316853623181, -21.392749670607515 ], [ -45.074047359037948, -21.392749670607522 ], [ -45.074047359037948, -21.393288659778001 ], [ -45.074316853623181, -21.393288659777994 ], [ -45.074316853623181, -21.392749670607515 ] ] ] } },
{ "type": "Feature", "properties": { "id_feicao": "fogo_2017_701", "ano": 2017.0, "mes": 10, "codigo_original": 12, "classe": "Formação Campestre", "cor": "#d6bc74", "area_ha": 0.083320067452918742 }, "geometry": { "type": "Polygon", "coordinates": [ [ [ -45.087252593714503, -21.392749670607522 ], [ -45.08698309912927, -21.392749670607522 ], [ -45.08698309912927, -21.393019165192754 ], [ -45.087252593714503, -21.393019165192751 ], [ -45.087252593714503, -21.392749670607522 ] ] ] } },
{ "type": "Feature", "properties": { "id_feicao": "fogo_2017_702", "ano": 2017.0, "mes": 10, "codigo_original": 12, "classe": "Formação Campestre", "cor": "#d6bc74", "area_ha": 0.66656231842003766 }, "geometry": { "type": "Polygon", "coordinates": [ [ [ -45.08671360454403, -21.39194118685181 ], [ -45.086174615373558, -21.391941186851803 ], [ -45.086174615373558, -21.393019165192761 ], [ -45.08671360454403, -21.393019165192761 ], [ -45.08671360454403, -21.39194118685181 ] ] ] } },
{ "type": "Feature", "properties": { "id_feicao": "fogo_2017_703", "ano": 2017.0, "mes": 10, "codigo_original": 12, "classe": "Formação Campestre", "cor": "#d6bc74", "area_ha": 0.083320816200647962 }, "geometry": { "type": "Polygon", "coordinates": [ [ [ -45.08698309912927, -21.391671692266581 ], [ -45.08698309912927, -21.391402197681337 ], [ -45.08671360454403, -21.391402197681337 ], [ -45.08671360454403, -21.391671692266574 ], [ -45.08698309912927, -21.391671692266581 ] ] ] } },
{ "type": "Feature", "properties": { "id_feicao": "fogo_2017_704", "ano": 2017.0, "mes": 10, "codigo_original": 12, "classe": "Formação Campestre", "cor": "#d6bc74", "area_ha": 37.410978719494004 }, "geometry": { "type": "Polygon", "coordinates": [ [ [ -45.079976239913144, -21.389785230169931 ], [ -45.079976239913144, -21.390054724755164 ], [ -45.079437250742671, -21.390054724755164 ], [ -45.079437250742671, -21.390324219340389 ], [ -45.079167756157425, -21.390324219340403 ], [ -45.079167756157425, -21.393827648948459 ], [ -45.079437250742671, -21.393827648948456 ], [ -45.079437250742671, -21.394097143533703 ], [ -45.080784723668842, -21.394097143533699 ], [ -45.080784723668842, -21.394636132704175 ], [ -45.081054218254089, -21.394636132704175 ], [ -45.081054218254089, -21.394366638118932 ], [ -45.081323712839314, -21.394366638118932 ], [ -45.081323712839314, -21.394636132704171 ], [ -45.081593207424547, -21.394636132704175 ], [ -45.081593207424547, -21.394366638118939 ], [ -45.082132196595019, -21.394366638118939 ], [ -45.082132196595019, -21.394636132704164 ], [ -45.081862702009786, -21.394636132704175 ], [ -45.081862702009786, -21.395175121874637 ], [ -45.082132196595019, -21.395175121874637 ], [ -45.082132196595019, -21.3949056272894 ], [ -45.082940680350731, -21.3949056272894 ], [ -45.082940680350731, -21.395175121874647 ], [ -45.083210174935964, -21.395175121874637 ], [ -45.083210174935964, -21.39544461645988 ], [ -45.082940680350731, -21.395444616459887 ], [ -45.082940680350731, -21.39571411104512 ], [ -45.083749164106436, -21.395714111045109 ], [ -45.083749164106436, -21.394636132704168 ], [ -45.085366131617853, -21.394636132704168 ], [ -45.085366131617853, -21.394366638118935 ], [ -45.085096637032613, -21.394366638118935 ], [ -45.085096637032613, -21.393558154363227 ], [ -45.085366131617853, -21.393558154363234 ], [ -45.085366131617853, -21.393288659777998 ], [ -45.085635626203086, -21.393288659777994 ], [ -45.085635626203086, -21.393019165192747 ], [ -45.085366131617853, -21.393019165192751 ], [ -45.085366131617853, -21.392480176022282 ], [ -45.084288153276908, -21.392480176022289 ], [ -45.084288153276908, -21.392210681437046 ], [ -45.084018658691676, -21.392210681437046 ], [ -45.084018658691676, -21.391941186851813 ], [ -45.084288153276908, -21.39194118685181 ], [ -45.084288153276908, -21.391671692266581 ], [ -45.084557647862141, -21.391671692266577 ], [ -45.084557647862141, -21.391132703096105 ], [ -45.084288153276908, -21.391132703096108 ], [ -45.084288153276908, -21.390863208510879 ], [ -45.085096637032613, -21.390863208510872 ], [ -45.085096637032613, -21.390593713925643 ], [ -45.085366131617853, -21.390593713925632 ], [ -45.085366131617853, -21.390054724755156 ], [ -45.085096637032613, -21.390054724755164 ], [ -45.085096637032613, -21.389785230169931 ], [ -45.084827142447381, -21.389785230169927 ], [ -45.084827142447381, -21.389515735584688 ], [ -45.085096637032613, -21.389515735584684 ], [ -45.085096637032613, -21.388976746414222 ], [ -45.084557647862141, -21.388976746414226 ], [ -45.084557647862141, -21.389515735584688 ], [ -45.084288153276908, -21.389515735584681 ], [ -45.084288153276908, -21.389785230169931 ], [ -45.084018658691676, -21.389785230169931 ], [ -45.084018658691676, -21.389515735584684 ], [ -45.083749164106436, -21.389515735584691 ], [ -45.083749164106436, -21.389246240999459 ], [ -45.084288153276908, -21.389246240999459 ], [ -45.084288153276908, -21.38870725182899 ], [ -45.085096637032613, -21.388707251828983 ], [ -45.085096637032613, -21.388437757243743 ], [ -45.085366131617853, -21.388437757243743 ], [ -45.085366131617853, -21.388707251828979 ], [ -45.085635626203086, -21.388707251828979 ], [ -45.085635626203086, -21.388437757243739 ], [ -45.085905120788325, -21.388437757243736 ], [ -45.085905120788325, -21.387359778902795 ], [ -45.085635626203086, -21.387359778902805 ], [ -45.085635626203086, -21.38816826265851 ], [ -45.082940680350731, -21.38816826265851 ], [ -45.082940680350731, -21.387898768073274 ], [ -45.082132196595019, -21.387898768073278 ], [ -45.082132196595019, -21.389515735584688 ], [ -45.080245734498369, -21.389515735584695 ], [ -45.080245734498369, -21.389785230169924 ], [ -45.079976239913144, -21.389785230169931 ] ], [ [ -45.081593207424547, -21.39382764894847 ], [ -45.081862702009786, -21.393827648948459 ], [ -45.081862702009786, -21.394097143533699 ], [ -45.081593207424547, -21.394097143533692 ], [ -45.081593207424547, -21.39382764894847 ] ], [ [ -45.079706745327897, -21.391941186851806 ], [ -45.079976239913144, -21.391941186851806 ], [ -45.079976239913144, -21.392480176022289 ], [ -45.079706745327897, -21.392480176022282 ], [ -45.079706745327897, -21.392749670607515 ], [ -45.079437250742671, -21.392749670607525 ], [ -45.079437250742671, -21.392210681437046 ], [ -45.079706745327897, -21.392210681437053 ], [ -45.079706745327897, -21.391941186851806 ] ], [ [ -45.081862702009786, -21.391132703096105 ], [ -45.082132196595019, -21.391132703096112 ], [ -45.082132196595019, -21.391671692266574 ], [ -45.081862702009786, -21.391671692266574 ], [ -45.081862702009786, -21.391132703096105 ] ], [ [ -45.083210174935964, -21.390054724755153 ], [ -45.083479669521203, -21.390054724755156 ], [ -45.083479669521203, -21.3903242193404 ], [ -45.083210174935964, -21.390324219340393 ], [ -45.083210174935964, -21.390054724755153 ] ] ] } },
{ "type": "Feature", "properties": { "id_feicao": "fogo_2017_705", "ano": 2017.0, "mes": 10, "codigo_original": 12, "classe": "Formação Campestre", "cor": "#d6bc74", "area_ha": 0.16664268620032818 }, "geometry": { "type": "Polygon", "coordinates": [ [ [ -45.087522088299735, -21.390324219340389 ], [ -45.087252593714503, -21.3903242193404 ], [ -45.087252593714503, -21.390863208510879 ], [ -45.087522088299735, -21.390863208510872 ], [ -45.087522088299735, -21.390324219340389 ] ] ] } },
{ "type": "Feature", "properties": { "id_feicao": "fogo_2017_706", "ano": 2017.0, "mes": 10, "codigo_original": 12, "classe": "Formação Campestre", "cor": "#d6bc74", "area_ha": 0.083321571162249891 }, "geometry": { "type": "Polygon", "coordinates": [ [ [ -45.088330572055447, -21.390054724755156 ], [ -45.088061077470208, -21.390054724755167 ], [ -45.088061077470208, -21.390324219340396 ], [ -45.088330572055447, -21.390324219340393 ], [ -45.088330572055447, -21.390054724755156 ] ] ] } },
{ "type": "Feature", "properties": { "id_feicao": "fogo_2017_707", "ano": 2017.0, "mes": 10, "codigo_original": 12, "classe": "Formação Campestre", "cor": "#d6bc74", "area_ha": 0.083321566978376352 }, "geometry": { "type": "Polygon", "coordinates": [ [ [ -45.087252593714503, -21.39005472475516 ], [ -45.08698309912927, -21.390054724755164 ], [ -45.08698309912927, -21.390324219340393 ], [ -45.087252593714503, -21.3903242193404 ], [ -45.087252593714503, -21.39005472475516 ] ] ] } },
{ "type": "Feature", "properties": { "id_feicao": "fogo_2017_708", "ano": 2017.0, "mes": 10, "codigo_original": 12, "classe": "Formação Campestre", "cor": "#d6bc74", "area_ha": 0.083321720051113518 }, "geometry": { "type": "Polygon", "coordinates": [ [ [ -45.088061077470208, -21.389785230169938 ], [ -45.087791582884975, -21.389785230169927 ], [ -45.087791582884975, -21.390054724755167 ], [ -45.088061077470208, -21.390054724755167 ], [ -45.088061077470208, -21.389785230169938 ] ] ] } },
{ "type": "Feature", "properties": { "id_feicao": "fogo_2017_709", "ano": 2017.0, "mes": 10, "codigo_original": 12, "classe": "Formação Campestre", "cor": "#d6bc74", "area_ha": 0.24996513529438524 }, "geometry": { "type": "Polygon", "coordinates": [ [ [ -45.086174615373558, -21.389785230169924 ], [ -45.085366131617853, -21.389785230169927 ], [ -45.085366131617853, -21.390054724755156 ], [ -45.086174615373558, -21.390054724755156 ], [ -45.086174615373558, -21.389785230169924 ] ] ] } },
{ "type": "Feature", "properties": { "id_feicao": "fogo_2017_710", "ano": 2017.0, "mes": 10, "codigo_original": 12, "classe": "Formação Campestre", "cor": "#d6bc74", "area_ha": 0.083321866863298788 }, "geometry": { "type": "Polygon", "coordinates": [ [ [ -45.087252593714503, -21.38978523016992 ], [ -45.087252593714503, -21.389515735584684 ], [ -45.08698309912927, -21.389515735584688 ], [ -45.08698309912927, -21.389785230169931 ], [ -45.087252593714503, -21.38978523016992 ] ] ] } },
{ "type": "Feature", "properties": { "id_feicao": "fogo_2017_711", "ano": 2017.0, "mes": 10, "codigo_original": 12, "classe": "Formação Campestre", "cor": "#d6bc74", "area_ha": 0.16664389203283936 }, "geometry": { "type": "Polygon", "coordinates": [ [ [ -45.088330572055447, -21.389246240999451 ], [ -45.088061077470208, -21.389246240999459 ], [ -45.088061077470208, -21.389785230169938 ], [ -45.088330572055447, -21.38978523016992 ], [ -45.088330572055447, -21.389246240999451 ] ] ] } },
{ "type": "Feature", "properties": { "id_feicao": "fogo_2017_712", "ano": 2017.0, "mes": 10, "codigo_original": 12, "classe": "Formação Campestre", "cor": "#d6bc74", "area_ha": 0.1666438878370449 }, "geometry": { "type": "Polygon", "coordinates": [ [ [ -45.087791582884975, -21.389246240999451 ], [ -45.087522088299735, -21.389246240999455 ], [ -45.087522088299735, -21.389785230169927 ], [ -45.087791582884975, -21.389785230169927 ], [ -45.087791582884975, -21.389246240999451 ] ] ] } },
{ "type": "Feature", "properties": { "id_feicao": "fogo_2017_713", "ano": 2017.0, "mes": 10, "codigo_original": 12, "classe": "Formação Campestre", "cor": "#d6bc74", "area_ha": 0.4166115000630729 }, "geometry": { "type": "Polygon", "coordinates": [ [ [ -45.087522088299735, -21.388976746414219 ], [ -45.087252593714503, -21.388976746414222 ], [ -45.087252593714503, -21.388437757243743 ], [ -45.08698309912927, -21.38843775724375 ], [ -45.08698309912927, -21.388707251828979 ], [ -45.08671360454403, -21.388707251828979 ], [ -45.08671360454403, -21.388976746414215 ], [ -45.08698309912927, -21.388976746414215 ], [ -45.08698309912927, -21.389246240999448 ], [ -45.087522088299735, -21.389246240999455 ], [ -45.087522088299735, -21.388976746414219 ] ] ] } },
{ "type": "Feature", "properties": { "id_feicao": "fogo_2017_714", "ano": 2017.0, "mes": 10, "codigo_original": 12, "classe": "Formação Campestre", "cor": "#d6bc74", "area_ha": 0.25005842512380333 }, "geometry": { "type": "Polygon", "coordinates": [ [ [ -45.038743568372048, -21.33399985102611 ], [ -45.039013062957281, -21.33399985102611 ], [ -45.039013062957281, -21.333730356440864 ], [ -45.039282557542521, -21.333730356440874 ], [ -45.039282557542521, -21.333460861855638 ], [ -45.038743568372048, -21.333460861855627 ], [ -45.038743568372048, -21.33399985102611 ] ] ] } },
{ "type": "Feature", "properties": { "id_feicao": "fogo_2017_715", "ano": 2017.0, "mes": 10, "codigo_original": 12, "classe": "Formação Campestre", "cor": "#d6bc74", "area_ha": 0.083391430507600312 }, "geometry": { "type": "Polygon", "coordinates": [ [ [ -45.051140319292905, -21.263931258864773 ], [ -45.050870824707665, -21.263931258864773 ], [ -45.050870824707665, -21.264200753450016 ], [ -45.051140319292905, -21.264200753450012 ], [ -45.051140319292905, -21.263931258864773 ] ] ] } },
{ "type": "Feature", "properties": { "id_feicao": "fogo_2017_716", "ano": 2017.0, "mes": 10, "codigo_original": 12, "classe": "Formação Campestre", "cor": "#d6bc74", "area_ha": 0.25018652259577068 }, "geometry": { "type": "Polygon", "coordinates": [ [ [ -45.04116901963917, -21.256924399648657 ], [ -45.041708008809643, -21.256924399648643 ], [ -45.041708008809643, -21.25665490506341 ], [ -45.04143851422441, -21.25665490506341 ], [ -45.04143851422441, -21.256385410478174 ], [ -45.04116901963917, -21.256385410478178 ], [ -45.04116901963917, -21.256924399648657 ] ] ] } },
{ "type": "Feature", "properties": { "id_feicao": "fogo_2017_717", "ano": 2017.0, "mes": 10, "codigo_original": 12, "classe": "Formação Campestre", "cor": "#d6bc74", "area_ha": 0.083395585458417673 }, "geometry": { "type": "Polygon", "coordinates": [ [ [ -45.041977503394882, -21.256654905063414 ], [ -45.041977503394882, -21.256385410478167 ], [ -45.041708008809643, -21.256385410478185 ], [ -45.041708008809643, -21.25665490506341 ], [ -45.041977503394882, -21.256654905063414 ] ] ] } },
{ "type": "Feature", "properties": { "id_feicao": "fogo_2017_718", "ano": 2017.0, "mes": 10, "codigo_original": 12, "classe": "Formação Campestre", "cor": "#d6bc74", "area_ha": 0.08342251177346334 }, "geometry": { "type": "Polygon", "coordinates": [ [ [ -45.08698309912927, -21.207876385135723 ], [ -45.08671360454403, -21.207876385135716 ], [ -45.08671360454403, -21.208145879720952 ], [ -45.08698309912927, -21.208145879720952 ], [ -45.08698309912927, -21.207876385135723 ] ] ] } },
{ "type": "Feature", "properties": { "id_feicao": "fogo_2017_719", "ano": 2017.0, "mes": 10, "codigo_original": 12, "classe": "Formação Campestre", "cor": "#d6bc74", "area_ha": 0.08334987812433392 }, "geometry": { "type": "Polygon", "coordinates": [ [ [ -45.032275698326387, -21.338850753560347 ], [ -45.032006203741155, -21.33885075356034 ], [ -45.032006203741155, -21.339120248145584 ], [ -45.032275698326387, -21.33912024814558 ], [ -45.032275698326387, -21.338850753560347 ] ] ] } },
{ "type": "Feature", "properties": { "id_feicao": "fogo_2017_720", "ano": 2017.0, "mes": 10, "codigo_original": 12, "classe": "Formação Campestre", "cor": "#d6bc74", "area_ha": 0.16670035579111428 }, "geometry": { "type": "Polygon", "coordinates": [ [ [ -45.03281468749686, -21.338311764389875 ], [ -45.032275698326387, -21.338311764389879 ], [ -45.032275698326387, -21.338581258975115 ], [ -45.03281468749686, -21.338581258975115 ], [ -45.03281468749686, -21.338311764389875 ] ] ] } },
{ "type": "Feature", "properties": { "id_feicao": "fogo_2017_721", "ano": 2017.0, "mes": 10, "codigo_original": 12, "classe": "Formação Campestre", "cor": "#d6bc74", "area_ha": 0.083350475363619628 }, "geometry": { "type": "Polygon", "coordinates": [ [ [ -45.031467214570682, -21.337772775219403 ], [ -45.031197719985443, -21.337772775219396 ], [ -45.031197719985443, -21.338042269804646 ], [ -45.031467214570682, -21.338042269804639 ], [ -45.031467214570682, -21.337772775219403 ] ] ] } },
{ "type": "Feature", "properties": { "id_feicao": "fogo_2017_722", "ano": 2017.0, "mes": 10, "codigo_original": 12, "classe": "Formação Campestre", "cor": "#d6bc74", "area_ha": 0.083350616310536862 }, "geometry": { "type": "Polygon", "coordinates": [ [ [ -45.024460355354549, -21.33750328063417 ], [ -45.024190860769309, -21.337503280634174 ], [ -45.024190860769309, -21.33777277521941 ], [ -45.024460355354549, -21.337772775219399 ], [ -45.024460355354549, -21.33750328063417 ] ] ] } },
{ "type": "Feature", "properties": { "id_feicao": "fogo_2017_723", "ano": 2017.0, "mes": 10, "codigo_original": 12, "classe": "Formação Campestre", "cor": "#d6bc74", "area_ha": 0.083351514990720896 }, "geometry": { "type": "Polygon", "coordinates": [ [ [ -45.025538333695494, -21.33588631312276 ], [ -45.025268839110254, -21.335886313122753 ], [ -45.025268839110254, -21.336155807707996 ], [ -45.025538333695494, -21.336155807707989 ], [ -45.025538333695494, -21.33588631312276 ] ] ] } },
{ "type": "Feature", "properties": { "id_feicao": "fogo_2017_724", "ano": 2017.0, "mes": 10, "codigo_original": 12, "classe": "Formação Campestre", "cor": "#d6bc74", "area_ha": 0.083351512943277153 }, "geometry": { "type": "Polygon", "coordinates": [ [ [ -45.023651871598844, -21.336155807707986 ], [ -45.023651871598844, -21.335886313122753 ], [ -45.023382377013604, -21.335886313122764 ], [ -45.023382377013604, -21.336155807707989 ], [ -45.023651871598844, -21.336155807707986 ] ] ] } },
{ "type": "Feature", "properties": { "id_feicao": "fogo_2017_725", "ano": 2017.0, "mes": 10, "codigo_original": 12, "classe": "Formação Campestre", "cor": "#d6bc74", "area_ha": 0.083351680587884044 }, "geometry": { "type": "Polygon", "coordinates": [ [ [ -45.037126600860631, -21.335616818537517 ], [ -45.036857106275399, -21.335616818537513 ], [ -45.036857106275399, -21.335886313122753 ], [ -45.037126600860631, -21.335886313122757 ], [ -45.037126600860631, -21.335616818537517 ] ] ] } },
{ "type": "Feature", "properties": { "id_feicao": "fogo_2017_726", "ano": 2017.0, "mes": 10, "codigo_original": 12, "classe": "Formação Campestre", "cor": "#d6bc74", "area_ha": 0.083351675920188426 }, "geometry": { "type": "Polygon", "coordinates": [ [ [ -45.034162160423037, -21.335616818537517 ], [ -45.033892665837804, -21.33561681853752 ], [ -45.033892665837804, -21.335886313122757 ], [ -45.034162160423037, -21.335886313122753 ], [ -45.034162160423037, -21.335616818537517 ] ] ] } },
{ "type": "Feature", "properties": { "id_feicao": "fogo_2017_727", "ano": 2017.0, "mes": 10, "codigo_original": 12, "classe": "Formação Campestre", "cor": "#d6bc74", "area_ha": 0.083351661965716625 }, "geometry": { "type": "Polygon", "coordinates": [ [ [ -45.023112882428372, -21.33561681853752 ], [ -45.022843387843132, -21.335616818537524 ], [ -45.022843387843132, -21.335886313122757 ], [ -45.023112882428372, -21.335886313122753 ], [ -45.023112882428372, -21.33561681853752 ] ] ] } },
{ "type": "Feature", "properties": { "id_feicao": "fogo_2017_728", "ano": 2017.0, "mes": 10, "codigo_original": 12, "classe": "Formação Campestre", "cor": "#d6bc74", "area_ha": 0.16670349286589772 }, "geometry": { "type": "Polygon", "coordinates": [ [ [ -45.031197719985443, -21.335347323952281 ], [ -45.03092822540021, -21.335347323952281 ], [ -45.03092822540021, -21.335886313122749 ], [ -45.031197719985443, -21.335886313122764 ], [ -45.031197719985443, -21.335347323952281 ] ] ] } },
{ "type": "Feature", "properties": { "id_feicao": "fogo_2017_729", "ano": 2017.0, "mes": 10, "codigo_original": 12, "classe": "Formação Campestre", "cor": "#d6bc74", "area_ha": 0.083351825094874946 }, "geometry": { "type": "Polygon", "coordinates": [ [ [ -45.033892665837804, -21.335347323952284 ], [ -45.033623171252565, -21.335347323952281 ], [ -45.033623171252565, -21.33561681853752 ], [ -45.033892665837804, -21.33561681853752 ], [ -45.033892665837804, -21.335347323952284 ] ] ] } },
{ "type": "Feature", "properties": { "id_feicao": "fogo_2017_730", "ano": 2017.0, "mes": 10, "codigo_original": 12, "classe": "Formação Campestre", "cor": "#d6bc74", "area_ha": 0.083351965267863121 }, "geometry": { "type": "Polygon", "coordinates": [ [ [ -45.026885806621671, -21.335077829367044 ], [ -45.026616312036438, -21.335077829367055 ], [ -45.026616312036438, -21.335347323952281 ], [ -45.026885806621671, -21.335347323952288 ], [ -45.026885806621671, -21.335077829367044 ] ] ] } },
{ "type": "Feature", "properties": { "id_feicao": "fogo_2017_731", "ano": 2017.0, "mes": 10, "codigo_original": 12, "classe": "Formação Campestre", "cor": "#d6bc74", "area_ha": 0.083352128864711175 }, "geometry": { "type": "Polygon", "coordinates": [ [ [ -45.036857106275399, -21.335077829367052 ], [ -45.036857106275399, -21.334808334781815 ], [ -45.036587611690159, -21.334808334781812 ], [ -45.036587611690159, -21.335077829367041 ], [ -45.036857106275399, -21.335077829367052 ] ] ] } },
{ "type": "Feature", "properties": { "id_feicao": "fogo_2017_732", "ano": 2017.0, "mes": 10, "codigo_original": 12, "classe": "Formação Campestre", "cor": "#d6bc74", "area_ha": 0.08335211999258027 }, "geometry": { "type": "Polygon", "coordinates": [ [ [ -45.03092822540021, -21.334808334781815 ], [ -45.03065873081497, -21.334808334781812 ], [ -45.03065873081497, -21.335077829367044 ], [ -45.03092822540021, -21.335077829367041 ], [ -45.03092822540021, -21.334808334781815 ] ] ] } },
{ "type": "Feature", "properties": { "id_feicao": "fogo_2017_733", "ano": 2017.0, "mes": 10, "codigo_original": 12, "classe": "Formação Campestre", "cor": "#d6bc74", "area_ha": 0.25005633286908269 }, "geometry": { "type": "Polygon", "coordinates": [ [ [ -45.023382377013604, -21.334538840196576 ], [ -45.023112882428372, -21.334538840196572 ], [ -45.023112882428372, -21.335347323952277 ], [ -45.023382377013604, -21.335347323952277 ], [ -45.023382377013604, -21.334538840196576 ] ] ] } },
{ "type": "Feature", "properties": { "id_feicao": "fogo_2017_734", "ano": 2017.0, "mes": 10, "codigo_original": 12, "classe": "Formação Campestre", "cor": "#d6bc74", "area_ha": 0.16670452913278713 }, "geometry": { "type": "Polygon", "coordinates": [ [ [ -45.027155301206903, -21.334538840196576 ], [ -45.026616312036438, -21.334538840196576 ], [ -45.026616312036438, -21.334808334781812 ], [ -45.027155301206903, -21.334808334781805 ], [ -45.027155301206903, -21.334538840196576 ] ] ] } },
{ "type": "Feature", "properties": { "id_feicao": "fogo_2017_735", "ano": 2017.0, "mes": 10, "codigo_original": 12, "classe": "Formação Campestre", "cor": "#d6bc74", "area_ha": 0.16670486183837055 }, "geometry": { "type": "Polygon", "coordinates": [ [ [ -45.038743568372048, -21.334269345611343 ], [ -45.038204579201576, -21.334269345611343 ], [ -45.038204579201576, -21.334538840196576 ], [ -45.038743568372048, -21.334538840196579 ], [ -45.038743568372048, -21.334269345611343 ] ] ] } },
{ "type": "Feature", "properties": { "id_feicao": "fogo_2017_736", "ano": 2017.0, "mes": 10, "codigo_original": 12, "classe": "Formação Campestre", "cor": "#d6bc74", "area_ha": 0.33340963539816437 }, "geometry": { "type": "Polygon", "coordinates": [ [ [ -45.037396095445871, -21.334808334781812 ], [ -45.037935084616343, -21.334808334781801 ], [ -45.037935084616343, -21.334538840196572 ], [ -45.037665590031104, -21.334538840196583 ], [ -45.037665590031104, -21.333999851026107 ], [ -45.037396095445871, -21.3339998510261 ], [ -45.037396095445871, -21.334808334781812 ] ] ] } },
{ "type": "Feature", "properties": { "id_feicao": "fogo_2017_737", "ano": 2017.0, "mes": 10, "codigo_original": 12, "classe": "Formação Campestre", "cor": "#d6bc74", "area_ha": 1.0835954382924362 }, "geometry": { "type": "Polygon", "coordinates": [ [ [ -45.035509633349221, -21.332921872685169 ], [ -45.034431655008277, -21.332921872685155 ], [ -45.034431655008277, -21.332652378099926 ], [ -45.034162160423037, -21.332652378099919 ], [ -45.034162160423037, -21.332382883514683 ], [ -45.033623171252565, -21.33238288351469 ], [ -45.033623171252565, -21.332652378099922 ], [ -45.033353676667332, -21.332652378099922 ], [ -45.033353676667332, -21.332921872685166 ], [ -45.033623171252565, -21.332921872685166 ], [ -45.033623171252565, -21.333191367270402 ], [ -45.035509633349221, -21.333191367270402 ], [ -45.035509633349221, -21.332921872685169 ] ] ] } },
{ "type": "Feature", "properties": { "id_feicao": "fogo_2017_738", "ano": 2017.0, "mes": 10, "codigo_original": 12, "classe": "Formação Campestre", "cor": "#d6bc74", "area_ha": 0.083353466044975455 }, "geometry": { "type": "Polygon", "coordinates": [ [ [ -45.03092822540021, -21.332652378099919 ], [ -45.03092822540021, -21.33238288351469 ], [ -45.03065873081497, -21.332382883514683 ], [ -45.03065873081497, -21.332652378099919 ], [ -45.03092822540021, -21.332652378099919 ] ] ] } },
{ "type": "Feature", "properties": { "id_feicao": "fogo_2017_739", "ano": 2017.0, "mes": 10, "codigo_original": 12, "classe": "Formação Campestre", "cor": "#d6bc74", "area_ha": 1.2503032276278361 }, "geometry": { "type": "Polygon", "coordinates": [ [ [ -45.037665590031104, -21.332652378099922 ], [ -45.038474073786816, -21.332652378099922 ], [ -45.038474073786816, -21.333191367270395 ], [ -45.039282557542521, -21.333191367270391 ], [ -45.039282557542521, -21.332921872685162 ], [ -45.038743568372048, -21.332921872685162 ], [ -45.038743568372048, -21.332382883514686 ], [ -45.038474073786816, -21.332382883514679 ], [ -45.038474073786816, -21.332113388929454 ], [ -45.038204579201576, -21.332113388929454 ], [ -45.038204579201576, -21.331574399758978 ], [ -45.037935084616343, -21.331574399758985 ], [ -45.037935084616343, -21.331843894344217 ], [ -45.037665590031104, -21.331843894344221 ], [ -45.037665590031104, -21.33211338892945 ], [ -45.037396095445871, -21.332113388929443 ], [ -45.037396095445871, -21.33238288351469 ], [ -45.037665590031104, -21.332382883514679 ], [ -45.037665590031104, -21.332652378099922 ] ] ] } },
{ "type": "Feature", "properties": { "id_feicao": "fogo_2017_740", "ano": 2017.0, "mes": 10, "codigo_original": 12, "classe": "Formação Campestre", "cor": "#d6bc74", "area_ha": 0.16670722725288942 }, "geometry": { "type": "Polygon", "coordinates": [ [ [ -45.029580752474033, -21.33211338892945 ], [ -45.02904176330356, -21.33211338892945 ], [ -45.02904176330356, -21.33238288351469 ], [ -45.029580752474033, -21.33238288351469 ], [ -45.029580752474033, -21.33211338892945 ] ] ] } },
{ "type": "Feature", "properties": { "id_feicao": "fogo_2017_741", "ano": 2017.0, "mes": 10, "codigo_original": 12, "classe": "Formação Campestre", "cor": "#d6bc74", "area_ha": 0.083354061402287336 }, "geometry": { "type": "Polygon", "coordinates": [ [ [ -45.028772268718321, -21.331304905173738 ], [ -45.028502774133088, -21.331304905173752 ], [ -45.028502774133088, -21.331574399758978 ], [ -45.028772268718321, -21.331574399758978 ], [ -45.028772268718321, -21.331304905173738 ] ] ] } },
{ "type": "Feature", "properties": { "id_feicao": "fogo_2017_742", "ano": 2017.0, "mes": 10, "codigo_original": 12, "classe": "Formação Campestre", "cor": "#d6bc74", "area_ha": 0.083354358824621888 }, "geometry": { "type": "Polygon", "coordinates": [ [ [ -45.027424795792143, -21.330765916003269 ], [ -45.027155301206903, -21.330765916003276 ], [ -45.027155301206903, -21.331035410588505 ], [ -45.027424795792143, -21.331035410588512 ], [ -45.027424795792143, -21.330765916003269 ] ] ] } },
{ "type": "Feature", "properties": { "id_feicao": "fogo_2017_743", "ano": 2017.0, "mes": 10, "codigo_original": 12, "classe": "Formação Campestre", "cor": "#d6bc74", "area_ha": 0.66683652267390858 }, "geometry": { "type": "Polygon", "coordinates": [ [ [ -45.027694290377376, -21.329957432247568 ], [ -45.027424795792143, -21.329957432247564 ], [ -45.027424795792143, -21.330496421418044 ], [ -45.028233279547848, -21.33049642141804 ], [ -45.028233279547848, -21.331304905173742 ], [ -45.028502774133088, -21.331304905173752 ], [ -45.028502774133088, -21.330226926832804 ], [ -45.027694290377376, -21.330226926832797 ], [ -45.027694290377376, -21.329957432247568 ] ] ] } },
{ "type": "Feature", "properties": { "id_feicao": "fogo_2017_744", "ano": 2017.0, "mes": 10, "codigo_original": 12, "classe": "Formação Campestre", "cor": "#d6bc74", "area_ha": 1.0002714820994025 }, "geometry": { "type": "Polygon", "coordinates": [ [ [ -45.023651871598844, -21.328070970150918 ], [ -45.023651871598844, -21.328340464736147 ], [ -45.024729849939781, -21.328340464736147 ], [ -45.024729849939781, -21.327531980980446 ], [ -45.023382377013604, -21.327531980980446 ], [ -45.023382377013604, -21.328070970150918 ], [ -45.023651871598844, -21.328070970150918 ] ], [ [ -45.023651871598844, -21.327801475565678 ], [ -45.024190860769309, -21.327801475565682 ], [ -45.024190860769309, -21.328070970150918 ], [ -45.023651871598844, -21.328070970150918 ], [ -45.023651871598844, -21.327801475565678 ] ] ] } },
{ "type": "Feature", "properties": { "id_feicao": "fogo_2017_745", "ano": 2017.0, "mes": 10, "codigo_original": 12, "classe": "Formação Campestre", "cor": "#d6bc74", "area_ha": 0.083357794713663252 }, "geometry": { "type": "Polygon", "coordinates": [ [ [ -45.024729849939781, -21.324837035128095 ], [ -45.024729849939781, -21.324567540542848 ], [ -45.024460355354549, -21.324567540542848 ], [ -45.024460355354549, -21.324837035128088 ], [ -45.024729849939781, -21.324837035128095 ] ] ] } },
{ "type": "Feature", "properties": { "id_feicao": "fogo_2017_746", "ano": 2017.0, "mes": 10, "codigo_original": 12, "classe": "Formação Campestre", "cor": "#d6bc74", "area_ha": 0.16671588585386052 }, "geometry": { "type": "Polygon", "coordinates": [ [ [ -45.023651871598844, -21.324298045957612 ], [ -45.023112882428372, -21.324298045957612 ], [ -45.023112882428372, -21.324567540542851 ], [ -45.023651871598844, -21.324567540542851 ], [ -45.023651871598844, -21.324298045957612 ] ] ] } },
{ "type": "Feature", "properties": { "id_feicao": "fogo_2017_747", "ano": 2017.0, "mes": 10, "codigo_original": 12, "classe": "Formação Campestre", "cor": "#d6bc74", "area_ha": 0.75022477066712456 }, "geometry": { "type": "Polygon", "coordinates": [ [ [ -45.023112882428372, -21.324028551372379 ], [ -45.023382377013604, -21.324028551372376 ], [ -45.023382377013604, -21.323759056787139 ], [ -45.023112882428372, -21.323759056787139 ], [ -45.023112882428372, -21.322950573031431 ], [ -45.022843387843132, -21.322950573031434 ], [ -45.022843387843132, -21.323759056787143 ], [ -45.022304398672659, -21.323759056787146 ], [ -45.022304398672659, -21.324028551372379 ], [ -45.022573893257899, -21.324028551372379 ], [ -45.022573893257899, -21.324298045957612 ], [ -45.023112882428372, -21.324298045957612 ], [ -45.023112882428372, -21.324028551372379 ] ] ] } },
{ "type": "Feature", "properties": { "id_feicao": "fogo_2017_748", "ano": 2017.0, "mes": 10, "codigo_original": 12, "classe": "Formação Campestre", "cor": "#d6bc74", "area_ha": 0.16669600948514418 }, "geometry": { "type": "Polygon", "coordinates": [ [ [ -44.934988153056246, -21.34235418316841 ], [ -44.934449163885773, -21.342354183168418 ], [ -44.934449163885773, -21.342623677753647 ], [ -44.934988153056246, -21.342623677753654 ], [ -44.934988153056246, -21.34235418316841 ] ] ] } },
{ "type": "Feature", "properties": { "id_feicao": "fogo_2017_749", "ano": 2017.0, "mes": 10, "codigo_original": 12, "classe": "Formação Campestre", "cor": "#d6bc74", "area_ha": 0.25004400610970334 }, "geometry": { "type": "Polygon", "coordinates": [ [ [ -44.93606613139719, -21.342354183168414 ], [ -44.935257647641478, -21.342354183168414 ], [ -44.935257647641478, -21.342623677753654 ], [ -44.93606613139719, -21.34262367775365 ], [ -44.93606613139719, -21.342354183168414 ] ] ] } },
{ "type": "Feature", "properties": { "id_feicao": "fogo_2017_750", "ano": 2017.0, "mes": 10, "codigo_original": 12, "classe": "Formação Campestre", "cor": "#d6bc74", "area_ha": 0.083348467733897272 }, "geometry": { "type": "Polygon", "coordinates": [ [ [ -44.930137250522009, -21.341545699412702 ], [ -44.929867755936762, -21.341545699412709 ], [ -44.929867755936762, -21.341815193997938 ], [ -44.930137250522009, -21.341815193997949 ], [ -44.930137250522009, -21.341545699412702 ] ] ] } },
{ "type": "Feature", "properties": { "id_feicao": "fogo_2017_751", "ano": 2017.0, "mes": 10, "codigo_original": 12, "classe": "Formação Campestre", "cor": "#d6bc74", "area_ha": 0.083348466064129031 }, "geometry": { "type": "Polygon", "coordinates": [ [ [ -44.930676239692467, -21.341545699412709 ], [ -44.930406745107234, -21.341545699412702 ], [ -44.930406745107234, -21.341815193997942 ], [ -44.930676239692467, -21.341815193997938 ], [ -44.930676239692467, -21.341545699412709 ] ] ] } },
{ "type": "Feature", "properties": { "id_feicao": "fogo_2017_752", "ano": 2017.0, "mes": 10, "codigo_original": 12, "classe": "Formação Campestre", "cor": "#d6bc74", "area_ha": 0.083348453207252537 }, "geometry": { "type": "Polygon", "coordinates": [ [ [ -44.934988153056246, -21.341815193997942 ], [ -44.934988153056246, -21.341545699412709 ], [ -44.934718658471006, -21.341545699412702 ], [ -44.934718658471006, -21.341815193997945 ], [ -44.934988153056246, -21.341815193997942 ] ] ] } },
{ "type": "Feature", "properties": { "id_feicao": "fogo_2017_753", "ano": 2017.0, "mes": 10, "codigo_original": 12, "classe": "Formação Campestre", "cor": "#d6bc74", "area_ha": 1.2502328075509519 }, "geometry": { "type": "Polygon", "coordinates": [ [ [ -44.916393026674967, -21.340467721071768 ], [ -44.91504555374879, -21.340467721071761 ], [ -44.91504555374879, -21.341006710242233 ], [ -44.915854037504495, -21.341006710242233 ], [ -44.915854037504495, -21.341815193997938 ], [ -44.916123532089735, -21.341815193997942 ], [ -44.916123532089735, -21.341545699412706 ], [ -44.916393026674967, -21.341545699412702 ], [ -44.916393026674967, -21.340467721071768 ] ] ] } },
{ "type": "Feature", "properties": { "id_feicao": "fogo_2017_754", "ano": 2017.0, "mes": 10, "codigo_original": 12, "classe": "Formação Campestre", "cor": "#d6bc74", "area_ha": 0.083348984288796779 }, "geometry": { "type": "Polygon", "coordinates": [ [ [ -44.965441041187894, -21.340467721071764 ], [ -44.965171546602662, -21.340467721071754 ], [ -44.965171546602662, -21.340737215657001 ], [ -44.965441041187894, -21.340737215656997 ], [ -44.965441041187894, -21.340467721071764 ] ] ] } },
{ "type": "Feature", "properties": { "id_feicao": "fogo_2017_755", "ano": 2017.0, "mes": 10, "codigo_original": 12, "classe": "Formação Campestre", "cor": "#d6bc74", "area_ha": 3.5840911785973235 }, "geometry": { "type": "Polygon", "coordinates": [ [ [ -45.021226420331715, -21.337233786048934 ], [ -45.021495914916954, -21.33723378604893 ], [ -45.021495914916954, -21.337503280634177 ], [ -45.021765409502187, -21.337503280634174 ], [ -45.021765409502187, -21.33723378604893 ], [ -45.022034904087427, -21.337233786048934 ], [ -45.022034904087427, -21.338042269804646 ], [ -45.022304398672659, -21.338042269804646 ], [ -45.022304398672659, -21.337772775219403 ], [ -45.022573893257899, -21.337772775219406 ], [ -45.022573893257899, -21.33750328063417 ], [ -45.022843387843132, -21.33750328063417 ], [ -45.022843387843132, -21.337772775219406 ], [ -45.023112882428372, -21.337772775219399 ], [ -45.023112882428372, -21.337503280634174 ], [ -45.023382377013604, -21.337503280634163 ], [ -45.023382377013604, -21.337772775219396 ], [ -45.023651871598844, -21.337772775219406 ], [ -45.023651871598844, -21.33723378604893 ], [ -45.024190860769309, -21.337233786048934 ], [ -45.024190860769309, -21.336964291463705 ], [ -45.023651871598844, -21.336964291463708 ], [ -45.023651871598844, -21.336694796878461 ], [ -45.023112882428372, -21.336694796878461 ], [ -45.023112882428372, -21.336425302293225 ], [ -45.023382377013604, -21.336425302293222 ], [ -45.023382377013604, -21.336155807707989 ], [ -45.022304398672659, -21.336155807707989 ], [ -45.022304398672659, -21.336425302293225 ], [ -45.021765409502187, -21.336425302293225 ], [ -45.021765409502187, -21.336155807707989 ], [ -45.021495914916954, -21.336155807707989 ], [ -45.021495914916954, -21.336694796878469 ], [ -45.021226420331715, -21.336694796878469 ], [ -45.021226420331715, -21.337233786048934 ] ] ] } },
{ "type": "Feature", "properties": { "id_feicao": "fogo_2017_756", "ano": 2017.0, "mes": 10, "codigo_original": 12, "classe": "Formação Campestre", "cor": "#d6bc74", "area_ha": 0.0052834125269391064 }, "geometry": { "type": "Polygon", "coordinates": [ [ [ -44.991312521370538, -21.336694796878469 ], [ -44.991312521370567, -21.336821934723893 ], [ -44.991335999999897, -21.336791 ], [ -44.99137720012618, -21.336694796917875 ], [ -44.991312521370538, -21.336694796878469 ] ] ] } },
{ "type": "Feature", "properties": { "id_feicao": "fogo_2017_757", "ano": 2017.0, "mes": 10, "codigo_original": 12, "classe": "Formação Campestre", "cor": "#d6bc74", "area_ha": 1.3336277156375349 }, "geometry": { "type": "Polygon", "coordinates": [ [ [ -45.01853147447936, -21.335077829367041 ], [ -45.017453496138415, -21.335077829367041 ], [ -45.017453496138415, -21.336155807707989 ], [ -45.01853147447936, -21.336155807707989 ], [ -45.01853147447936, -21.335077829367041 ] ] ] } },
{ "type": "Feature", "properties": { "id_feicao": "fogo_2017_758", "ano": 2017.0, "mes": 10, "codigo_original": 12, "classe": "Formação Campestre", "cor": "#d6bc74", "area_ha": 4.5844715853042901 }, "geometry": { "type": "Polygon", "coordinates": [ [ [ -44.981071727131578, -21.332652378099922 ], [ -44.981341221716811, -21.332652378099926 ], [ -44.981341221716811, -21.332382883514686 ], [ -44.98161071630205, -21.33238288351469 ], [ -44.98161071630205, -21.332652378099922 ], [ -44.981880210887283, -21.332652378099919 ], [ -44.981880210887283, -21.33238288351469 ], [ -44.982149705472516, -21.332382883514686 ], [ -44.982149705472516, -21.332652378099919 ], [ -44.982688694642988, -21.332652378099919 ], [ -44.982688694642988, -21.332113388929457 ], [ -44.982958189228228, -21.332113388929457 ], [ -44.982958189228228, -21.331843894344221 ], [ -44.98322768381346, -21.331843894344217 ], [ -44.98322768381346, -21.331574399758981 ], [ -44.9834971783987, -21.331574399758981 ], [ -44.9834971783987, -21.330226926832797 ], [ -44.982419200057755, -21.330226926832797 ], [ -44.982419200057755, -21.33049642141804 ], [ -44.98161071630205, -21.330496421418037 ], [ -44.98161071630205, -21.332113388929447 ], [ -44.980532737961106, -21.33211338892945 ], [ -44.980532737961106, -21.33238288351469 ], [ -44.981071727131578, -21.33238288351469 ], [ -44.981071727131578, -21.332652378099922 ] ] ] } },
{ "type": "Feature", "properties": { "id_feicao": "fogo_2017_759", "ano": 2017.0, "mes": 10, "codigo_original": 12, "classe": "Formação Campestre", "cor": "#d6bc74", "area_ha": 0.58349218153168458 }, "geometry": { "type": "Polygon", "coordinates": [ [ [ -45.010446636922282, -21.327801475565678 ], [ -45.010446636922282, -21.328070970150915 ], [ -45.009638153166577, -21.328070970150918 ], [ -45.009638153166577, -21.328340464736154 ], [ -45.010985626092754, -21.328340464736147 ], [ -45.010985626092754, -21.327801475565682 ], [ -45.010446636922282, -21.327801475565678 ] ] ] } },
{ "type": "Feature", "properties": { "id_feicao": "fogo_2017_760", "ano": 2017.0, "mes": 10, "codigo_original": 12, "classe": "Formação Campestre", "cor": "#d6bc74", "area_ha": 47.263227627493826 }, "geometry": { "type": "Polygon", "coordinates": [ [ [ -44.978376781279216, -21.325106529713317 ], [ -44.978376781279216, -21.325915013469029 ], [ -44.977837792108744, -21.325915013469025 ], [ -44.977837792108744, -21.325645518883796 ], [ -44.977298802938272, -21.325645518883793 ], [ -44.977298802938272, -21.325106529713324 ], [ -44.976490319182567, -21.325106529713327 ], [ -44.976490319182567, -21.325376024298556 ], [ -44.973795373330205, -21.325376024298556 ], [ -44.973795373330205, -21.325915013469029 ], [ -44.973525878744972, -21.325915013469032 ], [ -44.973525878744972, -21.326184508054261 ], [ -44.972447900404028, -21.326184508054265 ], [ -44.972447900404028, -21.326454002639505 ], [ -44.971908911233555, -21.326454002639508 ], [ -44.971908911233555, -21.326723497224737 ], [ -44.971639416648323, -21.326723497224737 ], [ -44.971639416648323, -21.327531980980446 ], [ -44.970022449136906, -21.327531980980442 ], [ -44.970022449136906, -21.32860995932139 ], [ -44.971908911233555, -21.328609959321387 ], [ -44.971908911233555, -21.328879453906609 ], [ -44.9729868895745, -21.32887945390662 ], [ -44.9729868895745, -21.328609959321387 ], [ -44.975412340841622, -21.328609959321383 ], [ -44.975412340841622, -21.328879453906623 ], [ -44.976490319182567, -21.328879453906623 ], [ -44.976490319182567, -21.329148948491863 ], [ -44.977568297523511, -21.329148948491856 ], [ -44.977568297523511, -21.329418443077085 ], [ -44.978646275864456, -21.329418443077092 ], [ -44.978646275864456, -21.32860995932139 ], [ -44.978915770449689, -21.328609959321383 ], [ -44.978915770449689, -21.328070970150911 ], [ -44.979454759620161, -21.328070970150915 ], [ -44.979454759620161, -21.327801475565682 ], [ -44.979724254205394, -21.327801475565682 ], [ -44.979724254205394, -21.327531980980442 ], [ -44.981341221716811, -21.327531980980446 ], [ -44.981341221716811, -21.32726248639521 ], [ -44.981880210887283, -21.327262486395213 ], [ -44.981880210887283, -21.326723497224737 ], [ -44.982149705472516, -21.326723497224737 ], [ -44.982149705472516, -21.326454002639501 ], [ -44.982419200057755, -21.326454002639498 ], [ -44.982419200057755, -21.326184508054265 ], [ -44.982958189228228, -21.326184508054261 ], [ -44.982958189228228, -21.326723497224737 ], [ -44.983766672983933, -21.326723497224734 ], [ -44.983766672983933, -21.326454002639501 ], [ -44.984036167569172, -21.326454002639501 ], [ -44.984036167569172, -21.326184508054265 ], [ -44.984305662154405, -21.326184508054265 ], [ -44.984305662154405, -21.325915013469029 ], [ -44.984844651324877, -21.325915013469029 ], [ -44.984844651324877, -21.326992991809966 ], [ -44.98511414591011, -21.326992991809973 ], [ -44.98511414591011, -21.324837035128091 ], [ -44.98538364049535, -21.324837035128088 ], [ -44.98538364049535, -21.323759056787139 ], [ -44.98322768381346, -21.323759056787139 ], [ -44.98322768381346, -21.324028551372376 ], [ -44.982688694642988, -21.324028551372379 ], [ -44.982688694642988, -21.324298045957612 ], [ -44.982419200057755, -21.324298045957612 ], [ -44.982419200057755, -21.324837035128088 ], [ -44.979993748790633, -21.324837035128091 ], [ -44.979993748790633, -21.32510652971332 ], [ -44.978376781279216, -21.325106529713317 ] ], [ [ -44.983766672983933, -21.326184508054272 ], [ -44.983766672983933, -21.325915013469025 ], [ -44.984036167569172, -21.325915013469025 ], [ -44.984036167569172, -21.326184508054265 ], [ -44.983766672983933, -21.326184508054272 ] ] ] } },
{ "type": "Feature", "properties": { "id_feicao": "fogo_2017_761", "ano": 2017.0, "mes": 10, "codigo_original": 12, "classe": "Formação Campestre", "cor": "#d6bc74", "area_ha": 0.083356740311905736 }, "geometry": { "type": "Polygon", "coordinates": [ [ [ -44.984305662154405, -21.326454002639505 ], [ -44.984036167569172, -21.326454002639501 ], [ -44.984036167569172, -21.326723497224737 ], [ -44.984305662154405, -21.326723497224737 ], [ -44.984305662154405, -21.326454002639505 ] ] ] } },
{ "type": "Feature", "properties": { "id_feicao": "fogo_2017_762", "ano": 2017.0, "mes": 10, "codigo_original": 12, "classe": "Formação Campestre", "cor": "#d6bc74", "area_ha": 0.16671392824761569 }, "geometry": { "type": "Polygon", "coordinates": [ [ [ -45.015297539456526, -21.325915013469029 ], [ -45.015028044871293, -21.325915013469025 ], [ -45.015028044871293, -21.326454002639501 ], [ -45.015297539456526, -21.326454002639508 ], [ -45.015297539456526, -21.325915013469029 ] ] ] } },
{ "type": "Feature", "properties": { "id_feicao": "fogo_2017_763", "ano": 2017.0, "mes": 10, "codigo_original": 12, "classe": "Formação Campestre", "cor": "#d6bc74", "area_ha": 0.58350108358068387 }, "geometry": { "type": "Polygon", "coordinates": [ [ [ -44.991851510541011, -21.325376024298556 ], [ -44.992659994296716, -21.325376024298556 ], [ -44.992659994296716, -21.325645518883793 ], [ -44.993198983467188, -21.3256455188838 ], [ -44.993198983467188, -21.32510652971332 ], [ -44.991851510541011, -21.32510652971332 ], [ -44.991851510541011, -21.325376024298556 ] ] ] } },
{ "type": "Feature", "properties": { "id_feicao": "fogo_2017_764", "ano": 2017.0, "mes": 10, "codigo_original": 12, "classe": "Formação Campestre", "cor": "#d6bc74", "area_ha": 0.33343086076602341 }, "geometry": { "type": "Polygon", "coordinates": [ [ [ -45.019878947405537, -21.324298045957612 ], [ -45.019609452820305, -21.324298045957619 ], [ -45.019609452820305, -21.325376024298556 ], [ -45.019878947405537, -21.325376024298556 ], [ -45.019878947405537, -21.324298045957612 ] ] ] } },
{ "type": "Feature", "properties": { "id_feicao": "fogo_2017_765", "ano": 2017.0, "mes": 10, "codigo_original": 12, "classe": "Formação Campestre", "cor": "#d6bc74", "area_ha": 0.33343155884044245 }, "geometry": { "type": "Polygon", "coordinates": [ [ [ -45.013950066530349, -21.324298045957608 ], [ -45.013680571945116, -21.324298045957615 ], [ -45.013680571945116, -21.324567540542859 ], [ -45.013411077359876, -21.324567540542855 ], [ -45.013411077359876, -21.324837035128088 ], [ -45.014219561115588, -21.324837035128084 ], [ -45.014219561115588, -21.324567540542848 ], [ -45.013950066530349, -21.324567540542848 ], [ -45.013950066530349, -21.324298045957608 ] ] ] } },
{ "type": "Feature", "properties": { "id_feicao": "fogo_2017_766", "ano": 2017.0, "mes": 10, "codigo_original": 12, "classe": "Formação Campestre", "cor": "#d6bc74", "area_ha": 0.58350779709639022 }, "geometry": { "type": "Polygon", "coordinates": [ [ [ -45.021226420331715, -21.324028551372379 ], [ -45.022034904087427, -21.324028551372376 ], [ -45.022034904087427, -21.32375905678715 ], [ -45.021765409502187, -21.323759056787146 ], [ -45.021765409502187, -21.323489562201896 ], [ -45.021495914916954, -21.323489562201903 ], [ -45.021495914916954, -21.323759056787139 ], [ -45.020956925746482, -21.323759056787139 ], [ -45.020956925746482, -21.324028551372379 ], [ -45.020687431161249, -21.324028551372376 ], [ -45.020687431161249, -21.324298045957612 ], [ -45.021226420331715, -21.324298045957612 ], [ -45.021226420331715, -21.324028551372379 ] ] ] } },
{ "type": "Feature", "properties": { "id_feicao": "fogo_2017_767", "ano": 2017.0, "mes": 10, "codigo_original": 12, "classe": "Formação Campestre", "cor": "#d6bc74", "area_ha": 0.083358390188775958 }, "geometry": { "type": "Polygon", "coordinates": [ [ [ -45.022304398672659, -21.323489562201903 ], [ -45.022034904087427, -21.323489562201903 ], [ -45.022034904087427, -21.32375905678715 ], [ -45.022304398672659, -21.323759056787146 ], [ -45.022304398672659, -21.323489562201903 ] ] ] } },
{ "type": "Feature", "properties": { "id_feicao": "fogo_2017_768", "ano": 2017.0, "mes": 10, "codigo_original": 12, "classe": "Formação Campestre", "cor": "#d6bc74", "area_ha": 2.0006101535193621 }, "geometry": { "type": "Polygon", "coordinates": [ [ [ -45.013141582774644, -21.322411583860962 ], [ -45.011524615263227, -21.322411583860955 ], [ -45.011524615263227, -21.32348956220191 ], [ -45.013141582774644, -21.323489562201907 ], [ -45.013141582774644, -21.322411583860962 ] ] ] } },
{ "type": "Feature", "properties": { "id_feicao": "fogo_2017_769", "ano": 2017.0, "mes": 10, "codigo_original": 12, "classe": "Formação Campestre", "cor": "#d6bc74", "area_ha": 0.50015926253190268 }, "geometry": { "type": "Polygon", "coordinates": [ [ [ -45.010716131507522, -21.320794616349552 ], [ -45.010177142337049, -21.320794616349545 ], [ -45.010177142337049, -21.321064110934785 ], [ -45.00990764775181, -21.321064110934792 ], [ -45.00990764775181, -21.321333605520021 ], [ -45.010985626092754, -21.321333605520014 ], [ -45.010985626092754, -21.321064110934785 ], [ -45.010716131507522, -21.321064110934781 ], [ -45.010716131507522, -21.320794616349552 ] ] ] } },
{ "type": "Feature", "properties": { "id_feicao": "fogo_2017_770", "ano": 2017.0, "mes": 10, "codigo_original": 12, "classe": "Formação Campestre", "cor": "#d6bc74", "area_ha": 0.083359878530167048 }, "geometry": { "type": "Polygon", "coordinates": [ [ [ -45.014219561115588, -21.320794616349552 ], [ -45.013950066530349, -21.320794616349549 ], [ -45.013950066530349, -21.321064110934781 ], [ -45.014219561115588, -21.321064110934778 ], [ -45.014219561115588, -21.320794616349552 ] ] ] } },
{ "type": "Feature", "properties": { "id_feicao": "fogo_2017_771", "ano": 2017.0, "mes": 10, "codigo_original": 12, "classe": "Formação Campestre", "cor": "#d6bc74", "area_ha": 1.4171220694694668 }, "geometry": { "type": "Polygon", "coordinates": [ [ [ -45.015297539456526, -21.320255627179069 ], [ -45.014758550286061, -21.320255627179073 ], [ -45.014758550286061, -21.319986132593844 ], [ -45.014219561115588, -21.319986132593844 ], [ -45.014219561115588, -21.320794616349552 ], [ -45.014489055700821, -21.320794616349549 ], [ -45.014489055700821, -21.321064110934778 ], [ -45.015836528626998, -21.321064110934781 ], [ -45.015836528626998, -21.320525121764305 ], [ -45.015297539456526, -21.320525121764309 ], [ -45.015297539456526, -21.320255627179069 ] ] ] } },
{ "type": "Feature", "properties": { "id_feicao": "fogo_2017_772", "ano": 2017.0, "mes": 10, "codigo_original": 12, "classe": "Formação Campestre", "cor": "#d6bc74", "area_ha": 0.083361224245559418 }, "geometry": { "type": "Polygon", "coordinates": [ [ [ -45.015028044871293, -21.31836916508243 ], [ -45.014758550286061, -21.318369165082423 ], [ -45.014758550286061, -21.318638659667659 ], [ -45.015028044871293, -21.318638659667659 ], [ -45.015028044871293, -21.31836916508243 ] ] ] } },
{ "type": "Feature", "properties": { "id_feicao": "fogo_2017_773", "ano": 2017.0, "mes": 10, "codigo_original": 12, "classe": "Formação Campestre", "cor": "#d6bc74", "area_ha": 3.6679803175074981 }, "geometry": { "type": "Polygon", "coordinates": [ [ [ -45.012063604433699, -21.314865735474363 ], [ -45.013141582774644, -21.314865735474356 ], [ -45.013141582774644, -21.315135230059596 ], [ -45.013411077359876, -21.315135230059585 ], [ -45.013411077359876, -21.315404724644825 ], [ -45.013680571945116, -21.315404724644825 ], [ -45.013680571945116, -21.315943713815297 ], [ -45.014758550286061, -21.315943713815297 ], [ -45.014758550286061, -21.315404724644836 ], [ -45.014489055700821, -21.315404724644836 ], [ -45.014489055700821, -21.315135230059592 ], [ -45.014758550286061, -21.315135230059589 ], [ -45.014758550286061, -21.31486573547436 ], [ -45.014489055700821, -21.31486573547436 ], [ -45.014489055700821, -21.314596240889127 ], [ -45.012602593604171, -21.314596240889124 ], [ -45.012602593604171, -21.31432674630388 ], [ -45.012063604433699, -21.314326746303891 ], [ -45.012063604433699, -21.314057251718648 ], [ -45.011524615263227, -21.314057251718644 ], [ -45.011524615263227, -21.313248767962943 ], [ -45.011255120677994, -21.313248767962943 ], [ -45.011255120677994, -21.314596240889127 ], [ -45.010985626092754, -21.314596240889124 ], [ -45.010985626092754, -21.31486573547436 ], [ -45.011794109848466, -21.31486573547436 ], [ -45.011794109848466, -21.315404724644836 ], [ -45.012063604433699, -21.315404724644836 ], [ -45.012063604433699, -21.314865735474363 ] ] ] } },
{ "type": "Feature", "properties": { "id_feicao": "fogo_2017_774", "ano": 2017.0, "mes": 10, "codigo_original": 15, "classe": "Pastagem", "cor": "#edde8e", "area_ha": 0.83421205821417821 }, "geometry": { "type": "Polygon", "coordinates": [ [ [ -45.113663063067619, -21.210032341817609 ], [ -45.113663063067619, -21.211379814743783 ], [ -45.113932557652852, -21.211379814743786 ], [ -45.113932557652852, -21.210840825573321 ], [ -45.114471546823324, -21.210840825573317 ], [ -45.114471546823324, -21.210301836402849 ], [ -45.114202052238092, -21.210301836402842 ], [ -45.114202052238092, -21.210032341817612 ], [ -45.113663063067619, -21.210032341817609 ] ] ] } },
{ "type": "Feature", "properties": { "id_feicao": "fogo_2017_775", "ano": 2017.0, "mes": 10, "codigo_original": 15, "classe": "Pastagem", "cor": "#edde8e", "area_ha": 7.7584206847013908 }, "geometry": { "type": "Polygon", "coordinates": [ [ [ -45.110698622630025, -21.207067901380018 ], [ -45.112585084726675, -21.207067901380022 ], [ -45.112585084726675, -21.206798406794782 ], [ -45.11150710638573, -21.206798406794785 ], [ -45.11150710638573, -21.206528912209549 ], [ -45.113124073897147, -21.206528912209542 ], [ -45.113124073897147, -21.206798406794785 ], [ -45.113663063067619, -21.206798406794782 ], [ -45.113663063067619, -21.207067901380015 ], [ -45.113932557652852, -21.207067901380022 ], [ -45.113932557652852, -21.206798406794782 ], [ -45.114202052238092, -21.206798406794785 ], [ -45.114202052238092, -21.206528912209549 ], [ -45.113663063067619, -21.206528912209542 ], [ -45.113663063067619, -21.206259417624306 ], [ -45.115819019749502, -21.206259417624313 ], [ -45.115819019749502, -21.205989923039073 ], [ -45.114471546823324, -21.20598992303907 ], [ -45.114471546823324, -21.205720428453841 ], [ -45.114202052238092, -21.205720428453841 ], [ -45.114202052238092, -21.205181439283368 ], [ -45.113663063067619, -21.205181439283365 ], [ -45.113663063067619, -21.204911944698125 ], [ -45.11339356848238, -21.204911944698129 ], [ -45.11339356848238, -21.204642450112896 ], [ -45.112315590141435, -21.2046424501129 ], [ -45.112315590141435, -21.204911944698132 ], [ -45.111237611800497, -21.204911944698136 ], [ -45.111237611800497, -21.205720428453837 ], [ -45.110698622630025, -21.205720428453837 ], [ -45.110698622630025, -21.206259417624313 ], [ -45.110968117215258, -21.206259417624306 ], [ -45.110968117215258, -21.206528912209553 ], [ -45.110698622630025, -21.206528912209549 ], [ -45.110698622630025, -21.207067901380018 ] ] ] } },
{ "type": "Feature", "properties": { "id_feicao": "fogo_2017_776", "ano": 2017.0, "mes": 10, "codigo_original": 15, "classe": "Pastagem", "cor": "#edde8e", "area_ha": 0.16684796667266638 }, "geometry": { "type": "Polygon", "coordinates": [ [ [ -45.116088514334741, -21.205720428453841 ], [ -45.116627503505214, -21.205720428453834 ], [ -45.116627503505214, -21.205450933868605 ], [ -45.116088514334741, -21.205450933868601 ], [ -45.116088514334741, -21.205720428453841 ] ] ] } },
{ "type": "Feature", "properties": { "id_feicao": "fogo_2017_777", "ano": 2017.0, "mes": 10, "codigo_original": 15, "classe": "Pastagem", "cor": "#edde8e", "area_ha": 0.33369626724751522 }, "geometry": { "type": "Polygon", "coordinates": [ [ [ -45.117974976431391, -21.205181439283361 ], [ -45.117974976431391, -21.205450933868605 ], [ -45.117705481846151, -21.205450933868605 ], [ -45.117705481846151, -21.205720428453834 ], [ -45.118244471016624, -21.20572042845383 ], [ -45.118244471016624, -21.205450933868597 ], [ -45.118513965601863, -21.205450933868605 ], [ -45.118513965601863, -21.205181439283361 ], [ -45.117974976431391, -21.205181439283361 ] ] ] } },
{ "type": "Feature", "properties": { "id_feicao": "fogo_2017_778", "ano": 2017.0, "mes": 10, "codigo_original": 15, "classe": "Pastagem", "cor": "#edde8e", "area_ha": 0.50054526768391949 }, "geometry": { "type": "Polygon", "coordinates": [ [ [ -45.117166492675686, -21.205181439283368 ], [ -45.116627503505214, -21.205181439283361 ], [ -45.116627503505214, -21.205450933868605 ], [ -45.117435987260919, -21.205450933868597 ], [ -45.117435987260919, -21.205181439283361 ], [ -45.117974976431391, -21.205181439283361 ], [ -45.117974976431391, -21.204911944698132 ], [ -45.117166492675686, -21.204911944698132 ], [ -45.117166492675686, -21.205181439283368 ] ] ] } },
{ "type": "Feature", "properties": { "id_feicao": "fogo_2017_779", "ano": 2017.0, "mes": 10, "codigo_original": 15, "classe": "Pastagem", "cor": "#edde8e", "area_ha": 1.2513700875986367 }, "geometry": { "type": "Polygon", "coordinates": [ [ [ -45.15893815338724, -21.205450933868605 ], [ -45.160285626313417, -21.205450933868605 ], [ -45.160285626313417, -21.205181439283368 ], [ -45.160016131728185, -21.205181439283368 ], [ -45.160016131728185, -21.204911944698132 ], [ -45.160285626313417, -21.204911944698129 ], [ -45.160285626313417, -21.204642450112893 ], [ -45.160555120898657, -21.204642450112896 ], [ -45.160555120898657, -21.20437295552766 ], [ -45.160016131728185, -21.204372955527656 ], [ -45.160016131728185, -21.204642450112896 ], [ -45.15920764797248, -21.204642450112896 ], [ -45.15920764797248, -21.204372955527663 ], [ -45.15893815338724, -21.204372955527667 ], [ -45.15893815338724, -21.204911944698132 ], [ -45.159477142557712, -21.204911944698125 ], [ -45.159477142557712, -21.205181439283368 ], [ -45.15893815338724, -21.205181439283368 ], [ -45.15893815338724, -21.205450933868605 ] ] ] } },
{ "type": "Feature", "properties": { "id_feicao": "fogo_2017_780", "ano": 2017.0, "mes": 10, "codigo_original": 15, "classe": "Pastagem", "cor": "#edde8e", "area_ha": 0.083424571870152342 }, "geometry": { "type": "Polygon", "coordinates": [ [ [ -45.115010535993797, -21.204372955527656 ], [ -45.115010535993797, -21.204642450112893 ], [ -45.115280030579029, -21.204642450112885 ], [ -45.115280030579029, -21.20437295552766 ], [ -45.115010535993797, -21.204372955527656 ] ] ] } },
{ "type": "Feature", "properties": { "id_feicao": "fogo_2017_781", "ano": 2017.0, "mes": 10, "codigo_original": 15, "classe": "Pastagem", "cor": "#edde8e", "area_ha": 0.083424999674595893 }, "geometry": { "type": "Polygon", "coordinates": [ [ [ -45.160555120898657, -21.20437295552766 ], [ -45.160824615483889, -21.20437295552766 ], [ -45.160824615483889, -21.204103460942431 ], [ -45.160555120898657, -21.204103460942427 ], [ -45.160555120898657, -21.20437295552766 ] ] ] } },
{ "type": "Feature", "properties": { "id_feicao": "fogo_2017_782", "ano": 2017.0, "mes": 10, "codigo_original": 15, "classe": "Pastagem", "cor": "#edde8e", "area_ha": 0.16684998592222108 }, "geometry": { "type": "Polygon", "coordinates": [ [ [ -45.159477142557712, -21.204372955527663 ], [ -45.160016131728185, -21.204372955527656 ], [ -45.160016131728185, -21.204103460942427 ], [ -45.159477142557712, -21.204103460942424 ], [ -45.159477142557712, -21.204372955527663 ] ] ] } },
{ "type": "Feature", "properties": { "id_feicao": "fogo_2017_783", "ano": 2017.0, "mes": 10, "codigo_original": 15, "classe": "Pastagem", "cor": "#edde8e", "area_ha": 0.08342514452449977 }, "geometry": { "type": "Polygon", "coordinates": [ [ [ -45.160016131728185, -21.204103460942427 ], [ -45.160285626313417, -21.204103460942424 ], [ -45.160285626313417, -21.203833966357188 ], [ -45.160016131728185, -21.20383396635718 ], [ -45.160016131728185, -21.204103460942427 ] ] ] } },
{ "type": "Feature", "properties": { "id_feicao": "fogo_2017_784", "ano": 2017.0, "mes": 10, "codigo_original": 15, "classe": "Pastagem", "cor": "#edde8e", "area_ha": 0.41712468468574809 }, "geometry": { "type": "Polygon", "coordinates": [ [ [ -45.118513965601863, -21.204103460942427 ], [ -45.119052954772336, -21.204103460942431 ], [ -45.119052954772336, -21.203564471771948 ], [ -45.118244471016624, -21.203564471771948 ], [ -45.118244471016624, -21.203833966357188 ], [ -45.118513965601863, -21.203833966357184 ], [ -45.118513965601863, -21.204103460942427 ] ] ] } },
{ "type": "Feature", "properties": { "id_feicao": "fogo_2017_785", "ano": 2017.0, "mes": 10, "codigo_original": 15, "classe": "Pastagem", "cor": "#edde8e", "area_ha": 0.83425123773645604 }, "geometry": { "type": "Polygon", "coordinates": [ [ [ -45.112854579311907, -21.204372955527667 ], [ -45.113124073897147, -21.20437295552766 ], [ -45.113124073897147, -21.203564471771951 ], [ -45.112854579311907, -21.203564471771951 ], [ -45.112854579311907, -21.203294977186715 ], [ -45.112585084726675, -21.203294977186715 ], [ -45.112585084726675, -21.202755988016239 ], [ -45.112315590141435, -21.202755988016246 ], [ -45.112315590141435, -21.203025482601479 ], [ -45.111776600970963, -21.203025482601479 ], [ -45.111776600970963, -21.203294977186719 ], [ -45.112315590141435, -21.203294977186712 ], [ -45.112315590141435, -21.203564471771951 ], [ -45.112585084726675, -21.203564471771948 ], [ -45.112585084726675, -21.203833966357188 ], [ -45.112854579311907, -21.203833966357184 ], [ -45.112854579311907, -21.204372955527667 ] ] ] } },
{ "type": "Feature", "properties": { "id_feicao": "fogo_2017_786", "ano": 2017.0, "mes": 10, "codigo_original": 15, "classe": "Pastagem", "cor": "#edde8e", "area_ha": 0.083426513734553009 }, "geometry": { "type": "Polygon", "coordinates": [ [ [ -45.164328045091956, -21.201678009675298 ], [ -45.164597539677196, -21.201678009675291 ], [ -45.164597539677196, -21.201408515090062 ], [ -45.164328045091956, -21.201408515090069 ], [ -45.164328045091956, -21.201678009675298 ] ] ] } },
{ "type": "Feature", "properties": { "id_feicao": "fogo_2017_787", "ano": 2017.0, "mes": 10, "codigo_original": 15, "classe": "Pastagem", "cor": "#edde8e", "area_ha": 0.083426645134194038 }, "geometry": { "type": "Polygon", "coordinates": [ [ [ -45.11339356848238, -21.200600031334353 ], [ -45.11339356848238, -21.20086952591959 ], [ -45.113663063067619, -21.200869525919593 ], [ -45.113663063067619, -21.200600031334357 ], [ -45.11339356848238, -21.200600031334353 ] ] ] } },
{ "type": "Feature", "properties": { "id_feicao": "fogo_2017_788", "ano": 2017.0, "mes": 10, "codigo_original": 15, "classe": "Pastagem", "cor": "#edde8e", "area_ha": 0.083427096650190657 }, "geometry": { "type": "Polygon", "coordinates": [ [ [ -45.162711077580539, -21.200600031334353 ], [ -45.162980572165779, -21.200600031334357 ], [ -45.162980572165779, -21.200330536749117 ], [ -45.162711077580539, -21.200330536749121 ], [ -45.162711077580539, -21.200600031334353 ] ] ] } },
{ "type": "Feature", "properties": { "id_feicao": "fogo_2017_789", "ano": 2017.0, "mes": 10, "codigo_original": 15, "classe": "Pastagem", "cor": "#edde8e", "area_ha": 0.75084609396709134 }, "geometry": { "type": "Polygon", "coordinates": [ [ [ -45.116627503505214, -21.200330536749121 ], [ -45.115549525164269, -21.200330536749114 ], [ -45.115549525164269, -21.200600031334353 ], [ -45.117705481846151, -21.200600031334353 ], [ -45.117705481846151, -21.200330536749124 ], [ -45.116896998090446, -21.200330536749114 ], [ -45.116896998090446, -21.200061042163881 ], [ -45.116627503505214, -21.200061042163888 ], [ -45.116627503505214, -21.200330536749121 ] ] ] } },
{ "type": "Feature", "properties": { "id_feicao": "fogo_2017_790", "ano": 2017.0, "mes": 10, "codigo_original": 15, "classe": "Pastagem", "cor": "#edde8e", "area_ha": 0.083427247260604048 }, "geometry": { "type": "Polygon", "coordinates": [ [ [ -45.162980572165779, -21.200330536749117 ], [ -45.163250066751012, -21.200330536749121 ], [ -45.163250066751012, -21.200061042163881 ], [ -45.162980572165779, -21.200061042163885 ], [ -45.162980572165779, -21.200330536749117 ] ] ] } },
{ "type": "Feature", "properties": { "id_feicao": "fogo_2017_791", "ano": 2017.0, "mes": 10, "codigo_original": 15, "classe": "Pastagem", "cor": "#edde8e", "area_ha": 0.33370815196279435 }, "geometry": { "type": "Polygon", "coordinates": [ [ [ -45.114741041408557, -21.200330536749121 ], [ -45.115549525164269, -21.200330536749114 ], [ -45.115549525164269, -21.199791547578652 ], [ -45.115280030579029, -21.199791547578641 ], [ -45.115280030579029, -21.200061042163892 ], [ -45.114741041408557, -21.200061042163881 ], [ -45.114741041408557, -21.200330536749121 ] ] ] } },
{ "type": "Feature", "properties": { "id_feicao": "fogo_2017_792", "ano": 2017.0, "mes": 10, "codigo_original": 15, "classe": "Pastagem", "cor": "#edde8e", "area_ha": 0.25028195680724458 }, "geometry": { "type": "Polygon", "coordinates": [ [ [ -45.115280030579029, -21.199522052993409 ], [ -45.115010535993797, -21.199522052993409 ], [ -45.115010535993797, -21.199252558408176 ], [ -45.114741041408557, -21.199252558408173 ], [ -45.114741041408557, -21.199791547578648 ], [ -45.115280030579029, -21.199791547578641 ], [ -45.115280030579029, -21.199522052993409 ] ] ] } },
{ "type": "Feature", "properties": { "id_feicao": "fogo_2017_793", "ano": 2017.0, "mes": 10, "codigo_original": 15, "classe": "Pastagem", "cor": "#edde8e", "area_ha": 0.25028556971596555 }, "geometry": { "type": "Polygon", "coordinates": [ [ [ -45.116896998090446, -21.197635590896759 ], [ -45.117166492675686, -21.197635590896759 ], [ -45.117166492675686, -21.19709660172629 ], [ -45.116627503505214, -21.19709660172629 ], [ -45.116627503505214, -21.19736609631153 ], [ -45.116896998090446, -21.197366096311526 ], [ -45.116896998090446, -21.197635590896759 ] ] ] } },
{ "type": "Feature", "properties": { "id_feicao": "fogo_2017_794", "ano": 2017.0, "mes": 10, "codigo_original": 15, "classe": "Pastagem", "cor": "#edde8e", "area_ha": 0.50057332770787832 }, "geometry": { "type": "Polygon", "coordinates": [ [ [ -45.115819019749502, -21.196288117970582 ], [ -45.115819019749502, -21.197096601726287 ], [ -45.116358008919974, -21.197096601726283 ], [ -45.116358008919974, -21.196288117970578 ], [ -45.115819019749502, -21.196288117970582 ] ] ] } },
{ "type": "Feature", "properties": { "id_feicao": "fogo_2017_795", "ano": 2017.0, "mes": 10, "codigo_original": 15, "classe": "Pastagem", "cor": "#edde8e", "area_ha": 0.08342948597026989 }, "geometry": { "type": "Polygon", "coordinates": [ [ [ -45.116627503505214, -21.195749128800106 ], [ -45.116896998090446, -21.195749128800117 ], [ -45.116896998090446, -21.195479634214873 ], [ -45.116627503505214, -21.195479634214873 ], [ -45.116627503505214, -21.195749128800106 ] ] ] } },
{ "type": "Feature", "properties": { "id_feicao": "fogo_2017_796", "ano": 2017.0, "mes": 10, "codigo_original": 15, "classe": "Pastagem", "cor": "#edde8e", "area_ha": 1.585174134351313 }, "geometry": { "type": "Polygon", "coordinates": [ [ [ -45.11150710638573, -21.194671150459161 ], [ -45.112315590141435, -21.194671150459168 ], [ -45.112315590141435, -21.194132161288689 ], [ -45.11150710638573, -21.194132161288689 ], [ -45.11150710638573, -21.193593172118224 ], [ -45.111237611800497, -21.193593172118224 ], [ -45.111237611800497, -21.193323677532987 ], [ -45.110698622630025, -21.193323677532991 ], [ -45.110698622630025, -21.193593172118227 ], [ -45.110968117215258, -21.193593172118231 ], [ -45.110968117215258, -21.194401655873936 ], [ -45.110698622630025, -21.194401655873925 ], [ -45.110698622630025, -21.194671150459172 ], [ -45.110968117215258, -21.194671150459165 ], [ -45.110968117215258, -21.194940645044394 ], [ -45.11150710638573, -21.194940645044394 ], [ -45.11150710638573, -21.194671150459161 ] ] ] } },
{ "type": "Feature", "properties": { "id_feicao": "fogo_2017_797", "ano": 2017.0, "mes": 10, "codigo_original": 15, "classe": "Pastagem", "cor": "#edde8e", "area_ha": 0.083432149920146914 }, "geometry": { "type": "Polygon", "coordinates": [ [ [ -45.114471546823324, -21.190898226265862 ], [ -45.114741041408557, -21.190898226265862 ], [ -45.114741041408557, -21.190628731680633 ], [ -45.114471546823324, -21.190628731680629 ], [ -45.114471546823324, -21.190898226265862 ] ] ] } },
{ "type": "Feature", "properties": { "id_feicao": "fogo_2017_798", "ano": 2017.0, "mes": 10, "codigo_original": 15, "classe": "Pastagem", "cor": "#edde8e", "area_ha": 0.33373153070285916 }, "geometry": { "type": "Polygon", "coordinates": [ [ [ -45.112585084726675, -21.189281258754448 ], [ -45.112315590141435, -21.189281258754445 ], [ -45.112315590141435, -21.189820247924921 ], [ -45.112585084726675, -21.189820247924921 ], [ -45.112585084726675, -21.189550753339677 ], [ -45.112854579311907, -21.189550753339677 ], [ -45.112854579311907, -21.189011764169212 ], [ -45.112585084726675, -21.189011764169216 ], [ -45.112585084726675, -21.189281258754448 ] ] ] } },
{ "type": "Feature", "properties": { "id_feicao": "fogo_2017_799", "ano": 2017.0, "mes": 10, "codigo_original": 15, "classe": "Pastagem", "cor": "#edde8e", "area_ha": 0.083433190050348646 }, "geometry": { "type": "Polygon", "coordinates": [ [ [ -45.114471546823324, -21.189011764169219 ], [ -45.114741041408557, -21.189011764169212 ], [ -45.114741041408557, -21.18874226958398 ], [ -45.114471546823324, -21.188742269583987 ], [ -45.114471546823324, -21.189011764169219 ] ] ] } },
{ "type": "Feature", "properties": { "id_feicao": "fogo_2017_800", "ano": 2017.0, "mes": 10, "codigo_original": 15, "classe": "Pastagem", "cor": "#edde8e", "area_ha": 0.25030002417135983 }, "geometry": { "type": "Polygon", "coordinates": [ [ [ -45.114741041408557, -21.18874226958398 ], [ -45.115549525164269, -21.188742269583976 ], [ -45.115549525164269, -21.188472774998747 ], [ -45.114741041408557, -21.188472774998747 ], [ -45.114741041408557, -21.18874226958398 ] ] ] } },
{ "type": "Feature", "properties": { "id_feicao": "fogo_2017_801", "ano": 2017.0, "mes": 10, "codigo_original": 15, "classe": "Pastagem", "cor": "#edde8e", "area_ha": 0.66747110393919828 }, "geometry": { "type": "Polygon", "coordinates": [ [ [ -45.111776600970963, -21.187394796657802 ], [ -45.111776600970963, -21.187664291243028 ], [ -45.112585084726675, -21.187664291243028 ], [ -45.112585084726675, -21.187125302072559 ], [ -45.111237611800497, -21.187125302072566 ], [ -45.111237611800497, -21.187394796657802 ], [ -45.111776600970963, -21.187394796657802 ] ] ] } },
{ "type": "Feature", "properties": { "id_feicao": "fogo_2017_802", "ano": 2017.0, "mes": 10, "codigo_original": 15, "classe": "Pastagem", "cor": "#edde8e", "area_ha": 0.083434384180884807 }, "geometry": { "type": "Polygon", "coordinates": [ [ [ -45.115549525164269, -21.186855807487323 ], [ -45.115819019749502, -21.186855807487323 ], [ -45.115819019749502, -21.186586312902094 ], [ -45.115549525164269, -21.186586312902083 ], [ -45.115549525164269, -21.186855807487323 ] ] ] } },
{ "type": "Feature", "properties": { "id_feicao": "fogo_2017_803", "ano": 2017.0, "mes": 10, "codigo_original": 15, "classe": "Pastagem", "cor": "#edde8e", "area_ha": 0.66747860518116509 }, "geometry": { "type": "Polygon", "coordinates": [ [ [ -45.116358008919974, -21.185508334561145 ], [ -45.115549525164269, -21.185508334561149 ], [ -45.115549525164269, -21.185777829146382 ], [ -45.115819019749502, -21.185777829146385 ], [ -45.115819019749502, -21.186316818316858 ], [ -45.116358008919974, -21.186316818316858 ], [ -45.116358008919974, -21.186047323731618 ], [ -45.116627503505214, -21.186047323731621 ], [ -45.116627503505214, -21.185777829146389 ], [ -45.116358008919974, -21.185777829146378 ], [ -45.116358008919974, -21.185508334561145 ] ] ] } },
{ "type": "Feature", "properties": { "id_feicao": "fogo_2017_804", "ano": 2017.0, "mes": 10, "codigo_original": 15, "classe": "Pastagem", "cor": "#edde8e", "area_ha": 0.083435868406020477 }, "geometry": { "type": "Polygon", "coordinates": [ [ [ -45.115280030579029, -21.183891367049728 ], [ -45.115280030579029, -21.184160861634965 ], [ -45.115549525164269, -21.184160861634975 ], [ -45.115549525164269, -21.183891367049732 ], [ -45.115280030579029, -21.183891367049728 ] ] ] } },
{ "type": "Feature", "properties": { "id_feicao": "fogo_2017_805", "ano": 2017.0, "mes": 10, "codigo_original": 15, "classe": "Pastagem", "cor": "#edde8e", "area_ha": 0.083436166885402049 }, "geometry": { "type": "Polygon", "coordinates": [ [ [ -45.115549525164269, -21.183621872464499 ], [ -45.115819019749502, -21.183621872464503 ], [ -45.115819019749502, -21.183352377879256 ], [ -45.115549525164269, -21.183352377879256 ], [ -45.115549525164269, -21.183621872464499 ] ] ] } },
{ "type": "Feature", "properties": { "id_feicao": "fogo_2017_806", "ano": 2017.0, "mes": 10, "codigo_original": 15, "classe": "Pastagem", "cor": "#edde8e", "area_ha": 0.50061919322898607 }, "geometry": { "type": "Polygon", "coordinates": [ [ [ -45.167831474700023, -21.183891367049732 ], [ -45.168639958455735, -21.183891367049728 ], [ -45.168639958455735, -21.182813388708784 ], [ -45.168370463870495, -21.182813388708787 ], [ -45.168370463870495, -21.183621872464496 ], [ -45.167831474700023, -21.183621872464496 ], [ -45.167831474700023, -21.183891367049732 ] ] ] } },
{ "type": "Feature", "properties": { "id_feicao": "fogo_2017_807", "ano": 2017.0, "mes": 10, "codigo_original": 15, "classe": "Pastagem", "cor": "#edde8e", "area_ha": 0.083436791590767737 }, "geometry": { "type": "Polygon", "coordinates": [ [ [ -45.16756198011479, -21.182813388708794 ], [ -45.16756198011479, -21.183082883294027 ], [ -45.167831474700023, -21.183082883294023 ], [ -45.167831474700023, -21.182813388708784 ], [ -45.16756198011479, -21.182813388708794 ] ] ] } },
{ "type": "Feature", "properties": { "id_feicao": "fogo_2017_808", "ano": 2017.0, "mes": 10, "codigo_original": 15, "classe": "Pastagem", "cor": "#edde8e", "area_ha": 0.083436472348961982 }, "geometry": { "type": "Polygon", "coordinates": [ [ [ -45.117166492675686, -21.183082883294023 ], [ -45.117435987260919, -21.183082883294031 ], [ -45.117435987260919, -21.182813388708791 ], [ -45.117166492675686, -21.182813388708794 ], [ -45.117166492675686, -21.183082883294023 ] ] ] } },
{ "type": "Feature", "properties": { "id_feicao": "fogo_2017_809", "ano": 2017.0, "mes": 10, "codigo_original": 15, "classe": "Pastagem", "cor": "#edde8e", "area_ha": 0.33374856030791999 }, "geometry": { "type": "Polygon", "coordinates": [ [ [ -45.116896998090446, -21.182004904953079 ], [ -45.117435987260919, -21.182004904953079 ], [ -45.117435987260919, -21.181465915782603 ], [ -45.116896998090446, -21.181465915782614 ], [ -45.116896998090446, -21.182004904953079 ] ] ] } },
{ "type": "Feature", "properties": { "id_feicao": "fogo_2017_810", "ano": 2017.0, "mes": 10, "codigo_original": 15, "classe": "Pastagem", "cor": "#edde8e", "area_ha": 0.083437517760880292 }, "geometry": { "type": "Polygon", "coordinates": [ [ [ -45.118244471016624, -21.181196421197377 ], [ -45.118513965601863, -21.181196421197374 ], [ -45.118513965601863, -21.180926926612131 ], [ -45.118244471016624, -21.180926926612131 ], [ -45.118244471016624, -21.181196421197377 ] ] ] } },
{ "type": "Feature", "properties": { "id_feicao": "fogo_2017_811", "ano": 2017.0, "mes": 10, "codigo_original": 15, "classe": "Pastagem", "cor": "#edde8e", "area_ha": 0.083437669133115566 }, "geometry": { "type": "Polygon", "coordinates": [ [ [ -45.118783460187096, -21.180926926612134 ], [ -45.119052954772336, -21.180926926612138 ], [ -45.119052954772336, -21.180657432026905 ], [ -45.118783460187096, -21.180657432026898 ], [ -45.118783460187096, -21.180926926612134 ] ] ] } },
{ "type": "Feature", "properties": { "id_feicao": "fogo_2017_812", "ano": 2017.0, "mes": 10, "codigo_original": 15, "classe": "Pastagem", "cor": "#edde8e", "area_ha": 11.597875995044904 }, "geometry": { "type": "Polygon", "coordinates": [ [ [ -45.11339356848238, -21.178231980759779 ], [ -45.11339356848238, -21.179309959100724 ], [ -45.113124073897147, -21.179309959100724 ], [ -45.113124073897147, -21.179579453685957 ], [ -45.112315590141435, -21.179579453685953 ], [ -45.112315590141435, -21.180118442856436 ], [ -45.111776600970963, -21.180118442856426 ], [ -45.111776600970963, -21.180387937441669 ], [ -45.11150710638573, -21.180387937441658 ], [ -45.11150710638573, -21.180657432026901 ], [ -45.110968117215258, -21.180657432026901 ], [ -45.110968117215258, -21.180387937441669 ], [ -45.111237611800497, -21.180387937441658 ], [ -45.111237611800497, -21.180118442856433 ], [ -45.110698622630025, -21.180118442856433 ], [ -45.110698622630025, -21.180387937441662 ], [ -45.110159633459553, -21.180387937441658 ], [ -45.110159633459553, -21.180657432026905 ], [ -45.110429128044785, -21.180657432026898 ], [ -45.110429128044785, -21.181196421197367 ], [ -45.110159633459553, -21.181196421197377 ], [ -45.110159633459553, -21.181465915782606 ], [ -45.110429128044785, -21.18146591578261 ], [ -45.110429128044785, -21.181735410367839 ], [ -45.110698622630025, -21.181735410367835 ], [ -45.110698622630025, -21.181465915782614 ], [ -45.11150710638573, -21.18146591578261 ], [ -45.11150710638573, -21.182004904953079 ], [ -45.111776600970963, -21.182004904953082 ], [ -45.111776600970963, -21.181735410367839 ], [ -45.112585084726675, -21.181735410367839 ], [ -45.112585084726675, -21.182004904953089 ], [ -45.112854579311907, -21.182004904953086 ], [ -45.112854579311907, -21.182543894123551 ], [ -45.112315590141435, -21.182543894123551 ], [ -45.112315590141435, -21.182813388708791 ], [ -45.112585084726675, -21.18281338870878 ], [ -45.112585084726675, -21.183891367049728 ], [ -45.112854579311907, -21.183891367049728 ], [ -45.112854579311907, -21.183352377879263 ], [ -45.113663063067619, -21.183352377879263 ], [ -45.113663063067619, -21.183082883294031 ], [ -45.11339356848238, -21.183082883294023 ], [ -45.11339356848238, -21.182813388708794 ], [ -45.113663063067619, -21.182813388708784 ], [ -45.113663063067619, -21.182004904953086 ], [ -45.113124073897147, -21.182004904953086 ], [ -45.113124073897147, -21.181735410367839 ], [ -45.114471546823324, -21.181735410367832 ], [ -45.114471546823324, -21.181465915782603 ], [ -45.114202052238092, -21.181465915782606 ], [ -45.114202052238092, -21.180926926612131 ], [ -45.113663063067619, -21.180926926612138 ], [ -45.113663063067619, -21.180657432026898 ], [ -45.11339356848238, -21.180657432026905 ], [ -45.11339356848238, -21.180387937441665 ], [ -45.113932557652852, -21.180387937441662 ], [ -45.113932557652852, -21.179848948271193 ], [ -45.11339356848238, -21.1798489482712 ], [ -45.11339356848238, -21.17957945368596 ], [ -45.113663063067619, -21.179579453685953 ], [ -45.113663063067619, -21.178770969930255 ], [ -45.113932557652852, -21.178770969930252 ], [ -45.113932557652852, -21.178231980759779 ], [ -45.114202052238092, -21.178231980759787 ], [ -45.114202052238092, -21.178501475345012 ], [ -45.114471546823324, -21.178501475345016 ], [ -45.114471546823324, -21.178770969930252 ], [ -45.114741041408557, -21.178770969930248 ], [ -45.114741041408557, -21.178501475345012 ], [ -45.115010535993797, -21.178501475345012 ], [ -45.115010535993797, -21.177692991589307 ], [ -45.114741041408557, -21.177692991589307 ], [ -45.114741041408557, -21.177423497004071 ], [ -45.116358008919974, -21.177423497004071 ], [ -45.116358008919974, -21.177154002418835 ], [ -45.116627503505214, -21.177154002418838 ], [ -45.116627503505214, -21.176884507833599 ], [ -45.115280030579029, -21.176884507833599 ], [ -45.115280030579029, -21.176615013248366 ], [ -45.115010535993797, -21.176615013248362 ], [ -45.115010535993797, -21.176076024077897 ], [ -45.114741041408557, -21.17607602407789 ], [ -45.114741041408557, -21.177154002418831 ], [ -45.114471546823324, -21.177154002418842 ], [ -45.114471546823324, -21.177423497004071 ], [ -45.114202052238092, -21.177423497004071 ], [ -45.114202052238092, -21.177692991589311 ], [ -45.113932557652852, -21.177692991589307 ], [ -45.113932557652852, -21.177962486174543 ], [ -45.113663063067619, -21.177962486174543 ], [ -45.113663063067619, -21.178231980759779 ], [ -45.11339356848238, -21.178231980759779 ] ], [ [ -45.112585084726675, -21.180118442856429 ], [ -45.112585084726675, -21.180387937441658 ], [ -45.112315590141435, -21.180387937441658 ], [ -45.112315590141435, -21.180118442856436 ], [ -45.112585084726675, -21.180118442856429 ] ], [ [ -45.112854579311907, -21.181735410367839 ], [ -45.112854579311907, -21.181465915782614 ], [ -45.112585084726675, -21.181465915782599 ], [ -45.112585084726675, -21.180926926612134 ], [ -45.112854579311907, -21.180926926612138 ], [ -45.112854579311907, -21.180657432026901 ], [ -45.113124073897147, -21.180657432026898 ], [ -45.113124073897147, -21.181735410367839 ], [ -45.112854579311907, -21.181735410367839 ] ], [ [ -45.114741041408557, -21.17796248617455 ], [ -45.114471546823324, -21.17796248617455 ], [ -45.114471546823324, -21.177692991589311 ], [ -45.114741041408557, -21.177692991589307 ], [ -45.114741041408557, -21.17796248617455 ] ] ] } },
{ "type": "Feature", "properties": { "id_feicao": "fogo_2017_813", "ano": 2017.0, "mes": 10, "codigo_original": 15, "classe": "Pastagem", "cor": "#edde8e", "area_ha": 0.16687637510206552 }, "geometry": { "type": "Polygon", "coordinates": [ [ [ -45.118513965601863, -21.180118442856429 ], [ -45.118783460187096, -21.180118442856433 ], [ -45.118783460187096, -21.17957945368596 ], [ -45.118513965601863, -21.179579453685953 ], [ -45.118513965601863, -21.180118442856429 ] ] ] } },
{ "type": "Feature", "properties": { "id_feicao": "fogo_2017_814", "ano": 2017.0, "mes": 10, "codigo_original": 15, "classe": "Pastagem", "cor": "#edde8e", "area_ha": 0.083438420361597765 }, "geometry": { "type": "Polygon", "coordinates": [ [ [ -45.120400427698513, -21.179309959100724 ], [ -45.120400427698513, -21.179579453685964 ], [ -45.120669922283746, -21.179579453685957 ], [ -45.120669922283746, -21.179309959100724 ], [ -45.120400427698513, -21.179309959100724 ] ] ] } },
{ "type": "Feature", "properties": { "id_feicao": "fogo_2017_815", "ano": 2017.0, "mes": 10, "codigo_original": 15, "classe": "Pastagem", "cor": "#edde8e", "area_ha": 0.16687692452501507 }, "geometry": { "type": "Polygon", "coordinates": [ [ [ -45.114202052238092, -21.17957945368596 ], [ -45.114471546823324, -21.179579453685957 ], [ -45.114471546823324, -21.179040464515484 ], [ -45.114202052238092, -21.179040464515488 ], [ -45.114202052238092, -21.17957945368596 ] ] ] } },
{ "type": "Feature", "properties": { "id_feicao": "fogo_2017_816", "ano": 2017.0, "mes": 10, "codigo_original": 15, "classe": "Pastagem", "cor": "#edde8e", "area_ha": 0.16687713344460353 }, "geometry": { "type": "Polygon", "coordinates": [ [ [ -45.119861438528041, -21.179309959100724 ], [ -45.120400427698513, -21.179309959100724 ], [ -45.120400427698513, -21.179040464515488 ], [ -45.119861438528041, -21.179040464515488 ], [ -45.119861438528041, -21.179309959100724 ] ] ] } },
{ "type": "Feature", "properties": { "id_feicao": "fogo_2017_817", "ano": 2017.0, "mes": 10, "codigo_original": 15, "classe": "Pastagem", "cor": "#edde8e", "area_ha": 1.3350227585701271 }, "geometry": { "type": "Polygon", "coordinates": [ [ [ -45.119052954772336, -21.178231980759783 ], [ -45.119322449357568, -21.178231980759779 ], [ -45.119322449357568, -21.178501475345023 ], [ -45.119591943942808, -21.178501475345019 ], [ -45.119591943942808, -21.177962486174547 ], [ -45.117974976431391, -21.177962486174543 ], [ -45.117974976431391, -21.178231980759779 ], [ -45.117705481846151, -21.178231980759787 ], [ -45.117705481846151, -21.178501475345016 ], [ -45.117435987260919, -21.178501475345019 ], [ -45.117435987260919, -21.178770969930255 ], [ -45.118513965601863, -21.178770969930248 ], [ -45.118513965601863, -21.178501475345023 ], [ -45.119052954772336, -21.178501475345016 ], [ -45.119052954772336, -21.178231980759783 ] ] ] } },
{ "type": "Feature", "properties": { "id_feicao": "fogo_2017_818", "ano": 2017.0, "mes": 10, "codigo_original": 15, "classe": "Pastagem", "cor": "#edde8e", "area_ha": 0.25031735917581244 }, "geometry": { "type": "Polygon", "coordinates": [ [ [ -45.111776600970963, -21.178231980759779 ], [ -45.112585084726675, -21.178231980759776 ], [ -45.112585084726675, -21.177962486174543 ], [ -45.111776600970963, -21.177962486174543 ], [ -45.111776600970963, -21.178231980759779 ] ] ] } },
{ "type": "Feature", "properties": { "id_feicao": "fogo_2017_819", "ano": 2017.0, "mes": 10, "codigo_original": 15, "classe": "Pastagem", "cor": "#edde8e", "area_ha": 0.25031804563505577 }, "geometry": { "type": "Polygon", "coordinates": [ [ [ -45.112854579311907, -21.17796248617455 ], [ -45.113124073897147, -21.177962486174543 ], [ -45.113124073897147, -21.177423497004071 ], [ -45.112585084726675, -21.177423497004071 ], [ -45.112585084726675, -21.177692991589307 ], [ -45.112854579311907, -21.177692991589311 ], [ -45.112854579311907, -21.17796248617455 ] ] ] } },
{ "type": "Feature", "properties": { "id_feicao": "fogo_2017_820", "ano": 2017.0, "mes": 10, "codigo_original": 15, "classe": "Pastagem", "cor": "#edde8e", "area_ha": 0.083439454211201525 }, "geometry": { "type": "Polygon", "coordinates": [ [ [ -45.119322449357568, -21.177692991589307 ], [ -45.119591943942808, -21.177692991589304 ], [ -45.119591943942808, -21.177423497004071 ], [ -45.119322449357568, -21.177423497004067 ], [ -45.119322449357568, -21.177692991589307 ] ] ] } },
{ "type": "Feature", "properties": { "id_feicao": "fogo_2017_821", "ano": 2017.0, "mes": 10, "codigo_original": 15, "classe": "Pastagem", "cor": "#edde8e", "area_ha": 0.2503199278551958 }, "geometry": { "type": "Polygon", "coordinates": [ [ [ -45.119322449357568, -21.176615013248366 ], [ -45.119322449357568, -21.176884507833599 ], [ -45.119591943942808, -21.176884507833599 ], [ -45.119591943942808, -21.176345518663123 ], [ -45.119052954772336, -21.176345518663123 ], [ -45.119052954772336, -21.176615013248366 ], [ -45.119322449357568, -21.176615013248366 ] ] ] } },
{ "type": "Feature", "properties": { "id_feicao": "fogo_2017_822", "ano": 2017.0, "mes": 10, "codigo_original": 15, "classe": "Pastagem", "cor": "#edde8e", "area_ha": 0.16688003368116916 }, "geometry": { "type": "Polygon", "coordinates": [ [ [ -45.113124073897147, -21.176615013248362 ], [ -45.113663063067619, -21.176615013248369 ], [ -45.113663063067619, -21.176345518663123 ], [ -45.113124073897147, -21.176345518663133 ], [ -45.113124073897147, -21.176615013248362 ] ] ] } },
{ "type": "Feature", "properties": { "id_feicao": "fogo_2017_823", "ano": 2017.0, "mes": 10, "codigo_original": 15, "classe": "Pastagem", "cor": "#edde8e", "area_ha": 0.083440206826943905 }, "geometry": { "type": "Polygon", "coordinates": [ [ [ -45.121208911454218, -21.17634551866313 ], [ -45.121478406039458, -21.17634551866313 ], [ -45.121478406039458, -21.176076024077886 ], [ -45.121208911454218, -21.176076024077894 ], [ -45.121208911454218, -21.17634551866313 ] ] ] } },
{ "type": "Feature", "properties": { "id_feicao": "fogo_2017_824", "ano": 2017.0, "mes": 10, "codigo_original": 15, "classe": "Pastagem", "cor": "#edde8e", "area_ha": 0.083440367055684334 }, "geometry": { "type": "Polygon", "coordinates": [ [ [ -45.123364868136107, -21.17607602407789 ], [ -45.123634362721347, -21.176076024077897 ], [ -45.123634362721347, -21.175806529492657 ], [ -45.123364868136107, -21.175806529492661 ], [ -45.123364868136107, -21.17607602407789 ] ] ] } },
{ "type": "Feature", "properties": { "id_feicao": "fogo_2017_825", "ano": 2017.0, "mes": 10, "codigo_original": 15, "classe": "Pastagem", "cor": "#edde8e", "area_ha": 0.083440358236432075 }, "geometry": { "type": "Polygon", "coordinates": [ [ [ -45.12174790062469, -21.17607602407789 ], [ -45.12201739520993, -21.176076024077886 ], [ -45.12201739520993, -21.175806529492654 ], [ -45.12174790062469, -21.175806529492657 ], [ -45.12174790062469, -21.17607602407789 ] ] ] } },
{ "type": "Feature", "properties": { "id_feicao": "fogo_2017_826", "ano": 2017.0, "mes": 10, "codigo_original": 15, "classe": "Pastagem", "cor": "#edde8e", "area_ha": 0.083440346655156469 }, "geometry": { "type": "Polygon", "coordinates": [ [ [ -45.119591943942808, -21.176076024077894 ], [ -45.119861438528041, -21.176076024077894 ], [ -45.119861438528041, -21.175806529492657 ], [ -45.119591943942808, -21.175806529492654 ], [ -45.119591943942808, -21.176076024077894 ] ] ] } },
{ "type": "Feature", "properties": { "id_feicao": "fogo_2017_827", "ano": 2017.0, "mes": 10, "codigo_original": 15, "classe": "Pastagem", "cor": "#edde8e", "area_ha": 0.083440508190728721 }, "geometry": { "type": "Polygon", "coordinates": [ [ [ -45.12201739520993, -21.175806529492654 ], [ -45.122286889795163, -21.175806529492654 ], [ -45.122286889795163, -21.175537034907421 ], [ -45.12201739520993, -21.175537034907421 ], [ -45.12201739520993, -21.175806529492654 ] ] ] } },
{ "type": "Feature", "properties": { "id_feicao": "fogo_2017_828", "ano": 2017.0, "mes": 10, "codigo_original": 15, "classe": "Pastagem", "cor": "#edde8e", "area_ha": 0.083440467107293081 }, "geometry": { "type": "Polygon", "coordinates": [ [ [ -45.114202052238092, -21.175537034907418 ], [ -45.114202052238092, -21.175806529492661 ], [ -45.114471546823324, -21.175806529492654 ], [ -45.114471546823324, -21.175537034907425 ], [ -45.114202052238092, -21.175537034907418 ] ] ] } },
{ "type": "Feature", "properties": { "id_feicao": "fogo_2017_829", "ano": 2017.0, "mes": 10, "codigo_original": 15, "classe": "Pastagem", "cor": "#edde8e", "area_ha": 0.41720298855230215 }, "geometry": { "type": "Polygon", "coordinates": [ [ [ -45.122286889795163, -21.175537034907421 ], [ -45.122556384380403, -21.175537034907421 ], [ -45.122556384380403, -21.175806529492665 ], [ -45.123364868136107, -21.175806529492661 ], [ -45.123364868136107, -21.175537034907418 ], [ -45.122825878965635, -21.175537034907428 ], [ -45.122825878965635, -21.175267540322192 ], [ -45.122286889795163, -21.175267540322189 ], [ -45.122286889795163, -21.175537034907421 ] ] ] } },
{ "type": "Feature", "properties": { "id_feicao": "fogo_2017_830", "ano": 2017.0, "mes": 10, "codigo_original": 15, "classe": "Pastagem", "cor": "#edde8e", "area_ha": 0.33376253774203363 }, "geometry": { "type": "Polygon", "coordinates": [ [ [ -45.117705481846151, -21.175806529492657 ], [ -45.117974976431391, -21.17580652949265 ], [ -45.117974976431391, -21.175537034907421 ], [ -45.118244471016624, -21.175537034907418 ], [ -45.118244471016624, -21.175267540322185 ], [ -45.117974976431391, -21.175267540322189 ], [ -45.117974976431391, -21.174998045736949 ], [ -45.117705481846151, -21.174998045736949 ], [ -45.117705481846151, -21.175806529492657 ] ] ] } },
{ "type": "Feature", "properties": { "id_feicao": "fogo_2017_831", "ano": 2017.0, "mes": 10, "codigo_original": 15, "classe": "Pastagem", "cor": "#edde8e", "area_ha": 1.0012905425892173 }, "geometry": { "type": "Polygon", "coordinates": [ [ [ -45.115549525164269, -21.174998045736949 ], [ -45.115549525164269, -21.174728551151709 ], [ -45.115280030579029, -21.174728551151716 ], [ -45.115280030579029, -21.17418956198124 ], [ -45.114741041408557, -21.174189561981244 ], [ -45.114741041408557, -21.174998045736949 ], [ -45.114471546823324, -21.174998045736952 ], [ -45.114471546823324, -21.175537034907425 ], [ -45.114741041408557, -21.175537034907425 ], [ -45.114741041408557, -21.175806529492657 ], [ -45.115010535993797, -21.175806529492657 ], [ -45.115010535993797, -21.174998045736949 ], [ -45.115549525164269, -21.174998045736949 ] ] ] } },
{ "type": "Feature", "properties": { "id_feicao": "fogo_2017_832", "ano": 2017.0, "mes": 10, "codigo_original": 15, "classe": "Pastagem", "cor": "#edde8e", "area_ha": 0.083440953668020665 }, "geometry": { "type": "Polygon", "coordinates": [ [ [ -45.12201739520993, -21.174998045736945 ], [ -45.122286889795163, -21.174998045736949 ], [ -45.122286889795163, -21.174728551151706 ], [ -45.12201739520993, -21.174728551151716 ], [ -45.12201739520993, -21.174998045736945 ] ] ] } },
{ "type": "Feature", "properties": { "id_feicao": "fogo_2017_833", "ano": 2017.0, "mes": 10, "codigo_original": 15, "classe": "Pastagem", "cor": "#edde8e", "area_ha": 0.083440934917237614 }, "geometry": { "type": "Polygon", "coordinates": [ [ [ -45.118513965601863, -21.174998045736952 ], [ -45.118783460187096, -21.174998045736956 ], [ -45.118783460187096, -21.174728551151713 ], [ -45.118513965601863, -21.174728551151713 ], [ -45.118513965601863, -21.174998045736952 ] ] ] } },
{ "type": "Feature", "properties": { "id_feicao": "fogo_2017_834", "ano": 2017.0, "mes": 10, "codigo_original": 15, "classe": "Pastagem", "cor": "#edde8e", "area_ha": 0.083440932078322469 }, "geometry": { "type": "Polygon", "coordinates": [ [ [ -45.117974976431391, -21.174728551151709 ], [ -45.117974976431391, -21.174998045736949 ], [ -45.118244471016624, -21.174998045736945 ], [ -45.118244471016624, -21.174728551151716 ], [ -45.117974976431391, -21.174728551151709 ] ] ] } },
{ "type": "Feature", "properties": { "id_feicao": "fogo_2017_835", "ano": 2017.0, "mes": 10, "codigo_original": 15, "classe": "Pastagem", "cor": "#edde8e", "area_ha": 0.33376416786015034 }, "geometry": { "type": "Polygon", "coordinates": [ [ [ -45.124442846477052, -21.174998045736949 ], [ -45.124981835647525, -21.174998045736949 ], [ -45.124981835647525, -21.17445905656648 ], [ -45.124442846477052, -21.174459056566473 ], [ -45.124442846477052, -21.174998045736949 ] ] ] } },
{ "type": "Feature", "properties": { "id_feicao": "fogo_2017_836", "ano": 2017.0, "mes": 10, "codigo_original": 15, "classe": "Pastagem", "cor": "#edde8e", "area_ha": 0.25032365350434554 }, "geometry": { "type": "Polygon", "coordinates": [ [ [ -45.115549525164269, -21.174459056566473 ], [ -45.116358008919974, -21.174459056566473 ], [ -45.116358008919974, -21.174189561981244 ], [ -45.115549525164269, -21.17418956198124 ], [ -45.115549525164269, -21.174459056566473 ] ] ] } },
{ "type": "Feature", "properties": { "id_feicao": "fogo_2017_837", "ano": 2017.0, "mes": 10, "codigo_original": 15, "classe": "Pastagem", "cor": "#edde8e", "area_ha": 0.083322545977402476 }, "geometry": { "type": "Polygon", "coordinates": [ [ [ -45.105578225510541, -21.388707251828983 ], [ -45.105847720095774, -21.388707251828986 ], [ -45.105847720095774, -21.388437757243743 ], [ -45.105578225510541, -21.388437757243739 ], [ -45.105578225510541, -21.388707251828983 ] ] ] } },
{ "type": "Feature", "properties": { "id_feicao": "fogo_2017_838", "ano": 2017.0, "mes": 10, "codigo_original": 15, "classe": "Pastagem", "cor": "#edde8e", "area_ha": 0.083322702251281591 }, "geometry": { "type": "Polygon", "coordinates": [ [ [ -45.106925698436719, -21.388437757243743 ], [ -45.107195193021958, -21.388437757243739 ], [ -45.107195193021958, -21.388168262658517 ], [ -45.106925698436719, -21.388168262658503 ], [ -45.106925698436719, -21.388437757243743 ] ] ] } },
{ "type": "Feature", "properties": { "id_feicao": "fogo_2017_839", "ano": 2017.0, "mes": 10, "codigo_original": 15, "classe": "Pastagem", "cor": "#edde8e", "area_ha": 0.66658283050563183 }, "geometry": { "type": "Polygon", "coordinates": [ [ [ -45.106925698436719, -21.387898768073274 ], [ -45.107195193021958, -21.387898768073281 ], [ -45.107195193021958, -21.387629273488042 ], [ -45.106386709266246, -21.387629273488045 ], [ -45.106386709266246, -21.387898768073271 ], [ -45.105847720095774, -21.387898768073271 ], [ -45.105847720095774, -21.38816826265851 ], [ -45.106386709266246, -21.38816826265851 ], [ -45.106386709266246, -21.388437757243736 ], [ -45.106656203851486, -21.388437757243743 ], [ -45.106656203851486, -21.388168262658517 ], [ -45.106925698436719, -21.388168262658503 ], [ -45.106925698436719, -21.387898768073274 ] ] ] } },
{ "type": "Feature", "properties": { "id_feicao": "fogo_2017_840", "ano": 2017.0, "mes": 10, "codigo_original": 15, "classe": "Pastagem", "cor": "#edde8e", "area_ha": 0.083322994503658265 }, "geometry": { "type": "Polygon", "coordinates": [ [ [ -45.105308730925309, -21.387898768073274 ], [ -45.105578225510541, -21.387898768073274 ], [ -45.105578225510541, -21.387629273488034 ], [ -45.105308730925309, -21.387629273488045 ], [ -45.105308730925309, -21.387898768073274 ] ] ] } },
{ "type": "Feature", "properties": { "id_feicao": "fogo_2017_841", "ano": 2017.0, "mes": 10, "codigo_original": 15, "classe": "Pastagem", "cor": "#edde8e", "area_ha": 0.33330608183395416 }, "geometry": { "type": "Polygon", "coordinates": [ [ [ -45.105847720095774, -21.38116140344238 ], [ -45.105847720095774, -21.381700392612853 ], [ -45.106386709266246, -21.38170039261286 ], [ -45.106386709266246, -21.38116140344237 ], [ -45.105847720095774, -21.38116140344238 ] ] ] } },
{ "type": "Feature", "properties": { "id_feicao": "fogo_2017_842", "ano": 2017.0, "mes": 10, "codigo_original": 15, "classe": "Pastagem", "cor": "#edde8e", "area_ha": 0.083326598573662342 }, "geometry": { "type": "Polygon", "coordinates": [ [ [ -45.106656203851486, -21.381430898027617 ], [ -45.106925698436719, -21.381430898027606 ], [ -45.106925698436719, -21.38116140344238 ], [ -45.106656203851486, -21.381161403442384 ], [ -45.106656203851486, -21.381430898027617 ] ] ] } },
{ "type": "Feature", "properties": { "id_feicao": "fogo_2017_843", "ano": 2017.0, "mes": 10, "codigo_original": 15, "classe": "Pastagem", "cor": "#edde8e", "area_ha": 0.083327193025778984 }, "geometry": { "type": "Polygon", "coordinates": [ [ [ -45.105578225510541, -21.380352919686676 ], [ -45.105847720095774, -21.380352919686672 ], [ -45.105847720095774, -21.380083425101432 ], [ -45.105578225510541, -21.380083425101439 ], [ -45.105578225510541, -21.380352919686676 ] ] ] } },
{ "type": "Feature", "properties": { "id_feicao": "fogo_2017_844", "ano": 2017.0, "mes": 10, "codigo_original": 15, "classe": "Pastagem", "cor": "#edde8e", "area_ha": 0.16684460668480025 }, "geometry": { "type": "Polygon", "coordinates": [ [ [ -45.107195193021958, -21.208684868891435 ], [ -45.107734182192431, -21.208684868891428 ], [ -45.107734182192431, -21.208415374306199 ], [ -45.107195193021958, -21.208415374306195 ], [ -45.107195193021958, -21.208684868891435 ] ] ] } },
{ "type": "Feature", "properties": { "id_feicao": "fogo_2017_845", "ano": 2017.0, "mes": 10, "codigo_original": 15, "classe": "Pastagem", "cor": "#edde8e", "area_ha": 0.75080645223036413 }, "geometry": { "type": "Polygon", "coordinates": [ [ [ -45.108542665948136, -21.207876385135716 ], [ -45.10962064428908, -21.207876385135727 ], [ -45.10962064428908, -21.207606890550487 ], [ -45.109351149703841, -21.20760689055048 ], [ -45.109351149703841, -21.207337395965251 ], [ -45.109081655118608, -21.207337395965258 ], [ -45.109081655118608, -21.207067901380022 ], [ -45.108542665948136, -21.207067901380022 ], [ -45.108542665948136, -21.207876385135716 ] ] ] } },
{ "type": "Feature", "properties": { "id_feicao": "fogo_2017_846", "ano": 2017.0, "mes": 10, "codigo_original": 15, "classe": "Pastagem", "cor": "#edde8e", "area_ha": 0.083422889893967664 }, "geometry": { "type": "Polygon", "coordinates": [ [ [ -45.105578225510541, -21.207606890550476 ], [ -45.105847720095774, -21.207606890550487 ], [ -45.105847720095774, -21.207337395965258 ], [ -45.105578225510541, -21.207337395965254 ], [ -45.105578225510541, -21.207606890550476 ] ] ] } },
{ "type": "Feature", "properties": { "id_feicao": "fogo_2017_847", "ano": 2017.0, "mes": 10, "codigo_original": 15, "classe": "Pastagem", "cor": "#edde8e", "area_ha": 0.083424996282812205 }, "geometry": { "type": "Polygon", "coordinates": [ [ [ -45.110698622630025, -21.203833966357184 ], [ -45.110968117215258, -21.203833966357191 ], [ -45.110968117215258, -21.203564471771951 ], [ -45.110698622630025, -21.203564471771951 ], [ -45.110698622630025, -21.203833966357184 ] ] ] } },
{ "type": "Feature", "properties": { "id_feicao": "fogo_2017_848", "ano": 2017.0, "mes": 10, "codigo_original": 15, "classe": "Pastagem", "cor": "#edde8e", "area_ha": 0.083424991000700804 }, "geometry": { "type": "Polygon", "coordinates": [ [ [ -45.10962064428908, -21.203564471771948 ], [ -45.10962064428908, -21.203833966357188 ], [ -45.109890138874313, -21.203833966357188 ], [ -45.109890138874313, -21.203564471771955 ], [ -45.10962064428908, -21.203564471771948 ] ] ] } },
{ "type": "Feature", "properties": { "id_feicao": "fogo_2017_849", "ano": 2017.0, "mes": 10, "codigo_original": 15, "classe": "Pastagem", "cor": "#edde8e", "area_ha": 0.16685029392819853 }, "geometry": { "type": "Polygon", "coordinates": [ [ [ -45.110968117215258, -21.203564471771951 ], [ -45.11150710638573, -21.203564471771951 ], [ -45.11150710638573, -21.203294977186715 ], [ -45.110968117215258, -21.203294977186719 ], [ -45.110968117215258, -21.203564471771951 ] ] ] } },
{ "type": "Feature", "properties": { "id_feicao": "fogo_2017_850", "ano": 2017.0, "mes": 10, "codigo_original": 15, "classe": "Pastagem", "cor": "#edde8e", "area_ha": 0.16685267539955675 }, "geometry": { "type": "Polygon", "coordinates": [ [ [ -45.111237611800497, -21.201408515090069 ], [ -45.111776600970963, -21.201408515090062 ], [ -45.111776600970963, -21.201139020504826 ], [ -45.111237611800497, -21.201139020504826 ], [ -45.111237611800497, -21.201408515090069 ] ] ] } },
{ "type": "Feature", "properties": { "id_feicao": "fogo_2017_851", "ano": 2017.0, "mes": 10, "codigo_original": 15, "classe": "Pastagem", "cor": "#edde8e", "area_ha": 14.015803032328884 }, "geometry": { "type": "Polygon", "coordinates": [ [ [ -45.108273171362903, -21.199522052993409 ], [ -45.108273171362903, -21.200061042163881 ], [ -45.107734182192431, -21.200061042163881 ], [ -45.107734182192431, -21.200330536749117 ], [ -45.107464687607191, -21.200330536749117 ], [ -45.107464687607191, -21.201139020504826 ], [ -45.107734182192431, -21.201139020504822 ], [ -45.107734182192431, -21.201408515090062 ], [ -45.108273171362903, -21.201408515090062 ], [ -45.108273171362903, -21.20221699884577 ], [ -45.109351149703841, -21.20221699884577 ], [ -45.109351149703841, -21.201947504260534 ], [ -45.10962064428908, -21.201947504260534 ], [ -45.10962064428908, -21.201678009675298 ], [ -45.110159633459553, -21.201678009675298 ], [ -45.110159633459553, -21.201408515090062 ], [ -45.109890138874313, -21.201408515090062 ], [ -45.109890138874313, -21.201139020504826 ], [ -45.109351149703841, -21.201139020504826 ], [ -45.109351149703841, -21.200869525919597 ], [ -45.110159633459553, -21.200869525919597 ], [ -45.110159633459553, -21.201139020504829 ], [ -45.110698622630025, -21.201139020504826 ], [ -45.110698622630025, -21.201408515090066 ], [ -45.110968117215258, -21.201408515090062 ], [ -45.110968117215258, -21.200600031334364 ], [ -45.110159633459553, -21.200600031334357 ], [ -45.110159633459553, -21.200330536749121 ], [ -45.10962064428908, -21.200330536749117 ], [ -45.10962064428908, -21.200061042163881 ], [ -45.109890138874313, -21.200061042163881 ], [ -45.109890138874313, -21.199791547578656 ], [ -45.10962064428908, -21.199791547578645 ], [ -45.10962064428908, -21.199522052993412 ], [ -45.109890138874313, -21.199522052993416 ], [ -45.109890138874313, -21.199252558408183 ], [ -45.110159633459553, -21.199252558408173 ], [ -45.110159633459553, -21.199791547578656 ], [ -45.110698622630025, -21.199791547578645 ], [ -45.110698622630025, -21.198983063822944 ], [ -45.110968117215258, -21.198983063822951 ], [ -45.110968117215258, -21.198444074652468 ], [ -45.110429128044785, -21.198444074652468 ], [ -45.110429128044785, -21.198174580067235 ], [ -45.110698622630025, -21.198174580067231 ], [ -45.110698622630025, -21.197366096311534 ], [ -45.110429128044785, -21.19736609631153 ], [ -45.110429128044785, -21.197096601726287 ], [ -45.110159633459553, -21.197096601726287 ], [ -45.110159633459553, -21.196557612555821 ], [ -45.109890138874313, -21.196557612555818 ], [ -45.109890138874313, -21.196288117970582 ], [ -45.109081655118608, -21.196288117970578 ], [ -45.109081655118608, -21.196557612555814 ], [ -45.108812160533368, -21.196557612555814 ], [ -45.108812160533368, -21.197635590896766 ], [ -45.108273171362903, -21.197635590896763 ], [ -45.108273171362903, -21.1987135692377 ], [ -45.107734182192431, -21.1987135692377 ], [ -45.107734182192431, -21.19925255840818 ], [ -45.107195193021958, -21.199252558408176 ], [ -45.107195193021958, -21.199522052993412 ], [ -45.108273171362903, -21.199522052993409 ] ], [ [ -45.108273171362903, -21.20033053674911 ], [ -45.108273171362903, -21.200600031334357 ], [ -45.107734182192431, -21.200600031334357 ], [ -45.107734182192431, -21.200330536749117 ], [ -45.108273171362903, -21.20033053674911 ] ], [ [ -45.108812160533368, -21.200600031334353 ], [ -45.108812160533368, -21.200869525919597 ], [ -45.108273171362903, -21.20086952591959 ], [ -45.108273171362903, -21.200600031334357 ], [ -45.108812160533368, -21.200600031334353 ] ], [ [ -45.109351149703841, -21.200330536749117 ], [ -45.109081655118608, -21.200330536749117 ], [ -45.109081655118608, -21.200061042163881 ], [ -45.109351149703841, -21.200061042163881 ], [ -45.109351149703841, -21.200330536749117 ] ], [ [ -45.109081655118608, -21.19898306382294 ], [ -45.109081655118608, -21.199252558408176 ], [ -45.108812160533368, -21.199252558408173 ], [ -45.108812160533368, -21.198983063822936 ], [ -45.109081655118608, -21.19898306382294 ] ], [ [ -45.109890138874313, -21.1987135692377 ], [ -45.109890138874313, -21.198983063822947 ], [ -45.10962064428908, -21.198983063822944 ], [ -45.10962064428908, -21.198713569237711 ], [ -45.109890138874313, -21.1987135692377 ] ] ] } },
{ "type": "Feature", "properties": { "id_feicao": "fogo_2017_852", "ano": 2017.0, "mes": 10, "codigo_original": 15, "classe": "Pastagem", "cor": "#edde8e", "area_ha": 2.1691745208960027 }, "geometry": { "type": "Polygon", "coordinates": [ [ [ -45.109351149703841, -21.194940645044401 ], [ -45.109081655118608, -21.194940645044397 ], [ -45.109081655118608, -21.194671150459172 ], [ -45.109351149703841, -21.194671150459158 ], [ -45.109351149703841, -21.194401655873929 ], [ -45.108273171362903, -21.194401655873929 ], [ -45.108273171362903, -21.194671150459158 ], [ -45.107195193021958, -21.194671150459161 ], [ -45.107195193021958, -21.195479634214873 ], [ -45.108542665948136, -21.195479634214877 ], [ -45.108542665948136, -21.195210139629644 ], [ -45.108812160533368, -21.195210139629641 ], [ -45.108812160533368, -21.195479634214866 ], [ -45.109351149703841, -21.19547963421487 ], [ -45.109351149703841, -21.194940645044401 ] ] ] } },
{ "type": "Feature", "properties": { "id_feicao": "fogo_2017_853", "ano": 2017.0, "mes": 10, "codigo_original": 15, "classe": "Pastagem", "cor": "#edde8e", "area_ha": 0.16686037070080639 }, "geometry": { "type": "Polygon", "coordinates": [ [ [ -45.107734182192431, -21.194401655873936 ], [ -45.108273171362903, -21.194401655873929 ], [ -45.108273171362903, -21.194132161288699 ], [ -45.107734182192431, -21.194132161288685 ], [ -45.107734182192431, -21.194401655873936 ] ] ] } },
{ "type": "Feature", "properties": { "id_feicao": "fogo_2017_854", "ano": 2017.0, "mes": 10, "codigo_original": 15, "classe": "Pastagem", "cor": "#edde8e", "area_ha": 1.1680305515190585 }, "geometry": { "type": "Polygon", "coordinates": [ [ [ -45.107464687607191, -21.192515193777282 ], [ -45.107195193021958, -21.192515193777272 ], [ -45.107195193021958, -21.193323677532987 ], [ -45.107464687607191, -21.193323677532984 ], [ -45.107464687607191, -21.19359317211822 ], [ -45.107734182192431, -21.193593172118213 ], [ -45.107734182192431, -21.19386266670346 ], [ -45.108273171362903, -21.193862666703456 ], [ -45.108273171362903, -21.192784688362508 ], [ -45.107464687607191, -21.192784688362512 ], [ -45.107464687607191, -21.192515193777282 ] ] ] } },
{ "type": "Feature", "properties": { "id_feicao": "fogo_2017_855", "ano": 2017.0, "mes": 10, "codigo_original": 15, "classe": "Pastagem", "cor": "#edde8e", "area_ha": 2.3360852470525786 }, "geometry": { "type": "Polygon", "coordinates": [ [ [ -45.108273171362903, -21.192515193777279 ], [ -45.108273171362903, -21.192245699192046 ], [ -45.108542665948136, -21.192245699192043 ], [ -45.108542665948136, -21.191976204606807 ], [ -45.108812160533368, -21.19197620460681 ], [ -45.108812160533368, -21.190898226265865 ], [ -45.107734182192431, -21.190898226265862 ], [ -45.107734182192431, -21.191167720851098 ], [ -45.107195193021958, -21.191167720851098 ], [ -45.107195193021958, -21.191976204606803 ], [ -45.107464687607191, -21.19197620460681 ], [ -45.107464687607191, -21.192245699192043 ], [ -45.107734182192431, -21.192245699192053 ], [ -45.107734182192431, -21.192515193777279 ], [ -45.108273171362903, -21.192515193777279 ] ] ] } },
{ "type": "Feature", "properties": { "id_feicao": "fogo_2017_856", "ano": 2017.0, "mes": 10, "codigo_original": 15, "classe": "Pastagem", "cor": "#edde8e", "area_ha": 0.083433025223948062 }, "geometry": { "type": "Polygon", "coordinates": [ [ [ -45.111237611800497, -21.189281258754452 ], [ -45.11150710638573, -21.189281258754452 ], [ -45.11150710638573, -21.189011764169223 ], [ -45.111237611800497, -21.189011764169212 ], [ -45.111237611800497, -21.189281258754452 ] ] ] } },
{ "type": "Feature", "properties": { "id_feicao": "fogo_2017_857", "ano": 2017.0, "mes": 10, "codigo_original": 15, "classe": "Pastagem", "cor": "#edde8e", "area_ha": 0.50060338537869975 }, "geometry": { "type": "Polygon", "coordinates": [ [ [ -45.110429128044785, -21.187125302072563 ], [ -45.110159633459553, -21.187125302072559 ], [ -45.110159633459553, -21.187394796657795 ], [ -45.109890138874313, -21.187394796657792 ], [ -45.109890138874313, -21.187933785828264 ], [ -45.110429128044785, -21.187933785828267 ], [ -45.110429128044785, -21.187664291243035 ], [ -45.110698622630025, -21.187664291243028 ], [ -45.110698622630025, -21.187394796657795 ], [ -45.110429128044785, -21.187394796657788 ], [ -45.110429128044785, -21.187125302072563 ] ] ] } },
{ "type": "Feature", "properties": { "id_feicao": "fogo_2017_858", "ano": 2017.0, "mes": 10, "codigo_original": 15, "classe": "Pastagem", "cor": "#edde8e", "area_ha": 0.083434191640187061 }, "geometry": { "type": "Polygon", "coordinates": [ [ [ -45.106656203851486, -21.187125302072566 ], [ -45.106925698436719, -21.187125302072555 ], [ -45.106925698436719, -21.186855807487319 ], [ -45.106656203851486, -21.186855807487326 ], [ -45.106656203851486, -21.187125302072566 ] ] ] } },
{ "type": "Feature", "properties": { "id_feicao": "fogo_2017_859", "ano": 2017.0, "mes": 10, "codigo_original": 15, "classe": "Pastagem", "cor": "#edde8e", "area_ha": 0.083434187818691136 }, "geometry": { "type": "Polygon", "coordinates": [ [ [ -45.105847720095774, -21.187125302072563 ], [ -45.106117214681014, -21.187125302072566 ], [ -45.106117214681014, -21.186855807487323 ], [ -45.105847720095774, -21.186855807487326 ], [ -45.105847720095774, -21.187125302072563 ] ] ] } },
{ "type": "Feature", "properties": { "id_feicao": "fogo_2017_860", "ano": 2017.0, "mes": 10, "codigo_original": 15, "classe": "Pastagem", "cor": "#edde8e", "area_ha": 0.08343436242481693 }, "geometry": { "type": "Polygon", "coordinates": [ [ [ -45.111237611800497, -21.18685580748733 ], [ -45.11150710638573, -21.186855807487326 ], [ -45.11150710638573, -21.186586312902083 ], [ -45.111237611800497, -21.186586312902087 ], [ -45.111237611800497, -21.18685580748733 ] ] ] } },
{ "type": "Feature", "properties": { "id_feicao": "fogo_2017_861", "ano": 2017.0, "mes": 10, "codigo_original": 15, "classe": "Pastagem", "cor": "#edde8e", "area_ha": 0.083434337658528243 }, "geometry": { "type": "Polygon", "coordinates": [ [ [ -45.106117214681014, -21.186855807487323 ], [ -45.106386709266246, -21.186855807487323 ], [ -45.106386709266246, -21.186586312902094 ], [ -45.106117214681014, -21.186586312902079 ], [ -45.106117214681014, -21.186855807487323 ] ] ] } },
{ "type": "Feature", "properties": { "id_feicao": "fogo_2017_862", "ano": 2017.0, "mes": 10, "codigo_original": 15, "classe": "Pastagem", "cor": "#edde8e", "area_ha": 0.083434496510671308 }, "geometry": { "type": "Polygon", "coordinates": [ [ [ -45.108273171362903, -21.186316818316854 ], [ -45.108273171362903, -21.186586312902079 ], [ -45.108542665948136, -21.186586312902083 ], [ -45.108542665948136, -21.186316818316858 ], [ -45.108273171362903, -21.186316818316854 ] ] ] } },
{ "type": "Feature", "properties": { "id_feicao": "fogo_2017_863", "ano": 2017.0, "mes": 10, "codigo_original": 15, "classe": "Pastagem", "cor": "#edde8e", "area_ha": 1.7521274600750767 }, "geometry": { "type": "Polygon", "coordinates": [ [ [ -45.105308730925309, -21.186047323731618 ], [ -45.105578225510541, -21.186047323731621 ], [ -45.105578225510541, -21.185508334561156 ], [ -45.104500247169597, -21.185508334561156 ], [ -45.104500247169597, -21.185777829146385 ], [ -45.103961257999124, -21.185777829146378 ], [ -45.103961257999124, -21.186586312902079 ], [ -45.104769741754836, -21.186586312902094 ], [ -45.104769741754836, -21.187125302072559 ], [ -45.105039236340069, -21.187125302072555 ], [ -45.105039236340069, -21.186316818316861 ], [ -45.105308730925309, -21.186316818316858 ], [ -45.105308730925309, -21.186047323731618 ] ] ] } },
{ "type": "Feature", "properties": { "id_feicao": "fogo_2017_864", "ano": 2017.0, "mes": 10, "codigo_original": 15, "classe": "Pastagem", "cor": "#edde8e", "area_ha": 0.083434658229257913 }, "geometry": { "type": "Polygon", "coordinates": [ [ [ -45.110968117215258, -21.186316818316854 ], [ -45.111237611800497, -21.186316818316861 ], [ -45.111237611800497, -21.186047323731618 ], [ -45.110968117215258, -21.186047323731618 ], [ -45.110968117215258, -21.186316818316854 ] ] ] } },
{ "type": "Feature", "properties": { "id_feicao": "fogo_2017_865", "ano": 2017.0, "mes": 10, "codigo_original": 15, "classe": "Pastagem", "cor": "#edde8e", "area_ha": 2.2527441660598853 }, "geometry": { "type": "Polygon", "coordinates": [ [ [ -45.106925698436719, -21.186316818316854 ], [ -45.106386709266246, -21.186316818316847 ], [ -45.106386709266246, -21.186586312902094 ], [ -45.107195193021958, -21.186586312902094 ], [ -45.107195193021958, -21.18631681831685 ], [ -45.107464687607191, -21.186316818316861 ], [ -45.107464687607191, -21.186047323731618 ], [ -45.107734182192431, -21.186047323731625 ], [ -45.107734182192431, -21.185777829146382 ], [ -45.108542665948136, -21.185777829146385 ], [ -45.108542665948136, -21.185508334561142 ], [ -45.108812160533368, -21.185508334561149 ], [ -45.108812160533368, -21.185777829146389 ], [ -45.109890138874313, -21.185777829146382 ], [ -45.109890138874313, -21.185508334561145 ], [ -45.10962064428908, -21.185508334561153 ], [ -45.10962064428908, -21.184969345390673 ], [ -45.109890138874313, -21.184969345390666 ], [ -45.109890138874313, -21.184699850805437 ], [ -45.109351149703841, -21.184699850805433 ], [ -45.109351149703841, -21.18496934539067 ], [ -45.108542665948136, -21.184969345390677 ], [ -45.108542665948136, -21.185238839975916 ], [ -45.108273171362903, -21.185238839975906 ], [ -45.108273171362903, -21.185508334561145 ], [ -45.107195193021958, -21.185508334561149 ], [ -45.107195193021958, -21.186047323731618 ], [ -45.106925698436719, -21.186047323731621 ], [ -45.106925698436719, -21.186316818316854 ] ] ] } },
{ "type": "Feature", "properties": { "id_feicao": "fogo_2017_866", "ano": 2017.0, "mes": 10, "codigo_original": 15, "classe": "Pastagem", "cor": "#edde8e", "area_ha": 1.1680997054721229 }, "geometry": { "type": "Polygon", "coordinates": [ [ [ -45.111776600970963, -21.184969345390677 ], [ -45.111237611800497, -21.184969345390673 ], [ -45.111237611800497, -21.185238839975916 ], [ -45.110698622630025, -21.185238839975916 ], [ -45.110698622630025, -21.184969345390673 ], [ -45.109890138874313, -21.184969345390666 ], [ -45.109890138874313, -21.185508334561145 ], [ -45.112315590141435, -21.185508334561149 ], [ -45.112315590141435, -21.185238839975913 ], [ -45.111776600970963, -21.185238839975906 ], [ -45.111776600970963, -21.184969345390677 ] ] ] } },
{ "type": "Feature", "properties": { "id_feicao": "fogo_2017_867", "ano": 2017.0, "mes": 10, "codigo_original": 15, "classe": "Pastagem", "cor": "#edde8e", "area_ha": 0.08343522650180385 }, "geometry": { "type": "Polygon", "coordinates": [ [ [ -45.105578225510541, -21.185238839975916 ], [ -45.105847720095774, -21.185238839975906 ], [ -45.105847720095774, -21.18496934539067 ], [ -45.105578225510541, -21.184969345390673 ], [ -45.105578225510541, -21.185238839975916 ] ] ] } },
{ "type": "Feature", "properties": { "id_feicao": "fogo_2017_868", "ano": 2017.0, "mes": 10, "codigo_original": 15, "classe": "Pastagem", "cor": "#edde8e", "area_ha": 0.083435376322828228 }, "geometry": { "type": "Polygon", "coordinates": [ [ [ -45.105847720095774, -21.18496934539067 ], [ -45.106117214681014, -21.18496934539067 ], [ -45.106117214681014, -21.184699850805444 ], [ -45.105847720095774, -21.18469985080544 ], [ -45.105847720095774, -21.18496934539067 ] ] ] } },
{ "type": "Feature", "properties": { "id_feicao": "fogo_2017_869", "ano": 2017.0, "mes": 10, "codigo_original": 15, "classe": "Pastagem", "cor": "#edde8e", "area_ha": 0.083435548258036576 }, "geometry": { "type": "Polygon", "coordinates": [ [ [ -45.110698622630025, -21.184430356220197 ], [ -45.110698622630025, -21.184699850805437 ], [ -45.110968117215258, -21.18469985080544 ], [ -45.110968117215258, -21.184430356220197 ], [ -45.110698622630025, -21.184430356220197 ] ] ] } },
{ "type": "Feature", "properties": { "id_feicao": "fogo_2017_870", "ano": 2017.0, "mes": 10, "codigo_original": 15, "classe": "Pastagem", "cor": "#edde8e", "area_ha": 0.16687167360754684 }, "geometry": { "type": "Polygon", "coordinates": [ [ [ -45.108812160533368, -21.184160861634968 ], [ -45.109351149703841, -21.184160861634968 ], [ -45.109351149703841, -21.183891367049728 ], [ -45.108812160533368, -21.183891367049728 ], [ -45.108812160533368, -21.184160861634968 ] ] ] } },
{ "type": "Feature", "properties": { "id_feicao": "fogo_2017_871", "ano": 2017.0, "mes": 10, "codigo_original": 15, "classe": "Pastagem", "cor": "#edde8e", "area_ha": 0.66748702154064699 }, "geometry": { "type": "Polygon", "coordinates": [ [ [ -45.105578225510541, -21.183621872464489 ], [ -45.105578225510541, -21.184430356220197 ], [ -45.106117214681014, -21.184430356220204 ], [ -45.106117214681014, -21.184160861634968 ], [ -45.106386709266246, -21.184160861634961 ], [ -45.106386709266246, -21.183352377879263 ], [ -45.106117214681014, -21.183352377879267 ], [ -45.106117214681014, -21.183621872464485 ], [ -45.105578225510541, -21.183621872464489 ] ], [ [ -45.105847720095774, -21.184160861634965 ], [ -45.105847720095774, -21.183891367049732 ], [ -45.106117214681014, -21.183891367049728 ], [ -45.106117214681014, -21.184160861634968 ], [ -45.105847720095774, -21.184160861634965 ] ] ] } },
{ "type": "Feature", "properties": { "id_feicao": "fogo_2017_872", "ano": 2017.0, "mes": 10, "codigo_original": 15, "classe": "Pastagem", "cor": "#edde8e", "area_ha": 0.25030954356743024 }, "geometry": { "type": "Polygon", "coordinates": [ [ [ -45.110429128044785, -21.183082883294027 ], [ -45.110698622630025, -21.183082883294027 ], [ -45.110698622630025, -21.182543894123551 ], [ -45.110159633459553, -21.182543894123555 ], [ -45.110159633459553, -21.182813388708787 ], [ -45.110429128044785, -21.182813388708784 ], [ -45.110429128044785, -21.183082883294027 ] ] ] } },
{ "type": "Feature", "properties": { "id_feicao": "fogo_2017_873", "ano": 2017.0, "mes": 10, "codigo_original": 15, "classe": "Pastagem", "cor": "#edde8e", "area_ha": 0.083436589428782459 }, "geometry": { "type": "Polygon", "coordinates": [ [ [ -45.110968117215258, -21.182813388708791 ], [ -45.111237611800497, -21.182813388708791 ], [ -45.111237611800497, -21.182543894123555 ], [ -45.110968117215258, -21.182543894123555 ], [ -45.110968117215258, -21.182813388708791 ] ] ] } },
{ "type": "Feature", "properties": { "id_feicao": "fogo_2017_874", "ano": 2017.0, "mes": 10, "codigo_original": 15, "classe": "Pastagem", "cor": "#edde8e", "area_ha": 0.083436739297863091 }, "geometry": { "type": "Polygon", "coordinates": [ [ [ -45.111237611800497, -21.182543894123555 ], [ -45.11150710638573, -21.182543894123551 ], [ -45.11150710638573, -21.182274399538315 ], [ -45.111237611800497, -21.182274399538308 ], [ -45.111237611800497, -21.182543894123555 ] ] ] } },
{ "type": "Feature", "properties": { "id_feicao": "fogo_2017_875", "ano": 2017.0, "mes": 10, "codigo_original": 15, "classe": "Pastagem", "cor": "#edde8e", "area_ha": 0.91780368156265468 }, "geometry": { "type": "Polygon", "coordinates": [ [ [ -45.106925698436719, -21.182274399538311 ], [ -45.105847720095774, -21.182274399538311 ], [ -45.105847720095774, -21.182004904953082 ], [ -45.105578225510541, -21.182004904953086 ], [ -45.105578225510541, -21.182274399538315 ], [ -45.105308730925309, -21.182274399538315 ], [ -45.105308730925309, -21.182543894123551 ], [ -45.106117214681014, -21.182543894123548 ], [ -45.106117214681014, -21.18281338870878 ], [ -45.107195193021958, -21.182813388708791 ], [ -45.107195193021958, -21.182543894123548 ], [ -45.106925698436719, -21.182543894123548 ], [ -45.106925698436719, -21.182274399538311 ] ] ] } },
{ "type": "Feature", "properties": { "id_feicao": "fogo_2017_876", "ano": 2017.0, "mes": 10, "codigo_original": 15, "classe": "Pastagem", "cor": "#edde8e", "area_ha": 0.41718431365642944 }, "geometry": { "type": "Polygon", "coordinates": [ [ [ -45.109351149703841, -21.182004904953079 ], [ -45.109351149703841, -21.182543894123551 ], [ -45.109890138874313, -21.182543894123544 ], [ -45.109890138874313, -21.18173541036785 ], [ -45.10962064428908, -21.18173541036785 ], [ -45.10962064428908, -21.182004904953086 ], [ -45.109351149703841, -21.182004904953079 ] ] ] } },
{ "type": "Feature", "properties": { "id_feicao": "fogo_2017_877", "ano": 2017.0, "mes": 10, "codigo_original": 15, "classe": "Pastagem", "cor": "#edde8e", "area_ha": 0.25031151129063217 }, "geometry": { "type": "Polygon", "coordinates": [ [ [ -45.108003676777663, -21.181735410367835 ], [ -45.108812160533368, -21.181735410367846 ], [ -45.108812160533368, -21.181465915782606 ], [ -45.108003676777663, -21.18146591578261 ], [ -45.108003676777663, -21.181735410367835 ] ] ] } },
{ "type": "Feature", "properties": { "id_feicao": "fogo_2017_878", "ano": 2017.0, "mes": 10, "codigo_original": 15, "classe": "Pastagem", "cor": "#edde8e", "area_ha": 0.41718612992241977 }, "geometry": { "type": "Polygon", "coordinates": [ [ [ -45.106386709266246, -21.181465915782606 ], [ -45.106925698436719, -21.181465915782606 ], [ -45.106925698436719, -21.181735410367835 ], [ -45.107464687607191, -21.181735410367846 ], [ -45.107464687607191, -21.181465915782606 ], [ -45.107195193021958, -21.181465915782614 ], [ -45.107195193021958, -21.181196421197377 ], [ -45.106386709266246, -21.181196421197377 ], [ -45.106386709266246, -21.181465915782606 ] ] ] } },
{ "type": "Feature", "properties": { "id_feicao": "fogo_2017_879", "ano": 2017.0, "mes": 10, "codigo_original": 15, "classe": "Pastagem", "cor": "#edde8e", "area_ha": 0.083437322872038935 }, "geometry": { "type": "Polygon", "coordinates": [ [ [ -45.109081655118608, -21.181465915782614 ], [ -45.109351149703841, -21.181465915782606 ], [ -45.109351149703841, -21.18119642119737 ], [ -45.109081655118608, -21.18119642119737 ], [ -45.109081655118608, -21.181465915782614 ] ] ] } },
{ "type": "Feature", "properties": { "id_feicao": "fogo_2017_880", "ano": 2017.0, "mes": 10, "codigo_original": 15, "classe": "Pastagem", "cor": "#edde8e", "area_ha": 0.083437474028579886 }, "geometry": { "type": "Polygon", "coordinates": [ [ [ -45.10962064428908, -21.181196421197377 ], [ -45.109890138874313, -21.181196421197374 ], [ -45.109890138874313, -21.180926926612131 ], [ -45.10962064428908, -21.180926926612138 ], [ -45.10962064428908, -21.181196421197377 ] ] ] } },
{ "type": "Feature", "properties": { "id_feicao": "fogo_2017_881", "ano": 2017.0, "mes": 10, "codigo_original": 15, "classe": "Pastagem", "cor": "#edde8e", "area_ha": 6.0909713183089558 }, "geometry": { "type": "Polygon", "coordinates": [ [ [ -45.105308730925309, -21.180387937441669 ], [ -45.105308730925309, -21.180657432026905 ], [ -45.105578225510541, -21.180657432026901 ], [ -45.105578225510541, -21.180926926612134 ], [ -45.105847720095774, -21.180926926612138 ], [ -45.105847720095774, -21.181196421197377 ], [ -45.106386709266246, -21.181196421197377 ], [ -45.106386709266246, -21.180657432026905 ], [ -45.107195193021958, -21.180657432026905 ], [ -45.107195193021958, -21.180926926612141 ], [ -45.107734182192431, -21.180926926612131 ], [ -45.107734182192431, -21.180657432026898 ], [ -45.108542665948136, -21.180657432026898 ], [ -45.108542665948136, -21.180926926612134 ], [ -45.109081655118608, -21.180926926612134 ], [ -45.109081655118608, -21.180657432026894 ], [ -45.10962064428908, -21.180657432026898 ], [ -45.10962064428908, -21.180387937441665 ], [ -45.109081655118608, -21.180387937441665 ], [ -45.109081655118608, -21.17957945368596 ], [ -45.107464687607191, -21.179579453685957 ], [ -45.107464687607191, -21.179848948271196 ], [ -45.107195193021958, -21.179848948271196 ], [ -45.107195193021958, -21.179040464515491 ], [ -45.106925698436719, -21.179040464515484 ], [ -45.106925698436719, -21.178770969930252 ], [ -45.106117214681014, -21.178770969930255 ], [ -45.106117214681014, -21.179309959100724 ], [ -45.105578225510541, -21.179309959100724 ], [ -45.105578225510541, -21.17957945368596 ], [ -45.106117214681014, -21.179579453685953 ], [ -45.106117214681014, -21.1798489482712 ], [ -45.105308730925309, -21.179848948271196 ], [ -45.105308730925309, -21.180118442856433 ], [ -45.105039236340069, -21.180118442856433 ], [ -45.105039236340069, -21.180387937441669 ], [ -45.105308730925309, -21.180387937441669 ] ], [ [ -45.105578225510541, -21.180387937441658 ], [ -45.105578225510541, -21.180118442856426 ], [ -45.105847720095774, -21.180118442856436 ], [ -45.105847720095774, -21.180387937441662 ], [ -45.105578225510541, -21.180387937441658 ] ], [ [ -45.108542665948136, -21.180118442856433 ], [ -45.108003676777663, -21.180118442856436 ], [ -45.108003676777663, -21.179848948271189 ], [ -45.108542665948136, -21.179848948271196 ], [ -45.108542665948136, -21.180118442856433 ] ], [ [ -45.106656203851486, -21.17957945368596 ], [ -45.106386709266246, -21.17957945368596 ], [ -45.106386709266246, -21.179309959100728 ], [ -45.106656203851486, -21.179309959100724 ], [ -45.106656203851486, -21.17957945368596 ] ] ] } },
{ "type": "Feature", "properties": { "id_feicao": "fogo_2017_882", "ano": 2017.0, "mes": 10, "codigo_original": 15, "classe": "Pastagem", "cor": "#edde8e", "area_ha": 0.58406958346683535 }, "geometry": { "type": "Polygon", "coordinates": [ [ [ -45.110698622630025, -21.17957945368596 ], [ -45.111237611800497, -21.17957945368596 ], [ -45.111237611800497, -21.178770969930252 ], [ -45.110429128044785, -21.178770969930252 ], [ -45.110429128044785, -21.179040464515488 ], [ -45.110698622630025, -21.179040464515488 ], [ -45.110698622630025, -21.17957945368596 ] ] ] } },
{ "type": "Feature", "properties": { "id_feicao": "fogo_2017_883", "ano": 2017.0, "mes": 10, "codigo_original": 15, "classe": "Pastagem", "cor": "#edde8e", "area_ha": 0.083438490551510133 }, "geometry": { "type": "Polygon", "coordinates": [ [ [ -45.104769741754836, -21.179040464515488 ], [ -45.104769741754836, -21.179309959100724 ], [ -45.105039236340069, -21.179309959100721 ], [ -45.105039236340069, -21.179040464515491 ], [ -45.104769741754836, -21.179040464515488 ] ] ] } },
{ "type": "Feature", "properties": { "id_feicao": "fogo_2017_884", "ano": 2017.0, "mes": 10, "codigo_original": 15, "classe": "Pastagem", "cor": "#edde8e", "area_ha": 0.33375493279192597 }, "geometry": { "type": "Polygon", "coordinates": [ [ [ -45.108812160533368, -21.179040464515488 ], [ -45.109351149703841, -21.179040464515484 ], [ -45.109351149703841, -21.178501475345019 ], [ -45.108812160533368, -21.178501475345016 ], [ -45.108812160533368, -21.179040464515488 ] ] ] } },
{ "type": "Feature", "properties": { "id_feicao": "fogo_2017_885", "ano": 2017.0, "mes": 10, "codigo_original": 15, "classe": "Pastagem", "cor": "#edde8e", "area_ha": 0.083438818680122498 }, "geometry": { "type": "Polygon", "coordinates": [ [ [ -45.111237611800497, -21.178770969930252 ], [ -45.11150710638573, -21.178770969930252 ], [ -45.11150710638573, -21.178501475345019 ], [ -45.111237611800497, -21.178501475345016 ], [ -45.111237611800497, -21.178770969930252 ] ] ] } },
{ "type": "Feature", "properties": { "id_feicao": "fogo_2017_886", "ano": 2017.0, "mes": 10, "codigo_original": 15, "classe": "Pastagem", "cor": "#edde8e", "area_ha": 2.2528550117271555 }, "geometry": { "type": "Polygon", "coordinates": [ [ [ -45.107195193021958, -21.178231980759783 ], [ -45.107195193021958, -21.178501475345016 ], [ -45.108812160533368, -21.178501475345016 ], [ -45.108812160533368, -21.178231980759787 ], [ -45.108542665948136, -21.178231980759779 ], [ -45.108542665948136, -21.177962486174543 ], [ -45.107734182192431, -21.177962486174543 ], [ -45.107734182192431, -21.177692991589307 ], [ -45.106656203851486, -21.177692991589311 ], [ -45.106656203851486, -21.177962486174543 ], [ -45.105308730925309, -21.177962486174547 ], [ -45.105308730925309, -21.178501475345012 ], [ -45.105578225510541, -21.178501475345019 ], [ -45.105578225510541, -21.178770969930255 ], [ -45.106117214681014, -21.178770969930255 ], [ -45.106117214681014, -21.178231980759779 ], [ -45.107195193021958, -21.178231980759783 ] ] ] } },
{ "type": "Feature", "properties": { "id_feicao": "fogo_2017_887", "ano": 2017.0, "mes": 10, "codigo_original": 15, "classe": "Pastagem", "cor": "#edde8e", "area_ha": 0.083439115706272424 }, "geometry": { "type": "Polygon", "coordinates": [ [ [ -45.111237611800497, -21.178231980759779 ], [ -45.11150710638573, -21.178231980759779 ], [ -45.11150710638573, -21.177962486174543 ], [ -45.111237611800497, -21.17796248617454 ], [ -45.111237611800497, -21.178231980759779 ] ] ] } },
{ "type": "Feature", "properties": { "id_feicao": "fogo_2017_888", "ano": 2017.0, "mes": 10, "codigo_original": 15, "classe": "Pastagem", "cor": "#edde8e", "area_ha": 0.3337563359335996 }, "geometry": { "type": "Polygon", "coordinates": [ [ [ -45.104769741754836, -21.17796248617454 ], [ -45.104500247169597, -21.17796248617455 ], [ -45.104500247169597, -21.178501475345016 ], [ -45.104769741754836, -21.178501475345016 ], [ -45.104769741754836, -21.178231980759779 ], [ -45.105039236340069, -21.178231980759779 ], [ -45.105039236340069, -21.177692991589307 ], [ -45.104769741754836, -21.177692991589304 ], [ -45.104769741754836, -21.17796248617454 ] ] ] } },
{ "type": "Feature", "properties": { "id_feicao": "fogo_2017_889", "ano": 2017.0, "mes": 10, "codigo_original": 15, "classe": "Pastagem", "cor": "#edde8e", "area_ha": 0.16687891428511739 }, "geometry": { "type": "Polygon", "coordinates": [ [ [ -45.105039236340069, -21.177154002418842 ], [ -45.105039236340069, -21.177692991589307 ], [ -45.105308730925309, -21.177692991589314 ], [ -45.105308730925309, -21.177154002418838 ], [ -45.105039236340069, -21.177154002418842 ] ] ] } },
{ "type": "Feature", "properties": { "id_feicao": "fogo_2017_890", "ano": 2017.0, "mes": 10, "codigo_original": 15, "classe": "Pastagem", "cor": "#edde8e", "area_ha": 0.083439705751184368 }, "geometry": { "type": "Polygon", "coordinates": [ [ [ -45.110429128044785, -21.177154002418835 ], [ -45.110698622630025, -21.177154002418838 ], [ -45.110698622630025, -21.176884507833599 ], [ -45.110429128044785, -21.176884507833595 ], [ -45.110429128044785, -21.177154002418835 ] ] ] } },
{ "type": "Feature", "properties": { "id_feicao": "fogo_2017_891", "ano": 2017.0, "mes": 10, "codigo_original": 15, "classe": "Pastagem", "cor": "#edde8e", "area_ha": 2.252871134992223 }, "geometry": { "type": "Polygon", "coordinates": [ [ [ -45.109351149703841, -21.178231980759779 ], [ -45.10962064428908, -21.178231980759783 ], [ -45.10962064428908, -21.177962486174543 ], [ -45.109890138874313, -21.177962486174543 ], [ -45.109890138874313, -21.177423497004071 ], [ -45.10962064428908, -21.177423497004078 ], [ -45.10962064428908, -21.177154002418838 ], [ -45.109890138874313, -21.177154002418835 ], [ -45.109890138874313, -21.176884507833606 ], [ -45.10962064428908, -21.176884507833599 ], [ -45.10962064428908, -21.176615013248362 ], [ -45.109351149703841, -21.176615013248359 ], [ -45.109351149703841, -21.176345518663126 ], [ -45.109081655118608, -21.176345518663126 ], [ -45.109081655118608, -21.175806529492661 ], [ -45.108812160533368, -21.175806529492657 ], [ -45.108812160533368, -21.17607602407789 ], [ -45.108542665948136, -21.176076024077894 ], [ -45.108542665948136, -21.177423497004071 ], [ -45.108812160533368, -21.177423497004074 ], [ -45.108812160533368, -21.177692991589307 ], [ -45.109081655118608, -21.177692991589307 ], [ -45.109081655118608, -21.177962486174543 ], [ -45.109351149703841, -21.177962486174543 ], [ -45.109351149703841, -21.178231980759779 ] ] ] } },
{ "type": "Feature", "properties": { "id_feicao": "fogo_2017_892", "ano": 2017.0, "mes": 10, "codigo_original": 15, "classe": "Pastagem", "cor": "#edde8e", "area_ha": 0.33375961312986913 }, "geometry": { "type": "Polygon", "coordinates": [ [ [ -45.105039236340069, -21.176884507833606 ], [ -45.105578225510541, -21.176884507833599 ], [ -45.105578225510541, -21.176345518663126 ], [ -45.105039236340069, -21.176345518663133 ], [ -45.105039236340069, -21.176884507833606 ] ] ] } },
{ "type": "Feature", "properties": { "id_feicao": "fogo_2017_893", "ano": 2017.0, "mes": 10, "codigo_original": 15, "classe": "Pastagem", "cor": "#edde8e", "area_ha": 0.16688041198030115 }, "geometry": { "type": "Polygon", "coordinates": [ [ [ -45.106386709266246, -21.176345518663126 ], [ -45.106656203851486, -21.176345518663123 ], [ -45.106656203851486, -21.175806529492654 ], [ -45.106386709266246, -21.175806529492654 ], [ -45.106386709266246, -21.176345518663126 ] ] ] } },
{ "type": "Feature", "properties": { "id_feicao": "fogo_2017_894", "ano": 2017.0, "mes": 10, "codigo_original": 15, "classe": "Pastagem", "cor": "#edde8e", "area_ha": 0.083440287957154219 }, "geometry": { "type": "Polygon", "coordinates": [ [ [ -45.108003676777663, -21.176076024077897 ], [ -45.108273171362903, -21.176076024077901 ], [ -45.108273171362903, -21.175806529492657 ], [ -45.108003676777663, -21.175806529492654 ], [ -45.108003676777663, -21.176076024077897 ] ] ] } },
{ "type": "Feature", "properties": { "id_feicao": "fogo_2017_895", "ano": 2017.0, "mes": 10, "codigo_original": 15, "classe": "Pastagem", "cor": "#edde8e", "area_ha": 0.75096401474960151 }, "geometry": { "type": "Polygon", "coordinates": [ [ [ -45.111776600970963, -21.175267540322182 ], [ -45.110968117215258, -21.175267540322182 ], [ -45.110968117215258, -21.175537034907425 ], [ -45.110698622630025, -21.175537034907418 ], [ -45.110698622630025, -21.175806529492654 ], [ -45.110968117215258, -21.175806529492654 ], [ -45.110968117215258, -21.17607602407789 ], [ -45.11150710638573, -21.17607602407789 ], [ -45.11150710638573, -21.175806529492661 ], [ -45.111776600970963, -21.175806529492654 ], [ -45.111776600970963, -21.175267540322182 ] ] ] } },
{ "type": "Feature", "properties": { "id_feicao": "fogo_2017_896", "ano": 2017.0, "mes": 10, "codigo_original": 15, "classe": "Pastagem", "cor": "#edde8e", "area_ha": 1.1681746820385288 }, "geometry": { "type": "Polygon", "coordinates": [ [ [ -45.108812160533368, -21.175806529492657 ], [ -45.108812160533368, -21.174459056566473 ], [ -45.109081655118608, -21.174459056566473 ], [ -45.109081655118608, -21.173920067396008 ], [ -45.108003676777663, -21.173920067396011 ], [ -45.108003676777663, -21.173650572810779 ], [ -45.107734182192431, -21.173650572810775 ], [ -45.107734182192431, -21.174189561981244 ], [ -45.108003676777663, -21.174189561981247 ], [ -45.108003676777663, -21.174459056566473 ], [ -45.108273171362903, -21.174459056566473 ], [ -45.108273171362903, -21.174189561981251 ], [ -45.108542665948136, -21.17418956198124 ], [ -45.108542665948136, -21.175806529492654 ], [ -45.108812160533368, -21.175806529492657 ] ] ] } },
{ "type": "Feature", "properties": { "id_feicao": "fogo_2017_897", "ano": 2017.0, "mes": 10, "codigo_original": 15, "classe": "Pastagem", "cor": "#edde8e", "area_ha": 0.083441044863406574 }, "geometry": { "type": "Polygon", "coordinates": [ [ [ -45.110968117215258, -21.174728551151709 ], [ -45.111237611800497, -21.174728551151716 ], [ -45.111237611800497, -21.174459056566477 ], [ -45.110968117215258, -21.174459056566477 ], [ -45.110968117215258, -21.174728551151709 ] ] ] } },
{ "type": "Feature", "properties": { "id_feicao": "fogo_2017_898", "ano": 2017.0, "mes": 10, "codigo_original": 15, "classe": "Pastagem", "cor": "#edde8e", "area_ha": 0.083441766388434924 }, "geometry": { "type": "Polygon", "coordinates": [ [ [ -45.106656203851486, -21.173381078225539 ], [ -45.106925698436719, -21.173381078225532 ], [ -45.106925698436719, -21.173111583640303 ], [ -45.106656203851486, -21.173111583640299 ], [ -45.106656203851486, -21.173381078225539 ] ] ] } },
{ "type": "Feature", "properties": { "id_feicao": "fogo_2017_899", "ano": 2017.0, "mes": 10, "codigo_original": 15, "classe": "Pastagem", "cor": "#edde8e", "area_ha": 0.16688427771627903 }, "geometry": { "type": "Polygon", "coordinates": [ [ [ -45.106925698436719, -21.172842089055063 ], [ -45.107195193021958, -21.172842089055063 ], [ -45.107195193021958, -21.172303099884594 ], [ -45.106925698436719, -21.172303099884587 ], [ -45.106925698436719, -21.172842089055063 ] ] ] } },
{ "type": "Feature", "properties": { "id_feicao": "fogo_2017_900", "ano": 2017.0, "mes": 10, "codigo_original": 15, "classe": "Pastagem", "cor": "#edde8e", "area_ha": 0.33368042421638966 }, "geometry": { "type": "Polygon", "coordinates": [ [ [ -45.098301871709175, -21.212727287669974 ], [ -45.098840860879648, -21.21272728766996 ], [ -45.098840860879648, -21.212188298499495 ], [ -45.098301871709175, -21.212188298499495 ], [ -45.098301871709175, -21.212727287669974 ] ] ] } },
{ "type": "Feature", "properties": { "id_feicao": "fogo_2017_901", "ano": 2017.0, "mes": 10, "codigo_original": 15, "classe": "Pastagem", "cor": "#edde8e", "area_ha": 0.083420171663351361 }, "geometry": { "type": "Polygon", "coordinates": [ [ [ -45.096415409612518, -21.212457793084727 ], [ -45.096684904197758, -21.212457793084727 ], [ -45.096684904197758, -21.212188298499498 ], [ -45.096415409612518, -21.212188298499491 ], [ -45.096415409612518, -21.212457793084727 ] ] ] } },
{ "type": "Feature", "properties": { "id_feicao": "fogo_2017_902", "ano": 2017.0, "mes": 10, "codigo_original": 15, "classe": "Pastagem", "cor": "#edde8e", "area_ha": 1.0010482206543907 }, "geometry": { "type": "Polygon", "coordinates": [ [ [ -45.096145915027286, -21.210840825573317 ], [ -45.095337431271581, -21.21084082557331 ], [ -45.095337431271581, -21.211918803914259 ], [ -45.095606925856814, -21.211918803914262 ], [ -45.095606925856814, -21.211649309329029 ], [ -45.096145915027286, -21.211649309329029 ], [ -45.096145915027286, -21.211918803914259 ], [ -45.096415409612518, -21.211918803914255 ], [ -45.096415409612518, -21.211379814743786 ], [ -45.096145915027286, -21.21137981474379 ], [ -45.096145915027286, -21.210840825573317 ] ] ] } },
{ "type": "Feature", "properties": { "id_feicao": "fogo_2017_903", "ano": 2017.0, "mes": 10, "codigo_original": 15, "classe": "Pastagem", "cor": "#edde8e", "area_ha": 0.08342181588805124 }, "geometry": { "type": "Polygon", "coordinates": [ [ [ -45.098301871709175, -21.209223858061893 ], [ -45.098301871709175, -21.209493352647137 ], [ -45.098571366294408, -21.209493352647137 ], [ -45.098571366294408, -21.209223858061907 ], [ -45.098301871709175, -21.209223858061893 ] ] ] } },
{ "type": "Feature", "properties": { "id_feicao": "fogo_2017_904", "ano": 2017.0, "mes": 10, "codigo_original": 15, "classe": "Pastagem", "cor": "#edde8e", "area_ha": 0.25026585895344616 }, "geometry": { "type": "Polygon", "coordinates": [ [ [ -45.095337431271581, -21.2092238580619 ], [ -45.096145915027286, -21.209223858061907 ], [ -45.096145915027286, -21.208954363476668 ], [ -45.095337431271581, -21.208954363476668 ], [ -45.095337431271581, -21.2092238580619 ] ] ] } },
{ "type": "Feature", "properties": { "id_feicao": "fogo_2017_905", "ano": 2017.0, "mes": 10, "codigo_original": 15, "classe": "Pastagem", "cor": "#edde8e", "area_ha": 0.41711175412032753 }, "geometry": { "type": "Polygon", "coordinates": [ [ [ -45.096415409612518, -21.208415374306199 ], [ -45.096145915027286, -21.208415374306202 ], [ -45.096145915027286, -21.208145879720949 ], [ -45.095606925856814, -21.208145879720959 ], [ -45.095606925856814, -21.208684868891428 ], [ -45.096415409612518, -21.208684868891435 ], [ -45.096415409612518, -21.208415374306199 ] ] ] } },
{ "type": "Feature", "properties": { "id_feicao": "fogo_2017_906", "ano": 2017.0, "mes": 10, "codigo_original": 15, "classe": "Pastagem", "cor": "#edde8e", "area_ha": 0.25026910070590674 }, "geometry": { "type": "Polygon", "coordinates": [ [ [ -45.104500247169597, -21.207606890550487 ], [ -45.104769741754836, -21.207606890550483 ], [ -45.104769741754836, -21.206798406794782 ], [ -45.104500247169597, -21.206798406794775 ], [ -45.104500247169597, -21.207606890550487 ] ] ] } },
{ "type": "Feature", "properties": { "id_feicao": "fogo_2017_907", "ano": 2017.0, "mes": 10, "codigo_original": 15, "classe": "Pastagem", "cor": "#edde8e", "area_ha": 0.083423010350111876 }, "geometry": { "type": "Polygon", "coordinates": [ [ [ -45.099379850050113, -21.207337395965258 ], [ -45.099649344635353, -21.207337395965261 ], [ -45.099649344635353, -21.207067901380015 ], [ -45.099379850050113, -21.207067901380022 ], [ -45.099379850050113, -21.207337395965258 ] ] ] } },
{ "type": "Feature", "properties": { "id_feicao": "fogo_2017_908", "ano": 2017.0, "mes": 10, "codigo_original": 15, "classe": "Pastagem", "cor": "#edde8e", "area_ha": 0.083423155491519713 }, "geometry": { "type": "Polygon", "coordinates": [ [ [ -45.098571366294408, -21.207067901380022 ], [ -45.098840860879648, -21.207067901380022 ], [ -45.098840860879648, -21.206798406794785 ], [ -45.098571366294408, -21.206798406794782 ], [ -45.098571366294408, -21.207067901380022 ] ] ] } },
{ "type": "Feature", "properties": { "id_feicao": "fogo_2017_909", "ano": 2017.0, "mes": 10, "codigo_original": 15, "classe": "Pastagem", "cor": "#edde8e", "area_ha": 0.083423329726606613 }, "geometry": { "type": "Polygon", "coordinates": [ [ [ -45.104230752584364, -21.206798406794782 ], [ -45.104500247169597, -21.206798406794775 ], [ -45.104500247169597, -21.206528912209539 ], [ -45.104230752584364, -21.206528912209549 ], [ -45.104230752584364, -21.206798406794782 ] ] ] } },
{ "type": "Feature", "properties": { "id_feicao": "fogo_2017_910", "ano": 2017.0, "mes": 10, "codigo_original": 15, "classe": "Pastagem", "cor": "#edde8e", "area_ha": 0.4171165916818616 }, "geometry": { "type": "Polygon", "coordinates": [ [ [ -45.098301871709175, -21.206528912209542 ], [ -45.098301871709175, -21.206259417624313 ], [ -45.097762882538703, -21.20625941762431 ], [ -45.097762882538703, -21.206528912209549 ], [ -45.098032377123936, -21.206528912209549 ], [ -45.098032377123936, -21.207067901380022 ], [ -45.098301871709175, -21.207067901380022 ], [ -45.098301871709175, -21.206798406794775 ], [ -45.098571366294408, -21.206798406794782 ], [ -45.098571366294408, -21.206528912209549 ], [ -45.098301871709175, -21.206528912209542 ] ] ] } },
{ "type": "Feature", "properties": { "id_feicao": "fogo_2017_911", "ano": 2017.0, "mes": 10, "codigo_original": 15, "classe": "Pastagem", "cor": "#edde8e", "area_ha": 0.25027011389927939 }, "geometry": { "type": "Polygon", "coordinates": [ [ [ -45.096415409612518, -21.206798406794775 ], [ -45.096684904197758, -21.206798406794778 ], [ -45.096684904197758, -21.206259417624313 ], [ -45.096145915027286, -21.206259417624317 ], [ -45.096145915027286, -21.206528912209546 ], [ -45.096415409612518, -21.206528912209546 ], [ -45.096415409612518, -21.206798406794775 ] ] ] } },
{ "type": "Feature", "properties": { "id_feicao": "fogo_2017_912", "ano": 2017.0, "mes": 10, "codigo_original": 15, "classe": "Pastagem", "cor": "#edde8e", "area_ha": 0.25027100444203243 }, "geometry": { "type": "Polygon", "coordinates": [ [ [ -45.097223893368231, -21.206259417624306 ], [ -45.097762882538703, -21.20625941762431 ], [ -45.097762882538703, -21.205720428453834 ], [ -45.097493387953463, -21.205720428453837 ], [ -45.097493387953463, -21.205989923039073 ], [ -45.097223893368231, -21.205989923039077 ], [ -45.097223893368231, -21.206259417624306 ] ] ] } },
{ "type": "Feature", "properties": { "id_feicao": "fogo_2017_913", "ano": 2017.0, "mes": 10, "codigo_original": 15, "classe": "Pastagem", "cor": "#edde8e", "area_ha": 0.083423758654971522 }, "geometry": { "type": "Polygon", "coordinates": [ [ [ -45.100457828391058, -21.205720428453834 ], [ -45.100457828391058, -21.205989923039073 ], [ -45.100727322976297, -21.205989923039077 ], [ -45.100727322976297, -21.205720428453837 ], [ -45.100457828391058, -21.205720428453834 ] ] ] } },
{ "type": "Feature", "properties": { "id_feicao": "fogo_2017_914", "ano": 2017.0, "mes": 10, "codigo_original": 15, "classe": "Pastagem", "cor": "#edde8e", "area_ha": 0.41711918533034625 }, "geometry": { "type": "Polygon", "coordinates": [ [ [ -45.095337431271581, -21.20598992303907 ], [ -45.096145915027286, -21.205989923039073 ], [ -45.096145915027286, -21.205450933868605 ], [ -45.095606925856814, -21.205450933868605 ], [ -45.095606925856814, -21.205720428453844 ], [ -45.095337431271581, -21.20572042845383 ], [ -45.095337431271581, -21.20598992303907 ] ] ] } },
{ "type": "Feature", "properties": { "id_feicao": "fogo_2017_915", "ano": 2017.0, "mes": 10, "codigo_original": 15, "classe": "Pastagem", "cor": "#edde8e", "area_ha": 0.33369624128267167 }, "geometry": { "type": "Polygon", "coordinates": [ [ [ -45.10126631214677, -21.205720428453837 ], [ -45.101535806732002, -21.205720428453827 ], [ -45.101535806732002, -21.205450933868605 ], [ -45.101805301317242, -21.205450933868605 ], [ -45.101805301317242, -21.205181439283365 ], [ -45.101535806732002, -21.205181439283365 ], [ -45.101535806732002, -21.204911944698125 ], [ -45.10126631214677, -21.204911944698132 ], [ -45.10126631214677, -21.205720428453837 ] ] ] } },
{ "type": "Feature", "properties": { "id_feicao": "fogo_2017_916", "ano": 2017.0, "mes": 10, "codigo_original": 15, "classe": "Pastagem", "cor": "#edde8e", "area_ha": 0.66739305973056584 }, "geometry": { "type": "Polygon", "coordinates": [ [ [ -45.098840860879648, -21.204911944698132 ], [ -45.098840860879648, -21.204642450112889 ], [ -45.098032377123936, -21.204642450112889 ], [ -45.098032377123936, -21.205450933868605 ], [ -45.097762882538703, -21.205450933868605 ], [ -45.097762882538703, -21.205720428453834 ], [ -45.098301871709175, -21.20572042845383 ], [ -45.098301871709175, -21.205181439283368 ], [ -45.098571366294408, -21.205181439283365 ], [ -45.098571366294408, -21.204911944698125 ], [ -45.098840860879648, -21.204911944698132 ] ] ] } },
{ "type": "Feature", "properties": { "id_feicao": "fogo_2017_917", "ano": 2017.0, "mes": 10, "codigo_original": 15, "classe": "Pastagem", "cor": "#edde8e", "area_ha": 0.16684886524099857 }, "geometry": { "type": "Polygon", "coordinates": [ [ [ -45.101535806732002, -21.204911944698125 ], [ -45.101805301317242, -21.204911944698132 ], [ -45.101805301317242, -21.20437295552766 ], [ -45.101535806732002, -21.20437295552766 ], [ -45.101535806732002, -21.204911944698125 ] ] ] } },
{ "type": "Feature", "properties": { "id_feicao": "fogo_2017_918", "ano": 2017.0, "mes": 10, "codigo_original": 15, "classe": "Pastagem", "cor": "#edde8e", "area_ha": 1.0845176131743006 }, "geometry": { "type": "Polygon", "coordinates": [ [ [ -45.10099681756153, -21.20437295552766 ], [ -45.100457828391058, -21.20437295552766 ], [ -45.100457828391058, -21.204103460942427 ], [ -45.100188333805825, -21.204103460942424 ], [ -45.100188333805825, -21.204372955527663 ], [ -45.099649344635353, -21.204372955527663 ], [ -45.099649344635353, -21.204911944698136 ], [ -45.099379850050113, -21.204911944698129 ], [ -45.099379850050113, -21.205181439283368 ], [ -45.100457828391058, -21.205181439283368 ], [ -45.100457828391058, -21.204642450112885 ], [ -45.10099681756153, -21.204642450112893 ], [ -45.10099681756153, -21.20437295552766 ] ] ] } },
{ "type": "Feature", "properties": { "id_feicao": "fogo_2017_919", "ano": 2017.0, "mes": 10, "codigo_original": 15, "classe": "Pastagem", "cor": "#edde8e", "area_ha": 0.083424628503620618 }, "geometry": { "type": "Polygon", "coordinates": [ [ [ -45.095337431271581, -21.204372955527663 ], [ -45.095606925856814, -21.20437295552766 ], [ -45.095606925856814, -21.204103460942427 ], [ -45.095337431271581, -21.204103460942424 ], [ -45.095337431271581, -21.204372955527663 ] ] ] } },
{ "type": "Feature", "properties": { "id_feicao": "fogo_2017_920", "ano": 2017.0, "mes": 10, "codigo_original": 15, "classe": "Pastagem", "cor": "#edde8e", "area_ha": 0.16684955782247707 }, "geometry": { "type": "Polygon", "coordinates": [ [ [ -45.095606925856814, -21.204103460942427 ], [ -45.096145915027286, -21.204103460942431 ], [ -45.096145915027286, -21.203833966357188 ], [ -45.095606925856814, -21.203833966357188 ], [ -45.095606925856814, -21.204103460942427 ] ] ] } },
{ "type": "Feature", "properties": { "id_feicao": "fogo_2017_921", "ano": 2017.0, "mes": 10, "codigo_original": 15, "classe": "Pastagem", "cor": "#edde8e", "area_ha": 0.3337000169524923 }, "geometry": { "type": "Polygon", "coordinates": [ [ [ -45.096145915027286, -21.203833966357188 ], [ -45.096684904197758, -21.203833966357188 ], [ -45.096684904197758, -21.203294977186715 ], [ -45.096145915027286, -21.203294977186715 ], [ -45.096145915027286, -21.203833966357188 ] ] ] } },
{ "type": "Feature", "properties": { "id_feicao": "fogo_2017_922", "ano": 2017.0, "mes": 10, "codigo_original": 15, "classe": "Pastagem", "cor": "#edde8e", "area_ha": 0.58399196299882605 }, "geometry": { "type": "Polygon", "coordinates": [ [ [ -45.101535806732002, -21.199252558408176 ], [ -45.10126631214677, -21.199252558408173 ], [ -45.10126631214677, -21.198983063822936 ], [ -45.10099681756153, -21.19898306382294 ], [ -45.10099681756153, -21.198713569237704 ], [ -45.100727322976297, -21.198713569237704 ], [ -45.100727322976297, -21.198983063822936 ], [ -45.100457828391058, -21.198983063822944 ], [ -45.100457828391058, -21.199252558408183 ], [ -45.10099681756153, -21.19925255840818 ], [ -45.10099681756153, -21.199791547578652 ], [ -45.10126631214677, -21.199791547578648 ], [ -45.10126631214677, -21.199522052993412 ], [ -45.101535806732002, -21.199522052993409 ], [ -45.101535806732002, -21.199252558408176 ] ] ] } },
{ "type": "Feature", "properties": { "id_feicao": "fogo_2017_923", "ano": 2017.0, "mes": 10, "codigo_original": 15, "classe": "Pastagem", "cor": "#edde8e", "area_ha": 0.58399314604335628 }, "geometry": { "type": "Polygon", "coordinates": [ [ [ -45.09911035546488, -21.198983063822936 ], [ -45.09911035546488, -21.199252558408173 ], [ -45.100188333805825, -21.199252558408173 ], [ -45.100188333805825, -21.198713569237707 ], [ -45.099379850050113, -21.1987135692377 ], [ -45.099379850050113, -21.198983063822936 ], [ -45.09911035546488, -21.198983063822936 ] ] ] } },
{ "type": "Feature", "properties": { "id_feicao": "fogo_2017_924", "ano": 2017.0, "mes": 10, "codigo_original": 15, "classe": "Pastagem", "cor": "#edde8e", "area_ha": 0.16685878149047495 }, "geometry": { "type": "Polygon", "coordinates": [ [ [ -45.096415409612518, -21.195749128800106 ], [ -45.096954398782991, -21.195749128800117 ], [ -45.096954398782991, -21.195479634214873 ], [ -45.096415409612518, -21.19547963421487 ], [ -45.096415409612518, -21.195749128800106 ] ] ] } },
{ "type": "Feature", "properties": { "id_feicao": "fogo_2017_925", "ano": 2017.0, "mes": 10, "codigo_original": 15, "classe": "Pastagem", "cor": "#edde8e", "area_ha": 0.25028846641629932 }, "geometry": { "type": "Polygon", "coordinates": [ [ [ -45.102344290487714, -21.195749128800109 ], [ -45.10288327965818, -21.195749128800113 ], [ -45.10288327965818, -21.195210139629648 ], [ -45.102613785072947, -21.195210139629637 ], [ -45.102613785072947, -21.195479634214873 ], [ -45.102344290487714, -21.19547963421487 ], [ -45.102344290487714, -21.195749128800109 ] ] ] } },
{ "type": "Feature", "properties": { "id_feicao": "fogo_2017_926", "ano": 2017.0, "mes": 10, "codigo_original": 15, "classe": "Pastagem", "cor": "#edde8e", "area_ha": 1.585160060949903 }, "geometry": { "type": "Polygon", "coordinates": [ [ [ -45.10099681756153, -21.196288117970575 ], [ -45.101535806732002, -21.196288117970575 ], [ -45.101535806732002, -21.196018623385342 ], [ -45.10126631214677, -21.196018623385353 ], [ -45.10126631214677, -21.195749128800109 ], [ -45.10099681756153, -21.195749128800113 ], [ -45.10099681756153, -21.19547963421488 ], [ -45.100188333805825, -21.19547963421487 ], [ -45.100188333805825, -21.195210139629644 ], [ -45.099649344635353, -21.195210139629634 ], [ -45.099649344635353, -21.194671150459161 ], [ -45.098840860879648, -21.194671150459158 ], [ -45.098840860879648, -21.194940645044397 ], [ -45.09911035546488, -21.194940645044397 ], [ -45.09911035546488, -21.195479634214873 ], [ -45.099649344635353, -21.195479634214866 ], [ -45.099649344635353, -21.195749128800106 ], [ -45.100457828391058, -21.195749128800117 ], [ -45.100457828391058, -21.196018623385346 ], [ -45.10099681756153, -21.196018623385346 ], [ -45.10099681756153, -21.196288117970575 ] ] ] } },
{ "type": "Feature", "properties": { "id_feicao": "fogo_2017_927", "ano": 2017.0, "mes": 10, "codigo_original": 15, "classe": "Pastagem", "cor": "#edde8e", "area_ha": 0.33371882293410599 }, "geometry": { "type": "Polygon", "coordinates": [ [ [ -45.100188333805825, -21.195210139629644 ], [ -45.10126631214677, -21.195210139629641 ], [ -45.10126631214677, -21.194940645044412 ], [ -45.100188333805825, -21.194940645044404 ], [ -45.100188333805825, -21.195210139629644 ] ] ] } },
{ "type": "Feature", "properties": { "id_feicao": "fogo_2017_928", "ano": 2017.0, "mes": 10, "codigo_original": 15, "classe": "Pastagem", "cor": "#edde8e", "area_ha": 0.66744110730458051 }, "geometry": { "type": "Polygon", "coordinates": [ [ [ -45.098840860879648, -21.194132161288696 ], [ -45.098571366294408, -21.194132161288699 ], [ -45.098571366294408, -21.194401655873939 ], [ -45.099379850050113, -21.194401655873925 ], [ -45.099379850050113, -21.194132161288689 ], [ -45.100188333805825, -21.194132161288696 ], [ -45.100188333805825, -21.193862666703463 ], [ -45.098840860879648, -21.193862666703453 ], [ -45.098840860879648, -21.194132161288696 ] ] ] } },
{ "type": "Feature", "properties": { "id_feicao": "fogo_2017_929", "ano": 2017.0, "mes": 10, "codigo_original": 15, "classe": "Pastagem", "cor": "#edde8e", "area_ha": 0.25029618520960212 }, "geometry": { "type": "Polygon", "coordinates": [ [ [ -45.095606925856814, -21.191167720851098 ], [ -45.095876420442053, -21.191167720851105 ], [ -45.095876420442053, -21.190359237095389 ], [ -45.095606925856814, -21.190359237095393 ], [ -45.095606925856814, -21.191167720851098 ] ] ] } },
{ "type": "Feature", "properties": { "id_feicao": "fogo_2017_930", "ano": 2017.0, "mes": 10, "codigo_original": 15, "classe": "Pastagem", "cor": "#edde8e", "area_ha": 0.16686590541417026 }, "geometry": { "type": "Polygon", "coordinates": [ [ [ -45.095337431271581, -21.189011764169216 ], [ -45.095337431271581, -21.189281258754445 ], [ -45.095876420442053, -21.189281258754445 ], [ -45.095876420442053, -21.189011764169212 ], [ -45.095337431271581, -21.189011764169216 ] ] ] } },
{ "type": "Feature", "properties": { "id_feicao": "fogo_2017_931", "ano": 2017.0, "mes": 10, "codigo_original": 15, "classe": "Pastagem", "cor": "#edde8e", "area_ha": 0.16686609027311206 }, "geometry": { "type": "Polygon", "coordinates": [ [ [ -45.099649344635353, -21.189281258754452 ], [ -45.099918839220585, -21.189281258754459 ], [ -45.099918839220585, -21.18874226958398 ], [ -45.099649344635353, -21.188742269583972 ], [ -45.099649344635353, -21.189281258754452 ] ] ] } },
{ "type": "Feature", "properties": { "id_feicao": "fogo_2017_932", "ano": 2017.0, "mes": 10, "codigo_original": 15, "classe": "Pastagem", "cor": "#edde8e", "area_ha": 0.33373277321020139 }, "geometry": { "type": "Polygon", "coordinates": [ [ [ -45.097223893368231, -21.18874226958398 ], [ -45.096684904197758, -21.188742269583972 ], [ -45.096684904197758, -21.188472774998747 ], [ -45.096415409612518, -21.188472774998743 ], [ -45.096415409612518, -21.189011764169216 ], [ -45.097223893368231, -21.189011764169216 ], [ -45.097223893368231, -21.18874226958398 ] ] ] } },
{ "type": "Feature", "properties": { "id_feicao": "fogo_2017_933", "ano": 2017.0, "mes": 10, "codigo_original": 15, "classe": "Pastagem", "cor": "#edde8e", "area_ha": 0.083433403642568738 }, "geometry": { "type": "Polygon", "coordinates": [ [ [ -45.096684904197758, -21.188472774998747 ], [ -45.096954398782991, -21.188472774998743 ], [ -45.096954398782991, -21.188203280413511 ], [ -45.096684904197758, -21.188203280413493 ], [ -45.096684904197758, -21.188472774998747 ] ] ] } },
{ "type": "Feature", "properties": { "id_feicao": "fogo_2017_934", "ano": 2017.0, "mes": 10, "codigo_original": 15, "classe": "Pastagem", "cor": "#edde8e", "area_ha": 0.25030064282193781 }, "geometry": { "type": "Polygon", "coordinates": [ [ [ -45.095337431271581, -21.188203280413504 ], [ -45.096145915027286, -21.1882032804135 ], [ -45.096145915027286, -21.187933785828275 ], [ -45.095337431271581, -21.187933785828264 ], [ -45.095337431271581, -21.188203280413504 ] ] ] } },
{ "type": "Feature", "properties": { "id_feicao": "fogo_2017_935", "ano": 2017.0, "mes": 10, "codigo_original": 15, "classe": "Pastagem", "cor": "#edde8e", "area_ha": 2.0024116129254921 }, "geometry": { "type": "Polygon", "coordinates": [ [ [ -45.098301871709175, -21.187125302072566 ], [ -45.097493387953463, -21.187125302072555 ], [ -45.097493387953463, -21.187394796657795 ], [ -45.097762882538703, -21.187394796657802 ], [ -45.097762882538703, -21.187664291243038 ], [ -45.098032377123936, -21.187664291243028 ], [ -45.098032377123936, -21.188203280413511 ], [ -45.09911035546488, -21.188203280413504 ], [ -45.09911035546488, -21.188472774998747 ], [ -45.099379850050113, -21.18847277499874 ], [ -45.099379850050113, -21.1882032804135 ], [ -45.099649344635353, -21.188203280413511 ], [ -45.099649344635353, -21.187664291243038 ], [ -45.100457828391058, -21.187664291243031 ], [ -45.100457828391058, -21.187394796657802 ], [ -45.099918839220585, -21.187394796657799 ], [ -45.099918839220585, -21.187125302072555 ], [ -45.100457828391058, -21.187125302072555 ], [ -45.100457828391058, -21.18685580748733 ], [ -45.099649344635353, -21.18685580748733 ], [ -45.099649344635353, -21.187394796657795 ], [ -45.099379850050113, -21.187394796657799 ], [ -45.099379850050113, -21.187664291243028 ], [ -45.09911035546488, -21.187664291243031 ], [ -45.09911035546488, -21.187933785828271 ], [ -45.098571366294408, -21.187933785828275 ], [ -45.098571366294408, -21.187664291243035 ], [ -45.098301871709175, -21.187664291243035 ], [ -45.098301871709175, -21.187125302072566 ] ] ] } },
{ "type": "Feature", "properties": { "id_feicao": "fogo_2017_936", "ano": 2017.0, "mes": 10, "codigo_original": 15, "classe": "Pastagem", "cor": "#edde8e", "area_ha": 0.16686771632619202 }, "geometry": { "type": "Polygon", "coordinates": [ [ [ -45.098571366294408, -21.187664291243035 ], [ -45.09911035546488, -21.187664291243031 ], [ -45.09911035546488, -21.187394796657792 ], [ -45.098571366294408, -21.187394796657806 ], [ -45.098571366294408, -21.187664291243035 ] ] ] } },
{ "type": "Feature", "properties": { "id_feicao": "fogo_2017_937", "ano": 2017.0, "mes": 10, "codigo_original": 15, "classe": "Pastagem", "cor": "#edde8e", "area_ha": 0.083434148844119496 }, "geometry": { "type": "Polygon", "coordinates": [ [ [ -45.097223893368231, -21.186855807487326 ], [ -45.097223893368231, -21.187125302072566 ], [ -45.097493387953463, -21.187125302072555 ], [ -45.097493387953463, -21.186855807487323 ], [ -45.097223893368231, -21.186855807487326 ] ] ] } },
{ "type": "Feature", "properties": { "id_feicao": "fogo_2017_938", "ano": 2017.0, "mes": 10, "codigo_original": 15, "classe": "Pastagem", "cor": "#edde8e", "area_ha": 0.083434585320204493 }, "geometry": { "type": "Polygon", "coordinates": [ [ [ -45.095067936686341, -21.18631681831685 ], [ -45.095337431271581, -21.186316818316854 ], [ -45.095337431271581, -21.186047323731625 ], [ -45.095067936686341, -21.186047323731625 ], [ -45.095067936686341, -21.18631681831685 ] ] ] } },
{ "type": "Feature", "properties": { "id_feicao": "fogo_2017_939", "ano": 2017.0, "mes": 10, "codigo_original": 15, "classe": "Pastagem", "cor": "#edde8e", "area_ha": 0.083434890509583054 }, "geometry": { "type": "Polygon", "coordinates": [ [ [ -45.096954398782991, -21.185777829146392 ], [ -45.097223893368231, -21.185777829146389 ], [ -45.097223893368231, -21.185508334561149 ], [ -45.096954398782991, -21.185508334561153 ], [ -45.096954398782991, -21.185777829146392 ] ] ] } },
{ "type": "Feature", "properties": { "id_feicao": "fogo_2017_940", "ano": 2017.0, "mes": 10, "codigo_original": 15, "classe": "Pastagem", "cor": "#edde8e", "area_ha": 0.083434888189272804 }, "geometry": { "type": "Polygon", "coordinates": [ [ [ -45.096415409612518, -21.185508334561149 ], [ -45.096415409612518, -21.185777829146375 ], [ -45.096684904197758, -21.185777829146385 ], [ -45.096684904197758, -21.185508334561149 ], [ -45.096415409612518, -21.185508334561149 ] ] ] } },
{ "type": "Feature", "properties": { "id_feicao": "fogo_2017_941", "ano": 2017.0, "mes": 10, "codigo_original": 15, "classe": "Pastagem", "cor": "#edde8e", "area_ha": 0.166870070038829 }, "geometry": { "type": "Polygon", "coordinates": [ [ [ -45.095876420442053, -21.185508334561153 ], [ -45.096415409612518, -21.185508334561149 ], [ -45.096415409612518, -21.185238839975909 ], [ -45.095876420442053, -21.185238839975913 ], [ -45.095876420442053, -21.185508334561153 ] ] ] } },
{ "type": "Feature", "properties": { "id_feicao": "fogo_2017_942", "ano": 2017.0, "mes": 10, "codigo_original": 15, "classe": "Pastagem", "cor": "#edde8e", "area_ha": 0.25030557692134753 }, "geometry": { "type": "Polygon", "coordinates": [ [ [ -45.097762882538703, -21.185238839975909 ], [ -45.098571366294408, -21.185238839975909 ], [ -45.098571366294408, -21.184969345390677 ], [ -45.097762882538703, -21.18496934539068 ], [ -45.097762882538703, -21.185238839975909 ] ] ] } },
{ "type": "Feature", "properties": { "id_feicao": "fogo_2017_943", "ano": 2017.0, "mes": 10, "codigo_original": 15, "classe": "Pastagem", "cor": "#edde8e", "area_ha": 0.083435344407847695 }, "geometry": { "type": "Polygon", "coordinates": [ [ [ -45.098840860879648, -21.18469985080544 ], [ -45.098840860879648, -21.184969345390677 ], [ -45.09911035546488, -21.18496934539068 ], [ -45.09911035546488, -21.18469985080544 ], [ -45.098840860879648, -21.18469985080544 ] ] ] } },
{ "type": "Feature", "properties": { "id_feicao": "fogo_2017_944", "ano": 2017.0, "mes": 10, "codigo_original": 15, "classe": "Pastagem", "cor": "#edde8e", "area_ha": 0.083435330411233008 }, "geometry": { "type": "Polygon", "coordinates": [ [ [ -45.095606925856814, -21.184969345390677 ], [ -45.095876420442053, -21.184969345390666 ], [ -45.095876420442053, -21.184699850805444 ], [ -45.095606925856814, -21.184699850805437 ], [ -45.095606925856814, -21.184969345390677 ] ] ] } },
{ "type": "Feature", "properties": { "id_feicao": "fogo_2017_945", "ano": 2017.0, "mes": 10, "codigo_original": 15, "classe": "Pastagem", "cor": "#edde8e", "area_ha": 0.083435501338820911 }, "geometry": { "type": "Polygon", "coordinates": [ [ [ -45.100727322976297, -21.184699850805433 ], [ -45.10099681756153, -21.184699850805437 ], [ -45.10099681756153, -21.184430356220201 ], [ -45.100727322976297, -21.184430356220197 ], [ -45.100727322976297, -21.184699850805433 ] ] ] } },
{ "type": "Feature", "properties": { "id_feicao": "fogo_2017_946", "ano": 2017.0, "mes": 10, "codigo_original": 15, "classe": "Pastagem", "cor": "#edde8e", "area_ha": 0.16687098949356005 }, "geometry": { "type": "Polygon", "coordinates": [ [ [ -45.09911035546488, -21.18469985080544 ], [ -45.099649344635353, -21.18469985080544 ], [ -45.099649344635353, -21.184430356220194 ], [ -45.09911035546488, -21.184430356220204 ], [ -45.09911035546488, -21.18469985080544 ] ] ] } },
{ "type": "Feature", "properties": { "id_feicao": "fogo_2017_947", "ano": 2017.0, "mes": 10, "codigo_original": 15, "classe": "Pastagem", "cor": "#edde8e", "area_ha": 0.1668725139118731 }, "geometry": { "type": "Polygon", "coordinates": [ [ [ -45.103422268828652, -21.18335237787926 ], [ -45.103961257999124, -21.18335237787926 ], [ -45.103961257999124, -21.183082883294027 ], [ -45.103422268828652, -21.183082883294031 ], [ -45.103422268828652, -21.18335237787926 ] ] ] } },
{ "type": "Feature", "properties": { "id_feicao": "fogo_2017_948", "ano": 2017.0, "mes": 10, "codigo_original": 15, "classe": "Pastagem", "cor": "#edde8e", "area_ha": 0.25030942384917287 }, "geometry": { "type": "Polygon", "coordinates": [ [ [ -45.103422268828652, -21.182813388708787 ], [ -45.103152774243419, -21.182813388708787 ], [ -45.103152774243419, -21.182543894123551 ], [ -45.10288327965818, -21.182543894123544 ], [ -45.10288327965818, -21.183082883294023 ], [ -45.103422268828652, -21.183082883294031 ], [ -45.103422268828652, -21.182813388708787 ] ] ] } },
{ "type": "Feature", "properties": { "id_feicao": "fogo_2017_949", "ano": 2017.0, "mes": 10, "codigo_original": 15, "classe": "Pastagem", "cor": "#edde8e", "area_ha": 0.16687384212221951 }, "geometry": { "type": "Polygon", "coordinates": [ [ [ -45.102613785072947, -21.182274399538315 ], [ -45.10288327965818, -21.182274399538318 ], [ -45.10288327965818, -21.181735410367843 ], [ -45.102613785072947, -21.181735410367839 ], [ -45.102613785072947, -21.182274399538315 ] ] ] } },
{ "type": "Feature", "properties": { "id_feicao": "fogo_2017_950", "ano": 2017.0, "mes": 10, "codigo_original": 15, "classe": "Pastagem", "cor": "#edde8e", "area_ha": 0.083437301098716485 }, "geometry": { "type": "Polygon", "coordinates": [ [ [ -45.104500247169597, -21.181196421197374 ], [ -45.104500247169597, -21.181465915782614 ], [ -45.104769741754836, -21.181465915782614 ], [ -45.104769741754836, -21.181196421197374 ], [ -45.104500247169597, -21.181196421197374 ] ] ] } },
{ "type": "Feature", "properties": { "id_feicao": "fogo_2017_951", "ano": 2017.0, "mes": 10, "codigo_original": 15, "classe": "Pastagem", "cor": "#edde8e", "area_ha": 0.25031188089959322 }, "geometry": { "type": "Polygon", "coordinates": [ [ [ -45.10288327965818, -21.181735410367843 ], [ -45.103152774243419, -21.181735410367843 ], [ -45.103152774243419, -21.180926926612134 ], [ -45.10288327965818, -21.180926926612138 ], [ -45.10288327965818, -21.181735410367843 ] ] ] } },
{ "type": "Feature", "properties": { "id_feicao": "fogo_2017_952", "ano": 2017.0, "mes": 10, "codigo_original": 15, "classe": "Pastagem", "cor": "#edde8e", "area_ha": 5.0062416924517601 }, "geometry": { "type": "Polygon", "coordinates": [ [ [ -45.096954398782991, -21.182274399538315 ], [ -45.096684904197758, -21.182274399538318 ], [ -45.096684904197758, -21.183082883294027 ], [ -45.096954398782991, -21.183082883294027 ], [ -45.096954398782991, -21.182543894123544 ], [ -45.097223893368231, -21.182543894123555 ], [ -45.097223893368231, -21.182274399538318 ], [ -45.097493387953463, -21.182274399538315 ], [ -45.097493387953463, -21.182004904953079 ], [ -45.097762882538703, -21.182004904953082 ], [ -45.097762882538703, -21.181735410367843 ], [ -45.098301871709175, -21.181735410367839 ], [ -45.098301871709175, -21.18146591578261 ], [ -45.09911035546488, -21.181465915782614 ], [ -45.09911035546488, -21.18119642119737 ], [ -45.099918839220585, -21.181196421197377 ], [ -45.099918839220585, -21.180926926612138 ], [ -45.100457828391058, -21.180926926612127 ], [ -45.100457828391058, -21.181196421197374 ], [ -45.10126631214677, -21.181196421197377 ], [ -45.10126631214677, -21.180926926612134 ], [ -45.101535806732002, -21.180926926612138 ], [ -45.101535806732002, -21.180657432026898 ], [ -45.10126631214677, -21.180657432026898 ], [ -45.10126631214677, -21.180387937441665 ], [ -45.099379850050113, -21.180387937441658 ], [ -45.099379850050113, -21.180118442856429 ], [ -45.09911035546488, -21.180118442856436 ], [ -45.09911035546488, -21.179579453685964 ], [ -45.098840860879648, -21.17957945368596 ], [ -45.098840860879648, -21.180387937441665 ], [ -45.098301871709175, -21.180387937441658 ], [ -45.098301871709175, -21.180657432026901 ], [ -45.097762882538703, -21.180657432026901 ], [ -45.097762882538703, -21.181196421197377 ], [ -45.097493387953463, -21.181196421197374 ], [ -45.097493387953463, -21.181465915782606 ], [ -45.096954398782991, -21.181465915782617 ], [ -45.096954398782991, -21.182274399538315 ] ] ] } },
{ "type": "Feature", "properties": { "id_feicao": "fogo_2017_953", "ano": 2017.0, "mes": 10, "codigo_original": 15, "classe": "Pastagem", "cor": "#edde8e", "area_ha": 0.66750214515756812 }, "geometry": { "type": "Polygon", "coordinates": [ [ [ -45.104500247169597, -21.180118442856429 ], [ -45.103961257999124, -21.180118442856436 ], [ -45.103961257999124, -21.180387937441669 ], [ -45.103422268828652, -21.180387937441669 ], [ -45.103422268828652, -21.180657432026898 ], [ -45.103152774243419, -21.180657432026901 ], [ -45.103152774243419, -21.180926926612134 ], [ -45.103691763413892, -21.180926926612127 ], [ -45.103691763413892, -21.180657432026901 ], [ -45.104500247169597, -21.180657432026898 ], [ -45.104500247169597, -21.180118442856429 ] ] ] } },
{ "type": "Feature", "properties": { "id_feicao": "fogo_2017_954", "ano": 2017.0, "mes": 10, "codigo_original": 15, "classe": "Pastagem", "cor": "#edde8e", "area_ha": 0.083438043737411496 }, "geometry": { "type": "Polygon", "coordinates": [ [ [ -45.104500247169597, -21.180118442856429 ], [ -45.104769741754836, -21.180118442856433 ], [ -45.104769741754836, -21.1798489482712 ], [ -45.104500247169597, -21.179848948271196 ], [ -45.104500247169597, -21.180118442856429 ] ] ] } },
{ "type": "Feature", "properties": { "id_feicao": "fogo_2017_955", "ano": 2017.0, "mes": 10, "codigo_original": 15, "classe": "Pastagem", "cor": "#edde8e", "area_ha": 0.083438325967360283 }, "geometry": { "type": "Polygon", "coordinates": [ [ [ -45.10126631214677, -21.17957945368596 ], [ -45.101535806732002, -21.179579453685964 ], [ -45.101535806732002, -21.179309959100724 ], [ -45.10126631214677, -21.179309959100724 ], [ -45.10126631214677, -21.17957945368596 ] ] ] } },
{ "type": "Feature", "properties": { "id_feicao": "fogo_2017_956", "ano": 2017.0, "mes": 10, "codigo_original": 15, "classe": "Pastagem", "cor": "#edde8e", "area_ha": 0.08343863781634718 }, "geometry": { "type": "Polygon", "coordinates": [ [ [ -45.104500247169597, -21.179040464515488 ], [ -45.104769741754836, -21.179040464515488 ], [ -45.104769741754836, -21.178770969930255 ], [ -45.104500247169597, -21.178770969930252 ], [ -45.104500247169597, -21.179040464515488 ] ] ] } },
{ "type": "Feature", "properties": { "id_feicao": "fogo_2017_957", "ano": 2017.0, "mes": 10, "codigo_original": 15, "classe": "Pastagem", "cor": "#edde8e", "area_ha": 0.16687756891462432 }, "geometry": { "type": "Polygon", "coordinates": [ [ [ -45.103961257999124, -21.178501475345016 ], [ -45.103961257999124, -21.178770969930252 ], [ -45.104500247169597, -21.178770969930252 ], [ -45.104500247169597, -21.178501475345016 ], [ -45.103961257999124, -21.178501475345016 ] ] ] } },
{ "type": "Feature", "properties": { "id_feicao": "fogo_2017_958", "ano": 2017.0, "mes": 10, "codigo_original": 15, "classe": "Pastagem", "cor": "#edde8e", "area_ha": 0.16687845998192205 }, "geometry": { "type": "Polygon", "coordinates": [ [ [ -45.103961257999124, -21.17796248617454 ], [ -45.104500247169597, -21.17796248617455 ], [ -45.104500247169597, -21.177692991589304 ], [ -45.103961257999124, -21.177692991589307 ], [ -45.103961257999124, -21.17796248617454 ] ] ] } },
{ "type": "Feature", "properties": { "id_feicao": "fogo_2017_959", "ano": 2017.0, "mes": 10, "codigo_original": 15, "classe": "Pastagem", "cor": "#edde8e", "area_ha": 0.58407889543641356 }, "geometry": { "type": "Polygon", "coordinates": [ [ [ -45.101805301317242, -21.176884507833599 ], [ -45.102613785072947, -21.176884507833599 ], [ -45.102613785072947, -21.176345518663133 ], [ -45.101535806732002, -21.176345518663123 ], [ -45.101535806732002, -21.176615013248362 ], [ -45.101805301317242, -21.176615013248369 ], [ -45.101805301317242, -21.176884507833599 ] ] ] } },
{ "type": "Feature", "properties": { "id_feicao": "fogo_2017_960", "ano": 2017.0, "mes": 10, "codigo_original": 15, "classe": "Pastagem", "cor": "#edde8e", "area_ha": 0.16688171701580287 }, "geometry": { "type": "Polygon", "coordinates": [ [ [ -45.10288327965818, -21.174998045736945 ], [ -45.103422268828652, -21.174998045736945 ], [ -45.103422268828652, -21.174728551151709 ], [ -45.10288327965818, -21.174728551151713 ], [ -45.10288327965818, -21.174998045736945 ] ] ] } },
{ "type": "Feature", "properties": { "id_feicao": "fogo_2017_961", "ano": 2017.0, "mes": 10, "codigo_original": 15, "classe": "Pastagem", "cor": "#edde8e", "area_ha": 0.50064702142020689 }, "geometry": { "type": "Polygon", "coordinates": [ [ [ -45.103422268828652, -21.173920067396008 ], [ -45.102613785072947, -21.173920067396008 ], [ -45.102613785072947, -21.174189561981244 ], [ -45.102344290487714, -21.174189561981247 ], [ -45.102344290487714, -21.174459056566473 ], [ -45.102613785072947, -21.17445905656648 ], [ -45.102613785072947, -21.174728551151713 ], [ -45.10288327965818, -21.174728551151713 ], [ -45.10288327965818, -21.174189561981244 ], [ -45.103422268828652, -21.174189561981251 ], [ -45.103422268828652, -21.173920067396008 ] ] ] } },
{ "type": "Feature", "properties": { "id_feicao": "fogo_2017_962", "ano": 2017.0, "mes": 10, "codigo_original": 15, "classe": "Pastagem", "cor": "#edde8e", "area_ha": 0.083441893579810855 }, "geometry": { "type": "Polygon", "coordinates": [ [ [ -45.102074795902475, -21.173111583640296 ], [ -45.102344290487714, -21.173111583640303 ], [ -45.102344290487714, -21.17284208905507 ], [ -45.102074795902475, -21.17284208905507 ], [ -45.102074795902475, -21.173111583640296 ] ] ] } },
{ "type": "Feature", "properties": { "id_feicao": "fogo_2017_963", "ano": 2017.0, "mes": 10, "codigo_original": 15, "classe": "Pastagem", "cor": "#edde8e", "area_ha": 0.083417759395670144 }, "geometry": { "type": "Polygon", "coordinates": [ [ [ -45.08860006664068, -21.216769706448506 ], [ -45.08886956122592, -21.216769706448503 ], [ -45.08886956122592, -21.21650021186327 ], [ -45.08860006664068, -21.216500211863277 ], [ -45.08860006664068, -21.216769706448506 ] ] ] } },
{ "type": "Feature", "properties": { "id_feicao": "fogo_2017_964", "ano": 2017.0, "mes": 10, "codigo_original": 15, "classe": "Pastagem", "cor": "#edde8e", "area_ha": 0.25025374055861122 }, "geometry": { "type": "Polygon", "coordinates": [ [ [ -45.089678044981625, -21.216230717278041 ], [ -45.089678044981625, -21.216500211863274 ], [ -45.09048652873733, -21.216500211863266 ], [ -45.09048652873733, -21.216230717278034 ], [ -45.089678044981625, -21.216230717278041 ] ] ] } },
{ "type": "Feature", "properties": { "id_feicao": "fogo_2017_965", "ano": 2017.0, "mes": 10, "codigo_original": 15, "classe": "Pastagem", "cor": "#edde8e", "area_ha": 0.1668361299853772 }, "geometry": { "type": "Polygon", "coordinates": [ [ [ -45.09048652873733, -21.216230717278034 ], [ -45.091025517907802, -21.216230717278034 ], [ -45.091025517907802, -21.215961222692798 ], [ -45.09048652873733, -21.215961222692798 ], [ -45.09048652873733, -21.216230717278034 ] ] ] } },
{ "type": "Feature", "properties": { "id_feicao": "fogo_2017_966", "ano": 2017.0, "mes": 10, "codigo_original": 15, "classe": "Pastagem", "cor": "#edde8e", "area_ha": 0.083418216486088936 }, "geometry": { "type": "Polygon", "coordinates": [ [ [ -45.091295012493042, -21.215961222692805 ], [ -45.091564507078274, -21.215961222692794 ], [ -45.091564507078274, -21.215691728107561 ], [ -45.091295012493042, -21.215691728107558 ], [ -45.091295012493042, -21.215961222692805 ] ] ] } },
{ "type": "Feature", "properties": { "id_feicao": "fogo_2017_967", "ano": 2017.0, "mes": 10, "codigo_original": 15, "classe": "Pastagem", "cor": "#edde8e", "area_ha": 0.083418359814211723 }, "geometry": { "type": "Polygon", "coordinates": [ [ [ -45.089947539566865, -21.215691728107561 ], [ -45.090217034152097, -21.215691728107561 ], [ -45.090217034152097, -21.215422233522332 ], [ -45.089947539566865, -21.215422233522332 ], [ -45.089947539566865, -21.215691728107561 ] ] ] } },
{ "type": "Feature", "properties": { "id_feicao": "fogo_2017_968", "ano": 2017.0, "mes": 10, "codigo_original": 15, "classe": "Pastagem", "cor": "#edde8e", "area_ha": 0.083418352348171174 }, "geometry": { "type": "Polygon", "coordinates": [ [ [ -45.088061077470208, -21.215691728107565 ], [ -45.088330572055447, -21.215691728107561 ], [ -45.088330572055447, -21.215422233522332 ], [ -45.088061077470208, -21.215422233522336 ], [ -45.088061077470208, -21.215691728107565 ] ] ] } },
{ "type": "Feature", "properties": { "id_feicao": "fogo_2017_969", "ano": 2017.0, "mes": 10, "codigo_original": 15, "classe": "Pastagem", "cor": "#edde8e", "area_ha": 0.33367464455273005 }, "geometry": { "type": "Polygon", "coordinates": [ [ [ -45.09048652873733, -21.215152738937093 ], [ -45.091564507078274, -21.215152738937086 ], [ -45.091564507078274, -21.21488324435186 ], [ -45.09048652873733, -21.214883244351853 ], [ -45.09048652873733, -21.215152738937093 ] ] ] } },
{ "type": "Feature", "properties": { "id_feicao": "fogo_2017_970", "ano": 2017.0, "mes": 10, "codigo_original": 15, "classe": "Pastagem", "cor": "#edde8e", "area_ha": 0.083418806099891663 }, "geometry": { "type": "Polygon", "coordinates": [ [ [ -45.089947539566865, -21.214883244351853 ], [ -45.090217034152097, -21.21488324435186 ], [ -45.090217034152097, -21.214613749766613 ], [ -45.089947539566865, -21.214613749766617 ], [ -45.089947539566865, -21.214883244351853 ] ] ] } },
{ "type": "Feature", "properties": { "id_feicao": "fogo_2017_971", "ano": 2017.0, "mes": 10, "codigo_original": 15, "classe": "Pastagem", "cor": "#edde8e", "area_ha": 0.16683805202919935 }, "geometry": { "type": "Polygon", "coordinates": [ [ [ -45.089139055811152, -21.214074760596151 ], [ -45.089139055811152, -21.214613749766617 ], [ -45.089408550396392, -21.21461374976661 ], [ -45.089408550396392, -21.214074760596151 ], [ -45.089139055811152, -21.214074760596151 ] ] ] } },
{ "type": "Feature", "properties": { "id_feicao": "fogo_2017_972", "ano": 2017.0, "mes": 10, "codigo_original": 15, "classe": "Pastagem", "cor": "#edde8e", "area_ha": 0.08341909719826654 }, "geometry": { "type": "Polygon", "coordinates": [ [ [ -45.088330572055447, -21.214344255181384 ], [ -45.08860006664068, -21.214344255181381 ], [ -45.08860006664068, -21.214074760596141 ], [ -45.088330572055447, -21.214074760596144 ], [ -45.088330572055447, -21.214344255181384 ] ] ] } },
{ "type": "Feature", "properties": { "id_feicao": "fogo_2017_973", "ano": 2017.0, "mes": 10, "codigo_original": 15, "classe": "Pastagem", "cor": "#edde8e", "area_ha": 0.083419248077645891 }, "geometry": { "type": "Polygon", "coordinates": [ [ [ -45.08886956122592, -21.214074760596148 ], [ -45.089139055811152, -21.214074760596151 ], [ -45.089139055811152, -21.213805266010908 ], [ -45.08886956122592, -21.213805266010905 ], [ -45.08886956122592, -21.214074760596148 ] ] ] } },
{ "type": "Feature", "properties": { "id_feicao": "fogo_2017_974", "ano": 2017.0, "mes": 10, "codigo_original": 15, "classe": "Pastagem", "cor": "#edde8e", "area_ha": 0.083419698614906515 }, "geometry": { "type": "Polygon", "coordinates": [ [ [ -45.089947539566865, -21.213266276840439 ], [ -45.090217034152097, -21.213266276840439 ], [ -45.090217034152097, -21.212996782255207 ], [ -45.089947539566865, -21.212996782255203 ], [ -45.089947539566865, -21.213266276840439 ] ] ] } },
{ "type": "Feature", "properties": { "id_feicao": "fogo_2017_975", "ano": 2017.0, "mes": 10, "codigo_original": 15, "classe": "Pastagem", "cor": "#edde8e", "area_ha": 0.41709922269489619 }, "geometry": { "type": "Polygon", "coordinates": [ [ [ -45.089139055811152, -21.212727287669964 ], [ -45.089408550396392, -21.212727287669971 ], [ -45.089408550396392, -21.212996782255207 ], [ -45.089139055811152, -21.212996782255207 ], [ -45.089139055811152, -21.213266276840443 ], [ -45.089678044981625, -21.213266276840443 ], [ -45.089678044981625, -21.212457793084731 ], [ -45.089139055811152, -21.212457793084731 ], [ -45.089139055811152, -21.212727287669964 ] ] ] } },
{ "type": "Feature", "properties": { "id_feicao": "fogo_2017_976", "ano": 2017.0, "mes": 10, "codigo_original": 15, "classe": "Pastagem", "cor": "#edde8e", "area_ha": 0.33368036620877684 }, "geometry": { "type": "Polygon", "coordinates": [ [ [ -45.095067936686341, -21.212996782255203 ], [ -45.095337431271581, -21.212996782255203 ], [ -45.095337431271581, -21.211918803914259 ], [ -45.095067936686341, -21.211918803914262 ], [ -45.095067936686341, -21.212996782255203 ] ] ] } },
{ "type": "Feature", "properties": { "id_feicao": "fogo_2017_977", "ano": 2017.0, "mes": 10, "codigo_original": 15, "classe": "Pastagem", "cor": "#edde8e", "area_ha": 0.25026154738748446 }, "geometry": { "type": "Polygon", "coordinates": [ [ [ -45.090217034152097, -21.211918803914255 ], [ -45.090756023322569, -21.211918803914259 ], [ -45.090756023322569, -21.211379814743797 ], [ -45.09048652873733, -21.211379814743786 ], [ -45.09048652873733, -21.211649309329026 ], [ -45.090217034152097, -21.211649309329019 ], [ -45.090217034152097, -21.211918803914255 ] ] ] } },
{ "type": "Feature", "properties": { "id_feicao": "fogo_2017_978", "ano": 2017.0, "mes": 10, "codigo_original": 15, "classe": "Pastagem", "cor": "#edde8e", "area_ha": 0.25026292412843543 }, "geometry": { "type": "Polygon", "coordinates": [ [ [ -45.092372990833987, -21.211110320158554 ], [ -45.092372990833987, -21.210840825573317 ], [ -45.092642485419219, -21.210840825573317 ], [ -45.092642485419219, -21.210571330988078 ], [ -45.092103496248747, -21.210571330988081 ], [ -45.092103496248747, -21.211110320158554 ], [ -45.092372990833987, -21.211110320158554 ] ] ] } },
{ "type": "Feature", "properties": { "id_feicao": "fogo_2017_979", "ano": 2017.0, "mes": 10, "codigo_original": 15, "classe": "Pastagem", "cor": "#edde8e", "area_ha": 0.16684240170512349 }, "geometry": { "type": "Polygon", "coordinates": [ [ [ -45.093450969174924, -21.210571330988081 ], [ -45.093989958345396, -21.210571330988074 ], [ -45.093989958345396, -21.210301836402845 ], [ -45.093450969174924, -21.210301836402845 ], [ -45.093450969174924, -21.210571330988081 ] ] ] } },
{ "type": "Feature", "properties": { "id_feicao": "fogo_2017_980", "ano": 2017.0, "mes": 10, "codigo_original": 15, "classe": "Pastagem", "cor": "#edde8e", "area_ha": 0.2502638282352127 }, "geometry": { "type": "Polygon", "coordinates": [ [ [ -45.094259452930636, -21.210571330988074 ], [ -45.094798442101109, -21.210571330988088 ], [ -45.094798442101109, -21.210032341817612 ], [ -45.094528947515869, -21.210032341817605 ], [ -45.094528947515869, -21.210301836402849 ], [ -45.094259452930636, -21.210301836402849 ], [ -45.094259452930636, -21.210571330988074 ] ] ] } },
{ "type": "Feature", "properties": { "id_feicao": "fogo_2017_981", "ano": 2017.0, "mes": 10, "codigo_original": 15, "classe": "Pastagem", "cor": "#edde8e", "area_ha": 0.16684267053119839 }, "geometry": { "type": "Polygon", "coordinates": [ [ [ -45.089947539566865, -21.210301836402849 ], [ -45.09048652873733, -21.210301836402842 ], [ -45.09048652873733, -21.210032341817609 ], [ -45.089947539566865, -21.210032341817616 ], [ -45.089947539566865, -21.210301836402849 ] ] ] } },
{ "type": "Feature", "properties": { "id_feicao": "fogo_2017_982", "ano": 2017.0, "mes": 10, "codigo_original": 15, "classe": "Pastagem", "cor": "#edde8e", "area_ha": 0.1668428445244208 }, "geometry": { "type": "Polygon", "coordinates": [ [ [ -45.093181474589692, -21.210301836402852 ], [ -45.093450969174924, -21.210301836402845 ], [ -45.093450969174924, -21.209762847232383 ], [ -45.093181474589692, -21.20976284723238 ], [ -45.093181474589692, -21.210301836402852 ] ] ] } },
{ "type": "Feature", "properties": { "id_feicao": "fogo_2017_983", "ano": 2017.0, "mes": 10, "codigo_original": 15, "classe": "Pastagem", "cor": "#edde8e", "area_ha": 0.33368631556471812 }, "geometry": { "type": "Polygon", "coordinates": [ [ [ -45.095067936686341, -21.209762847232373 ], [ -45.094798442101109, -21.209762847232373 ], [ -45.094798442101109, -21.210032341817612 ], [ -45.095337431271581, -21.210032341817609 ], [ -45.095337431271581, -21.209762847232373 ], [ -45.095606925856814, -21.209762847232376 ], [ -45.095606925856814, -21.209493352647137 ], [ -45.095067936686341, -21.209493352647144 ], [ -45.095067936686341, -21.209762847232373 ] ] ] } },
{ "type": "Feature", "properties": { "id_feicao": "fogo_2017_984", "ano": 2017.0, "mes": 10, "codigo_original": 15, "classe": "Pastagem", "cor": "#edde8e", "area_ha": 0.1668432763193734 }, "geometry": { "type": "Polygon", "coordinates": [ [ [ -45.091295012493042, -21.209762847232376 ], [ -45.091834001663514, -21.20976284723238 ], [ -45.091834001663514, -21.209493352647144 ], [ -45.091295012493042, -21.209493352647137 ], [ -45.091295012493042, -21.209762847232376 ] ] ] } },
{ "type": "Feature", "properties": { "id_feicao": "fogo_2017_985", "ano": 2017.0, "mes": 10, "codigo_original": 15, "classe": "Pastagem", "cor": "#edde8e", "area_ha": 1.9186979770316774 }, "geometry": { "type": "Polygon", "coordinates": [ [ [ -45.089139055811152, -21.210032341817609 ], [ -45.089139055811152, -21.210301836402849 ], [ -45.088330572055447, -21.210301836402849 ], [ -45.088330572055447, -21.210571330988074 ], [ -45.089947539566865, -21.210571330988081 ], [ -45.089947539566865, -21.210301836402849 ], [ -45.089678044981625, -21.210301836402856 ], [ -45.089678044981625, -21.210032341817605 ], [ -45.089947539566865, -21.210032341817616 ], [ -45.089947539566865, -21.209762847232383 ], [ -45.090217034152097, -21.209762847232376 ], [ -45.090217034152097, -21.209223858061897 ], [ -45.089947539566865, -21.209223858061904 ], [ -45.089947539566865, -21.208954363476668 ], [ -45.089678044981625, -21.208954363476668 ], [ -45.089678044981625, -21.208684868891428 ], [ -45.089408550396392, -21.208684868891435 ], [ -45.089408550396392, -21.208954363476668 ], [ -45.089139055811152, -21.208954363476668 ], [ -45.089139055811152, -21.20949335264714 ], [ -45.08886956122592, -21.209493352647133 ], [ -45.08886956122592, -21.209762847232369 ], [ -45.089408550396392, -21.209762847232376 ], [ -45.089408550396392, -21.210032341817616 ], [ -45.089139055811152, -21.210032341817609 ] ] ] } },
{ "type": "Feature", "properties": { "id_feicao": "fogo_2017_986", "ano": 2017.0, "mes": 10, "codigo_original": 15, "classe": "Pastagem", "cor": "#edde8e", "area_ha": 0.083421785239316523 }, "geometry": { "type": "Polygon", "coordinates": [ [ [ -45.091025517907802, -21.209493352647137 ], [ -45.091295012493042, -21.209493352647137 ], [ -45.091295012493042, -21.209223858061897 ], [ -45.091025517907802, -21.209223858061904 ], [ -45.091025517907802, -21.209493352647137 ] ] ] } },
{ "type": "Feature", "properties": { "id_feicao": "fogo_2017_987", "ano": 2017.0, "mes": 10, "codigo_original": 15, "classe": "Pastagem", "cor": "#edde8e", "area_ha": 0.16684386465679854 }, "geometry": { "type": "Polygon", "coordinates": [ [ [ -45.09048652873733, -21.209223858061907 ], [ -45.091025517907802, -21.209223858061904 ], [ -45.091025517907802, -21.208954363476668 ], [ -45.09048652873733, -21.208954363476671 ], [ -45.09048652873733, -21.209223858061907 ] ] ] } },
{ "type": "Feature", "properties": { "id_feicao": "fogo_2017_988", "ano": 2017.0, "mes": 10, "codigo_original": 15, "classe": "Pastagem", "cor": "#edde8e", "area_ha": 0.16684417083915323 }, "geometry": { "type": "Polygon", "coordinates": [ [ [ -45.091564507078274, -21.208954363476668 ], [ -45.092103496248747, -21.208954363476664 ], [ -45.092103496248747, -21.208684868891435 ], [ -45.091564507078274, -21.208684868891428 ], [ -45.091564507078274, -21.208954363476668 ] ] ] } },
{ "type": "Feature", "properties": { "id_feicao": "fogo_2017_989", "ano": 2017.0, "mes": 10, "codigo_original": 15, "classe": "Pastagem", "cor": "#edde8e", "area_ha": 0.083422079420741646 }, "geometry": { "type": "Polygon", "coordinates": [ [ [ -45.090217034152097, -21.208954363476664 ], [ -45.09048652873733, -21.208954363476671 ], [ -45.09048652873733, -21.208684868891432 ], [ -45.090217034152097, -21.208684868891424 ], [ -45.090217034152097, -21.208954363476664 ] ] ] } },
{ "type": "Feature", "properties": { "id_feicao": "fogo_2017_990", "ano": 2017.0, "mes": 10, "codigo_original": 15, "classe": "Pastagem", "cor": "#edde8e", "area_ha": 0.083422375770192597 }, "geometry": { "type": "Polygon", "coordinates": [ [ [ -45.089947539566865, -21.208415374306192 ], [ -45.090217034152097, -21.208415374306202 ], [ -45.090217034152097, -21.208145879720956 ], [ -45.089947539566865, -21.208145879720963 ], [ -45.089947539566865, -21.208415374306192 ] ] ] } },
{ "type": "Feature", "properties": { "id_feicao": "fogo_2017_991", "ano": 2017.0, "mes": 10, "codigo_original": 15, "classe": "Pastagem", "cor": "#edde8e", "area_ha": 0.41711530843749645 }, "geometry": { "type": "Polygon", "coordinates": [ [ [ -45.090217034152097, -21.207606890550483 ], [ -45.09048652873733, -21.207606890550476 ], [ -45.09048652873733, -21.207067901380022 ], [ -45.090756023322569, -21.207067901380018 ], [ -45.090756023322569, -21.206798406794775 ], [ -45.09048652873733, -21.206798406794782 ], [ -45.09048652873733, -21.206528912209549 ], [ -45.090217034152097, -21.206528912209549 ], [ -45.090217034152097, -21.207606890550483 ] ] ] } },
{ "type": "Feature", "properties": { "id_feicao": "fogo_2017_992", "ano": 2017.0, "mes": 10, "codigo_original": 15, "classe": "Pastagem", "cor": "#edde8e", "area_ha": 0.083424179020358674 }, "geometry": { "type": "Polygon", "coordinates": [ [ [ -45.094528947515869, -21.204911944698132 ], [ -45.094528947515869, -21.205181439283361 ], [ -45.094798442101109, -21.205181439283365 ], [ -45.094798442101109, -21.204911944698125 ], [ -45.094528947515869, -21.204911944698132 ] ] ] } },
{ "type": "Feature", "properties": { "id_feicao": "fogo_2017_993", "ano": 2017.0, "mes": 10, "codigo_original": 15, "classe": "Pastagem", "cor": "#edde8e", "area_ha": 0.083424612814467405 }, "geometry": { "type": "Polygon", "coordinates": [ [ [ -45.091564507078274, -21.20437295552766 ], [ -45.091834001663514, -21.20437295552766 ], [ -45.091834001663514, -21.204103460942427 ], [ -45.091564507078274, -21.204103460942424 ], [ -45.091564507078274, -21.20437295552766 ] ] ] } },
{ "type": "Feature", "properties": { "id_feicao": "fogo_2017_994", "ano": 2017.0, "mes": 10, "codigo_original": 15, "classe": "Pastagem", "cor": "#edde8e", "area_ha": 0.25027561935186388 }, "geometry": { "type": "Polygon", "coordinates": [ [ [ -45.091295012493042, -21.203564471771951 ], [ -45.091564507078274, -21.203564471771951 ], [ -45.091564507078274, -21.202755988016239 ], [ -45.091295012493042, -21.202755988016239 ], [ -45.091295012493042, -21.203564471771951 ] ] ] } },
{ "type": "Feature", "properties": { "id_feicao": "fogo_2017_995", "ano": 2017.0, "mes": 10, "codigo_original": 15, "classe": "Pastagem", "cor": "#edde8e", "area_ha": 0.58398532567109884 }, "geometry": { "type": "Polygon", "coordinates": [ [ [ -45.094528947515869, -21.20086952591959 ], [ -45.094528947515869, -21.201139020504826 ], [ -45.094259452930636, -21.201139020504826 ], [ -45.094259452930636, -21.201408515090069 ], [ -45.095606925856814, -21.201408515090066 ], [ -45.095606925856814, -21.201139020504826 ], [ -45.095067936686341, -21.201139020504826 ], [ -45.095067936686341, -21.200869525919597 ], [ -45.094528947515869, -21.20086952591959 ] ] ] } },
{ "type": "Feature", "properties": { "id_feicao": "fogo_2017_996", "ano": 2017.0, "mes": 10, "codigo_original": 15, "classe": "Pastagem", "cor": "#edde8e", "area_ha": 0.083426402460690594 }, "geometry": { "type": "Polygon", "coordinates": [ [ [ -45.092911980004459, -21.201139020504833 ], [ -45.093181474589692, -21.201139020504829 ], [ -45.093181474589692, -21.20086952591959 ], [ -45.092911980004459, -21.200869525919593 ], [ -45.092911980004459, -21.201139020504833 ] ] ] } },
{ "type": "Feature", "properties": { "id_feicao": "fogo_2017_997", "ano": 2017.0, "mes": 10, "codigo_original": 15, "classe": "Pastagem", "cor": "#edde8e", "area_ha": 0.16685398645922542 }, "geometry": { "type": "Polygon", "coordinates": [ [ [ -45.091834001663514, -21.200061042163885 ], [ -45.092372990833987, -21.200061042163885 ], [ -45.092372990833987, -21.199791547578645 ], [ -45.091834001663514, -21.199791547578645 ], [ -45.091834001663514, -21.200061042163885 ] ] ] } },
{ "type": "Feature", "properties": { "id_feicao": "fogo_2017_998", "ano": 2017.0, "mes": 10, "codigo_original": 15, "classe": "Pastagem", "cor": "#edde8e", "area_ha": 0.25028164772224065 }, "geometry": { "type": "Polygon", "coordinates": [ [ [ -45.092372990833987, -21.199522052993409 ], [ -45.092372990833987, -21.199791547578645 ], [ -45.092911980004459, -21.199791547578648 ], [ -45.092911980004459, -21.199252558408173 ], [ -45.092642485419219, -21.199252558408176 ], [ -45.092642485419219, -21.199522052993419 ], [ -45.092372990833987, -21.199522052993409 ] ] ] } },
{ "type": "Feature", "properties": { "id_feicao": "fogo_2017_999", "ano": 2017.0, "mes": 10, "codigo_original": 15, "classe": "Pastagem", "cor": "#edde8e", "area_ha": 0.083427288887463508 }, "geometry": { "type": "Polygon", "coordinates": [ [ [ -45.091564507078274, -21.199522052993416 ], [ -45.091834001663514, -21.199522052993409 ], [ -45.091834001663514, -21.19925255840818 ], [ -45.091564507078274, -21.199252558408183 ], [ -45.091564507078274, -21.199522052993416 ] ] ] } },
{ "type": "Feature", "properties": { "id_feicao": "fogo_2017_1000", "ano": 2017.0, "mes": 10, "codigo_original": 15, "classe": "Pastagem", "cor": "#edde8e", "area_ha": 0.083427590613439684 }, "geometry": { "type": "Polygon", "coordinates": [ [ [ -45.092642485419219, -21.198983063822944 ], [ -45.092911980004459, -21.19898306382294 ], [ -45.092911980004459, -21.198713569237707 ], [ -45.092642485419219, -21.1987135692377 ], [ -45.092642485419219, -21.198983063822944 ] ] ] } },
{ "type": "Feature", "properties": { "id_feicao": "fogo_2017_1001", "ano": 2017.0, "mes": 10, "codigo_original": 15, "classe": "Pastagem", "cor": "#edde8e", "area_ha": 0.083427884594537316 }, "geometry": { "type": "Polygon", "coordinates": [ [ [ -45.091834001663514, -21.198444074652478 ], [ -45.092103496248747, -21.198444074652475 ], [ -45.092103496248747, -21.198174580067235 ], [ -45.091834001663514, -21.198174580067235 ], [ -45.091834001663514, -21.198444074652478 ] ] ] } },
{ "type": "Feature", "properties": { "id_feicao": "fogo_2017_1002", "ano": 2017.0, "mes": 10, "codigo_original": 15, "classe": "Pastagem", "cor": "#edde8e", "area_ha": 0.083428022386040537 }, "geometry": { "type": "Polygon", "coordinates": [ [ [ -45.089139055811152, -21.198174580067228 ], [ -45.089408550396392, -21.198174580067231 ], [ -45.089408550396392, -21.197905085481995 ], [ -45.089139055811152, -21.197905085481999 ], [ -45.089139055811152, -21.198174580067228 ] ] ] } },
{ "type": "Feature", "properties": { "id_feicao": "fogo_2017_1003", "ano": 2017.0, "mes": 10, "codigo_original": 15, "classe": "Pastagem", "cor": "#edde8e", "area_ha": 1.6685624294305221 }, "geometry": { "type": "Polygon", "coordinates": [ [ [ -45.089678044981625, -21.198444074652464 ], [ -45.089947539566865, -21.198444074652464 ], [ -45.089947539566865, -21.198174580067235 ], [ -45.089408550396392, -21.198174580067231 ], [ -45.089408550396392, -21.198444074652471 ], [ -45.08860006664068, -21.198444074652468 ], [ -45.08860006664068, -21.198174580067239 ], [ -45.08886956122592, -21.198174580067228 ], [ -45.08886956122592, -21.197905085481995 ], [ -45.08860006664068, -21.197905085481995 ], [ -45.08860006664068, -21.197635590896759 ], [ -45.088330572055447, -21.197635590896759 ], [ -45.088330572055447, -21.197366096311523 ], [ -45.087791582884975, -21.197366096311534 ], [ -45.087791582884975, -21.197905085481992 ], [ -45.087522088299735, -21.197905085481992 ], [ -45.087522088299735, -21.198174580067228 ], [ -45.088330572055447, -21.198174580067231 ], [ -45.088330572055447, -21.198444074652471 ], [ -45.087791582884975, -21.198444074652471 ], [ -45.087791582884975, -21.198713569237704 ], [ -45.089678044981625, -21.1987135692377 ], [ -45.089678044981625, -21.198444074652464 ] ] ] } },
{ "type": "Feature", "properties": { "id_feicao": "fogo_2017_1004", "ano": 2017.0, "mes": 10, "codigo_original": 15, "classe": "Pastagem", "cor": "#edde8e", "area_ha": 0.083428174248524015 }, "geometry": { "type": "Polygon", "coordinates": [ [ [ -45.089947539566865, -21.197905085481999 ], [ -45.090217034152097, -21.197905085481992 ], [ -45.090217034152097, -21.197635590896763 ], [ -45.089947539566865, -21.197635590896759 ], [ -45.089947539566865, -21.197905085481999 ] ] ] } },
{ "type": "Feature", "properties": { "id_feicao": "fogo_2017_1005", "ano": 2017.0, "mes": 10, "codigo_original": 15, "classe": "Pastagem", "cor": "#edde8e", "area_ha": 0.33371475228674424 }, "geometry": { "type": "Polygon", "coordinates": [ [ [ -45.088330572055447, -21.196288117970575 ], [ -45.088330572055447, -21.197366096311523 ], [ -45.08860006664068, -21.197366096311526 ], [ -45.08860006664068, -21.196288117970578 ], [ -45.088330572055447, -21.196288117970575 ] ] ] } },
{ "type": "Feature", "properties": { "id_feicao": "fogo_2017_1006", "ano": 2017.0, "mes": 10, "codigo_original": 15, "classe": "Pastagem", "cor": "#edde8e", "area_ha": 0.5840187262408435 }, "geometry": { "type": "Polygon", "coordinates": [ [ [ -45.091025517907802, -21.19170671002157 ], [ -45.09048652873733, -21.191706710021574 ], [ -45.09048652873733, -21.192245699192039 ], [ -45.090756023322569, -21.192245699192039 ], [ -45.090756023322569, -21.192515193777275 ], [ -45.091025517907802, -21.192515193777279 ], [ -45.091025517907802, -21.192784688362515 ], [ -45.091295012493042, -21.192784688362512 ], [ -45.091295012493042, -21.192245699192046 ], [ -45.091025517907802, -21.192245699192036 ], [ -45.091025517907802, -21.19170671002157 ] ] ] } },
{ "type": "Feature", "properties": { "id_feicao": "fogo_2017_1007", "ano": 2017.0, "mes": 10, "codigo_original": 15, "classe": "Pastagem", "cor": "#edde8e", "area_ha": 0.66745544043406846 }, "geometry": { "type": "Polygon", "coordinates": [ [ [ -45.093450969174924, -21.190628731680629 ], [ -45.093181474589692, -21.190628731680626 ], [ -45.093181474589692, -21.190898226265869 ], [ -45.092911980004459, -21.190898226265869 ], [ -45.092911980004459, -21.191167720851105 ], [ -45.092642485419219, -21.191167720851094 ], [ -45.092642485419219, -21.191437215436334 ], [ -45.093720463760164, -21.191437215436338 ], [ -45.093720463760164, -21.190898226265865 ], [ -45.093450969174924, -21.190898226265869 ], [ -45.093450969174924, -21.190628731680629 ] ] ] } },
{ "type": "Feature", "properties": { "id_feicao": "fogo_2017_1008", "ano": 2017.0, "mes": 10, "codigo_original": 15, "classe": "Pastagem", "cor": "#edde8e", "area_ha": 0.41715978831648826 }, "geometry": { "type": "Polygon", "coordinates": [ [ [ -45.094798442101109, -21.190898226265869 ], [ -45.095067936686341, -21.190898226265865 ], [ -45.095067936686341, -21.190628731680633 ], [ -45.094259452930636, -21.190628731680622 ], [ -45.094259452930636, -21.191167720851091 ], [ -45.094798442101109, -21.191167720851091 ], [ -45.094798442101109, -21.190898226265869 ] ] ] } },
{ "type": "Feature", "properties": { "id_feicao": "fogo_2017_1009", "ano": 2017.0, "mes": 10, "codigo_original": 15, "classe": "Pastagem", "cor": "#edde8e", "area_ha": 0.083432039445545531 }, "geometry": { "type": "Polygon", "coordinates": [ [ [ -45.090217034152097, -21.190898226265858 ], [ -45.09048652873733, -21.190898226265865 ], [ -45.09048652873733, -21.190628731680629 ], [ -45.090217034152097, -21.190628731680629 ], [ -45.090217034152097, -21.190898226265858 ] ] ] } },
{ "type": "Feature", "properties": { "id_feicao": "fogo_2017_1010", "ano": 2017.0, "mes": 10, "codigo_original": 15, "classe": "Pastagem", "cor": "#edde8e", "area_ha": 0.083432035144418479 }, "geometry": { "type": "Polygon", "coordinates": [ [ [ -45.089139055811152, -21.190898226265865 ], [ -45.089408550396392, -21.190898226265865 ], [ -45.089408550396392, -21.190628731680629 ], [ -45.089139055811152, -21.190628731680626 ], [ -45.089139055811152, -21.190898226265865 ] ] ] } },
{ "type": "Feature", "properties": { "id_feicao": "fogo_2017_1011", "ano": 2017.0, "mes": 10, "codigo_original": 15, "classe": "Pastagem", "cor": "#edde8e", "area_ha": 0.083432184805162249 }, "geometry": { "type": "Polygon", "coordinates": [ [ [ -45.089408550396392, -21.190628731680629 ], [ -45.089678044981625, -21.190628731680633 ], [ -45.089678044981625, -21.1903592370954 ], [ -45.089408550396392, -21.190359237095389 ], [ -45.089408550396392, -21.190628731680629 ] ] ] } },
{ "type": "Feature", "properties": { "id_feicao": "fogo_2017_1012", "ano": 2017.0, "mes": 10, "codigo_original": 15, "classe": "Pastagem", "cor": "#edde8e", "area_ha": 0.083432499565338145 }, "geometry": { "type": "Polygon", "coordinates": [ [ [ -45.093720463760164, -21.189820247924914 ], [ -45.093720463760164, -21.190089742510153 ], [ -45.093989958345396, -21.190089742510153 ], [ -45.093989958345396, -21.189820247924924 ], [ -45.093720463760164, -21.189820247924914 ] ] ] } },
{ "type": "Feature", "properties": { "id_feicao": "fogo_2017_1013", "ano": 2017.0, "mes": 10, "codigo_original": 15, "classe": "Pastagem", "cor": "#edde8e", "area_ha": 0.16686540121790022 }, "geometry": { "type": "Polygon", "coordinates": [ [ [ -45.088330572055447, -21.189820247924924 ], [ -45.08860006664068, -21.189820247924928 ], [ -45.08860006664068, -21.189281258754448 ], [ -45.088330572055447, -21.189281258754452 ], [ -45.088330572055447, -21.189820247924924 ] ] ] } },
{ "type": "Feature", "properties": { "id_feicao": "fogo_2017_1014", "ano": 2017.0, "mes": 10, "codigo_original": 15, "classe": "Pastagem", "cor": "#edde8e", "area_ha": 0.16686560367224737 }, "geometry": { "type": "Polygon", "coordinates": [ [ [ -45.094798442101109, -21.189550753339677 ], [ -45.095337431271581, -21.189550753339688 ], [ -45.095337431271581, -21.189281258754445 ], [ -45.094798442101109, -21.189281258754445 ], [ -45.094798442101109, -21.189550753339677 ] ] ] } },
{ "type": "Feature", "properties": { "id_feicao": "fogo_2017_1015", "ano": 2017.0, "mes": 10, "codigo_original": 15, "classe": "Pastagem", "cor": "#edde8e", "area_ha": 0.083432783483341336 }, "geometry": { "type": "Polygon", "coordinates": [ [ [ -45.09048652873733, -21.189550753339681 ], [ -45.090756023322569, -21.189550753339681 ], [ -45.090756023322569, -21.189281258754455 ], [ -45.09048652873733, -21.189281258754452 ], [ -45.09048652873733, -21.189550753339681 ] ] ] } },
{ "type": "Feature", "properties": { "id_feicao": "fogo_2017_1016", "ano": 2017.0, "mes": 10, "codigo_original": 15, "classe": "Pastagem", "cor": "#edde8e", "area_ha": 0.083432930989842863 }, "geometry": { "type": "Polygon", "coordinates": [ [ [ -45.090217034152097, -21.189281258754448 ], [ -45.09048652873733, -21.189281258754452 ], [ -45.09048652873733, -21.189011764169216 ], [ -45.090217034152097, -21.189011764169209 ], [ -45.090217034152097, -21.189281258754448 ] ] ] } },
{ "type": "Feature", "properties": { "id_feicao": "fogo_2017_1017", "ano": 2017.0, "mes": 10, "codigo_original": 15, "classe": "Pastagem", "cor": "#edde8e", "area_ha": 0.41716502655521037 }, "geometry": { "type": "Polygon", "coordinates": [ [ [ -45.093989958345396, -21.189011764169212 ], [ -45.093720463760164, -21.189011764169212 ], [ -45.093720463760164, -21.189550753339685 ], [ -45.093989958345396, -21.189550753339685 ], [ -45.093989958345396, -21.189281258754448 ], [ -45.094259452930636, -21.189281258754445 ], [ -45.094259452930636, -21.18847277499874 ], [ -45.093989958345396, -21.188472774998743 ], [ -45.093989958345396, -21.189011764169212 ] ] ] } },
{ "type": "Feature", "properties": { "id_feicao": "fogo_2017_1018", "ano": 2017.0, "mes": 10, "codigo_original": 15, "classe": "Pastagem", "cor": "#edde8e", "area_ha": 0.25029900568267333 }, "geometry": { "type": "Polygon", "coordinates": [ [ [ -45.08886956122592, -21.189011764169216 ], [ -45.089139055811152, -21.189011764169212 ], [ -45.089139055811152, -21.188742269583972 ], [ -45.08860006664068, -21.188742269583972 ], [ -45.08860006664068, -21.189281258754448 ], [ -45.08886956122592, -21.189281258754441 ], [ -45.08886956122592, -21.189011764169216 ] ] ] } },
{ "type": "Feature", "properties": { "id_feicao": "fogo_2017_1019", "ano": 2017.0, "mes": 10, "codigo_original": 15, "classe": "Pastagem", "cor": "#edde8e", "area_ha": 0.083433247014748579 }, "geometry": { "type": "Polygon", "coordinates": [ [ [ -45.094798442101109, -21.188472774998747 ], [ -45.094798442101109, -21.188742269583972 ], [ -45.095067936686341, -21.188742269583969 ], [ -45.095067936686341, -21.188472774998743 ], [ -45.094798442101109, -21.188472774998747 ] ] ] } },
{ "type": "Feature", "properties": { "id_feicao": "fogo_2017_1020", "ano": 2017.0, "mes": 10, "codigo_original": 15, "classe": "Pastagem", "cor": "#edde8e", "area_ha": 0.2503003529991023 }, "geometry": { "type": "Polygon", "coordinates": [ [ [ -45.089678044981625, -21.188472774998743 ], [ -45.089947539566865, -21.188472774998754 ], [ -45.089947539566865, -21.187933785828271 ], [ -45.089408550396392, -21.187933785828275 ], [ -45.089408550396392, -21.188203280413497 ], [ -45.089678044981625, -21.188203280413507 ], [ -45.089678044981625, -21.188472774998743 ] ] ] } },
{ "type": "Feature", "properties": { "id_feicao": "fogo_2017_1021", "ano": 2017.0, "mes": 10, "codigo_original": 15, "classe": "Pastagem", "cor": "#edde8e", "area_ha": 0.083433968883380297 }, "geometry": { "type": "Polygon", "coordinates": [ [ [ -45.089678044981625, -21.187394796657799 ], [ -45.089947539566865, -21.187394796657806 ], [ -45.089947539566865, -21.187125302072566 ], [ -45.089678044981625, -21.187125302072566 ], [ -45.089678044981625, -21.187394796657799 ] ] ] } },
{ "type": "Feature", "properties": { "id_feicao": "fogo_2017_1022", "ano": 2017.0, "mes": 10, "codigo_original": 15, "classe": "Pastagem", "cor": "#edde8e", "area_ha": 0.16686825342919465 }, "geometry": { "type": "Polygon", "coordinates": [ [ [ -45.091834001663514, -21.186855807487326 ], [ -45.091834001663514, -21.187125302072559 ], [ -45.092372990833987, -21.18712530207257 ], [ -45.092372990833987, -21.186855807487333 ], [ -45.091834001663514, -21.186855807487326 ] ] ] } },
{ "type": "Feature", "properties": { "id_feicao": "fogo_2017_1023", "ano": 2017.0, "mes": 10, "codigo_original": 15, "classe": "Pastagem", "cor": "#edde8e", "area_ha": 12.932309166479127 }, "geometry": { "type": "Polygon", "coordinates": [ [ [ -45.091564507078274, -21.185508334561149 ], [ -45.091564507078274, -21.185777829146382 ], [ -45.092372990833987, -21.185777829146385 ], [ -45.092372990833987, -21.186047323731618 ], [ -45.09048652873733, -21.186047323731618 ], [ -45.09048652873733, -21.186316818316854 ], [ -45.090217034152097, -21.186316818316861 ], [ -45.090217034152097, -21.186047323731621 ], [ -45.089947539566865, -21.186047323731628 ], [ -45.089947539566865, -21.185238839975913 ], [ -45.089678044981625, -21.185238839975913 ], [ -45.089678044981625, -21.185508334561153 ], [ -45.089408550396392, -21.185508334561145 ], [ -45.089408550396392, -21.186047323731618 ], [ -45.089678044981625, -21.186047323731625 ], [ -45.089678044981625, -21.186316818316865 ], [ -45.089947539566865, -21.18631681831685 ], [ -45.089947539566865, -21.186586312902087 ], [ -45.090217034152097, -21.186586312902079 ], [ -45.090217034152097, -21.18685580748733 ], [ -45.089947539566865, -21.186855807487326 ], [ -45.089947539566865, -21.187125302072566 ], [ -45.090217034152097, -21.187125302072555 ], [ -45.090217034152097, -21.187394796657792 ], [ -45.089947539566865, -21.187394796657806 ], [ -45.089947539566865, -21.187664291243035 ], [ -45.09048652873733, -21.187664291243031 ], [ -45.09048652873733, -21.187933785828267 ], [ -45.090756023322569, -21.187933785828275 ], [ -45.090756023322569, -21.188742269583983 ], [ -45.091025517907802, -21.188742269583972 ], [ -45.091025517907802, -21.189011764169212 ], [ -45.090756023322569, -21.189011764169209 ], [ -45.090756023322569, -21.189281258754455 ], [ -45.091295012493042, -21.189281258754452 ], [ -45.091295012493042, -21.189550753339681 ], [ -45.091564507078274, -21.189550753339685 ], [ -45.091564507078274, -21.188472774998747 ], [ -45.092372990833987, -21.188472774998743 ], [ -45.092372990833987, -21.188742269583983 ], [ -45.092642485419219, -21.188742269583976 ], [ -45.092642485419219, -21.188203280413507 ], [ -45.093181474589692, -21.188203280413511 ], [ -45.093181474589692, -21.187933785828264 ], [ -45.093720463760164, -21.187933785828271 ], [ -45.093720463760164, -21.187664291243031 ], [ -45.094259452930636, -21.187664291243031 ], [ -45.094259452930636, -21.187933785828271 ], [ -45.094528947515869, -21.187933785828271 ], [ -45.094528947515869, -21.187664291243035 ], [ -45.094798442101109, -21.187664291243038 ], [ -45.094798442101109, -21.187394796657799 ], [ -45.095606925856814, -21.187394796657795 ], [ -45.095606925856814, -21.186855807487326 ], [ -45.096684904197758, -21.186855807487319 ], [ -45.096684904197758, -21.186586312902079 ], [ -45.095337431271581, -21.186586312902083 ], [ -45.095337431271581, -21.18685580748733 ], [ -45.095067936686341, -21.186855807487323 ], [ -45.095067936686341, -21.186586312902083 ], [ -45.094798442101109, -21.186586312902083 ], [ -45.094798442101109, -21.18685580748733 ], [ -45.093989958345396, -21.186855807487326 ], [ -45.093989958345396, -21.187125302072555 ], [ -45.092911980004459, -21.187125302072563 ], [ -45.092911980004459, -21.187394796657799 ], [ -45.092372990833987, -21.187394796657799 ], [ -45.092372990833987, -21.187664291243035 ], [ -45.091834001663514, -21.187664291243031 ], [ -45.091834001663514, -21.187933785828271 ], [ -45.091564507078274, -21.187933785828267 ], [ -45.091564507078274, -21.188203280413507 ], [ -45.091025517907802, -21.188203280413514 ], [ -45.091025517907802, -21.187394796657806 ], [ -45.090756023322569, -21.187394796657795 ], [ -45.090756023322569, -21.186855807487333 ], [ -45.091295012493042, -21.18685580748733 ], [ -45.091295012493042, -21.18631681831685 ], [ -45.091564507078274, -21.186316818316854 ], [ -45.091564507078274, -21.186586312902087 ], [ -45.092372990833987, -21.186586312902083 ], [ -45.092372990833987, -21.186855807487333 ], [ -45.092911980004459, -21.186855807487323 ], [ -45.092911980004459, -21.186586312902083 ], [ -45.093181474589692, -21.186586312902087 ], [ -45.093181474589692, -21.186047323731625 ], [ -45.093989958345396, -21.186047323731618 ], [ -45.093989958345396, -21.185777829146382 ], [ -45.094259452930636, -21.185777829146385 ], [ -45.094259452930636, -21.185508334561149 ], [ -45.095067936686341, -21.185508334561145 ], [ -45.095067936686341, -21.185777829146385 ], [ -45.095337431271581, -21.185777829146382 ], [ -45.095337431271581, -21.184160861634965 ], [ -45.095067936686341, -21.184160861634972 ], [ -45.095067936686341, -21.184969345390677 ], [ -45.094798442101109, -21.184969345390673 ], [ -45.094798442101109, -21.184699850805433 ], [ -45.092911980004459, -21.184699850805444 ], [ -45.092911980004459, -21.184969345390673 ], [ -45.093181474589692, -21.184969345390677 ], [ -45.093181474589692, -21.185238839975909 ], [ -45.091834001663514, -21.185238839975916 ], [ -45.091834001663514, -21.185508334561153 ], [ -45.091564507078274, -21.185508334561149 ] ], [ [ -45.090756023322569, -21.186316818316854 ], [ -45.091025517907802, -21.186316818316858 ], [ -45.091025517907802, -21.186586312902083 ], [ -45.090756023322569, -21.186586312902087 ], [ -45.090756023322569, -21.186316818316854 ] ] ] } },
{ "type": "Feature", "properties": { "id_feicao": "fogo_2017_1024", "ano": 2017.0, "mes": 10, "codigo_original": 15, "classe": "Pastagem", "cor": "#edde8e", "area_ha": 0.16687063044393435 }, "geometry": { "type": "Polygon", "coordinates": [ [ [ -45.091834001663514, -21.184969345390677 ], [ -45.092372990833987, -21.184969345390673 ], [ -45.092372990833987, -21.18469985080544 ], [ -45.091834001663514, -21.184699850805437 ], [ -45.091834001663514, -21.184969345390677 ] ] ] } },
{ "type": "Feature", "properties": { "id_feicao": "fogo_2017_1025", "ano": 2017.0, "mes": 10, "codigo_original": 15, "classe": "Pastagem", "cor": "#edde8e", "area_ha": 0.0834354599342364 }, "geometry": { "type": "Polygon", "coordinates": [ [ [ -45.091025517907802, -21.184430356220201 ], [ -45.091025517907802, -21.184699850805433 ], [ -45.091295012493042, -21.184699850805437 ], [ -45.091295012493042, -21.184430356220197 ], [ -45.091025517907802, -21.184430356220201 ] ] ] } },
{ "type": "Feature", "properties": { "id_feicao": "fogo_2017_1026", "ano": 2017.0, "mes": 10, "codigo_original": 15, "classe": "Pastagem", "cor": "#edde8e", "area_ha": 0.16683938123388217 }, "geometry": { "type": "Polygon", "coordinates": [ [ [ -45.087791582884975, -21.213266276840436 ], [ -45.088330572055447, -21.213266276840443 ], [ -45.088330572055447, -21.212996782255207 ], [ -45.087791582884975, -21.21299678225521 ], [ -45.087791582884975, -21.213266276840436 ] ] ] } },
{ "type": "Feature", "properties": { "id_feicao": "fogo_2017_1027", "ano": 2017.0, "mes": 10, "codigo_original": 15, "classe": "Pastagem", "cor": "#edde8e", "area_ha": 0.083419837789982562 }, "geometry": { "type": "Polygon", "coordinates": [ [ [ -45.087522088299735, -21.2129967822552 ], [ -45.087791582884975, -21.21299678225521 ], [ -45.087791582884975, -21.212727287669964 ], [ -45.087522088299735, -21.212727287669964 ], [ -45.087522088299735, -21.2129967822552 ] ] ] } },
{ "type": "Feature", "properties": { "id_feicao": "fogo_2017_1028", "ano": 2017.0, "mes": 10, "codigo_original": 15, "classe": "Pastagem", "cor": "#edde8e", "area_ha": 0.083419985481910403 }, "geometry": { "type": "Polygon", "coordinates": [ [ [ -45.087252593714503, -21.212727287669967 ], [ -45.087522088299735, -21.212727287669964 ], [ -45.087522088299735, -21.212457793084724 ], [ -45.087252593714503, -21.212457793084738 ], [ -45.087252593714503, -21.212727287669967 ] ] ] } },
{ "type": "Feature", "properties": { "id_feicao": "fogo_2017_1029", "ano": 2017.0, "mes": 10, "codigo_original": 15, "classe": "Pastagem", "cor": "#edde8e", "area_ha": 0.083420430660899728 }, "geometry": { "type": "Polygon", "coordinates": [ [ [ -45.08698309912927, -21.211918803914259 ], [ -45.087252593714503, -21.211918803914259 ], [ -45.087252593714503, -21.211649309329022 ], [ -45.08698309912927, -21.211649309329022 ], [ -45.08698309912927, -21.211918803914259 ] ] ] } },
{ "type": "Feature", "properties": { "id_feicao": "fogo_2017_1030", "ano": 2017.0, "mes": 10, "codigo_original": 15, "classe": "Pastagem", "cor": "#edde8e", "area_ha": 0.083420425486285241 }, "geometry": { "type": "Polygon", "coordinates": [ [ [ -45.085635626203086, -21.211918803914255 ], [ -45.085905120788325, -21.211918803914259 ], [ -45.085905120788325, -21.211649309329029 ], [ -45.085635626203086, -21.211649309329019 ], [ -45.085635626203086, -21.211918803914255 ] ] ] } },
{ "type": "Feature", "properties": { "id_feicao": "fogo_2017_1031", "ano": 2017.0, "mes": 10, "codigo_original": 15, "classe": "Pastagem", "cor": "#edde8e", "area_ha": 0.16684173827106133 }, "geometry": { "type": "Polygon", "coordinates": [ [ [ -45.084827142447381, -21.211110320158554 ], [ -45.085366131617853, -21.211110320158554 ], [ -45.085366131617853, -21.21084082557331 ], [ -45.084827142447381, -21.210840825573321 ], [ -45.084827142447381, -21.211110320158554 ] ] ] } },
{ "type": "Feature", "properties": { "id_feicao": "fogo_2017_1032", "ano": 2017.0, "mes": 10, "codigo_original": 15, "classe": "Pastagem", "cor": "#edde8e", "area_ha": 0.083421015330164619 }, "geometry": { "type": "Polygon", "coordinates": [ [ [ -45.084288153276908, -21.210571330988074 ], [ -45.084288153276908, -21.210840825573317 ], [ -45.084557647862141, -21.210840825573317 ], [ -45.084557647862141, -21.210571330988081 ], [ -45.084288153276908, -21.210571330988074 ] ] ] } },
{ "type": "Feature", "properties": { "id_feicao": "fogo_2017_1033", "ano": 2017.0, "mes": 10, "codigo_original": 15, "classe": "Pastagem", "cor": "#edde8e", "area_ha": 0.083421170181035995 }, "geometry": { "type": "Polygon", "coordinates": [ [ [ -45.085905120788325, -21.210571330988081 ], [ -45.086174615373558, -21.210571330988074 ], [ -45.086174615373558, -21.210301836402852 ], [ -45.085905120788325, -21.210301836402845 ], [ -45.085905120788325, -21.210571330988081 ] ] ] } },
{ "type": "Feature", "properties": { "id_feicao": "fogo_2017_1034", "ano": 2017.0, "mes": 10, "codigo_original": 15, "classe": "Pastagem", "cor": "#edde8e", "area_ha": 0.083421758958976716 }, "geometry": { "type": "Polygon", "coordinates": [ [ [ -45.084288153276908, -21.209493352647133 ], [ -45.084557647862141, -21.209493352647137 ], [ -45.084557647862141, -21.209223858061897 ], [ -45.084288153276908, -21.209223858061907 ], [ -45.084288153276908, -21.209493352647133 ] ] ] } },
{ "type": "Feature", "properties": { "id_feicao": "fogo_2017_1035", "ano": 2017.0, "mes": 10, "codigo_original": 15, "classe": "Pastagem", "cor": "#edde8e", "area_ha": 0.75079753703121099 }, "geometry": { "type": "Polygon", "coordinates": [ [ [ -45.085905120788325, -21.208684868891432 ], [ -45.086174615373558, -21.208684868891428 ], [ -45.086174615373558, -21.208415374306195 ], [ -45.085366131617853, -21.208415374306195 ], [ -45.085366131617853, -21.208684868891424 ], [ -45.085635626203086, -21.208684868891428 ], [ -45.085635626203086, -21.208954363476675 ], [ -45.085096637032613, -21.208954363476668 ], [ -45.085096637032613, -21.209762847232369 ], [ -45.085366131617853, -21.209762847232373 ], [ -45.085366131617853, -21.209223858061907 ], [ -45.085905120788325, -21.2092238580619 ], [ -45.085905120788325, -21.208684868891432 ] ] ] } },
{ "type": "Feature", "properties": { "id_feicao": "fogo_2017_1036", "ano": 2017.0, "mes": 10, "codigo_original": 15, "classe": "Pastagem", "cor": "#edde8e", "area_ha": 0.33368819565167651 }, "geometry": { "type": "Polygon", "coordinates": [ [ [ -45.081862702009786, -21.208954363476668 ], [ -45.082940680350731, -21.208954363476671 ], [ -45.082940680350731, -21.208684868891432 ], [ -45.081862702009786, -21.208684868891432 ], [ -45.081862702009786, -21.208954363476668 ] ] ] } },
{ "type": "Feature", "properties": { "id_feicao": "fogo_2017_1037", "ano": 2017.0, "mes": 10, "codigo_original": 15, "classe": "Pastagem", "cor": "#edde8e", "area_ha": 0.083422045472450551 }, "geometry": { "type": "Polygon", "coordinates": [ [ [ -45.081323712839314, -21.208954363476668 ], [ -45.081593207424547, -21.208954363476668 ], [ -45.081593207424547, -21.208684868891432 ], [ -45.081323712839314, -21.208684868891435 ], [ -45.081323712839314, -21.208954363476668 ] ] ] } },
{ "type": "Feature", "properties": { "id_feicao": "fogo_2017_1038", "ano": 2017.0, "mes": 10, "codigo_original": 15, "classe": "Pastagem", "cor": "#edde8e", "area_ha": 0.25026638577384874 }, "geometry": { "type": "Polygon", "coordinates": [ [ [ -45.084827142447381, -21.208684868891432 ], [ -45.084557647862141, -21.208684868891428 ], [ -45.084557647862141, -21.208415374306188 ], [ -45.084288153276908, -21.208415374306195 ], [ -45.084288153276908, -21.208954363476671 ], [ -45.084827142447381, -21.208954363476675 ], [ -45.084827142447381, -21.208684868891432 ] ] ] } },
{ "type": "Feature", "properties": { "id_feicao": "fogo_2017_1039", "ano": 2017.0, "mes": 10, "codigo_original": 15, "classe": "Pastagem", "cor": "#edde8e", "area_ha": 0.16684438353060121 }, "geometry": { "type": "Polygon", "coordinates": [ [ [ -45.080515229083616, -21.208415374306199 ], [ -45.080515229083616, -21.208684868891432 ], [ -45.081054218254089, -21.208684868891435 ], [ -45.081054218254089, -21.208415374306188 ], [ -45.080515229083616, -21.208415374306199 ] ] ] } },
{ "type": "Feature", "properties": { "id_feicao": "fogo_2017_1040", "ano": 2017.0, "mes": 10, "codigo_original": 15, "classe": "Pastagem", "cor": "#edde8e", "area_ha": 1.4181790498718618 }, "geometry": { "type": "Polygon", "coordinates": [ [ [ -45.087252593714503, -21.208954363476675 ], [ -45.088330572055447, -21.208954363476671 ], [ -45.088330572055447, -21.208415374306195 ], [ -45.08860006664068, -21.208415374306195 ], [ -45.08860006664068, -21.208145879720949 ], [ -45.088330572055447, -21.208145879720956 ], [ -45.088330572055447, -21.207876385135723 ], [ -45.087252593714503, -21.207876385135727 ], [ -45.087252593714503, -21.208954363476675 ] ] ] } },
{ "type": "Feature", "properties": { "id_feicao": "fogo_2017_1041", "ano": 2017.0, "mes": 10, "codigo_original": 15, "classe": "Pastagem", "cor": "#edde8e", "area_ha": 0.16684487068820744 }, "geometry": { "type": "Polygon", "coordinates": [ [ [ -45.086174615373558, -21.208415374306195 ], [ -45.086444109958798, -21.208415374306195 ], [ -45.086444109958798, -21.207876385135719 ], [ -45.086174615373558, -21.207876385135723 ], [ -45.086174615373558, -21.208415374306195 ] ] ] } },
{ "type": "Feature", "properties": { "id_feicao": "fogo_2017_1042", "ano": 2017.0, "mes": 10, "codigo_original": 15, "classe": "Pastagem", "cor": "#edde8e", "area_ha": 0.5005340668143704 }, "geometry": { "type": "Polygon", "coordinates": [ [ [ -45.085635626203086, -21.207876385135719 ], [ -45.084557647862141, -21.207876385135719 ], [ -45.084557647862141, -21.208415374306188 ], [ -45.084827142447381, -21.208415374306202 ], [ -45.084827142447381, -21.208145879720959 ], [ -45.085096637032613, -21.208145879720956 ], [ -45.085096637032613, -21.208415374306199 ], [ -45.085366131617853, -21.208415374306195 ], [ -45.085366131617853, -21.208145879720949 ], [ -45.085635626203086, -21.208145879720952 ], [ -45.085635626203086, -21.207876385135719 ] ] ] } },
{ "type": "Feature", "properties": { "id_feicao": "fogo_2017_1043", "ano": 2017.0, "mes": 10, "codigo_original": 15, "classe": "Pastagem", "cor": "#edde8e", "area_ha": 0.50053849101113157 }, "geometry": { "type": "Polygon", "coordinates": [ [ [ -45.079706745327897, -21.207067901380015 ], [ -45.079437250742671, -21.207067901380011 ], [ -45.079437250742671, -21.207337395965251 ], [ -45.080515229083616, -21.207337395965258 ], [ -45.080515229083616, -21.207067901380022 ], [ -45.080245734498369, -21.207067901380015 ], [ -45.080245734498369, -21.206798406794785 ], [ -45.079706745327897, -21.206798406794778 ], [ -45.079706745327897, -21.207067901380015 ] ] ] } },
{ "type": "Feature", "properties": { "id_feicao": "fogo_2017_1044", "ano": 2017.0, "mes": 10, "codigo_original": 15, "classe": "Pastagem", "cor": "#edde8e", "area_ha": 0.91765419198349119 }, "geometry": { "type": "Polygon", "coordinates": [ [ [ -45.084827142447381, -21.207606890550494 ], [ -45.086174615373558, -21.20760689055048 ], [ -45.086174615373558, -21.207337395965258 ], [ -45.085905120788325, -21.207337395965254 ], [ -45.085905120788325, -21.206259417624313 ], [ -45.085635626203086, -21.206259417624302 ], [ -45.085635626203086, -21.206528912209546 ], [ -45.085366131617853, -21.206528912209542 ], [ -45.085366131617853, -21.206798406794778 ], [ -45.085635626203086, -21.206798406794785 ], [ -45.085635626203086, -21.207067901380022 ], [ -45.085366131617853, -21.207067901380018 ], [ -45.085366131617853, -21.207337395965254 ], [ -45.084827142447381, -21.207337395965258 ], [ -45.084827142447381, -21.207606890550494 ] ] ] } },
{ "type": "Feature", "properties": { "id_feicao": "fogo_2017_1045", "ano": 2017.0, "mes": 10, "codigo_original": 15, "classe": "Pastagem", "cor": "#edde8e", "area_ha": 1.8353108203862794 }, "geometry": { "type": "Polygon", "coordinates": [ [ [ -45.081593207424547, -21.206528912209546 ], [ -45.081862702009786, -21.206528912209546 ], [ -45.081862702009786, -21.207067901380022 ], [ -45.082940680350731, -21.207067901380022 ], [ -45.082940680350731, -21.208145879720952 ], [ -45.083210174935964, -21.208145879720956 ], [ -45.083210174935964, -21.207067901380015 ], [ -45.083479669521203, -21.207067901380018 ], [ -45.083479669521203, -21.206798406794775 ], [ -45.082940680350731, -21.206798406794782 ], [ -45.082940680350731, -21.205720428453841 ], [ -45.082671185765491, -21.205720428453837 ], [ -45.082671185765491, -21.20598992303908 ], [ -45.082401691180259, -21.205989923039066 ], [ -45.082401691180259, -21.206528912209546 ], [ -45.082132196595019, -21.206528912209549 ], [ -45.082132196595019, -21.205989923039077 ], [ -45.081862702009786, -21.205989923039073 ], [ -45.081862702009786, -21.206259417624313 ], [ -45.081593207424547, -21.20625941762431 ], [ -45.081593207424547, -21.206528912209546 ] ] ] } },
{ "type": "Feature", "properties": { "id_feicao": "fogo_2017_1046", "ano": 2017.0, "mes": 10, "codigo_original": 15, "classe": "Pastagem", "cor": "#edde8e", "area_ha": 0.083423684205091928 }, "geometry": { "type": "Polygon", "coordinates": [ [ [ -45.082132196595019, -21.205720428453841 ], [ -45.082132196595019, -21.205989923039077 ], [ -45.082401691180259, -21.205989923039066 ], [ -45.082401691180259, -21.205720428453841 ], [ -45.082132196595019, -21.205720428453841 ] ] ] } },
{ "type": "Feature", "properties": { "id_feicao": "fogo_2017_1047", "ano": 2017.0, "mes": 10, "codigo_original": 15, "classe": "Pastagem", "cor": "#edde8e", "area_ha": 1.3347866134513169 }, "geometry": { "type": "Polygon", "coordinates": [ [ [ -45.081054218254089, -21.204372955527663 ], [ -45.080515229083616, -21.20437295552766 ], [ -45.080515229083616, -21.204642450112896 ], [ -45.079437250742671, -21.204642450112896 ], [ -45.079437250742671, -21.204911944698132 ], [ -45.079706745327897, -21.204911944698129 ], [ -45.079706745327897, -21.205450933868601 ], [ -45.080515229083616, -21.205450933868601 ], [ -45.080515229083616, -21.205181439283368 ], [ -45.081054218254089, -21.205181439283365 ], [ -45.081054218254089, -21.204372955527663 ] ] ] } },
{ "type": "Feature", "properties": { "id_feicao": "fogo_2017_1048", "ano": 2017.0, "mes": 10, "codigo_original": 15, "classe": "Pastagem", "cor": "#edde8e", "area_ha": 0.083424286964908237 }, "geometry": { "type": "Polygon", "coordinates": [ [ [ -45.084288153276908, -21.204911944698132 ], [ -45.084557647862141, -21.204911944698125 ], [ -45.084557647862141, -21.204642450112896 ], [ -45.084288153276908, -21.204642450112896 ], [ -45.084288153276908, -21.204911944698132 ] ] ] } },
{ "type": "Feature", "properties": { "id_feicao": "fogo_2017_1049", "ano": 2017.0, "mes": 10, "codigo_original": 15, "classe": "Pastagem", "cor": "#edde8e", "area_ha": 0.083424279967071566 }, "geometry": { "type": "Polygon", "coordinates": [ [ [ -45.082401691180259, -21.204642450112893 ], [ -45.082401691180259, -21.204911944698132 ], [ -45.082671185765491, -21.204911944698129 ], [ -45.082671185765491, -21.204642450112893 ], [ -45.082401691180259, -21.204642450112893 ] ] ] } },
{ "type": "Feature", "properties": { "id_feicao": "fogo_2017_1050", "ano": 2017.0, "mes": 10, "codigo_original": 15, "classe": "Pastagem", "cor": "#edde8e", "area_ha": 0.083424436668772251 }, "geometry": { "type": "Polygon", "coordinates": [ [ [ -45.084557647862141, -21.204642450112896 ], [ -45.084827142447381, -21.204642450112896 ], [ -45.084827142447381, -21.204372955527656 ], [ -45.084557647862141, -21.20437295552766 ], [ -45.084557647862141, -21.204642450112896 ] ] ] } },
{ "type": "Feature", "properties": { "id_feicao": "fogo_2017_1051", "ano": 2017.0, "mes": 10, "codigo_original": 15, "classe": "Pastagem", "cor": "#edde8e", "area_ha": 0.91767165092090142 }, "geometry": { "type": "Polygon", "coordinates": [ [ [ -45.084288153276908, -21.203564471771951 ], [ -45.083749164106436, -21.203564471771948 ], [ -45.083749164106436, -21.203833966357184 ], [ -45.083479669521203, -21.203833966357188 ], [ -45.083479669521203, -21.204642450112893 ], [ -45.083749164106436, -21.204642450112896 ], [ -45.083749164106436, -21.20437295552766 ], [ -45.084557647862141, -21.20437295552766 ], [ -45.084557647862141, -21.203833966357191 ], [ -45.084288153276908, -21.203833966357184 ], [ -45.084288153276908, -21.203564471771951 ] ] ] } },
{ "type": "Feature", "properties": { "id_feicao": "fogo_2017_1052", "ano": 2017.0, "mes": 10, "codigo_original": 15, "classe": "Pastagem", "cor": "#edde8e", "area_ha": 0.083424869811731292 }, "geometry": { "type": "Polygon", "coordinates": [ [ [ -45.081054218254089, -21.203564471771951 ], [ -45.081054218254089, -21.203833966357188 ], [ -45.081323712839314, -21.203833966357188 ], [ -45.081323712839314, -21.203564471771951 ], [ -45.081054218254089, -21.203564471771951 ] ] ] } },
{ "type": "Feature", "properties": { "id_feicao": "fogo_2017_1053", "ano": 2017.0, "mes": 10, "codigo_original": 15, "classe": "Pastagem", "cor": "#edde8e", "area_ha": 0.16684992024768144 }, "geometry": { "type": "Polygon", "coordinates": [ [ [ -45.085366131617853, -21.203833966357188 ], [ -45.085635626203086, -21.203833966357188 ], [ -45.085635626203086, -21.203294977186708 ], [ -45.085366131617853, -21.203294977186712 ], [ -45.085366131617853, -21.203833966357188 ] ] ] } },
{ "type": "Feature", "properties": { "id_feicao": "fogo_2017_1054", "ano": 2017.0, "mes": 10, "codigo_original": 15, "classe": "Pastagem", "cor": "#edde8e", "area_ha": 0.083425026380456985 }, "geometry": { "type": "Polygon", "coordinates": [ [ [ -45.083210174935964, -21.203564471771955 ], [ -45.083479669521203, -21.203564471771951 ], [ -45.083479669521203, -21.203294977186715 ], [ -45.083210174935964, -21.203294977186712 ], [ -45.083210174935964, -21.203564471771955 ] ] ] } },
{ "type": "Feature", "properties": { "id_feicao": "fogo_2017_1055", "ano": 2017.0, "mes": 10, "codigo_original": 15, "classe": "Pastagem", "cor": "#edde8e", "area_ha": 0.16685003991220146 }, "geometry": { "type": "Polygon", "coordinates": [ [ [ -45.081323712839314, -21.203564471771951 ], [ -45.081862702009786, -21.203564471771948 ], [ -45.081862702009786, -21.203294977186715 ], [ -45.081323712839314, -21.203294977186719 ], [ -45.081323712839314, -21.203564471771951 ] ] ] } },
{ "type": "Feature", "properties": { "id_feicao": "fogo_2017_1056", "ano": 2017.0, "mes": 10, "codigo_original": 15, "classe": "Pastagem", "cor": "#edde8e", "area_ha": 0.16685066263079643 }, "geometry": { "type": "Polygon", "coordinates": [ [ [ -45.085096637032613, -21.203025482601479 ], [ -45.085635626203086, -21.203025482601483 ], [ -45.085635626203086, -21.202755988016243 ], [ -45.085096637032613, -21.202755988016236 ], [ -45.085096637032613, -21.203025482601479 ] ] ] } },
{ "type": "Feature", "properties": { "id_feicao": "fogo_2017_1057", "ano": 2017.0, "mes": 10, "codigo_original": 15, "classe": "Pastagem", "cor": "#edde8e", "area_ha": 0.33370277573075147 }, "geometry": { "type": "Polygon", "coordinates": [ [ [ -45.082671185765491, -21.20248649343101 ], [ -45.083210174935964, -21.202486493431007 ], [ -45.083210174935964, -21.201947504260534 ], [ -45.082671185765491, -21.201947504260534 ], [ -45.082671185765491, -21.20248649343101 ] ] ] } },
{ "type": "Feature", "properties": { "id_feicao": "fogo_2017_1058", "ano": 2017.0, "mes": 10, "codigo_original": 15, "classe": "Pastagem", "cor": "#edde8e", "area_ha": 0.1668513789927587 }, "geometry": { "type": "Polygon", "coordinates": [ [ [ -45.081593207424547, -21.202486493431007 ], [ -45.081862702009786, -21.202486493431007 ], [ -45.081862702009786, -21.201947504260534 ], [ -45.081593207424547, -21.201947504260534 ], [ -45.081593207424547, -21.202486493431007 ] ] ] } },
{ "type": "Feature", "properties": { "id_feicao": "fogo_2017_1059", "ano": 2017.0, "mes": 10, "codigo_original": 15, "classe": "Pastagem", "cor": "#edde8e", "area_ha": 0.25027838829750026 }, "geometry": { "type": "Polygon", "coordinates": [ [ [ -45.081054218254089, -21.201678009675295 ], [ -45.081054218254089, -21.201408515090062 ], [ -45.080784723668842, -21.201408515090066 ], [ -45.080784723668842, -21.201139020504829 ], [ -45.080515229083616, -21.201139020504822 ], [ -45.080515229083616, -21.201678009675298 ], [ -45.081054218254089, -21.201678009675295 ] ] ] } },
{ "type": "Feature", "properties": { "id_feicao": "fogo_2017_1060", "ano": 2017.0, "mes": 10, "codigo_original": 15, "classe": "Pastagem", "cor": "#edde8e", "area_ha": 0.083426219791918999 }, "geometry": { "type": "Polygon", "coordinates": [ [ [ -45.084288153276908, -21.201408515090062 ], [ -45.084557647862141, -21.201408515090062 ], [ -45.084557647862141, -21.201139020504822 ], [ -45.084288153276908, -21.201139020504826 ], [ -45.084288153276908, -21.201408515090062 ] ] ] } },
{ "type": "Feature", "properties": { "id_feicao": "fogo_2017_1061", "ano": 2017.0, "mes": 10, "codigo_original": 15, "classe": "Pastagem", "cor": "#edde8e", "area_ha": 0.083426519151590758 }, "geometry": { "type": "Polygon", "coordinates": [ [ [ -45.084827142447381, -21.2008695259196 ], [ -45.085096637032613, -21.20086952591959 ], [ -45.085096637032613, -21.200600031334353 ], [ -45.084827142447381, -21.200600031334353 ], [ -45.084827142447381, -21.2008695259196 ] ] ] } },
{ "type": "Feature", "properties": { "id_feicao": "fogo_2017_1062", "ano": 2017.0, "mes": 10, "codigo_original": 15, "classe": "Pastagem", "cor": "#edde8e", "area_ha": 0.083426818513590836 }, "geometry": { "type": "Polygon", "coordinates": [ [ [ -45.085366131617853, -21.200330536749117 ], [ -45.085635626203086, -21.200330536749117 ], [ -45.085635626203086, -21.200061042163881 ], [ -45.085366131617853, -21.200061042163881 ], [ -45.085366131617853, -21.200330536749117 ] ] ] } },
{ "type": "Feature", "properties": { "id_feicao": "fogo_2017_1063", "ano": 2017.0, "mes": 10, "codigo_original": 15, "classe": "Pastagem", "cor": "#edde8e", "area_ha": 0.0834268144405447 }, "geometry": { "type": "Polygon", "coordinates": [ [ [ -45.084288153276908, -21.200330536749121 ], [ -45.084557647862141, -21.200330536749114 ], [ -45.084557647862141, -21.200061042163881 ], [ -45.084288153276908, -21.200061042163892 ], [ -45.084288153276908, -21.200330536749121 ] ] ] } },
{ "type": "Feature", "properties": { "id_feicao": "fogo_2017_1064", "ano": 2017.0, "mes": 10, "codigo_original": 15, "classe": "Pastagem", "cor": "#edde8e", "area_ha": 0.083426971293427049 }, "geometry": { "type": "Polygon", "coordinates": [ [ [ -45.086444109958798, -21.200061042163892 ], [ -45.08671360454403, -21.200061042163888 ], [ -45.08671360454403, -21.199791547578645 ], [ -45.086444109958798, -21.199791547578648 ], [ -45.086444109958798, -21.200061042163892 ] ] ] } },
{ "type": "Feature", "properties": { "id_feicao": "fogo_2017_1065", "ano": 2017.0, "mes": 10, "codigo_original": 15, "classe": "Pastagem", "cor": "#edde8e", "area_ha": 0.16685393742565066 }, "geometry": { "type": "Polygon", "coordinates": [ [ [ -45.085635626203086, -21.200061042163881 ], [ -45.086174615373558, -21.200061042163885 ], [ -45.086174615373558, -21.199791547578648 ], [ -45.085635626203086, -21.199791547578645 ], [ -45.085635626203086, -21.200061042163881 ] ] ] } },
{ "type": "Feature", "properties": { "id_feicao": "fogo_2017_1066", "ano": 2017.0, "mes": 10, "codigo_original": 15, "classe": "Pastagem", "cor": "#edde8e", "area_ha": 0.25028112181721984 }, "geometry": { "type": "Polygon", "coordinates": [ [ [ -45.084557647862141, -21.199791547578645 ], [ -45.084557647862141, -21.200061042163881 ], [ -45.084827142447381, -21.200061042163881 ], [ -45.084827142447381, -21.199522052993416 ], [ -45.084288153276908, -21.199522052993409 ], [ -45.084288153276908, -21.199791547578652 ], [ -45.084557647862141, -21.199791547578645 ] ] ] } },
{ "type": "Feature", "properties": { "id_feicao": "fogo_2017_1067", "ano": 2017.0, "mes": 10, "codigo_original": 15, "classe": "Pastagem", "cor": "#edde8e", "area_ha": 1.2514114109647461 }, "geometry": { "type": "Polygon", "coordinates": [ [ [ -45.081054218254089, -21.19898306382294 ], [ -45.081323712839314, -21.19898306382294 ], [ -45.081323712839314, -21.198444074652468 ], [ -45.081054218254089, -21.198444074652475 ], [ -45.081054218254089, -21.1987135692377 ], [ -45.080245734498369, -21.198713569237704 ], [ -45.080245734498369, -21.198983063822936 ], [ -45.079437250742671, -21.198983063822936 ], [ -45.079437250742671, -21.199522052993409 ], [ -45.080515229083616, -21.199522052993412 ], [ -45.080515229083616, -21.199252558408173 ], [ -45.081054218254089, -21.199252558408173 ], [ -45.081054218254089, -21.19898306382294 ] ] ] } },
{ "type": "Feature", "properties": { "id_feicao": "fogo_2017_1068", "ano": 2017.0, "mes": 10, "codigo_original": 15, "classe": "Pastagem", "cor": "#edde8e", "area_ha": 0.08342755670854822 }, "geometry": { "type": "Polygon", "coordinates": [ [ [ -45.084018658691676, -21.19898306382294 ], [ -45.084288153276908, -21.19898306382294 ], [ -45.084288153276908, -21.198713569237707 ], [ -45.084018658691676, -21.1987135692377 ], [ -45.084018658691676, -21.19898306382294 ] ] ] } },
{ "type": "Feature", "properties": { "id_feicao": "fogo_2017_1069", "ano": 2017.0, "mes": 10, "codigo_original": 15, "classe": "Pastagem", "cor": "#edde8e", "area_ha": 0.08342770737819373 }, "geometry": { "type": "Polygon", "coordinates": [ [ [ -45.084557647862141, -21.1987135692377 ], [ -45.084827142447381, -21.198713569237704 ], [ -45.084827142447381, -21.198444074652471 ], [ -45.084557647862141, -21.198444074652475 ], [ -45.084557647862141, -21.1987135692377 ] ] ] } },
{ "type": "Feature", "properties": { "id_feicao": "fogo_2017_1070", "ano": 2017.0, "mes": 10, "codigo_original": 15, "classe": "Pastagem", "cor": "#edde8e", "area_ha": 0.25028559041209519 }, "geometry": { "type": "Polygon", "coordinates": [ [ [ -45.085366131617853, -21.197366096311526 ], [ -45.085635626203086, -21.19736609631153 ], [ -45.085635626203086, -21.196827107141058 ], [ -45.085096637032613, -21.196827107141051 ], [ -45.085096637032613, -21.197096601726283 ], [ -45.085366131617853, -21.197096601726287 ], [ -45.085366131617853, -21.197366096311526 ] ] ] } },
{ "type": "Feature", "properties": { "id_feicao": "fogo_2017_1071", "ano": 2017.0, "mes": 10, "codigo_original": 15, "classe": "Pastagem", "cor": "#edde8e", "area_ha": 0.25028647237047552 }, "geometry": { "type": "Polygon", "coordinates": [ [ [ -45.086174615373558, -21.196557612555814 ], [ -45.085905120788325, -21.196557612555818 ], [ -45.085905120788325, -21.196288117970585 ], [ -45.085635626203086, -21.196288117970578 ], [ -45.085635626203086, -21.196827107141058 ], [ -45.086174615373558, -21.196827107141054 ], [ -45.086174615373558, -21.196557612555814 ] ] ] } },
{ "type": "Feature", "properties": { "id_feicao": "fogo_2017_1072", "ano": 2017.0, "mes": 10, "codigo_original": 15, "classe": "Pastagem", "cor": "#edde8e", "area_ha": 0.25028712635338307 }, "geometry": { "type": "Polygon", "coordinates": [ [ [ -45.083479669521203, -21.196288117970578 ], [ -45.084288153276908, -21.196288117970578 ], [ -45.084288153276908, -21.196018623385342 ], [ -45.083479669521203, -21.196018623385342 ], [ -45.083479669521203, -21.196288117970578 ] ] ] } },
{ "type": "Feature", "properties": { "id_feicao": "fogo_2017_1073", "ano": 2017.0, "mes": 10, "codigo_original": 15, "classe": "Pastagem", "cor": "#edde8e", "area_ha": 0.7508638683877632 }, "geometry": { "type": "Polygon", "coordinates": [ [ [ -45.084827142447381, -21.196288117970578 ], [ -45.084827142447381, -21.195749128800113 ], [ -45.085096637032613, -21.195749128800106 ], [ -45.085096637032613, -21.19547963421487 ], [ -45.085366131617853, -21.195479634214866 ], [ -45.085366131617853, -21.195210139629634 ], [ -45.084827142447381, -21.195210139629641 ], [ -45.084827142447381, -21.195479634214873 ], [ -45.084557647862141, -21.195479634214873 ], [ -45.084557647862141, -21.195210139629641 ], [ -45.084288153276908, -21.195210139629644 ], [ -45.084288153276908, -21.196018623385342 ], [ -45.084557647862141, -21.196018623385338 ], [ -45.084557647862141, -21.196288117970578 ], [ -45.084827142447381, -21.196288117970578 ] ] ] } },
{ "type": "Feature", "properties": { "id_feicao": "fogo_2017_1074", "ano": 2017.0, "mes": 10, "codigo_original": 15, "classe": "Pastagem", "cor": "#edde8e", "area_ha": 0.083429486998263747 }, "geometry": { "type": "Polygon", "coordinates": [ [ [ -45.083479669521203, -21.195479634214866 ], [ -45.083749164106436, -21.195479634214873 ], [ -45.083749164106436, -21.195210139629648 ], [ -45.083479669521203, -21.195210139629644 ], [ -45.083479669521203, -21.195479634214866 ] ] ] } },
{ "type": "Feature", "properties": { "id_feicao": "fogo_2017_1075", "ano": 2017.0, "mes": 10, "codigo_original": 15, "classe": "Pastagem", "cor": "#edde8e", "area_ha": 0.08342964684097097 }, "geometry": { "type": "Polygon", "coordinates": [ [ [ -45.086444109958798, -21.195210139629641 ], [ -45.08671360454403, -21.195210139629637 ], [ -45.08671360454403, -21.194940645044404 ], [ -45.086444109958798, -21.194940645044401 ], [ -45.086444109958798, -21.195210139629641 ] ] ] } },
{ "type": "Feature", "properties": { "id_feicao": "fogo_2017_1076", "ano": 2017.0, "mes": 10, "codigo_original": 15, "classe": "Pastagem", "cor": "#edde8e", "area_ha": 0.16685927427830174 }, "geometry": { "type": "Polygon", "coordinates": [ [ [ -45.083749164106436, -21.195210139629648 ], [ -45.084288153276908, -21.195210139629644 ], [ -45.084288153276908, -21.194940645044401 ], [ -45.083749164106436, -21.194940645044394 ], [ -45.083749164106436, -21.195210139629648 ] ] ] } },
{ "type": "Feature", "properties": { "id_feicao": "fogo_2017_1077", "ano": 2017.0, "mes": 10, "codigo_original": 15, "classe": "Pastagem", "cor": "#edde8e", "area_ha": 0.33372062925249341 }, "geometry": { "type": "Polygon", "coordinates": [ [ [ -45.083749164106436, -21.194401655873932 ], [ -45.084288153276908, -21.194401655873936 ], [ -45.084288153276908, -21.193862666703453 ], [ -45.083749164106436, -21.19386266670346 ], [ -45.083749164106436, -21.194401655873932 ] ] ] } },
{ "type": "Feature", "properties": { "id_feicao": "fogo_2017_1078", "ano": 2017.0, "mes": 10, "codigo_original": 15, "classe": "Pastagem", "cor": "#edde8e", "area_ha": 0.083430242364667354 }, "geometry": { "type": "Polygon", "coordinates": [ [ [ -45.08671360454403, -21.194132161288699 ], [ -45.08698309912927, -21.194132161288692 ], [ -45.08698309912927, -21.193862666703467 ], [ -45.08671360454403, -21.193862666703463 ], [ -45.08671360454403, -21.194132161288699 ] ] ] } },
{ "type": "Feature", "properties": { "id_feicao": "fogo_2017_1079", "ano": 2017.0, "mes": 10, "codigo_original": 15, "classe": "Pastagem", "cor": "#edde8e", "area_ha": 22.860268709130299 }, "geometry": { "type": "Polygon", "coordinates": [ [ [ -45.082132196595019, -21.191437215436334 ], [ -45.082132196595019, -21.190898226265865 ], [ -45.082401691180259, -21.190898226265858 ], [ -45.082401691180259, -21.190089742510157 ], [ -45.082671185765491, -21.190089742510157 ], [ -45.082671185765491, -21.189550753339674 ], [ -45.082132196595019, -21.189550753339677 ], [ -45.082132196595019, -21.189820247924914 ], [ -45.081862702009786, -21.189820247924921 ], [ -45.081862702009786, -21.190089742510153 ], [ -45.081323712839314, -21.190089742510157 ], [ -45.081323712839314, -21.190359237095389 ], [ -45.081054218254089, -21.190359237095386 ], [ -45.081054218254089, -21.191167720851105 ], [ -45.080515229083616, -21.191167720851105 ], [ -45.080515229083616, -21.191976204606814 ], [ -45.083749164106436, -21.191976204606807 ], [ -45.083749164106436, -21.193593172118224 ], [ -45.084288153276908, -21.19359317211822 ], [ -45.084288153276908, -21.193862666703453 ], [ -45.084557647862141, -21.19386266670346 ], [ -45.084557647862141, -21.193593172118227 ], [ -45.084827142447381, -21.193593172118224 ], [ -45.084827142447381, -21.192784688362512 ], [ -45.085096637032613, -21.192784688362508 ], [ -45.085096637032613, -21.193054182947751 ], [ -45.085366131617853, -21.193054182947751 ], [ -45.085366131617853, -21.193323677532991 ], [ -45.085096637032613, -21.193323677532995 ], [ -45.085096637032613, -21.193593172118216 ], [ -45.085635626203086, -21.193593172118216 ], [ -45.085635626203086, -21.194401655873932 ], [ -45.085366131617853, -21.194401655873932 ], [ -45.085366131617853, -21.194671150459158 ], [ -45.085096637032613, -21.194671150459165 ], [ -45.085096637032613, -21.194940645044397 ], [ -45.085635626203086, -21.194940645044404 ], [ -45.085635626203086, -21.194671150459168 ], [ -45.085905120788325, -21.194671150459165 ], [ -45.085905120788325, -21.194401655873932 ], [ -45.086174615373558, -21.194401655873932 ], [ -45.086174615373558, -21.193862666703456 ], [ -45.08671360454403, -21.193862666703463 ], [ -45.08671360454403, -21.193323677532995 ], [ -45.08698309912927, -21.193323677532984 ], [ -45.08698309912927, -21.193054182947748 ], [ -45.087252593714503, -21.193054182947748 ], [ -45.087252593714503, -21.192515193777279 ], [ -45.087791582884975, -21.192515193777275 ], [ -45.087791582884975, -21.192245699192036 ], [ -45.087522088299735, -21.192245699192053 ], [ -45.087522088299735, -21.190898226265862 ], [ -45.087791582884975, -21.190898226265858 ], [ -45.087791582884975, -21.190628731680629 ], [ -45.088330572055447, -21.190628731680629 ], [ -45.088330572055447, -21.189820247924924 ], [ -45.087791582884975, -21.189820247924924 ], [ -45.087791582884975, -21.190089742510157 ], [ -45.08671360454403, -21.19008974251015 ], [ -45.08671360454403, -21.189820247924924 ], [ -45.086174615373558, -21.189820247924917 ], [ -45.086174615373558, -21.189550753339681 ], [ -45.085905120788325, -21.189550753339685 ], [ -45.085905120788325, -21.189820247924917 ], [ -45.085635626203086, -21.189820247924921 ], [ -45.085635626203086, -21.19008974251015 ], [ -45.085366131617853, -21.19008974251016 ], [ -45.085366131617853, -21.189820247924917 ], [ -45.085096637032613, -21.189820247924921 ], [ -45.085096637032613, -21.189281258754455 ], [ -45.084827142447381, -21.189281258754455 ], [ -45.084827142447381, -21.189550753339681 ], [ -45.084557647862141, -21.189550753339681 ], [ -45.084557647862141, -21.190089742510157 ], [ -45.083749164106436, -21.190089742510153 ], [ -45.083749164106436, -21.190359237095389 ], [ -45.082671185765491, -21.190359237095393 ], [ -45.082671185765491, -21.191167720851105 ], [ -45.082401691180259, -21.191167720851098 ], [ -45.082401691180259, -21.191437215436345 ], [ -45.082132196595019, -21.191437215436334 ] ], [ [ -45.08671360454403, -21.192245699192039 ], [ -45.08698309912927, -21.19224569919205 ], [ -45.08698309912927, -21.192515193777279 ], [ -45.08671360454403, -21.192515193777282 ], [ -45.08671360454403, -21.192245699192039 ] ] ] } },
{ "type": "Feature", "properties": { "id_feicao": "fogo_2017_1080", "ano": 2017.0, "mes": 10, "codigo_original": 15, "classe": "Pastagem", "cor": "#edde8e", "area_ha": 0.16686504723721596 }, "geometry": { "type": "Polygon", "coordinates": [ [ [ -45.080784723668842, -21.189550753339688 ], [ -45.080784723668842, -21.190089742510153 ], [ -45.081054218254089, -21.19008974251016 ], [ -45.081054218254089, -21.189550753339688 ], [ -45.080784723668842, -21.189550753339688 ] ] ] } },
{ "type": "Feature", "properties": { "id_feicao": "fogo_2017_1081", "ano": 2017.0, "mes": 10, "codigo_original": 15, "classe": "Pastagem", "cor": "#edde8e", "area_ha": 0.083433793429750949 }, "geometry": { "type": "Polygon", "coordinates": [ [ [ -45.082671185765491, -21.187664291243035 ], [ -45.082940680350731, -21.187664291243035 ], [ -45.082940680350731, -21.187394796657799 ], [ -45.082671185765491, -21.187394796657799 ], [ -45.082671185765491, -21.187664291243035 ] ] ] } },
{ "type": "Feature", "properties": { "id_feicao": "fogo_2017_1082", "ano": 2017.0, "mes": 10, "codigo_original": 15, "classe": "Pastagem", "cor": "#edde8e", "area_ha": 0.083433944988995784 }, "geometry": { "type": "Polygon", "coordinates": [ [ [ -45.083479669521203, -21.187394796657799 ], [ -45.083749164106436, -21.187394796657795 ], [ -45.083749164106436, -21.187125302072563 ], [ -45.083479669521203, -21.187125302072563 ], [ -45.083479669521203, -21.187394796657799 ] ] ] } },
{ "type": "Feature", "properties": { "id_feicao": "fogo_2017_1083", "ano": 2017.0, "mes": 10, "codigo_original": 15, "classe": "Pastagem", "cor": "#edde8e", "area_ha": 0.083433941006660461 }, "geometry": { "type": "Polygon", "coordinates": [ [ [ -45.082401691180259, -21.187394796657792 ], [ -45.082671185765491, -21.187394796657799 ], [ -45.082671185765491, -21.187125302072555 ], [ -45.082401691180259, -21.187125302072566 ], [ -45.082401691180259, -21.187394796657792 ] ] ] } },
{ "type": "Feature", "properties": { "id_feicao": "fogo_2017_1084", "ano": 2017.0, "mes": 10, "codigo_original": 15, "classe": "Pastagem", "cor": "#edde8e", "area_ha": 0.083433939036540686 }, "geometry": { "type": "Polygon", "coordinates": [ [ [ -45.081862702009786, -21.187394796657792 ], [ -45.082132196595019, -21.187394796657795 ], [ -45.082132196595019, -21.187125302072559 ], [ -45.081862702009786, -21.187125302072555 ], [ -45.081862702009786, -21.187394796657792 ] ] ] } },
{ "type": "Feature", "properties": { "id_feicao": "fogo_2017_1085", "ano": 2017.0, "mes": 10, "codigo_original": 15, "classe": "Pastagem", "cor": "#edde8e", "area_ha": 0.16686819214951246 }, "geometry": { "type": "Polygon", "coordinates": [ [ [ -45.084018658691676, -21.187125302072566 ], [ -45.084557647862141, -21.187125302072559 ], [ -45.084557647862141, -21.18685580748733 ], [ -45.084018658691676, -21.186855807487319 ], [ -45.084018658691676, -21.187125302072566 ] ] ] } },
{ "type": "Feature", "properties": { "id_feicao": "fogo_2017_1086", "ano": 2017.0, "mes": 10, "codigo_original": 15, "classe": "Pastagem", "cor": "#edde8e", "area_ha": 0.16686880278596655 }, "geometry": { "type": "Polygon", "coordinates": [ [ [ -45.086174615373558, -21.186586312902087 ], [ -45.08671360454403, -21.186586312902087 ], [ -45.08671360454403, -21.186316818316861 ], [ -45.086174615373558, -21.186316818316858 ], [ -45.086174615373558, -21.186586312902087 ] ] ] } },
{ "type": "Feature", "properties": { "id_feicao": "fogo_2017_1087", "ano": 2017.0, "mes": 10, "codigo_original": 15, "classe": "Pastagem", "cor": "#edde8e", "area_ha": 1.0846507117065549 }, "geometry": { "type": "Polygon", "coordinates": [ [ [ -45.084557647862141, -21.186316818316861 ], [ -45.084557647862141, -21.186047323731628 ], [ -45.085366131617853, -21.186047323731614 ], [ -45.085366131617853, -21.185777829146378 ], [ -45.085096637032613, -21.185777829146382 ], [ -45.085096637032613, -21.185508334561149 ], [ -45.084827142447381, -21.185508334561142 ], [ -45.084827142447381, -21.185777829146385 ], [ -45.084557647862141, -21.185777829146382 ], [ -45.084557647862141, -21.185508334561149 ], [ -45.084018658691676, -21.185508334561156 ], [ -45.084018658691676, -21.186586312902087 ], [ -45.084827142447381, -21.18658631290209 ], [ -45.084827142447381, -21.18631681831685 ], [ -45.084557647862141, -21.186316818316861 ] ] ] } },
{ "type": "Feature", "properties": { "id_feicao": "fogo_2017_1088", "ano": 2017.0, "mes": 10, "codigo_original": 15, "classe": "Pastagem", "cor": "#edde8e", "area_ha": 0.083434844508487732 }, "geometry": { "type": "Polygon", "coordinates": [ [ [ -45.085635626203086, -21.185777829146382 ], [ -45.085905120788325, -21.185777829146378 ], [ -45.085905120788325, -21.185508334561142 ], [ -45.085635626203086, -21.185508334561149 ], [ -45.085635626203086, -21.185777829146382 ] ] ] } },
{ "type": "Feature", "properties": { "id_feicao": "fogo_2017_1089", "ano": 2017.0, "mes": 10, "codigo_original": 15, "classe": "Pastagem", "cor": "#edde8e", "area_ha": 0.16670291972178966 }, "geometry": { "type": "Polygon", "coordinates": [ [ [ -45.039013062957281, -21.336425302293229 ], [ -45.039282557542521, -21.336425302293222 ], [ -45.039282557542521, -21.335886313122757 ], [ -45.039013062957281, -21.335886313122753 ], [ -45.039013062957281, -21.336425302293229 ] ] ] } },
{ "type": "Feature", "properties": { "id_feicao": "fogo_2017_1090", "ano": 2017.0, "mes": 10, "codigo_original": 15, "classe": "Pastagem", "cor": "#edde8e", "area_ha": 0.25005684613650664 }, "geometry": { "type": "Polygon", "coordinates": [ [ [ -45.038474073786816, -21.334808334781808 ], [ -45.039282557542521, -21.334808334781808 ], [ -45.039282557542521, -21.334538840196576 ], [ -45.038474073786816, -21.334538840196576 ], [ -45.038474073786816, -21.334808334781808 ] ] ] } },
{ "type": "Feature", "properties": { "id_feicao": "fogo_2017_1091", "ano": 2017.0, "mes": 10, "codigo_original": 15, "classe": "Pastagem", "cor": "#edde8e", "area_ha": 0.083352581172808998 }, "geometry": { "type": "Polygon", "coordinates": [ [ [ -45.038743568372048, -21.334269345611343 ], [ -45.039013062957281, -21.334269345611336 ], [ -45.039013062957281, -21.33399985102611 ], [ -45.038743568372048, -21.33399985102611 ], [ -45.038743568372048, -21.334269345611343 ] ] ] } },
{ "type": "Feature", "properties": { "id_feicao": "fogo_2017_1092", "ano": 2017.0, "mes": 10, "codigo_original": 15, "classe": "Pastagem", "cor": "#edde8e", "area_ha": 0.083353030330222094 }, "geometry": { "type": "Polygon", "coordinates": [ [ [ -45.039013062957281, -21.333460861855627 ], [ -45.039282557542521, -21.333460861855638 ], [ -45.039282557542521, -21.333191367270391 ], [ -45.039013062957281, -21.333191367270391 ], [ -45.039013062957281, -21.333460861855627 ] ] ] } },
{ "type": "Feature", "properties": { "id_feicao": "fogo_2017_1093", "ano": 2017.0, "mes": 10, "codigo_original": 15, "classe": "Pastagem", "cor": "#edde8e", "area_ha": 0.08335318035082892 }, "geometry": { "type": "Polygon", "coordinates": [ [ [ -45.039282557542521, -21.333191367270391 ], [ -45.039552052127753, -21.333191367270398 ], [ -45.039552052127753, -21.332921872685169 ], [ -45.039282557542521, -21.332921872685162 ], [ -45.039282557542521, -21.333191367270391 ] ] ] } },
{ "type": "Feature", "properties": { "id_feicao": "fogo_2017_1094", "ano": 2017.0, "mes": 10, "codigo_original": 15, "classe": "Pastagem", "cor": "#edde8e", "area_ha": 0.083353624468340284 }, "geometry": { "type": "Polygon", "coordinates": [ [ [ -45.036587611690159, -21.332113388929447 ], [ -45.036587611690159, -21.33238288351469 ], [ -45.036857106275399, -21.332382883514679 ], [ -45.036857106275399, -21.332113388929457 ], [ -45.036587611690159, -21.332113388929447 ] ] ] } },
{ "type": "Feature", "properties": { "id_feicao": "fogo_2017_1095", "ano": 2017.0, "mes": 10, "codigo_original": 15, "classe": "Pastagem", "cor": "#edde8e", "area_ha": 0.58347592477332799 }, "geometry": { "type": "Polygon", "coordinates": [ [ [ -45.038474073786816, -21.331574399758981 ], [ -45.038204579201576, -21.331574399758978 ], [ -45.038204579201576, -21.332113388929454 ], [ -45.038474073786816, -21.332113388929454 ], [ -45.038474073786816, -21.332382883514679 ], [ -45.038743568372048, -21.332382883514686 ], [ -45.038743568372048, -21.332652378099919 ], [ -45.039013062957281, -21.332652378099919 ], [ -45.039013062957281, -21.331843894344214 ], [ -45.038474073786816, -21.331843894344217 ], [ -45.038474073786816, -21.331574399758981 ] ] ] } },
{ "type": "Feature", "properties": { "id_feicao": "fogo_2017_1096", "ano": 2017.0, "mes": 10, "codigo_original": 15, "classe": "Pastagem", "cor": "#edde8e", "area_ha": 10.919463117596285 }, "geometry": { "type": "Polygon", "coordinates": [ [ [ -45.034431655008277, -21.329148948491852 ], [ -45.034431655008277, -21.329687937662335 ], [ -45.035240138763982, -21.329687937662332 ], [ -45.035240138763982, -21.329148948491852 ], [ -45.036048622519687, -21.329148948491856 ], [ -45.036048622519687, -21.328879453906623 ], [ -45.036318117104926, -21.328879453906623 ], [ -45.036318117104926, -21.329957432247568 ], [ -45.036048622519687, -21.329957432247557 ], [ -45.036048622519687, -21.330226926832808 ], [ -45.035509633349221, -21.330226926832811 ], [ -45.035509633349221, -21.330496421418037 ], [ -45.034970644178749, -21.33049642141804 ], [ -45.034970644178749, -21.33022692683279 ], [ -45.034431655008277, -21.330226926832804 ], [ -45.034431655008277, -21.33049642141804 ], [ -45.033892665837804, -21.330496421418037 ], [ -45.033892665837804, -21.330765916003269 ], [ -45.033623171252565, -21.330765916003269 ], [ -45.033623171252565, -21.33049642141804 ], [ -45.033353676667332, -21.330496421418037 ], [ -45.033353676667332, -21.330765916003266 ], [ -45.033084182082092, -21.330765916003273 ], [ -45.033084182082092, -21.331035410588509 ], [ -45.03281468749686, -21.331035410588509 ], [ -45.03281468749686, -21.332113388929457 ], [ -45.032545192911627, -21.33211338892945 ], [ -45.032545192911627, -21.332382883514683 ], [ -45.032275698326387, -21.332382883514683 ], [ -45.032275698326387, -21.332652378099922 ], [ -45.03281468749686, -21.332652378099919 ], [ -45.03281468749686, -21.332382883514683 ], [ -45.033084182082092, -21.332382883514679 ], [ -45.033084182082092, -21.331574399758981 ], [ -45.033623171252565, -21.331574399758981 ], [ -45.033623171252565, -21.331304905173738 ], [ -45.033892665837804, -21.331304905173742 ], [ -45.033892665837804, -21.331035410588516 ], [ -45.034701149593509, -21.331035410588516 ], [ -45.034701149593509, -21.331574399758978 ], [ -45.034431655008277, -21.331574399758985 ], [ -45.034431655008277, -21.33211338892945 ], [ -45.034970644178749, -21.332113388929454 ], [ -45.034970644178749, -21.331843894344214 ], [ -45.035240138763982, -21.331843894344207 ], [ -45.035240138763982, -21.331574399758971 ], [ -45.035509633349221, -21.331574399758981 ], [ -45.035509633349221, -21.331035410588512 ], [ -45.036048622519687, -21.331035410588516 ], [ -45.036048622519687, -21.330496421418037 ], [ -45.036587611690159, -21.330496421418033 ], [ -45.036587611690159, -21.3302269268328 ], [ -45.036857106275399, -21.330226926832808 ], [ -45.036857106275399, -21.330765916003273 ], [ -45.036587611690159, -21.330765916003269 ], [ -45.036587611690159, -21.331035410588505 ], [ -45.036318117104926, -21.331035410588512 ], [ -45.036318117104926, -21.331304905173745 ], [ -45.036587611690159, -21.331304905173745 ], [ -45.036587611690159, -21.331574399758978 ], [ -45.037126600860631, -21.331574399758974 ], [ -45.037126600860631, -21.331843894344217 ], [ -45.037396095445871, -21.331843894344217 ], [ -45.037396095445871, -21.332113388929443 ], [ -45.037665590031104, -21.33211338892945 ], [ -45.037665590031104, -21.331843894344221 ], [ -45.037935084616343, -21.331843894344217 ], [ -45.037935084616343, -21.331574399758985 ], [ -45.037396095445871, -21.331574399758967 ], [ -45.037396095445871, -21.329957432247564 ], [ -45.037126600860631, -21.329957432247557 ], [ -45.037126600860631, -21.329687937662335 ], [ -45.037396095445871, -21.329687937662332 ], [ -45.037396095445871, -21.329418443077099 ], [ -45.037126600860631, -21.329418443077095 ], [ -45.037126600860631, -21.329148948491856 ], [ -45.038204579201576, -21.329148948491849 ], [ -45.038204579201576, -21.328879453906623 ], [ -45.038474073786816, -21.328879453906627 ], [ -45.038474073786816, -21.32860995932139 ], [ -45.038743568372048, -21.32860995932139 ], [ -45.038743568372048, -21.327531980980446 ], [ -45.038474073786816, -21.327531980980446 ], [ -45.038474073786816, -21.327801475565682 ], [ -45.038204579201576, -21.327801475565682 ], [ -45.038204579201576, -21.328070970150918 ], [ -45.037126600860631, -21.328070970150918 ], [ -45.037126600860631, -21.328609959321383 ], [ -45.033892665837804, -21.328609959321387 ], [ -45.033892665837804, -21.32887945390662 ], [ -45.034970644178749, -21.32887945390662 ], [ -45.034970644178749, -21.329148948491859 ], [ -45.034431655008277, -21.329148948491852 ] ], [ [ -45.037396095445871, -21.328340464736154 ], [ -45.037665590031104, -21.328340464736151 ], [ -45.037665590031104, -21.32860995932138 ], [ -45.037396095445871, -21.328609959321387 ], [ -45.037396095445871, -21.328340464736154 ] ] ] } },
{ "type": "Feature", "properties": { "id_feicao": "fogo_2017_1097", "ano": 2017.0, "mes": 10, "codigo_original": 15, "classe": "Pastagem", "cor": "#edde8e", "area_ha": 0.083355264392122624 }, "geometry": { "type": "Polygon", "coordinates": [ [ [ -45.033353676667332, -21.329418443077095 ], [ -45.033623171252565, -21.329418443077095 ], [ -45.033623171252565, -21.329148948491856 ], [ -45.033353676667332, -21.329148948491856 ], [ -45.033353676667332, -21.329418443077095 ] ] ] } },
{ "type": "Feature", "properties": { "id_feicao": "fogo_2017_1098", "ano": 2017.0, "mes": 10, "codigo_original": 15, "classe": "Pastagem", "cor": "#edde8e", "area_ha": 0.25006692311707884 }, "geometry": { "type": "Polygon", "coordinates": [ [ [ -45.033623171252565, -21.32860995932138 ], [ -45.033892665837804, -21.328609959321387 ], [ -45.033892665837804, -21.328340464736147 ], [ -45.033353676667332, -21.328340464736147 ], [ -45.033353676667332, -21.32887945390662 ], [ -45.033623171252565, -21.328879453906627 ], [ -45.033623171252565, -21.32860995932138 ] ] ] } },
{ "type": "Feature", "properties": { "id_feicao": "fogo_2017_1099", "ano": 2017.0, "mes": 10, "codigo_original": 15, "classe": "Pastagem", "cor": "#edde8e", "area_ha": 0.16677939194086938 }, "geometry": { "type": "Polygon", "coordinates": [ [ [ -45.04116901963917, -21.267434688472843 ], [ -45.04143851422441, -21.267434688472846 ], [ -45.04143851422441, -21.266895699302378 ], [ -45.04116901963917, -21.266895699302371 ], [ -45.04116901963917, -21.267434688472843 ] ] ] } },
{ "type": "Feature", "properties": { "id_feicao": "fogo_2017_1100", "ano": 2017.0, "mes": 10, "codigo_original": 15, "classe": "Pastagem", "cor": "#edde8e", "area_ha": 0.083390527703426781 }, "geometry": { "type": "Polygon", "coordinates": [ [ [ -45.047097900514359, -21.265817720961426 ], [ -45.047367395099599, -21.265817720961422 ], [ -45.047367395099599, -21.265548226376193 ], [ -45.047097900514359, -21.265548226376197 ], [ -45.047097900514359, -21.265817720961426 ] ] ] } },
{ "type": "Feature", "properties": { "id_feicao": "fogo_2017_1101", "ano": 2017.0, "mes": 10, "codigo_original": 15, "classe": "Pastagem", "cor": "#edde8e", "area_ha": 0.083390676241684877 }, "geometry": { "type": "Polygon", "coordinates": [ [ [ -45.046828405929126, -21.265278731790961 ], [ -45.046828405929126, -21.2655482263762 ], [ -45.047097900514359, -21.265548226376197 ], [ -45.047097900514359, -21.265278731790957 ], [ -45.046828405929126, -21.265278731790961 ] ] ] } },
{ "type": "Feature", "properties": { "id_feicao": "fogo_2017_1102", "ano": 2017.0, "mes": 10, "codigo_original": 15, "classe": "Pastagem", "cor": "#edde8e", "area_ha": 1.8345948831569403 }, "geometry": { "type": "Polygon", "coordinates": [ [ [ -45.047367395099599, -21.266087215546666 ], [ -45.048714868025776, -21.266087215546662 ], [ -45.048714868025776, -21.265817720961422 ], [ -45.049792846366721, -21.265817720961422 ], [ -45.049792846366721, -21.264200753450012 ], [ -45.049523351781488, -21.264200753450019 ], [ -45.049523351781488, -21.264739742620495 ], [ -45.049253857196248, -21.264739742620495 ], [ -45.049253857196248, -21.26527873179095 ], [ -45.048984362611016, -21.265278731790957 ], [ -45.048984362611016, -21.265548226376204 ], [ -45.047636889684831, -21.265548226376193 ], [ -45.047636889684831, -21.265817720961433 ], [ -45.047367395099599, -21.265817720961422 ], [ -45.047367395099599, -21.266087215546666 ] ] ] } },
{ "type": "Feature", "properties": { "id_feicao": "fogo_2017_1103", "ano": 2017.0, "mes": 10, "codigo_original": 15, "classe": "Pastagem", "cor": "#edde8e", "area_ha": 0.083390824782382703 }, "geometry": { "type": "Polygon", "coordinates": [ [ [ -45.046558911343887, -21.265278731790964 ], [ -45.046828405929126, -21.265278731790961 ], [ -45.046828405929126, -21.265009237205721 ], [ -45.046558911343887, -21.265009237205721 ], [ -45.046558911343887, -21.265278731790964 ] ] ] } },
{ "type": "Feature", "properties": { "id_feicao": "fogo_2017_1104", "ano": 2017.0, "mes": 10, "codigo_original": 15, "classe": "Pastagem", "cor": "#edde8e", "area_ha": 0.083390973317890305 }, "geometry": { "type": "Polygon", "coordinates": [ [ [ -45.046289416758654, -21.264739742620492 ], [ -45.046289416758654, -21.265009237205724 ], [ -45.046558911343887, -21.265009237205721 ], [ -45.046558911343887, -21.264739742620492 ], [ -45.046289416758654, -21.264739742620492 ] ] ] } },
{ "type": "Feature", "properties": { "id_feicao": "fogo_2017_1105", "ano": 2017.0, "mes": 10, "codigo_original": 15, "classe": "Pastagem", "cor": "#edde8e", "area_ha": 0.16678239282313734 }, "geometry": { "type": "Polygon", "coordinates": [ [ [ -45.046019922173414, -21.264739742620488 ], [ -45.046289416758654, -21.264739742620492 ], [ -45.046289416758654, -21.264200753450012 ], [ -45.046019922173414, -21.264200753450019 ], [ -45.046019922173414, -21.264739742620488 ] ] ] } },
{ "type": "Feature", "properties": { "id_feicao": "fogo_2017_1106", "ano": 2017.0, "mes": 10, "codigo_original": 15, "classe": "Pastagem", "cor": "#edde8e", "area_ha": 0.41695734435981141 }, "geometry": { "type": "Polygon", "coordinates": [ [ [ -45.046019922173414, -21.26393125886478 ], [ -45.046289416758654, -21.263931258864783 ], [ -45.046289416758654, -21.263661764279544 ], [ -45.045480933002942, -21.263661764279544 ], [ -45.045480933002942, -21.264200753450019 ], [ -45.046019922173414, -21.264200753450019 ], [ -45.046019922173414, -21.26393125886478 ] ] ] } },
{ "type": "Feature", "properties": { "id_feicao": "fogo_2017_1107", "ano": 2017.0, "mes": 10, "codigo_original": 15, "classe": "Pastagem", "cor": "#edde8e", "area_ha": 0.83391711496922794 }, "geometry": { "type": "Polygon", "coordinates": [ [ [ -45.050870824707665, -21.264200753450016 ], [ -45.050870824707665, -21.263931258864773 ], [ -45.051140319292905, -21.263931258864773 ], [ -45.051140319292905, -21.262853280523832 ], [ -45.050601330122433, -21.262853280523832 ], [ -45.050601330122433, -21.263392269694307 ], [ -45.050870824707665, -21.263392269694304 ], [ -45.050870824707665, -21.263661764279544 ], [ -45.050601330122433, -21.263661764279536 ], [ -45.050601330122433, -21.263931258864773 ], [ -45.05006234095196, -21.263931258864769 ], [ -45.05006234095196, -21.264200753450019 ], [ -45.050870824707665, -21.264200753450016 ] ] ] } },
{ "type": "Feature", "properties": { "id_feicao": "fogo_2017_1108", "ano": 2017.0, "mes": 10, "codigo_original": 15, "classe": "Pastagem", "cor": "#edde8e", "area_ha": 0.16678358224835246 }, "geometry": { "type": "Polygon", "coordinates": [ [ [ -45.045211438417709, -21.26366176427954 ], [ -45.045480933002942, -21.263661764279544 ], [ -45.045480933002942, -21.263122775109078 ], [ -45.045211438417709, -21.263122775109078 ], [ -45.045211438417709, -21.26366176427954 ] ] ] } },
{ "type": "Feature", "properties": { "id_feicao": "fogo_2017_1109", "ano": 2017.0, "mes": 10, "codigo_original": 15, "classe": "Pastagem", "cor": "#edde8e", "area_ha": 0.75053032081583515 }, "geometry": { "type": "Polygon", "coordinates": [ [ [ -45.042246997980115, -21.262314291353373 ], [ -45.042516492565348, -21.262314291353366 ], [ -45.042516492565348, -21.263122775109078 ], [ -45.042785987150587, -21.263122775109078 ], [ -45.042785987150587, -21.262583785938599 ], [ -45.04332497632106, -21.262583785938606 ], [ -45.04332497632106, -21.26204479676813 ], [ -45.042246997980115, -21.262044796768137 ], [ -45.042246997980115, -21.262314291353373 ] ] ] } },
{ "type": "Feature", "properties": { "id_feicao": "fogo_2017_1110", "ano": 2017.0, "mes": 10, "codigo_original": 15, "classe": "Pastagem", "cor": "#edde8e", "area_ha": 0.58374743321202693 }, "geometry": { "type": "Polygon", "coordinates": [ [ [ -45.044402954662004, -21.261505807597654 ], [ -45.044133460076765, -21.261505807597658 ], [ -45.044133460076765, -21.262044796768127 ], [ -45.043594470906292, -21.262044796768134 ], [ -45.043594470906292, -21.26231429135337 ], [ -45.044133460076765, -21.262314291353363 ], [ -45.044133460076765, -21.262583785938599 ], [ -45.044672449247237, -21.262583785938599 ], [ -45.044672449247237, -21.262314291353373 ], [ -45.044402954662004, -21.26231429135337 ], [ -45.044402954662004, -21.261505807597654 ] ] ] } },
{ "type": "Feature", "properties": { "id_feicao": "fogo_2017_1111", "ano": 2017.0, "mes": 10, "codigo_original": 15, "classe": "Pastagem", "cor": "#edde8e", "area_ha": 2.001497462670641 }, "geometry": { "type": "Polygon", "coordinates": [ [ [ -45.042516492565348, -21.255846421307709 ], [ -45.042516492565348, -21.255576926722476 ], [ -45.04116901963917, -21.255576926722473 ], [ -45.04116901963917, -21.256385410478178 ], [ -45.04143851422441, -21.256385410478174 ], [ -45.04143851422441, -21.25665490506341 ], [ -45.041708008809643, -21.25665490506341 ], [ -45.041708008809643, -21.256924399648643 ], [ -45.042516492565348, -21.256924399648643 ], [ -45.042516492565348, -21.256654905063414 ], [ -45.042785987150587, -21.256654905063407 ], [ -45.042785987150587, -21.255846421307698 ], [ -45.042516492565348, -21.255846421307709 ] ], [ [ -45.041708008809643, -21.256385410478185 ], [ -45.041977503394882, -21.256385410478167 ], [ -45.041977503394882, -21.256654905063414 ], [ -45.041708008809643, -21.25665490506341 ], [ -45.041708008809643, -21.256385410478185 ] ] ] } },
{ "type": "Feature", "properties": { "id_feicao": "fogo_2017_1112", "ano": 2017.0, "mes": 10, "codigo_original": 15, "classe": "Pastagem", "cor": "#edde8e", "area_ha": 17.262975554197748 }, "geometry": { "type": "Polygon", "coordinates": [ [ [ -45.047097900514359, -21.256385410478163 ], [ -45.046558911343887, -21.256385410478178 ], [ -45.046558911343887, -21.256115915892941 ], [ -45.046019922173414, -21.256115915892931 ], [ -45.046019922173414, -21.255846421307698 ], [ -45.045480933002942, -21.255846421307702 ], [ -45.045480933002942, -21.255576926722469 ], [ -45.044941943832477, -21.255576926722473 ], [ -45.044941943832477, -21.255037937552004 ], [ -45.044402954662004, -21.255037937551997 ], [ -45.044402954662004, -21.255576926722476 ], [ -45.044672449247237, -21.255576926722476 ], [ -45.044672449247237, -21.255846421307709 ], [ -45.044133460076765, -21.255846421307712 ], [ -45.044133460076765, -21.255307432137243 ], [ -45.043594470906292, -21.255307432137233 ], [ -45.043594470906292, -21.255846421307702 ], [ -45.04332497632106, -21.255846421307705 ], [ -45.04332497632106, -21.257463388819119 ], [ -45.044133460076765, -21.257463388819115 ], [ -45.044133460076765, -21.257193894233883 ], [ -45.044402954662004, -21.25719389423389 ], [ -45.044402954662004, -21.25692439964865 ], [ -45.044672449247237, -21.256924399648639 ], [ -45.044672449247237, -21.25638541047817 ], [ -45.045480933002942, -21.256385410478174 ], [ -45.045480933002942, -21.256654905063414 ], [ -45.046019922173414, -21.256654905063407 ], [ -45.046019922173414, -21.256924399648643 ], [ -45.047097900514359, -21.25692439964865 ], [ -45.047097900514359, -21.25719389423389 ], [ -45.047367395099599, -21.257193894233883 ], [ -45.047367395099599, -21.25638541047817 ], [ -45.049523351781488, -21.256385410478174 ], [ -45.049523351781488, -21.256654905063414 ], [ -45.049792846366721, -21.256654905063417 ], [ -45.049792846366721, -21.257193894233886 ], [ -45.05006234095196, -21.257193894233883 ], [ -45.05006234095196, -21.25692439964865 ], [ -45.051140319292905, -21.25692439964865 ], [ -45.051140319292905, -21.256654905063407 ], [ -45.051679308463378, -21.256654905063417 ], [ -45.051679308463378, -21.256385410478167 ], [ -45.051948803048603, -21.25638541047817 ], [ -45.051948803048603, -21.256115915892941 ], [ -45.052487792219075, -21.256115915892938 ], [ -45.052487792219075, -21.255846421307705 ], [ -45.05221829763385, -21.255846421307705 ], [ -45.05221829763385, -21.255576926722476 ], [ -45.050601330122433, -21.255576926722476 ], [ -45.050601330122433, -21.255307432137233 ], [ -45.050331835537193, -21.255307432137233 ], [ -45.050331835537193, -21.255037937552 ], [ -45.049792846366721, -21.255037937552004 ], [ -45.049792846366721, -21.254768442966764 ], [ -45.049253857196248, -21.254768442966757 ], [ -45.049253857196248, -21.254498948381531 ], [ -45.048445373440543, -21.254498948381531 ], [ -45.048445373440543, -21.254229453796285 ], [ -45.048175878855304, -21.254229453796292 ], [ -45.048175878855304, -21.253959959211048 ], [ -45.046289416758654, -21.253959959211059 ], [ -45.046289416758654, -21.25476844296676 ], [ -45.046558911343887, -21.254768442966764 ], [ -45.046558911343887, -21.255037937552 ], [ -45.046289416758654, -21.255037937552004 ], [ -45.046289416758654, -21.255846421307712 ], [ -45.046828405929126, -21.255846421307702 ], [ -45.046828405929126, -21.256115915892931 ], [ -45.047097900514359, -21.256115915892948 ], [ -45.047097900514359, -21.256385410478163 ] ] ] } },
{ "type": "Feature", "properties": { "id_feicao": "fogo_2017_1113", "ano": 2017.0, "mes": 10, "codigo_original": 15, "classe": "Pastagem", "cor": "#edde8e", "area_ha": 0.083396035108342773 }, "geometry": { "type": "Polygon", "coordinates": [ [ [ -45.04305548173582, -21.255846421307702 ], [ -45.04332497632106, -21.255846421307705 ], [ -45.04332497632106, -21.255576926722465 ], [ -45.04305548173582, -21.255576926722465 ], [ -45.04305548173582, -21.255846421307702 ] ] ] } },
{ "type": "Feature", "properties": { "id_feicao": "fogo_2017_1114", "ano": 2017.0, "mes": 10, "codigo_original": 15, "classe": "Pastagem", "cor": "#edde8e", "area_ha": 0.33358737479488104 }, "geometry": { "type": "Polygon", "coordinates": [ [ [ -45.044133460076765, -21.254229453796292 ], [ -45.044133460076765, -21.254498948381531 ], [ -45.044402954662004, -21.254498948381528 ], [ -45.044402954662004, -21.253959959211052 ], [ -45.043594470906292, -21.253959959211056 ], [ -45.043594470906292, -21.254229453796295 ], [ -45.044133460076765, -21.254229453796292 ] ] ] } },
{ "type": "Feature", "properties": { "id_feicao": "fogo_2017_1115", "ano": 2017.0, "mes": 10, "codigo_original": 15, "classe": "Pastagem", "cor": "#edde8e", "area_ha": 0.08341335125295446 }, "geometry": { "type": "Polygon", "coordinates": [ [ [ -45.060572629776154, -21.224585049420348 ], [ -45.060842124361386, -21.224585049420348 ], [ -45.060842124361386, -21.224315554835112 ], [ -45.060572629776154, -21.224315554835108 ], [ -45.060572629776154, -21.224585049420348 ] ] ] } },
{ "type": "Feature", "properties": { "id_feicao": "fogo_2017_1116", "ano": 2017.0, "mes": 10, "codigo_original": 15, "classe": "Pastagem", "cor": "#edde8e", "area_ha": 0.083413499352801596 }, "geometry": { "type": "Polygon", "coordinates": [ [ [ -45.060303135190914, -21.224315554835112 ], [ -45.060572629776154, -21.224315554835108 ], [ -45.060572629776154, -21.224046060249872 ], [ -45.060303135190914, -21.224046060249872 ], [ -45.060303135190914, -21.224315554835112 ] ] ] } },
{ "type": "Feature", "properties": { "id_feicao": "fogo_2017_1117", "ano": 2017.0, "mes": 10, "codigo_original": 15, "classe": "Pastagem", "cor": "#edde8e", "area_ha": 0.083414239859674125 }, "geometry": { "type": "Polygon", "coordinates": [ [ [ -45.058955662264736, -21.222968081908931 ], [ -45.059225156849976, -21.222968081908927 ], [ -45.059225156849976, -21.222698587323688 ], [ -45.058955662264736, -21.222698587323691 ], [ -45.058955662264736, -21.222968081908931 ] ] ] } },
{ "type": "Feature", "properties": { "id_feicao": "fogo_2017_1118", "ano": 2017.0, "mes": 10, "codigo_original": 15, "classe": "Pastagem", "cor": "#edde8e", "area_ha": 2.1687794687611981 }, "geometry": { "type": "Polygon", "coordinates": [ [ [ -45.058955662264736, -21.222429092738462 ], [ -45.059225156849976, -21.222429092738459 ], [ -45.059225156849976, -21.222698587323688 ], [ -45.059764146020449, -21.222698587323691 ], [ -45.059764146020449, -21.222429092738455 ], [ -45.060303135190914, -21.222429092738455 ], [ -45.060303135190914, -21.221890103567993 ], [ -45.059764146020449, -21.221890103567993 ], [ -45.059764146020449, -21.222159598153215 ], [ -45.059494651435209, -21.222159598153219 ], [ -45.059494651435209, -21.221351114397518 ], [ -45.059225156849976, -21.221351114397518 ], [ -45.059225156849976, -21.221890103567986 ], [ -45.058686167679504, -21.221890103567986 ], [ -45.058686167679504, -21.221620608982757 ], [ -45.057877683923792, -21.221620608982757 ], [ -45.057877683923792, -21.222968081908927 ], [ -45.058416673094264, -21.222968081908927 ], [ -45.058416673094264, -21.222159598153223 ], [ -45.058955662264736, -21.222159598153223 ], [ -45.058955662264736, -21.222429092738462 ] ] ] } },
{ "type": "Feature", "properties": { "id_feicao": "fogo_2017_1119", "ano": 2017.0, "mes": 10, "codigo_original": 15, "classe": "Pastagem", "cor": "#edde8e", "area_ha": 0.16683041419908404 }, "geometry": { "type": "Polygon", "coordinates": [ [ [ -45.058955662264736, -21.221351114397514 ], [ -45.059225156849976, -21.221351114397518 ], [ -45.059225156849976, -21.220812125227049 ], [ -45.058955662264736, -21.220812125227042 ], [ -45.058955662264736, -21.221351114397514 ] ] ] } },
{ "type": "Feature", "properties": { "id_feicao": "fogo_2017_1120", "ano": 2017.0, "mes": 10, "codigo_original": 15, "classe": "Pastagem", "cor": "#edde8e", "area_ha": 0.75077607792057099 }, "geometry": { "type": "Polygon", "coordinates": [ [ [ -45.039282557542521, -21.21272728766996 ], [ -45.038743568372048, -21.212727287669964 ], [ -45.038743568372048, -21.213266276840443 ], [ -45.039282557542521, -21.213266276840447 ], [ -45.039282557542521, -21.213535771425676 ], [ -45.040360535883465, -21.213535771425676 ], [ -45.040360535883465, -21.213266276840436 ], [ -45.039552052127753, -21.213266276840432 ], [ -45.039552052127753, -21.212996782255207 ], [ -45.039282557542521, -21.21299678225521 ], [ -45.039282557542521, -21.21272728766996 ] ] ] } },
{ "type": "Feature", "properties": { "id_feicao": "fogo_2017_1121", "ano": 2017.0, "mes": 10, "codigo_original": 15, "classe": "Pastagem", "cor": "#edde8e", "area_ha": 0.083420147376143922 }, "geometry": { "type": "Polygon", "coordinates": [ [ [ -45.039013062957281, -21.211918803914259 ], [ -45.039013062957281, -21.212188298499491 ], [ -45.039282557542521, -21.212188298499495 ], [ -45.039282557542521, -21.211918803914259 ], [ -45.039013062957281, -21.211918803914259 ] ] ] } },
{ "type": "Feature", "properties": { "id_feicao": "fogo_2017_1122", "ano": 2017.0, "mes": 10, "codigo_original": 15, "classe": "Pastagem", "cor": "#edde8e", "area_ha": 0.16684059555297717 }, "geometry": { "type": "Polygon", "coordinates": [ [ [ -45.039821546712993, -21.211918803914269 ], [ -45.040360535883465, -21.211918803914269 ], [ -45.040360535883465, -21.211649309329019 ], [ -45.039821546712993, -21.211649309329019 ], [ -45.039821546712993, -21.211918803914269 ] ] ] } },
{ "type": "Feature", "properties": { "id_feicao": "fogo_2017_1123", "ano": 2017.0, "mes": 10, "codigo_original": 15, "classe": "Pastagem", "cor": "#edde8e", "area_ha": 0.083421443838439885 }, "geometry": { "type": "Polygon", "coordinates": [ [ [ -45.079437250742671, -21.210032341817612 ], [ -45.079706745327897, -21.210032341817609 ], [ -45.079706745327897, -21.20976284723238 ], [ -45.079437250742671, -21.209762847232369 ], [ -45.079437250742671, -21.210032341817612 ] ] ] } },
{ "type": "Feature", "properties": { "id_feicao": "fogo_2017_1124", "ano": 2017.0, "mes": 10, "codigo_original": 15, "classe": "Pastagem", "cor": "#edde8e", "area_ha": 0.25026811194606124 }, "geometry": { "type": "Polygon", "coordinates": [ [ [ -45.078898261572199, -21.207876385135723 ], [ -45.079437250742671, -21.207876385135727 ], [ -45.079437250742671, -21.207337395965251 ], [ -45.079167756157425, -21.207337395965251 ], [ -45.079167756157425, -21.207606890550483 ], [ -45.078898261572199, -21.207606890550487 ], [ -45.078898261572199, -21.207876385135723 ] ] ] } },
{ "type": "Feature", "properties": { "id_feicao": "fogo_2017_1125", "ano": 2017.0, "mes": 10, "codigo_original": 15, "classe": "Pastagem", "cor": "#edde8e", "area_ha": 0.4171146533849649 }, "geometry": { "type": "Polygon", "coordinates": [ [ [ -45.075125337378893, -21.206798406794782 ], [ -45.07458634820842, -21.206798406794778 ], [ -45.07458634820842, -21.207067901380015 ], [ -45.074316853623181, -21.207067901380018 ], [ -45.074316853623181, -21.207606890550476 ], [ -45.07458634820842, -21.207606890550487 ], [ -45.07458634820842, -21.207337395965251 ], [ -45.074855842793653, -21.207337395965258 ], [ -45.074855842793653, -21.207067901380018 ], [ -45.075125337378893, -21.207067901380015 ], [ -45.075125337378893, -21.206798406794782 ] ] ] } },
{ "type": "Feature", "properties": { "id_feicao": "fogo_2017_1126", "ano": 2017.0, "mes": 10, "codigo_original": 15, "classe": "Pastagem", "cor": "#edde8e", "area_ha": 0.08342322840932756 }, "geometry": { "type": "Polygon", "coordinates": [ [ [ -45.079437250742671, -21.206798406794785 ], [ -45.079706745327897, -21.206798406794778 ], [ -45.079706745327897, -21.206528912209546 ], [ -45.079437250742671, -21.206528912209546 ], [ -45.079437250742671, -21.206798406794785 ] ] ] } },
{ "type": "Feature", "properties": { "id_feicao": "fogo_2017_1127", "ano": 2017.0, "mes": 10, "codigo_original": 15, "classe": "Pastagem", "cor": "#edde8e", "area_ha": 1.5016218321578576 }, "geometry": { "type": "Polygon", "coordinates": [ [ [ -45.078359272401727, -21.206528912209549 ], [ -45.078898261572199, -21.206528912209546 ], [ -45.078898261572199, -21.206798406794782 ], [ -45.078628766986952, -21.206798406794785 ], [ -45.078628766986952, -21.207606890550487 ], [ -45.078898261572199, -21.207606890550487 ], [ -45.078898261572199, -21.207067901380011 ], [ -45.079167756157425, -21.207067901380022 ], [ -45.079167756157425, -21.205450933868605 ], [ -45.078898261572199, -21.205450933868605 ], [ -45.078898261572199, -21.205720428453837 ], [ -45.078359272401727, -21.205720428453834 ], [ -45.078359272401727, -21.205450933868605 ], [ -45.078089777816487, -21.205450933868605 ], [ -45.078089777816487, -21.205720428453841 ], [ -45.077820283231254, -21.205720428453841 ], [ -45.077820283231254, -21.205989923039077 ], [ -45.078359272401727, -21.205989923039073 ], [ -45.078359272401727, -21.206528912209549 ] ] ] } },
{ "type": "Feature", "properties": { "id_feicao": "fogo_2017_1128", "ano": 2017.0, "mes": 10, "codigo_original": 15, "classe": "Pastagem", "cor": "#edde8e", "area_ha": 0.16684657585509455 }, "geometry": { "type": "Polygon", "coordinates": [ [ [ -45.075125337378893, -21.206259417624313 ], [ -45.075125337378893, -21.206798406794782 ], [ -45.075394831964125, -21.206798406794782 ], [ -45.075394831964125, -21.206259417624313 ], [ -45.075125337378893, -21.206259417624313 ] ] ] } },
{ "type": "Feature", "properties": { "id_feicao": "fogo_2017_1129", "ano": 2017.0, "mes": 10, "codigo_original": 15, "classe": "Pastagem", "cor": "#edde8e", "area_ha": 0.16684686789158731 }, "geometry": { "type": "Polygon", "coordinates": [ [ [ -45.074316853623181, -21.206528912209549 ], [ -45.07458634820842, -21.206528912209549 ], [ -45.07458634820842, -21.205989923039073 ], [ -45.074316853623181, -21.20598992303907 ], [ -45.074316853623181, -21.206528912209549 ] ] ] } },
{ "type": "Feature", "properties": { "id_feicao": "fogo_2017_1130", "ano": 2017.0, "mes": 10, "codigo_original": 15, "classe": "Pastagem", "cor": "#edde8e", "area_ha": 0.41711757534313948 }, "geometry": { "type": "Polygon", "coordinates": [ [ [ -45.076203315719837, -21.205989923039073 ], [ -45.07647281030507, -21.205989923039077 ], [ -45.07647281030507, -21.206259417624313 ], [ -45.07674230489031, -21.206259417624313 ], [ -45.07674230489031, -21.205989923039077 ], [ -45.077281294060782, -21.20598992303907 ], [ -45.077281294060782, -21.205720428453837 ], [ -45.076203315719837, -21.205720428453837 ], [ -45.076203315719837, -21.205989923039073 ] ] ] } },
{ "type": "Feature", "properties": { "id_feicao": "fogo_2017_1131", "ano": 2017.0, "mes": 10, "codigo_original": 15, "classe": "Pastagem", "cor": "#edde8e", "area_ha": 0.083423656101711097 }, "geometry": { "type": "Polygon", "coordinates": [ [ [ -45.074047359037948, -21.205989923039077 ], [ -45.074316853623181, -21.20598992303907 ], [ -45.074316853623181, -21.205720428453837 ], [ -45.074047359037948, -21.205720428453834 ], [ -45.074047359037948, -21.205989923039077 ] ] ] } },
{ "type": "Feature", "properties": { "id_feicao": "fogo_2017_1132", "ano": 2017.0, "mes": 10, "codigo_original": 15, "classe": "Pastagem", "cor": "#edde8e", "area_ha": 0.083424109395872803 }, "geometry": { "type": "Polygon", "coordinates": [ [ [ -45.076203315719837, -21.205181439283361 ], [ -45.07647281030507, -21.205181439283361 ], [ -45.07647281030507, -21.204911944698129 ], [ -45.076203315719837, -21.204911944698132 ], [ -45.076203315719837, -21.205181439283361 ] ] ] } },
{ "type": "Feature", "properties": { "id_feicao": "fogo_2017_1133", "ano": 2017.0, "mes": 10, "codigo_original": 15, "classe": "Pastagem", "cor": "#edde8e", "area_ha": 0.083424105761945241 }, "geometry": { "type": "Polygon", "coordinates": [ [ [ -45.075125337378893, -21.205181439283358 ], [ -45.075394831964125, -21.205181439283361 ], [ -45.075394831964125, -21.204911944698132 ], [ -45.075125337378893, -21.204911944698132 ], [ -45.075125337378893, -21.205181439283358 ] ] ] } },
{ "type": "Feature", "properties": { "id_feicao": "fogo_2017_1134", "ano": 2017.0, "mes": 10, "codigo_original": 15, "classe": "Pastagem", "cor": "#edde8e", "area_ha": 0.083424415135383609 }, "geometry": { "type": "Polygon", "coordinates": [ [ [ -45.078628766986952, -21.204642450112896 ], [ -45.078898261572199, -21.204642450112893 ], [ -45.078898261572199, -21.204372955527663 ], [ -45.078628766986952, -21.204372955527667 ], [ -45.078628766986952, -21.204642450112896 ] ] ] } },
{ "type": "Feature", "properties": { "id_feicao": "fogo_2017_1135", "ano": 2017.0, "mes": 10, "codigo_original": 15, "classe": "Pastagem", "cor": "#edde8e", "area_ha": 0.083424562881770595 }, "geometry": { "type": "Polygon", "coordinates": [ [ [ -45.078359272401727, -21.204103460942427 ], [ -45.078359272401727, -21.204372955527667 ], [ -45.078628766986952, -21.204372955527667 ], [ -45.078628766986952, -21.204103460942424 ], [ -45.078359272401727, -21.204103460942427 ] ] ] } },
{ "type": "Feature", "properties": { "id_feicao": "fogo_2017_1136", "ano": 2017.0, "mes": 10, "codigo_original": 15, "classe": "Pastagem", "cor": "#edde8e", "area_ha": 0.66739647690523418 }, "geometry": { "type": "Polygon", "coordinates": [ [ [ -45.078089777816487, -21.204103460942427 ], [ -45.077820283231254, -21.204103460942431 ], [ -45.077820283231254, -21.203833966357184 ], [ -45.077281294060782, -21.203833966357188 ], [ -45.077281294060782, -21.204103460942424 ], [ -45.077011799475542, -21.204103460942424 ], [ -45.077011799475542, -21.20437295552766 ], [ -45.077281294060782, -21.20437295552766 ], [ -45.077281294060782, -21.204642450112896 ], [ -45.077820283231254, -21.204642450112893 ], [ -45.077820283231254, -21.204372955527663 ], [ -45.078089777816487, -21.204372955527667 ], [ -45.078089777816487, -21.204103460942427 ] ] ] } },
{ "type": "Feature", "properties": { "id_feicao": "fogo_2017_1137", "ano": 2017.0, "mes": 10, "codigo_original": 15, "classe": "Pastagem", "cor": "#edde8e", "area_ha": 0.7508225901335478 }, "geometry": { "type": "Polygon", "coordinates": [ [ [ -45.078898261572199, -21.204103460942424 ], [ -45.079167756157425, -21.204103460942427 ], [ -45.079167756157425, -21.204372955527663 ], [ -45.080515229083616, -21.20437295552766 ], [ -45.080515229083616, -21.204103460942431 ], [ -45.079437250742671, -21.204103460942427 ], [ -45.079437250742671, -21.203564471771951 ], [ -45.078898261572199, -21.203564471771955 ], [ -45.078898261572199, -21.204103460942424 ] ] ] } },
{ "type": "Feature", "properties": { "id_feicao": "fogo_2017_1138", "ano": 2017.0, "mes": 10, "codigo_original": 15, "classe": "Pastagem", "cor": "#edde8e", "area_ha": 0.083424704151414342 }, "geometry": { "type": "Polygon", "coordinates": [ [ [ -45.076203315719837, -21.20410346094242 ], [ -45.07647281030507, -21.204103460942424 ], [ -45.07647281030507, -21.203833966357191 ], [ -45.076203315719837, -21.20383396635718 ], [ -45.076203315719837, -21.20410346094242 ] ] ] } },
{ "type": "Feature", "properties": { "id_feicao": "fogo_2017_1139", "ano": 2017.0, "mes": 10, "codigo_original": 15, "classe": "Pastagem", "cor": "#edde8e", "area_ha": 5.0055108162337918 }, "geometry": { "type": "Polygon", "coordinates": [ [ [ -45.073777864452708, -21.203025482601483 ], [ -45.074047359037948, -21.203025482601479 ], [ -45.074047359037948, -21.202755988016239 ], [ -45.074316853623181, -21.202755988016239 ], [ -45.074316853623181, -21.203564471771944 ], [ -45.074047359037948, -21.203564471771951 ], [ -45.074047359037948, -21.203833966357188 ], [ -45.073777864452708, -21.20383396635718 ], [ -45.073777864452708, -21.20437295552766 ], [ -45.07458634820842, -21.20437295552766 ], [ -45.07458634820842, -21.204103460942427 ], [ -45.074855842793653, -21.204103460942431 ], [ -45.074855842793653, -21.204372955527663 ], [ -45.075125337378893, -21.20437295552766 ], [ -45.075125337378893, -21.204103460942431 ], [ -45.075394831964125, -21.204103460942424 ], [ -45.075394831964125, -21.203833966357184 ], [ -45.076203315719837, -21.20383396635718 ], [ -45.076203315719837, -21.203294977186712 ], [ -45.07647281030507, -21.203294977186712 ], [ -45.07647281030507, -21.202486493431007 ], [ -45.075933821134598, -21.20248649343101 ], [ -45.075933821134598, -21.202216998845767 ], [ -45.077011799475542, -21.202216998845774 ], [ -45.077011799475542, -21.201678009675298 ], [ -45.07674230489031, -21.201678009675298 ], [ -45.07674230489031, -21.201947504260538 ], [ -45.075933821134598, -21.201947504260541 ], [ -45.075933821134598, -21.201408515090069 ], [ -45.075664326549365, -21.201408515090062 ], [ -45.075664326549365, -21.20221699884577 ], [ -45.075394831964125, -21.202216998845774 ], [ -45.075394831964125, -21.20248649343101 ], [ -45.075125337378893, -21.202486493431007 ], [ -45.075125337378893, -21.202755988016246 ], [ -45.07458634820842, -21.202755988016243 ], [ -45.07458634820842, -21.202486493431007 ], [ -45.073777864452708, -21.20248649343101 ], [ -45.073777864452708, -21.203025482601483 ] ] ] } },
{ "type": "Feature", "properties": { "id_feicao": "fogo_2017_1140", "ano": 2017.0, "mes": 10, "codigo_original": 15, "classe": "Pastagem", "cor": "#edde8e", "area_ha": 0.083425424875505264 }, "geometry": { "type": "Polygon", "coordinates": [ [ [ -45.069196456503697, -21.202755988016243 ], [ -45.069465951088937, -21.202755988016239 ], [ -45.069465951088937, -21.202486493431003 ], [ -45.069196456503697, -21.202486493431014 ], [ -45.069196456503697, -21.202755988016243 ] ] ] } },
{ "type": "Feature", "properties": { "id_feicao": "fogo_2017_1141", "ano": 2017.0, "mes": 10, "codigo_original": 15, "classe": "Pastagem", "cor": "#edde8e", "area_ha": 1.084534730236046 }, "geometry": { "type": "Polygon", "coordinates": [ [ [ -45.068926961918464, -21.201408515090062 ], [ -45.068387972747992, -21.201408515090062 ], [ -45.068387972747992, -21.201678009675298 ], [ -45.06784898357752, -21.201678009675298 ], [ -45.06784898357752, -21.20248649343101 ], [ -45.068387972747992, -21.20248649343101 ], [ -45.068387972747992, -21.202755988016232 ], [ -45.068657467333232, -21.202755988016243 ], [ -45.068657467333232, -21.201947504260538 ], [ -45.068926961918464, -21.201947504260534 ], [ -45.068926961918464, -21.201408515090062 ] ] ] } },
{ "type": "Feature", "properties": { "id_feicao": "fogo_2017_1142", "ano": 2017.0, "mes": 10, "codigo_original": 15, "classe": "Pastagem", "cor": "#edde8e", "area_ha": 2.5027746298589411 }, "geometry": { "type": "Polygon", "coordinates": [ [ [ -45.072430391526531, -21.202755988016243 ], [ -45.072430391526531, -21.20248649343101 ], [ -45.072969380697003, -21.202486493431014 ], [ -45.072969380697003, -21.200869525919593 ], [ -45.072699886111764, -21.20086952591959 ], [ -45.072699886111764, -21.201139020504826 ], [ -45.071891402356059, -21.201139020504829 ], [ -45.071891402356059, -21.201678009675298 ], [ -45.071621907770826, -21.201678009675295 ], [ -45.071621907770826, -21.201947504260534 ], [ -45.071352413185586, -21.201947504260534 ], [ -45.071352413185586, -21.202755988016243 ], [ -45.072430391526531, -21.202755988016243 ] ] ] } },
{ "type": "Feature", "properties": { "id_feicao": "fogo_2017_1143", "ano": 2017.0, "mes": 10, "codigo_original": 15, "classe": "Pastagem", "cor": "#edde8e", "area_ha": 0.91769229897791516 }, "geometry": { "type": "Polygon", "coordinates": [ [ [ -45.077281294060782, -21.20086952591959 ], [ -45.077550788646015, -21.20086952591959 ], [ -45.077550788646015, -21.200330536749117 ], [ -45.077011799475542, -21.200330536749124 ], [ -45.077011799475542, -21.200600031334353 ], [ -45.07647281030507, -21.200600031334353 ], [ -45.07647281030507, -21.200330536749117 ], [ -45.075933821134598, -21.200330536749117 ], [ -45.075933821134598, -21.20086952591959 ], [ -45.077011799475542, -21.200869525919593 ], [ -45.077011799475542, -21.201139020504826 ], [ -45.077281294060782, -21.201139020504829 ], [ -45.077281294060782, -21.20086952591959 ] ] ] } },
{ "type": "Feature", "properties": { "id_feicao": "fogo_2017_1144", "ano": 2017.0, "mes": 10, "codigo_original": 15, "classe": "Pastagem", "cor": "#edde8e", "area_ha": 0.16685328770186753 }, "geometry": { "type": "Polygon", "coordinates": [ [ [ -45.078089777816487, -21.200600031334357 ], [ -45.078628766986952, -21.200600031334357 ], [ -45.078628766986952, -21.200330536749121 ], [ -45.078089777816487, -21.200330536749124 ], [ -45.078089777816487, -21.200600031334357 ] ] ] } },
{ "type": "Feature", "properties": { "id_feicao": "fogo_2017_1145", "ano": 2017.0, "mes": 10, "codigo_original": 15, "classe": "Pastagem", "cor": "#edde8e", "area_ha": 0.083427212202921514 }, "geometry": { "type": "Polygon", "coordinates": [ [ [ -45.070274434844642, -21.199522052993419 ], [ -45.070543929429881, -21.199522052993409 ], [ -45.070543929429881, -21.19925255840818 ], [ -45.070274434844642, -21.199252558408176 ], [ -45.070274434844642, -21.199522052993419 ] ] ] } },
{ "type": "Feature", "properties": { "id_feicao": "fogo_2017_1146", "ano": 2017.0, "mes": 10, "codigo_original": 15, "classe": "Pastagem", "cor": "#edde8e", "area_ha": 0.083427683965675528 }, "geometry": { "type": "Polygon", "coordinates": [ [ [ -45.078089777816487, -21.198713569237704 ], [ -45.078359272401727, -21.1987135692377 ], [ -45.078359272401727, -21.198444074652475 ], [ -45.078089777816487, -21.198444074652475 ], [ -45.078089777816487, -21.198713569237704 ] ] ] } },
{ "type": "Feature", "properties": { "id_feicao": "fogo_2017_1147", "ano": 2017.0, "mes": 10, "codigo_original": 15, "classe": "Pastagem", "cor": "#edde8e", "area_ha": 2.5862816882479938 }, "geometry": { "type": "Polygon", "coordinates": [ [ [ -45.079167756157425, -21.198444074652464 ], [ -45.079437250742671, -21.198444074652478 ], [ -45.079437250742671, -21.198174580067228 ], [ -45.079706745327897, -21.198174580067235 ], [ -45.079706745327897, -21.197366096311526 ], [ -45.080515229083616, -21.197366096311519 ], [ -45.080515229083616, -21.197096601726283 ], [ -45.081054218254089, -21.197096601726287 ], [ -45.081054218254089, -21.196557612555811 ], [ -45.080515229083616, -21.196557612555814 ], [ -45.080515229083616, -21.196827107141051 ], [ -45.079167756157425, -21.196827107141054 ], [ -45.079167756157425, -21.196557612555818 ], [ -45.078898261572199, -21.196557612555818 ], [ -45.078898261572199, -21.196288117970582 ], [ -45.078089777816487, -21.196288117970575 ], [ -45.078089777816487, -21.196557612555811 ], [ -45.078359272401727, -21.196557612555814 ], [ -45.078359272401727, -21.196827107141051 ], [ -45.078628766986952, -21.196827107141061 ], [ -45.078628766986952, -21.197096601726283 ], [ -45.078898261572199, -21.197096601726287 ], [ -45.078898261572199, -21.197635590896763 ], [ -45.079167756157425, -21.197635590896759 ], [ -45.079167756157425, -21.198444074652464 ] ] ] } },
{ "type": "Feature", "properties": { "id_feicao": "fogo_2017_1148", "ano": 2017.0, "mes": 10, "codigo_original": 15, "classe": "Pastagem", "cor": "#edde8e", "area_ha": 0.083429769590497013 }, "geometry": { "type": "Polygon", "coordinates": [ [ [ -45.079437250742671, -21.194940645044397 ], [ -45.079706745327897, -21.194940645044394 ], [ -45.079706745327897, -21.194671150459165 ], [ -45.079437250742671, -21.194671150459172 ], [ -45.079437250742671, -21.194940645044397 ] ] ] } },
{ "type": "Feature", "properties": { "id_feicao": "fogo_2017_1149", "ano": 2017.0, "mes": 10, "codigo_original": 15, "classe": "Pastagem", "cor": "#edde8e", "area_ha": 0.083429764870959391 }, "geometry": { "type": "Polygon", "coordinates": [ [ [ -45.078089777816487, -21.194671150459161 ], [ -45.078089777816487, -21.194940645044401 ], [ -45.078359272401727, -21.194940645044401 ], [ -45.078359272401727, -21.194671150459172 ], [ -45.078089777816487, -21.194671150459161 ] ] ] } },
{ "type": "Feature", "properties": { "id_feicao": "fogo_2017_1150", "ano": 2017.0, "mes": 10, "codigo_original": 15, "classe": "Pastagem", "cor": "#edde8e", "area_ha": 4.4218149290805684 }, "geometry": { "type": "Polygon", "coordinates": [ [ [ -45.078089777816487, -21.194132161288696 ], [ -45.078628766986952, -21.194132161288692 ], [ -45.078628766986952, -21.193862666703467 ], [ -45.079167756157425, -21.193862666703467 ], [ -45.079167756157425, -21.193323677532987 ], [ -45.079437250742671, -21.193323677532991 ], [ -45.079437250742671, -21.193054182947758 ], [ -45.079706745327897, -21.193054182947744 ], [ -45.079706745327897, -21.193593172118227 ], [ -45.079976239913144, -21.193593172118224 ], [ -45.079976239913144, -21.193862666703456 ], [ -45.080515229083616, -21.19386266670346 ], [ -45.080515229083616, -21.194132161288692 ], [ -45.080784723668842, -21.194132161288696 ], [ -45.080784723668842, -21.193323677532987 ], [ -45.079976239913144, -21.193323677532991 ], [ -45.079976239913144, -21.192515193777286 ], [ -45.079437250742671, -21.192515193777279 ], [ -45.079437250742671, -21.192245699192043 ], [ -45.079167756157425, -21.192245699192046 ], [ -45.079167756157425, -21.192784688362515 ], [ -45.077820283231254, -21.192784688362512 ], [ -45.077820283231254, -21.193054182947748 ], [ -45.077550788646015, -21.193054182947744 ], [ -45.077550788646015, -21.193323677532995 ], [ -45.077281294060782, -21.193323677532984 ], [ -45.077281294060782, -21.194671150459161 ], [ -45.078089777816487, -21.194671150459161 ], [ -45.078089777816487, -21.194132161288696 ] ] ] } },
{ "type": "Feature", "properties": { "id_feicao": "fogo_2017_1151", "ano": 2017.0, "mes": 10, "codigo_original": 15, "classe": "Pastagem", "cor": "#edde8e", "area_ha": 0.16686369933011011 }, "geometry": { "type": "Polygon", "coordinates": [ [ [ -45.079167756157425, -21.191167720851098 ], [ -45.079706745327897, -21.191167720851094 ], [ -45.079706745327897, -21.190898226265862 ], [ -45.079167756157425, -21.190898226265862 ], [ -45.079167756157425, -21.191167720851098 ] ] ] } },
{ "type": "Feature", "properties": { "id_feicao": "fogo_2017_1152", "ano": 2017.0, "mes": 10, "codigo_original": 15, "classe": "Pastagem", "cor": "#edde8e", "area_ha": 1.5836180959880353 }, "geometry": { "type": "Polygon", "coordinates": [ [ [ -45.024999344525021, -21.341545699412713 ], [ -45.024729849939781, -21.341545699412709 ], [ -45.024729849939781, -21.341276204827476 ], [ -45.023651871598844, -21.341276204827469 ], [ -45.023651871598844, -21.342354183168418 ], [ -45.024999344525021, -21.342354183168414 ], [ -45.024999344525021, -21.341545699412713 ] ] ] } },
{ "type": "Feature", "properties": { "id_feicao": "fogo_2017_1153", "ano": 2017.0, "mes": 10, "codigo_original": 15, "classe": "Pastagem", "cor": "#edde8e", "area_ha": 2.7505138459256848 }, "geometry": { "type": "Polygon", "coordinates": [ [ [ -45.032275698326387, -21.341276204827473 ], [ -45.032545192911627, -21.341276204827473 ], [ -45.032545192911627, -21.341006710242237 ], [ -45.03281468749686, -21.341006710242226 ], [ -45.03281468749686, -21.340737215657001 ], [ -45.033084182082092, -21.340737215656997 ], [ -45.033084182082092, -21.339928731901292 ], [ -45.032275698326387, -21.339928731901296 ], [ -45.032275698326387, -21.340198226486521 ], [ -45.031736709155915, -21.340198226486521 ], [ -45.031736709155915, -21.340467721071768 ], [ -45.031197719985443, -21.340467721071764 ], [ -45.031197719985443, -21.340737215657001 ], [ -45.03092822540021, -21.340737215657001 ], [ -45.03092822540021, -21.341545699412706 ], [ -45.032275698326387, -21.341545699412702 ], [ -45.032275698326387, -21.341276204827473 ] ] ] } },
{ "type": "Feature", "properties": { "id_feicao": "fogo_2017_1154", "ano": 2017.0, "mes": 10, "codigo_original": 15, "classe": "Pastagem", "cor": "#edde8e", "area_ha": 0.41675298561155794 }, "geometry": { "type": "Polygon", "coordinates": [ [ [ -45.021495914916954, -21.338042269804646 ], [ -45.022034904087427, -21.338042269804646 ], [ -45.022034904087427, -21.337233786048934 ], [ -45.021765409502187, -21.33723378604893 ], [ -45.021765409502187, -21.337503280634174 ], [ -45.021495914916954, -21.337503280634177 ], [ -45.021495914916954, -21.338042269804646 ] ] ] } },
{ "type": "Feature", "properties": { "id_feicao": "fogo_2017_1155", "ano": 2017.0, "mes": 10, "codigo_original": 15, "classe": "Pastagem", "cor": "#edde8e", "area_ha": 0.11918360874621475 }, "geometry": { "type": "Polygon", "coordinates": [ [ [ -45.011524615263227, -21.336425302293225 ], [ -45.011524615263227, -21.336155807707996 ], [ -45.01104820068403, -21.336155807796683 ], [ -45.011142, -21.336287 ], [ -45.011220324343007, -21.336425302505685 ], [ -45.011524615263227, -21.336425302293225 ] ] ] } },
{ "type": "Feature", "properties": { "id_feicao": "fogo_2017_1156", "ano": 2017.0, "mes": 10, "codigo_original": 15, "classe": "Pastagem", "cor": "#edde8e", "area_ha": 1.083570464931213 }, "geometry": { "type": "Polygon", "coordinates": [ [ [ -45.023112882428372, -21.33561681853752 ], [ -45.023112882428372, -21.335347323952277 ], [ -45.022034904087427, -21.335347323952277 ], [ -45.022034904087427, -21.33588631312276 ], [ -45.021765409502187, -21.335886313122757 ], [ -45.021765409502187, -21.336425302293225 ], [ -45.022304398672659, -21.336425302293225 ], [ -45.022304398672659, -21.336155807707989 ], [ -45.022843387843132, -21.336155807707986 ], [ -45.022843387843132, -21.335616818537524 ], [ -45.023112882428372, -21.33561681853752 ] ] ] } },
{ "type": "Feature", "properties": { "id_feicao": "fogo_2017_1157", "ano": 2017.0, "mes": 10, "codigo_original": 15, "classe": "Pastagem", "cor": "#edde8e", "area_ha": 0.21141015780508751 }, "geometry": { "type": "Polygon", "coordinates": [ [ [ -45.003978766876621, -21.334281090199998 ], [ -45.004148, -21.334308 ], [ -45.004393999999898, -21.334387999999894 ], [ -45.004590999999898, -21.334515 ], [ -45.004658593030051, -21.334538841001706 ], [ -45.005056745217566, -21.334538840196572 ], [ -45.005056745217566, -21.334269345611332 ], [ -45.003978766876621, -21.334269345611336 ], [ -45.003978766876621, -21.334281090199998 ] ] ] } },
{ "type": "Feature", "properties": { "id_feicao": "fogo_2017_1158", "ano": 2017.0, "mes": 10, "codigo_original": 15, "classe": "Pastagem", "cor": "#edde8e", "area_ha": 0.35335168268913403 }, "geometry": { "type": "Polygon", "coordinates": [ [ [ -45.002361799365211, -21.333460861855631 ], [ -45.002092304779978, -21.333460861855631 ], [ -45.002092304779957, -21.333642369662094 ], [ -45.002255, -21.333702 ], [ -45.002513, -21.333839 ], [ -45.002759, -21.333862 ], [ -45.002943, -21.333999999999893 ], [ -45.003177, -21.334091 ], [ -45.003397999999898, -21.334171 ], [ -45.003632, -21.33424 ], [ -45.003709272291395, -21.334247627773522 ], [ -45.003709272291395, -21.333999851026103 ], [ -45.003170283120923, -21.333999851026107 ], [ -45.003170283120923, -21.333730356440867 ], [ -45.002361799365211, -21.333730356440867 ], [ -45.002361799365211, -21.333460861855631 ] ] ] } },
{ "type": "Feature", "properties": { "id_feicao": "fogo_2017_1159", "ano": 2017.0, "mes": 10, "codigo_original": 15, "classe": "Pastagem", "cor": "#edde8e", "area_ha": 5.9330205260868993 }, "geometry": { "type": "Polygon", "coordinates": [ [ [ -45.004517756047093, -21.333460861855638 ], [ -45.004517756047093, -21.333730356440874 ], [ -45.00478725063234, -21.333730356440867 ], [ -45.00478725063234, -21.333999851026103 ], [ -45.005326239802812, -21.333999851026107 ], [ -45.005326239802812, -21.334269345611347 ], [ -45.005865228973271, -21.334269345611336 ], [ -45.005865228973271, -21.334538840196572 ], [ -45.006764281381798, -21.334538842837215 ], [ -45.006814, -21.334522 ], [ -45.007047999999898, -21.334487 ], [ -45.007256, -21.334382999999896 ], [ -45.007502, -21.334336999999895 ], [ -45.007735, -21.334279 ], [ -45.007751691069672, -21.334273197538849 ], [ -45.007751691069927, -21.333460861855638 ], [ -45.006943207314215, -21.333460861855635 ], [ -45.006943207314215, -21.332921872685166 ], [ -45.007212701899455, -21.332921872685166 ], [ -45.007212701899455, -21.332652378099922 ], [ -45.006943207314215, -21.332652378099919 ], [ -45.006943207314215, -21.332382883514672 ], [ -45.006673712728983, -21.33238288351469 ], [ -45.006673712728983, -21.33211338892945 ], [ -45.005865228973271, -21.332113388929454 ], [ -45.005865228973271, -21.332382883514679 ], [ -45.005326239802812, -21.332382883514686 ], [ -45.005326239802812, -21.332652378099922 ], [ -45.005056745217566, -21.332652378099922 ], [ -45.005056745217566, -21.333191367270398 ], [ -45.004248261461868, -21.333191367270405 ], [ -45.004248261461868, -21.333460861855638 ], [ -45.004517756047093, -21.333460861855638 ] ] ] } },
{ "type": "Feature", "properties": { "id_feicao": "fogo_2017_1160", "ano": 2017.0, "mes": 10, "codigo_original": 15, "classe": "Pastagem", "cor": "#edde8e", "area_ha": 0.083353469884116196 }, "geometry": { "type": "Polygon", "coordinates": [ [ [ -45.033353676667332, -21.332652378099922 ], [ -45.033623171252565, -21.332652378099922 ], [ -45.033623171252565, -21.33238288351469 ], [ -45.033353676667332, -21.332382883514686 ], [ -45.033353676667332, -21.332652378099922 ] ] ] } },
{ "type": "Feature", "properties": { "id_feicao": "fogo_2017_1161", "ano": 2017.0, "mes": 10, "codigo_original": 15, "classe": "Pastagem", "cor": "#edde8e", "area_ha": 1.5003646568533033 }, "geometry": { "type": "Polygon", "coordinates": [ [ [ -45.002900788535676, -21.332382883514683 ], [ -45.002631293950451, -21.33238288351469 ], [ -45.002631293950451, -21.33211338892945 ], [ -45.002361799365211, -21.33211338892945 ], [ -45.002361799365211, -21.331574399758974 ], [ -45.001553315609506, -21.331574399758981 ], [ -45.001553315609506, -21.332652378099919 ], [ -45.002631293950451, -21.332652378099922 ], [ -45.002631293950451, -21.332921872685162 ], [ -45.002900788535676, -21.332921872685166 ], [ -45.002900788535676, -21.333191367270395 ], [ -45.003170283120923, -21.333191367270398 ], [ -45.003170283120923, -21.332652378099922 ], [ -45.002900788535676, -21.33265237809993 ], [ -45.002900788535676, -21.332382883514683 ] ] ] } },
{ "type": "Feature", "properties": { "id_feicao": "fogo_2017_1162", "ano": 2017.0, "mes": 10, "codigo_original": 15, "classe": "Pastagem", "cor": "#edde8e", "area_ha": 0.16670723381137864 }, "geometry": { "type": "Polygon", "coordinates": [ [ [ -45.031467214570682, -21.332113388929454 ], [ -45.031467214570682, -21.332382883514679 ], [ -45.032006203741155, -21.332382883514683 ], [ -45.032006203741155, -21.332113388929454 ], [ -45.031467214570682, -21.332113388929454 ] ] ] } },
{ "type": "Feature", "properties": { "id_feicao": "fogo_2017_1163", "ano": 2017.0, "mes": 10, "codigo_original": 15, "classe": "Pastagem", "cor": "#edde8e", "area_ha": 0.50012160839401187 }, "geometry": { "type": "Polygon", "coordinates": [ [ [ -45.03065873081497, -21.331843894344214 ], [ -45.030389236229738, -21.331843894344221 ], [ -45.030389236229738, -21.332113388929454 ], [ -45.030119741644498, -21.332113388929457 ], [ -45.030119741644498, -21.332652378099919 ], [ -45.03065873081497, -21.332652378099919 ], [ -45.03065873081497, -21.332382883514683 ], [ -45.03092822540021, -21.33238288351469 ], [ -45.03092822540021, -21.332113388929457 ], [ -45.03065873081497, -21.332113388929457 ], [ -45.03065873081497, -21.331843894344214 ] ] ] } },
{ "type": "Feature", "properties": { "id_feicao": "fogo_2017_1164", "ano": 2017.0, "mes": 10, "codigo_original": 15, "classe": "Pastagem", "cor": "#edde8e", "area_ha": 0.083353614150080829 }, "geometry": { "type": "Polygon", "coordinates": [ [ [ -45.029580752474033, -21.33238288351469 ], [ -45.029850247059265, -21.332382883514676 ], [ -45.029850247059265, -21.332113388929457 ], [ -45.029580752474033, -21.33211338892945 ], [ -45.029580752474033, -21.33238288351469 ] ] ] } },
{ "type": "Feature", "properties": { "id_feicao": "fogo_2017_1165", "ano": 2017.0, "mes": 10, "codigo_original": 15, "classe": "Pastagem", "cor": "#edde8e", "area_ha": 0.083353913608752189 }, "geometry": { "type": "Polygon", "coordinates": [ [ [ -45.029850247059265, -21.33184389434421 ], [ -45.030119741644498, -21.331843894344221 ], [ -45.030119741644498, -21.331574399758978 ], [ -45.029850247059265, -21.331574399758985 ], [ -45.029850247059265, -21.33184389434421 ] ] ] } },
{ "type": "Feature", "properties": { "id_feicao": "fogo_2017_1166", "ano": 2017.0, "mes": 10, "codigo_original": 15, "classe": "Pastagem", "cor": "#edde8e", "area_ha": 0.16670842433348299 }, "geometry": { "type": "Polygon", "coordinates": [ [ [ -45.029311257888793, -21.331304905173749 ], [ -45.029850247059265, -21.331304905173742 ], [ -45.029850247059265, -21.331035410588509 ], [ -45.029311257888793, -21.331035410588512 ], [ -45.029311257888793, -21.331304905173749 ] ] ] } },
{ "type": "Feature", "properties": { "id_feicao": "fogo_2017_1167", "ano": 2017.0, "mes": 10, "codigo_original": 15, "classe": "Pastagem", "cor": "#edde8e", "area_ha": 0.33341804785914719 }, "geometry": { "type": "Polygon", "coordinates": [ [ [ -45.030119741644498, -21.330496421418033 ], [ -45.029850247059265, -21.330496421418037 ], [ -45.029850247059265, -21.331035410588509 ], [ -45.030119741644498, -21.331035410588516 ], [ -45.030119741644498, -21.330765916003276 ], [ -45.030389236229738, -21.330765916003266 ], [ -45.030389236229738, -21.330226926832804 ], [ -45.030119741644498, -21.330226926832797 ], [ -45.030119741644498, -21.330496421418033 ] ] ] } },
{ "type": "Feature", "properties": { "id_feicao": "fogo_2017_1168", "ano": 2017.0, "mes": 10, "codigo_original": 15, "classe": "Pastagem", "cor": "#edde8e", "area_ha": 0.083354511078540236 }, "geometry": { "type": "Polygon", "coordinates": [ [ [ -45.029311257888793, -21.33076591600328 ], [ -45.029580752474033, -21.33076591600328 ], [ -45.029580752474033, -21.330496421418037 ], [ -45.029311257888793, -21.33049642141804 ], [ -45.029311257888793, -21.33076591600328 ] ] ] } },
{ "type": "Feature", "properties": { "id_feicao": "fogo_2017_1169", "ano": 2017.0, "mes": 10, "codigo_original": 15, "classe": "Pastagem", "cor": "#edde8e", "area_ha": 0.08335451003274158 }, "geometry": { "type": "Polygon", "coordinates": [ [ [ -45.028502774133088, -21.330496421418033 ], [ -45.028502774133088, -21.330765916003266 ], [ -45.028772268718321, -21.330765916003276 ], [ -45.028772268718321, -21.330496421418037 ], [ -45.028502774133088, -21.330496421418033 ] ] ] } },
{ "type": "Feature", "properties": { "id_feicao": "fogo_2017_1170", "ano": 2017.0, "mes": 10, "codigo_original": 15, "classe": "Pastagem", "cor": "#edde8e", "area_ha": 0.083354810862708836 }, "geometry": { "type": "Polygon", "coordinates": [ [ [ -45.029850247059265, -21.3302269268328 ], [ -45.030119741644498, -21.330226926832797 ], [ -45.030119741644498, -21.329957432247561 ], [ -45.029850247059265, -21.329957432247557 ], [ -45.029850247059265, -21.3302269268328 ] ] ] } },
{ "type": "Feature", "properties": { "id_feicao": "fogo_2017_1171", "ano": 2017.0, "mes": 10, "codigo_original": 15, "classe": "Pastagem", "cor": "#edde8e", "area_ha": 0.25006577946878972 }, "geometry": { "type": "Polygon", "coordinates": [ [ [ -45.030119741644498, -21.329687937662335 ], [ -45.030389236229738, -21.329687937662335 ], [ -45.030389236229738, -21.328879453906623 ], [ -45.030119741644498, -21.328879453906627 ], [ -45.030119741644498, -21.329687937662335 ] ] ] } },
{ "type": "Feature", "properties": { "id_feicao": "fogo_2017_1172", "ano": 2017.0, "mes": 10, "codigo_original": 15, "classe": "Pastagem", "cor": "#edde8e", "area_ha": 0.16671066226698458 }, "geometry": { "type": "Polygon", "coordinates": [ [ [ -45.027424795792143, -21.329418443077081 ], [ -45.027694290377376, -21.329418443077088 ], [ -45.027694290377376, -21.328879453906623 ], [ -45.027424795792143, -21.32887945390662 ], [ -45.027424795792143, -21.329418443077081 ] ] ] } },
{ "type": "Feature", "properties": { "id_feicao": "fogo_2017_1173", "ano": 2017.0, "mes": 10, "codigo_original": 15, "classe": "Pastagem", "cor": "#edde8e", "area_ha": 0.16671082354728131 }, "geometry": { "type": "Polygon", "coordinates": [ [ [ -45.031736709155915, -21.329148948491856 ], [ -45.032275698326387, -21.329148948491856 ], [ -45.032275698326387, -21.328879453906623 ], [ -45.031736709155915, -21.328879453906612 ], [ -45.031736709155915, -21.329148948491856 ] ] ] } },
{ "type": "Feature", "properties": { "id_feicao": "fogo_2017_1174", "ano": 2017.0, "mes": 10, "codigo_original": 15, "classe": "Pastagem", "cor": "#edde8e", "area_ha": 0.083355407933052628 }, "geometry": { "type": "Polygon", "coordinates": [ [ [ -45.02904176330356, -21.329148948491856 ], [ -45.029311257888793, -21.329148948491852 ], [ -45.029311257888793, -21.32887945390662 ], [ -45.02904176330356, -21.328879453906616 ], [ -45.02904176330356, -21.329148948491856 ] ] ] } },
{ "type": "Feature", "properties": { "id_feicao": "fogo_2017_1175", "ano": 2017.0, "mes": 10, "codigo_original": 15, "classe": "Pastagem", "cor": "#edde8e", "area_ha": 0.083355705960560592 }, "geometry": { "type": "Polygon", "coordinates": [ [ [ -45.028233279547848, -21.32860995932139 ], [ -45.028502774133088, -21.328609959321387 ], [ -45.028502774133088, -21.328340464736151 ], [ -45.028233279547848, -21.328340464736154 ], [ -45.028233279547848, -21.32860995932139 ] ] ] } },
{ "type": "Feature", "properties": { "id_feicao": "fogo_2017_1176", "ano": 2017.0, "mes": 10, "codigo_original": 15, "classe": "Pastagem", "cor": "#edde8e", "area_ha": 1.250336937762617 }, "geometry": { "type": "Polygon", "coordinates": [ [ [ -45.030389236229738, -21.328070970150918 ], [ -45.030389236229738, -21.328879453906623 ], [ -45.031467214570682, -21.32887945390662 ], [ -45.031467214570682, -21.327801475565682 ], [ -45.03065873081497, -21.327801475565682 ], [ -45.03065873081497, -21.328070970150918 ], [ -45.030389236229738, -21.328070970150918 ] ] ] } },
{ "type": "Feature", "properties": { "id_feicao": "fogo_2017_1177", "ano": 2017.0, "mes": 10, "codigo_original": 15, "classe": "Pastagem", "cor": "#edde8e", "area_ha": 0.25006846773428842 }, "geometry": { "type": "Polygon", "coordinates": [ [ [ -45.02904176330356, -21.327801475565682 ], [ -45.029850247059265, -21.327801475565678 ], [ -45.029850247059265, -21.327531980980442 ], [ -45.02904176330356, -21.327531980980446 ], [ -45.02904176330356, -21.327801475565682 ] ] ] } },
{ "type": "Feature", "properties": { "id_feicao": "fogo_2017_1178", "ano": 2017.0, "mes": 10, "codigo_original": 15, "classe": "Pastagem", "cor": "#edde8e", "area_ha": 0.66684916365593672 }, "geometry": { "type": "Polygon", "coordinates": [ [ [ -45.010985626092754, -21.327262486395206 ], [ -45.010446636922282, -21.32726248639521 ], [ -45.010446636922282, -21.327531980980446 ], [ -45.010177142337049, -21.327531980980449 ], [ -45.010177142337049, -21.327801475565682 ], [ -45.009638153166577, -21.327801475565682 ], [ -45.009638153166577, -21.328070970150918 ], [ -45.010446636922282, -21.328070970150915 ], [ -45.010446636922282, -21.327801475565678 ], [ -45.010985626092754, -21.327801475565682 ], [ -45.010985626092754, -21.327262486395206 ] ] ] } },
{ "type": "Feature", "properties": { "id_feicao": "fogo_2017_1179", "ano": 2017.0, "mes": 10, "codigo_original": 15, "classe": "Pastagem", "cor": "#edde8e", "area_ha": 0.83356702508730818 }, "geometry": { "type": "Polygon", "coordinates": [ [ [ -45.028502774133088, -21.326992991809977 ], [ -45.028233279547848, -21.326992991809973 ], [ -45.028233279547848, -21.32726248639521 ], [ -45.027694290377376, -21.32726248639521 ], [ -45.027694290377376, -21.326992991809973 ], [ -45.027155301206903, -21.326992991809973 ], [ -45.027155301206903, -21.327531980980446 ], [ -45.02904176330356, -21.327531980980446 ], [ -45.02904176330356, -21.327262486395213 ], [ -45.028502774133088, -21.327262486395206 ], [ -45.028502774133088, -21.326992991809977 ] ] ] } },
{ "type": "Feature", "properties": { "id_feicao": "fogo_2017_1180", "ano": 2017.0, "mes": 10, "codigo_original": 15, "classe": "Pastagem", "cor": "#edde8e", "area_ha": 0.66685174200292674 }, "geometry": { "type": "Polygon", "coordinates": [ [ [ -45.024190860769309, -21.326992991809977 ], [ -45.023651871598844, -21.326992991809973 ], [ -45.023651871598844, -21.327531980980446 ], [ -45.024729849939781, -21.327531980980446 ], [ -45.024729849939781, -21.327262486395213 ], [ -45.024460355354549, -21.327262486395213 ], [ -45.024460355354549, -21.326723497224734 ], [ -45.024190860769309, -21.326723497224741 ], [ -45.024190860769309, -21.326992991809977 ] ] ] } },
{ "type": "Feature", "properties": { "id_feicao": "fogo_2017_1181", "ano": 2017.0, "mes": 10, "codigo_original": 15, "classe": "Pastagem", "cor": "#edde8e", "area_ha": 0.25006977157900112 }, "geometry": { "type": "Polygon", "coordinates": [ [ [ -45.015028044871293, -21.326992991809973 ], [ -45.015836528626998, -21.326992991809973 ], [ -45.015836528626998, -21.32672349722473 ], [ -45.015028044871293, -21.326723497224734 ], [ -45.015028044871293, -21.326992991809973 ] ] ] } },
{ "type": "Feature", "properties": { "id_feicao": "fogo_2017_1182", "ano": 2017.0, "mes": 10, "codigo_original": 15, "classe": "Pastagem", "cor": "#edde8e", "area_ha": 0.16671350092478096 }, "geometry": { "type": "Polygon", "coordinates": [ [ [ -45.026346817451198, -21.326723497224741 ], [ -45.026885806621671, -21.326723497224734 ], [ -45.026885806621671, -21.326454002639501 ], [ -45.026346817451198, -21.326454002639501 ], [ -45.026346817451198, -21.326723497224741 ] ] ] } },
{ "type": "Feature", "properties": { "id_feicao": "fogo_2017_1183", "ano": 2017.0, "mes": 10, "codigo_original": 15, "classe": "Pastagem", "cor": "#edde8e", "area_ha": 0.16671349488602272 }, "geometry": { "type": "Polygon", "coordinates": [ [ [ -45.023651871598844, -21.326454002639501 ], [ -45.023651871598844, -21.326723497224737 ], [ -45.024190860769309, -21.326723497224741 ], [ -45.024190860769309, -21.326454002639508 ], [ -45.023651871598844, -21.326454002639501 ] ] ] } },
{ "type": "Feature", "properties": { "id_feicao": "fogo_2017_1184", "ano": 2017.0, "mes": 10, "codigo_original": 15, "classe": "Pastagem", "cor": "#edde8e", "area_ha": 0.083356746738869697 }, "geometry": { "type": "Polygon", "coordinates": [ [ [ -45.023112882428372, -21.326723497224737 ], [ -45.023382377013604, -21.326723497224737 ], [ -45.023382377013604, -21.326454002639501 ], [ -45.023112882428372, -21.326454002639505 ], [ -45.023112882428372, -21.326723497224737 ] ] ] } },
{ "type": "Feature", "properties": { "id_feicao": "fogo_2017_1185", "ano": 2017.0, "mes": 10, "codigo_original": 15, "classe": "Pastagem", "cor": "#edde8e", "area_ha": 0.083356740503758187 }, "geometry": { "type": "Polygon", "coordinates": [ [ [ -44.983766672983933, -21.326723497224734 ], [ -44.984036167569172, -21.326723497224737 ], [ -44.984036167569172, -21.326454002639501 ], [ -44.983766672983933, -21.326454002639501 ], [ -44.983766672983933, -21.326723497224734 ] ] ] } },
{ "type": "Feature", "properties": { "id_feicao": "fogo_2017_1186", "ano": 2017.0, "mes": 10, "codigo_original": 15, "classe": "Pastagem", "cor": "#edde8e", "area_ha": 0.83356819986775521 }, "geometry": { "type": "Polygon", "coordinates": [ [ [ -44.984844651324877, -21.325915013469029 ], [ -44.984305662154405, -21.325915013469029 ], [ -44.984305662154405, -21.326184508054265 ], [ -44.984036167569172, -21.326184508054265 ], [ -44.984036167569172, -21.326454002639501 ], [ -44.984305662154405, -21.326454002639505 ], [ -44.984305662154405, -21.326723497224737 ], [ -44.984036167569172, -21.326723497224737 ], [ -44.984036167569172, -21.326992991809973 ], [ -44.984844651324877, -21.326992991809966 ], [ -44.984844651324877, -21.325915013469029 ] ] ] } },
{ "type": "Feature", "properties": { "id_feicao": "fogo_2017_1187", "ano": 2017.0, "mes": 10, "codigo_original": 15, "classe": "Pastagem", "cor": "#edde8e", "area_ha": 0.083356900780182333 }, "geometry": { "type": "Polygon", "coordinates": [ [ [ -45.027155301206903, -21.326454002639505 ], [ -45.027424795792143, -21.326454002639501 ], [ -45.027424795792143, -21.326184508054265 ], [ -45.027155301206903, -21.326184508054272 ], [ -45.027155301206903, -21.326454002639505 ] ] ] } },
{ "type": "Feature", "properties": { "id_feicao": "fogo_2017_1188", "ano": 2017.0, "mes": 10, "codigo_original": 15, "classe": "Pastagem", "cor": "#edde8e", "area_ha": 0.083357039529178292 }, "geometry": { "type": "Polygon", "coordinates": [ [ [ -44.983766672983933, -21.326184508054272 ], [ -44.984036167569172, -21.326184508054265 ], [ -44.984036167569172, -21.325915013469025 ], [ -44.983766672983933, -21.325915013469025 ], [ -44.983766672983933, -21.326184508054272 ] ] ] } },
{ "type": "Feature", "properties": { "id_feicao": "fogo_2017_1189", "ano": 2017.0, "mes": 10, "codigo_original": 15, "classe": "Pastagem", "cor": "#edde8e", "area_ha": 0.50014342941455547 }, "geometry": { "type": "Polygon", "coordinates": [ [ [ -45.027424795792143, -21.325106529713324 ], [ -45.027155301206903, -21.32510652971332 ], [ -45.027155301206903, -21.325645518883793 ], [ -45.026616312036438, -21.3256455188838 ], [ -45.026616312036438, -21.325915013469036 ], [ -45.026885806621671, -21.325915013469022 ], [ -45.026885806621671, -21.326184508054265 ], [ -45.027155301206903, -21.326184508054272 ], [ -45.027155301206903, -21.325915013469025 ], [ -45.027424795792143, -21.325915013469029 ], [ -45.027424795792143, -21.325106529713324 ] ] ] } },
{ "type": "Feature", "properties": { "id_feicao": "fogo_2017_1190", "ano": 2017.0, "mes": 10, "codigo_original": 15, "classe": "Pastagem", "cor": "#edde8e", "area_ha": 0.83357320116879619 }, "geometry": { "type": "Polygon", "coordinates": [ [ [ -44.977837792108744, -21.325645518883796 ], [ -44.977837792108744, -21.325915013469025 ], [ -44.978376781279216, -21.325915013469029 ], [ -44.978376781279216, -21.325106529713317 ], [ -44.977298802938272, -21.325106529713324 ], [ -44.977298802938272, -21.325645518883793 ], [ -44.977837792108744, -21.325645518883796 ] ] ] } },
{ "type": "Feature", "properties": { "id_feicao": "fogo_2017_1191", "ano": 2017.0, "mes": 10, "codigo_original": 15, "classe": "Pastagem", "cor": "#edde8e", "area_ha": 1.5837910332141445 }, "geometry": { "type": "Polygon", "coordinates": [ [ [ -45.022843387843132, -21.325915013469029 ], [ -45.023112882428372, -21.325915013469029 ], [ -45.023112882428372, -21.324298045957612 ], [ -45.022573893257899, -21.324298045957612 ], [ -45.022573893257899, -21.324837035128095 ], [ -45.022304398672659, -21.324837035128084 ], [ -45.022304398672659, -21.325376024298556 ], [ -45.022573893257899, -21.325376024298556 ], [ -45.022573893257899, -21.325645518883789 ], [ -45.022304398672659, -21.325645518883789 ], [ -45.022304398672659, -21.326454002639505 ], [ -45.022843387843132, -21.326454002639501 ], [ -45.022843387843132, -21.325915013469029 ] ] ] } },
{ "type": "Feature", "properties": { "id_feicao": "fogo_2017_1192", "ano": 2017.0, "mes": 10, "codigo_original": 15, "classe": "Pastagem", "cor": "#edde8e", "area_ha": 0.08335809228215367 }, "geometry": { "type": "Polygon", "coordinates": [ [ [ -45.023112882428372, -21.324298045957612 ], [ -45.023382377013604, -21.324298045957615 ], [ -45.023382377013604, -21.324028551372376 ], [ -45.023112882428372, -21.324028551372379 ], [ -45.023112882428372, -21.324298045957612 ] ] ] } },
{ "type": "Feature", "properties": { "id_feicao": "fogo_2017_1193", "ano": 2017.0, "mes": 10, "codigo_original": 15, "classe": "Pastagem", "cor": "#edde8e", "area_ha": 0.16671647247551008 }, "geometry": { "type": "Polygon", "coordinates": [ [ [ -44.982688694642988, -21.324028551372379 ], [ -44.98322768381346, -21.324028551372376 ], [ -44.98322768381346, -21.323759056787139 ], [ -44.982688694642988, -21.323759056787139 ], [ -44.982688694642988, -21.324028551372379 ] ] ] } },
{ "type": "Feature", "properties": { "id_feicao": "fogo_2017_1194", "ano": 2017.0, "mes": 10, "codigo_original": 15, "classe": "Pastagem", "cor": "#edde8e", "area_ha": 4.7515398076464423 }, "geometry": { "type": "Polygon", "coordinates": [ [ [ -45.00990764775181, -21.321064110934792 ], [ -45.010177142337049, -21.321064110934785 ], [ -45.010177142337049, -21.320794616349545 ], [ -45.010716131507522, -21.320794616349552 ], [ -45.010716131507522, -21.321064110934781 ], [ -45.010985626092754, -21.321064110934785 ], [ -45.010985626092754, -21.319986132593833 ], [ -45.009368658581337, -21.319986132593836 ], [ -45.009368658581337, -21.319716638008607 ], [ -45.009099163996105, -21.3197166380086 ], [ -45.009099163996105, -21.318908154252892 ], [ -45.00802118565516, -21.318908154252899 ], [ -45.00802118565516, -21.319447143423371 ], [ -45.007751691069927, -21.319447143423361 ], [ -45.007751691069927, -21.320255627179069 ], [ -45.007482196484688, -21.320255627179076 ], [ -45.007482196484688, -21.320525121764316 ], [ -45.00802118565516, -21.320525121764309 ], [ -45.00802118565516, -21.320794616349549 ], [ -45.00990764775181, -21.320794616349545 ], [ -45.00990764775181, -21.321064110934792 ] ] ] } },
{ "type": "Feature", "properties": { "id_feicao": "fogo_2017_1195", "ano": 2017.0, "mes": 10, "codigo_original": 15, "classe": "Pastagem", "cor": "#edde8e", "area_ha": 2.0840116052339783 }, "geometry": { "type": "Polygon", "coordinates": [ [ [ -45.007212701899455, -21.319177648838135 ], [ -45.005865228973271, -21.319177648838128 ], [ -45.005865228973271, -21.320255627179073 ], [ -45.00613472355851, -21.320255627179076 ], [ -45.00613472355851, -21.320525121764312 ], [ -45.007212701899455, -21.320525121764309 ], [ -45.007212701899455, -21.319716638008604 ], [ -45.007482196484688, -21.3197166380086 ], [ -45.007482196484688, -21.319447143423364 ], [ -45.007212701899455, -21.319447143423368 ], [ -45.007212701899455, -21.319177648838135 ] ] ] } },
{ "type": "Feature", "properties": { "id_feicao": "fogo_2017_1196", "ano": 2017.0, "mes": 10, "codigo_original": 15, "classe": "Pastagem", "cor": "#edde8e", "area_ha": 9.0863352386537564 }, "geometry": { "type": "Polygon", "coordinates": [ [ [ -45.014758550286061, -21.319986132593844 ], [ -45.014758550286061, -21.320255627179073 ], [ -45.015297539456526, -21.320255627179069 ], [ -45.015297539456526, -21.320525121764309 ], [ -45.016375517797471, -21.320525121764319 ], [ -45.016375517797471, -21.319716638008607 ], [ -45.01664501238271, -21.3197166380086 ], [ -45.01664501238271, -21.319447143423364 ], [ -45.016914506967943, -21.319447143423368 ], [ -45.016914506967943, -21.318908154252895 ], [ -45.017184001553183, -21.318908154252892 ], [ -45.017184001553183, -21.319716638008604 ], [ -45.017453496138415, -21.319716638008597 ], [ -45.017453496138415, -21.319447143423368 ], [ -45.017722990723655, -21.319447143423368 ], [ -45.017722990723655, -21.319177648838128 ], [ -45.017992485308888, -21.319177648838135 ], [ -45.017992485308888, -21.319447143423371 ], [ -45.018800969064593, -21.319447143423371 ], [ -45.018800969064593, -21.319177648838131 ], [ -45.019339958235065, -21.319177648838131 ], [ -45.019339958235065, -21.318369165082416 ], [ -45.018800969064593, -21.318369165082427 ], [ -45.018800969064593, -21.31809967049719 ], [ -45.01853147447936, -21.31809967049719 ], [ -45.01853147447936, -21.317830175911947 ], [ -45.017722990723655, -21.317830175911954 ], [ -45.017722990723655, -21.31809967049719 ], [ -45.015836528626998, -21.318099670497197 ], [ -45.015836528626998, -21.318369165082423 ], [ -45.015028044871293, -21.31836916508243 ], [ -45.015028044871293, -21.318638659667659 ], [ -45.014758550286061, -21.318638659667659 ], [ -45.014758550286061, -21.318908154252899 ], [ -45.013950066530349, -21.318908154252892 ], [ -45.013950066530349, -21.319986132593836 ], [ -45.014758550286061, -21.319986132593844 ] ], [ [ -45.017453496138415, -21.319177648838131 ], [ -45.017453496138415, -21.318638659667663 ], [ -45.017992485308888, -21.318638659667663 ], [ -45.017992485308888, -21.318908154252899 ], [ -45.017722990723655, -21.318908154252895 ], [ -45.017722990723655, -21.319177648838128 ], [ -45.017453496138415, -21.319177648838131 ] ] ] } },
{ "type": "Feature", "properties": { "id_feicao": "fogo_2017_1197", "ano": 2017.0, "mes": 10, "codigo_original": 15, "classe": "Pastagem", "cor": "#edde8e", "area_ha": 1.9173106403892237 }, "geometry": { "type": "Polygon", "coordinates": [ [ [ -45.019339958235065, -21.31809967049719 ], [ -45.019339958235065, -21.318369165082416 ], [ -45.019609452820305, -21.318369165082419 ], [ -45.019609452820305, -21.319177648838124 ], [ -45.02041793657601, -21.319177648838124 ], [ -45.02041793657601, -21.318638659667656 ], [ -45.020687431161249, -21.318638659667666 ], [ -45.020687431161249, -21.317560681326718 ], [ -45.02041793657601, -21.317560681326714 ], [ -45.02041793657601, -21.317830175911954 ], [ -45.020148441990777, -21.317830175911958 ], [ -45.020148441990777, -21.317560681326707 ], [ -45.019339958235065, -21.317560681326711 ], [ -45.019339958235065, -21.317830175911947 ], [ -45.019609452820305, -21.317830175911951 ], [ -45.019609452820305, -21.318099670497194 ], [ -45.019339958235065, -21.31809967049719 ] ] ] } },
{ "type": "Feature", "properties": { "id_feicao": "fogo_2017_1198", "ano": 2017.0, "mes": 10, "codigo_original": 15, "classe": "Pastagem", "cor": "#edde8e", "area_ha": 0.083361526197381311 }, "geometry": { "type": "Polygon", "coordinates": [ [ [ -45.018800969064593, -21.31809967049719 ], [ -45.019070463649832, -21.318099670497187 ], [ -45.019070463649832, -21.317830175911951 ], [ -45.018800969064593, -21.317830175911947 ], [ -45.018800969064593, -21.31809967049719 ] ] ] } },
{ "type": "Feature", "properties": { "id_feicao": "fogo_2017_1199", "ano": 2017.0, "mes": 10, "codigo_original": 15, "classe": "Pastagem", "cor": "#edde8e", "area_ha": 3.8346936192804946 }, "geometry": { "type": "Polygon", "coordinates": [ [ [ -45.012602593604171, -21.315943713815301 ], [ -45.013680571945116, -21.315943713815297 ], [ -45.013680571945116, -21.315404724644825 ], [ -45.013411077359876, -21.315404724644825 ], [ -45.013411077359876, -21.315135230059585 ], [ -45.013141582774644, -21.315135230059596 ], [ -45.013141582774644, -21.314865735474356 ], [ -45.012063604433699, -21.314865735474363 ], [ -45.012063604433699, -21.315404724644836 ], [ -45.011794109848466, -21.315404724644836 ], [ -45.011794109848466, -21.31486573547436 ], [ -45.010446636922282, -21.31486573547436 ], [ -45.010446636922282, -21.315943713815301 ], [ -45.011794109848466, -21.315943713815297 ], [ -45.011794109848466, -21.316213208400541 ], [ -45.012602593604171, -21.316213208400544 ], [ -45.012602593604171, -21.315943713815301 ] ] ] } },
{ "type": "Feature", "properties": { "id_feicao": "fogo_2017_1200", "ano": 2017.0, "mes": 10, "codigo_original": 15, "classe": "Pastagem", "cor": "#edde8e", "area_ha": 19.840625853481143 }, "geometry": { "type": "Polygon", "coordinates": [ [ [ -45.011524615263227, -21.314057251718644 ], [ -45.012063604433699, -21.314057251718648 ], [ -45.012063604433699, -21.314326746303891 ], [ -45.012602593604171, -21.31432674630388 ], [ -45.012602593604171, -21.314596240889124 ], [ -45.014489055700821, -21.314596240889127 ], [ -45.014489055700821, -21.31486573547436 ], [ -45.014758550286061, -21.31486573547436 ], [ -45.014758550286061, -21.315135230059589 ], [ -45.014489055700821, -21.315135230059592 ], [ -45.014489055700821, -21.315404724644836 ], [ -45.014758550286061, -21.315404724644836 ], [ -45.014758550286061, -21.315674219230068 ], [ -45.015836528626998, -21.315674219230061 ], [ -45.015836528626998, -21.315404724644829 ], [ -45.016914506967943, -21.315404724644829 ], [ -45.016914506967943, -21.314865735474353 ], [ -45.017184001553183, -21.314865735474356 ], [ -45.017184001553183, -21.314326746303884 ], [ -45.017722990723655, -21.31432674630388 ], [ -45.017722990723655, -21.314057251718644 ], [ -45.017992485308888, -21.314057251718641 ], [ -45.017992485308888, -21.31297927337771 ], [ -45.017184001553183, -21.312979273377703 ], [ -45.017184001553183, -21.312170789621995 ], [ -45.016914506967943, -21.312170789622002 ], [ -45.016914506967943, -21.311901295036765 ], [ -45.016375517797471, -21.311901295036769 ], [ -45.016375517797471, -21.311631800451536 ], [ -45.014758550286061, -21.311631800451533 ], [ -45.014758550286061, -21.312170789622002 ], [ -45.014489055700821, -21.312170789622005 ], [ -45.014489055700821, -21.312440284207241 ], [ -45.013950066530349, -21.312440284207238 ], [ -45.013950066530349, -21.312170789622002 ], [ -45.011794109848466, -21.312170789621998 ], [ -45.011794109848466, -21.312709778792474 ], [ -45.011524615263227, -21.312709778792478 ], [ -45.011524615263227, -21.314057251718644 ] ] ] } },
{ "type": "Feature", "properties": { "id_feicao": "fogo_2017_1201", "ano": 2017.0, "mes": 10, "codigo_original": 15, "classe": "Pastagem", "cor": "#edde8e", "area_ha": 1.9181045876465739 }, "geometry": { "type": "Polygon", "coordinates": [ [ [ -44.92932876676629, -21.255307432137236 ], [ -44.928520283010592, -21.25530743213724 ], [ -44.928520283010592, -21.255576926722473 ], [ -44.928250788425345, -21.255576926722473 ], [ -44.928250788425345, -21.256654905063414 ], [ -44.928520283010592, -21.256654905063417 ], [ -44.928520283010592, -21.25692439964865 ], [ -44.929059272181064, -21.256924399648653 ], [ -44.929059272181064, -21.257193894233879 ], [ -44.92932876676629, -21.257193894233886 ], [ -44.92932876676629, -21.255307432137236 ] ] ] } },
{ "type": "Feature", "properties": { "id_feicao": "fogo_2017_1202", "ano": 2017.0, "mes": 10, "codigo_original": 15, "classe": "Pastagem", "cor": "#edde8e", "area_ha": 0.083396554635744538 }, "geometry": { "type": "Polygon", "coordinates": [ [ [ -44.928250788425345, -21.255037937552 ], [ -44.928520283010592, -21.255037937552 ], [ -44.928520283010592, -21.254768442966757 ], [ -44.928250788425345, -21.254768442966764 ], [ -44.928250788425345, -21.255037937552 ] ] ] } },
{ "type": "Feature", "properties": { "id_feicao": "fogo_2017_1203", "ano": 2017.0, "mes": 10, "codigo_original": 15, "classe": "Pastagem", "cor": "#edde8e", "area_ha": 0.25019010585490614 }, "geometry": { "type": "Polygon", "coordinates": [ [ [ -44.928520283010592, -21.254768442966757 ], [ -44.92932876676629, -21.254768442966764 ], [ -44.92932876676629, -21.254498948381528 ], [ -44.928520283010592, -21.254498948381531 ], [ -44.928520283010592, -21.254768442966757 ] ] ] } },
{ "type": "Feature", "properties": { "id_feicao": "fogo_2017_1204", "ano": 2017.0, "mes": 10, "codigo_original": 15, "classe": "Pastagem", "cor": "#edde8e", "area_ha": 0.08339685268711533 }, "geometry": { "type": "Polygon", "coordinates": [ [ [ -44.928250788425345, -21.254229453796295 ], [ -44.928250788425345, -21.254498948381531 ], [ -44.928520283010592, -21.254498948381531 ], [ -44.928520283010592, -21.254229453796295 ], [ -44.928250788425345, -21.254229453796295 ] ] ] } },
{ "type": "Feature", "properties": { "id_feicao": "fogo_2017_1205", "ano": 2017.0, "mes": 10, "codigo_original": 15, "classe": "Pastagem", "cor": "#edde8e", "area_ha": 0.75057707516169181 }, "geometry": { "type": "Polygon", "coordinates": [ [ [ -44.928520283010592, -21.253420970040583 ], [ -44.92932876676629, -21.253420970040587 ], [ -44.92932876676629, -21.252881980870114 ], [ -44.928250788425345, -21.252881980870104 ], [ -44.928250788425345, -21.253690464625823 ], [ -44.928520283010592, -21.253690464625823 ], [ -44.928520283010592, -21.253420970040583 ] ] ] } },
{ "type": "Feature", "properties": { "id_feicao": "fogo_2017_1206", "ano": 2017.0, "mes": 10, "codigo_original": 15, "classe": "Pastagem", "cor": "#edde8e", "area_ha": 1.3345613688003273 }, "geometry": { "type": "Polygon", "coordinates": [ [ [ -44.880550246838609, -21.231322414051249 ], [ -44.881628225179554, -21.231322414051245 ], [ -44.881628225179554, -21.230244435710304 ], [ -44.880550246838609, -21.230244435710308 ], [ -44.880550246838609, -21.231322414051249 ] ] ] } },
{ "type": "Feature", "properties": { "id_feicao": "fogo_2017_1207", "ano": 2017.0, "mes": 10, "codigo_original": 15, "classe": "Pastagem", "cor": "#edde8e", "area_ha": 0.083416185452416539 }, "geometry": { "type": "Polygon", "coordinates": [ [ [ -44.896450427367519, -21.219734146886093 ], [ -44.896719921952752, -21.219734146886104 ], [ -44.896719921952752, -21.219464652300861 ], [ -44.896450427367519, -21.219464652300868 ], [ -44.896450427367519, -21.219734146886093 ] ] ] } },
{ "type": "Feature", "properties": { "id_feicao": "fogo_2017_1208", "ano": 2017.0, "mes": 10, "codigo_original": 15, "classe": "Pastagem", "cor": "#edde8e", "area_ha": 0.083444633012544359 }, "geometry": { "type": "Polygon", "coordinates": [ [ [ -44.989156564688649, -21.167721691935583 ], [ -44.989426059273889, -21.167721691935572 ], [ -44.989426059273889, -21.167452197350343 ], [ -44.989156564688649, -21.16745219735034 ], [ -44.989156564688649, -21.167721691935583 ] ] ] } },
{ "type": "Feature", "properties": { "id_feicao": "fogo_2017_1209", "ano": 2017.0, "mes": 10, "codigo_original": 15, "classe": "Pastagem", "cor": "#edde8e", "area_ha": 0.083445820090267811 }, "geometry": { "type": "Polygon", "coordinates": [ [ [ -44.989965048444361, -21.165565735253693 ], [ -44.990234543029594, -21.165565735253693 ], [ -44.990234543029594, -21.165296240668461 ], [ -44.989965048444361, -21.165296240668457 ], [ -44.989965048444361, -21.165565735253693 ] ] ] } },
{ "type": "Feature", "properties": { "id_feicao": "fogo_2017_1210", "ano": 2017.0, "mes": 10, "codigo_original": 15, "classe": "Pastagem", "cor": "#edde8e", "area_ha": 0.25033790786471216 }, "geometry": { "type": "Polygon", "coordinates": [ [ [ -44.988078586347704, -21.165296240668464 ], [ -44.988887070103416, -21.165296240668464 ], [ -44.988887070103416, -21.165026746083221 ], [ -44.988078586347704, -21.165026746083218 ], [ -44.988078586347704, -21.165296240668464 ] ] ] } },
{ "type": "Feature", "properties": { "id_feicao": "fogo_2017_1211", "ano": 2017.0, "mes": 10, "codigo_original": 21, "classe": "Mosaico de Usos", "cor": "#ffefc3", "area_ha": 0.58396055725980545 }, "geometry": { "type": "Polygon", "coordinates": [ [ [ -45.110159633459553, -21.207067901380022 ], [ -45.109081655118608, -21.207067901380022 ], [ -45.109081655118608, -21.207337395965258 ], [ -45.109351149703841, -21.207337395965251 ], [ -45.109351149703841, -21.20760689055048 ], [ -45.110159633459553, -21.20760689055048 ], [ -45.110159633459553, -21.207067901380022 ] ] ] } },
{ "type": "Feature", "properties": { "id_feicao": "fogo_2017_1212", "ano": 2017.0, "mes": 10, "codigo_original": 21, "classe": "Mosaico de Usos", "cor": "#ffefc3", "area_ha": 0.08342350935377181 }, "geometry": { "type": "Polygon", "coordinates": [ [ [ -45.110698622630025, -21.206528912209549 ], [ -45.110968117215258, -21.206528912209553 ], [ -45.110968117215258, -21.206259417624306 ], [ -45.110698622630025, -21.206259417624313 ], [ -45.110698622630025, -21.206528912209549 ] ] ] } },
{ "type": "Feature", "properties": { "id_feicao": "fogo_2017_1213", "ano": 2017.0, "mes": 10, "codigo_original": 21, "classe": "Mosaico de Usos", "cor": "#ffefc3", "area_ha": 3.1701357929661871 }, "geometry": { "type": "Polygon", "coordinates": [ [ [ -45.111237611800497, -21.204911944698136 ], [ -45.112315590141435, -21.204911944698132 ], [ -45.112315590141435, -21.2046424501129 ], [ -45.113124073897147, -21.204642450112896 ], [ -45.113124073897147, -21.20437295552766 ], [ -45.112854579311907, -21.204372955527667 ], [ -45.112854579311907, -21.203833966357184 ], [ -45.112585084726675, -21.203833966357188 ], [ -45.112585084726675, -21.203564471771948 ], [ -45.112315590141435, -21.203564471771951 ], [ -45.112315590141435, -21.203294977186712 ], [ -45.11150710638573, -21.203294977186715 ], [ -45.11150710638573, -21.20437295552766 ], [ -45.110698622630025, -21.20437295552766 ], [ -45.110698622630025, -21.205720428453837 ], [ -45.111237611800497, -21.205720428453837 ], [ -45.111237611800497, -21.204911944698136 ] ] ] } },
{ "type": "Feature", "properties": { "id_feicao": "fogo_2017_1214", "ano": 2017.0, "mes": 10, "codigo_original": 21, "classe": "Mosaico de Usos", "cor": "#ffefc3", "area_ha": 0.33370753097633316 }, "geometry": { "type": "Polygon", "coordinates": [ [ [ -45.110698622630025, -21.200330536749117 ], [ -45.110698622630025, -21.200061042163881 ], [ -45.110429128044785, -21.200061042163885 ], [ -45.110429128044785, -21.200330536749114 ], [ -45.110159633459553, -21.200330536749121 ], [ -45.110159633459553, -21.200600031334357 ], [ -45.110968117215258, -21.200600031334364 ], [ -45.110968117215258, -21.200330536749117 ], [ -45.110698622630025, -21.200330536749117 ] ] ] } },
{ "type": "Feature", "properties": { "id_feicao": "fogo_2017_1215", "ano": 2017.0, "mes": 10, "codigo_original": 21, "classe": "Mosaico de Usos", "cor": "#ffefc3", "area_ha": 0.25028100853916996 }, "geometry": { "type": "Polygon", "coordinates": [ [ [ -45.111237611800497, -21.199791547578648 ], [ -45.111237611800497, -21.200061042163881 ], [ -45.110968117215258, -21.200061042163881 ], [ -45.110968117215258, -21.200330536749117 ], [ -45.11150710638573, -21.200330536749121 ], [ -45.11150710638573, -21.199791547578645 ], [ -45.111237611800497, -21.199791547578648 ] ] ] } },
{ "type": "Feature", "properties": { "id_feicao": "fogo_2017_1216", "ano": 2017.0, "mes": 10, "codigo_original": 21, "classe": "Mosaico de Usos", "cor": "#ffefc3", "area_ha": 0.33370837404765191 }, "geometry": { "type": "Polygon", "coordinates": [ [ [ -45.118244471016624, -21.199522052993409 ], [ -45.117974976431391, -21.199522052993419 ], [ -45.117974976431391, -21.200061042163885 ], [ -45.117705481846151, -21.200061042163885 ], [ -45.117705481846151, -21.200330536749124 ], [ -45.118244471016624, -21.200330536749121 ], [ -45.118244471016624, -21.199522052993409 ] ] ] } },
{ "type": "Feature", "properties": { "id_feicao": "fogo_2017_1217", "ano": 2017.0, "mes": 10, "codigo_original": 21, "classe": "Mosaico de Usos", "cor": "#ffefc3", "area_ha": 0.50056381005163852 }, "geometry": { "type": "Polygon", "coordinates": [ [ [ -45.110968117215258, -21.199252558408169 ], [ -45.110968117215258, -21.198983063822951 ], [ -45.110698622630025, -21.198983063822944 ], [ -45.110698622630025, -21.200061042163881 ], [ -45.110968117215258, -21.200061042163881 ], [ -45.110968117215258, -21.199791547578648 ], [ -45.111237611800497, -21.199791547578648 ], [ -45.111237611800497, -21.199252558408173 ], [ -45.110968117215258, -21.199252558408169 ] ] ] } },
{ "type": "Feature", "properties": { "id_feicao": "fogo_2017_1218", "ano": 2017.0, "mes": 10, "codigo_original": 21, "classe": "Mosaico de Usos", "cor": "#ffefc3", "area_ha": 1.084561983200143 }, "geometry": { "type": "Polygon", "coordinates": [ [ [ -45.111237611800497, -21.198983063822936 ], [ -45.111237611800497, -21.1987135692377 ], [ -45.111776600970963, -21.1987135692377 ], [ -45.111776600970963, -21.19898306382294 ], [ -45.112315590141435, -21.198983063822936 ], [ -45.112315590141435, -21.198444074652475 ], [ -45.111237611800497, -21.198444074652475 ], [ -45.111237611800497, -21.198174580067228 ], [ -45.110968117215258, -21.198174580067239 ], [ -45.110968117215258, -21.197635590896766 ], [ -45.110698622630025, -21.19763559089677 ], [ -45.110698622630025, -21.198174580067231 ], [ -45.110429128044785, -21.198174580067235 ], [ -45.110429128044785, -21.198444074652468 ], [ -45.110968117215258, -21.198444074652468 ], [ -45.110968117215258, -21.198983063822951 ], [ -45.111237611800497, -21.198983063822936 ] ] ] } },
{ "type": "Feature", "properties": { "id_feicao": "fogo_2017_1219", "ano": 2017.0, "mes": 10, "codigo_original": 21, "classe": "Mosaico de Usos", "cor": "#ffefc3", "area_ha": 0.25028902646526696 }, "geometry": { "type": "Polygon", "coordinates": [ [ [ -45.109890138874313, -21.194940645044397 ], [ -45.109351149703841, -21.194940645044401 ], [ -45.109351149703841, -21.19547963421487 ], [ -45.10962064428908, -21.195479634214866 ], [ -45.10962064428908, -21.195210139629637 ], [ -45.109890138874313, -21.195210139629641 ], [ -45.109890138874313, -21.194940645044397 ] ] ] } },
{ "type": "Feature", "properties": { "id_feicao": "fogo_2017_1220", "ano": 2017.0, "mes": 10, "codigo_original": 21, "classe": "Mosaico de Usos", "cor": "#ffefc3", "area_ha": 0.75087021827223466 }, "geometry": { "type": "Polygon", "coordinates": [ [ [ -45.110159633459553, -21.194940645044394 ], [ -45.110159633459553, -21.195210139629644 ], [ -45.111776600970963, -21.195210139629634 ], [ -45.111776600970963, -21.194940645044397 ], [ -45.110968117215258, -21.194940645044394 ], [ -45.110968117215258, -21.194671150459165 ], [ -45.110698622630025, -21.194671150459172 ], [ -45.110698622630025, -21.194940645044401 ], [ -45.110429128044785, -21.194940645044397 ], [ -45.110429128044785, -21.194671150459165 ], [ -45.109890138874313, -21.194671150459161 ], [ -45.109890138874313, -21.194940645044397 ], [ -45.110159633459553, -21.194940645044394 ] ] ] } },
{ "type": "Feature", "properties": { "id_feicao": "fogo_2017_1221", "ano": 2017.0, "mes": 10, "codigo_original": 21, "classe": "Mosaico de Usos", "cor": "#ffefc3", "area_ha": 1.2515537636240128 }, "geometry": { "type": "Polygon", "coordinates": [ [ [ -45.110968117215258, -21.182813388708791 ], [ -45.110968117215258, -21.182543894123555 ], [ -45.111237611800497, -21.182543894123555 ], [ -45.111237611800497, -21.182274399538308 ], [ -45.11150710638573, -21.182274399538315 ], [ -45.11150710638573, -21.18146591578261 ], [ -45.110698622630025, -21.181465915782614 ], [ -45.110698622630025, -21.181735410367835 ], [ -45.110429128044785, -21.181735410367839 ], [ -45.110429128044785, -21.182543894123548 ], [ -45.110698622630025, -21.182543894123551 ], [ -45.110698622630025, -21.182813388708791 ], [ -45.110968117215258, -21.182813388708791 ] ] ] } },
{ "type": "Feature", "properties": { "id_feicao": "fogo_2017_1222", "ano": 2017.0, "mes": 10, "codigo_original": 21, "classe": "Mosaico de Usos", "cor": "#ffefc3", "area_ha": 0.41718491667639462 }, "geometry": { "type": "Polygon", "coordinates": [ [ [ -45.100457828391058, -21.182004904953086 ], [ -45.099918839220585, -21.182004904953079 ], [ -45.099918839220585, -21.18173541036785 ], [ -45.099649344635353, -21.181735410367843 ], [ -45.099649344635353, -21.182004904953086 ], [ -45.099379850050113, -21.182004904953082 ], [ -45.099379850050113, -21.182274399538311 ], [ -45.100457828391058, -21.182274399538311 ], [ -45.100457828391058, -21.182004904953086 ] ] ] } },
{ "type": "Feature", "properties": { "id_feicao": "fogo_2017_1223", "ano": 2017.0, "mes": 10, "codigo_original": 21, "classe": "Mosaico de Usos", "cor": "#ffefc3", "area_ha": 1.7521974418088084 }, "geometry": { "type": "Polygon", "coordinates": [ [ [ -45.101535806732002, -21.180657432026898 ], [ -45.101535806732002, -21.180926926612138 ], [ -45.10126631214677, -21.180926926612134 ], [ -45.10126631214677, -21.181196421197377 ], [ -45.101535806732002, -21.181196421197367 ], [ -45.101535806732002, -21.18146591578261 ], [ -45.101805301317242, -21.181465915782606 ], [ -45.101805301317242, -21.180118442856433 ], [ -45.100727322976297, -21.180118442856436 ], [ -45.100727322976297, -21.179848948271193 ], [ -45.100457828391058, -21.179848948271196 ], [ -45.100457828391058, -21.180118442856436 ], [ -45.099918839220585, -21.180118442856433 ], [ -45.099918839220585, -21.179848948271196 ], [ -45.099649344635353, -21.179848948271196 ], [ -45.099649344635353, -21.17957945368596 ], [ -45.09911035546488, -21.179579453685964 ], [ -45.09911035546488, -21.180118442856436 ], [ -45.099379850050113, -21.180118442856429 ], [ -45.099379850050113, -21.180387937441658 ], [ -45.10126631214677, -21.180387937441665 ], [ -45.10126631214677, -21.180657432026898 ], [ -45.101535806732002, -21.180657432026898 ] ] ] } },
{ "type": "Feature", "properties": { "id_feicao": "fogo_2017_1224", "ano": 2017.0, "mes": 10, "codigo_original": 21, "classe": "Mosaico de Usos", "cor": "#ffefc3", "area_ha": 0.16688057980494905 }, "geometry": { "type": "Polygon", "coordinates": [ [ [ -45.108812160533368, -21.17607602407789 ], [ -45.108812160533368, -21.175806529492657 ], [ -45.108273171362903, -21.175806529492657 ], [ -45.108273171362903, -21.176076024077901 ], [ -45.108812160533368, -21.17607602407789 ] ] ] } },
{ "type": "Feature", "properties": { "id_feicao": "fogo_2017_1225", "ano": 2017.0, "mes": 10, "codigo_original": 21, "classe": "Mosaico de Usos", "cor": "#ffefc3", "area_ha": 0.75096770959943537 }, "geometry": { "type": "Polygon", "coordinates": [ [ [ -45.108542665948136, -21.17418956198124 ], [ -45.108273171362903, -21.174189561981251 ], [ -45.108273171362903, -21.174459056566473 ], [ -45.108003676777663, -21.174459056566473 ], [ -45.108003676777663, -21.175537034907418 ], [ -45.108542665948136, -21.175537034907418 ], [ -45.108542665948136, -21.17418956198124 ] ] ] } },
{ "type": "Feature", "properties": { "id_feicao": "fogo_2017_1226", "ano": 2017.0, "mes": 10, "codigo_original": 21, "classe": "Mosaico de Usos", "cor": "#ffefc3", "area_ha": 0.33376432495146491 }, "geometry": { "type": "Polygon", "coordinates": [ [ [ -45.103422268828652, -21.174728551151709 ], [ -45.103422268828652, -21.174189561981251 ], [ -45.10288327965818, -21.174189561981244 ], [ -45.10288327965818, -21.174728551151713 ], [ -45.103422268828652, -21.174728551151709 ] ] ] } },
{ "type": "Feature", "properties": { "id_feicao": "fogo_2017_1227", "ano": 2017.0, "mes": 10, "codigo_original": 21, "classe": "Mosaico de Usos", "cor": "#ffefc3", "area_ha": 0.83392518051687525 }, "geometry": { "type": "Polygon", "coordinates": [ [ [ -45.051140319292905, -21.262853280523832 ], [ -45.051140319292905, -21.261236313012422 ], [ -45.050601330122433, -21.261236313012425 ], [ -45.050601330122433, -21.261505807597651 ], [ -45.050870824707665, -21.261505807597658 ], [ -45.050870824707665, -21.26204479676813 ], [ -45.050601330122433, -21.262044796768134 ], [ -45.050601330122433, -21.262853280523832 ], [ -45.051140319292905, -21.262853280523832 ] ] ] } },
{ "type": "Feature", "properties": { "id_feicao": "fogo_2017_1228", "ano": 2017.0, "mes": 10, "codigo_original": 21, "classe": "Mosaico de Usos", "cor": "#ffefc3", "area_ha": 0.25017965475097298 }, "geometry": { "type": "Polygon", "coordinates": [ [ [ -45.050331835537193, -21.261236313012425 ], [ -45.050601330122433, -21.261236313012425 ], [ -45.050601330122433, -21.260427829256717 ], [ -45.050331835537193, -21.260427829256724 ], [ -45.050331835537193, -21.261236313012425 ] ] ] } },
{ "type": "Feature", "properties": { "id_feicao": "fogo_2017_1229", "ano": 2017.0, "mes": 10, "codigo_original": 21, "classe": "Mosaico de Usos", "cor": "#ffefc3", "area_ha": 0.083413500073145366 }, "geometry": { "type": "Polygon", "coordinates": [ [ [ -45.060842124361386, -21.224315554835112 ], [ -45.060842124361386, -21.224046060249876 ], [ -45.060572629776154, -21.224046060249872 ], [ -45.060572629776154, -21.224315554835108 ], [ -45.060842124361386, -21.224315554835112 ] ] ] } },
{ "type": "Feature", "properties": { "id_feicao": "fogo_2017_1230", "ano": 2017.0, "mes": 10, "codigo_original": 21, "classe": "Mosaico de Usos", "cor": "#ffefc3", "area_ha": 0.16682729418163453 }, "geometry": { "type": "Polygon", "coordinates": [ [ [ -45.060303135190914, -21.224046060249872 ], [ -45.060303135190914, -21.223776565664636 ], [ -45.059764146020449, -21.223776565664636 ], [ -45.059764146020449, -21.224046060249879 ], [ -45.060303135190914, -21.224046060249872 ] ] ] } },
{ "type": "Feature", "properties": { "id_feicao": "fogo_2017_1231", "ano": 2017.0, "mes": 10, "codigo_original": 21, "classe": "Mosaico de Usos", "cor": "#ffefc3", "area_ha": 0.083413794832024726 }, "geometry": { "type": "Polygon", "coordinates": [ [ [ -45.059494651435209, -21.223776565664636 ], [ -45.059764146020449, -21.223776565664636 ], [ -45.059764146020449, -21.223507071079407 ], [ -45.059494651435209, -21.22350707107941 ], [ -45.059494651435209, -21.223776565664636 ] ] ] } },
{ "type": "Feature", "properties": { "id_feicao": "fogo_2017_1232", "ano": 2017.0, "mes": 10, "codigo_original": 21, "classe": "Mosaico de Usos", "cor": "#ffefc3", "area_ha": 0.33365607653285734 }, "geometry": { "type": "Polygon", "coordinates": [ [ [ -45.060303135190914, -21.22350707107941 ], [ -45.060303135190914, -21.222968081908931 ], [ -45.059764146020449, -21.222968081908924 ], [ -45.059764146020449, -21.223507071079407 ], [ -45.060303135190914, -21.22350707107941 ] ] ] } },
{ "type": "Feature", "properties": { "id_feicao": "fogo_2017_1233", "ano": 2017.0, "mes": 10, "codigo_original": 21, "classe": "Mosaico de Usos", "cor": "#ffefc3", "area_ha": 0.083414241281111023 }, "geometry": { "type": "Polygon", "coordinates": [ [ [ -45.059764146020449, -21.222968081908924 ], [ -45.059764146020449, -21.222698587323691 ], [ -45.059494651435209, -21.222698587323691 ], [ -45.059494651435209, -21.222968081908931 ], [ -45.059764146020449, -21.222968081908924 ] ] ] } },
{ "type": "Feature", "properties": { "id_feicao": "fogo_2017_1234", "ano": 2017.0, "mes": 10, "codigo_original": 21, "classe": "Mosaico de Usos", "cor": "#ffefc3", "area_ha": 0.25024471975751222 }, "geometry": { "type": "Polygon", "coordinates": [ [ [ -45.059225156849976, -21.221351114397518 ], [ -45.058955662264736, -21.221351114397514 ], [ -45.058955662264736, -21.22162060898275 ], [ -45.058686167679504, -21.221620608982757 ], [ -45.058686167679504, -21.221890103567986 ], [ -45.059225156849976, -21.221890103567986 ], [ -45.059225156849976, -21.221351114397518 ] ] ] } },
{ "type": "Feature", "properties": { "id_feicao": "fogo_2017_1235", "ano": 2017.0, "mes": 10, "codigo_original": 21, "classe": "Mosaico de Usos", "cor": "#ffefc3", "area_ha": 0.25026483375392855 }, "geometry": { "type": "Polygon", "coordinates": [ [ [ -45.084288153276908, -21.209762847232369 ], [ -45.085096637032613, -21.209762847232369 ], [ -45.085096637032613, -21.20949335264714 ], [ -45.084288153276908, -21.209493352647133 ], [ -45.084288153276908, -21.209762847232369 ] ] ] } },
{ "type": "Feature", "properties": { "id_feicao": "fogo_2017_1236", "ano": 2017.0, "mes": 10, "codigo_original": 21, "classe": "Mosaico de Usos", "cor": "#ffefc3", "area_ha": 1.3347753719935194 }, "geometry": { "type": "Polygon", "coordinates": [ [ [ -45.078898261572199, -21.207606890550487 ], [ -45.079167756157425, -21.207606890550483 ], [ -45.079167756157425, -21.207337395965251 ], [ -45.079437250742671, -21.207337395965251 ], [ -45.079437250742671, -21.206528912209546 ], [ -45.079706745327897, -21.206528912209546 ], [ -45.079706745327897, -21.205720428453837 ], [ -45.080245734498369, -21.205720428453837 ], [ -45.080245734498369, -21.205450933868601 ], [ -45.079706745327897, -21.205450933868601 ], [ -45.079706745327897, -21.205181439283368 ], [ -45.079437250742671, -21.205181439283361 ], [ -45.079437250742671, -21.205450933868597 ], [ -45.079167756157425, -21.205450933868605 ], [ -45.079167756157425, -21.207067901380022 ], [ -45.078898261572199, -21.207067901380011 ], [ -45.078898261572199, -21.207606890550487 ] ] ] } },
{ "type": "Feature", "properties": { "id_feicao": "fogo_2017_1237", "ano": 2017.0, "mes": 10, "codigo_original": 21, "classe": "Mosaico de Usos", "cor": "#ffefc3", "area_ha": 0.083427885696234619 }, "geometry": { "type": "Polygon", "coordinates": [ [ [ -45.092372990833987, -21.198444074652464 ], [ -45.092372990833987, -21.198174580067228 ], [ -45.092103496248747, -21.198174580067235 ], [ -45.092103496248747, -21.198444074652475 ], [ -45.092372990833987, -21.198444074652464 ] ] ] } },
{ "type": "Feature", "properties": { "id_feicao": "fogo_2017_1238", "ano": 2017.0, "mes": 10, "codigo_original": 21, "classe": "Mosaico de Usos", "cor": "#ffefc3", "area_ha": 0.41716631848900504 }, "geometry": { "type": "Polygon", "coordinates": [ [ [ -45.09911035546488, -21.189011764169216 ], [ -45.09911035546488, -21.188203280413504 ], [ -45.098571366294408, -21.188203280413507 ], [ -45.098571366294408, -21.18847277499874 ], [ -45.098840860879648, -21.188472774998736 ], [ -45.098840860879648, -21.188742269583976 ], [ -45.098571366294408, -21.188742269583976 ], [ -45.098571366294408, -21.189011764169209 ], [ -45.09911035546488, -21.189011764169216 ] ] ] } },
{ "type": "Feature", "properties": { "id_feicao": "fogo_2017_1239", "ano": 2017.0, "mes": 10, "codigo_original": 21, "classe": "Mosaico de Usos", "cor": "#ffefc3", "area_ha": 0.33373422051724044 }, "geometry": { "type": "Polygon", "coordinates": [ [ [ -45.097762882538703, -21.187933785828271 ], [ -45.097493387953463, -21.187933785828267 ], [ -45.097493387953463, -21.187664291243031 ], [ -45.097223893368231, -21.187664291243028 ], [ -45.097223893368231, -21.188203280413504 ], [ -45.097493387953463, -21.1882032804135 ], [ -45.097493387953463, -21.18847277499875 ], [ -45.097762882538703, -21.188472774998743 ], [ -45.097762882538703, -21.187933785828271 ] ] ] } },
{ "type": "Feature", "properties": { "id_feicao": "fogo_2017_1240", "ano": 2017.0, "mes": 10, "codigo_original": 21, "classe": "Mosaico de Usos", "cor": "#ffefc3", "area_ha": 0.083433852866156025 }, "geometry": { "type": "Polygon", "coordinates": [ [ [ -45.097762882538703, -21.187664291243038 ], [ -45.097762882538703, -21.187394796657802 ], [ -45.097493387953463, -21.187394796657795 ], [ -45.097493387953463, -21.187664291243031 ], [ -45.097762882538703, -21.187664291243038 ] ] ] } },
{ "type": "Feature", "properties": { "id_feicao": "fogo_2017_1241", "ano": 2017.0, "mes": 10, "codigo_original": 21, "classe": "Mosaico de Usos", "cor": "#ffefc3", "area_ha": 0.083434000270877648 }, "geometry": { "type": "Polygon", "coordinates": [ [ [ -45.097493387953463, -21.187394796657795 ], [ -45.097493387953463, -21.187125302072555 ], [ -45.097223893368231, -21.187125302072566 ], [ -45.097223893368231, -21.187394796657795 ], [ -45.097493387953463, -21.187394796657795 ] ] ] } },
{ "type": "Feature", "properties": { "id_feicao": "fogo_2017_1242", "ano": 2017.0, "mes": 10, "codigo_original": 21, "classe": "Mosaico de Usos", "cor": "#ffefc3", "area_ha": 2.3362373043724336 }, "geometry": { "type": "Polygon", "coordinates": [ [ [ -45.098301871709175, -21.181735410367839 ], [ -45.097762882538703, -21.181735410367843 ], [ -45.097762882538703, -21.182004904953082 ], [ -45.097493387953463, -21.182004904953079 ], [ -45.097493387953463, -21.182274399538315 ], [ -45.097223893368231, -21.182274399538318 ], [ -45.097223893368231, -21.182543894123555 ], [ -45.096954398782991, -21.182543894123544 ], [ -45.096954398782991, -21.183621872464485 ], [ -45.097223893368231, -21.183621872464496 ], [ -45.097223893368231, -21.182813388708784 ], [ -45.097493387953463, -21.182813388708784 ], [ -45.097493387953463, -21.182543894123555 ], [ -45.097762882538703, -21.182543894123548 ], [ -45.097762882538703, -21.182274399538308 ], [ -45.098032377123936, -21.182274399538311 ], [ -45.098032377123936, -21.182004904953082 ], [ -45.098840860879648, -21.182004904953079 ], [ -45.098840860879648, -21.181735410367839 ], [ -45.099649344635353, -21.181735410367843 ], [ -45.099649344635353, -21.18146591578261 ], [ -45.10126631214677, -21.18146591578261 ], [ -45.10126631214677, -21.181196421197377 ], [ -45.100457828391058, -21.181196421197374 ], [ -45.100457828391058, -21.180926926612127 ], [ -45.099918839220585, -21.180926926612138 ], [ -45.099918839220585, -21.181196421197377 ], [ -45.09911035546488, -21.18119642119737 ], [ -45.09911035546488, -21.181465915782614 ], [ -45.098301871709175, -21.18146591578261 ], [ -45.098301871709175, -21.181735410367839 ] ] ] } },
{ "type": "Feature", "properties": { "id_feicao": "fogo_2017_1243", "ano": 2017.0, "mes": 10, "codigo_original": 21, "classe": "Mosaico de Usos", "cor": "#ffefc3", "area_ha": 0.083349430489954648 }, "geometry": { "type": "Polygon", "coordinates": [ [ [ -45.033084182082092, -21.339928731901292 ], [ -45.033084182082092, -21.339659237316059 ], [ -45.03281468749686, -21.339659237316052 ], [ -45.03281468749686, -21.339928731901296 ], [ -45.033084182082092, -21.339928731901292 ] ] ] } },
{ "type": "Feature", "properties": { "id_feicao": "fogo_2017_1244", "ano": 2017.0, "mes": 10, "codigo_original": 21, "classe": "Mosaico de Usos", "cor": "#ffefc3", "area_ha": 0.25006056796327553 }, "geometry": { "type": "Polygon", "coordinates": [ [ [ -45.002631293950451, -21.33211338892945 ], [ -45.002631293950451, -21.33238288351469 ], [ -45.002900788535676, -21.332382883514683 ], [ -45.002900788535676, -21.33265237809993 ], [ -45.003170283120923, -21.332652378099922 ], [ -45.003170283120923, -21.332113388929447 ], [ -45.002631293950451, -21.33211338892945 ] ] ] } },
{ "type": "Feature", "properties": { "id_feicao": "fogo_2017_1245", "ano": 2017.0, "mes": 10, "codigo_original": 21, "classe": "Mosaico de Usos", "cor": "#ffefc3", "area_ha": 1.750427129098773 }, "geometry": { "type": "Polygon", "coordinates": [ [ [ -45.00478725063234, -21.332921872685159 ], [ -45.004517756047093, -21.332921872685162 ], [ -45.004517756047093, -21.333191367270391 ], [ -45.005056745217566, -21.333191367270398 ], [ -45.005056745217566, -21.332652378099922 ], [ -45.005326239802812, -21.332652378099922 ], [ -45.005326239802812, -21.332382883514686 ], [ -45.005865228973271, -21.332382883514679 ], [ -45.005865228973271, -21.332113388929454 ], [ -45.006404218143743, -21.332113388929447 ], [ -45.006404218143743, -21.33184389434421 ], [ -45.00613472355851, -21.331843894344221 ], [ -45.00613472355851, -21.331574399758974 ], [ -45.005865228973271, -21.331574399758974 ], [ -45.005865228973271, -21.331304905173742 ], [ -45.005326239802812, -21.331304905173745 ], [ -45.005326239802812, -21.331574399758978 ], [ -45.005056745217566, -21.331574399758978 ], [ -45.005056745217566, -21.331843894344221 ], [ -45.00478725063234, -21.331843894344217 ], [ -45.00478725063234, -21.332921872685159 ] ] ] } },
{ "type": "Feature", "properties": { "id_feicao": "fogo_2017_1246", "ano": 2017.0, "mes": 10, "codigo_original": 21, "classe": "Mosaico de Usos", "cor": "#ffefc3", "area_ha": 0.16670763809726302 }, "geometry": { "type": "Polygon", "coordinates": [ [ [ -45.002631293950451, -21.33211338892945 ], [ -45.002631293950451, -21.331574399758978 ], [ -45.002361799365211, -21.331574399758974 ], [ -45.002361799365211, -21.33211338892945 ], [ -45.002631293950451, -21.33211338892945 ] ] ] } },
{ "type": "Feature", "properties": { "id_feicao": "fogo_2017_1247", "ano": 2017.0, "mes": 10, "codigo_original": 21, "classe": "Mosaico de Usos", "cor": "#ffefc3", "area_ha": 0.25006734093860261 }, "geometry": { "type": "Polygon", "coordinates": [ [ [ -45.029850247059265, -21.328070970150918 ], [ -45.029850247059265, -21.328609959321387 ], [ -45.030389236229738, -21.328609959321376 ], [ -45.030389236229738, -21.328340464736151 ], [ -45.030119741644498, -21.328340464736147 ], [ -45.030119741644498, -21.328070970150918 ], [ -45.029850247059265, -21.328070970150918 ] ] ] } },
{ "type": "Feature", "properties": { "id_feicao": "fogo_2017_1248", "ano": 2017.0, "mes": 10, "codigo_original": 21, "classe": "Mosaico de Usos", "cor": "#ffefc3", "area_ha": 1.0002705759029835 }, "geometry": { "type": "Polygon", "coordinates": [ [ [ -45.02904176330356, -21.328879453906616 ], [ -45.029850247059265, -21.32887945390662 ], [ -45.029850247059265, -21.328609959321387 ], [ -45.029311257888793, -21.32860995932139 ], [ -45.029311257888793, -21.328340464736147 ], [ -45.029580752474033, -21.328340464736147 ], [ -45.029580752474033, -21.328070970150915 ], [ -45.029311257888793, -21.328070970150918 ], [ -45.029311257888793, -21.327801475565682 ], [ -45.02904176330356, -21.327801475565682 ], [ -45.02904176330356, -21.327531980980446 ], [ -45.028233279547848, -21.327531980980442 ], [ -45.028233279547848, -21.327801475565686 ], [ -45.028502774133088, -21.327801475565682 ], [ -45.028502774133088, -21.328070970150922 ], [ -45.02904176330356, -21.328070970150918 ], [ -45.02904176330356, -21.328879453906616 ] ] ] } },
{ "type": "Feature", "properties": { "id_feicao": "fogo_2017_1249", "ano": 2017.0, "mes": 10, "codigo_original": 21, "classe": "Mosaico de Usos", "cor": "#ffefc3", "area_ha": 0.083356007459364195 }, "geometry": { "type": "Polygon", "coordinates": [ [ [ -45.030389236229738, -21.328070970150918 ], [ -45.030389236229738, -21.327801475565682 ], [ -45.030119741644498, -21.327801475565678 ], [ -45.030119741644498, -21.328070970150918 ], [ -45.030389236229738, -21.328070970150918 ] ] ] } },
{ "type": "Feature", "properties": { "id_feicao": "fogo_2017_1250", "ano": 2017.0, "mes": 10, "codigo_original": 21, "classe": "Mosaico de Usos", "cor": "#ffefc3", "area_ha": 0.16671573443232321 }, "geometry": { "type": "Polygon", "coordinates": [ [ [ -45.022573893257899, -21.324837035128095 ], [ -45.022573893257899, -21.324298045957612 ], [ -45.022304398672659, -21.324298045957615 ], [ -45.022304398672659, -21.324837035128084 ], [ -45.022573893257899, -21.324837035128095 ] ] ] } },
{ "type": "Feature", "properties": { "id_feicao": "fogo_2017_1251", "ano": 2017.0, "mes": 10, "codigo_original": 21, "classe": "Mosaico de Usos", "cor": "#ffefc3", "area_ha": 0.083393515784572811 }, "geometry": { "type": "Polygon", "coordinates": [ [ [ -45.05006234095196, -21.260427829256724 ], [ -45.050331835537193, -21.260427829256724 ], [ -45.050331835537193, -21.260158334671484 ], [ -45.05006234095196, -21.260158334671488 ], [ -45.05006234095196, -21.260427829256724 ] ] ] } },
{ "type": "Feature", "properties": { "id_feicao": "fogo_2017_1252", "ano": 2017.0, "mes": 10, "codigo_original": 21, "classe": "Mosaico de Usos", "cor": "#ffefc3", "area_ha": 0.16679072210924978 }, "geometry": { "type": "Polygon", "coordinates": [ [ [ -44.929059272181064, -21.257193894233879 ], [ -44.929059272181064, -21.256924399648653 ], [ -44.928520283010592, -21.25692439964865 ], [ -44.928520283010592, -21.257193894233879 ], [ -44.929059272181064, -21.257193894233879 ] ] ] } },
{ "type": "Feature", "properties": { "id_feicao": "fogo_2017_1253", "ano": 2017.0, "mes": 10, "codigo_original": 21, "classe": "Mosaico de Usos", "cor": "#ffefc3", "area_ha": 0.083395511383026089 }, "geometry": { "type": "Polygon", "coordinates": [ [ [ -44.928520283010592, -21.25692439964865 ], [ -44.928520283010592, -21.256654905063417 ], [ -44.928250788425345, -21.256654905063414 ], [ -44.928250788425345, -21.256924399648657 ], [ -44.928520283010592, -21.25692439964865 ] ] ] } },
{ "type": "Feature", "properties": { "id_feicao": "fogo_2017_1254", "ano": 2017.0, "mes": 10, "codigo_original": 21, "classe": "Mosaico de Usos", "cor": "#ffefc3", "area_ha": 0.66717153263203799 }, "geometry": { "type": "Polygon", "coordinates": [ [ [ -44.928520283010592, -21.25530743213724 ], [ -44.92932876676629, -21.255307432137236 ], [ -44.92932876676629, -21.254768442966764 ], [ -44.928520283010592, -21.254768442966757 ], [ -44.928520283010592, -21.255037937552 ], [ -44.928250788425345, -21.255037937552 ], [ -44.928250788425345, -21.255576926722473 ], [ -44.928520283010592, -21.255576926722473 ], [ -44.928520283010592, -21.25530743213724 ] ] ] } },
{ "type": "Feature", "properties": { "id_feicao": "fogo_2017_1255", "ano": 2017.0, "mes": 10, "codigo_original": 21, "classe": "Mosaico de Usos", "cor": "#ffefc3", "area_ha": 0.083396703658389693 }, "geometry": { "type": "Polygon", "coordinates": [ [ [ -44.928520283010592, -21.254768442966757 ], [ -44.928520283010592, -21.254498948381531 ], [ -44.928250788425345, -21.254498948381531 ], [ -44.928250788425345, -21.254768442966764 ], [ -44.928520283010592, -21.254768442966757 ] ] ] } },
{ "type": "Feature", "properties": { "id_feicao": "fogo_2017_1256", "ano": 2017.0, "mes": 10, "codigo_original": 21, "classe": "Mosaico de Usos", "cor": "#ffefc3", "area_ha": 2.8362884369074775 }, "geometry": { "type": "Polygon", "coordinates": [ [ [ -44.970561438307378, -21.213535771425676 ], [ -44.970561438307378, -21.213266276840443 ], [ -44.970830932892611, -21.213266276840443 ], [ -44.970830932892611, -21.212457793084727 ], [ -44.97110042747785, -21.212457793084731 ], [ -44.97110042747785, -21.212188298499498 ], [ -44.971369922063083, -21.212188298499495 ], [ -44.971369922063083, -21.211918803914259 ], [ -44.971639416648323, -21.211918803914259 ], [ -44.971639416648323, -21.211379814743783 ], [ -44.971369922063083, -21.211379814743786 ], [ -44.971369922063083, -21.211110320158557 ], [ -44.97110042747785, -21.211110320158557 ], [ -44.97110042747785, -21.210840825573321 ], [ -44.970830932892611, -21.21084082557331 ], [ -44.970830932892611, -21.210571330988078 ], [ -44.970291943722138, -21.210571330988081 ], [ -44.970291943722138, -21.210840825573317 ], [ -44.970022449136906, -21.210840825573314 ], [ -44.970022449136906, -21.211110320158557 ], [ -44.970291943722138, -21.211110320158546 ], [ -44.970291943722138, -21.213535771425679 ], [ -44.970561438307378, -21.213535771425676 ] ] ] } },
{ "type": "Feature", "properties": { "id_feicao": "fogo_2017_1257", "ano": 2017.0, "mes": 10, "codigo_original": 41, "classe": "Outras Lavouras Temporárias", "cor": "#f54ca9", "area_ha": 0.83353538928746362 }, "geometry": { "type": "Polygon", "coordinates": [ [ [ -45.040360535883465, -21.332921872685162 ], [ -45.040360535883465, -21.332382883514693 ], [ -45.040630030468698, -21.332382883514686 ], [ -45.040630030468698, -21.331843894344214 ], [ -45.040091041298226, -21.331843894344221 ], [ -45.040091041298226, -21.33238288351469 ], [ -45.039552052127753, -21.33238288351469 ], [ -45.039552052127753, -21.332921872685169 ], [ -45.040360535883465, -21.332921872685162 ] ] ] } },
{ "type": "Feature", "properties": { "id_feicao": "fogo_2017_1258", "ano": 2017.0, "mes": 10, "codigo_original": 41, "classe": "Outras Lavouras Temporárias", "cor": "#f54ca9", "area_ha": 0.25008323483699996 }, "geometry": { "type": "Polygon", "coordinates": [ [ [ -45.019339958235065, -21.318369165082416 ], [ -45.019339958235065, -21.319177648838131 ], [ -45.019609452820305, -21.319177648838124 ], [ -45.019609452820305, -21.318369165082419 ], [ -45.019339958235065, -21.318369165082416 ] ] ] } },
{ "type": "Feature", "properties": { "id_feicao": "fogo_2017_1259", "ano": 2017.0, "mes": 10, "codigo_original": 41, "classe": "Outras Lavouras Temporárias", "cor": "#f54ca9", "area_ha": 0.41680838037813916 }, "geometry": { "type": "Polygon", "coordinates": [ [ [ -45.02041793657601, -21.317830175911954 ], [ -45.02041793657601, -21.317560681326714 ], [ -45.020687431161249, -21.317560681326718 ], [ -45.020687431161249, -21.317291186741471 ], [ -45.019609452820305, -21.317291186741482 ], [ -45.019609452820305, -21.317560681326718 ], [ -45.020148441990777, -21.317560681326707 ], [ -45.020148441990777, -21.317830175911958 ], [ -45.02041793657601, -21.317830175911954 ] ] ] } },
{ "type": "Feature", "properties": { "id_feicao": "fogo_2017_1260", "ano": 2017.0, "mes": 10, "codigo_original": 41, "classe": "Outras Lavouras Temporárias", "cor": "#f54ca9", "area_ha": 14.259917806734828 }, "geometry": { "type": "Polygon", "coordinates": [ [ [ -45.039821546712993, -21.266087215546673 ], [ -45.039821546712993, -21.26743468847285 ], [ -45.04116901963917, -21.267434688472843 ], [ -45.04116901963917, -21.266895699302371 ], [ -45.04143851422441, -21.266895699302378 ], [ -45.04143851422441, -21.266356710131905 ], [ -45.041708008809643, -21.266356710131909 ], [ -45.041708008809643, -21.266087215546666 ], [ -45.041977503394882, -21.266087215546658 ], [ -45.041977503394882, -21.265817720961429 ], [ -45.042516492565348, -21.265817720961426 ], [ -45.042516492565348, -21.264470248035256 ], [ -45.042785987150587, -21.264470248035249 ], [ -45.042785987150587, -21.263122775109078 ], [ -45.042516492565348, -21.263122775109078 ], [ -45.042516492565348, -21.262314291353366 ], [ -45.042246997980115, -21.262314291353373 ], [ -45.042246997980115, -21.262044796768137 ], [ -45.040899525053938, -21.26204479676813 ], [ -45.040899525053938, -21.260966818427189 ], [ -45.039552052127753, -21.260966818427192 ], [ -45.039552052127753, -21.262044796768137 ], [ -45.040360535883465, -21.26204479676813 ], [ -45.040360535883465, -21.266087215546666 ], [ -45.039821546712993, -21.266087215546673 ] ] ] } },
{ "type": "Feature", "properties": { "id_feicao": "fogo_2017_1261", "ano": 2017.0, "mes": 10, "codigo_original": 41, "classe": "Outras Lavouras Temporárias", "cor": "#f54ca9", "area_ha": 41.362891906877536 }, "geometry": { "type": "Polygon", "coordinates": [ [ [ -45.044133460076765, -21.257193894233883 ], [ -45.044133460076765, -21.257463388819115 ], [ -45.04332497632106, -21.257463388819119 ], [ -45.04332497632106, -21.258002377989591 ], [ -45.046019922173414, -21.258002377989587 ], [ -45.046019922173414, -21.260158334671473 ], [ -45.044941943832477, -21.260158334671473 ], [ -45.044941943832477, -21.260966818427192 ], [ -45.044672449247237, -21.260966818427185 ], [ -45.044672449247237, -21.261505807597658 ], [ -45.044402954662004, -21.261505807597654 ], [ -45.044402954662004, -21.26231429135337 ], [ -45.044672449247237, -21.262314291353373 ], [ -45.044672449247237, -21.262583785938599 ], [ -45.044941943832477, -21.262583785938595 ], [ -45.044941943832477, -21.262853280523828 ], [ -45.045211438417709, -21.262853280523835 ], [ -45.045211438417709, -21.263122775109078 ], [ -45.045480933002942, -21.263122775109078 ], [ -45.045480933002942, -21.263661764279544 ], [ -45.046289416758654, -21.263661764279544 ], [ -45.046289416758654, -21.263931258864783 ], [ -45.046019922173414, -21.26393125886478 ], [ -45.046019922173414, -21.264200753450019 ], [ -45.046289416758654, -21.264200753450012 ], [ -45.046289416758654, -21.264739742620492 ], [ -45.046558911343887, -21.264739742620492 ], [ -45.046558911343887, -21.265009237205721 ], [ -45.046828405929126, -21.265009237205721 ], [ -45.046828405929126, -21.265278731790961 ], [ -45.047097900514359, -21.265278731790957 ], [ -45.047097900514359, -21.265548226376197 ], [ -45.047367395099599, -21.265548226376193 ], [ -45.047367395099599, -21.265817720961422 ], [ -45.047636889684831, -21.265817720961433 ], [ -45.047636889684831, -21.265548226376193 ], [ -45.048984362611016, -21.265548226376204 ], [ -45.048984362611016, -21.265278731790957 ], [ -45.049253857196248, -21.26527873179095 ], [ -45.049253857196248, -21.264739742620495 ], [ -45.049523351781488, -21.264739742620495 ], [ -45.049523351781488, -21.264200753450019 ], [ -45.05006234095196, -21.264200753450019 ], [ -45.05006234095196, -21.263931258864769 ], [ -45.050601330122433, -21.263931258864773 ], [ -45.050601330122433, -21.263661764279536 ], [ -45.050870824707665, -21.263661764279544 ], [ -45.050870824707665, -21.263392269694304 ], [ -45.050601330122433, -21.263392269694307 ], [ -45.050601330122433, -21.262044796768134 ], [ -45.050870824707665, -21.26204479676813 ], [ -45.050870824707665, -21.261505807597658 ], [ -45.050601330122433, -21.261505807597651 ], [ -45.050601330122433, -21.261236313012425 ], [ -45.050331835537193, -21.261236313012425 ], [ -45.050331835537193, -21.260427829256724 ], [ -45.05006234095196, -21.260427829256724 ], [ -45.05006234095196, -21.259888840086244 ], [ -45.049792846366721, -21.259888840086241 ], [ -45.049792846366721, -21.259619345501008 ], [ -45.049523351781488, -21.259619345501001 ], [ -45.049523351781488, -21.259349850915768 ], [ -45.048984362611016, -21.259349850915772 ], [ -45.048984362611016, -21.2588108617453 ], [ -45.047367395099599, -21.2588108617453 ], [ -45.047367395099599, -21.257193894233883 ], [ -45.047097900514359, -21.25719389423389 ], [ -45.047097900514359, -21.25692439964865 ], [ -45.046019922173414, -21.256924399648643 ], [ -45.046019922173414, -21.256654905063407 ], [ -45.045480933002942, -21.256654905063414 ], [ -45.045480933002942, -21.256385410478174 ], [ -45.044672449247237, -21.25638541047817 ], [ -45.044672449247237, -21.256924399648639 ], [ -45.044402954662004, -21.25692439964865 ], [ -45.044402954662004, -21.25719389423389 ], [ -45.044133460076765, -21.257193894233883 ] ] ] } },
{ "type": "Feature", "properties": { "id_feicao": "fogo_2017_1262", "ano": 2017.0, "mes": 10, "codigo_original": 41, "classe": "Outras Lavouras Temporárias", "cor": "#f54ca9", "area_ha": 0.25018591512295763 }, "geometry": { "type": "Polygon", "coordinates": [ [ [ -45.05006234095196, -21.25692439964865 ], [ -45.05006234095196, -21.257193894233883 ], [ -45.050870824707665, -21.257193894233883 ], [ -45.050870824707665, -21.25692439964865 ], [ -45.05006234095196, -21.25692439964865 ] ] ] } },
{ "type": "Feature", "properties": { "id_feicao": "fogo_2017_1263", "ano": 2017.0, "mes": 10, "codigo_original": 41, "classe": "Outras Lavouras Temporárias", "cor": "#f54ca9", "area_ha": 0.83395681754548856 }, "geometry": { "type": "Polygon", "coordinates": [ [ [ -45.051140319292905, -21.256654905063407 ], [ -45.051140319292905, -21.25692439964865 ], [ -45.052487792219075, -21.256924399648653 ], [ -45.052487792219075, -21.256115915892938 ], [ -45.051948803048603, -21.256115915892941 ], [ -45.051948803048603, -21.25638541047817 ], [ -45.051679308463378, -21.256385410478167 ], [ -45.051679308463378, -21.256654905063417 ], [ -45.051140319292905, -21.256654905063407 ] ] ] } },
{ "type": "Feature", "properties": { "id_feicao": "fogo_2017_1264", "ano": 2017.0, "mes": 10, "codigo_original": 41, "classe": "Outras Lavouras Temporárias", "cor": "#f54ca9", "area_ha": 1.5016897542809136 }, "geometry": { "type": "Polygon", "coordinates": [ [ [ -45.021226420331715, -21.199522052993412 ], [ -45.020956925746482, -21.199522052993409 ], [ -45.020956925746482, -21.199791547578645 ], [ -45.021495914916954, -21.199791547578652 ], [ -45.021495914916954, -21.200061042163885 ], [ -45.021765409502187, -21.200061042163888 ], [ -45.021765409502187, -21.199522052993412 ], [ -45.022573893257899, -21.199522052993409 ], [ -45.022573893257899, -21.19925255840818 ], [ -45.021765409502187, -21.199252558408173 ], [ -45.021765409502187, -21.198713569237704 ], [ -45.021495914916954, -21.198713569237707 ], [ -45.021495914916954, -21.198444074652471 ], [ -45.020687431161249, -21.198444074652464 ], [ -45.020687431161249, -21.198713569237704 ], [ -45.020956925746482, -21.198713569237707 ], [ -45.020956925746482, -21.199252558408176 ], [ -45.021226420331715, -21.199252558408173 ], [ -45.021226420331715, -21.199522052993412 ] ] ] } },
{ "type": "Feature", "properties": { "id_feicao": "fogo_2017_1265", "ano": 2017.0, "mes": 10, "codigo_original": 41, "classe": "Outras Lavouras Temporárias", "cor": "#f54ca9", "area_ha": 0.083427856753207741 }, "geometry": { "type": "Polygon", "coordinates": [ [ [ -45.022573893257899, -21.198174580067239 ], [ -45.022843387843132, -21.198174580067228 ], [ -45.022843387843132, -21.197905085481992 ], [ -45.022573893257899, -21.197905085482002 ], [ -45.022573893257899, -21.198174580067239 ] ] ] } },
{ "type": "Feature", "properties": { "id_feicao": "fogo_2017_1266", "ano": 2017.0, "mes": 10, "codigo_original": 41, "classe": "Outras Lavouras Temporárias", "cor": "#f54ca9", "area_ha": 0.083428006223490087 }, "geometry": { "type": "Polygon", "coordinates": [ [ [ -45.023382377013604, -21.197635590896759 ], [ -45.023382377013604, -21.197905085481995 ], [ -45.023651871598844, -21.197905085481992 ], [ -45.023651871598844, -21.197635590896763 ], [ -45.023382377013604, -21.197635590896759 ] ] ] } },
{ "type": "Feature", "properties": { "id_feicao": "fogo_2017_1267", "ano": 2017.0, "mes": 10, "codigo_original": 41, "classe": "Outras Lavouras Temporárias", "cor": "#f54ca9", "area_ha": 0.50016499046460883 }, "geometry": { "type": "Polygon", "coordinates": [ [ [ -45.018800969064593, -21.319716638008604 ], [ -45.018800969064593, -21.319447143423371 ], [ -45.017992485308888, -21.319447143423371 ], [ -45.017992485308888, -21.319177648838135 ], [ -45.017722990723655, -21.319177648838128 ], [ -45.017722990723655, -21.319447143423368 ], [ -45.017453496138415, -21.319447143423368 ], [ -45.017453496138415, -21.319716638008597 ], [ -45.018800969064593, -21.319716638008604 ] ] ] } },
{ "type": "Feature", "properties": { "id_feicao": "fogo_2017_1268", "ano": 2017.0, "mes": 10, "codigo_original": 41, "classe": "Outras Lavouras Temporárias", "cor": "#f54ca9", "area_ha": 0.25008301421075224 }, "geometry": { "type": "Polygon", "coordinates": [ [ [ -45.017992485308888, -21.318908154252899 ], [ -45.017992485308888, -21.318638659667663 ], [ -45.017453496138415, -21.318638659667663 ], [ -45.017453496138415, -21.319177648838131 ], [ -45.017722990723655, -21.319177648838128 ], [ -45.017722990723655, -21.318908154252895 ], [ -45.017992485308888, -21.318908154252899 ] ] ] } },
{ "type": "Feature", "properties": { "id_feicao": "fogo_2017_1269", "ano": 2017.0, "mes": 10, "codigo_original": 41, "classe": "Outras Lavouras Temporárias", "cor": "#f54ca9", "area_ha": 0.50016915829926734 }, "geometry": { "type": "Polygon", "coordinates": [ [ [ -45.018800969064593, -21.318369165082427 ], [ -45.019339958235065, -21.318369165082416 ], [ -45.019339958235065, -21.31809967049719 ], [ -45.019609452820305, -21.318099670497194 ], [ -45.019609452820305, -21.317830175911951 ], [ -45.019339958235065, -21.317830175911947 ], [ -45.019339958235065, -21.317560681326711 ], [ -45.018800969064593, -21.317560681326718 ], [ -45.018800969064593, -21.317830175911947 ], [ -45.019070463649832, -21.317830175911951 ], [ -45.019070463649832, -21.318099670497187 ], [ -45.018800969064593, -21.31809967049719 ], [ -45.018800969064593, -21.318369165082427 ] ] ] } },
{ "type": "Feature", "properties": { "id_feicao": "fogo_2017_1270", "ano": 2017.0, "mes": 10, "codigo_original": 41, "classe": "Outras Lavouras Temporárias", "cor": "#f54ca9", "area_ha": 0.08336152596920729 }, "geometry": { "type": "Polygon", "coordinates": [ [ [ -45.01853147447936, -21.31809967049719 ], [ -45.018800969064593, -21.31809967049719 ], [ -45.018800969064593, -21.317830175911947 ], [ -45.01853147447936, -21.317830175911947 ], [ -45.01853147447936, -21.31809967049719 ] ] ] } },
{ "type": "Feature", "properties": { "id_feicao": "fogo_2017_1271", "ano": 2017.0, "mes": 10, "codigo_original": 41, "classe": "Outras Lavouras Temporárias", "cor": "#f54ca9", "area_ha": 0.083362567977817034 }, "geometry": { "type": "Polygon", "coordinates": [ [ [ -45.012602593604171, -21.315943713815301 ], [ -45.012602593604171, -21.316213208400544 ], [ -45.012872088189404, -21.316213208400534 ], [ -45.012872088189404, -21.315943713815305 ], [ -45.012602593604171, -21.315943713815301 ] ] ] } },
{ "type": "Feature", "properties": { "id_feicao": "fogo_2017_1272", "ano": 2017.0, "mes": 10, "codigo_original": 41, "classe": "Outras Lavouras Temporárias", "cor": "#f54ca9", "area_ha": 0.083420577576964416 }, "geometry": { "type": "Polygon", "coordinates": [ [ [ -44.971369922063083, -21.211110320158557 ], [ -44.971369922063083, -21.211379814743786 ], [ -44.971639416648323, -21.211379814743783 ], [ -44.971639416648323, -21.211110320158557 ], [ -44.971369922063083, -21.211110320158557 ] ] ] } },
{ "type": "Feature", "properties": { "id_feicao": "fogo_2017_1273", "ano": 2017.0, "mes": 10, "codigo_original": 41, "classe": "Outras Lavouras Temporárias", "cor": "#f54ca9", "area_ha": 2.3357933739580736 }, "geometry": { "type": "Polygon", "coordinates": [ [ [ -44.970830932892611, -21.210571330988078 ], [ -44.970830932892611, -21.21084082557331 ], [ -44.97110042747785, -21.210840825573321 ], [ -44.97110042747785, -21.211110320158557 ], [ -44.971369922063083, -21.211110320158557 ], [ -44.971369922063083, -21.210301836402845 ], [ -44.97110042747785, -21.210301836402842 ], [ -44.97110042747785, -21.210032341817616 ], [ -44.970830932892611, -21.21003234181762 ], [ -44.970830932892611, -21.209223858061904 ], [ -44.969752954551666, -21.209223858061904 ], [ -44.969752954551666, -21.210840825573317 ], [ -44.970291943722138, -21.210840825573317 ], [ -44.970291943722138, -21.210571330988081 ], [ -44.970830932892611, -21.210571330988078 ] ] ] } },
{ "type": "Feature", "properties": { "id_feicao": "fogo_2017_1274", "ano": 2017.0, "mes": 10, "codigo_original": 41, "classe": "Outras Lavouras Temporárias", "cor": "#f54ca9", "area_ha": 0.25027999214529989 }, "geometry": { "type": "Polygon", "coordinates": [ [ [ -45.018800969064593, -21.200600031334353 ], [ -45.019070463649832, -21.200600031334353 ], [ -45.019070463649832, -21.199791547578656 ], [ -45.018800969064593, -21.199791547578648 ], [ -45.018800969064593, -21.200600031334353 ] ] ] } },
{ "type": "Feature", "properties": { "id_feicao": "fogo_2017_1275", "ano": 2017.0, "mes": 10, "codigo_original": 41, "classe": "Outras Lavouras Temporárias", "cor": "#f54ca9", "area_ha": 0.083427555969823153 }, "geometry": { "type": "Polygon", "coordinates": [ [ [ -45.018800969064593, -21.1987135692377 ], [ -45.019070463649832, -21.198713569237707 ], [ -45.019070463649832, -21.198444074652468 ], [ -45.018800969064593, -21.198444074652471 ], [ -45.018800969064593, -21.1987135692377 ] ] ] } },
{ "type": "Feature", "properties": { "id_feicao": "fogo_2017_1276", "ano": 2017.0, "mes": 11, "codigo_original": 3, "classe": "Formação Florestal", "cor": "#1f8d49", "area_ha": 0.083436393847316506 }, "geometry": { "type": "Polygon", "coordinates": [ [ [ -45.10099681756153, -21.183082883294027 ], [ -45.10126631214677, -21.183082883294027 ], [ -45.10126631214677, -21.182813388708787 ], [ -45.10099681756153, -21.182813388708787 ], [ -45.10099681756153, -21.183082883294027 ] ] ] } },
{ "type": "Feature", "properties": { "id_feicao": "fogo_2017_1277", "ano": 2017.0, "mes": 11, "codigo_original": 3, "classe": "Formação Florestal", "cor": "#1f8d49", "area_ha": 0.33374668913520872 }, "geometry": { "type": "Polygon", "coordinates": [ [ [ -45.101535806732002, -21.182543894123558 ], [ -45.10126631214677, -21.182543894123551 ], [ -45.10126631214677, -21.182813388708787 ], [ -45.101805301317242, -21.182813388708791 ], [ -45.101805301317242, -21.182004904953082 ], [ -45.101535806732002, -21.182004904953082 ], [ -45.101535806732002, -21.182543894123558 ] ] ] } },
{ "type": "Feature", "properties": { "id_feicao": "fogo_2017_1278", "ano": 2017.0, "mes": 12, "codigo_original": 12, "classe": "Formação Campestre", "cor": "#d6bc74", "area_ha": 0.083347232513781636 }, "geometry": { "type": "Polygon", "coordinates": [ [ [ -45.129024254426071, -21.3445101398503 ], [ -45.129293749011296, -21.344510139850307 ], [ -45.129293749011296, -21.344240645265071 ], [ -45.129024254426071, -21.344240645265067 ], [ -45.129024254426071, -21.3445101398503 ] ] ] } },
{ "type": "Feature", "properties": { "id_feicao": "fogo_2017_1279", "ano": 2017.0, "mes": 12, "codigo_original": 12, "classe": "Formação Campestre", "cor": "#d6bc74", "area_ha": 0.083347374482359737 }, "geometry": { "type": "Polygon", "coordinates": [ [ [ -45.127676781499879, -21.344240645265067 ], [ -45.127946276085126, -21.344240645265067 ], [ -45.127946276085126, -21.343971150679828 ], [ -45.127676781499879, -21.343971150679835 ], [ -45.127676781499879, -21.344240645265067 ] ] ] } }
]
}
