{
"type": "FeatureCollection",
"name": "fogo_2014",
"crs": { "type": "name", "properties": { "name": "urn:ogc:def:crs:OGC:1.3:CRS84" } },
"features": [
{ "type": "Feature", "properties": { "id_feicao": "fogo_2014_1", "ano": 2014.0, "mes": 5, "codigo_original": 15, "classe": "Pastagem", "cor": "#edde8e", "area_ha": 0.3335670768613927 }, "geometry": { "type": "Polygon", "coordinates": [ [ [ -44.977837792108744, -21.2633922696943 ], [ -44.977298802938272, -21.263392269694315 ], [ -44.977298802938272, -21.263661764279547 ], [ -44.978107286693984, -21.263661764279551 ], [ -44.978107286693984, -21.263122775109075 ], [ -44.977837792108744, -21.263122775109071 ], [ -44.977837792108744, -21.2633922696943 ] ] ] } },
{ "type": "Feature", "properties": { "id_feicao": "fogo_2014_2", "ano": 2014.0, "mes": 5, "codigo_original": 15, "classe": "Pastagem", "cor": "#edde8e", "area_ha": 1.2515057560093701 }, "geometry": { "type": "Polygon", "coordinates": [ [ [ -45.113124073897147, -21.188472774998743 ], [ -45.114202052238092, -21.18847277499874 ], [ -45.114202052238092, -21.187664291243038 ], [ -45.113932557652852, -21.187664291243028 ], [ -45.113932557652852, -21.187394796657795 ], [ -45.113124073897147, -21.187394796657795 ], [ -45.113124073897147, -21.188472774998743 ] ] ] } },
{ "type": "Feature", "properties": { "id_feicao": "fogo_2014_3", "ano": 2014.0, "mes": 5, "codigo_original": 41, "classe": "Outras Lavouras Temporárias", "cor": "#f54ca9", "area_ha": 0.083357055312860751 }, "geometry": { "type": "Polygon", "coordinates": [ [ [ -45.12013093311328, -21.326723497224737 ], [ -45.120400427698513, -21.326723497224737 ], [ -45.120400427698513, -21.326454002639501 ], [ -45.12013093311328, -21.326454002639501 ], [ -45.12013093311328, -21.326723497224737 ] ] ] } },
{ "type": "Feature", "properties": { "id_feicao": "fogo_2014_4", "ano": 2014.0, "mes": 5, "codigo_original": 41, "classe": "Outras Lavouras Temporárias", "cor": "#f54ca9", "area_ha": 0.50035143529662995 }, "geometry": { "type": "Polygon", "coordinates": [ [ [ -44.977837792108744, -21.2633922696943 ], [ -44.977837792108744, -21.262853280523839 ], [ -44.977029308353039, -21.262853280523832 ], [ -44.977029308353039, -21.263392269694304 ], [ -44.977837792108744, -21.2633922696943 ] ] ] } },
{ "type": "Feature", "properties": { "id_feicao": "fogo_2014_5", "ano": 2014.0, "mes": 5, "codigo_original": 41, "classe": "Outras Lavouras Temporárias", "cor": "#f54ca9", "area_ha": 0.083412762530063453 }, "geometry": { "type": "Polygon", "coordinates": [ [ [ -45.131988694863658, -21.226202016931762 ], [ -45.131988694863658, -21.225932522346525 ], [ -45.131719200278418, -21.225932522346525 ], [ -45.131719200278418, -21.226202016931765 ], [ -45.131988694863658, -21.226202016931762 ] ] ] } },
{ "type": "Feature", "properties": { "id_feicao": "fogo_2014_6", "ano": 2014.0, "mes": 6, "codigo_original": 12, "classe": "Formação Campestre", "cor": "#d6bc74", "area_ha": 0.25023694332333651 }, "geometry": { "type": "Polygon", "coordinates": [ [ [ -45.131180211107946, -21.226741006102227 ], [ -45.131180211107946, -21.22701050068747 ], [ -45.131988694863658, -21.22701050068747 ], [ -45.131988694863658, -21.226741006102234 ], [ -45.131180211107946, -21.226741006102227 ] ] ] } },
{ "type": "Feature", "properties": { "id_feicao": "fogo_2014_7", "ano": 2014.0, "mes": 6, "codigo_original": 15, "classe": "Pastagem", "cor": "#edde8e", "area_ha": 0.08339168252544478 }, "geometry": { "type": "Polygon", "coordinates": [ [ [ -44.977029308353039, -21.263661764279547 ], [ -44.977298802938272, -21.263661764279547 ], [ -44.977298802938272, -21.263392269694315 ], [ -44.977029308353039, -21.263392269694304 ], [ -44.977029308353039, -21.263661764279547 ] ] ] } },
{ "type": "Feature", "properties": { "id_feicao": "fogo_2014_8", "ano": 2014.0, "mes": 6, "codigo_original": 15, "classe": "Pastagem", "cor": "#edde8e", "area_ha": 0.083433930212631818 }, "geometry": { "type": "Polygon", "coordinates": [ [ [ -45.113932557652852, -21.187664291243028 ], [ -45.114202052238092, -21.187664291243038 ], [ -45.114202052238092, -21.187394796657799 ], [ -45.113932557652852, -21.187394796657795 ], [ -45.113932557652852, -21.187664291243028 ] ] ] } },
{ "type": "Feature", "properties": { "id_feicao": "fogo_2014_9", "ano": 2014.0, "mes": 6, "codigo_original": 41, "classe": "Outras Lavouras Temporárias", "cor": "#f54ca9", "area_ha": 0.16671290731708432 }, "geometry": { "type": "Polygon", "coordinates": [ [ [ -45.119861438528041, -21.327801475565675 ], [ -45.119861438528041, -21.327531980980446 ], [ -45.119322449357568, -21.327531980980442 ], [ -45.119322449357568, -21.327801475565682 ], [ -45.119861438528041, -21.327801475565675 ] ] ] } },
{ "type": "Feature", "properties": { "id_feicao": "fogo_2014_10", "ano": 2014.0, "mes": 6, "codigo_original": 41, "classe": "Outras Lavouras Temporárias", "cor": "#f54ca9", "area_ha": 0.083357053878924212 }, "geometry": { "type": "Polygon", "coordinates": [ [ [ -45.12013093311328, -21.326723497224737 ], [ -45.12013093311328, -21.326454002639501 ], [ -45.119861438528041, -21.326454002639501 ], [ -45.119861438528041, -21.326723497224741 ], [ -45.12013093311328, -21.326723497224737 ] ] ] } },
{ "type": "Feature", "properties": { "id_feicao": "fogo_2014_11", "ano": 2014.0, "mes": 6, "codigo_original": 41, "classe": "Outras Lavouras Temporárias", "cor": "#f54ca9", "area_ha": 10.003788286690837 }, "geometry": { "type": "Polygon", "coordinates": [ [ [ -44.987270102591999, -21.310823316695814 ], [ -44.987539597177239, -21.310823316695824 ], [ -44.987539597177239, -21.311362305866293 ], [ -44.987270102591999, -21.31136230586629 ], [ -44.987270102591999, -21.313248767962946 ], [ -44.989426059273889, -21.313248767962939 ], [ -44.989426059273889, -21.313518262548175 ], [ -44.990504037614834, -21.313518262548186 ], [ -44.990504037614834, -21.312170789621995 ], [ -44.990773532200066, -21.312170789621998 ], [ -44.990773532200066, -21.311092811281053 ], [ -44.989965048444361, -21.31109281128105 ], [ -44.989965048444361, -21.310823316695817 ], [ -44.989156564688649, -21.310823316695814 ], [ -44.989156564688649, -21.310284327525348 ], [ -44.987809091762472, -21.310284327525341 ], [ -44.987809091762472, -21.310553822110588 ], [ -44.987270102591999, -21.310553822110585 ], [ -44.987270102591999, -21.310823316695814 ] ], [ [ -44.988078586347704, -21.312979273377707 ], [ -44.988078586347704, -21.312440284207231 ], [ -44.988887070103416, -21.312440284207238 ], [ -44.988887070103416, -21.31270977879247 ], [ -44.988348080932944, -21.31270977879247 ], [ -44.988348080932944, -21.31297927337771 ], [ -44.988078586347704, -21.312979273377707 ] ] ] } },
{ "type": "Feature", "properties": { "id_feicao": "fogo_2014_12", "ano": 2014.0, "mes": 6, "codigo_original": 41, "classe": "Outras Lavouras Temporárias", "cor": "#f54ca9", "area_ha": 1.6679215018380433 }, "geometry": { "type": "Polygon", "coordinates": [ [ [ -45.01826197989412, -21.255037937552007 ], [ -45.016914506967943, -21.255037937551997 ], [ -45.016914506967943, -21.256115915892945 ], [ -45.01826197989412, -21.256115915892941 ], [ -45.01826197989412, -21.255037937552007 ] ] ] } },
{ "type": "Feature", "properties": { "id_feicao": "fogo_2014_13", "ano": 2014.0, "mes": 6, "codigo_original": 41, "classe": "Outras Lavouras Temporárias", "cor": "#f54ca9", "area_ha": 1.000951106975507 }, "geometry": { "type": "Polygon", "coordinates": [ [ [ -45.131719200278418, -21.225932522346525 ], [ -45.131180211107946, -21.225932522346525 ], [ -45.131180211107946, -21.226741006102227 ], [ -45.131988694863658, -21.226741006102234 ], [ -45.131988694863658, -21.22701050068747 ], [ -45.132258189448891, -21.22701050068747 ], [ -45.132258189448891, -21.225932522346529 ], [ -45.131988694863658, -21.225932522346525 ], [ -45.131988694863658, -21.226202016931762 ], [ -45.131719200278418, -21.226202016931765 ], [ -45.131719200278418, -21.225932522346525 ] ] ] } },
{ "type": "Feature", "properties": { "id_feicao": "fogo_2014_14", "ano": 2014.0, "mes": 7, "codigo_original": 15, "classe": "Pastagem", "cor": "#edde8e", "area_ha": 0.75082811647137726 }, "geometry": { "type": "Polygon", "coordinates": [ [ [ -44.983766672983933, -21.202216998845767 ], [ -44.983766672983933, -21.20248649343101 ], [ -44.9834971783987, -21.202486493431017 ], [ -44.9834971783987, -21.202216998845763 ], [ -44.982958189228228, -21.202216998845774 ], [ -44.982958189228228, -21.20248649343101 ], [ -44.98322768381346, -21.202486493431007 ], [ -44.98322768381346, -21.203025482601483 ], [ -44.984036167569172, -21.203025482601479 ], [ -44.984036167569172, -21.202216998845774 ], [ -44.983766672983933, -21.202216998845767 ] ] ] } },
{ "type": "Feature", "properties": { "id_feicao": "fogo_2014_15", "ano": 2014.0, "mes": 8, "codigo_original": 12, "classe": "Formação Campestre", "cor": "#d6bc74", "area_ha": 0.50010906682712952 }, "geometry": { "type": "Polygon", "coordinates": [ [ [ -44.990504037614834, -21.336155807707989 ], [ -44.990234543029594, -21.336155807707989 ], [ -44.990234543029594, -21.336425302293229 ], [ -44.991043026785299, -21.336425302293232 ], [ -44.991043026785299, -21.336155807707989 ], [ -44.990773532200066, -21.336155807707996 ], [ -44.990773532200066, -21.335616818537517 ], [ -44.990234543029594, -21.335616818537524 ], [ -44.990234543029594, -21.335886313122749 ], [ -44.990504037614834, -21.335886313122749 ], [ -44.990504037614834, -21.336155807707989 ] ] ] } },
{ "type": "Feature", "properties": { "id_feicao": "fogo_2014_16", "ano": 2014.0, "mes": 8, "codigo_original": 12, "classe": "Formação Campestre", "cor": "#d6bc74", "area_ha": 0.083351802011814538 }, "geometry": { "type": "Polygon", "coordinates": [ [ [ -44.989965048444361, -21.335347323952277 ], [ -44.989965048444361, -21.33561681853752 ], [ -44.990234543029594, -21.335616818537524 ], [ -44.990234543029594, -21.335347323952288 ], [ -44.989965048444361, -21.335347323952277 ] ] ] } },
{ "type": "Feature", "properties": { "id_feicao": "fogo_2014_17", "ano": 2014.0, "mes": 8, "codigo_original": 12, "classe": "Formação Campestre", "cor": "#d6bc74", "area_ha": 0.416759005498819 }, "geometry": { "type": "Polygon", "coordinates": [ [ [ -44.991043026785299, -21.335616818537517 ], [ -44.991043026785299, -21.335347323952291 ], [ -44.991312521370538, -21.335347323952274 ], [ -44.991312521370538, -21.335077829367041 ], [ -44.990234543029594, -21.335077829367044 ], [ -44.990234543029594, -21.335347323952288 ], [ -44.990773532200066, -21.33534732395227 ], [ -44.990773532200066, -21.335616818537517 ], [ -44.991043026785299, -21.335616818537517 ] ] ] } },
{ "type": "Feature", "properties": { "id_feicao": "fogo_2014_18", "ano": 2014.0, "mes": 8, "codigo_original": 12, "classe": "Formação Campestre", "cor": "#d6bc74", "area_ha": 0.75017148284586144 }, "geometry": { "type": "Polygon", "coordinates": [ [ [ -44.989965048444361, -21.334538840196572 ], [ -44.990234543029594, -21.334538840196569 ], [ -44.990234543029594, -21.334808334781805 ], [ -44.990773532200066, -21.334808334781808 ], [ -44.990773532200066, -21.334538840196583 ], [ -44.991043026785299, -21.334538840196572 ], [ -44.991043026785299, -21.334269345611336 ], [ -44.991312521370538, -21.334269345611343 ], [ -44.991312521370538, -21.3339998510261 ], [ -44.990504037614834, -21.3339998510261 ], [ -44.990504037614834, -21.334269345611339 ], [ -44.989965048444361, -21.334269345611339 ], [ -44.989965048444361, -21.334538840196572 ] ] ] } },
{ "type": "Feature", "properties": { "id_feicao": "fogo_2014_19", "ano": 2014.0, "mes": 8, "codigo_original": 12, "classe": "Formação Campestre", "cor": "#d6bc74", "area_ha": 0.011890579708502193 }, "geometry": { "type": "Polygon", "coordinates": [ [ [ -44.991851510541011, -21.333730356440867 ], [ -44.991851510541011, -21.333999851026107 ], [ -44.991865272818842, -21.333999851036566 ], [ -44.991869, -21.333986 ], [ -44.991913382565585, -21.33373035647908 ], [ -44.991851510541011, -21.333730356440867 ] ] ] } },
{ "type": "Feature", "properties": { "id_feicao": "fogo_2014_20", "ano": 2014.0, "mes": 8, "codigo_original": 12, "classe": "Formação Campestre", "cor": "#d6bc74", "area_ha": 0.083367023647414676 }, "geometry": { "type": "Polygon", "coordinates": [ [ [ -45.160824615483889, -21.308936854599164 ], [ -45.160824615483889, -21.3092063491844 ], [ -45.161094110069129, -21.309206349184404 ], [ -45.161094110069129, -21.308936854599168 ], [ -45.160824615483889, -21.308936854599164 ] ] ] } },
{ "type": "Feature", "properties": { "id_feicao": "fogo_2014_21", "ano": 2014.0, "mes": 8, "codigo_original": 12, "classe": "Formação Campestre", "cor": "#d6bc74", "area_ha": 0.083367171121854336 }, "geometry": { "type": "Polygon", "coordinates": [ [ [ -45.160824615483889, -21.308667360013931 ], [ -45.160555120898657, -21.308667360013931 ], [ -45.160555120898657, -21.308936854599175 ], [ -45.160824615483889, -21.308936854599164 ], [ -45.160824615483889, -21.308667360013931 ] ] ] } },
{ "type": "Feature", "properties": { "id_feicao": "fogo_2014_22", "ano": 2014.0, "mes": 8, "codigo_original": 12, "classe": "Formação Campestre", "cor": "#d6bc74", "area_ha": 2.0004262319673543 }, "geometry": { "type": "Polygon", "coordinates": [ [ [ -44.982958189228228, -21.336694796878469 ], [ -44.982958189228228, -21.336964291463694 ], [ -44.982419200057755, -21.336964291463705 ], [ -44.982419200057755, -21.33750328063417 ], [ -44.984036167569172, -21.337503280634177 ], [ -44.984036167569172, -21.336964291463701 ], [ -44.984844651324877, -21.336964291463694 ], [ -44.984844651324877, -21.336425302293222 ], [ -44.984305662154405, -21.336425302293225 ], [ -44.984305662154405, -21.336155807707982 ], [ -44.983766672983933, -21.336155807707996 ], [ -44.983766672983933, -21.336964291463705 ], [ -44.9834971783987, -21.336964291463701 ], [ -44.9834971783987, -21.336694796878458 ], [ -44.982958189228228, -21.336694796878469 ] ] ] } },
{ "type": "Feature", "properties": { "id_feicao": "fogo_2014_23", "ano": 2014.0, "mes": 8, "codigo_original": 12, "classe": "Formação Campestre", "cor": "#d6bc74", "area_ha": 0.083351206356334001 }, "geometry": { "type": "Polygon", "coordinates": [ [ [ -44.98511414591011, -21.336425302293232 ], [ -44.98511414591011, -21.336694796878465 ], [ -44.98538364049535, -21.336694796878458 ], [ -44.98538364049535, -21.336425302293225 ], [ -44.98511414591011, -21.336425302293232 ] ] ] } },
{ "type": "Feature", "properties": { "id_feicao": "fogo_2014_24", "ano": 2014.0, "mes": 8, "codigo_original": 12, "classe": "Formação Campestre", "cor": "#d6bc74", "area_ha": 1.1669213946219126 }, "geometry": { "type": "Polygon", "coordinates": [ [ [ -44.98538364049535, -21.336694796878458 ], [ -44.98538364049535, -21.336964291463705 ], [ -44.987539597177239, -21.336964291463701 ], [ -44.987539597177239, -21.336694796878458 ], [ -44.987270102591999, -21.336694796878469 ], [ -44.987270102591999, -21.336425302293225 ], [ -44.986731113421527, -21.336425302293229 ], [ -44.986731113421527, -21.336694796878461 ], [ -44.986192124251055, -21.336694796878465 ], [ -44.986192124251055, -21.336425302293232 ], [ -44.985922629665822, -21.336425302293229 ], [ -44.985922629665822, -21.336155807707993 ], [ -44.98538364049535, -21.336155807707993 ], [ -44.98538364049535, -21.336425302293225 ], [ -44.985653135080582, -21.336425302293232 ], [ -44.985653135080582, -21.336694796878465 ], [ -44.98538364049535, -21.336694796878458 ] ] ] } },
{ "type": "Feature", "properties": { "id_feicao": "fogo_2014_25", "ano": 2014.0, "mes": 8, "codigo_original": 12, "classe": "Formação Campestre", "cor": "#d6bc74", "area_ha": 0.16670271035078363 }, "geometry": { "type": "Polygon", "coordinates": [ [ [ -44.986192124251055, -21.336155807707989 ], [ -44.986192124251055, -21.336425302293232 ], [ -44.986731113421527, -21.336425302293229 ], [ -44.986731113421527, -21.336155807707993 ], [ -44.986192124251055, -21.336155807707989 ] ] ] } },
{ "type": "Feature", "properties": { "id_feicao": "fogo_2014_26", "ano": 2014.0, "mes": 8, "codigo_original": 12, "classe": "Formação Campestre", "cor": "#d6bc74", "area_ha": 0.08335150551325235 }, "geometry": { "type": "Polygon", "coordinates": [ [ [ -44.98511414591011, -21.335886313122753 ], [ -44.98511414591011, -21.336155807707986 ], [ -44.98538364049535, -21.336155807707993 ], [ -44.98538364049535, -21.335886313122757 ], [ -44.98511414591011, -21.335886313122753 ] ] ] } },
{ "type": "Feature", "properties": { "id_feicao": "fogo_2014_27", "ano": 2014.0, "mes": 8, "codigo_original": 12, "classe": "Formação Campestre", "cor": "#d6bc74", "area_ha": 0.50011538157582947 }, "geometry": { "type": "Polygon", "coordinates": [ [ [ -44.989695553859121, -21.334269345611336 ], [ -44.989695553859121, -21.333730356440874 ], [ -44.988348080932944, -21.333730356440867 ], [ -44.988348080932944, -21.33399985102611 ], [ -44.989426059273889, -21.33399985102611 ], [ -44.989426059273889, -21.334269345611332 ], [ -44.989695553859121, -21.334269345611336 ] ] ] } },
{ "type": "Feature", "properties": { "id_feicao": "fogo_2014_28", "ano": 2014.0, "mes": 8, "codigo_original": 15, "classe": "Pastagem", "cor": "#edde8e", "area_ha": 4.0008840927938003 }, "geometry": { "type": "Polygon", "coordinates": [ [ [ -45.075664326549365, -21.334808334781808 ], [ -45.075394831964125, -21.334808334781805 ], [ -45.075394831964125, -21.336425302293229 ], [ -45.075664326549365, -21.336425302293232 ], [ -45.075664326549365, -21.336694796878458 ], [ -45.07647281030507, -21.336694796878461 ], [ -45.07647281030507, -21.336425302293225 ], [ -45.07674230489031, -21.336425302293232 ], [ -45.07674230489031, -21.336694796878458 ], [ -45.077011799475542, -21.336694796878465 ], [ -45.077011799475542, -21.336425302293232 ], [ -45.078089777816487, -21.336425302293229 ], [ -45.078089777816487, -21.335886313122753 ], [ -45.077281294060782, -21.335886313122753 ], [ -45.077281294060782, -21.335616818537524 ], [ -45.077011799475542, -21.335616818537513 ], [ -45.077011799475542, -21.334808334781805 ], [ -45.075933821134598, -21.334808334781808 ], [ -45.075933821134598, -21.335077829367048 ], [ -45.075664326549365, -21.335077829367044 ], [ -45.075664326549365, -21.334808334781808 ] ] ] } },
{ "type": "Feature", "properties": { "id_feicao": "fogo_2014_29", "ano": 2014.0, "mes": 8, "codigo_original": 15, "classe": "Pastagem", "cor": "#edde8e", "area_ha": 1.0002346650075167 }, "geometry": { "type": "Polygon", "coordinates": [ [ [ -45.073238875282236, -21.334269345611336 ], [ -45.073777864452708, -21.334269345611332 ], [ -45.073777864452708, -21.333730356440878 ], [ -45.074316853623181, -21.333730356440871 ], [ -45.074316853623181, -21.33399985102611 ], [ -45.07458634820842, -21.333999851026107 ], [ -45.07458634820842, -21.333191367270398 ], [ -45.074047359037948, -21.333191367270395 ], [ -45.074047359037948, -21.333460861855635 ], [ -45.073238875282236, -21.333460861855635 ], [ -45.073238875282236, -21.334269345611336 ] ] ] } },
{ "type": "Feature", "properties": { "id_feicao": "fogo_2014_30", "ano": 2014.0, "mes": 8, "codigo_original": 15, "classe": "Pastagem", "cor": "#edde8e", "area_ha": 2.0841716521241702 }, "geometry": { "type": "Polygon", "coordinates": [ [ [ -45.160016131728185, -21.310014832940112 ], [ -45.161094110069129, -21.310014832940112 ], [ -45.161094110069129, -21.309206349184404 ], [ -45.160824615483889, -21.3092063491844 ], [ -45.160824615483889, -21.308936854599164 ], [ -45.160555120898657, -21.308936854599175 ], [ -45.160555120898657, -21.308667360013931 ], [ -45.159477142557712, -21.308667360013935 ], [ -45.159477142557712, -21.30974533835488 ], [ -45.160016131728185, -21.30974533835488 ], [ -45.160016131728185, -21.310014832940112 ] ] ] } },
{ "type": "Feature", "properties": { "id_feicao": "fogo_2014_31", "ano": 2014.0, "mes": 8, "codigo_original": 15, "classe": "Pastagem", "cor": "#edde8e", "area_ha": 3.419561808393337 }, "geometry": { "type": "Polygon", "coordinates": [ [ [ -44.932023712618651, -21.241563208290202 ], [ -44.931754218033412, -21.241563208290202 ], [ -44.931754218033412, -21.242910681216379 ], [ -44.932562701789124, -21.242910681216394 ], [ -44.932562701789124, -21.242371692045918 ], [ -44.932832196374356, -21.242371692045921 ], [ -44.932832196374356, -21.241832702875431 ], [ -44.933101690959596, -21.241832702875442 ], [ -44.933101690959596, -21.241293713704973 ], [ -44.933371185544829, -21.241293713704973 ], [ -44.933371185544829, -21.240754724534487 ], [ -44.933640680130061, -21.240754724534494 ], [ -44.933640680130061, -21.240215735364018 ], [ -44.932293207203884, -21.240215735364028 ], [ -44.932293207203884, -21.241293713704962 ], [ -44.932023712618651, -21.24129371370497 ], [ -44.932023712618651, -21.241563208290202 ] ] ] } },
{ "type": "Feature", "properties": { "id_feicao": "fogo_2014_32", "ano": 2014.0, "mes": 8, "codigo_original": 15, "classe": "Pastagem", "cor": "#edde8e", "area_ha": 0.50044186893180009 }, "geometry": { "type": "Polygon", "coordinates": [ [ [ -45.14681089705163, -21.236981800341194 ], [ -45.147619380807335, -21.236981800341194 ], [ -45.147619380807335, -21.236712305755958 ], [ -45.147888875392567, -21.236712305755962 ], [ -45.147888875392567, -21.236442811170726 ], [ -45.147080391636862, -21.236442811170726 ], [ -45.147080391636862, -21.236712305755962 ], [ -45.14681089705163, -21.236712305755955 ], [ -45.14681089705163, -21.236981800341194 ] ] ] } },
{ "type": "Feature", "properties": { "id_feicao": "fogo_2014_33", "ano": 2014.0, "mes": 8, "codigo_original": 15, "classe": "Pastagem", "cor": "#edde8e", "area_ha": 6.0894315662554463 }, "geometry": { "type": "Polygon", "coordinates": [ [ [ -44.895372449026574, -21.217847684789447 ], [ -44.895102954441334, -21.217847684789454 ], [ -44.895102954441334, -21.218117179374691 ], [ -44.894563965270862, -21.218117179374691 ], [ -44.894563965270862, -21.218386673959927 ], [ -44.89429447068563, -21.218386673959913 ], [ -44.89429447068563, -21.219464652300868 ], [ -44.895372449026574, -21.219464652300864 ], [ -44.895372449026574, -21.219195157715628 ], [ -44.896450427367519, -21.219195157715632 ], [ -44.896450427367519, -21.218925663130385 ], [ -44.897797900293696, -21.218925663130385 ], [ -44.897797900293696, -21.217847684789451 ], [ -44.897528405708456, -21.217847684789447 ], [ -44.897528405708456, -21.217578190204225 ], [ -44.897258911123224, -21.217578190204215 ], [ -44.897258911123224, -21.217308695618978 ], [ -44.895911438197047, -21.217308695618978 ], [ -44.895911438197047, -21.217578190204215 ], [ -44.895372449026574, -21.217578190204211 ], [ -44.895372449026574, -21.217847684789447 ] ] ] } },
{ "type": "Feature", "properties": { "id_feicao": "fogo_2014_34", "ano": 2014.0, "mes": 8, "codigo_original": 15, "classe": "Pastagem", "cor": "#edde8e", "area_ha": 1.2513796546323226 }, "geometry": { "type": "Polygon", "coordinates": [ [ [ -44.98322768381346, -21.202486493431007 ], [ -44.982958189228228, -21.20248649343101 ], [ -44.982958189228228, -21.202216998845774 ], [ -44.9834971783987, -21.202216998845763 ], [ -44.9834971783987, -21.202486493431017 ], [ -44.983766672983933, -21.20248649343101 ], [ -44.983766672983933, -21.202216998845767 ], [ -44.984036167569172, -21.202216998845774 ], [ -44.984036167569172, -21.201947504260531 ], [ -44.982419200057755, -21.201947504260531 ], [ -44.982419200057755, -21.203025482601479 ], [ -44.98322768381346, -21.203025482601483 ], [ -44.98322768381346, -21.202486493431007 ] ] ] } },
{ "type": "Feature", "properties": { "id_feicao": "fogo_2014_35", "ano": 2014.0, "mes": 8, "codigo_original": 15, "classe": "Pastagem", "cor": "#edde8e", "area_ha": 0.166867940995341 }, "geometry": { "type": "Polygon", "coordinates": [ [ [ -45.089947539566865, -21.187125302072566 ], [ -45.089947539566865, -21.187394796657806 ], [ -45.09048652873733, -21.187394796657788 ], [ -45.09048652873733, -21.187125302072563 ], [ -45.089947539566865, -21.187125302072566 ] ] ] } },
{ "type": "Feature", "properties": { "id_feicao": "fogo_2014_36", "ano": 2014.0, "mes": 8, "codigo_original": 15, "classe": "Pastagem", "cor": "#edde8e", "area_ha": 4.7559773569389305 }, "geometry": { "type": "Polygon", "coordinates": [ [ [ -45.000205842683322, -21.180118442856433 ], [ -45.000205842683322, -21.178770969930255 ], [ -44.998319380586672, -21.178770969930252 ], [ -44.998319380586672, -21.178501475345016 ], [ -44.996971907660487, -21.178501475345016 ], [ -44.996971907660487, -21.179848948271196 ], [ -44.999127864342377, -21.179848948271193 ], [ -44.999127864342377, -21.180118442856433 ], [ -45.000205842683322, -21.180118442856433 ] ] ] } },
{ "type": "Feature", "properties": { "id_feicao": "fogo_2014_37", "ano": 2014.0, "mes": 8, "codigo_original": 21, "classe": "Mosaico de Usos", "cor": "#ffefc3", "area_ha": 0.083393659865271641 }, "geometry": { "type": "Polygon", "coordinates": [ [ [ -45.094798442101109, -21.260158334671488 ], [ -45.094798442101109, -21.260427829256713 ], [ -45.095067936686341, -21.260427829256717 ], [ -45.095067936686341, -21.260158334671484 ], [ -45.094798442101109, -21.260158334671488 ] ] ] } },
{ "type": "Feature", "properties": { "id_feicao": "fogo_2014_38", "ano": 2014.0, "mes": 8, "codigo_original": 41, "classe": "Outras Lavouras Temporárias", "cor": "#f54ca9", "area_ha": 0.3334576900307355 }, "geometry": { "type": "Polygon", "coordinates": [ [ [ -44.988348080932944, -21.31297927337771 ], [ -44.988348080932944, -21.31270977879247 ], [ -44.988887070103416, -21.31270977879247 ], [ -44.988887070103416, -21.312440284207238 ], [ -44.988078586347704, -21.312440284207231 ], [ -44.988078586347704, -21.312979273377707 ], [ -44.988348080932944, -21.31297927337771 ] ] ] } },
{ "type": "Feature", "properties": { "id_feicao": "fogo_2014_39", "ano": 2014.0, "mes": 8, "codigo_original": 41, "classe": "Outras Lavouras Temporárias", "cor": "#f54ca9", "area_ha": 0.16673066453579813 }, "geometry": { "type": "Polygon", "coordinates": [ [ [ -44.987539597177239, -21.310823316695824 ], [ -44.987270102591999, -21.310823316695814 ], [ -44.987270102591999, -21.31136230586629 ], [ -44.987539597177239, -21.311362305866293 ], [ -44.987539597177239, -21.310823316695824 ] ] ] } },
{ "type": "Feature", "properties": { "id_feicao": "fogo_2014_40", "ano": 2014.0, "mes": 8, "codigo_original": 41, "classe": "Outras Lavouras Temporárias", "cor": "#f54ca9", "area_ha": 5.3367967865504324 }, "geometry": { "type": "Polygon", "coordinates": [ [ [ -45.034970644178749, -21.272555085592327 ], [ -45.036318117104926, -21.272555085592323 ], [ -45.036318117104926, -21.272285591007087 ], [ -45.036587611690159, -21.272285591007094 ], [ -45.036587611690159, -21.271477107251386 ], [ -45.036857106275399, -21.271477107251382 ], [ -45.036857106275399, -21.27093811808091 ], [ -45.037126600860631, -21.27093811808091 ], [ -45.037126600860631, -21.269860139739972 ], [ -45.035240138763982, -21.269860139739972 ], [ -45.035240138763982, -21.271207612666153 ], [ -45.034970644178749, -21.271207612666149 ], [ -45.034970644178749, -21.272555085592327 ] ] ] } },
{ "type": "Feature", "properties": { "id_feicao": "fogo_2014_41", "ano": 2014.0, "mes": 8, "codigo_original": 41, "classe": "Outras Lavouras Temporárias", "cor": "#f54ca9", "area_ha": 4.5871916685201883 }, "geometry": { "type": "Polygon", "coordinates": [ [ [ -44.933371185544829, -21.240754724534487 ], [ -44.933371185544829, -21.241293713704973 ], [ -44.933101690959596, -21.241293713704973 ], [ -44.933101690959596, -21.241832702875442 ], [ -44.932832196374356, -21.241832702875431 ], [ -44.932832196374356, -21.242371692045921 ], [ -44.932562701789124, -21.242371692045918 ], [ -44.932562701789124, -21.243449670386866 ], [ -44.933371185544829, -21.243449670386855 ], [ -44.933371185544829, -21.243988659557324 ], [ -44.933910174715301, -21.243988659557324 ], [ -44.933910174715301, -21.243719164972081 ], [ -44.934179669300534, -21.243719164972092 ], [ -44.934179669300534, -21.240485229949261 ], [ -44.933640680130061, -21.240485229949268 ], [ -44.933640680130061, -21.240754724534494 ], [ -44.933371185544829, -21.240754724534487 ] ] ] } },
{ "type": "Feature", "properties": { "id_feicao": "fogo_2014_42", "ano": 2014.0, "mes": 8, "codigo_original": 41, "classe": "Outras Lavouras Temporárias", "cor": "#f54ca9", "area_ha": 2.0018456783767791 }, "geometry": { "type": "Polygon", "coordinates": [ [ [ -45.12013093311328, -21.229974941125064 ], [ -45.118513965601863, -21.229974941125064 ], [ -45.118513965601863, -21.231052919466009 ], [ -45.12013093311328, -21.231052919466013 ], [ -45.12013093311328, -21.229974941125064 ] ] ] } },
{ "type": "Feature", "properties": { "id_feicao": "fogo_2014_43", "ano": 2014.0, "mes": 8, "codigo_original": 41, "classe": "Outras Lavouras Temporárias", "cor": "#f54ca9", "area_ha": 1.3346691220082343 }, "geometry": { "type": "Polygon", "coordinates": [ [ [ -45.126329308573709, -21.218117179374687 ], [ -45.125251330232764, -21.218117179374687 ], [ -45.125251330232764, -21.219195157715632 ], [ -45.126329308573709, -21.219195157715628 ], [ -45.126329308573709, -21.218117179374687 ] ] ] } },
{ "type": "Feature", "properties": { "id_feicao": "fogo_2014_44", "ano": 2014.0, "mes": 9, "codigo_original": 3, "classe": "Formação Florestal", "cor": "#1f8d49", "area_ha": 0.66747664229398973 }, "geometry": { "type": "Polygon", "coordinates": [ [ [ -45.116627503505214, -21.185777829146389 ], [ -45.116627503505214, -21.186047323731621 ], [ -45.116358008919974, -21.186047323731618 ], [ -45.116358008919974, -21.186586312902087 ], [ -45.115819019749502, -21.186586312902094 ], [ -45.115819019749502, -21.186855807487323 ], [ -45.116627503505214, -21.186855807487326 ], [ -45.116627503505214, -21.186586312902083 ], [ -45.116896998090446, -21.186586312902087 ], [ -45.116896998090446, -21.185777829146378 ], [ -45.116627503505214, -21.185777829146389 ] ] ] } },
{ "type": "Feature", "properties": { "id_feicao": "fogo_2014_45", "ano": 2014.0, "mes": 9, "codigo_original": 12, "classe": "Formação Campestre", "cor": "#d6bc74", "area_ha": 0.083351055317278946 }, "geometry": { "type": "Polygon", "coordinates": [ [ [ -44.987809091762472, -21.336694796878469 ], [ -44.987539597177239, -21.336694796878458 ], [ -44.987539597177239, -21.336964291463701 ], [ -44.987809091762472, -21.336964291463701 ], [ -44.987809091762472, -21.336694796878469 ] ] ] } },
{ "type": "Feature", "properties": { "id_feicao": "fogo_2014_46", "ano": 2014.0, "mes": 9, "codigo_original": 12, "classe": "Formação Campestre", "cor": "#d6bc74", "area_ha": 0.25005316349090229 }, "geometry": { "type": "Polygon", "coordinates": [ [ [ -44.988887070103416, -21.336694796878458 ], [ -44.988887070103416, -21.336964291463705 ], [ -44.989695553859121, -21.336964291463698 ], [ -44.989695553859121, -21.336694796878458 ], [ -44.988887070103416, -21.336694796878458 ] ] ] } },
{ "type": "Feature", "properties": { "id_feicao": "fogo_2014_47", "ano": 2014.0, "mes": 9, "codigo_original": 12, "classe": "Formação Campestre", "cor": "#d6bc74", "area_ha": 0.083351205052395544 }, "geometry": { "type": "Polygon", "coordinates": [ [ [ -44.987270102591999, -21.336425302293225 ], [ -44.987270102591999, -21.336694796878469 ], [ -44.987539597177239, -21.336694796878458 ], [ -44.987539597177239, -21.336425302293222 ], [ -44.987270102591999, -21.336425302293225 ] ] ] } },
{ "type": "Feature", "properties": { "id_feicao": "fogo_2014_48", "ano": 2014.0, "mes": 9, "codigo_original": 12, "classe": "Formação Campestre", "cor": "#d6bc74", "area_ha": 0.083351354936696584 }, "geometry": { "type": "Polygon", "coordinates": [ [ [ -44.987000608006767, -21.336155807707993 ], [ -44.986731113421527, -21.336155807707993 ], [ -44.986731113421527, -21.336425302293229 ], [ -44.987000608006767, -21.336425302293218 ], [ -44.987000608006767, -21.336155807707993 ] ] ] } },
{ "type": "Feature", "properties": { "id_feicao": "fogo_2014_49", "ano": 2014.0, "mes": 9, "codigo_original": 12, "classe": "Formação Campestre", "cor": "#d6bc74", "area_ha": 0.16670270717861385 }, "geometry": { "type": "Polygon", "coordinates": [ [ [ -44.989156564688649, -21.336155807707993 ], [ -44.989156564688649, -21.336425302293229 ], [ -44.989695553859121, -21.336425302293225 ], [ -44.989695553859121, -21.336155807707996 ], [ -44.989156564688649, -21.336155807707993 ] ] ] } },
{ "type": "Feature", "properties": { "id_feicao": "fogo_2014_50", "ano": 2014.0, "mes": 9, "codigo_original": 12, "classe": "Formação Campestre", "cor": "#d6bc74", "area_ha": 0.083352550222383734 }, "geometry": { "type": "Polygon", "coordinates": [ [ [ -44.989156564688649, -21.333999851026103 ], [ -44.989156564688649, -21.334269345611343 ], [ -44.989426059273889, -21.334269345611332 ], [ -44.989426059273889, -21.33399985102611 ], [ -44.989156564688649, -21.333999851026103 ] ] ] } },
{ "type": "Feature", "properties": { "id_feicao": "fogo_2014_51", "ano": 2014.0, "mes": 9, "codigo_original": 12, "classe": "Formação Campestre", "cor": "#d6bc74", "area_ha": 0.083434389751963323 }, "geometry": { "type": "Polygon", "coordinates": [ [ [ -45.116896998090446, -21.186586312902087 ], [ -45.116627503505214, -21.186586312902083 ], [ -45.116627503505214, -21.186855807487326 ], [ -45.116896998090446, -21.186855807487323 ], [ -45.116896998090446, -21.186586312902087 ] ] ] } },
{ "type": "Feature", "properties": { "id_feicao": "fogo_2014_52", "ano": 2014.0, "mes": 9, "codigo_original": 12, "classe": "Formação Campestre", "cor": "#d6bc74", "area_ha": 0.41675603209881429 }, "geometry": { "type": "Polygon", "coordinates": [ [ [ -44.98511414591011, -21.336694796878465 ], [ -44.98511414591011, -21.336425302293232 ], [ -44.98538364049535, -21.336425302293225 ], [ -44.98538364049535, -21.336155807707993 ], [ -44.984844651324877, -21.336155807707986 ], [ -44.984844651324877, -21.336964291463694 ], [ -44.98538364049535, -21.336964291463705 ], [ -44.98538364049535, -21.336694796878458 ], [ -44.98511414591011, -21.336694796878465 ] ] ] } },
{ "type": "Feature", "properties": { "id_feicao": "fogo_2014_53", "ano": 2014.0, "mes": 9, "codigo_original": 12, "classe": "Formação Campestre", "cor": "#d6bc74", "area_ha": 0.083351206177699255 }, "geometry": { "type": "Polygon", "coordinates": [ [ [ -44.98538364049535, -21.336425302293225 ], [ -44.98538364049535, -21.336694796878458 ], [ -44.985653135080582, -21.336694796878465 ], [ -44.985653135080582, -21.336425302293232 ], [ -44.98538364049535, -21.336425302293225 ] ] ] } },
{ "type": "Feature", "properties": { "id_feicao": "fogo_2014_54", "ano": 2014.0, "mes": 9, "codigo_original": 12, "classe": "Formação Campestre", "cor": "#d6bc74", "area_ha": 0.1667024111910789 }, "geometry": { "type": "Polygon", "coordinates": [ [ [ -44.986192124251055, -21.336425302293232 ], [ -44.986192124251055, -21.336694796878465 ], [ -44.986731113421527, -21.336694796878461 ], [ -44.986731113421527, -21.336425302293229 ], [ -44.986192124251055, -21.336425302293232 ] ] ] } },
{ "type": "Feature", "properties": { "id_feicao": "fogo_2014_55", "ano": 2014.0, "mes": 9, "codigo_original": 12, "classe": "Formação Campestre", "cor": "#d6bc74", "area_ha": 0.083351355417726647 }, "geometry": { "type": "Polygon", "coordinates": [ [ [ -44.985922629665822, -21.336155807707993 ], [ -44.985922629665822, -21.336425302293229 ], [ -44.986192124251055, -21.336425302293232 ], [ -44.986192124251055, -21.336155807707989 ], [ -44.985922629665822, -21.336155807707993 ] ] ] } },
{ "type": "Feature", "properties": { "id_feicao": "fogo_2014_56", "ano": 2014.0, "mes": 9, "codigo_original": 12, "classe": "Formação Campestre", "cor": "#d6bc74", "area_ha": 0.083351505334655684 }, "geometry": { "type": "Polygon", "coordinates": [ [ [ -44.98538364049535, -21.335886313122757 ], [ -44.98538364049535, -21.336155807707993 ], [ -44.985653135080582, -21.336155807707989 ], [ -44.985653135080582, -21.33588631312276 ], [ -44.98538364049535, -21.335886313122757 ] ] ] } },
{ "type": "Feature", "properties": { "id_feicao": "fogo_2014_57", "ano": 2014.0, "mes": 9, "codigo_original": 12, "classe": "Formação Campestre", "cor": "#d6bc74", "area_ha": 0.08335165474462658 }, "geometry": { "type": "Polygon", "coordinates": [ [ [ -44.985653135080582, -21.33561681853752 ], [ -44.985653135080582, -21.33588631312276 ], [ -44.985922629665822, -21.335886313122757 ], [ -44.985922629665822, -21.33561681853752 ], [ -44.985653135080582, -21.33561681853752 ] ] ] } },
{ "type": "Feature", "properties": { "id_feicao": "fogo_2014_58", "ano": 2014.0, "mes": 9, "codigo_original": 15, "classe": "Pastagem", "cor": "#edde8e", "area_ha": 0.16670267144009948 }, "geometry": { "type": "Polygon", "coordinates": [ [ [ -45.077550788646015, -21.336425302293232 ], [ -45.077550788646015, -21.336694796878458 ], [ -45.078089777816487, -21.336694796878461 ], [ -45.078089777816487, -21.336425302293229 ], [ -45.077550788646015, -21.336425302293232 ] ] ] } },
{ "type": "Feature", "properties": { "id_feicao": "fogo_2014_59", "ano": 2014.0, "mes": 9, "codigo_original": 15, "classe": "Pastagem", "cor": "#edde8e", "area_ha": 0.25005535197506068 }, "geometry": { "type": "Polygon", "coordinates": [ [ [ -45.077281294060782, -21.335616818537524 ], [ -45.077281294060782, -21.335886313122753 ], [ -45.078089777816487, -21.335886313122753 ], [ -45.078089777816487, -21.33561681853752 ], [ -45.077281294060782, -21.335616818537524 ] ] ] } },
{ "type": "Feature", "properties": { "id_feicao": "fogo_2014_60", "ano": 2014.0, "mes": 9, "codigo_original": 15, "classe": "Pastagem", "cor": "#edde8e", "area_ha": 0.25018355246093832 }, "geometry": { "type": "Polygon", "coordinates": [ [ [ -45.085366131617853, -21.25854136716006 ], [ -45.085366131617853, -21.258810861745292 ], [ -45.086174615373558, -21.258810861745292 ], [ -45.086174615373558, -21.25854136716007 ], [ -45.085366131617853, -21.25854136716006 ] ] ] } },
{ "type": "Feature", "properties": { "id_feicao": "fogo_2014_61", "ano": 2014.0, "mes": 9, "codigo_original": 15, "classe": "Pastagem", "cor": "#edde8e", "area_ha": 0.083407049964283664 }, "geometry": { "type": "Polygon", "coordinates": [ [ [ -45.14681089705163, -21.236442811170726 ], [ -45.14681089705163, -21.236712305755955 ], [ -45.147080391636862, -21.236712305755962 ], [ -45.147080391636862, -21.236442811170726 ], [ -45.14681089705163, -21.236442811170726 ] ] ] } },
{ "type": "Feature", "properties": { "id_feicao": "fogo_2014_62", "ano": 2014.0, "mes": 9, "codigo_original": 15, "classe": "Pastagem", "cor": "#edde8e", "area_ha": 0.16686779567340668 }, "geometry": { "type": "Polygon", "coordinates": [ [ [ -45.09048652873733, -21.187125302072563 ], [ -45.09048652873733, -21.187664291243031 ], [ -45.090756023322569, -21.187664291243031 ], [ -45.090756023322569, -21.187125302072563 ], [ -45.09048652873733, -21.187125302072563 ] ] ] } },
{ "type": "Feature", "properties": { "id_feicao": "fogo_2014_63", "ano": 2014.0, "mes": 9, "codigo_original": 15, "classe": "Pastagem", "cor": "#edde8e", "area_ha": 0.083434119608918944 }, "geometry": { "type": "Polygon", "coordinates": [ [ [ -45.090217034152097, -21.18685580748733 ], [ -45.090217034152097, -21.187125302072555 ], [ -45.09048652873733, -21.187125302072563 ], [ -45.09048652873733, -21.18685580748733 ], [ -45.090217034152097, -21.18685580748733 ] ] ] } },
{ "type": "Feature", "properties": { "id_feicao": "fogo_2014_64", "ano": 2014.0, "mes": 9, "codigo_original": 15, "classe": "Pastagem", "cor": "#edde8e", "area_ha": 0.083434418918073155 }, "geometry": { "type": "Polygon", "coordinates": [ [ [ -45.090756023322569, -21.186316818316854 ], [ -45.090756023322569, -21.186586312902087 ], [ -45.091025517907802, -21.186586312902083 ], [ -45.091025517907802, -21.186316818316858 ], [ -45.090756023322569, -21.186316818316854 ] ] ] } },
{ "type": "Feature", "properties": { "id_feicao": "fogo_2014_65", "ano": 2014.0, "mes": 9, "codigo_original": 15, "classe": "Pastagem", "cor": "#edde8e", "area_ha": 0.58404273612606916 }, "geometry": { "type": "Polygon", "coordinates": [ [ [ -45.116627503505214, -21.186047323731621 ], [ -45.116627503505214, -21.185777829146389 ], [ -45.115819019749502, -21.185777829146385 ], [ -45.115819019749502, -21.186586312902094 ], [ -45.116358008919974, -21.186586312902087 ], [ -45.116358008919974, -21.186047323731618 ], [ -45.116627503505214, -21.186047323731621 ] ] ] } },
{ "type": "Feature", "properties": { "id_feicao": "fogo_2014_66", "ano": 2014.0, "mes": 9, "codigo_original": 15, "classe": "Pastagem", "cor": "#edde8e", "area_ha": 0.083440950846586343 }, "geometry": { "type": "Polygon", "coordinates": [ [ [ -45.089947539566865, -21.174459056566473 ], [ -45.089947539566865, -21.174728551151713 ], [ -45.090217034152097, -21.174728551151713 ], [ -45.090217034152097, -21.174459056566477 ], [ -45.089947539566865, -21.174459056566473 ] ] ] } },
{ "type": "Feature", "properties": { "id_feicao": "fogo_2014_67", "ano": 2014.0, "mes": 9, "codigo_original": 15, "classe": "Pastagem", "cor": "#edde8e", "area_ha": 1.2501909761434367 }, "geometry": { "type": "Polygon", "coordinates": [ [ [ -45.066501510651342, -21.345588118191248 ], [ -45.066501510651342, -21.34639660194695 ], [ -45.06784898357752, -21.34639660194695 ], [ -45.06784898357752, -21.345588118191245 ], [ -45.066501510651342, -21.345588118191248 ] ] ] } },
{ "type": "Feature", "properties": { "id_feicao": "fogo_2014_68", "ano": 2014.0, "mes": 9, "codigo_original": 15, "classe": "Pastagem", "cor": "#edde8e", "area_ha": 0.083351333407734318 }, "geometry": { "type": "Polygon", "coordinates": [ [ [ -45.077011799475542, -21.336425302293232 ], [ -45.077011799475542, -21.336694796878465 ], [ -45.077281294060782, -21.336694796878461 ], [ -45.077281294060782, -21.336425302293225 ], [ -45.077011799475542, -21.336425302293232 ] ] ] } },
{ "type": "Feature", "properties": { "id_feicao": "fogo_2014_69", "ano": 2014.0, "mes": 9, "codigo_original": 15, "classe": "Pastagem", "cor": "#edde8e", "area_ha": 0.083351331570937326 }, "geometry": { "type": "Polygon", "coordinates": [ [ [ -45.07647281030507, -21.336425302293225 ], [ -45.07647281030507, -21.336694796878461 ], [ -45.07674230489031, -21.336694796878458 ], [ -45.07674230489031, -21.336425302293232 ], [ -45.07647281030507, -21.336425302293225 ] ] ] } },
{ "type": "Feature", "properties": { "id_feicao": "fogo_2014_70", "ano": 2014.0, "mes": 9, "codigo_original": 15, "classe": "Pastagem", "cor": "#edde8e", "area_ha": 0.083351327936374717 }, "geometry": { "type": "Polygon", "coordinates": [ [ [ -45.075394831964125, -21.336425302293229 ], [ -45.075394831964125, -21.336694796878465 ], [ -45.075664326549365, -21.336694796878458 ], [ -45.075664326549365, -21.336425302293232 ], [ -45.075394831964125, -21.336425302293229 ] ] ] } },
{ "type": "Feature", "properties": { "id_feicao": "fogo_2014_71", "ano": 2014.0, "mes": 9, "codigo_original": 15, "classe": "Pastagem", "cor": "#edde8e", "area_ha": 0.083352226295424589 }, "geometry": { "type": "Polygon", "coordinates": [ [ [ -45.075664326549365, -21.334808334781808 ], [ -45.075664326549365, -21.335077829367044 ], [ -45.075933821134598, -21.335077829367048 ], [ -45.075933821134598, -21.334808334781808 ], [ -45.075664326549365, -21.334808334781808 ] ] ] } },
{ "type": "Feature", "properties": { "id_feicao": "fogo_2014_72", "ano": 2014.0, "mes": 9, "codigo_original": 15, "classe": "Pastagem", "cor": "#edde8e", "area_ha": 0.75017432619363156 }, "geometry": { "type": "Polygon", "coordinates": [ [ [ -45.07458634820842, -21.334538840196576 ], [ -45.07458634820842, -21.333999851026107 ], [ -45.074316853623181, -21.33399985102611 ], [ -45.074316853623181, -21.333730356440871 ], [ -45.073777864452708, -21.333730356440878 ], [ -45.073777864452708, -21.334269345611332 ], [ -45.073508369867476, -21.334269345611336 ], [ -45.073508369867476, -21.334538840196579 ], [ -45.07458634820842, -21.334538840196576 ] ] ] } },
{ "type": "Feature", "properties": { "id_feicao": "fogo_2014_73", "ano": 2014.0, "mes": 9, "codigo_original": 15, "classe": "Pastagem", "cor": "#edde8e", "area_ha": 0.16670623397110029 }, "geometry": { "type": "Polygon", "coordinates": [ [ [ -45.073508369867476, -21.333460861855642 ], [ -45.074047359037948, -21.333460861855635 ], [ -45.074047359037948, -21.333191367270395 ], [ -45.073508369867476, -21.333191367270405 ], [ -45.073508369867476, -21.333460861855642 ] ] ] } },
{ "type": "Feature", "properties": { "id_feicao": "fogo_2014_74", "ano": 2014.0, "mes": 9, "codigo_original": 15, "classe": "Pastagem", "cor": "#edde8e", "area_ha": 1.5841858400203288 }, "geometry": { "type": "Polygon", "coordinates": [ [ [ -44.885940138543319, -21.288994255291708 ], [ -44.887287611469496, -21.288994255291712 ], [ -44.887287611469496, -21.287916276950767 ], [ -44.886479127713791, -21.287916276950771 ], [ -44.886479127713791, -21.288185771536011 ], [ -44.886209633128551, -21.288185771536011 ], [ -44.886209633128551, -21.287916276950781 ], [ -44.885940138543319, -21.287916276950774 ], [ -44.885940138543319, -21.288994255291708 ] ] ] } },
{ "type": "Feature", "properties": { "id_feicao": "fogo_2014_75", "ano": 2014.0, "mes": 9, "codigo_original": 21, "classe": "Mosaico de Usos", "cor": "#ffefc3", "area_ha": 0.25018267676914113 }, "geometry": { "type": "Polygon", "coordinates": [ [ [ -45.08698309912927, -21.259349850915772 ], [ -45.087791582884975, -21.259349850915772 ], [ -45.087791582884975, -21.259080356330536 ], [ -45.08698309912927, -21.259080356330525 ], [ -45.08698309912927, -21.259349850915772 ] ] ] } },
{ "type": "Feature", "properties": { "id_feicao": "fogo_2014_76", "ano": 2014.0, "mes": 9, "codigo_original": 21, "classe": "Mosaico de Usos", "cor": "#ffefc3", "area_ha": 0.083394376740418372 }, "geometry": { "type": "Polygon", "coordinates": [ [ [ -45.087791582884975, -21.259080356330536 ], [ -45.088061077470208, -21.259080356330539 ], [ -45.088061077470208, -21.258810861745296 ], [ -45.087791582884975, -21.258810861745307 ], [ -45.087791582884975, -21.259080356330536 ] ] ] } },
{ "type": "Feature", "properties": { "id_feicao": "fogo_2014_77", "ano": 2014.0, "mes": 9, "codigo_original": 41, "classe": "Outras Lavouras Temporárias", "cor": "#f54ca9", "area_ha": 0.41673182182088492 }, "geometry": { "type": "Polygon", "coordinates": [ [ [ -45.066501510651342, -21.345588118191248 ], [ -45.06784898357752, -21.345588118191245 ], [ -45.06784898357752, -21.345318623606012 ], [ -45.066501510651342, -21.345318623606005 ], [ -45.066501510651342, -21.345588118191248 ] ] ] } },
{ "type": "Feature", "properties": { "id_feicao": "fogo_2014_78", "ano": 2014.0, "mes": 9, "codigo_original": 41, "classe": "Outras Lavouras Temporárias", "cor": "#f54ca9", "area_ha": 14.260319779048412 }, "geometry": { "type": "Polygon", "coordinates": [ [ [ -45.085366131617853, -21.258810861745292 ], [ -45.085366131617853, -21.259080356330536 ], [ -45.084557647862141, -21.259080356330543 ], [ -45.084557647862141, -21.259349850915775 ], [ -45.084288153276908, -21.259349850915772 ], [ -45.084288153276908, -21.260427829256717 ], [ -45.084557647862141, -21.260427829256724 ], [ -45.084557647862141, -21.261505807597654 ], [ -45.085096637032613, -21.261505807597658 ], [ -45.085096637032613, -21.261236313012418 ], [ -45.085366131617853, -21.261236313012425 ], [ -45.085366131617853, -21.260697323841949 ], [ -45.085635626203086, -21.260697323841953 ], [ -45.085635626203086, -21.261505807597658 ], [ -45.086174615373558, -21.261505807597668 ], [ -45.086174615373558, -21.261775302182897 ], [ -45.086444109958798, -21.261775302182894 ], [ -45.086444109958798, -21.26204479676813 ], [ -45.08671360454403, -21.26204479676813 ], [ -45.08671360454403, -21.261775302182897 ], [ -45.087252593714503, -21.261775302182894 ], [ -45.087252593714503, -21.261505807597658 ], [ -45.08886956122592, -21.261505807597661 ], [ -45.08886956122592, -21.260697323841956 ], [ -45.089678044981625, -21.260697323841956 ], [ -45.089678044981625, -21.259080356330539 ], [ -45.088330572055447, -21.259080356330536 ], [ -45.088330572055447, -21.258810861745296 ], [ -45.088061077470208, -21.258810861745296 ], [ -45.088061077470208, -21.259080356330539 ], [ -45.087791582884975, -21.259080356330536 ], [ -45.087791582884975, -21.258810861745307 ], [ -45.086444109958798, -21.258810861745292 ], [ -45.086444109958798, -21.25854136716006 ], [ -45.086174615373558, -21.25854136716007 ], [ -45.086174615373558, -21.258810861745292 ], [ -45.085366131617853, -21.258810861745292 ] ], [ [ -45.085635626203086, -21.260427829256724 ], [ -45.085366131617853, -21.260427829256717 ], [ -45.085366131617853, -21.260158334671477 ], [ -45.085905120788325, -21.260158334671477 ], [ -45.085905120788325, -21.260427829256717 ], [ -45.086174615373558, -21.260427829256717 ], [ -45.086174615373558, -21.260697323841946 ], [ -45.085635626203086, -21.260697323841953 ], [ -45.085635626203086, -21.260427829256724 ] ], [ [ -45.087791582884975, -21.259349850915772 ], [ -45.08698309912927, -21.259349850915772 ], [ -45.08698309912927, -21.259080356330525 ], [ -45.087791582884975, -21.259080356330536 ], [ -45.087791582884975, -21.259349850915772 ] ] ] } },
{ "type": "Feature", "properties": { "id_feicao": "fogo_2014_79", "ano": 2014.0, "mes": 10, "codigo_original": 3, "classe": "Formação Florestal", "cor": "#1f8d49", "area_ha": 0.16686772345779463 }, "geometry": { "type": "Polygon", "coordinates": [ [ [ -45.099918839220585, -21.187394796657799 ], [ -45.099379850050113, -21.187394796657799 ], [ -45.099379850050113, -21.187664291243028 ], [ -45.099918839220585, -21.187664291243038 ], [ -45.099918839220585, -21.187394796657799 ] ] ] } },
{ "type": "Feature", "properties": { "id_feicao": "fogo_2014_80", "ano": 2014.0, "mes": 10, "codigo_original": 3, "classe": "Formação Florestal", "cor": "#1f8d49", "area_ha": 0.1668676975883587 }, "geometry": { "type": "Polygon", "coordinates": [ [ [ -45.096415409612518, -21.187394796657792 ], [ -45.096415409612518, -21.187664291243028 ], [ -45.096954398782991, -21.187664291243035 ], [ -45.096954398782991, -21.187394796657799 ], [ -45.096415409612518, -21.187394796657792 ] ] ] } },
{ "type": "Feature", "properties": { "id_feicao": "fogo_2014_81", "ano": 2014.0, "mes": 10, "codigo_original": 3, "classe": "Formação Florestal", "cor": "#1f8d49", "area_ha": 0.16686803020526786 }, "geometry": { "type": "Polygon", "coordinates": [ [ [ -45.100457828391058, -21.187125302072555 ], [ -45.100457828391058, -21.187394796657802 ], [ -45.10099681756153, -21.187394796657795 ], [ -45.10099681756153, -21.187125302072566 ], [ -45.100457828391058, -21.187125302072555 ] ] ] } },
{ "type": "Feature", "properties": { "id_feicao": "fogo_2014_82", "ano": 2014.0, "mes": 10, "codigo_original": 3, "classe": "Formação Florestal", "cor": "#1f8d49", "area_ha": 0.16686814678553491 }, "geometry": { "type": "Polygon", "coordinates": [ [ [ -45.097223893368231, -21.186855807487326 ], [ -45.096954398782991, -21.186855807487319 ], [ -45.096954398782991, -21.187394796657799 ], [ -45.097223893368231, -21.187394796657795 ], [ -45.097223893368231, -21.186855807487326 ] ] ] } },
{ "type": "Feature", "properties": { "id_feicao": "fogo_2014_83", "ano": 2014.0, "mes": 10, "codigo_original": 3, "classe": "Formação Florestal", "cor": "#1f8d49", "area_ha": 0.083434889348602798 }, "geometry": { "type": "Polygon", "coordinates": [ [ [ -45.096684904197758, -21.185508334561149 ], [ -45.096684904197758, -21.185777829146385 ], [ -45.096954398782991, -21.185777829146392 ], [ -45.096954398782991, -21.185508334561153 ], [ -45.096684904197758, -21.185508334561149 ] ] ] } },
{ "type": "Feature", "properties": { "id_feicao": "fogo_2014_84", "ano": 2014.0, "mes": 10, "codigo_original": 3, "classe": "Formação Florestal", "cor": "#1f8d49", "area_ha": 0.083440105652075186 }, "geometry": { "type": "Polygon", "coordinates": [ [ [ -45.100727322976297, -21.17607602407789 ], [ -45.100727322976297, -21.17634551866313 ], [ -45.10099681756153, -21.176345518663126 ], [ -45.10099681756153, -21.17607602407789 ], [ -45.100727322976297, -21.17607602407789 ] ] ] } },
{ "type": "Feature", "properties": { "id_feicao": "fogo_2014_85", "ano": 2014.0, "mes": 10, "codigo_original": 3, "classe": "Formação Florestal", "cor": "#1f8d49", "area_ha": 0.33339616857832299 }, "geometry": { "type": "Polygon", "coordinates": [ [ [ -45.031736709155915, -21.340467721071768 ], [ -45.032275698326387, -21.340467721071764 ], [ -45.032275698326387, -21.340198226486521 ], [ -45.031467214570682, -21.340198226486525 ], [ -45.031467214570682, -21.34073721565699 ], [ -45.031736709155915, -21.340737215656997 ], [ -45.031736709155915, -21.340467721071768 ] ] ] } },
{ "type": "Feature", "properties": { "id_feicao": "fogo_2014_86", "ano": 2014.0, "mes": 10, "codigo_original": 3, "classe": "Formação Florestal", "cor": "#1f8d49", "area_ha": 0.25029340836826425 }, "geometry": { "type": "Polygon", "coordinates": [ [ [ -45.087252593714503, -21.19197620460681 ], [ -45.087252593714503, -21.192784688362512 ], [ -45.087522088299735, -21.192784688362519 ], [ -45.087522088299735, -21.19197620460681 ], [ -45.087252593714503, -21.19197620460681 ] ] ] } },
{ "type": "Feature", "properties": { "id_feicao": "fogo_2014_87", "ano": 2014.0, "mes": 10, "codigo_original": 3, "classe": "Formação Florestal", "cor": "#1f8d49", "area_ha": 0.083431134039176777 }, "geometry": { "type": "Polygon", "coordinates": [ [ [ -45.08671360454403, -21.192245699192039 ], [ -45.08671360454403, -21.192515193777282 ], [ -45.08698309912927, -21.192515193777279 ], [ -45.08698309912927, -21.19224569919205 ], [ -45.08671360454403, -21.192245699192039 ] ] ] } },
{ "type": "Feature", "properties": { "id_feicao": "fogo_2014_88", "ano": 2014.0, "mes": 10, "codigo_original": 3, "classe": "Formação Florestal", "cor": "#1f8d49", "area_ha": 0.16686799011183903 }, "geometry": { "type": "Polygon", "coordinates": [ [ [ -45.096415409612518, -21.187125302072563 ], [ -45.095876420442053, -21.187125302072559 ], [ -45.095876420442053, -21.187394796657802 ], [ -45.096415409612518, -21.187394796657792 ], [ -45.096415409612518, -21.187125302072563 ] ] ] } },
{ "type": "Feature", "properties": { "id_feicao": "fogo_2014_89", "ano": 2014.0, "mes": 10, "codigo_original": 3, "classe": "Formação Florestal", "cor": "#1f8d49", "area_ha": 0.3337418507131617 }, "geometry": { "type": "Polygon", "coordinates": [ [ [ -45.091295012493042, -21.184430356220197 ], [ -45.091295012493042, -21.184699850805437 ], [ -45.092372990833987, -21.18469985080544 ], [ -45.092372990833987, -21.184430356220201 ], [ -45.091295012493042, -21.184430356220197 ] ] ] } },
{ "type": "Feature", "properties": { "id_feicao": "fogo_2014_90", "ano": 2014.0, "mes": 10, "codigo_original": 3, "classe": "Formação Florestal", "cor": "#1f8d49", "area_ha": 0.08343563097679825 }, "geometry": { "type": "Polygon", "coordinates": [ [ [ -45.096415409612518, -21.184160861634965 ], [ -45.096415409612518, -21.184430356220204 ], [ -45.096684904197758, -21.184430356220208 ], [ -45.096684904197758, -21.184160861634965 ], [ -45.096415409612518, -21.184160861634965 ] ] ] } },
{ "type": "Feature", "properties": { "id_feicao": "fogo_2014_91", "ano": 2014.0, "mes": 10, "codigo_original": 4, "classe": "Formação Savânica", "cor": "#7dc975", "area_ha": 0.083384682164129614 }, "geometry": { "type": "Polygon", "coordinates": [ [ [ -45.030119741644498, -21.276058515200397 ], [ -45.030119741644498, -21.27632800978563 ], [ -45.030389236229738, -21.276328009785633 ], [ -45.030389236229738, -21.2760585152004 ], [ -45.030119741644498, -21.276058515200397 ] ] ] } },
{ "type": "Feature", "properties": { "id_feicao": "fogo_2014_92", "ano": 2014.0, "mes": 10, "codigo_original": 12, "classe": "Formação Campestre", "cor": "#d6bc74", "area_ha": 1.6582008448011243 }, "geometry": { "type": "Polygon", "coordinates": [ [ [ -44.989426059273889, -21.336694796878461 ], [ -44.989695553859121, -21.336694796878458 ], [ -44.989695553859121, -21.336964291463698 ], [ -44.991204475878732, -21.336964291948696 ], [ -44.991312521370617, -21.336821934723826 ], [ -44.991312521370538, -21.336425302293229 ], [ -44.990234543029594, -21.336425302293229 ], [ -44.990234543029594, -21.336155807707989 ], [ -44.990504037614834, -21.336155807707989 ], [ -44.990504037614834, -21.335886313122749 ], [ -44.990234543029594, -21.335886313122749 ], [ -44.990234543029594, -21.335616818537524 ], [ -44.989695553859121, -21.335616818537524 ], [ -44.989695553859121, -21.336425302293225 ], [ -44.989426059273889, -21.336425302293229 ], [ -44.989426059273889, -21.336694796878461 ] ] ] } },
{ "type": "Feature", "properties": { "id_feicao": "fogo_2014_93", "ano": 2014.0, "mes": 10, "codigo_original": 12, "classe": "Formação Campestre", "cor": "#d6bc74", "area_ha": 0.45111932249946585 }, "geometry": { "type": "Polygon", "coordinates": [ [ [ -44.991582015955771, -21.335886313122749 ], [ -44.991582015955785, -21.336117290438768 ], [ -44.991582999999899, -21.336113 ], [ -44.99162, -21.335837 ], [ -44.991633, -21.335572 ], [ -44.9916447222096, -21.335347324322413 ], [ -44.991043026785299, -21.335347323952291 ], [ -44.991043026785299, -21.335616818537517 ], [ -44.990773532200066, -21.335616818537517 ], [ -44.990773532200066, -21.335886313122753 ], [ -44.991582015955771, -21.335886313122749 ] ] ] } },
{ "type": "Feature", "properties": { "id_feicao": "fogo_2014_94", "ano": 2014.0, "mes": 10, "codigo_original": 12, "classe": "Formação Campestre", "cor": "#d6bc74", "area_ha": 0.16670360367815909 }, "geometry": { "type": "Polygon", "coordinates": [ [ [ -44.990234543029594, -21.335347323952288 ], [ -44.990234543029594, -21.335616818537524 ], [ -44.990773532200066, -21.335616818537517 ], [ -44.990773532200066, -21.33534732395227 ], [ -44.990234543029594, -21.335347323952288 ] ] ] } },
{ "type": "Feature", "properties": { "id_feicao": "fogo_2014_95", "ano": 2014.0, "mes": 10, "codigo_original": 12, "classe": "Formação Campestre", "cor": "#d6bc74", "area_ha": 0.083352100814320151 }, "geometry": { "type": "Polygon", "coordinates": [ [ [ -44.991043026785299, -21.334808334781808 ], [ -44.990773532200066, -21.334808334781808 ], [ -44.990773532200066, -21.335077829367048 ], [ -44.991043026785299, -21.335077829367044 ], [ -44.991043026785299, -21.334808334781808 ] ] ] } },
{ "type": "Feature", "properties": { "id_feicao": "fogo_2014_96", "ano": 2014.0, "mes": 10, "codigo_original": 12, "classe": "Formação Campestre", "cor": "#d6bc74", "area_ha": 0.032061491855722352 }, "geometry": { "type": "Polygon", "coordinates": [ [ [ -44.991582015955771, -21.334808334781808 ], [ -44.991582015955771, -21.335077829367052 ], [ -44.991669885636774, -21.335077829414519 ], [ -44.991670999999897, -21.335066 ], [ -44.991701753595265, -21.334808334835156 ], [ -44.991582015955771, -21.334808334781808 ] ] ] } },
{ "type": "Feature", "properties": { "id_feicao": "fogo_2014_97", "ano": 2014.0, "mes": 10, "codigo_original": 12, "classe": "Formação Campestre", "cor": "#d6bc74", "area_ha": 0.25005765146147491 }, "geometry": { "type": "Polygon", "coordinates": [ [ [ -44.988348080932944, -21.33399985102611 ], [ -44.988348080932944, -21.334269345611339 ], [ -44.989156564688649, -21.334269345611343 ], [ -44.989156564688649, -21.333999851026103 ], [ -44.988348080932944, -21.33399985102611 ] ] ] } },
{ "type": "Feature", "properties": { "id_feicao": "fogo_2014_98", "ano": 2014.0, "mes": 10, "codigo_original": 12, "classe": "Formação Campestre", "cor": "#d6bc74", "area_ha": 0.66682599600609394 }, "geometry": { "type": "Polygon", "coordinates": [ [ [ -45.036587611690159, -21.332652378099922 ], [ -45.035509633349221, -21.332652378099922 ], [ -45.035509633349221, -21.333191367270402 ], [ -45.036587611690159, -21.333191367270398 ], [ -45.036587611690159, -21.332652378099922 ] ] ] } },
{ "type": "Feature", "properties": { "id_feicao": "fogo_2014_99", "ano": 2014.0, "mes": 10, "codigo_original": 12, "classe": "Formação Campestre", "cor": "#d6bc74", "area_ha": 0.33340421986199442 }, "geometry": { "type": "Polygon", "coordinates": [ [ [ -44.987809091762472, -21.336694796878469 ], [ -44.987809091762472, -21.336964291463701 ], [ -44.988887070103416, -21.336964291463705 ], [ -44.988887070103416, -21.336694796878458 ], [ -44.987809091762472, -21.336694796878469 ] ] ] } },
{ "type": "Feature", "properties": { "id_feicao": "fogo_2014_100", "ano": 2014.0, "mes": 10, "codigo_original": 12, "classe": "Formação Campestre", "cor": "#d6bc74", "area_ha": 0.083351207468871785 }, "geometry": { "type": "Polygon", "coordinates": [ [ [ -44.9834971783987, -21.336425302293229 ], [ -44.9834971783987, -21.336694796878458 ], [ -44.983766672983933, -21.336694796878461 ], [ -44.983766672983933, -21.336425302293225 ], [ -44.9834971783987, -21.336425302293229 ] ] ] } },
{ "type": "Feature", "properties": { "id_feicao": "fogo_2014_101", "ano": 2014.0, "mes": 10, "codigo_original": 12, "classe": "Formação Campestre", "cor": "#d6bc74", "area_ha": 0.083351204899041562 }, "geometry": { "type": "Polygon", "coordinates": [ [ [ -44.987539597177239, -21.336425302293222 ], [ -44.987539597177239, -21.336694796878458 ], [ -44.987809091762472, -21.336694796878469 ], [ -44.987809091762472, -21.336425302293225 ], [ -44.987539597177239, -21.336425302293222 ] ] ] } },
{ "type": "Feature", "properties": { "id_feicao": "fogo_2014_102", "ano": 2014.0, "mes": 10, "codigo_original": 12, "classe": "Formação Campestre", "cor": "#d6bc74", "area_ha": 0.1667027127731775 }, "geometry": { "type": "Polygon", "coordinates": [ [ [ -44.984305662154405, -21.336155807707982 ], [ -44.984305662154405, -21.336425302293225 ], [ -44.984844651324877, -21.336425302293222 ], [ -44.984844651324877, -21.336155807707986 ], [ -44.984305662154405, -21.336155807707982 ] ] ] } },
{ "type": "Feature", "properties": { "id_feicao": "fogo_2014_103", "ano": 2014.0, "mes": 10, "codigo_original": 12, "classe": "Formação Campestre", "cor": "#d6bc74", "area_ha": 2.3365221481118148 }, "geometry": { "type": "Polygon", "coordinates": [ [ [ -44.98538364049535, -21.162601294816103 ], [ -44.98538364049535, -21.16367927315704 ], [ -44.987539597177239, -21.163679273157047 ], [ -44.987539597177239, -21.163409778571804 ], [ -44.987270102591999, -21.163409778571804 ], [ -44.987270102591999, -21.162601294816099 ], [ -44.985922629665822, -21.162601294816099 ], [ -44.985922629665822, -21.162870789401328 ], [ -44.985653135080582, -21.162870789401339 ], [ -44.985653135080582, -21.162601294816092 ], [ -44.98538364049535, -21.162601294816103 ] ] ] } },
{ "type": "Feature", "properties": { "id_feicao": "fogo_2014_104", "ano": 2014.0, "mes": 10, "codigo_original": 12, "classe": "Formação Campestre", "cor": "#d6bc74", "area_ha": 0.25034325852775241 }, "geometry": { "type": "Polygon", "coordinates": [ [ [ -44.983766672983933, -21.161792811060394 ], [ -44.983766672983933, -21.162062305645634 ], [ -44.984575156739645, -21.162062305645634 ], [ -44.984575156739645, -21.161792811060394 ], [ -44.983766672983933, -21.161792811060394 ] ] ] } },
{ "type": "Feature", "properties": { "id_feicao": "fogo_2014_105", "ano": 2014.0, "mes": 10, "codigo_original": 15, "classe": "Pastagem", "cor": "#edde8e", "area_ha": 2.9170381033420565 }, "geometry": { "type": "Polygon", "coordinates": [ [ [ -45.088061077470208, -21.349091547799318 ], [ -45.086444109958798, -21.349091547799311 ], [ -45.086444109958798, -21.350708515310728 ], [ -45.087791582884975, -21.350708515310728 ], [ -45.087791582884975, -21.350439020725492 ], [ -45.088061077470208, -21.350439020725492 ], [ -45.088061077470208, -21.349091547799318 ] ] ] } },
{ "type": "Feature", "properties": { "id_feicao": "fogo_2014_106", "ano": 2014.0, "mes": 10, "codigo_original": 15, "classe": "Pastagem", "cor": "#edde8e", "area_ha": 0.083351334329694507 }, "geometry": { "type": "Polygon", "coordinates": [ [ [ -45.077281294060782, -21.336694796878461 ], [ -45.077550788646015, -21.336694796878458 ], [ -45.077550788646015, -21.336425302293232 ], [ -45.077281294060782, -21.336425302293225 ], [ -45.077281294060782, -21.336694796878461 ] ] ] } },
{ "type": "Feature", "properties": { "id_feicao": "fogo_2014_107", "ano": 2014.0, "mes": 10, "codigo_original": 15, "classe": "Pastagem", "cor": "#edde8e", "area_ha": 1.3342878521431238 }, "geometry": { "type": "Polygon", "coordinates": [ [ [ -45.094798442101109, -21.26204479676813 ], [ -45.095876420442053, -21.262044796768137 ], [ -45.095876420442053, -21.260966818427192 ], [ -45.094798442101109, -21.260966818427196 ], [ -45.094798442101109, -21.26204479676813 ] ] ] } },
{ "type": "Feature", "properties": { "id_feicao": "fogo_2014_108", "ano": 2014.0, "mes": 10, "codigo_original": 15, "classe": "Pastagem", "cor": "#edde8e", "area_ha": 0.33357466929377988 }, "geometry": { "type": "Polygon", "coordinates": [ [ [ -45.096145915027286, -21.26042782925672 ], [ -45.097223893368231, -21.260427829256724 ], [ -45.097223893368231, -21.26015833467148 ], [ -45.096145915027286, -21.26015833467147 ], [ -45.096145915027286, -21.26042782925672 ] ] ] } },
{ "type": "Feature", "properties": { "id_feicao": "fogo_2014_109", "ano": 2014.0, "mes": 10, "codigo_original": 15, "classe": "Pastagem", "cor": "#edde8e", "area_ha": 0.41697058701664208 }, "geometry": { "type": "Polygon", "coordinates": [ [ [ -45.097223893368231, -21.26015833467148 ], [ -45.097493387953463, -21.26015833467148 ], [ -45.097493387953463, -21.258810861745303 ], [ -45.097223893368231, -21.2588108617453 ], [ -45.097223893368231, -21.26015833467148 ] ] ] } },
{ "type": "Feature", "properties": { "id_feicao": "fogo_2014_110", "ano": 2014.0, "mes": 10, "codigo_original": 15, "classe": "Pastagem", "cor": "#edde8e", "area_ha": 0.75066074721589682 }, "geometry": { "type": "Polygon", "coordinates": [ [ [ -45.147888875392567, -21.236712305755962 ], [ -45.147619380807335, -21.236712305755958 ], [ -45.147619380807335, -21.236981800341194 ], [ -45.14681089705163, -21.236981800341194 ], [ -45.14681089705163, -21.237520789511674 ], [ -45.147888875392567, -21.23752078951167 ], [ -45.147888875392567, -21.236712305755962 ] ] ] } },
{ "type": "Feature", "properties": { "id_feicao": "fogo_2014_111", "ano": 2014.0, "mes": 10, "codigo_original": 15, "classe": "Pastagem", "cor": "#edde8e", "area_ha": 0.083428601274732506 }, "geometry": { "type": "Polygon", "coordinates": [ [ [ -45.085096637032613, -21.197096601726283 ], [ -45.085366131617853, -21.197096601726287 ], [ -45.085366131617853, -21.196827107141054 ], [ -45.085096637032613, -21.196827107141051 ], [ -45.085096637032613, -21.197096601726283 ] ] ] } },
{ "type": "Feature", "properties": { "id_feicao": "fogo_2014_112", "ano": 2014.0, "mes": 10, "codigo_original": 15, "classe": "Pastagem", "cor": "#edde8e", "area_ha": 0.083428748893458402 }, "geometry": { "type": "Polygon", "coordinates": [ [ [ -45.084827142447381, -21.196827107141051 ], [ -45.085096637032613, -21.196827107141051 ], [ -45.085096637032613, -21.196557612555818 ], [ -45.084827142447381, -21.196557612555814 ], [ -45.084827142447381, -21.196827107141051 ] ] ] } },
{ "type": "Feature", "properties": { "id_feicao": "fogo_2014_113", "ano": 2014.0, "mes": 10, "codigo_original": 15, "classe": "Pastagem", "cor": "#edde8e", "area_ha": 0.66743497025128451 }, "geometry": { "type": "Polygon", "coordinates": [ [ [ -45.084557647862141, -21.195749128800113 ], [ -45.084827142447381, -21.195749128800113 ], [ -45.084827142447381, -21.195479634214873 ], [ -45.085096637032613, -21.19547963421487 ], [ -45.085096637032613, -21.194940645044397 ], [ -45.084827142447381, -21.194940645044394 ], [ -45.084827142447381, -21.195210139629641 ], [ -45.084288153276908, -21.195210139629644 ], [ -45.084288153276908, -21.196288117970578 ], [ -45.084557647862141, -21.196288117970578 ], [ -45.084557647862141, -21.195749128800113 ] ] ] } },
{ "type": "Feature", "properties": { "id_feicao": "fogo_2014_114", "ano": 2014.0, "mes": 10, "codigo_original": 15, "classe": "Pastagem", "cor": "#edde8e", "area_ha": 1.7520406842188909 }, "geometry": { "type": "Polygon", "coordinates": [ [ [ -45.085635626203086, -21.194401655873932 ], [ -45.085366131617853, -21.194401655873932 ], [ -45.085366131617853, -21.194671150459158 ], [ -45.085096637032613, -21.194671150459165 ], [ -45.085096637032613, -21.194940645044397 ], [ -45.085635626203086, -21.194940645044404 ], [ -45.085635626203086, -21.194671150459168 ], [ -45.085905120788325, -21.194671150459165 ], [ -45.085905120788325, -21.194401655873932 ], [ -45.086174615373558, -21.194401655873932 ], [ -45.086174615373558, -21.193862666703456 ], [ -45.086444109958798, -21.19386266670346 ], [ -45.086444109958798, -21.193323677532991 ], [ -45.08671360454403, -21.193323677532995 ], [ -45.08671360454403, -21.193054182947748 ], [ -45.086444109958798, -21.193054182947741 ], [ -45.086444109958798, -21.192784688362515 ], [ -45.08671360454403, -21.192784688362515 ], [ -45.08671360454403, -21.192245699192039 ], [ -45.086174615373558, -21.192245699192043 ], [ -45.086174615373558, -21.192515193777275 ], [ -45.085905120788325, -21.192515193777275 ], [ -45.085905120788325, -21.194132161288692 ], [ -45.085635626203086, -21.194132161288689 ], [ -45.085635626203086, -21.194401655873932 ] ] ] } },
{ "type": "Feature", "properties": { "id_feicao": "fogo_2014_115", "ano": 2014.0, "mes": 10, "codigo_original": 15, "classe": "Pastagem", "cor": "#edde8e", "area_ha": 32.788492072530559 }, "geometry": { "type": "Polygon", "coordinates": [ [ [ -45.08671360454403, -21.188472774998743 ], [ -45.085905120788325, -21.188472774998747 ], [ -45.085905120788325, -21.189011764169209 ], [ -45.085366131617853, -21.189011764169209 ], [ -45.085366131617853, -21.19008974251016 ], [ -45.08671360454403, -21.19008974251015 ], [ -45.08671360454403, -21.192245699192039 ], [ -45.087252593714503, -21.192245699192053 ], [ -45.087252593714503, -21.19197620460681 ], [ -45.087522088299735, -21.19197620460681 ], [ -45.087522088299735, -21.19359317211822 ], [ -45.087252593714503, -21.193593172118224 ], [ -45.087252593714503, -21.19386266670346 ], [ -45.08698309912927, -21.193862666703467 ], [ -45.08698309912927, -21.194671150459168 ], [ -45.08671360454403, -21.194671150459165 ], [ -45.08671360454403, -21.195210139629637 ], [ -45.086444109958798, -21.195210139629641 ], [ -45.086444109958798, -21.195479634214877 ], [ -45.086174615373558, -21.195479634214873 ], [ -45.086174615373558, -21.195749128800109 ], [ -45.085905120788325, -21.19574912880012 ], [ -45.085905120788325, -21.196288117970585 ], [ -45.086174615373558, -21.196288117970575 ], [ -45.086174615373558, -21.196557612555814 ], [ -45.085905120788325, -21.196557612555818 ], [ -45.085905120788325, -21.196827107141051 ], [ -45.085635626203086, -21.196827107141058 ], [ -45.085635626203086, -21.19736609631153 ], [ -45.085366131617853, -21.197366096311526 ], [ -45.085366131617853, -21.197635590896763 ], [ -45.08671360454403, -21.197635590896766 ], [ -45.08671360454403, -21.197366096311523 ], [ -45.087791582884975, -21.197366096311534 ], [ -45.087791582884975, -21.197096601726283 ], [ -45.088330572055447, -21.19709660172629 ], [ -45.088330572055447, -21.196018623385342 ], [ -45.08860006664068, -21.196018623385342 ], [ -45.08860006664068, -21.194671150459165 ], [ -45.089678044981625, -21.194671150459165 ], [ -45.089678044981625, -21.192784688362515 ], [ -45.089947539566865, -21.192784688362512 ], [ -45.089947539566865, -21.1903592370954 ], [ -45.090217034152097, -21.190359237095389 ], [ -45.090217034152097, -21.187664291243035 ], [ -45.09048652873733, -21.187664291243031 ], [ -45.09048652873733, -21.187394796657788 ], [ -45.089947539566865, -21.187394796657806 ], [ -45.089947539566865, -21.187933785828271 ], [ -45.08860006664068, -21.187933785828271 ], [ -45.08860006664068, -21.188203280413511 ], [ -45.08671360454403, -21.188203280413507 ], [ -45.08671360454403, -21.188472774998743 ] ] ] } },
{ "type": "Feature", "properties": { "id_feicao": "fogo_2014_116", "ano": 2014.0, "mes": 10, "codigo_original": 15, "classe": "Pastagem", "cor": "#edde8e", "area_ha": 2.7533055657669903 }, "geometry": { "type": "Polygon", "coordinates": [ [ [ -45.101535806732002, -21.187664291243031 ], [ -45.10099681756153, -21.187664291243035 ], [ -45.10099681756153, -21.187394796657795 ], [ -45.099918839220585, -21.187394796657799 ], [ -45.099918839220585, -21.189011764169209 ], [ -45.10126631214677, -21.189011764169219 ], [ -45.10126631214677, -21.188742269583976 ], [ -45.101535806732002, -21.188742269583972 ], [ -45.101535806732002, -21.187664291243031 ] ] ] } },
{ "type": "Feature", "properties": { "id_feicao": "fogo_2014_117", "ano": 2014.0, "mes": 10, "codigo_original": 15, "classe": "Pastagem", "cor": "#edde8e", "area_ha": 47.307181953465623 }, "geometry": { "type": "Polygon", "coordinates": [ [ [ -45.093989958345396, -21.182543894123551 ], [ -45.093989958345396, -21.184430356220197 ], [ -45.092372990833987, -21.184430356220201 ], [ -45.092372990833987, -21.18469985080544 ], [ -45.091295012493042, -21.184699850805437 ], [ -45.091295012493042, -21.184430356220197 ], [ -45.090217034152097, -21.184430356220197 ], [ -45.090217034152097, -21.183891367049728 ], [ -45.089947539566865, -21.183891367049732 ], [ -45.089947539566865, -21.187125302072566 ], [ -45.090217034152097, -21.187125302072555 ], [ -45.090217034152097, -21.18685580748733 ], [ -45.09048652873733, -21.18685580748733 ], [ -45.09048652873733, -21.187125302072563 ], [ -45.090756023322569, -21.187125302072563 ], [ -45.090756023322569, -21.187664291243031 ], [ -45.092911980004459, -21.187664291243038 ], [ -45.092911980004459, -21.190089742510157 ], [ -45.093720463760164, -21.190089742510153 ], [ -45.093720463760164, -21.191976204606803 ], [ -45.094528947515869, -21.191976204606814 ], [ -45.094528947515869, -21.192245699192046 ], [ -45.095606925856814, -21.192245699192046 ], [ -45.095606925856814, -21.191437215436338 ], [ -45.096415409612518, -21.191437215436338 ], [ -45.096415409612518, -21.190898226265862 ], [ -45.095876420442053, -21.190898226265862 ], [ -45.095876420442053, -21.190628731680629 ], [ -45.096415409612518, -21.190628731680633 ], [ -45.096415409612518, -21.188203280413507 ], [ -45.095337431271581, -21.188203280413504 ], [ -45.095337431271581, -21.187933785828264 ], [ -45.095067936686341, -21.187933785828271 ], [ -45.095067936686341, -21.187664291243024 ], [ -45.094528947515869, -21.187664291243035 ], [ -45.094528947515869, -21.187394796657795 ], [ -45.094798442101109, -21.187394796657799 ], [ -45.094798442101109, -21.187125302072559 ], [ -45.095337431271581, -21.187125302072555 ], [ -45.095337431271581, -21.187394796657792 ], [ -45.095876420442053, -21.187394796657802 ], [ -45.095876420442053, -21.187125302072559 ], [ -45.095606925856814, -21.187125302072563 ], [ -45.095606925856814, -21.186855807487326 ], [ -45.096415409612518, -21.186855807487323 ], [ -45.096415409612518, -21.186586312902083 ], [ -45.096684904197758, -21.186586312902079 ], [ -45.096684904197758, -21.186855807487319 ], [ -45.097493387953463, -21.186855807487323 ], [ -45.097493387953463, -21.187125302072555 ], [ -45.098032377123936, -21.187125302072559 ], [ -45.098032377123936, -21.187394796657795 ], [ -45.098301871709175, -21.187394796657806 ], [ -45.098301871709175, -21.187664291243035 ], [ -45.099379850050113, -21.187664291243028 ], [ -45.099379850050113, -21.187394796657799 ], [ -45.099918839220585, -21.187394796657799 ], [ -45.099918839220585, -21.186855807487323 ], [ -45.100457828391058, -21.18685580748733 ], [ -45.100457828391058, -21.187125302072555 ], [ -45.10099681756153, -21.187125302072566 ], [ -45.10099681756153, -21.186047323731625 ], [ -45.099649344635353, -21.186047323731628 ], [ -45.099649344635353, -21.186316818316858 ], [ -45.096954398782991, -21.186316818316858 ], [ -45.096954398782991, -21.185777829146392 ], [ -45.096415409612518, -21.185777829146375 ], [ -45.096415409612518, -21.185238839975909 ], [ -45.095876420442053, -21.185238839975913 ], [ -45.095876420442053, -21.184430356220201 ], [ -45.096415409612518, -21.184430356220204 ], [ -45.096415409612518, -21.184160861634965 ], [ -45.096684904197758, -21.184160861634965 ], [ -45.096684904197758, -21.182543894123555 ], [ -45.095876420442053, -21.182543894123551 ], [ -45.095876420442053, -21.182274399538318 ], [ -45.095337431271581, -21.182274399538322 ], [ -45.095337431271581, -21.182543894123551 ], [ -45.094798442101109, -21.182543894123548 ], [ -45.094798442101109, -21.182274399538311 ], [ -45.094259452930636, -21.182274399538315 ], [ -45.094259452930636, -21.182543894123548 ], [ -45.093989958345396, -21.182543894123551 ] ], [ [ -45.095337431271581, -21.188472774998747 ], [ -45.095067936686341, -21.188472774998743 ], [ -45.095067936686341, -21.1882032804135 ], [ -45.095337431271581, -21.188203280413504 ], [ -45.095337431271581, -21.188472774998747 ] ], [ [ -45.095067936686341, -21.189550753339685 ], [ -45.095067936686341, -21.189281258754445 ], [ -45.095337431271581, -21.189281258754445 ], [ -45.095337431271581, -21.189550753339688 ], [ -45.095067936686341, -21.189550753339685 ] ], [ [ -45.091025517907802, -21.186586312902083 ], [ -45.090756023322569, -21.186586312902087 ], [ -45.090756023322569, -21.186316818316854 ], [ -45.091025517907802, -21.186316818316858 ], [ -45.091025517907802, -21.186586312902083 ] ] ] } },
{ "type": "Feature", "properties": { "id_feicao": "fogo_2014_118", "ano": 2014.0, "mes": 10, "codigo_original": 15, "classe": "Pastagem", "cor": "#edde8e", "area_ha": 1.6687254092358053 }, "geometry": { "type": "Polygon", "coordinates": [ [ [ -45.08886956122592, -21.183621872464496 ], [ -45.090217034152097, -21.183621872464492 ], [ -45.090217034152097, -21.182543894123548 ], [ -45.08886956122592, -21.182543894123551 ], [ -45.08886956122592, -21.183621872464496 ] ] ] } },
{ "type": "Feature", "properties": { "id_feicao": "fogo_2014_119", "ano": 2014.0, "mes": 10, "codigo_original": 15, "classe": "Pastagem", "cor": "#edde8e", "area_ha": 6.5917597667898651 }, "geometry": { "type": "Polygon", "coordinates": [ [ [ -45.098840860879648, -21.176345518663126 ], [ -45.098840860879648, -21.17607602407789 ], [ -45.096954398782991, -21.176076024077894 ], [ -45.096954398782991, -21.176345518663123 ], [ -45.096684904197758, -21.176345518663126 ], [ -45.096684904197758, -21.177423497004071 ], [ -45.09911035546488, -21.177423497004071 ], [ -45.09911035546488, -21.177154002418838 ], [ -45.101805301317242, -21.177154002418831 ], [ -45.101805301317242, -21.17607602407789 ], [ -45.10099681756153, -21.17607602407789 ], [ -45.10099681756153, -21.176345518663126 ], [ -45.100457828391058, -21.176345518663126 ], [ -45.100457828391058, -21.17607602407789 ], [ -45.099379850050113, -21.17607602407789 ], [ -45.099379850050113, -21.176345518663126 ], [ -45.098840860879648, -21.176345518663126 ] ], [ [ -45.098301871709175, -21.176345518663126 ], [ -45.098571366294408, -21.176345518663123 ], [ -45.098571366294408, -21.176615013248362 ], [ -45.098301871709175, -21.176615013248373 ], [ -45.098301871709175, -21.176345518663126 ] ] ] } },
{ "type": "Feature", "properties": { "id_feicao": "fogo_2014_120", "ano": 2014.0, "mes": 10, "codigo_original": 15, "classe": "Pastagem", "cor": "#edde8e", "area_ha": 1.5853742351407643 }, "geometry": { "type": "Polygon", "coordinates": [ [ [ -45.08886956122592, -21.174459056566477 ], [ -45.08886956122592, -21.175537034907428 ], [ -45.090217034152097, -21.175537034907418 ], [ -45.090217034152097, -21.174728551151713 ], [ -45.089947539566865, -21.174728551151713 ], [ -45.089947539566865, -21.174459056566473 ], [ -45.08886956122592, -21.174459056566477 ] ] ] } },
{ "type": "Feature", "properties": { "id_feicao": "fogo_2014_121", "ano": 2014.0, "mes": 10, "codigo_original": 15, "classe": "Pastagem", "cor": "#edde8e", "area_ha": 12.472407586047364 }, "geometry": { "type": "Polygon", "coordinates": [ [ [ -45.079706745327897, -21.172572594469823 ], [ -45.079706745327897, -21.173650572810772 ], [ -45.079976239913144, -21.173650572810779 ], [ -45.079976239913144, -21.173920067396001 ], [ -45.080515229083616, -21.173920067396008 ], [ -45.080515229083616, -21.174998045736945 ], [ -45.080784723668842, -21.174998045736949 ], [ -45.080784723668842, -21.175806529492661 ], [ -45.081054218254089, -21.175806529492654 ], [ -45.081054218253882, -21.175899528921825 ], [ -45.081637, -21.175897 ], [ -45.082006, -21.175919 ], [ -45.082132196594792, -21.175951474120051 ], [ -45.082132196595019, -21.175806529492657 ], [ -45.082671185765491, -21.175806529492654 ], [ -45.082671185765491, -21.175267540322182 ], [ -45.082940680350731, -21.175267540322192 ], [ -45.082940680350731, -21.174998045736952 ], [ -45.083479669521203, -21.174998045736952 ], [ -45.083479669521203, -21.173650572810764 ], [ -45.085096637032613, -21.173650572810772 ], [ -45.085096637032613, -21.173381078225539 ], [ -45.085366131617853, -21.173381078225535 ], [ -45.085366131617853, -21.172033605299347 ], [ -45.085096637032613, -21.172033605299355 ], [ -45.085096637032613, -21.171764110714118 ], [ -45.084018658691676, -21.171764110714111 ], [ -45.084018658691676, -21.173381078225539 ], [ -45.081593207424547, -21.173381078225535 ], [ -45.081593207424547, -21.172842089055067 ], [ -45.081323712839314, -21.172842089055056 ], [ -45.081323712839314, -21.172572594469823 ], [ -45.079706745327897, -21.172572594469823 ] ] ] } },
{ "type": "Feature", "properties": { "id_feicao": "fogo_2014_122", "ano": 2014.0, "mes": 10, "codigo_original": 15, "classe": "Pastagem", "cor": "#edde8e", "area_ha": 2.6671191111709924 }, "geometry": { "type": "Polygon", "coordinates": [ [ [ -45.030389236229738, -21.343701656094595 ], [ -45.03092822540021, -21.343701656094595 ], [ -45.03092822540021, -21.342354183168414 ], [ -45.029850247059265, -21.342354183168414 ], [ -45.029850247059265, -21.343162666924126 ], [ -45.029311257888793, -21.343162666924123 ], [ -45.029311257888793, -21.34424064526506 ], [ -45.030389236229738, -21.344240645265067 ], [ -45.030389236229738, -21.343701656094595 ] ] ] } },
{ "type": "Feature", "properties": { "id_feicao": "fogo_2014_123", "ano": 2014.0, "mes": 10, "codigo_original": 15, "classe": "Pastagem", "cor": "#edde8e", "area_ha": 1.0001867197956891 }, "geometry": { "type": "Polygon", "coordinates": [ [ [ -45.031467214570682, -21.341276204827469 ], [ -45.032545192911627, -21.341276204827473 ], [ -45.032545192911627, -21.340198226486525 ], [ -45.032275698326387, -21.340198226486521 ], [ -45.032275698326387, -21.340467721071764 ], [ -45.031736709155915, -21.340467721071768 ], [ -45.031736709155915, -21.340737215656997 ], [ -45.031467214570682, -21.34073721565699 ], [ -45.031467214570682, -21.341276204827469 ] ] ] } },
{ "type": "Feature", "properties": { "id_feicao": "fogo_2014_124", "ano": 2014.0, "mes": 10, "codigo_original": 15, "classe": "Pastagem", "cor": "#edde8e", "area_ha": 0.083353115668706595 }, "geometry": { "type": "Polygon", "coordinates": [ [ [ -45.073238875282236, -21.333460861855635 ], [ -45.073508369867476, -21.333460861855642 ], [ -45.073508369867476, -21.333191367270405 ], [ -45.073238875282236, -21.333191367270391 ], [ -45.073238875282236, -21.333460861855635 ] ] ] } },
{ "type": "Feature", "properties": { "id_feicao": "fogo_2014_125", "ano": 2014.0, "mes": 10, "codigo_original": 15, "classe": "Pastagem", "cor": "#edde8e", "area_ha": 4.751183562583849 }, "geometry": { "type": "Polygon", "coordinates": [ [ [ -45.036048622519687, -21.331035410588516 ], [ -45.035509633349221, -21.331035410588512 ], [ -45.035509633349221, -21.332652378099922 ], [ -45.036587611690159, -21.332652378099922 ], [ -45.036587611690159, -21.332113388929447 ], [ -45.037396095445871, -21.332113388929443 ], [ -45.037396095445871, -21.331574399758967 ], [ -45.037935084616343, -21.331574399758985 ], [ -45.037935084616343, -21.330226926832804 ], [ -45.036857106275399, -21.330226926832808 ], [ -45.036857106275399, -21.33049642141804 ], [ -45.036318117104926, -21.33049642141804 ], [ -45.036318117104926, -21.330765916003269 ], [ -45.036048622519687, -21.330765916003266 ], [ -45.036048622519687, -21.331035410588516 ] ] ] } },
{ "type": "Feature", "properties": { "id_feicao": "fogo_2014_126", "ano": 2014.0, "mes": 10, "codigo_original": 15, "classe": "Pastagem", "cor": "#edde8e", "area_ha": 1.3339625489845872 }, "geometry": { "type": "Polygon", "coordinates": [ [ [ -44.914237069993085, -21.298696060360211 ], [ -44.91531504833403, -21.298696060360207 ], [ -44.91531504833403, -21.297618082019266 ], [ -44.914237069993085, -21.297618082019259 ], [ -44.914237069993085, -21.298696060360211 ] ] ] } },
{ "type": "Feature", "properties": { "id_feicao": "fogo_2014_127", "ano": 2014.0, "mes": 10, "codigo_original": 15, "classe": "Pastagem", "cor": "#edde8e", "area_ha": 0.41687193767325953 }, "geometry": { "type": "Polygon", "coordinates": [ [ [ -45.031467214570682, -21.294923136166908 ], [ -45.03281468749686, -21.294923136166904 ], [ -45.03281468749686, -21.294653641581675 ], [ -45.031467214570682, -21.294653641581668 ], [ -45.031467214570682, -21.294923136166908 ] ] ] } },
{ "type": "Feature", "properties": { "id_feicao": "fogo_2014_128", "ano": 2014.0, "mes": 10, "codigo_original": 15, "classe": "Pastagem", "cor": "#edde8e", "area_ha": 0.083374535686429593 }, "geometry": { "type": "Polygon", "coordinates": [ [ [ -45.031197719985443, -21.294653641581675 ], [ -45.031467214570682, -21.294653641581668 ], [ -45.031467214570682, -21.294384146996439 ], [ -45.031197719985443, -21.294384146996435 ], [ -45.031197719985443, -21.294653641581675 ] ] ] } },
{ "type": "Feature", "properties": { "id_feicao": "fogo_2014_129", "ano": 2014.0, "mes": 10, "codigo_original": 15, "classe": "Pastagem", "cor": "#edde8e", "area_ha": 1.5007582602206617 }, "geometry": { "type": "Polygon", "coordinates": [ [ [ -45.033084182082092, -21.293036674070255 ], [ -45.033892665837804, -21.293036674070247 ], [ -45.033892665837804, -21.293575663240727 ], [ -45.034162160423037, -21.293575663240734 ], [ -45.034162160423037, -21.293845157825956 ], [ -45.034431655008277, -21.293845157825963 ], [ -45.034431655008277, -21.292228190314546 ], [ -45.034162160423037, -21.292228190314539 ], [ -45.034162160423037, -21.292497684899782 ], [ -45.033623171252565, -21.292497684899779 ], [ -45.033623171252565, -21.292228190314535 ], [ -45.033084182082092, -21.292228190314543 ], [ -45.033084182082092, -21.293036674070255 ] ] ] } },
{ "type": "Feature", "properties": { "id_feicao": "fogo_2014_130", "ano": 2014.0, "mes": 10, "codigo_original": 15, "classe": "Pastagem", "cor": "#edde8e", "area_ha": 0.50025214529577644 }, "geometry": { "type": "Polygon", "coordinates": [ [ [ -45.031467214570682, -21.293306168655487 ], [ -45.032275698326387, -21.293306168655494 ], [ -45.032275698326387, -21.292767179485015 ], [ -45.031467214570682, -21.292767179485011 ], [ -45.031467214570682, -21.293306168655487 ] ] ] } },
{ "type": "Feature", "properties": { "id_feicao": "fogo_2014_131", "ano": 2014.0, "mes": 10, "codigo_original": 15, "classe": "Pastagem", "cor": "#edde8e", "area_ha": 1.3340493224162608 }, "geometry": { "type": "Polygon", "coordinates": [ [ [ -44.947115409391856, -21.288724760706479 ], [ -44.9481933877328, -21.288724760706479 ], [ -44.9481933877328, -21.287646782365542 ], [ -44.947115409391856, -21.287646782365545 ], [ -44.947115409391856, -21.288724760706479 ] ] ] } },
{ "type": "Feature", "properties": { "id_feicao": "fogo_2014_132", "ano": 2014.0, "mes": 10, "codigo_original": 15, "classe": "Pastagem", "cor": "#edde8e", "area_ha": 0.083378383012954152 }, "geometry": { "type": "Polygon", "coordinates": [ [ [ -44.886209633128551, -21.288185771536011 ], [ -44.886479127713791, -21.288185771536011 ], [ -44.886479127713791, -21.287916276950771 ], [ -44.886209633128551, -21.287916276950781 ], [ -44.886209633128551, -21.288185771536011 ] ] ] } },
{ "type": "Feature", "properties": { "id_feicao": "fogo_2014_133", "ano": 2014.0, "mes": 10, "codigo_original": 15, "classe": "Pastagem", "cor": "#edde8e", "area_ha": 1.5843089521480724 }, "geometry": { "type": "Polygon", "coordinates": [ [ [ -45.030119741644498, -21.276058515200397 ], [ -45.030389236229738, -21.2760585152004 ], [ -45.030389236229738, -21.275519526029928 ], [ -45.029311257888793, -21.275519526029928 ], [ -45.029311257888793, -21.276866998956102 ], [ -45.030389236229738, -21.276866998956098 ], [ -45.030389236229738, -21.276328009785633 ], [ -45.030119741644498, -21.27632800978563 ], [ -45.030119741644498, -21.276058515200397 ] ] ] } },
{ "type": "Feature", "properties": { "id_feicao": "fogo_2014_134", "ano": 2014.0, "mes": 10, "codigo_original": 15, "classe": "Pastagem", "cor": "#edde8e", "area_ha": 1.6677682987943292 }, "geometry": { "type": "Polygon", "coordinates": [ [ [ -44.932562701789124, -21.270129634325212 ], [ -44.933910174715301, -21.270129634325212 ], [ -44.933910174715301, -21.269051655984271 ], [ -44.932562701789124, -21.269051655984256 ], [ -44.932562701789124, -21.270129634325212 ] ] ] } },
{ "type": "Feature", "properties": { "id_feicao": "fogo_2014_135", "ano": 2014.0, "mes": 10, "codigo_original": 15, "classe": "Pastagem", "cor": "#edde8e", "area_ha": 0.50041315184310076 }, "geometry": { "type": "Polygon", "coordinates": [ [ [ -44.933640680130061, -21.244258154142553 ], [ -44.933371185544829, -21.244258154142553 ], [ -44.933371185544829, -21.245066637898265 ], [ -44.934449163885773, -21.245066637898272 ], [ -44.934449163885773, -21.244797143313033 ], [ -44.933640680130061, -21.244797143313029 ], [ -44.933640680130061, -21.244258154142553 ] ] ] } },
{ "type": "Feature", "properties": { "id_feicao": "fogo_2014_136", "ano": 2014.0, "mes": 10, "codigo_original": 15, "classe": "Pastagem", "cor": "#edde8e", "area_ha": 0.58382102990895512 }, "geometry": { "type": "Polygon", "coordinates": [ [ [ -44.935257647641478, -21.243449670386859 ], [ -44.935527142226718, -21.243449670386859 ], [ -44.935527142226718, -21.242371692045911 ], [ -44.935257647641478, -21.242371692045911 ], [ -44.935257647641478, -21.243180175801626 ], [ -44.934988153056246, -21.243180175801626 ], [ -44.934988153056246, -21.243988659557328 ], [ -44.935257647641478, -21.243988659557324 ], [ -44.935257647641478, -21.243449670386859 ] ] ] } },
{ "type": "Feature", "properties": { "id_feicao": "fogo_2014_137", "ano": 2014.0, "mes": 10, "codigo_original": 15, "classe": "Pastagem", "cor": "#edde8e", "area_ha": 2.3358031406301962 }, "geometry": { "type": "Polygon", "coordinates": [ [ [ -44.971639416648323, -21.208684868891432 ], [ -44.971639416648323, -21.210301836402849 ], [ -44.97271739498926, -21.210301836402838 ], [ -44.97271739498926, -21.209762847232373 ], [ -44.9729868895745, -21.209762847232373 ], [ -44.9729868895745, -21.208684868891428 ], [ -44.971639416648323, -21.208684868891432 ] ] ] } },
{ "type": "Feature", "properties": { "id_feicao": "fogo_2014_138", "ano": 2014.0, "mes": 10, "codigo_original": 15, "classe": "Pastagem", "cor": "#edde8e", "area_ha": 4.8185928726492939 }, "geometry": { "type": "Polygon", "coordinates": [ [ [ -44.983766672983933, -21.162062305645634 ], [ -44.983766672983933, -21.161792811060394 ], [ -44.984575156739645, -21.161792811060394 ], [ -44.984575156739645, -21.162062305645634 ], [ -44.98538364049535, -21.16206230564562 ], [ -44.98538364049535, -21.162601294816103 ], [ -44.985653135080582, -21.162601294816092 ], [ -44.985653135080582, -21.162870789401339 ], [ -44.985922629665822, -21.162870789401328 ], [ -44.985922629665822, -21.162601294816099 ], [ -44.987270102591999, -21.162601294816099 ], [ -44.987270102591999, -21.163409778571804 ], [ -44.987539597177239, -21.163409778571804 ], [ -44.987539597177239, -21.163679273157047 ], [ -44.988078586347704, -21.163679273157037 ], [ -44.988078586347704, -21.162601294816096 ], [ -44.987809091762472, -21.162601294816092 ], [ -44.987809091762472, -21.162062305645634 ], [ -44.987539597177239, -21.162062305645634 ], [ -44.987539597177239, -21.161792811060398 ], [ -44.984844651324877, -21.161792811060391 ], [ -44.984844651324877, -21.160714832719446 ], [ -44.984575156739645, -21.160714832719446 ], [ -44.984575156739645, -21.16044533813422 ], [ -44.984499706739143, -21.160445338177482 ], [ -44.984385, -21.160647 ], [ -44.9842, -21.160968 ], [ -44.984016, -21.161117 ], [ -44.983659, -21.161275999999894 ], [ -44.983497178399375, -21.161382074491051 ], [ -44.9834971783987, -21.16206230564563 ], [ -44.983766672983933, -21.162062305645634 ] ] ] } },
{ "type": "Feature", "properties": { "id_feicao": "fogo_2014_139", "ano": 2014.0, "mes": 10, "codigo_original": 21, "classe": "Mosaico de Usos", "cor": "#ffefc3", "area_ha": 1.0007221547086722 }, "geometry": { "type": "Polygon", "coordinates": [ [ [ -45.095067936686341, -21.260427829256717 ], [ -45.094798442101109, -21.260427829256713 ], [ -45.094798442101109, -21.260966818427196 ], [ -45.095876420442053, -21.260966818427192 ], [ -45.095876420442053, -21.260427829256717 ], [ -45.096145915027286, -21.26042782925672 ], [ -45.096145915027286, -21.26015833467147 ], [ -45.095067936686341, -21.260158334671484 ], [ -45.095067936686341, -21.260427829256717 ] ] ] } },
{ "type": "Feature", "properties": { "id_feicao": "fogo_2014_140", "ano": 2014.0, "mes": 10, "codigo_original": 21, "classe": "Mosaico de Usos", "cor": "#ffefc3", "area_ha": 0.41716976017660601 }, "geometry": { "type": "Polygon", "coordinates": [ [ [ -45.098032377123936, -21.187664291243028 ], [ -45.098032377123936, -21.187394796657795 ], [ -45.097762882538703, -21.187394796657802 ], [ -45.097762882538703, -21.187125302072559 ], [ -45.097223893368231, -21.187125302072566 ], [ -45.097223893368231, -21.187664291243028 ], [ -45.098032377123936, -21.187664291243028 ] ] ] } },
{ "type": "Feature", "properties": { "id_feicao": "fogo_2014_141", "ano": 2014.0, "mes": 10, "codigo_original": 21, "classe": "Mosaico de Usos", "cor": "#ffefc3", "area_ha": 0.08344775064451955 }, "geometry": { "type": "Polygon", "coordinates": [ [ [ -44.987809091762472, -21.162062305645634 ], [ -44.987809091762472, -21.161792811060394 ], [ -44.987539597177239, -21.161792811060398 ], [ -44.987539597177239, -21.162062305645634 ], [ -44.987809091762472, -21.162062305645634 ] ] ] } },
{ "type": "Feature", "properties": { "id_feicao": "fogo_2014_142", "ano": 2014.0, "mes": 10, "codigo_original": 41, "classe": "Outras Lavouras Temporárias", "cor": "#f54ca9", "area_ha": 1.3342883751924695 }, "geometry": { "type": "Polygon", "coordinates": [ [ [ -45.085096637032613, -21.261236313012418 ], [ -45.085096637032613, -21.261505807597658 ], [ -45.084557647862141, -21.261505807597654 ], [ -45.084557647862141, -21.261775302182894 ], [ -45.084827142447381, -21.261775302182894 ], [ -45.084827142447381, -21.262044796768127 ], [ -45.086444109958798, -21.26204479676813 ], [ -45.086444109958798, -21.261775302182894 ], [ -45.086174615373558, -21.261775302182897 ], [ -45.086174615373558, -21.261505807597668 ], [ -45.085635626203086, -21.261505807597658 ], [ -45.085635626203086, -21.260697323841953 ], [ -45.085366131617853, -21.260697323841949 ], [ -45.085366131617853, -21.261236313012425 ], [ -45.085096637032613, -21.261236313012418 ] ] ] } },
{ "type": "Feature", "properties": { "id_feicao": "fogo_2014_143", "ano": 2014.0, "mes": 10, "codigo_original": 41, "classe": "Outras Lavouras Temporárias", "cor": "#f54ca9", "area_ha": 0.3335741943638772 }, "geometry": { "type": "Polygon", "coordinates": [ [ [ -45.085635626203086, -21.260697323841953 ], [ -45.086174615373558, -21.260697323841946 ], [ -45.086174615373558, -21.260427829256717 ], [ -45.085905120788325, -21.260427829256717 ], [ -45.085905120788325, -21.260158334671477 ], [ -45.085366131617853, -21.260158334671477 ], [ -45.085366131617853, -21.260427829256717 ], [ -45.085635626203086, -21.260427829256724 ], [ -45.085635626203086, -21.260697323841953 ] ] ] } },
{ "type": "Feature", "properties": { "id_feicao": "fogo_2014_144", "ano": 2014.0, "mes": 10, "codigo_original": 41, "classe": "Outras Lavouras Temporárias", "cor": "#f54ca9", "area_ha": 3.4191633924499154 }, "geometry": { "type": "Polygon", "coordinates": [ [ [ -45.094798442101109, -21.260158334671488 ], [ -45.097223893368231, -21.26015833467148 ], [ -45.097223893368231, -21.2588108617453 ], [ -45.095876420442053, -21.258810861745307 ], [ -45.095876420442053, -21.259080356330539 ], [ -45.094798442101109, -21.259080356330536 ], [ -45.094798442101109, -21.260158334671488 ] ] ] } },
{ "type": "Feature", "properties": { "id_feicao": "fogo_2014_145", "ano": 2014.0, "mes": 10, "codigo_original": 41, "classe": "Outras Lavouras Temporárias", "cor": "#f54ca9", "area_ha": 2.9190975779902444 }, "geometry": { "type": "Polygon", "coordinates": [ [ [ -44.933910174715301, -21.243719164972081 ], [ -44.933910174715301, -21.243988659557324 ], [ -44.933371185544829, -21.243988659557324 ], [ -44.933371185544829, -21.244258154142553 ], [ -44.933640680130061, -21.244258154142553 ], [ -44.933640680130061, -21.244797143313029 ], [ -44.934449163885773, -21.244797143313033 ], [ -44.934449163885773, -21.244258154142557 ], [ -44.935257647641478, -21.244258154142564 ], [ -44.935257647641478, -21.243988659557324 ], [ -44.934988153056246, -21.243988659557328 ], [ -44.934988153056246, -21.243180175801626 ], [ -44.935257647641478, -21.243180175801626 ], [ -44.935257647641478, -21.242371692045911 ], [ -44.934179669300534, -21.242371692045918 ], [ -44.934179669300534, -21.243719164972092 ], [ -44.933910174715301, -21.243719164972081 ] ] ] } },
{ "type": "Feature", "properties": { "id_feicao": "fogo_2014_146", "ano": 2014.0, "mes": 10, "codigo_original": 41, "classe": "Outras Lavouras Temporárias", "cor": "#f54ca9", "area_ha": 2.0017701237911361 }, "geometry": { "type": "Polygon", "coordinates": [ [ [ -45.129563243596529, -21.236442811170729 ], [ -45.129293749011296, -21.236442811170722 ], [ -45.129293749011296, -21.236173316585493 ], [ -45.129563243596529, -21.236173316585486 ], [ -45.129563243596529, -21.235634327415013 ], [ -45.128215770670352, -21.23563432741501 ], [ -45.128215770670352, -21.236981800341198 ], [ -45.129563243596529, -21.236981800341191 ], [ -45.129563243596529, -21.236442811170729 ] ] ] } },
{ "type": "Feature", "properties": { "id_feicao": "fogo_2014_147", "ano": 2014.0, "mes": 10, "codigo_original": 41, "classe": "Outras Lavouras Temporárias", "cor": "#f54ca9", "area_ha": 0.0069766908495221287 }, "geometry": { "type": "Polygon", "coordinates": [ [ [ -44.962476600750406, -21.212877488139359 ], [ -44.962374766864968, -21.212996782305762 ], [ -44.9624766007503, -21.212996782255203 ], [ -44.962476600750406, -21.212877488139359 ] ] ] } },
{ "type": "Feature", "properties": { "id_feicao": "fogo_2014_148", "ano": 2014.0, "mes": 11, "codigo_original": 3, "classe": "Formação Florestal", "cor": "#1f8d49", "area_ha": 0.83430748174535108 }, "geometry": { "type": "Polygon", "coordinates": [ [ [ -45.08671360454403, -21.192784688362515 ], [ -45.08698309912927, -21.192784688362519 ], [ -45.08698309912927, -21.193323677532984 ], [ -45.086444109958798, -21.193323677532991 ], [ -45.086444109958798, -21.19386266670346 ], [ -45.08671360454403, -21.193862666703463 ], [ -45.08671360454403, -21.193593172118216 ], [ -45.087252593714503, -21.193593172118224 ], [ -45.087252593714503, -21.193054182947748 ], [ -45.087522088299735, -21.193054182947748 ], [ -45.087522088299735, -21.192784688362519 ], [ -45.087252593714503, -21.192784688362512 ], [ -45.087252593714503, -21.192245699192053 ], [ -45.08698309912927, -21.19224569919205 ], [ -45.08698309912927, -21.192515193777279 ], [ -45.08671360454403, -21.192515193777282 ], [ -45.08671360454403, -21.192784688362515 ] ] ] } },
{ "type": "Feature", "properties": { "id_feicao": "fogo_2014_149", "ano": 2014.0, "mes": 11, "codigo_original": 3, "classe": "Formação Florestal", "cor": "#1f8d49", "area_ha": 1.0012042895184325 }, "geometry": { "type": "Polygon", "coordinates": [ [ [ -45.096415409612518, -21.188203280413507 ], [ -45.096415409612518, -21.187933785828278 ], [ -45.096684904197758, -21.187933785828267 ], [ -45.096684904197758, -21.187664291243035 ], [ -45.096415409612518, -21.187664291243028 ], [ -45.096415409612518, -21.187394796657792 ], [ -45.095067936686341, -21.187394796657795 ], [ -45.095067936686341, -21.187933785828271 ], [ -45.096145915027286, -21.187933785828275 ], [ -45.096145915027286, -21.1882032804135 ], [ -45.096415409612518, -21.188203280413507 ] ] ] } },
{ "type": "Feature", "properties": { "id_feicao": "fogo_2014_150", "ano": 2014.0, "mes": 11, "codigo_original": 3, "classe": "Formação Florestal", "cor": "#1f8d49", "area_ha": 0.083433850533196616 }, "geometry": { "type": "Polygon", "coordinates": [ [ [ -45.096954398782991, -21.187394796657799 ], [ -45.096954398782991, -21.187664291243035 ], [ -45.097223893368231, -21.187664291243028 ], [ -45.097223893368231, -21.187394796657795 ], [ -45.096954398782991, -21.187394796657799 ] ] ] } },
{ "type": "Feature", "properties": { "id_feicao": "fogo_2014_151", "ano": 2014.0, "mes": 11, "codigo_original": 3, "classe": "Formação Florestal", "cor": "#1f8d49", "area_ha": 0.16686802539648488 }, "geometry": { "type": "Polygon", "coordinates": [ [ [ -45.100457828391058, -21.187125302072555 ], [ -45.099918839220585, -21.187125302072555 ], [ -45.099918839220585, -21.187394796657799 ], [ -45.100457828391058, -21.187394796657802 ], [ -45.100457828391058, -21.187125302072555 ] ] ] } },
{ "type": "Feature", "properties": { "id_feicao": "fogo_2014_152", "ano": 2014.0, "mes": 11, "codigo_original": 3, "classe": "Formação Florestal", "cor": "#1f8d49", "area_ha": 0.58403771779588065 }, "geometry": { "type": "Polygon", "coordinates": [ [ [ -45.096954398782991, -21.187394796657799 ], [ -45.096954398782991, -21.186855807487319 ], [ -45.095606925856814, -21.186855807487326 ], [ -45.095606925856814, -21.187125302072563 ], [ -45.096415409612518, -21.187125302072563 ], [ -45.096415409612518, -21.187394796657792 ], [ -45.096954398782991, -21.187394796657799 ] ] ] } },
{ "type": "Feature", "properties": { "id_feicao": "fogo_2014_153", "ano": 2014.0, "mes": 11, "codigo_original": 3, "classe": "Formação Florestal", "cor": "#1f8d49", "area_ha": 0.83435282964882374 }, "geometry": { "type": "Polygon", "coordinates": [ [ [ -45.096684904197758, -21.185508334561149 ], [ -45.096684904197758, -21.184430356220208 ], [ -45.095876420442053, -21.184430356220201 ], [ -45.095876420442053, -21.185238839975913 ], [ -45.096415409612518, -21.185238839975909 ], [ -45.096415409612518, -21.185508334561149 ], [ -45.096684904197758, -21.185508334561149 ] ] ] } },
{ "type": "Feature", "properties": { "id_feicao": "fogo_2014_154", "ano": 2014.0, "mes": 11, "codigo_original": 3, "classe": "Formação Florestal", "cor": "#1f8d49", "area_ha": 0.083440104447863997 }, "geometry": { "type": "Polygon", "coordinates": [ [ [ -45.100727322976297, -21.17607602407789 ], [ -45.100457828391058, -21.17607602407789 ], [ -45.100457828391058, -21.176345518663126 ], [ -45.100727322976297, -21.17634551866313 ], [ -45.100727322976297, -21.17607602407789 ] ] ] } },
{ "type": "Feature", "properties": { "id_feicao": "fogo_2014_155", "ano": 2014.0, "mes": 11, "codigo_original": 3, "classe": "Formação Florestal", "cor": "#1f8d49", "area_ha": 0.91686632640865795 }, "geometry": { "type": "Polygon", "coordinates": [ [ [ -44.981071727131578, -21.336694796878458 ], [ -44.981071727131578, -21.335886313122757 ], [ -44.980802232546338, -21.335886313122753 ], [ -44.980802232546338, -21.335616818537513 ], [ -44.980532737961106, -21.33561681853752 ], [ -44.980532737961106, -21.336425302293229 ], [ -44.979454759620161, -21.336425302293225 ], [ -44.979454759620161, -21.336694796878469 ], [ -44.981071727131578, -21.336694796878458 ] ] ] } },
{ "type": "Feature", "properties": { "id_feicao": "fogo_2014_156", "ano": 2014.0, "mes": 11, "codigo_original": 3, "classe": "Formação Florestal", "cor": "#1f8d49", "area_ha": 0.16670360748629467 }, "geometry": { "type": "Polygon", "coordinates": [ [ [ -44.986461618836294, -21.335347323952284 ], [ -44.986461618836294, -21.335616818537524 ], [ -44.987000608006767, -21.335616818537524 ], [ -44.987000608006767, -21.335347323952277 ], [ -44.986461618836294, -21.335347323952284 ] ] ] } },
{ "type": "Feature", "properties": { "id_feicao": "fogo_2014_157", "ano": 2014.0, "mes": 11, "codigo_original": 3, "classe": "Formação Florestal", "cor": "#1f8d49", "area_ha": 0.41675976947628512 }, "geometry": { "type": "Polygon", "coordinates": [ [ [ -44.98511414591011, -21.335077829367052 ], [ -44.98511414591011, -21.335347323952284 ], [ -44.986461618836294, -21.335347323952284 ], [ -44.986461618836294, -21.335077829367041 ], [ -44.98511414591011, -21.335077829367052 ] ] ] } },
{ "type": "Feature", "properties": { "id_feicao": "fogo_2014_158", "ano": 2014.0, "mes": 11, "codigo_original": 3, "classe": "Formação Florestal", "cor": "#1f8d49", "area_ha": 0.33340902160523395 }, "geometry": { "type": "Polygon", "coordinates": [ [ [ -44.981880210887283, -21.334538840196579 ], [ -44.981880210887283, -21.334808334781805 ], [ -44.982958189228228, -21.334808334781812 ], [ -44.982958189228228, -21.334538840196579 ], [ -44.981880210887283, -21.334538840196579 ] ] ] } },
{ "type": "Feature", "properties": { "id_feicao": "fogo_2014_159", "ano": 2014.0, "mes": 11, "codigo_original": 3, "classe": "Formação Florestal", "cor": "#1f8d49", "area_ha": 1.8337635984974179 }, "geometry": { "type": "Polygon", "coordinates": [ [ [ -44.988887070103416, -21.333460861855635 ], [ -44.988887070103416, -21.333191367270395 ], [ -44.990234543029594, -21.333191367270391 ], [ -44.990234543029594, -21.333460861855638 ], [ -44.990504037614834, -21.333460861855627 ], [ -44.990504037614834, -21.333191367270398 ], [ -44.990773532200066, -21.333191367270398 ], [ -44.990773532200066, -21.332652378099919 ], [ -44.988348080932944, -21.332652378099922 ], [ -44.988348080932944, -21.333191367270398 ], [ -44.988078586347704, -21.333191367270395 ], [ -44.988078586347704, -21.333460861855642 ], [ -44.988887070103416, -21.333460861855635 ] ] ] } },
{ "type": "Feature", "properties": { "id_feicao": "fogo_2014_160", "ano": 2014.0, "mes": 11, "codigo_original": 3, "classe": "Formação Florestal", "cor": "#1f8d49", "area_ha": 0.50012160917977688 }, "geometry": { "type": "Polygon", "coordinates": [ [ [ -44.991582015955771, -21.332382883514676 ], [ -44.991582015955771, -21.332113388929457 ], [ -44.991851510541011, -21.332113388929447 ], [ -44.991851510541011, -21.331843894344225 ], [ -44.991043026785299, -21.331843894344214 ], [ -44.991043026785299, -21.332652378099919 ], [ -44.991312521370538, -21.332652378099922 ], [ -44.991312521370538, -21.332382883514693 ], [ -44.991582015955771, -21.332382883514676 ] ] ] } },
{ "type": "Feature", "properties": { "id_feicao": "fogo_2014_161", "ano": 2014.0, "mes": 11, "codigo_original": 12, "classe": "Formação Campestre", "cor": "#d6bc74", "area_ha": 0.083351057889591906 }, "geometry": { "type": "Polygon", "coordinates": [ [ [ -44.9834971783987, -21.336964291463701 ], [ -44.983766672983933, -21.336964291463705 ], [ -44.983766672983933, -21.336694796878461 ], [ -44.9834971783987, -21.336694796878458 ], [ -44.9834971783987, -21.336964291463701 ] ] ] } },
{ "type": "Feature", "properties": { "id_feicao": "fogo_2014_162", "ano": 2014.0, "mes": 11, "codigo_original": 12, "classe": "Formação Campestre", "cor": "#d6bc74", "area_ha": 0.44639149357592411 }, "geometry": { "type": "Polygon", "coordinates": [ [ [ -44.991043026785299, -21.336155807707989 ], [ -44.991043026785299, -21.336425302293232 ], [ -44.991312521370538, -21.336425302293229 ], [ -44.991312521370617, -21.336821934723826 ], [ -44.991335999999897, -21.336791 ], [ -44.991532999999897, -21.336331 ], [ -44.99158201595602, -21.336117290437723 ], [ -44.991582015955771, -21.335886313122749 ], [ -44.990773532200066, -21.335886313122753 ], [ -44.990773532200066, -21.336155807707996 ], [ -44.991043026785299, -21.336155807707989 ] ] ] } },
{ "type": "Feature", "properties": { "id_feicao": "fogo_2014_163", "ano": 2014.0, "mes": 11, "codigo_original": 12, "classe": "Formação Campestre", "cor": "#d6bc74", "area_ha": 26.256544180940015 }, "geometry": { "type": "Polygon", "coordinates": [ [ [ -44.991582015955771, -21.332382883514676 ], [ -44.991312521370538, -21.332382883514693 ], [ -44.991312521370538, -21.332652378099922 ], [ -44.990773532200066, -21.332652378099919 ], [ -44.990773532200066, -21.333191367270398 ], [ -44.990504037614834, -21.333191367270398 ], [ -44.990504037614834, -21.333460861855627 ], [ -44.990234543029594, -21.333460861855638 ], [ -44.990234543029594, -21.333191367270391 ], [ -44.988887070103416, -21.333191367270395 ], [ -44.988887070103416, -21.333460861855635 ], [ -44.988078586347704, -21.333460861855642 ], [ -44.988078586347704, -21.334269345611336 ], [ -44.987270102591999, -21.334269345611343 ], [ -44.987270102591999, -21.335077829367048 ], [ -44.986461618836294, -21.335077829367041 ], [ -44.986461618836294, -21.335347323952284 ], [ -44.98511414591011, -21.335347323952284 ], [ -44.98511414591011, -21.335077829367052 ], [ -44.982958189228228, -21.335077829367041 ], [ -44.982958189228228, -21.334808334781812 ], [ -44.980532737961106, -21.334808334781805 ], [ -44.980532737961106, -21.33561681853752 ], [ -44.980802232546338, -21.335616818537513 ], [ -44.980802232546338, -21.335886313122753 ], [ -44.981071727131578, -21.335886313122757 ], [ -44.981071727131578, -21.336694796878458 ], [ -44.979454759620161, -21.336694796878469 ], [ -44.979454759620161, -21.336425302293225 ], [ -44.978915770449689, -21.336425302293232 ], [ -44.978915770449689, -21.33750328063417 ], [ -44.981071727131578, -21.337503280634174 ], [ -44.981071727131578, -21.337772775219403 ], [ -44.982419200057755, -21.337772775219403 ], [ -44.982419200057755, -21.336964291463705 ], [ -44.982958189228228, -21.336964291463694 ], [ -44.982958189228228, -21.336694796878469 ], [ -44.9834971783987, -21.336694796878458 ], [ -44.9834971783987, -21.336425302293229 ], [ -44.983766672983933, -21.336425302293225 ], [ -44.983766672983933, -21.336155807707996 ], [ -44.98511414591011, -21.336155807707986 ], [ -44.98511414591011, -21.335886313122753 ], [ -44.985653135080582, -21.33588631312276 ], [ -44.985653135080582, -21.336155807707989 ], [ -44.987000608006767, -21.336155807707993 ], [ -44.987000608006767, -21.336425302293218 ], [ -44.987809091762472, -21.336425302293225 ], [ -44.987809091762472, -21.336694796878469 ], [ -44.989426059273889, -21.336694796878461 ], [ -44.989426059273889, -21.336425302293229 ], [ -44.989156564688649, -21.336425302293229 ], [ -44.989156564688649, -21.336155807707993 ], [ -44.989695553859121, -21.336155807707996 ], [ -44.989695553859121, -21.335616818537524 ], [ -44.989965048444361, -21.33561681853752 ], [ -44.989965048444361, -21.335347323952277 ], [ -44.990234543029594, -21.335347323952288 ], [ -44.990234543029594, -21.335077829367044 ], [ -44.990773532200066, -21.335077829367048 ], [ -44.990773532200066, -21.334808334781808 ], [ -44.991043026785299, -21.334808334781808 ], [ -44.991043026785299, -21.335077829367044 ], [ -44.991312521370538, -21.335077829367041 ], [ -44.991312521370538, -21.335347323952274 ], [ -44.991644722218247, -21.335347324156629 ], [ -44.991644999999899, -21.335342 ], [ -44.991669885636774, -21.335077829414519 ], [ -44.991582015955771, -21.335077829367052 ], [ -44.991582015955771, -21.334808334781808 ], [ -44.991701753595265, -21.334808334835156 ], [ -44.991708, -21.334756 ], [ -44.991745, -21.33448 ], [ -44.991795, -21.334261 ], [ -44.991865272818842, -21.333999851036566 ], [ -44.991851510541011, -21.333999851026107 ], [ -44.991851510541011, -21.333730356440867 ], [ -44.991913382565585, -21.33373035647908 ], [ -44.991919, -21.333698 ], [ -44.991932, -21.333434 ], [ -44.991981, -21.333158 ], [ -44.992043, -21.332928 ], [ -44.992117, -21.332571 ], [ -44.992155, -21.332353 ], [ -44.992204, -21.332065 ], [ -44.992254, -21.331847 ], [ -44.992254768585056, -21.33184389450701 ], [ -44.991851510541011, -21.331843894344225 ], [ -44.991851510541011, -21.332113388929447 ], [ -44.991582015955771, -21.332113388929457 ], [ -44.991582015955771, -21.332382883514676 ] ], [ [ -44.987000608006767, -21.335347323952277 ], [ -44.987000608006767, -21.335616818537524 ], [ -44.986461618836294, -21.335616818537524 ], [ -44.986461618836294, -21.335347323952284 ], [ -44.987000608006767, -21.335347323952277 ] ], [ [ -44.985653135080582, -21.33561681853752 ], [ -44.985922629665822, -21.33561681853752 ], [ -44.985922629665822, -21.335886313122757 ], [ -44.985653135080582, -21.33588631312276 ], [ -44.985653135080582, -21.33561681853752 ] ], [ [ -44.990234543029594, -21.334808334781805 ], [ -44.990234543029594, -21.334538840196569 ], [ -44.989965048444361, -21.334538840196572 ], [ -44.989965048444361, -21.334269345611339 ], [ -44.990504037614834, -21.334269345611339 ], [ -44.990504037614834, -21.3339998510261 ], [ -44.991312521370538, -21.3339998510261 ], [ -44.991312521370538, -21.334269345611343 ], [ -44.991043026785299, -21.334269345611336 ], [ -44.991043026785299, -21.334538840196572 ], [ -44.990773532200066, -21.334538840196583 ], [ -44.990773532200066, -21.334808334781808 ], [ -44.990234543029594, -21.334808334781805 ] ], [ [ -44.988348080932944, -21.334269345611339 ], [ -44.988348080932944, -21.333730356440867 ], [ -44.989695553859121, -21.333730356440874 ], [ -44.989695553859121, -21.334269345611336 ], [ -44.988348080932944, -21.334269345611339 ] ] ] } },
{ "type": "Feature", "properties": { "id_feicao": "fogo_2014_164", "ano": 2014.0, "mes": 11, "codigo_original": 15, "classe": "Pastagem", "cor": "#edde8e", "area_ha": 0.16686412692241373 }, "geometry": { "type": "Polygon", "coordinates": [ [ [ -45.095876420442053, -21.190628731680629 ], [ -45.095876420442053, -21.190898226265862 ], [ -45.096415409612518, -21.190898226265862 ], [ -45.096415409612518, -21.190628731680633 ], [ -45.095876420442053, -21.190628731680629 ] ] ] } },
{ "type": "Feature", "properties": { "id_feicao": "fogo_2014_165", "ano": 2014.0, "mes": 11, "codigo_original": 15, "classe": "Pastagem", "cor": "#edde8e", "area_ha": 0.083433396745485611 }, "geometry": { "type": "Polygon", "coordinates": [ [ [ -45.095067936686341, -21.1882032804135 ], [ -45.095067936686341, -21.188472774998743 ], [ -45.095337431271581, -21.188472774998747 ], [ -45.095337431271581, -21.188203280413504 ], [ -45.095067936686341, -21.1882032804135 ] ] ] } },
{ "type": "Feature", "properties": { "id_feicao": "fogo_2014_166", "ano": 2014.0, "mes": 11, "codigo_original": 15, "classe": "Pastagem", "cor": "#edde8e", "area_ha": 0.25030064282197417 }, "geometry": { "type": "Polygon", "coordinates": [ [ [ -45.095337431271581, -21.187933785828264 ], [ -45.095337431271581, -21.188203280413504 ], [ -45.096145915027286, -21.1882032804135 ], [ -45.096145915027286, -21.187933785828275 ], [ -45.095337431271581, -21.187933785828264 ] ] ] } },
{ "type": "Feature", "properties": { "id_feicao": "fogo_2014_167", "ano": 2014.0, "mes": 11, "codigo_original": 15, "classe": "Pastagem", "cor": "#edde8e", "area_ha": 0.083433855211920122 }, "geometry": { "type": "Polygon", "coordinates": [ [ [ -45.098032377123936, -21.187394796657795 ], [ -45.098032377123936, -21.187664291243028 ], [ -45.098301871709175, -21.187664291243035 ], [ -45.098301871709175, -21.187394796657806 ], [ -45.098032377123936, -21.187394796657795 ] ] ] } },
{ "type": "Feature", "properties": { "id_feicao": "fogo_2014_168", "ano": 2014.0, "mes": 11, "codigo_original": 15, "classe": "Pastagem", "cor": "#edde8e", "area_ha": 0.083434002610485641 }, "geometry": { "type": "Polygon", "coordinates": [ [ [ -45.097762882538703, -21.187125302072559 ], [ -45.097762882538703, -21.187394796657802 ], [ -45.098032377123936, -21.187394796657795 ], [ -45.098032377123936, -21.187125302072559 ], [ -45.097762882538703, -21.187125302072559 ] ] ] } },
{ "type": "Feature", "properties": { "id_feicao": "fogo_2014_169", "ano": 2014.0, "mes": 11, "codigo_original": 15, "classe": "Pastagem", "cor": "#edde8e", "area_ha": 0.16686832252964467 }, "geometry": { "type": "Polygon", "coordinates": [ [ [ -45.099918839220585, -21.186855807487323 ], [ -45.099918839220585, -21.187125302072555 ], [ -45.100457828391058, -21.187125302072555 ], [ -45.100457828391058, -21.18685580748733 ], [ -45.099918839220585, -21.186855807487323 ] ] ] } },
{ "type": "Feature", "properties": { "id_feicao": "fogo_2014_170", "ano": 2014.0, "mes": 11, "codigo_original": 15, "classe": "Pastagem", "cor": "#edde8e", "area_ha": 0.083434293929416883 }, "geometry": { "type": "Polygon", "coordinates": [ [ [ -45.096415409612518, -21.186586312902083 ], [ -45.096415409612518, -21.186855807487323 ], [ -45.096684904197758, -21.186855807487319 ], [ -45.096684904197758, -21.186586312902079 ], [ -45.096415409612518, -21.186586312902083 ] ] ] } },
{ "type": "Feature", "properties": { "id_feicao": "fogo_2014_171", "ano": 2014.0, "mes": 11, "codigo_original": 15, "classe": "Pastagem", "cor": "#edde8e", "area_ha": 0.083434888189192855 }, "geometry": { "type": "Polygon", "coordinates": [ [ [ -45.096415409612518, -21.185777829146375 ], [ -45.096684904197758, -21.185777829146385 ], [ -45.096684904197758, -21.185508334561149 ], [ -45.096415409612518, -21.185508334561149 ], [ -45.096415409612518, -21.185777829146375 ] ] ] } },
{ "type": "Feature", "properties": { "id_feicao": "fogo_2014_172", "ano": 2014.0, "mes": 11, "codigo_original": 15, "classe": "Pastagem", "cor": "#edde8e", "area_ha": 0.083439946410525587 }, "geometry": { "type": "Polygon", "coordinates": [ [ [ -45.098301871709175, -21.176615013248373 ], [ -45.098571366294408, -21.176615013248362 ], [ -45.098571366294408, -21.176345518663123 ], [ -45.098301871709175, -21.176345518663126 ], [ -45.098301871709175, -21.176615013248373 ] ] ] } },
{ "type": "Feature", "properties": { "id_feicao": "fogo_2014_173", "ano": 2014.0, "mes": 11, "codigo_original": 15, "classe": "Pastagem", "cor": "#edde8e", "area_ha": 0.16688019572936627 }, "geometry": { "type": "Polygon", "coordinates": [ [ [ -45.098840860879648, -21.17607602407789 ], [ -45.098840860879648, -21.176345518663126 ], [ -45.099379850050113, -21.176345518663126 ], [ -45.099379850050113, -21.17607602407789 ], [ -45.098840860879648, -21.17607602407789 ] ] ] } },
{ "type": "Feature", "properties": { "id_feicao": "fogo_2014_174", "ano": 2014.0, "mes": 11, "codigo_original": 15, "classe": "Pastagem", "cor": "#edde8e", "area_ha": 4.2521266519370302 }, "geometry": { "type": "Polygon", "coordinates": [ [ [ -45.031467214570682, -21.293306168655487 ], [ -45.031467214570682, -21.29357566324073 ], [ -45.031197719985443, -21.293575663240727 ], [ -45.031197719985443, -21.294384146996435 ], [ -45.031467214570682, -21.294384146996439 ], [ -45.031467214570682, -21.294653641581668 ], [ -45.033084182082092, -21.294653641581672 ], [ -45.033084182082092, -21.293845157825967 ], [ -45.034162160423037, -21.293845157825956 ], [ -45.034162160423037, -21.293575663240734 ], [ -45.033892665837804, -21.293575663240727 ], [ -45.033892665837804, -21.293036674070247 ], [ -45.033084182082092, -21.293036674070255 ], [ -45.033084182082092, -21.292228190314543 ], [ -45.03281468749686, -21.292228190314539 ], [ -45.03281468749686, -21.292767179485018 ], [ -45.032275698326387, -21.292767179485015 ], [ -45.032275698326387, -21.293306168655494 ], [ -45.031467214570682, -21.293306168655487 ] ] ] } },
{ "type": "Feature", "properties": { "id_feicao": "fogo_2014_175", "ano": 2014.0, "mes": 11, "codigo_original": 15, "classe": "Pastagem", "cor": "#edde8e", "area_ha": 0.16675146741464505 }, "geometry": { "type": "Polygon", "coordinates": [ [ [ -45.033623171252565, -21.292228190314535 ], [ -45.033623171252565, -21.292497684899779 ], [ -45.034162160423037, -21.292497684899782 ], [ -45.034162160423037, -21.292228190314539 ], [ -45.033623171252565, -21.292228190314535 ] ] ] } },
{ "type": "Feature", "properties": { "id_feicao": "fogo_2014_176", "ano": 2014.0, "mes": 11, "codigo_original": 15, "classe": "Pastagem", "cor": "#edde8e", "area_ha": 4.3383316247614099 }, "geometry": { "type": "Polygon", "coordinates": [ [ [ -45.085905120788325, -21.194671150459165 ], [ -45.085635626203086, -21.194671150459168 ], [ -45.085635626203086, -21.194940645044404 ], [ -45.085096637032613, -21.194940645044397 ], [ -45.085096637032613, -21.19547963421487 ], [ -45.084827142447381, -21.195479634214873 ], [ -45.084827142447381, -21.195749128800113 ], [ -45.084557647862141, -21.195749128800113 ], [ -45.084557647862141, -21.196288117970578 ], [ -45.084827142447381, -21.196288117970578 ], [ -45.084827142447381, -21.196557612555814 ], [ -45.085096637032613, -21.196557612555818 ], [ -45.085096637032613, -21.196827107141051 ], [ -45.085366131617853, -21.196827107141054 ], [ -45.085366131617853, -21.197366096311526 ], [ -45.085635626203086, -21.19736609631153 ], [ -45.085635626203086, -21.196827107141058 ], [ -45.085905120788325, -21.196827107141051 ], [ -45.085905120788325, -21.196557612555818 ], [ -45.086174615373558, -21.196557612555814 ], [ -45.086174615373558, -21.196288117970575 ], [ -45.085905120788325, -21.196288117970585 ], [ -45.085905120788325, -21.19574912880012 ], [ -45.086174615373558, -21.195749128800109 ], [ -45.086174615373558, -21.195479634214873 ], [ -45.086444109958798, -21.195479634214877 ], [ -45.086444109958798, -21.195210139629641 ], [ -45.08671360454403, -21.195210139629637 ], [ -45.08671360454403, -21.194671150459165 ], [ -45.08698309912927, -21.194671150459168 ], [ -45.08698309912927, -21.193862666703467 ], [ -45.087252593714503, -21.19386266670346 ], [ -45.087252593714503, -21.193593172118224 ], [ -45.08671360454403, -21.193593172118216 ], [ -45.08671360454403, -21.193862666703463 ], [ -45.086174615373558, -21.193862666703456 ], [ -45.086174615373558, -21.194401655873932 ], [ -45.085905120788325, -21.194401655873932 ], [ -45.085905120788325, -21.194671150459165 ] ] ] } },
{ "type": "Feature", "properties": { "id_feicao": "fogo_2014_177", "ano": 2014.0, "mes": 11, "codigo_original": 15, "classe": "Pastagem", "cor": "#edde8e", "area_ha": 0.1668612319784239 }, "geometry": { "type": "Polygon", "coordinates": [ [ [ -45.087252593714503, -21.193593172118224 ], [ -45.087522088299735, -21.19359317211822 ], [ -45.087522088299735, -21.193054182947748 ], [ -45.087252593714503, -21.193054182947748 ], [ -45.087252593714503, -21.193593172118224 ] ] ] } },
{ "type": "Feature", "properties": { "id_feicao": "fogo_2014_178", "ano": 2014.0, "mes": 11, "codigo_original": 15, "classe": "Pastagem", "cor": "#edde8e", "area_ha": 0.2502922939953906 }, "geometry": { "type": "Polygon", "coordinates": [ [ [ -45.08698309912927, -21.193323677532984 ], [ -45.08698309912927, -21.192784688362519 ], [ -45.086444109958798, -21.192784688362515 ], [ -45.086444109958798, -21.193054182947741 ], [ -45.08671360454403, -21.193054182947748 ], [ -45.08671360454403, -21.193323677532995 ], [ -45.08698309912927, -21.193323677532984 ] ] ] } },
{ "type": "Feature", "properties": { "id_feicao": "fogo_2014_179", "ano": 2014.0, "mes": 11, "codigo_original": 15, "classe": "Pastagem", "cor": "#edde8e", "area_ha": 0.083432802407624962 }, "geometry": { "type": "Polygon", "coordinates": [ [ [ -45.095067936686341, -21.189281258754445 ], [ -45.095067936686341, -21.189550753339685 ], [ -45.095337431271581, -21.189550753339688 ], [ -45.095337431271581, -21.189281258754445 ], [ -45.095067936686341, -21.189281258754445 ] ] ] } },
{ "type": "Feature", "properties": { "id_feicao": "fogo_2014_180", "ano": 2014.0, "mes": 11, "codigo_original": 15, "classe": "Pastagem", "cor": "#edde8e", "area_ha": 0.33373566248528785 }, "geometry": { "type": "Polygon", "coordinates": [ [ [ -45.095067936686341, -21.187664291243024 ], [ -45.095067936686341, -21.187394796657795 ], [ -45.095337431271581, -21.187394796657792 ], [ -45.095337431271581, -21.187125302072555 ], [ -45.094798442101109, -21.187125302072559 ], [ -45.094798442101109, -21.187394796657799 ], [ -45.094528947515869, -21.187394796657795 ], [ -45.094528947515869, -21.187664291243035 ], [ -45.095067936686341, -21.187664291243024 ] ] ] } },
{ "type": "Feature", "properties": { "id_feicao": "fogo_2014_181", "ano": 2014.0, "mes": 11, "codigo_original": 15, "classe": "Pastagem", "cor": "#edde8e", "area_ha": 0.083435901243705299 }, "geometry": { "type": "Polygon", "coordinates": [ [ [ -45.089947539566865, -21.183891367049732 ], [ -45.090217034152097, -21.183891367049728 ], [ -45.090217034152097, -21.183621872464492 ], [ -45.089947539566865, -21.183621872464499 ], [ -45.089947539566865, -21.183891367049732 ] ] ] } },
{ "type": "Feature", "properties": { "id_feicao": "fogo_2014_182", "ano": 2014.0, "mes": 11, "codigo_original": 15, "classe": "Pastagem", "cor": "#edde8e", "area_ha": 0.16687332897083834 }, "geometry": { "type": "Polygon", "coordinates": [ [ [ -45.094798442101109, -21.182543894123548 ], [ -45.095337431271581, -21.182543894123551 ], [ -45.095337431271581, -21.182274399538322 ], [ -45.094798442101109, -21.182274399538311 ], [ -45.094798442101109, -21.182543894123548 ] ] ] } },
{ "type": "Feature", "properties": { "id_feicao": "fogo_2014_183", "ano": 2014.0, "mes": 11, "codigo_original": 21, "classe": "Mosaico de Usos", "cor": "#ffefc3", "area_ha": 0.083434148844119496 }, "geometry": { "type": "Polygon", "coordinates": [ [ [ -45.097223893368231, -21.186855807487326 ], [ -45.097223893368231, -21.187125302072566 ], [ -45.097493387953463, -21.187125302072555 ], [ -45.097493387953463, -21.186855807487323 ], [ -45.097223893368231, -21.186855807487326 ] ] ] } },
{ "type": "Feature", "properties": { "id_feicao": "fogo_2014_184", "ano": 2014.0, "mes": 11, "codigo_original": 41, "classe": "Outras Lavouras Temporárias", "cor": "#f54ca9", "area_ha": 1.917205744939763 }, "geometry": { "type": "Polygon", "coordinates": [ [ [ -45.120400427698513, -21.326723497224737 ], [ -45.119861438528041, -21.326723497224741 ], [ -45.119861438528041, -21.326454002639501 ], [ -45.119591943942808, -21.326454002639494 ], [ -45.119591943942808, -21.326723497224737 ], [ -45.119322449357568, -21.326723497224737 ], [ -45.119322449357568, -21.327531980980442 ], [ -45.119861438528041, -21.327531980980446 ], [ -45.119861438528041, -21.327801475565675 ], [ -45.120400427698513, -21.327801475565682 ], [ -45.120400427698513, -21.327531980980446 ], [ -45.120939416868985, -21.327531980980442 ], [ -45.120939416868985, -21.326454002639505 ], [ -45.120400427698513, -21.326454002639501 ], [ -45.120400427698513, -21.326723497224737 ] ] ] } },
{ "type": "Feature", "properties": { "id_feicao": "fogo_2014_185", "ano": 2014.0, "mes": 11, "codigo_original": 41, "classe": "Outras Lavouras Temporárias", "cor": "#f54ca9", "area_ha": 0.083407091380469506 }, "geometry": { "type": "Polygon", "coordinates": [ [ [ -45.129293749011296, -21.236442811170722 ], [ -45.129563243596529, -21.236442811170729 ], [ -45.129563243596529, -21.236173316585486 ], [ -45.129293749011296, -21.236173316585493 ], [ -45.129293749011296, -21.236442811170722 ] ] ] } }
]
}
