{
"type": "FeatureCollection",
"name": "fogo_2021",
"crs": { "type": "name", "properties": { "name": "urn:ogc:def:crs:OGC:1.3:CRS84" } },
"features": [
{ "type": "Feature", "properties": { "id_feicao": "fogo_2021_1", "ano": 2021.0, "mes": 2, "codigo_original": 12, "classe": "Formação Campestre", "cor": "#d6bc74", "area_ha": 1.3332885009813318 }, "geometry": { "type": "Polygon", "coordinates": [ [ [ -45.097762882538703, -21.373615555055775 ], [ -45.097762882538703, -21.374693533396716 ], [ -45.098840860879648, -21.374693533396719 ], [ -45.098840860879648, -21.373615555055775 ], [ -45.097762882538703, -21.373615555055775 ] ] ] } },
{ "type": "Feature", "properties": { "id_feicao": "fogo_2021_2", "ano": 2021.0, "mes": 3, "codigo_original": 41, "classe": "Outras Lavouras Temporárias", "cor": "#f54ca9", "area_ha": 3.0846067247098112 }, "geometry": { "type": "Polygon", "coordinates": [ [ [ -45.106656203851486, -21.306241908746806 ], [ -45.106656203851486, -21.307589381672987 ], [ -45.107195193021958, -21.307589381672994 ], [ -45.107195193021958, -21.307858876258223 ], [ -45.107464687607191, -21.307858876258219 ], [ -45.107464687607191, -21.30812837084347 ], [ -45.108273171362903, -21.308128370843459 ], [ -45.108273171362903, -21.306241908746816 ], [ -45.106656203851486, -21.306241908746806 ] ] ] } },
{ "type": "Feature", "properties": { "id_feicao": "fogo_2021_3", "ano": 2021.0, "mes": 4, "codigo_original": 41, "classe": "Outras Lavouras Temporárias", "cor": "#f54ca9", "area_ha": 0.083375080937892199 }, "geometry": { "type": "Polygon", "coordinates": [ [ [ -45.137109091983135, -21.294384146996432 ], [ -45.137378586568374, -21.294384146996432 ], [ -45.137378586568374, -21.294114652411189 ], [ -45.137109091983135, -21.294114652411189 ], [ -45.137109091983135, -21.294384146996432 ] ] ] } },
{ "type": "Feature", "properties": { "id_feicao": "fogo_2021_4", "ano": 2021.0, "mes": 4, "codigo_original": 41, "classe": "Outras Lavouras Temporárias", "cor": "#f54ca9", "area_ha": 0.08337507766325479 }, "geometry": { "type": "Polygon", "coordinates": [ [ [ -45.136839597397902, -21.294384146996432 ], [ -45.136839597397902, -21.294114652411192 ], [ -45.136570102812662, -21.294114652411192 ], [ -45.136570102812662, -21.294384146996432 ], [ -45.136839597397902, -21.294384146996432 ] ] ] } },
{ "type": "Feature", "properties": { "id_feicao": "fogo_2021_5", "ano": 2021.0, "mes": 4, "codigo_original": 41, "classe": "Outras Lavouras Temporárias", "cor": "#f54ca9", "area_ha": 1.3343063169560265 }, "geometry": { "type": "Polygon", "coordinates": [ [ [ -45.025807828280726, -21.259619345501008 ], [ -45.025807828280726, -21.25854136716007 ], [ -45.024729849939781, -21.258541367160063 ], [ -45.024729849939781, -21.259619345501001 ], [ -45.025807828280726, -21.259619345501008 ] ] ] } },
{ "type": "Feature", "properties": { "id_feicao": "fogo_2021_6", "ano": 2021.0, "mes": 6, "codigo_original": 12, "classe": "Formação Campestre", "cor": "#d6bc74", "area_ha": 0.083369571847415141 }, "geometry": { "type": "Polygon", "coordinates": [ [ [ -45.113124073897147, -21.303816457479687 ], [ -45.113124073897147, -21.304085952064916 ], [ -45.11339356848238, -21.30408595206492 ], [ -45.11339356848238, -21.303816457479691 ], [ -45.113124073897147, -21.303816457479687 ] ] ] } },
{ "type": "Feature", "properties": { "id_feicao": "fogo_2021_7", "ano": 2021.0, "mes": 6, "codigo_original": 15, "classe": "Pastagem", "cor": "#edde8e", "area_ha": 0.2500921537719667 }, "geometry": { "type": "Polygon", "coordinates": [ [ [ -45.141151510761674, -21.313787757133412 ], [ -45.140882016176441, -21.313787757133412 ], [ -45.140882016176441, -21.314596240889127 ], [ -45.141151510761674, -21.314596240889124 ], [ -45.141151510761674, -21.313787757133412 ] ] ] } },
{ "type": "Feature", "properties": { "id_feicao": "fogo_2021_8", "ano": 2021.0, "mes": 6, "codigo_original": 15, "classe": "Pastagem", "cor": "#edde8e", "area_ha": 0.083410002601798622 }, "geometry": { "type": "Polygon", "coordinates": [ [ [ -45.018800969064593, -21.230244435710308 ], [ -45.01853147447936, -21.230244435710297 ], [ -45.01853147447936, -21.23051393029554 ], [ -45.018800969064593, -21.23051393029554 ], [ -45.018800969064593, -21.230244435710308 ] ] ] } },
{ "type": "Feature", "properties": { "id_feicao": "fogo_2021_9", "ano": 2021.0, "mes": 6, "codigo_original": 15, "classe": "Pastagem", "cor": "#edde8e", "area_ha": 0.083410151693411178 }, "geometry": { "type": "Polygon", "coordinates": [ [ [ -45.019070463649832, -21.229974941125064 ], [ -45.018800969064593, -21.229974941125068 ], [ -45.018800969064593, -21.230244435710308 ], [ -45.019070463649832, -21.230244435710304 ], [ -45.019070463649832, -21.229974941125064 ] ] ] } },
{ "type": "Feature", "properties": { "id_feicao": "fogo_2021_10", "ano": 2021.0, "mes": 6, "codigo_original": 15, "classe": "Pastagem", "cor": "#edde8e", "area_ha": 0.166820600428049 }, "geometry": { "type": "Polygon", "coordinates": [ [ [ -45.01826197989412, -21.229705446539828 ], [ -45.01826197989412, -21.229974941125061 ], [ -45.018800969064593, -21.229974941125068 ], [ -45.018800969064593, -21.229705446539832 ], [ -45.01826197989412, -21.229705446539828 ] ] ] } },
{ "type": "Feature", "properties": { "id_feicao": "fogo_2021_11", "ano": 2021.0, "mes": 6, "codigo_original": 15, "classe": "Pastagem", "cor": "#edde8e", "area_ha": 0.25023089775077306 }, "geometry": { "type": "Polygon", "coordinates": [ [ [ -45.016914506967943, -21.229705446539828 ], [ -45.016914506967943, -21.229974941125064 ], [ -45.017722990723655, -21.229974941125068 ], [ -45.017722990723655, -21.229705446539825 ], [ -45.016914506967943, -21.229705446539828 ] ] ] } },
{ "type": "Feature", "properties": { "id_feicao": "fogo_2021_12", "ano": 2021.0, "mes": 6, "codigo_original": 15, "classe": "Pastagem", "cor": "#edde8e", "area_ha": 0.083410449409391726 }, "geometry": { "type": "Polygon", "coordinates": [ [ [ -45.019070463649832, -21.229435951954596 ], [ -45.018800969064593, -21.229435951954592 ], [ -45.018800969064593, -21.229705446539832 ], [ -45.019070463649832, -21.229705446539825 ], [ -45.019070463649832, -21.229435951954596 ] ] ] } },
{ "type": "Feature", "properties": { "id_feicao": "fogo_2021_13", "ano": 2021.0, "mes": 6, "codigo_original": 15, "classe": "Pastagem", "cor": "#edde8e", "area_ha": 0.083410598037764433 }, "geometry": { "type": "Polygon", "coordinates": [ [ [ -45.018800969064593, -21.229166457369359 ], [ -45.01853147447936, -21.229166457369356 ], [ -45.01853147447936, -21.229435951954592 ], [ -45.018800969064593, -21.229435951954592 ], [ -45.018800969064593, -21.229166457369359 ] ] ] } },
{ "type": "Feature", "properties": { "id_feicao": "fogo_2021_14", "ano": 2021.0, "mes": 6, "codigo_original": 15, "classe": "Pastagem", "cor": "#edde8e", "area_ha": 0.25023268658099695 }, "geometry": { "type": "Polygon", "coordinates": [ [ [ -45.018800969064593, -21.228627468198887 ], [ -45.017992485308888, -21.228627468198884 ], [ -45.017992485308888, -21.228896962784116 ], [ -45.018800969064593, -21.228896962784123 ], [ -45.018800969064593, -21.228627468198887 ] ] ] } },
{ "type": "Feature", "properties": { "id_feicao": "fogo_2021_15", "ano": 2021.0, "mes": 6, "codigo_original": 15, "classe": "Pastagem", "cor": "#edde8e", "area_ha": 0.16686475779628082 }, "geometry": { "type": "Polygon", "coordinates": [ [ [ -45.005865228973271, -21.189550753339685 ], [ -45.005865228973271, -21.190089742510153 ], [ -45.00613472355851, -21.190089742510157 ], [ -45.00613472355851, -21.189550753339677 ], [ -45.005865228973271, -21.189550753339685 ] ] ] } },
{ "type": "Feature", "properties": { "id_feicao": "fogo_2021_16", "ano": 2021.0, "mes": 6, "codigo_original": 15, "classe": "Pastagem", "cor": "#edde8e", "area_ha": 0.083432601849073834 }, "geometry": { "type": "Polygon", "coordinates": [ [ [ -45.00613472355851, -21.189281258754441 ], [ -45.00613472355851, -21.189550753339677 ], [ -45.006404218143743, -21.189550753339688 ], [ -45.006404218143743, -21.189281258754448 ], [ -45.00613472355851, -21.189281258754441 ] ] ] } },
{ "type": "Feature", "properties": { "id_feicao": "fogo_2021_17", "ano": 2021.0, "mes": 6, "codigo_original": 21, "classe": "Mosaico de Usos", "cor": "#ffefc3", "area_ha": 0.083362542303185905 }, "geometry": { "type": "Polygon", "coordinates": [ [ [ -45.075664326549365, -21.316482702985777 ], [ -45.075933821134598, -21.316482702985777 ], [ -45.075933821134598, -21.31621320840053 ], [ -45.075664326549365, -21.316213208400534 ], [ -45.075664326549365, -21.316482702985777 ] ] ] } },
{ "type": "Feature", "properties": { "id_feicao": "fogo_2021_18", "ano": 2021.0, "mes": 6, "codigo_original": 21, "classe": "Mosaico de Usos", "cor": "#ffefc3", "area_ha": 1.0003504778716714 }, "geometry": { "type": "Polygon", "coordinates": [ [ [ -45.07458634820842, -21.315943713815294 ], [ -45.07458634820842, -21.316752197571002 ], [ -45.074855842793653, -21.316752197571009 ], [ -45.074855842793653, -21.317021692156242 ], [ -45.075664326549365, -21.317021692156242 ], [ -45.075664326549365, -21.316752197571006 ], [ -45.075125337378893, -21.316752197571002 ], [ -45.075125337378893, -21.315943713815301 ], [ -45.075664326549365, -21.315943713815308 ], [ -45.075664326549365, -21.315674219230061 ], [ -45.074855842793653, -21.315674219230065 ], [ -45.074855842793653, -21.315943713815294 ], [ -45.07458634820842, -21.315943713815294 ] ] ] } },
{ "type": "Feature", "properties": { "id_feicao": "fogo_2021_19", "ano": 2021.0, "mes": 6, "codigo_original": 21, "classe": "Mosaico de Usos", "cor": "#ffefc3", "area_ha": 0.16686312191354422 }, "geometry": { "type": "Polygon", "coordinates": [ [ [ -45.002631293950451, -21.191437215436338 ], [ -45.002631293950451, -21.191167720851091 ], [ -45.002092304779978, -21.191167720851105 ], [ -45.002092304779978, -21.191437215436341 ], [ -45.002631293950451, -21.191437215436338 ] ] ] } },
{ "type": "Feature", "properties": { "id_feicao": "fogo_2021_20", "ano": 2021.0, "mes": 6, "codigo_original": 41, "classe": "Outras Lavouras Temporárias", "cor": "#f54ca9", "area_ha": 3.0008500822417439 }, "geometry": { "type": "Polygon", "coordinates": [ [ [ -45.129293749011296, -21.327531980980446 ], [ -45.129563243596529, -21.327531980980439 ], [ -45.129563243596529, -21.327801475565678 ], [ -45.130910716522713, -21.327801475565678 ], [ -45.130910716522713, -21.326184508054265 ], [ -45.130641221937474, -21.326184508054268 ], [ -45.130641221937474, -21.325915013469029 ], [ -45.129832738181769, -21.325915013469025 ], [ -45.129832738181769, -21.326454002639508 ], [ -45.129293749011296, -21.326454002639498 ], [ -45.129293749011296, -21.327531980980446 ] ] ] } },
{ "type": "Feature", "properties": { "id_feicao": "fogo_2021_21", "ano": 2021.0, "mes": 6, "codigo_original": 41, "classe": "Outras Lavouras Temporárias", "cor": "#f54ca9", "area_ha": 8.0863279503604559 }, "geometry": { "type": "Polygon", "coordinates": [ [ [ -45.141421005346913, -21.312979273377703 ], [ -45.141421005346913, -21.313518262548182 ], [ -45.140882016176441, -21.313518262548179 ], [ -45.140882016176441, -21.313787757133412 ], [ -45.141151510761674, -21.313787757133412 ], [ -45.141151510761674, -21.314596240889124 ], [ -45.140882016176441, -21.314596240889127 ], [ -45.140882016176441, -21.314865735474356 ], [ -45.141421005346913, -21.314865735474363 ], [ -45.141421005346913, -21.315404724644843 ], [ -45.141959994517379, -21.315404724644836 ], [ -45.141959994517379, -21.315674219230075 ], [ -45.143037972858323, -21.315674219230068 ], [ -45.143037972858323, -21.314865735474356 ], [ -45.143307467443563, -21.314865735474353 ], [ -45.143307467443563, -21.314057251718644 ], [ -45.143846456614035, -21.314057251718651 ], [ -45.143846456614035, -21.313787757133415 ], [ -45.144115951199268, -21.313787757133412 ], [ -45.144115951199268, -21.312170789622005 ], [ -45.143037972858323, -21.312170789622009 ], [ -45.143037972858323, -21.31270977879247 ], [ -45.142498983687851, -21.312709778792474 ], [ -45.142498983687851, -21.312979273377714 ], [ -45.141421005346913, -21.312979273377703 ] ] ] } },
{ "type": "Feature", "properties": { "id_feicao": "fogo_2021_22", "ano": 2021.0, "mes": 6, "codigo_original": 41, "classe": "Outras Lavouras Temporárias", "cor": "#f54ca9", "area_ha": 23.092996824781114 }, "geometry": { "type": "Polygon", "coordinates": [ [ [ -45.11339356848238, -21.306780897917285 ], [ -45.11339356848238, -21.309745338354883 ], [ -45.113663063067619, -21.30974533835488 ], [ -45.113663063067619, -21.310014832940109 ], [ -45.115280030579029, -21.310014832940112 ], [ -45.115280030579029, -21.308128370843455 ], [ -45.115819019749502, -21.308128370843466 ], [ -45.115819019749502, -21.307858876258226 ], [ -45.116896998090446, -21.307858876258223 ], [ -45.116896998090446, -21.305433424991101 ], [ -45.117166492675686, -21.305433424991104 ], [ -45.117166492675686, -21.304085952064916 ], [ -45.116896998090446, -21.304085952064924 ], [ -45.116896998090446, -21.303816457479691 ], [ -45.116088514334741, -21.303816457479687 ], [ -45.116088514334741, -21.303546962894458 ], [ -45.11339356848238, -21.303546962894455 ], [ -45.11339356848238, -21.30408595206492 ], [ -45.113124073897147, -21.304085952064916 ], [ -45.113124073897147, -21.306780897917282 ], [ -45.11339356848238, -21.306780897917285 ] ] ] } },
{ "type": "Feature", "properties": { "id_feicao": "fogo_2021_23", "ano": 2021.0, "mes": 6, "codigo_original": 41, "classe": "Outras Lavouras Temporárias", "cor": "#f54ca9", "area_ha": 0.08337459507201829 }, "geometry": { "type": "Polygon", "coordinates": [ [ [ -45.101805301317242, -21.294653641581672 ], [ -45.101805301317242, -21.294923136166908 ], [ -45.102074795902475, -21.294923136166904 ], [ -45.102074795902475, -21.294653641581672 ], [ -45.101805301317242, -21.294653641581672 ] ] ] } },
{ "type": "Feature", "properties": { "id_feicao": "fogo_2021_24", "ano": 2021.0, "mes": 6, "codigo_original": 41, "classe": "Outras Lavouras Temporárias", "cor": "#f54ca9", "area_ha": 0.083374891236144874 }, "geometry": { "type": "Polygon", "coordinates": [ [ [ -45.10126631214677, -21.294114652411196 ], [ -45.10126631214677, -21.294384146996435 ], [ -45.101535806732002, -21.294384146996432 ], [ -45.101535806732002, -21.294114652411196 ], [ -45.10126631214677, -21.294114652411196 ] ] ] } },
{ "type": "Feature", "properties": { "id_feicao": "fogo_2021_25", "ano": 2021.0, "mes": 6, "codigo_original": 41, "classe": "Outras Lavouras Temporárias", "cor": "#f54ca9", "area_ha": 0.25012569560341874 }, "geometry": { "type": "Polygon", "coordinates": [ [ [ -45.137378586568374, -21.293575663240727 ], [ -45.137378586568374, -21.294384146996432 ], [ -45.137648081153607, -21.294384146996432 ], [ -45.137648081153607, -21.293575663240734 ], [ -45.137378586568374, -21.293575663240727 ] ] ] } },
{ "type": "Feature", "properties": { "id_feicao": "fogo_2021_26", "ano": 2021.0, "mes": 6, "codigo_original": 41, "classe": "Outras Lavouras Temporárias", "cor": "#f54ca9", "area_ha": 0.66700260357627006 }, "geometry": { "type": "Polygon", "coordinates": [ [ [ -45.137109091983135, -21.294384146996432 ], [ -45.137109091983135, -21.293575663240727 ], [ -45.137378586568374, -21.293575663240727 ], [ -45.137378586568374, -21.293306168655487 ], [ -45.136570102812662, -21.293306168655494 ], [ -45.136570102812662, -21.294114652411192 ], [ -45.136839597397902, -21.294114652411192 ], [ -45.136839597397902, -21.294384146996432 ], [ -45.137109091983135, -21.294384146996432 ] ] ] } },
{ "type": "Feature", "properties": { "id_feicao": "fogo_2021_27", "ano": 2021.0, "mes": 6, "codigo_original": 41, "classe": "Outras Lavouras Temporárias", "cor": "#f54ca9", "area_ha": 0.16672463626079262 }, "geometry": { "type": "Polygon", "coordinates": [ [ [ -45.075933821134598, -21.316482702985777 ], [ -45.075664326549365, -21.316482702985777 ], [ -45.075664326549365, -21.317021692156242 ], [ -45.075933821134598, -21.317021692156242 ], [ -45.075933821134598, -21.316482702985777 ] ] ] } },
{ "type": "Feature", "properties": { "id_feicao": "fogo_2021_28", "ano": 2021.0, "mes": 6, "codigo_original": 41, "classe": "Outras Lavouras Temporárias", "cor": "#f54ca9", "area_ha": 0.41681295433264931 }, "geometry": { "type": "Polygon", "coordinates": [ [ [ -45.075933821134598, -21.31621320840053 ], [ -45.075933821134598, -21.315943713815301 ], [ -45.075125337378893, -21.315943713815301 ], [ -45.075125337378893, -21.316482702985777 ], [ -45.075664326549365, -21.316482702985777 ], [ -45.075664326549365, -21.316213208400534 ], [ -45.075933821134598, -21.31621320840053 ] ] ] } },
{ "type": "Feature", "properties": { "id_feicao": "fogo_2021_29", "ano": 2021.0, "mes": 6, "codigo_original": 41, "classe": "Outras Lavouras Temporárias", "cor": "#f54ca9", "area_ha": 0.083374592642292925 }, "geometry": { "type": "Polygon", "coordinates": [ [ [ -45.10126631214677, -21.294653641581668 ], [ -45.10126631214677, -21.294923136166908 ], [ -45.101535806732002, -21.294923136166908 ], [ -45.101535806732002, -21.294653641581672 ], [ -45.10126631214677, -21.294653641581668 ] ] ] } },
{ "type": "Feature", "properties": { "id_feicao": "fogo_2021_30", "ano": 2021.0, "mes": 6, "codigo_original": 41, "classe": "Outras Lavouras Temporárias", "cor": "#f54ca9", "area_ha": 0.083374740734602437 }, "geometry": { "type": "Polygon", "coordinates": [ [ [ -45.10099681756153, -21.294384146996435 ], [ -45.10099681756153, -21.294653641581675 ], [ -45.10126631214677, -21.294653641581668 ], [ -45.10126631214677, -21.294384146996435 ], [ -45.10099681756153, -21.294384146996435 ] ] ] } },
{ "type": "Feature", "properties": { "id_feicao": "fogo_2021_31", "ano": 2021.0, "mes": 6, "codigo_original": 41, "classe": "Outras Lavouras Temporárias", "cor": "#f54ca9", "area_ha": 9.3434411830050212 }, "geometry": { "type": "Polygon", "coordinates": [ [ [ -44.998588875171905, -21.205450933868608 ], [ -44.998588875171905, -21.207067901380018 ], [ -45.001283821024266, -21.207067901380018 ], [ -45.001283821024266, -21.206798406794778 ], [ -45.002361799365211, -21.206798406794785 ], [ -45.002361799365211, -21.206528912209549 ], [ -45.002631293950451, -21.206528912209549 ], [ -45.002631293950451, -21.205989923039066 ], [ -45.002900788535676, -21.20598992303907 ], [ -45.002900788535676, -21.205720428453834 ], [ -45.002631293950451, -21.205720428453848 ], [ -45.002631293950451, -21.204911944698125 ], [ -45.002900788535676, -21.204911944698129 ], [ -45.002900788535676, -21.20437295552766 ], [ -45.002631293950451, -21.20437295552766 ], [ -45.002631293950451, -21.204103460942431 ], [ -45.001553315609506, -21.204103460942424 ], [ -45.001553315609506, -21.205181439283368 ], [ -45.000205842683322, -21.205181439283358 ], [ -45.000205842683322, -21.205450933868608 ], [ -44.998588875171905, -21.205450933868608 ] ] ] } },
{ "type": "Feature", "properties": { "id_feicao": "fogo_2021_32", "ano": 2021.0, "mes": 6, "codigo_original": 41, "classe": "Outras Lavouras Temporárias", "cor": "#f54ca9", "area_ha": 22.86028887306874 }, "geometry": { "type": "Polygon", "coordinates": [ [ [ -45.002631293950451, -21.190898226265862 ], [ -45.002361799365211, -21.190898226265858 ], [ -45.002361799365211, -21.191167720851091 ], [ -45.002631293950451, -21.191167720851091 ], [ -45.002631293950451, -21.191437215436338 ], [ -45.002092304779978, -21.191437215436341 ], [ -45.002092304779978, -21.192515193777272 ], [ -45.005056745217566, -21.192515193777275 ], [ -45.005056745217566, -21.193323677532991 ], [ -45.005326239802812, -21.193323677532987 ], [ -45.005326239802812, -21.193054182947748 ], [ -45.005595734388038, -21.193054182947748 ], [ -45.005595734388038, -21.193323677532991 ], [ -45.006673712728983, -21.193323677532987 ], [ -45.006673712728983, -21.193593172118227 ], [ -45.00802118565516, -21.193593172118224 ], [ -45.00802118565516, -21.19197620460681 ], [ -45.007751691069927, -21.191976204606807 ], [ -45.007751691069927, -21.191437215436338 ], [ -45.007482196484688, -21.191437215436338 ], [ -45.007482196484688, -21.191167720851102 ], [ -45.00802118565516, -21.191167720851094 ], [ -45.00802118565516, -21.190898226265858 ], [ -45.007751691069927, -21.190898226265862 ], [ -45.007751691069927, -21.190089742510164 ], [ -45.00802118565516, -21.190089742510153 ], [ -45.00802118565516, -21.189281258754448 ], [ -45.006404218143743, -21.189281258754448 ], [ -45.006404218143743, -21.189550753339688 ], [ -45.00613472355851, -21.189550753339677 ], [ -45.00613472355851, -21.189281258754441 ], [ -45.005865228973271, -21.189281258754452 ], [ -45.005865228973271, -21.1882032804135 ], [ -45.004517756047093, -21.188203280413507 ], [ -45.004517756047093, -21.189281258754448 ], [ -45.003439777706149, -21.189281258754455 ], [ -45.003439777706149, -21.190628731680626 ], [ -45.002631293950451, -21.190628731680633 ], [ -45.002631293950451, -21.190898226265862 ] ], [ [ -45.007482196484688, -21.191706710021577 ], [ -45.007212701899455, -21.191706710021574 ], [ -45.007212701899455, -21.191437215436334 ], [ -45.007482196484688, -21.191437215436338 ], [ -45.007482196484688, -21.191706710021577 ] ], [ [ -45.00613472355851, -21.190089742510157 ], [ -45.005865228973271, -21.190089742510153 ], [ -45.005865228973271, -21.189550753339685 ], [ -45.00613472355851, -21.189550753339677 ], [ -45.00613472355851, -21.190089742510157 ] ], [ [ -45.005865228973271, -21.190898226265858 ], [ -45.005595734388038, -21.190898226265862 ], [ -45.005595734388038, -21.190089742510157 ], [ -45.005865228973271, -21.190089742510153 ], [ -45.005865228973271, -21.190898226265858 ] ], [ [ -45.005595734388038, -21.191167720851091 ], [ -45.005326239802812, -21.191167720851091 ], [ -45.005326239802812, -21.190898226265869 ], [ -45.005595734388038, -21.190898226265862 ], [ -45.005595734388038, -21.191167720851091 ] ], [ [ -45.005326239802812, -21.191437215436341 ], [ -45.005326239802812, -21.191976204606799 ], [ -45.005056745217566, -21.19197620460681 ], [ -45.005056745217566, -21.191437215436338 ], [ -45.005326239802812, -21.191437215436341 ] ] ] } },
{ "type": "Feature", "properties": { "id_feicao": "fogo_2021_33", "ano": 2021.0, "mes": 6, "codigo_original": 41, "classe": "Outras Lavouras Temporárias", "cor": "#f54ca9", "area_ha": 10.51243173236411 }, "geometry": { "type": "Polygon", "coordinates": [ [ [ -44.996163423904783, -21.190359237095393 ], [ -44.996163423904783, -21.19197620460681 ], [ -44.996702413075255, -21.191976204606814 ], [ -44.996702413075255, -21.19224569919205 ], [ -44.996971907660487, -21.192245699192046 ], [ -44.996971907660487, -21.192515193777275 ], [ -44.997241402245727, -21.192515193777268 ], [ -44.997241402245727, -21.192784688362515 ], [ -44.998588875171905, -21.192784688362508 ], [ -44.998588875171905, -21.189281258754441 ], [ -44.998319380586672, -21.189281258754452 ], [ -44.998319380586672, -21.188742269583976 ], [ -44.998049886001432, -21.188742269583972 ], [ -44.998049886001432, -21.187933785828278 ], [ -44.996971907660487, -21.187933785828275 ], [ -44.996971907660487, -21.188203280413511 ], [ -44.996702413075255, -21.188203280413514 ], [ -44.996702413075255, -21.1903592370954 ], [ -44.996163423904783, -21.190359237095393 ] ] ] } },
{ "type": "Feature", "properties": { "id_feicao": "fogo_2021_34", "ano": 2021.0, "mes": 6, "codigo_original": 46, "classe": "Café", "cor": "#d68fe2", "area_ha": 0.33349897003136575 }, "geometry": { "type": "Polygon", "coordinates": [ [ [ -45.101535806732002, -21.294384146996432 ], [ -45.10126631214677, -21.294384146996435 ], [ -45.10126631214677, -21.294653641581668 ], [ -45.101535806732002, -21.294653641581672 ], [ -45.101535806732002, -21.294923136166908 ], [ -45.101805301317242, -21.294923136166908 ], [ -45.101805301317242, -21.294114652411192 ], [ -45.101535806732002, -21.294114652411196 ], [ -45.101535806732002, -21.294384146996432 ] ] ] } },
{ "type": "Feature", "properties": { "id_feicao": "fogo_2021_35", "ano": 2021.0, "mes": 6, "codigo_original": 46, "classe": "Café", "cor": "#d68fe2", "area_ha": 0.083375045404906548 }, "geometry": { "type": "Polygon", "coordinates": [ [ [ -45.102613785072947, -21.294114652411196 ], [ -45.102613785072947, -21.29384515782596 ], [ -45.102344290487714, -21.293845157825956 ], [ -45.102344290487714, -21.294114652411199 ], [ -45.102613785072947, -21.294114652411196 ] ] ] } },
{ "type": "Feature", "properties": { "id_feicao": "fogo_2021_36", "ano": 2021.0, "mes": 6, "codigo_original": 46, "classe": "Café", "cor": "#d68fe2", "area_ha": 0.41687528262918383 }, "geometry": { "type": "Polygon", "coordinates": [ [ [ -45.10126631214677, -21.294384146996435 ], [ -45.10126631214677, -21.294114652411196 ], [ -45.101535806732002, -21.294114652411196 ], [ -45.101535806732002, -21.293575663240723 ], [ -45.10099681756153, -21.29357566324073 ], [ -45.10099681756153, -21.294384146996435 ], [ -45.10126631214677, -21.294384146996435 ] ] ] } },
{ "type": "Feature", "properties": { "id_feicao": "fogo_2021_37", "ano": 2021.0, "mes": 7, "codigo_original": 12, "classe": "Formação Campestre", "cor": "#d6bc74", "area_ha": 0.083404502553306517 }, "geometry": { "type": "Polygon", "coordinates": [ [ [ -45.027424795792143, -21.240485229949265 ], [ -45.027694290377376, -21.240485229949265 ], [ -45.027694290377376, -21.240215735364028 ], [ -45.027424795792143, -21.240215735364025 ], [ -45.027424795792143, -21.240485229949265 ] ] ] } },
{ "type": "Feature", "properties": { "id_feicao": "fogo_2021_38", "ano": 2021.0, "mes": 7, "codigo_original": 12, "classe": "Formação Campestre", "cor": "#d6bc74", "area_ha": 0.16680960049959423 }, "geometry": { "type": "Polygon", "coordinates": [ [ [ -45.027694290377376, -21.239946240778789 ], [ -45.027694290377376, -21.239676746193553 ], [ -45.027155301206903, -21.239676746193553 ], [ -45.027155301206903, -21.239946240778789 ], [ -45.027694290377376, -21.239946240778789 ] ] ] } },
{ "type": "Feature", "properties": { "id_feicao": "fogo_2021_39", "ano": 2021.0, "mes": 7, "codigo_original": 12, "classe": "Formação Campestre", "cor": "#d6bc74", "area_ha": 1.0008607466270385 }, "geometry": { "type": "Polygon", "coordinates": [ [ [ -45.027694290377376, -21.23913775702308 ], [ -45.027694290377376, -21.239407251608323 ], [ -45.028502774133088, -21.239407251608316 ], [ -45.028502774133088, -21.239946240778792 ], [ -45.02904176330356, -21.239946240778792 ], [ -45.02904176330356, -21.23886826243784 ], [ -45.028233279547848, -21.238868262437844 ], [ -45.028233279547848, -21.239137757023087 ], [ -45.027694290377376, -21.23913775702308 ] ] ] } },
{ "type": "Feature", "properties": { "id_feicao": "fogo_2021_40", "ano": 2021.0, "mes": 7, "codigo_original": 15, "classe": "Pastagem", "cor": "#edde8e", "area_ha": 1.3335991656948369 }, "geometry": { "type": "Polygon", "coordinates": [ [ [ -44.972178405818795, -21.339389742730813 ], [ -44.972178405818795, -21.338311764389864 ], [ -44.97110042747785, -21.338311764389868 ], [ -44.97110042747785, -21.339389742730816 ], [ -44.972178405818795, -21.339389742730813 ] ] ] } },
{ "type": "Feature", "properties": { "id_feicao": "fogo_2021_41", "ano": 2021.0, "mes": 7, "codigo_original": 15, "classe": "Pastagem", "cor": "#edde8e", "area_ha": 0.50046045575086029 }, "geometry": { "type": "Polygon", "coordinates": [ [ [ -45.017722990723655, -21.229974941125068 ], [ -45.016914506967943, -21.229974941125064 ], [ -45.016914506967943, -21.23051393029554 ], [ -45.017722990723655, -21.23051393029554 ], [ -45.017722990723655, -21.229974941125068 ] ] ] } },
{ "type": "Feature", "properties": { "id_feicao": "fogo_2021_42", "ano": 2021.0, "mes": 7, "codigo_original": 15, "classe": "Pastagem", "cor": "#edde8e", "area_ha": 0.083410151462629437 }, "geometry": { "type": "Polygon", "coordinates": [ [ [ -45.018800969064593, -21.229974941125068 ], [ -45.01853147447936, -21.229974941125068 ], [ -45.01853147447936, -21.230244435710297 ], [ -45.018800969064593, -21.230244435710308 ], [ -45.018800969064593, -21.229974941125068 ] ] ] } },
{ "type": "Feature", "properties": { "id_feicao": "fogo_2021_43", "ano": 2021.0, "mes": 7, "codigo_original": 15, "classe": "Pastagem", "cor": "#edde8e", "area_ha": 0.41705142156062647 }, "geometry": { "type": "Polygon", "coordinates": [ [ [ -45.018800969064593, -21.229974941125068 ], [ -45.019070463649832, -21.229974941125064 ], [ -45.019070463649832, -21.230244435710304 ], [ -45.019609452820305, -21.230244435710301 ], [ -45.019609452820305, -21.229974941125061 ], [ -45.019339958235065, -21.229974941125068 ], [ -45.019339958235065, -21.229435951954596 ], [ -45.019070463649832, -21.229435951954596 ], [ -45.019070463649832, -21.229705446539825 ], [ -45.018800969064593, -21.229705446539832 ], [ -45.018800969064593, -21.229974941125068 ] ] ] } },
{ "type": "Feature", "properties": { "id_feicao": "fogo_2021_44", "ano": 2021.0, "mes": 7, "codigo_original": 15, "classe": "Pastagem", "cor": "#edde8e", "area_ha": 0.083410449181124571 }, "geometry": { "type": "Polygon", "coordinates": [ [ [ -45.018800969064593, -21.229435951954592 ], [ -45.01853147447936, -21.229435951954592 ], [ -45.01853147447936, -21.229705446539832 ], [ -45.018800969064593, -21.229705446539832 ], [ -45.018800969064593, -21.229435951954592 ] ] ] } },
{ "type": "Feature", "properties": { "id_feicao": "fogo_2021_45", "ano": 2021.0, "mes": 7, "codigo_original": 15, "classe": "Pastagem", "cor": "#edde8e", "area_ha": 0.33364263910213487 }, "geometry": { "type": "Polygon", "coordinates": [ [ [ -45.018800969064593, -21.229435951954592 ], [ -45.019070463649832, -21.229435951954596 ], [ -45.019070463649832, -21.228896962784116 ], [ -45.01826197989412, -21.228896962784113 ], [ -45.01826197989412, -21.229166457369356 ], [ -45.018800969064593, -21.229166457369359 ], [ -45.018800969064593, -21.229435951954592 ] ] ] } },
{ "type": "Feature", "properties": { "id_feicao": "fogo_2021_46", "ano": 2021.0, "mes": 7, "codigo_original": 15, "classe": "Pastagem", "cor": "#edde8e", "area_ha": 0.083413306313659993 }, "geometry": { "type": "Polygon", "coordinates": [ [ [ -45.040899525053938, -21.224315554835119 ], [ -45.040630030468698, -21.224315554835108 ], [ -45.040630030468698, -21.224585049420348 ], [ -45.040899525053938, -21.224585049420348 ], [ -45.040899525053938, -21.224315554835119 ] ] ] } },
{ "type": "Feature", "properties": { "id_feicao": "fogo_2021_47", "ano": 2021.0, "mes": 7, "codigo_original": 21, "classe": "Mosaico de Usos", "cor": "#ffefc3", "area_ha": 0.16672478299466892 }, "geometry": { "type": "Polygon", "coordinates": [ [ [ -45.075125337378893, -21.316752197571002 ], [ -45.075664326549365, -21.316752197571006 ], [ -45.075664326549365, -21.316482702985777 ], [ -45.075125337378893, -21.316482702985777 ], [ -45.075125337378893, -21.316752197571002 ] ] ] } },
{ "type": "Feature", "properties": { "id_feicao": "fogo_2021_48", "ano": 2021.0, "mes": 7, "codigo_original": 21, "classe": "Mosaico de Usos", "cor": "#ffefc3", "area_ha": 0.083362837585620589 }, "geometry": { "type": "Polygon", "coordinates": [ [ [ -45.07458634820842, -21.315943713815294 ], [ -45.074855842793653, -21.315943713815294 ], [ -45.074855842793653, -21.315674219230065 ], [ -45.07458634820842, -21.315674219230068 ], [ -45.07458634820842, -21.315943713815294 ] ] ] } },
{ "type": "Feature", "properties": { "id_feicao": "fogo_2021_49", "ano": 2021.0, "mes": 7, "codigo_original": 24, "classe": "Área urbanizada", "cor": "#d4271e", "area_ha": 0.16680915338670546 }, "geometry": { "type": "Polygon", "coordinates": [ [ [ -45.027155301206903, -21.239946240778789 ], [ -45.027155301206903, -21.240485229949268 ], [ -45.027424795792143, -21.240485229949265 ], [ -45.027424795792143, -21.239946240778785 ], [ -45.027155301206903, -21.239946240778789 ] ] ] } },
{ "type": "Feature", "properties": { "id_feicao": "fogo_2021_50", "ano": 2021.0, "mes": 7, "codigo_original": 41, "classe": "Outras Lavouras Temporárias", "cor": "#f54ca9", "area_ha": 0.083363309145066886 }, "geometry": { "type": "Polygon", "coordinates": [ [ [ -45.141959994517379, -21.315404724644836 ], [ -45.141690499932146, -21.315404724644836 ], [ -45.141690499932146, -21.315674219230075 ], [ -45.141959994517379, -21.315674219230075 ], [ -45.141959994517379, -21.315404724644836 ] ] ] } },
{ "type": "Feature", "properties": { "id_feicao": "fogo_2021_51", "ano": 2021.0, "mes": 7, "codigo_original": 41, "classe": "Outras Lavouras Temporárias", "cor": "#f54ca9", "area_ha": 0.08337537952382118 }, "geometry": { "type": "Polygon", "coordinates": [ [ [ -45.137378586568374, -21.293575663240727 ], [ -45.137109091983135, -21.293575663240727 ], [ -45.137109091983135, -21.293845157825956 ], [ -45.137378586568374, -21.293845157825952 ], [ -45.137378586568374, -21.293575663240727 ] ] ] } },
{ "type": "Feature", "properties": { "id_feicao": "fogo_2021_52", "ano": 2021.0, "mes": 7, "codigo_original": 41, "classe": "Outras Lavouras Temporárias", "cor": "#f54ca9", "area_ha": 0.083394517902564261 }, "geometry": { "type": "Polygon", "coordinates": [ [ [ -45.025807828280726, -21.258271872574834 ], [ -45.025538333695494, -21.258271872574824 ], [ -45.025538333695494, -21.258541367160063 ], [ -45.025807828280726, -21.25854136716007 ], [ -45.025807828280726, -21.258271872574834 ] ] ] } },
{ "type": "Feature", "properties": { "id_feicao": "fogo_2021_53", "ano": 2021.0, "mes": 7, "codigo_original": 41, "classe": "Outras Lavouras Temporárias", "cor": "#f54ca9", "area_ha": 0.250215958519096 }, "geometry": { "type": "Polygon", "coordinates": [ [ [ -45.027963784962616, -21.238868262437844 ], [ -45.027963784962616, -21.238598767852611 ], [ -45.027694290377376, -21.238598767852608 ], [ -45.027694290377376, -21.23913775702308 ], [ -45.028233279547848, -21.239137757023087 ], [ -45.028233279547848, -21.238868262437844 ], [ -45.027963784962616, -21.238868262437844 ] ] ] } },
{ "type": "Feature", "properties": { "id_feicao": "fogo_2021_54", "ano": 2021.0, "mes": 7, "codigo_original": 41, "classe": "Outras Lavouras Temporárias", "cor": "#f54ca9", "area_ha": 0.083405546365499614 }, "geometry": { "type": "Polygon", "coordinates": [ [ [ -45.028502774133088, -21.238329273267379 ], [ -45.028502774133088, -21.238598767852611 ], [ -45.028772268718321, -21.238598767852615 ], [ -45.028772268718321, -21.238329273267375 ], [ -45.028502774133088, -21.238329273267379 ] ] ] } },
{ "type": "Feature", "properties": { "id_feicao": "fogo_2021_55", "ano": 2021.0, "mes": 7, "codigo_original": 41, "classe": "Outras Lavouras Temporárias", "cor": "#f54ca9", "area_ha": 2.6693501249797644 }, "geometry": { "type": "Polygon", "coordinates": [ [ [ -45.009368658581337, -21.217308695618971 ], [ -45.009099163996105, -21.217308695618975 ], [ -45.009099163996105, -21.217039201033742 ], [ -45.008829669410872, -21.217039201033735 ], [ -45.008829669410872, -21.216769706448495 ], [ -45.007482196484688, -21.216769706448503 ], [ -45.007482196484688, -21.218117179374691 ], [ -45.009368658581337, -21.218117179374683 ], [ -45.009368658581337, -21.217308695618971 ] ] ] } },
{ "type": "Feature", "properties": { "id_feicao": "fogo_2021_56", "ano": 2021.0, "mes": 7, "codigo_original": 41, "classe": "Outras Lavouras Temporárias", "cor": "#f54ca9", "area_ha": 0.25027149420455097 }, "geometry": { "type": "Polygon", "coordinates": [ [ [ -45.002900788535676, -21.204911944698129 ], [ -45.002631293950451, -21.204911944698125 ], [ -45.002631293950451, -21.205720428453848 ], [ -45.002900788535676, -21.205720428453834 ], [ -45.002900788535676, -21.204911944698129 ] ] ] } },
{ "type": "Feature", "properties": { "id_feicao": "fogo_2021_57", "ano": 2021.0, "mes": 7, "codigo_original": 41, "classe": "Outras Lavouras Temporárias", "cor": "#f54ca9", "area_ha": 0.083430521258246154 }, "geometry": { "type": "Polygon", "coordinates": [ [ [ -45.005595734388038, -21.193054182947748 ], [ -45.005326239802812, -21.193054182947748 ], [ -45.005326239802812, -21.193323677532987 ], [ -45.005595734388038, -21.193323677532991 ], [ -45.005595734388038, -21.193054182947748 ] ] ] } },
{ "type": "Feature", "properties": { "id_feicao": "fogo_2021_58", "ano": 2021.0, "mes": 7, "codigo_original": 41, "classe": "Outras Lavouras Temporárias", "cor": "#f54ca9", "area_ha": 0.083431562123506775 }, "geometry": { "type": "Polygon", "coordinates": [ [ [ -45.007482196484688, -21.191167720851102 ], [ -45.007482196484688, -21.191437215436338 ], [ -45.007751691069927, -21.191437215436338 ], [ -45.007751691069927, -21.191167720851102 ], [ -45.007482196484688, -21.191167720851102 ] ] ] } },
{ "type": "Feature", "properties": { "id_feicao": "fogo_2021_59", "ano": 2021.0, "mes": 7, "codigo_original": 41, "classe": "Outras Lavouras Temporárias", "cor": "#f54ca9", "area_ha": 0.083431859405561457 }, "geometry": { "type": "Polygon", "coordinates": [ [ [ -45.007751691069927, -21.190628731680633 ], [ -45.007751691069927, -21.190898226265862 ], [ -45.00802118565516, -21.190898226265858 ], [ -45.00802118565516, -21.190628731680622 ], [ -45.007751691069927, -21.190628731680633 ] ] ] } },
{ "type": "Feature", "properties": { "id_feicao": "fogo_2021_60", "ano": 2021.0, "mes": 8, "codigo_original": 3, "classe": "Formação Florestal", "cor": "#1f8d49", "area_ha": 0.08334693867822579 }, "geometry": { "type": "Polygon", "coordinates": [ [ [ -45.10099681756153, -21.34477963443554 ], [ -45.10099681756153, -21.344510139850303 ], [ -45.100727322976297, -21.344510139850307 ], [ -45.100727322976297, -21.344779634435533 ], [ -45.10099681756153, -21.34477963443554 ] ] ] } },
{ "type": "Feature", "properties": { "id_feicao": "fogo_2021_61", "ano": 2021.0, "mes": 8, "codigo_original": 3, "classe": "Formação Florestal", "cor": "#1f8d49", "area_ha": 0.083348248441424216 }, "geometry": { "type": "Polygon", "coordinates": [ [ [ -45.092372990833987, -21.342084688583171 ], [ -45.092103496248747, -21.342084688583171 ], [ -45.092103496248747, -21.342354183168418 ], [ -45.092372990833987, -21.342354183168425 ], [ -45.092372990833987, -21.342084688583171 ] ] ] } },
{ "type": "Feature", "properties": { "id_feicao": "fogo_2021_62", "ano": 2021.0, "mes": 8, "codigo_original": 3, "classe": "Formação Florestal", "cor": "#1f8d49", "area_ha": 0.08334854767508805 }, "geometry": { "type": "Polygon", "coordinates": [ [ [ -45.092372990833987, -21.341545699412713 ], [ -45.092103496248747, -21.341545699412706 ], [ -45.092103496248747, -21.341815193997942 ], [ -45.092372990833987, -21.341815193997942 ], [ -45.092372990833987, -21.341545699412713 ] ] ] } },
{ "type": "Feature", "properties": { "id_feicao": "fogo_2021_63", "ano": 2021.0, "mes": 8, "codigo_original": 3, "classe": "Formação Florestal", "cor": "#1f8d49", "area_ha": 0.16671311097079888 }, "geometry": { "type": "Polygon", "coordinates": [ [ [ -45.073777864452708, -21.326992991809973 ], [ -45.073238875282236, -21.326992991809973 ], [ -45.073238875282236, -21.32726248639521 ], [ -45.073777864452708, -21.327262486395213 ], [ -45.073777864452708, -21.326992991809973 ] ] ] } },
{ "type": "Feature", "properties": { "id_feicao": "fogo_2021_64", "ano": 2021.0, "mes": 8, "codigo_original": 3, "classe": "Formação Florestal", "cor": "#1f8d49", "area_ha": 0.41705921034682542 }, "geometry": { "type": "Polygon", "coordinates": [ [ [ -45.059764146020449, -21.227549489857942 ], [ -45.060572629776154, -21.227549489857946 ], [ -45.060572629776154, -21.226741006102234 ], [ -45.060303135190914, -21.226741006102234 ], [ -45.060303135190914, -21.227279995272706 ], [ -45.059764146020449, -21.227279995272706 ], [ -45.059764146020449, -21.227549489857942 ] ] ] } },
{ "type": "Feature", "properties": { "id_feicao": "fogo_2021_65", "ano": 2021.0, "mes": 8, "codigo_original": 3, "classe": "Formação Florestal", "cor": "#1f8d49", "area_ha": 0.25023647533832116 }, "geometry": { "type": "Polygon", "coordinates": [ [ [ -45.060303135190914, -21.226471511516998 ], [ -45.059494651435209, -21.226471511517001 ], [ -45.059494651435209, -21.226741006102237 ], [ -45.060303135190914, -21.226741006102234 ], [ -45.060303135190914, -21.226471511516998 ] ] ] } },
{ "type": "Feature", "properties": { "id_feicao": "fogo_2021_66", "ano": 2021.0, "mes": 8, "codigo_original": 3, "classe": "Formação Florestal", "cor": "#1f8d49", "area_ha": 0.333651653394755 }, "geometry": { "type": "Polygon", "coordinates": [ [ [ -45.064345553969453, -21.225124038590828 ], [ -45.063267575628508, -21.225124038590817 ], [ -45.063267575628508, -21.225393533176049 ], [ -45.064345553969453, -21.225393533176057 ], [ -45.064345553969453, -21.225124038590828 ] ] ] } },
{ "type": "Feature", "properties": { "id_feicao": "fogo_2021_67", "ano": 2021.0, "mes": 8, "codigo_original": 12, "classe": "Formação Campestre", "cor": "#d6bc74", "area_ha": 1.3335403414039873 }, "geometry": { "type": "Polygon", "coordinates": [ [ [ -45.103152774243419, -21.346935591117422 ], [ -45.103422268828652, -21.346935591117422 ], [ -45.103422268828652, -21.345857612776484 ], [ -45.103152774243419, -21.345857612776491 ], [ -45.103152774243419, -21.345049129020783 ], [ -45.102344290487714, -21.345049129020776 ], [ -45.102344290487714, -21.345857612776481 ], [ -45.10288327965818, -21.345857612776481 ], [ -45.10288327965818, -21.346666096532186 ], [ -45.103152774243419, -21.346666096532186 ], [ -45.103152774243419, -21.346935591117422 ] ] ] } },
{ "type": "Feature", "properties": { "id_feicao": "fogo_2021_68", "ano": 2021.0, "mes": 8, "codigo_original": 12, "classe": "Formação Campestre", "cor": "#d6bc74", "area_ha": 0.08334634496401995 }, "geometry": { "type": "Polygon", "coordinates": [ [ [ -45.101805301317242, -21.345857612776484 ], [ -45.102074795902475, -21.345857612776484 ], [ -45.102074795902475, -21.345588118191248 ], [ -45.101805301317242, -21.345588118191248 ], [ -45.101805301317242, -21.345857612776484 ] ] ] } },
{ "type": "Feature", "properties": { "id_feicao": "fogo_2021_69", "ano": 2021.0, "mes": 8, "codigo_original": 12, "classe": "Formação Campestre", "cor": "#d6bc74", "area_ha": 1.9169838210251182 }, "geometry": { "type": "Polygon", "coordinates": [ [ [ -45.101535806732002, -21.345588118191248 ], [ -45.101805301317242, -21.345588118191248 ], [ -45.101805301317242, -21.345318623606008 ], [ -45.102074795902475, -21.345318623606008 ], [ -45.102074795902475, -21.345049129020769 ], [ -45.101805301317242, -21.345049129020769 ], [ -45.101805301317242, -21.343432161509359 ], [ -45.100727322976297, -21.343432161509362 ], [ -45.100727322976297, -21.344510139850307 ], [ -45.10099681756153, -21.344510139850303 ], [ -45.10099681756153, -21.34477963443554 ], [ -45.101535806732002, -21.344779634435536 ], [ -45.101535806732002, -21.345588118191248 ] ] ] } },
{ "type": "Feature", "properties": { "id_feicao": "fogo_2021_70", "ano": 2021.0, "mes": 8, "codigo_original": 12, "classe": "Formação Campestre", "cor": "#d6bc74", "area_ha": 16.419824941810997 }, "geometry": { "type": "Polygon", "coordinates": [ [ [ -45.112585084726675, -21.33938974273082 ], [ -45.11150710638573, -21.33938974273082 ], [ -45.11150710638573, -21.339928731901292 ], [ -45.111237611800497, -21.339928731901296 ], [ -45.111237611800497, -21.340737215656997 ], [ -45.111776600970963, -21.340737215657001 ], [ -45.111776600970963, -21.341006710242237 ], [ -45.112585084726675, -21.341006710242226 ], [ -45.112585084726675, -21.340737215656993 ], [ -45.112315590141435, -21.34073721565699 ], [ -45.112315590141435, -21.340198226486521 ], [ -45.112854579311907, -21.340198226486521 ], [ -45.112854579311907, -21.339928731901296 ], [ -45.11339356848238, -21.339928731901288 ], [ -45.11339356848238, -21.339659237316059 ], [ -45.114741041408557, -21.339659237316059 ], [ -45.114741041408557, -21.341545699412702 ], [ -45.113932557652852, -21.341545699412709 ], [ -45.113932557652852, -21.341815193997945 ], [ -45.113663063067619, -21.341815193997942 ], [ -45.113663063067619, -21.342084688583178 ], [ -45.114202052238092, -21.342084688583174 ], [ -45.114202052238092, -21.342354183168421 ], [ -45.115010535993797, -21.34235418316841 ], [ -45.115010535993797, -21.34262367775365 ], [ -45.115819019749502, -21.342623677753657 ], [ -45.115819019749502, -21.34289317233889 ], [ -45.117435987260919, -21.342893172338886 ], [ -45.117435987260919, -21.341815193997935 ], [ -45.117166492675686, -21.341815193997949 ], [ -45.117166492675686, -21.34127620482748 ], [ -45.116896998090446, -21.341276204827469 ], [ -45.116896998090446, -21.339928731901299 ], [ -45.116627503505214, -21.339928731901299 ], [ -45.116627503505214, -21.33938974273082 ], [ -45.116358008919974, -21.339389742730813 ], [ -45.116358008919974, -21.339120248145587 ], [ -45.116088514334741, -21.339120248145591 ], [ -45.116088514334741, -21.338850753560347 ], [ -45.115819019749502, -21.338850753560351 ], [ -45.115819019749502, -21.338581258975115 ], [ -45.115549525164269, -21.338581258975108 ], [ -45.115549525164269, -21.338311764389879 ], [ -45.115280030579029, -21.338311764389875 ], [ -45.115280030579029, -21.338042269804635 ], [ -45.115010535993797, -21.338042269804639 ], [ -45.115010535993797, -21.33777277521941 ], [ -45.113932557652852, -21.337772775219396 ], [ -45.113932557652852, -21.338311764389879 ], [ -45.11339356848238, -21.338311764389879 ], [ -45.11339356848238, -21.339389742730823 ], [ -45.112854579311907, -21.339389742730816 ], [ -45.112854579311907, -21.339659237316056 ], [ -45.112585084726675, -21.339659237316059 ], [ -45.112585084726675, -21.33938974273082 ] ], [ [ -45.116896998090446, -21.341815193997935 ], [ -45.116896998090446, -21.342084688583185 ], [ -45.116627503505214, -21.342084688583171 ], [ -45.116627503505214, -21.341815193997949 ], [ -45.116896998090446, -21.341815193997935 ] ] ] } },
{ "type": "Feature", "properties": { "id_feicao": "fogo_2021_71", "ano": 2021.0, "mes": 8, "codigo_original": 12, "classe": "Formação Campestre", "cor": "#d6bc74", "area_ha": 0.083349803643912493 }, "geometry": { "type": "Polygon", "coordinates": [ [ [ -45.105847720095774, -21.339659237316052 ], [ -45.105847720095774, -21.339389742730823 ], [ -45.105578225510541, -21.339389742730827 ], [ -45.105578225510541, -21.339659237316063 ], [ -45.105847720095774, -21.339659237316052 ] ] ] } },
{ "type": "Feature", "properties": { "id_feicao": "fogo_2021_72", "ano": 2021.0, "mes": 8, "codigo_original": 12, "classe": "Formação Campestre", "cor": "#d6bc74", "area_ha": 0.083350246165599676 }, "geometry": { "type": "Polygon", "coordinates": [ [ [ -45.104230752584364, -21.338850753560344 ], [ -45.104500247169597, -21.338850753560347 ], [ -45.104500247169597, -21.338581258975108 ], [ -45.104230752584364, -21.338581258975111 ], [ -45.104230752584364, -21.338850753560344 ] ] ] } },
{ "type": "Feature", "properties": { "id_feicao": "fogo_2021_73", "ano": 2021.0, "mes": 8, "codigo_original": 12, "classe": "Formação Campestre", "cor": "#d6bc74", "area_ha": 0.16670048612458632 }, "geometry": { "type": "Polygon", "coordinates": [ [ [ -45.103422268828652, -21.33885075356034 ], [ -45.103961257999124, -21.338850753560344 ], [ -45.103961257999124, -21.338581258975108 ], [ -45.103422268828652, -21.338581258975115 ], [ -45.103422268828652, -21.33885075356034 ] ] ] } },
{ "type": "Feature", "properties": { "id_feicao": "fogo_2021_74", "ano": 2021.0, "mes": 8, "codigo_original": 12, "classe": "Formação Campestre", "cor": "#d6bc74", "area_ha": 0.083350422650482509 }, "geometry": { "type": "Polygon", "coordinates": [ [ [ -45.109890138874313, -21.338581258975115 ], [ -45.110159633459553, -21.338581258975108 ], [ -45.110159633459553, -21.338311764389875 ], [ -45.109890138874313, -21.338311764389875 ], [ -45.109890138874313, -21.338581258975115 ] ] ] } },
{ "type": "Feature", "properties": { "id_feicao": "fogo_2021_75", "ano": 2021.0, "mes": 8, "codigo_original": 12, "classe": "Formação Campestre", "cor": "#d6bc74", "area_ha": 0.08335039826308957 }, "geometry": { "type": "Polygon", "coordinates": [ [ [ -45.105039236340069, -21.338581258975118 ], [ -45.105039236340069, -21.338311764389871 ], [ -45.104769741754836, -21.338311764389864 ], [ -45.104769741754836, -21.338581258975108 ], [ -45.105039236340069, -21.338581258975118 ] ] ] } },
{ "type": "Feature", "properties": { "id_feicao": "fogo_2021_76", "ano": 2021.0, "mes": 8, "codigo_original": 12, "classe": "Formação Campestre", "cor": "#d6bc74", "area_ha": 0.083350546605110862 }, "geometry": { "type": "Polygon", "coordinates": [ [ [ -45.104769741754836, -21.338311764389864 ], [ -45.104769741754836, -21.338042269804639 ], [ -45.104500247169597, -21.338042269804642 ], [ -45.104500247169597, -21.338311764389871 ], [ -45.104769741754836, -21.338311764389864 ] ] ] } },
{ "type": "Feature", "properties": { "id_feicao": "fogo_2021_77", "ano": 2021.0, "mes": 8, "codigo_original": 12, "classe": "Formação Campestre", "cor": "#d6bc74", "area_ha": 53.34523561313847 }, "geometry": { "type": "Polygon", "coordinates": [ [ [ -45.102074795902475, -21.331304905173752 ], [ -45.102074795902475, -21.331574399758985 ], [ -45.102344290487714, -21.331574399758978 ], [ -45.102344290487714, -21.334538840196572 ], [ -45.101805301317242, -21.334538840196579 ], [ -45.101805301317242, -21.335077829367041 ], [ -45.10099681756153, -21.335077829367044 ], [ -45.10099681756153, -21.335616818537524 ], [ -45.100727322976297, -21.33561681853752 ], [ -45.100727322976297, -21.336425302293229 ], [ -45.10099681756153, -21.336425302293222 ], [ -45.10099681756153, -21.336155807707996 ], [ -45.103152774243419, -21.336155807707986 ], [ -45.103152774243419, -21.336425302293225 ], [ -45.103422268828652, -21.336425302293229 ], [ -45.103422268828652, -21.338042269804646 ], [ -45.103691763413892, -21.338042269804639 ], [ -45.103691763413892, -21.338311764389879 ], [ -45.103961257999124, -21.338311764389875 ], [ -45.103961257999124, -21.337772775219399 ], [ -45.104230752584364, -21.337772775219399 ], [ -45.104230752584364, -21.338042269804639 ], [ -45.104500247169597, -21.338042269804642 ], [ -45.104500247169597, -21.337772775219406 ], [ -45.104769741754836, -21.337772775219406 ], [ -45.104769741754836, -21.338042269804639 ], [ -45.105308730925309, -21.338042269804642 ], [ -45.105308730925309, -21.338311764389879 ], [ -45.105578225510541, -21.338311764389875 ], [ -45.105578225510541, -21.338850753560344 ], [ -45.105847720095774, -21.338850753560351 ], [ -45.105847720095774, -21.339120248145584 ], [ -45.106117214681014, -21.339120248145594 ], [ -45.106117214681014, -21.340198226486521 ], [ -45.106925698436719, -21.340198226486528 ], [ -45.106925698436719, -21.341815193997938 ], [ -45.108003676777663, -21.341815193997942 ], [ -45.108003676777663, -21.341276204827476 ], [ -45.108273171362903, -21.341276204827476 ], [ -45.108273171362903, -21.341006710242237 ], [ -45.108542665948136, -21.34100671024223 ], [ -45.108542665948136, -21.339120248145587 ], [ -45.109890138874313, -21.339120248145584 ], [ -45.109890138874313, -21.338581258975115 ], [ -45.10962064428908, -21.338581258975111 ], [ -45.10962064428908, -21.338042269804642 ], [ -45.110159633459553, -21.338042269804635 ], [ -45.110159633459553, -21.337503280634177 ], [ -45.109890138874313, -21.337503280634166 ], [ -45.109890138874313, -21.337772775219403 ], [ -45.10962064428908, -21.33777277521941 ], [ -45.10962064428908, -21.337233786048937 ], [ -45.110698622630025, -21.33723378604893 ], [ -45.110698622630025, -21.336425302293225 ], [ -45.110968117215258, -21.336425302293232 ], [ -45.110968117215258, -21.335347323952284 ], [ -45.108273171362903, -21.335347323952288 ], [ -45.108273171362903, -21.335077829367048 ], [ -45.106386709266246, -21.335077829367041 ], [ -45.106386709266246, -21.334538840196576 ], [ -45.106117214681014, -21.334538840196579 ], [ -45.106117214681014, -21.334808334781808 ], [ -45.105308730925309, -21.334808334781808 ], [ -45.105308730925309, -21.334538840196576 ], [ -45.105847720095774, -21.334538840196572 ], [ -45.105847720095774, -21.334269345611336 ], [ -45.105578225510541, -21.334269345611347 ], [ -45.105578225510541, -21.33399985102611 ], [ -45.105039236340069, -21.3339998510261 ], [ -45.105039236340069, -21.334269345611343 ], [ -45.104769741754836, -21.334269345611336 ], [ -45.104769741754836, -21.334808334781805 ], [ -45.105039236340069, -21.334808334781805 ], [ -45.105039236340069, -21.335077829367044 ], [ -45.104500247169597, -21.335077829367048 ], [ -45.104500247169597, -21.334538840196572 ], [ -45.104230752584364, -21.334538840196572 ], [ -45.104230752584364, -21.333460861855638 ], [ -45.103152774243419, -21.333460861855635 ], [ -45.103152774243419, -21.331304905173745 ], [ -45.103422268828652, -21.331304905173749 ], [ -45.103422268828652, -21.331035410588516 ], [ -45.103691763413892, -21.331035410588516 ], [ -45.103691763413892, -21.330226926832804 ], [ -45.104500247169597, -21.330226926832793 ], [ -45.104500247169597, -21.329148948491856 ], [ -45.104230752584364, -21.329148948491859 ], [ -45.104230752584364, -21.32887945390662 ], [ -45.10288327965818, -21.328879453906623 ], [ -45.10288327965818, -21.329148948491856 ], [ -45.100457828391058, -21.329148948491856 ], [ -45.100457828391058, -21.329418443077099 ], [ -45.100727322976297, -21.329418443077088 ], [ -45.100727322976297, -21.331304905173745 ], [ -45.102074795902475, -21.331304905173752 ] ], [ [ -45.107734182192431, -21.338311764389871 ], [ -45.107734182192431, -21.338042269804639 ], [ -45.108003676777663, -21.338042269804646 ], [ -45.108003676777663, -21.338311764389875 ], [ -45.107734182192431, -21.338311764389871 ] ], [ [ -45.104230752584364, -21.336425302293222 ], [ -45.103961257999124, -21.336425302293222 ], [ -45.103961257999124, -21.336155807707996 ], [ -45.104230752584364, -21.336155807707986 ], [ -45.104230752584364, -21.336425302293222 ] ], [ [ -45.105578225510541, -21.335347323952281 ], [ -45.105308730925309, -21.335347323952281 ], [ -45.105308730925309, -21.335077829367052 ], [ -45.105578225510541, -21.335077829367052 ], [ -45.105578225510541, -21.335347323952281 ] ] ] } },
{ "type": "Feature", "properties": { "id_feicao": "fogo_2021_78", "ano": 2021.0, "mes": 8, "codigo_original": 12, "classe": "Formação Campestre", "cor": "#d6bc74", "area_ha": 0.083352796575892715 }, "geometry": { "type": "Polygon", "coordinates": [ [ [ -45.105847720095774, -21.334269345611336 ], [ -45.106117214681014, -21.334269345611332 ], [ -45.106117214681014, -21.333999851026107 ], [ -45.105847720095774, -21.33399985102611 ], [ -45.105847720095774, -21.334269345611336 ] ] ] } },
{ "type": "Feature", "properties": { "id_feicao": "fogo_2021_79", "ano": 2021.0, "mes": 8, "codigo_original": 12, "classe": "Formação Campestre", "cor": "#d6bc74", "area_ha": 0.083352941102907058 }, "geometry": { "type": "Polygon", "coordinates": [ [ [ -45.104769741754836, -21.333999851026107 ], [ -45.105039236340069, -21.3339998510261 ], [ -45.105039236340069, -21.333730356440874 ], [ -45.104769741754836, -21.33373035644086 ], [ -45.104769741754836, -21.333999851026107 ] ] ] } },
{ "type": "Feature", "properties": { "id_feicao": "fogo_2021_80", "ano": 2021.0, "mes": 8, "codigo_original": 12, "classe": "Formação Campestre", "cor": "#d6bc74", "area_ha": 0.083353091924638009 }, "geometry": { "type": "Polygon", "coordinates": [ [ [ -45.105308730925309, -21.333730356440867 ], [ -45.105308730925309, -21.333460861855638 ], [ -45.105039236340069, -21.333460861855642 ], [ -45.105039236340069, -21.333730356440874 ], [ -45.105308730925309, -21.333730356440867 ] ] ] } },
{ "type": "Feature", "properties": { "id_feicao": "fogo_2021_81", "ano": 2021.0, "mes": 8, "codigo_original": 12, "classe": "Formação Campestre", "cor": "#d6bc74", "area_ha": 3.2505196755852843 }, "geometry": { "type": "Polygon", "coordinates": [ [ [ -45.087791582884975, -21.343971150679831 ], [ -45.087791582884975, -21.345857612776484 ], [ -45.088061077470208, -21.345857612776488 ], [ -45.088061077470208, -21.34612710736172 ], [ -45.089139055811152, -21.346127107361717 ], [ -45.089139055811152, -21.343971150679831 ], [ -45.087791582884975, -21.343971150679831 ] ] ] } },
{ "type": "Feature", "properties": { "id_feicao": "fogo_2021_82", "ano": 2021.0, "mes": 8, "codigo_original": 12, "classe": "Formação Campestre", "cor": "#d6bc74", "area_ha": 0.083348569186031812 }, "geometry": { "type": "Polygon", "coordinates": [ [ [ -45.097223893368231, -21.341815193997949 ], [ -45.097493387953463, -21.341815193997949 ], [ -45.097493387953463, -21.341545699412702 ], [ -45.097223893368231, -21.341545699412702 ], [ -45.097223893368231, -21.341815193997949 ] ] ] } },
{ "type": "Feature", "properties": { "id_feicao": "fogo_2021_83", "ano": 2021.0, "mes": 8, "codigo_original": 12, "classe": "Formação Campestre", "cor": "#d6bc74", "area_ha": 0.1666977287288755 }, "geometry": { "type": "Polygon", "coordinates": [ [ [ -45.096145915027286, -21.341276204827476 ], [ -45.096684904197758, -21.341276204827469 ], [ -45.096684904197758, -21.341006710242226 ], [ -45.096145915027286, -21.341006710242233 ], [ -45.096145915027286, -21.341276204827476 ] ] ] } },
{ "type": "Feature", "properties": { "id_feicao": "fogo_2021_84", "ano": 2021.0, "mes": 8, "codigo_original": 12, "classe": "Formação Campestre", "cor": "#d6bc74", "area_ha": 0.83349070121981206 }, "geometry": { "type": "Polygon", "coordinates": [ [ [ -45.096954398782991, -21.341545699412702 ], [ -45.097223893368231, -21.341545699412702 ], [ -45.097223893368231, -21.341276204827469 ], [ -45.097493387953463, -21.341276204827473 ], [ -45.097493387953463, -21.341006710242237 ], [ -45.097223893368231, -21.341006710242233 ], [ -45.097223893368231, -21.340737215657004 ], [ -45.097493387953463, -21.340737215657004 ], [ -45.097493387953463, -21.340198226486528 ], [ -45.096954398782991, -21.340198226486532 ], [ -45.096954398782991, -21.340467721071757 ], [ -45.096415409612518, -21.340467721071761 ], [ -45.096415409612518, -21.340737215657004 ], [ -45.096954398782991, -21.34073721565699 ], [ -45.096954398782991, -21.341545699412702 ] ] ] } },
{ "type": "Feature", "properties": { "id_feicao": "fogo_2021_85", "ano": 2021.0, "mes": 8, "codigo_original": 12, "classe": "Formação Campestre", "cor": "#d6bc74", "area_ha": 89.268038685033616 }, "geometry": { "type": "Polygon", "coordinates": [ [ [ -45.084827142447381, -21.334808334781808 ], [ -45.085096637032613, -21.334808334781808 ], [ -45.085096637032613, -21.335077829367044 ], [ -45.085635626203086, -21.335077829367052 ], [ -45.085635626203086, -21.334808334781808 ], [ -45.085905120788325, -21.334808334781805 ], [ -45.085905120788325, -21.335077829367044 ], [ -45.086174615373558, -21.335077829367044 ], [ -45.086174615373558, -21.335347323952277 ], [ -45.086444109958798, -21.335347323952284 ], [ -45.086444109958798, -21.335616818537524 ], [ -45.086174615373558, -21.335616818537513 ], [ -45.086174615373558, -21.33588631312276 ], [ -45.086444109958798, -21.335886313122757 ], [ -45.086444109958798, -21.336425302293232 ], [ -45.08671360454403, -21.336425302293229 ], [ -45.08671360454403, -21.338850753560347 ], [ -45.086174615373558, -21.338850753560344 ], [ -45.086174615373558, -21.339120248145584 ], [ -45.085905120788325, -21.339120248145587 ], [ -45.085905120788325, -21.339389742730813 ], [ -45.085635626203086, -21.339389742730823 ], [ -45.085635626203086, -21.339928731901292 ], [ -45.087252593714503, -21.339928731901296 ], [ -45.087252593714503, -21.340467721071761 ], [ -45.088330572055447, -21.340467721071761 ], [ -45.088330572055447, -21.341276204827473 ], [ -45.089408550396392, -21.341276204827469 ], [ -45.089408550396392, -21.342354183168414 ], [ -45.089678044981625, -21.342354183168418 ], [ -45.089678044981625, -21.342623677753654 ], [ -45.089408550396392, -21.342623677753657 ], [ -45.089408550396392, -21.343701656094591 ], [ -45.091025517907802, -21.343701656094591 ], [ -45.091025517907802, -21.342354183168414 ], [ -45.09048652873733, -21.342354183168418 ], [ -45.09048652873733, -21.341815193997949 ], [ -45.091025517907802, -21.341815193997942 ], [ -45.091025517907802, -21.342084688583174 ], [ -45.091564507078274, -21.342084688583185 ], [ -45.091564507078274, -21.342354183168418 ], [ -45.091834001663514, -21.342354183168425 ], [ -45.091834001663514, -21.341815193997945 ], [ -45.092103496248747, -21.341815193997942 ], [ -45.092103496248747, -21.341545699412706 ], [ -45.092372990833987, -21.341545699412713 ], [ -45.092372990833987, -21.342084688583171 ], [ -45.092642485419219, -21.342084688583174 ], [ -45.092642485419219, -21.34235418316841 ], [ -45.093450969174924, -21.342354183168418 ], [ -45.093450969174924, -21.342623677753664 ], [ -45.093720463760164, -21.342623677753654 ], [ -45.093720463760164, -21.34289317233889 ], [ -45.093989958345396, -21.342893172338883 ], [ -45.093989958345396, -21.343162666924123 ], [ -45.095337431271581, -21.343162666924123 ], [ -45.095337431271581, -21.34424064526506 ], [ -45.096684904197758, -21.34424064526506 ], [ -45.096684904197758, -21.343971150679835 ], [ -45.097493387953463, -21.343971150679838 ], [ -45.097493387953463, -21.34235418316841 ], [ -45.097223893368231, -21.342354183168418 ], [ -45.097223893368231, -21.341815193997949 ], [ -45.096954398782991, -21.341815193997942 ], [ -45.096954398782991, -21.341545699412702 ], [ -45.096415409612518, -21.341545699412706 ], [ -45.096415409612518, -21.341815193997942 ], [ -45.095876420442053, -21.341815193997945 ], [ -45.095876420442053, -21.341276204827466 ], [ -45.095606925856814, -21.341276204827473 ], [ -45.095606925856814, -21.340467721071757 ], [ -45.095876420442053, -21.340467721071764 ], [ -45.095876420442053, -21.339389742730823 ], [ -45.095337431271581, -21.339389742730816 ], [ -45.095337431271581, -21.339120248145584 ], [ -45.094528947515869, -21.339120248145587 ], [ -45.094528947515869, -21.338581258975104 ], [ -45.095606925856814, -21.338581258975115 ], [ -45.095606925856814, -21.339120248145587 ], [ -45.095876420442053, -21.339120248145591 ], [ -45.095876420442053, -21.338850753560354 ], [ -45.096145915027286, -21.338850753560344 ], [ -45.096145915027286, -21.339389742730816 ], [ -45.096684904197758, -21.339389742730816 ], [ -45.096684904197758, -21.339928731901288 ], [ -45.097493387953463, -21.339928731901303 ], [ -45.097493387953463, -21.340198226486528 ], [ -45.097762882538703, -21.340198226486525 ], [ -45.097762882538703, -21.341006710242226 ], [ -45.099649344635353, -21.34100671024223 ], [ -45.099649344635353, -21.341276204827473 ], [ -45.100727322976297, -21.341276204827473 ], [ -45.100727322976297, -21.340198226486525 ], [ -45.100188333805825, -21.340198226486528 ], [ -45.100188333805825, -21.339928731901296 ], [ -45.099918839220585, -21.339928731901299 ], [ -45.099918839220585, -21.339120248145591 ], [ -45.099649344635353, -21.33912024814558 ], [ -45.099649344635353, -21.338850753560344 ], [ -45.099379850050113, -21.338850753560344 ], [ -45.099379850050113, -21.338581258975108 ], [ -45.099918839220585, -21.338581258975108 ], [ -45.099918839220585, -21.338311764389868 ], [ -45.099649344635353, -21.338311764389871 ], [ -45.099649344635353, -21.338042269804646 ], [ -45.099379850050113, -21.338042269804639 ], [ -45.099379850050113, -21.33777277521941 ], [ -45.098571366294408, -21.337772775219406 ], [ -45.098571366294408, -21.338850753560347 ], [ -45.098301871709175, -21.338850753560347 ], [ -45.098301871709175, -21.337772775219406 ], [ -45.097223893368231, -21.33777277521941 ], [ -45.097223893368231, -21.338311764389879 ], [ -45.096954398782991, -21.338311764389864 ], [ -45.096954398782991, -21.338581258975115 ], [ -45.095876420442053, -21.338581258975104 ], [ -45.095876420442053, -21.338042269804649 ], [ -45.095606925856814, -21.338042269804646 ], [ -45.095606925856814, -21.337233786048941 ], [ -45.095337431271581, -21.337233786048927 ], [ -45.095337431271581, -21.336694796878461 ], [ -45.094259452930636, -21.336694796878454 ], [ -45.094259452930636, -21.336425302293232 ], [ -45.093989958345396, -21.336425302293222 ], [ -45.093989958345396, -21.336155807707986 ], [ -45.093720463760164, -21.336155807707996 ], [ -45.093720463760164, -21.335886313122753 ], [ -45.092911980004459, -21.335886313122757 ], [ -45.092911980004459, -21.33561681853752 ], [ -45.093181474589692, -21.335616818537527 ], [ -45.093181474589692, -21.335347323952284 ], [ -45.092642485419219, -21.335347323952277 ], [ -45.092642485419219, -21.334808334781815 ], [ -45.092103496248747, -21.334808334781812 ], [ -45.092103496248747, -21.335077829367044 ], [ -45.091834001663514, -21.335077829367052 ], [ -45.091834001663514, -21.335347323952288 ], [ -45.091564507078274, -21.335347323952284 ], [ -45.091564507078274, -21.335077829367048 ], [ -45.091295012493042, -21.335077829367044 ], [ -45.091295012493042, -21.335347323952281 ], [ -45.09048652873733, -21.335347323952284 ], [ -45.09048652873733, -21.335616818537517 ], [ -45.090217034152097, -21.335616818537513 ], [ -45.090217034152097, -21.335347323952281 ], [ -45.089408550396392, -21.335347323952284 ], [ -45.089408550396392, -21.335077829367048 ], [ -45.089139055811152, -21.335077829367044 ], [ -45.089139055811152, -21.335616818537524 ], [ -45.08886956122592, -21.33561681853752 ], [ -45.08886956122592, -21.336155807707989 ], [ -45.088330572055447, -21.336155807707996 ], [ -45.088330572055447, -21.33588631312276 ], [ -45.088061077470208, -21.33588631312276 ], [ -45.088061077470208, -21.335616818537524 ], [ -45.088330572055447, -21.33561681853752 ], [ -45.088330572055447, -21.335347323952281 ], [ -45.088061077470208, -21.335347323952277 ], [ -45.088061077470208, -21.335077829367044 ], [ -45.087791582884975, -21.335077829367052 ], [ -45.087791582884975, -21.334538840196576 ], [ -45.087522088299735, -21.334538840196572 ], [ -45.087522088299735, -21.333999851026107 ], [ -45.088061077470208, -21.333999851026103 ], [ -45.088061077470208, -21.333730356440874 ], [ -45.088330572055447, -21.333730356440871 ], [ -45.088330572055447, -21.333460861855642 ], [ -45.088061077470208, -21.333460861855635 ], [ -45.088061077470208, -21.333191367270395 ], [ -45.087791582884975, -21.333191367270395 ], [ -45.087791582884975, -21.332652378099922 ], [ -45.088330572055447, -21.332652378099922 ], [ -45.088330572055447, -21.332382883514693 ], [ -45.08886956122592, -21.332382883514693 ], [ -45.08886956122592, -21.331843894344217 ], [ -45.088330572055447, -21.33184389434421 ], [ -45.088330572055447, -21.331574399758974 ], [ -45.086444109958798, -21.331574399758981 ], [ -45.086444109958798, -21.333730356440867 ], [ -45.085096637032613, -21.333730356440871 ], [ -45.085096637032613, -21.334269345611336 ], [ -45.084557647862141, -21.334269345611339 ], [ -45.084557647862141, -21.334538840196576 ], [ -45.084827142447381, -21.334538840196579 ], [ -45.084827142447381, -21.334808334781808 ] ], [ [ -45.090217034152097, -21.341815193997938 ], [ -45.090217034152097, -21.341276204827473 ], [ -45.09048652873733, -21.341276204827476 ], [ -45.09048652873733, -21.341815193997949 ], [ -45.090217034152097, -21.341815193997938 ] ], [ [ -45.089947539566865, -21.341276204827466 ], [ -45.089947539566865, -21.341006710242237 ], [ -45.090217034152097, -21.34100671024223 ], [ -45.090217034152097, -21.341276204827473 ], [ -45.089947539566865, -21.341276204827466 ] ], [ [ -45.092372990833987, -21.34100671024223 ], [ -45.092642485419219, -21.341006710242233 ], [ -45.092642485419219, -21.341545699412698 ], [ -45.092372990833987, -21.341545699412713 ], [ -45.092372990833987, -21.34100671024223 ] ], [ [ -45.098301871709175, -21.339659237316059 ], [ -45.098032377123936, -21.339659237316059 ], [ -45.098032377123936, -21.338850753560354 ], [ -45.098301871709175, -21.338850753560347 ], [ -45.098301871709175, -21.339659237316059 ] ], [ [ -45.095606925856814, -21.338311764389871 ], [ -45.094528947515869, -21.338311764389879 ], [ -45.094528947515869, -21.338042269804646 ], [ -45.095606925856814, -21.338042269804646 ], [ -45.095606925856814, -21.338311764389871 ] ], [ [ -45.095606925856814, -21.342623677753654 ], [ -45.095606925856814, -21.342893172338893 ], [ -45.095337431271581, -21.342893172338879 ], [ -45.095337431271581, -21.342623677753654 ], [ -45.095606925856814, -21.342623677753654 ] ], [ [ -45.098301871709175, -21.340198226486525 ], [ -45.098840860879648, -21.340198226486521 ], [ -45.098840860879648, -21.340467721071761 ], [ -45.098301871709175, -21.340467721071764 ], [ -45.098301871709175, -21.340198226486525 ] ], [ [ -45.099649344635353, -21.339928731901296 ], [ -45.099649344635353, -21.340467721071757 ], [ -45.099379850050113, -21.340467721071761 ], [ -45.099379850050113, -21.339928731901303 ], [ -45.099649344635353, -21.339928731901296 ] ], [ [ -45.098571366294408, -21.339659237316059 ], [ -45.09911035546488, -21.339659237316049 ], [ -45.09911035546488, -21.339928731901299 ], [ -45.098571366294408, -21.339928731901299 ], [ -45.098571366294408, -21.339659237316059 ] ], [ [ -45.097762882538703, -21.339120248145591 ], [ -45.097762882538703, -21.33938974273082 ], [ -45.097493387953463, -21.339389742730827 ], [ -45.097493387953463, -21.339120248145584 ], [ -45.097762882538703, -21.339120248145591 ] ], [ [ -45.097762882538703, -21.338581258975115 ], [ -45.097762882538703, -21.338850753560358 ], [ -45.097493387953463, -21.33885075356034 ], [ -45.097493387953463, -21.338581258975111 ], [ -45.097762882538703, -21.338581258975115 ] ], [ [ -45.097762882538703, -21.338311764389871 ], [ -45.098032377123936, -21.338311764389879 ], [ -45.098032377123936, -21.338581258975111 ], [ -45.097762882538703, -21.338581258975115 ], [ -45.097762882538703, -21.338311764389871 ] ], [ [ -45.094259452930636, -21.33723378604893 ], [ -45.093450969174924, -21.33723378604893 ], [ -45.093450969174924, -21.336694796878465 ], [ -45.093989958345396, -21.336694796878458 ], [ -45.093989958345396, -21.336964291463694 ], [ -45.094259452930636, -21.336964291463705 ], [ -45.094259452930636, -21.33723378604893 ] ], [ [ -45.093181474589692, -21.336155807707996 ], [ -45.093450969174924, -21.336155807708 ], [ -45.093450969174924, -21.336425302293222 ], [ -45.093181474589692, -21.336425302293222 ], [ -45.093181474589692, -21.336155807707996 ] ], [ [ -45.092372990833987, -21.335616818537524 ], [ -45.092642485419219, -21.33561681853752 ], [ -45.092642485419219, -21.335886313122753 ], [ -45.092372990833987, -21.335886313122757 ], [ -45.092372990833987, -21.335616818537524 ] ], [ [ -45.089678044981625, -21.339928731901292 ], [ -45.089947539566865, -21.339928731901288 ], [ -45.089947539566865, -21.340198226486532 ], [ -45.089678044981625, -21.340198226486535 ], [ -45.089678044981625, -21.339928731901292 ] ], [ [ -45.089408550396392, -21.339928731901303 ], [ -45.089408550396392, -21.339659237316059 ], [ -45.089678044981625, -21.339659237316052 ], [ -45.089678044981625, -21.339928731901292 ], [ -45.089408550396392, -21.339928731901303 ] ], [ [ -45.08886956122592, -21.339659237316063 ], [ -45.089139055811152, -21.339659237316049 ], [ -45.089139055811152, -21.339928731901292 ], [ -45.08886956122592, -21.339928731901292 ], [ -45.08886956122592, -21.339659237316063 ] ], [ [ -45.08860006664068, -21.339659237316067 ], [ -45.08860006664068, -21.339928731901296 ], [ -45.088330572055447, -21.339928731901285 ], [ -45.088330572055447, -21.339389742730816 ], [ -45.08886956122592, -21.33938974273082 ], [ -45.08886956122592, -21.339659237316063 ], [ -45.08860006664068, -21.339659237316067 ] ], [ [ -45.087791582884975, -21.339120248145584 ], [ -45.088061077470208, -21.339120248145584 ], [ -45.088061077470208, -21.339389742730823 ], [ -45.087791582884975, -21.339389742730823 ], [ -45.087791582884975, -21.339120248145584 ] ], [ [ -45.087522088299735, -21.33912024814558 ], [ -45.087522088299735, -21.338850753560351 ], [ -45.087791582884975, -21.338850753560351 ], [ -45.087791582884975, -21.339120248145584 ], [ -45.087522088299735, -21.33912024814558 ] ], [ [ -45.087791582884975, -21.338311764389868 ], [ -45.087791582884975, -21.338042269804642 ], [ -45.088061077470208, -21.338042269804642 ], [ -45.088061077470208, -21.337772775219399 ], [ -45.08886956122592, -21.337772775219403 ], [ -45.08886956122592, -21.338311764389868 ], [ -45.087791582884975, -21.338311764389868 ] ], [ [ -45.08886956122592, -21.337503280634166 ], [ -45.089408550396392, -21.337503280634166 ], [ -45.089408550396392, -21.337772775219399 ], [ -45.08886956122592, -21.337772775219403 ], [ -45.08886956122592, -21.337503280634166 ] ], [ [ -45.089678044981625, -21.336155807707996 ], [ -45.089678044981625, -21.336425302293229 ], [ -45.089139055811152, -21.336425302293229 ], [ -45.089139055811152, -21.336155807707989 ], [ -45.089678044981625, -21.336155807707996 ] ], [ [ -45.089678044981625, -21.33588631312276 ], [ -45.089408550396392, -21.33588631312276 ], [ -45.089408550396392, -21.33561681853752 ], [ -45.089947539566865, -21.335616818537517 ], [ -45.089947539566865, -21.336155807707989 ], [ -45.089678044981625, -21.336155807707996 ], [ -45.089678044981625, -21.33588631312276 ] ], [ [ -45.08671360454403, -21.332652378099926 ], [ -45.087252593714503, -21.332652378099922 ], [ -45.087252593714503, -21.332921872685166 ], [ -45.08671360454403, -21.332921872685155 ], [ -45.08671360454403, -21.332652378099926 ] ] ] } },
{ "type": "Feature", "properties": { "id_feicao": "fogo_2021_86", "ano": 2021.0, "mes": 8, "codigo_original": 12, "classe": "Formação Campestre", "cor": "#d6bc74", "area_ha": 0.083352425153661716 }, "geometry": { "type": "Polygon", "coordinates": [ [ [ -45.089408550396392, -21.334808334781815 ], [ -45.089408550396392, -21.334538840196576 ], [ -45.089139055811152, -21.334538840196576 ], [ -45.089139055811152, -21.334808334781805 ], [ -45.089408550396392, -21.334808334781815 ] ] ] } },
{ "type": "Feature", "properties": { "id_feicao": "fogo_2021_87", "ano": 2021.0, "mes": 8, "codigo_original": 12, "classe": "Formação Campestre", "cor": "#d6bc74", "area_ha": 0.083353051071800285 }, "geometry": { "type": "Polygon", "coordinates": [ [ [ -45.095876420442053, -21.333730356440871 ], [ -45.096145915027286, -21.333730356440878 ], [ -45.096145915027286, -21.333460861855635 ], [ -45.095876420442053, -21.333460861855638 ], [ -45.095876420442053, -21.333730356440871 ] ] ] } },
{ "type": "Feature", "properties": { "id_feicao": "fogo_2021_88", "ano": 2021.0, "mes": 8, "codigo_original": 12, "classe": "Formação Campestre", "cor": "#d6bc74", "area_ha": 0.08335349860936403 }, "geometry": { "type": "Polygon", "coordinates": [ [ [ -45.095606925856814, -21.332921872685166 ], [ -45.095876420442053, -21.332921872685169 ], [ -45.095876420442053, -21.332652378099915 ], [ -45.095606925856814, -21.332652378099926 ], [ -45.095606925856814, -21.332921872685166 ] ] ] } },
{ "type": "Feature", "properties": { "id_feicao": "fogo_2021_89", "ano": 2021.0, "mes": 8, "codigo_original": 12, "classe": "Formação Campestre", "cor": "#d6bc74", "area_ha": 0.50012141981553282 }, "geometry": { "type": "Polygon", "coordinates": [ [ [ -45.094528947515869, -21.332921872685166 ], [ -45.095337431271581, -21.332921872685162 ], [ -45.095337431271581, -21.332382883514676 ], [ -45.094528947515869, -21.332382883514686 ], [ -45.094528947515869, -21.332921872685166 ] ] ] } },
{ "type": "Feature", "properties": { "id_feicao": "fogo_2021_90", "ano": 2021.0, "mes": 8, "codigo_original": 12, "classe": "Formação Campestre", "cor": "#d6bc74", "area_ha": 0.083353944983313527 }, "geometry": { "type": "Polygon", "coordinates": [ [ [ -45.095337431271581, -21.33211338892945 ], [ -45.095337431271581, -21.33184389434421 ], [ -45.095067936686341, -21.331843894344217 ], [ -45.095067936686341, -21.332113388929443 ], [ -45.095337431271581, -21.33211338892945 ] ] ] } },
{ "type": "Feature", "properties": { "id_feicao": "fogo_2021_91", "ano": 2021.0, "mes": 8, "codigo_original": 12, "classe": "Formação Campestre", "cor": "#d6bc74", "area_ha": 3.5842587660964433 }, "geometry": { "type": "Polygon", "coordinates": [ [ [ -45.094259452930636, -21.331843894344214 ], [ -45.094259452930636, -21.331574399758978 ], [ -45.094528947515869, -21.331574399758971 ], [ -45.094528947515869, -21.331035410588512 ], [ -45.095067936686341, -21.331035410588509 ], [ -45.095067936686341, -21.330765916003269 ], [ -45.095337431271581, -21.330765916003269 ], [ -45.095337431271581, -21.331035410588512 ], [ -45.095606925856814, -21.331035410588516 ], [ -45.095606925856814, -21.330765916003273 ], [ -45.095876420442053, -21.330765916003273 ], [ -45.095876420442053, -21.329687937662332 ], [ -45.095606925856814, -21.329687937662332 ], [ -45.095606925856814, -21.329148948491859 ], [ -45.094528947515869, -21.329148948491859 ], [ -45.094528947515869, -21.329957432247557 ], [ -45.094259452930636, -21.329957432247561 ], [ -45.094259452930636, -21.330226926832797 ], [ -45.093989958345396, -21.330226926832804 ], [ -45.093989958345396, -21.33184389434421 ], [ -45.094259452930636, -21.331843894344214 ] ] ] } },
{ "type": "Feature", "properties": { "id_feicao": "fogo_2021_92", "ano": 2021.0, "mes": 8, "codigo_original": 12, "classe": "Formação Campestre", "cor": "#d6bc74", "area_ha": 3.8343329800248145 }, "geometry": { "type": "Polygon", "coordinates": [ [ [ -45.080784723668842, -21.329957432247557 ], [ -45.080515229083616, -21.329957432247561 ], [ -45.080515229083616, -21.329687937662332 ], [ -45.079976239913144, -21.329687937662332 ], [ -45.079976239913144, -21.329957432247561 ], [ -45.080245734498369, -21.329957432247564 ], [ -45.080245734498369, -21.330496421418029 ], [ -45.079976239913144, -21.330496421418044 ], [ -45.079976239913144, -21.330226926832804 ], [ -45.079706745327897, -21.330226926832804 ], [ -45.079706745327897, -21.329687937662328 ], [ -45.078628766986952, -21.329687937662335 ], [ -45.078628766986952, -21.32887945390662 ], [ -45.077550788646015, -21.328879453906616 ], [ -45.077550788646015, -21.3302269268328 ], [ -45.079437250742671, -21.330226926832797 ], [ -45.079437250742671, -21.331035410588505 ], [ -45.080784723668842, -21.331035410588509 ], [ -45.080784723668842, -21.329957432247557 ] ] ] } },
{ "type": "Feature", "properties": { "id_feicao": "fogo_2021_93", "ano": 2021.0, "mes": 8, "codigo_original": 12, "classe": "Formação Campestre", "cor": "#d6bc74", "area_ha": 5.0014041757997125 }, "geometry": { "type": "Polygon", "coordinates": [ [ [ -45.071082918600354, -21.327262486395213 ], [ -45.072969380697003, -21.32726248639521 ], [ -45.072969380697003, -21.326992991809973 ], [ -45.073777864452708, -21.326992991809973 ], [ -45.073777864452708, -21.327262486395213 ], [ -45.075394831964125, -21.32726248639521 ], [ -45.075394831964125, -21.326184508054265 ], [ -45.073508369867476, -21.326184508054261 ], [ -45.073508369867476, -21.326454002639501 ], [ -45.073238875282236, -21.326454002639505 ], [ -45.073238875282236, -21.326184508054258 ], [ -45.071082918600354, -21.326184508054261 ], [ -45.071082918600354, -21.327262486395213 ] ] ] } },
{ "type": "Feature", "properties": { "id_feicao": "fogo_2021_94", "ano": 2021.0, "mes": 8, "codigo_original": 12, "classe": "Formação Campestre", "cor": "#d6bc74", "area_ha": 1.3337116185851394 }, "geometry": { "type": "Polygon", "coordinates": [ [ [ -45.086174615373558, -21.326992991809973 ], [ -45.087252593714503, -21.326992991809973 ], [ -45.087252593714503, -21.325915013469025 ], [ -45.086174615373558, -21.325915013469029 ], [ -45.086174615373558, -21.326992991809973 ] ] ] } },
{ "type": "Feature", "properties": { "id_feicao": "fogo_2021_95", "ano": 2021.0, "mes": 8, "codigo_original": 12, "classe": "Formação Campestre", "cor": "#d6bc74", "area_ha": 2.438638589995727 }, "geometry": { "type": "Polygon", "coordinates": [ [ [ -44.923130391305868, -21.343432161509355 ], [ -44.922860896720628, -21.343432161509359 ], [ -44.922860896720628, -21.343162666924126 ], [ -44.922591402135396, -21.343162666924119 ], [ -44.922591402135396, -21.342893172338883 ], [ -44.920704940038746, -21.342893172338886 ], [ -44.920704940038746, -21.343162666924123 ], [ -44.919357467112562, -21.343162666924119 ], [ -44.919357467112739, -21.343359091463483 ], [ -44.919452, -21.343346999999898 ], [ -44.919796, -21.343336 ], [ -44.920029, -21.343405 ], [ -44.920118662308759, -21.34343216161647 ], [ -44.920165950868274, -21.343432161509362 ], [ -44.920165950868316, -21.343446486828981 ], [ -44.920336, -21.343498 ], [ -44.921134, -21.343499999999899 ], [ -44.921379, -21.343512 ], [ -44.921612, -21.343547 ], [ -44.921882, -21.343638999999897 ], [ -44.922299, -21.34387 ], [ -44.922557, -21.34394 ], [ -44.922827, -21.344009 ], [ -44.92306, -21.344033 ], [ -44.923130391307325, -21.344033168762092 ], [ -44.923130391305868, -21.343432161509355 ] ] ] } },
{ "type": "Feature", "properties": { "id_feicao": "fogo_2021_96", "ano": 2021.0, "mes": 8, "codigo_original": 12, "classe": "Formação Campestre", "cor": "#d6bc74", "area_ha": 1.828146029945463 }, "geometry": { "type": "Polygon", "coordinates": [ [ [ -44.916123532089735, -21.34262367775365 ], [ -44.914776059163557, -21.342623677753661 ], [ -44.914776059163557, -21.343162666924119 ], [ -44.914047712251744, -21.343162667097801 ], [ -44.914308, -21.343266 ], [ -44.914553, -21.343392999999899 ], [ -44.914786, -21.343509 ], [ -44.915031999999897, -21.343579 ], [ -44.915265, -21.343682999999892 ], [ -44.91551, -21.343764 ], [ -44.915756, -21.343822 ], [ -44.916062, -21.343857 ], [ -44.916123532091525, -21.34385700004275 ], [ -44.916123532089735, -21.34262367775365 ] ] ] } },
{ "type": "Feature", "properties": { "id_feicao": "fogo_2021_97", "ano": 2021.0, "mes": 8, "codigo_original": 12, "classe": "Formação Campestre", "cor": "#d6bc74", "area_ha": 1.66770130649684 }, "geometry": { "type": "Polygon", "coordinates": [ [ [ -44.910194651214546, -21.342354183168421 ], [ -44.908038694532657, -21.342354183168418 ], [ -44.908038694532657, -21.342623677753654 ], [ -44.907769199947424, -21.342623677753657 ], [ -44.907769199947424, -21.342893172338893 ], [ -44.907289284879894, -21.342893172423253 ], [ -44.907299, -21.342894 ], [ -44.907556999999898, -21.342917999999894 ], [ -44.907801999999897, -21.342942 ], [ -44.908084, -21.342977 ], [ -44.908575, -21.343047 ], [ -44.909177, -21.343048 ], [ -44.909484, -21.343014 ], [ -44.909791, -21.342945999999891 ], [ -44.910037, -21.342807999999899 ], [ -44.910185, -21.342624999999892 ], [ -44.910194651215534, -21.342622418869166 ], [ -44.910194651214546, -21.342354183168421 ] ] ] } },
{ "type": "Feature", "properties": { "id_feicao": "fogo_2021_98", "ano": 2021.0, "mes": 8, "codigo_original": 12, "classe": "Formação Campestre", "cor": "#d6bc74", "area_ha": 3.1672242761834437 }, "geometry": { "type": "Polygon", "coordinates": [ [ [ -44.928789777595817, -21.342623677753657 ], [ -44.928789777595817, -21.343701656094591 ], [ -44.930137250522009, -21.343701656094588 ], [ -44.930137250522009, -21.34100671024224 ], [ -44.929867755936762, -21.34100671024223 ], [ -44.929867755936762, -21.341545699412709 ], [ -44.92932876676629, -21.341545699412709 ], [ -44.92932876676629, -21.34100671024223 ], [ -44.929059272181064, -21.34100671024223 ], [ -44.929059272181064, -21.342623677753643 ], [ -44.928789777595817, -21.342623677753657 ] ], [ [ -44.92932876676629, -21.341815193997938 ], [ -44.929867755936762, -21.341815193997938 ], [ -44.929867755936762, -21.342084688583178 ], [ -44.92932876676629, -21.342084688583171 ], [ -44.92932876676629, -21.341815193997938 ] ] ] } },
{ "type": "Feature", "properties": { "id_feicao": "fogo_2021_99", "ano": 2021.0, "mes": 8, "codigo_original": 12, "classe": "Formação Campestre", "cor": "#d6bc74", "area_ha": 0.16669783064145594 }, "geometry": { "type": "Polygon", "coordinates": [ [ [ -44.930137250522009, -21.34100671024224 ], [ -44.930676239692467, -21.341006710242226 ], [ -44.930676239692467, -21.34073721565699 ], [ -44.930137250522009, -21.34073721565699 ], [ -44.930137250522009, -21.34100671024224 ] ] ] } },
{ "type": "Feature", "properties": { "id_feicao": "fogo_2021_100", "ano": 2021.0, "mes": 8, "codigo_original": 12, "classe": "Formação Campestre", "cor": "#d6bc74", "area_ha": 0.50009558169098489 }, "geometry": { "type": "Polygon", "coordinates": [ [ [ -44.913428586237373, -21.339928731901292 ], [ -44.913428586237373, -21.340737215656993 ], [ -44.914506564578318, -21.340737215656993 ], [ -44.914506564578318, -21.340467721071764 ], [ -44.913698080822613, -21.340467721071761 ], [ -44.913698080822613, -21.339928731901299 ], [ -44.913428586237373, -21.339928731901292 ] ] ] } },
{ "type": "Feature", "properties": { "id_feicao": "fogo_2021_101", "ano": 2021.0, "mes": 8, "codigo_original": 12, "classe": "Formação Campestre", "cor": "#d6bc74", "area_ha": 0.083349727826762407 }, "geometry": { "type": "Polygon", "coordinates": [ [ [ -44.912081113311196, -21.339659237316056 ], [ -44.912081113311196, -21.339389742730823 ], [ -44.911811618725963, -21.339389742730827 ], [ -44.911811618725963, -21.339659237316063 ], [ -44.912081113311196, -21.339659237316056 ] ] ] } },
{ "type": "Feature", "properties": { "id_feicao": "fogo_2021_102", "ano": 2021.0, "mes": 8, "codigo_original": 12, "classe": "Formação Campestre", "cor": "#d6bc74", "area_ha": 0.16670170229850337 }, "geometry": { "type": "Polygon", "coordinates": [ [ [ -44.933101690959596, -21.33750328063417 ], [ -44.933640680130061, -21.337503280634166 ], [ -44.933640680130061, -21.337233786048934 ], [ -44.933101690959596, -21.337233786048934 ], [ -44.933101690959596, -21.33750328063417 ] ] ] } },
{ "type": "Feature", "properties": { "id_feicao": "fogo_2021_103", "ano": 2021.0, "mes": 8, "codigo_original": 12, "classe": "Formação Campestre", "cor": "#d6bc74", "area_ha": 0.083351158024607228 }, "geometry": { "type": "Polygon", "coordinates": [ [ [ -44.930945734277707, -21.336964291463694 ], [ -44.930945734277707, -21.336694796878465 ], [ -44.930676239692467, -21.336694796878461 ], [ -44.930676239692467, -21.336964291463701 ], [ -44.930945734277707, -21.336964291463694 ] ] ] } },
{ "type": "Feature", "properties": { "id_feicao": "fogo_2021_104", "ano": 2021.0, "mes": 8, "codigo_original": 12, "classe": "Formação Campestre", "cor": "#d6bc74", "area_ha": 0.083356994987381763 }, "geometry": { "type": "Polygon", "coordinates": [ [ [ -45.070813424015114, -21.326454002639508 ], [ -45.070813424015114, -21.326184508054265 ], [ -45.070543929429881, -21.326184508054265 ], [ -45.070543929429881, -21.326454002639501 ], [ -45.070813424015114, -21.326454002639508 ] ] ] } },
{ "type": "Feature", "properties": { "id_feicao": "fogo_2021_105", "ano": 2021.0, "mes": 8, "codigo_original": 12, "classe": "Formação Campestre", "cor": "#d6bc74", "area_ha": 2.3340020221430806 }, "geometry": { "type": "Polygon", "coordinates": [ [ [ -45.068387972747992, -21.326454002639501 ], [ -45.070274434844642, -21.326454002639505 ], [ -45.070274434844642, -21.325376024298556 ], [ -45.068387972747992, -21.325376024298563 ], [ -45.068387972747992, -21.326454002639501 ] ] ] } },
{ "type": "Feature", "properties": { "id_feicao": "fogo_2021_106", "ano": 2021.0, "mes": 8, "codigo_original": 12, "classe": "Formação Campestre", "cor": "#d6bc74", "area_ha": 1.584690731838913 }, "geometry": { "type": "Polygon", "coordinates": [ [ [ -45.027694290377376, -21.240215735364028 ], [ -45.027694290377376, -21.240485229949265 ], [ -45.02904176330356, -21.240485229949265 ], [ -45.02904176330356, -21.239946240778792 ], [ -45.028502774133088, -21.239946240778792 ], [ -45.028502774133088, -21.239407251608316 ], [ -45.027694290377376, -21.239407251608323 ], [ -45.027694290377376, -21.23913775702308 ], [ -45.027424795792143, -21.239137757023094 ], [ -45.027424795792143, -21.239676746193549 ], [ -45.027694290377376, -21.239676746193553 ], [ -45.027694290377376, -21.239946240778789 ], [ -45.027424795792143, -21.239946240778785 ], [ -45.027424795792143, -21.240215735364025 ], [ -45.027694290377376, -21.240215735364028 ] ] ] } },
{ "type": "Feature", "properties": { "id_feicao": "fogo_2021_107", "ano": 2021.0, "mes": 8, "codigo_original": 12, "classe": "Formação Campestre", "cor": "#d6bc74", "area_ha": 0.33362158912111317 }, "geometry": { "type": "Polygon", "coordinates": [ [ [ -45.02904176330356, -21.23886826243784 ], [ -45.02904176330356, -21.238598767852604 ], [ -45.027963784962616, -21.238598767852611 ], [ -45.027963784962616, -21.238868262437844 ], [ -45.02904176330356, -21.23886826243784 ] ] ] } },
{ "type": "Feature", "properties": { "id_feicao": "fogo_2021_108", "ano": 2021.0, "mes": 8, "codigo_original": 15, "classe": "Pastagem", "cor": "#edde8e", "area_ha": 1.6669226421772436 }, "geometry": { "type": "Polygon", "coordinates": [ [ [ -45.101805301317242, -21.346127107361717 ], [ -45.101805301317242, -21.34639660194695 ], [ -45.102074795902475, -21.346396601946942 ], [ -45.102074795902475, -21.346666096532193 ], [ -45.102344290487714, -21.346666096532186 ], [ -45.102344290487714, -21.346935591117422 ], [ -45.103152774243419, -21.346935591117422 ], [ -45.103152774243419, -21.346666096532186 ], [ -45.10288327965818, -21.346666096532186 ], [ -45.10288327965818, -21.345857612776481 ], [ -45.102344290487714, -21.345857612776481 ], [ -45.102344290487714, -21.345049129020776 ], [ -45.102074795902475, -21.345049129020769 ], [ -45.102074795902475, -21.345318623606008 ], [ -45.101805301317242, -21.345318623606008 ], [ -45.101805301317242, -21.345588118191248 ], [ -45.101535806732002, -21.345588118191248 ], [ -45.101535806732002, -21.34612710736172 ], [ -45.101805301317242, -21.346127107361717 ] ], [ [ -45.102074795902475, -21.345588118191248 ], [ -45.102074795902475, -21.345857612776484 ], [ -45.101805301317242, -21.345857612776484 ], [ -45.101805301317242, -21.345588118191248 ], [ -45.102074795902475, -21.345588118191248 ] ] ] } },
{ "type": "Feature", "properties": { "id_feicao": "fogo_2021_109", "ano": 2021.0, "mes": 8, "codigo_original": 15, "classe": "Pastagem", "cor": "#edde8e", "area_ha": 0.42689592819977551 }, "geometry": { "type": "Polygon", "coordinates": [ [ [ -45.167292485529551, -21.335347323952277 ], [ -45.167022990944318, -21.335347323952284 ], [ -45.167022990944318, -21.334808334781808 ], [ -45.166552130729229, -21.334808334877241 ], [ -45.166562, -21.334822 ], [ -45.166717999999896, -21.334986 ], [ -45.166750456899102, -21.33507782936945 ], [ -45.166753496359078, -21.335077829367044 ], [ -45.166753496358908, -21.335086428819171 ], [ -45.1668, -21.335217999999898 ], [ -45.166832, -21.33546 ], [ -45.166913, -21.335703 ], [ -45.167080999999897, -21.335879 ], [ -45.167292485526367, -21.335945545030636 ], [ -45.167292485529551, -21.335347323952277 ] ] ] } },
{ "type": "Feature", "properties": { "id_feicao": "fogo_2021_110", "ano": 2021.0, "mes": 8, "codigo_original": 15, "classe": "Pastagem", "cor": "#edde8e", "area_ha": 0.015044048943184316 }, "geometry": { "type": "Polygon", "coordinates": [ [ [ -45.166484001773846, -21.334538840196572 ], [ -45.166309851509823, -21.334538840245965 ], [ -45.166419, -21.334624 ], [ -45.166484001773426, -21.33471400253762 ], [ -45.166484001773846, -21.334538840196572 ] ] ] } },
{ "type": "Feature", "properties": { "id_feicao": "fogo_2021_111", "ano": 2021.0, "mes": 8, "codigo_original": 15, "classe": "Pastagem", "cor": "#edde8e", "area_ha": 3.5841959269756449 }, "geometry": { "type": "Polygon", "coordinates": [ [ [ -45.127676781499879, -21.332921872685159 ], [ -45.127407286914654, -21.332921872685155 ], [ -45.127407286914654, -21.332652378099919 ], [ -45.127137792329407, -21.332652378099922 ], [ -45.127137792329407, -21.333999851026107 ], [ -45.127407286914654, -21.333999851026107 ], [ -45.127407286914654, -21.333730356440871 ], [ -45.127676781499879, -21.333730356440871 ], [ -45.127676781499879, -21.333191367270391 ], [ -45.127946276085126, -21.333191367270402 ], [ -45.127946276085126, -21.332921872685162 ], [ -45.128215770670352, -21.332921872685166 ], [ -45.128215770670352, -21.333460861855635 ], [ -45.128485265255598, -21.333460861855627 ], [ -45.128485265255598, -21.333730356440864 ], [ -45.128215770670352, -21.333730356440874 ], [ -45.128215770670352, -21.334269345611336 ], [ -45.129293749011296, -21.334269345611336 ], [ -45.129293749011296, -21.3339998510261 ], [ -45.129563243596529, -21.333999851026107 ], [ -45.129563243596529, -21.332382883514683 ], [ -45.128485265255598, -21.33238288351469 ], [ -45.128485265255598, -21.332652378099919 ], [ -45.128215770670352, -21.332652378099919 ], [ -45.128215770670352, -21.332382883514697 ], [ -45.127946276085126, -21.332382883514697 ], [ -45.127946276085126, -21.332652378099919 ], [ -45.127676781499879, -21.332652378099926 ], [ -45.127676781499879, -21.332921872685159 ] ], [ [ -45.128485265255598, -21.333191367270398 ], [ -45.128754759840824, -21.333191367270391 ], [ -45.128754759840824, -21.333460861855631 ], [ -45.128485265255598, -21.333460861855627 ], [ -45.128485265255598, -21.333191367270398 ] ] ] } },
{ "type": "Feature", "properties": { "id_feicao": "fogo_2021_112", "ano": 2021.0, "mes": 8, "codigo_original": 15, "classe": "Pastagem", "cor": "#edde8e", "area_ha": 2.000582949298388 }, "geometry": { "type": "Polygon", "coordinates": [ [ [ -45.09911035546488, -21.326184508054265 ], [ -45.09911035546488, -21.324567540542848 ], [ -45.098032377123936, -21.324567540542859 ], [ -45.098032377123936, -21.326184508054268 ], [ -45.09911035546488, -21.326184508054265 ] ] ] } },
{ "type": "Feature", "properties": { "id_feicao": "fogo_2021_113", "ano": 2021.0, "mes": 8, "codigo_original": 15, "classe": "Pastagem", "cor": "#edde8e", "area_ha": 13.170677314274759 }, "geometry": { "type": "Polygon", "coordinates": [ [ [ -45.079706745327897, -21.325106529713317 ], [ -45.081054218254089, -21.32510652971332 ], [ -45.081054218254089, -21.325376024298553 ], [ -45.082401691180259, -21.32537602429856 ], [ -45.082401691180259, -21.324837035128088 ], [ -45.082671185765491, -21.324837035128088 ], [ -45.082671185765491, -21.323220067616671 ], [ -45.082401691180259, -21.323220067616663 ], [ -45.082401691180259, -21.322681078446198 ], [ -45.082132196595019, -21.322681078446195 ], [ -45.082132196595019, -21.322411583860958 ], [ -45.081862702009786, -21.322411583860966 ], [ -45.081862702009786, -21.322142089275733 ], [ -45.081593207424547, -21.322142089275722 ], [ -45.081593207424547, -21.321603100105257 ], [ -45.081323712839314, -21.321603100105264 ], [ -45.081323712839314, -21.321064110934778 ], [ -45.078898261572199, -21.321064110934785 ], [ -45.078898261572199, -21.322142089275722 ], [ -45.079437250742671, -21.322142089275726 ], [ -45.079437250742671, -21.322681078446202 ], [ -45.079706745327897, -21.322681078446202 ], [ -45.079706745327897, -21.325106529713317 ] ] ] } },
{ "type": "Feature", "properties": { "id_feicao": "fogo_2021_114", "ano": 2021.0, "mes": 8, "codigo_original": 15, "classe": "Pastagem", "cor": "#edde8e", "area_ha": 5.005183042482348 }, "geometry": { "type": "Polygon", "coordinates": [ [ [ -45.154895734608701, -21.215152738937096 ], [ -45.154895734608701, -21.214344255181377 ], [ -45.155973712949645, -21.214344255181384 ], [ -45.155973712949645, -21.214074760596141 ], [ -45.156243207534885, -21.214074760596144 ], [ -45.156243207534885, -21.212457793084727 ], [ -45.154626240023468, -21.212457793084734 ], [ -45.154626240023468, -21.212996782255207 ], [ -45.154356745438228, -21.212996782255203 ], [ -45.154356745438228, -21.214074760596155 ], [ -45.153817756267756, -21.214074760596144 ], [ -45.153817756267756, -21.215152738937089 ], [ -45.154895734608701, -21.215152738937096 ] ] ] } },
{ "type": "Feature", "properties": { "id_feicao": "fogo_2021_115", "ano": 2021.0, "mes": 8, "codigo_original": 15, "classe": "Pastagem", "cor": "#edde8e", "area_ha": 3.2534688421101166 }, "geometry": { "type": "Polygon", "coordinates": [ [ [ -45.077550788646015, -21.208684868891432 ], [ -45.077550788646015, -21.208954363476661 ], [ -45.078628766986952, -21.208954363476668 ], [ -45.078628766986952, -21.208684868891424 ], [ -45.079167756157425, -21.208684868891428 ], [ -45.079167756157425, -21.208145879720949 ], [ -45.079706745327897, -21.208145879720959 ], [ -45.079706745327897, -21.207876385135727 ], [ -45.080245734498369, -21.207876385135723 ], [ -45.080245734498369, -21.207606890550487 ], [ -45.079706745327897, -21.207606890550483 ], [ -45.079706745327897, -21.207337395965254 ], [ -45.079437250742671, -21.207337395965251 ], [ -45.079437250742671, -21.207067901380011 ], [ -45.079167756157425, -21.207067901380022 ], [ -45.079167756157425, -21.207337395965251 ], [ -45.078628766986952, -21.207337395965254 ], [ -45.078628766986952, -21.208145879720963 ], [ -45.07647281030507, -21.208145879720952 ], [ -45.07647281030507, -21.208684868891424 ], [ -45.077550788646015, -21.208684868891432 ] ] ] } },
{ "type": "Feature", "properties": { "id_feicao": "fogo_2021_116", "ano": 2021.0, "mes": 8, "codigo_original": 15, "classe": "Pastagem", "cor": "#edde8e", "area_ha": 0.08342324206791818 }, "geometry": { "type": "Polygon", "coordinates": [ [ [ -45.083210174935964, -21.206798406794785 ], [ -45.083479669521203, -21.206798406794775 ], [ -45.083479669521203, -21.206528912209549 ], [ -45.083210174935964, -21.206528912209542 ], [ -45.083210174935964, -21.206798406794785 ] ] ] } },
{ "type": "Feature", "properties": { "id_feicao": "fogo_2021_117", "ano": 2021.0, "mes": 8, "codigo_original": 15, "classe": "Pastagem", "cor": "#edde8e", "area_ha": 0.25027099821032334 }, "geometry": { "type": "Polygon", "coordinates": [ [ [ -45.077550788646015, -21.205989923039066 ], [ -45.077550788646015, -21.205720428453841 ], [ -45.07674230489031, -21.205720428453837 ], [ -45.07674230489031, -21.205989923039077 ], [ -45.077550788646015, -21.205989923039066 ] ] ] } },
{ "type": "Feature", "properties": { "id_feicao": "fogo_2021_118", "ano": 2021.0, "mes": 8, "codigo_original": 15, "classe": "Pastagem", "cor": "#edde8e", "area_ha": 0.41712971181213598 }, "geometry": { "type": "Polygon", "coordinates": [ [ [ -45.085096637032613, -21.201408515090066 ], [ -45.085096637032613, -21.201947504260538 ], [ -45.085366131617853, -21.201947504260534 ], [ -45.085366131617853, -21.20221699884577 ], [ -45.085635626203086, -21.202216998845778 ], [ -45.085635626203086, -21.201408515090069 ], [ -45.085096637032613, -21.201408515090066 ] ] ] } },
{ "type": "Feature", "properties": { "id_feicao": "fogo_2021_119", "ano": 2021.0, "mes": 8, "codigo_original": 15, "classe": "Pastagem", "cor": "#edde8e", "area_ha": 0.50055620222017172 }, "geometry": { "type": "Polygon", "coordinates": [ [ [ -45.073508369867476, -21.201947504260534 ], [ -45.074047359037948, -21.201947504260531 ], [ -45.074047359037948, -21.201139020504826 ], [ -45.073508369867476, -21.201139020504826 ], [ -45.073508369867476, -21.201947504260534 ] ] ] } },
{ "type": "Feature", "properties": { "id_feicao": "fogo_2021_120", "ano": 2021.0, "mes": 8, "codigo_original": 15, "classe": "Pastagem", "cor": "#edde8e", "area_ha": 0.16685281339138747 }, "geometry": { "type": "Polygon", "coordinates": [ [ [ -45.074047359037948, -21.201139020504826 ], [ -45.074316853623181, -21.201139020504826 ], [ -45.074316853623181, -21.200600031334357 ], [ -45.074047359037948, -21.200600031334353 ], [ -45.074047359037948, -21.201139020504826 ] ] ] } },
{ "type": "Feature", "properties": { "id_feicao": "fogo_2021_121", "ano": 2021.0, "mes": 8, "codigo_original": 15, "classe": "Pastagem", "cor": "#edde8e", "area_ha": 0.50057054380802435 }, "geometry": { "type": "Polygon", "coordinates": [ [ [ -45.116358008919974, -21.197635590896759 ], [ -45.115819019749502, -21.197635590896763 ], [ -45.115819019749502, -21.197366096311519 ], [ -45.115549525164269, -21.197366096311519 ], [ -45.115549525164269, -21.19709660172629 ], [ -45.115280030579029, -21.197096601726283 ], [ -45.115280030579029, -21.197635590896756 ], [ -45.115549525164269, -21.197635590896756 ], [ -45.115549525164269, -21.197905085481999 ], [ -45.116358008919974, -21.197905085481988 ], [ -45.116358008919974, -21.197635590896759 ] ] ] } },
{ "type": "Feature", "properties": { "id_feicao": "fogo_2021_122", "ano": 2021.0, "mes": 8, "codigo_original": 15, "classe": "Pastagem", "cor": "#edde8e", "area_ha": 8.9269049964746223 }, "geometry": { "type": "Polygon", "coordinates": [ [ [ -45.082401691180259, -21.196018623385349 ], [ -45.082671185765491, -21.196018623385338 ], [ -45.082671185765491, -21.196288117970582 ], [ -45.081862702009786, -21.196288117970582 ], [ -45.081862702009786, -21.196557612555814 ], [ -45.081593207424547, -21.196557612555811 ], [ -45.081593207424547, -21.196827107141054 ], [ -45.081323712839314, -21.196827107141051 ], [ -45.081323712839314, -21.197366096311523 ], [ -45.081593207424547, -21.197366096311523 ], [ -45.081593207424547, -21.197905085481995 ], [ -45.081862702009786, -21.197905085481992 ], [ -45.081862702009786, -21.198444074652468 ], [ -45.082401691180259, -21.198444074652475 ], [ -45.082401691180259, -21.198174580067231 ], [ -45.082671185765491, -21.198174580067231 ], [ -45.082671185765491, -21.197635590896763 ], [ -45.082940680350731, -21.197635590896763 ], [ -45.082940680350731, -21.197366096311519 ], [ -45.084288153276908, -21.197366096311526 ], [ -45.084288153276908, -21.196557612555825 ], [ -45.084557647862141, -21.196557612555814 ], [ -45.084557647862141, -21.196288117970578 ], [ -45.084288153276908, -21.196288117970578 ], [ -45.084288153276908, -21.195749128800106 ], [ -45.083749164106436, -21.195749128800106 ], [ -45.083749164106436, -21.195210139629648 ], [ -45.083210174935964, -21.195210139629637 ], [ -45.083210174935964, -21.194671150459172 ], [ -45.082940680350731, -21.194671150459172 ], [ -45.082940680350731, -21.194401655873932 ], [ -45.082401691180259, -21.194401655873921 ], [ -45.082401691180259, -21.194132161288696 ], [ -45.081323712839314, -21.194132161288696 ], [ -45.081323712839314, -21.194401655873939 ], [ -45.081593207424547, -21.194401655873936 ], [ -45.081593207424547, -21.194940645044404 ], [ -45.081323712839314, -21.194940645044394 ], [ -45.081323712839314, -21.195749128800113 ], [ -45.082401691180259, -21.195749128800106 ], [ -45.082401691180259, -21.196018623385349 ] ], [ [ -45.082132196595019, -21.196557612555811 ], [ -45.082132196595019, -21.196827107141051 ], [ -45.081862702009786, -21.196827107141047 ], [ -45.081862702009786, -21.196557612555814 ], [ -45.082132196595019, -21.196557612555811 ] ], [ [ -45.082401691180259, -21.196827107141047 ], [ -45.082401691180259, -21.19709660172629 ], [ -45.082132196595019, -21.197096601726287 ], [ -45.082132196595019, -21.196827107141051 ], [ -45.082401691180259, -21.196827107141047 ] ] ] } },
{ "type": "Feature", "properties": { "id_feicao": "fogo_2021_123", "ano": 2021.0, "mes": 8, "codigo_original": 15, "classe": "Pastagem", "cor": "#edde8e", "area_ha": 1.6664269865778192 }, "geometry": { "type": "Polygon", "coordinates": [ [ [ -45.06784898357752, -21.391132703096105 ], [ -45.06784898357752, -21.389785230169924 ], [ -45.066771005236575, -21.38978523016992 ], [ -45.066771005236575, -21.391132703096115 ], [ -45.06784898357752, -21.391132703096105 ] ] ] } },
{ "type": "Feature", "properties": { "id_feicao": "fogo_2021_124", "ano": 2021.0, "mes": 8, "codigo_original": 15, "classe": "Pastagem", "cor": "#edde8e", "area_ha": 0.33342708623223005 }, "geometry": { "type": "Polygon", "coordinates": [ [ [ -45.070813424015114, -21.32726248639521 ], [ -45.071082918600354, -21.327262486395213 ], [ -45.071082918600354, -21.326184508054261 ], [ -45.070813424015114, -21.326184508054265 ], [ -45.070813424015114, -21.32726248639521 ] ] ] } },
{ "type": "Feature", "properties": { "id_feicao": "fogo_2021_125", "ano": 2021.0, "mes": 8, "codigo_original": 15, "classe": "Pastagem", "cor": "#edde8e", "area_ha": 0.083357003592193224 }, "geometry": { "type": "Polygon", "coordinates": [ [ [ -45.073508369867476, -21.326454002639501 ], [ -45.073508369867476, -21.326184508054261 ], [ -45.073238875282236, -21.326184508054258 ], [ -45.073238875282236, -21.326454002639505 ], [ -45.073508369867476, -21.326454002639501 ] ] ] } },
{ "type": "Feature", "properties": { "id_feicao": "fogo_2021_126", "ano": 2021.0, "mes": 8, "codigo_original": 15, "classe": "Pastagem", "cor": "#edde8e", "area_ha": 0.083356994142948226 }, "geometry": { "type": "Polygon", "coordinates": [ [ [ -45.070543929429881, -21.326454002639501 ], [ -45.070543929429881, -21.326184508054265 ], [ -45.070274434844642, -21.326184508054268 ], [ -45.070274434844642, -21.326454002639505 ], [ -45.070543929429881, -21.326454002639501 ] ] ] } },
{ "type": "Feature", "properties": { "id_feicao": "fogo_2021_127", "ano": 2021.0, "mes": 8, "codigo_original": 15, "classe": "Pastagem", "cor": "#edde8e", "area_ha": 8.2541472429506477 }, "geometry": { "type": "Polygon", "coordinates": [ [ [ -45.031197719985443, -21.294923136166915 ], [ -45.03281468749686, -21.294923136166904 ], [ -45.03281468749686, -21.293845157825952 ], [ -45.034970644178749, -21.293845157825963 ], [ -45.034970644178749, -21.292228190314543 ], [ -45.033623171252565, -21.292228190314535 ], [ -45.033623171252565, -21.291958695729306 ], [ -45.032545192911627, -21.29195869572931 ], [ -45.032545192911627, -21.292767179485022 ], [ -45.031467214570682, -21.292767179485011 ], [ -45.031467214570682, -21.29357566324073 ], [ -45.031197719985443, -21.293575663240727 ], [ -45.031197719985443, -21.294923136166915 ] ] ] } },
{ "type": "Feature", "properties": { "id_feicao": "fogo_2021_128", "ano": 2021.0, "mes": 8, "codigo_original": 15, "classe": "Pastagem", "cor": "#edde8e", "area_ha": 1.3340225477151231 }, "geometry": { "type": "Polygon", "coordinates": [ [ [ -45.036857106275399, -21.291689201144077 ], [ -45.036857106275399, -21.290611222803125 ], [ -45.035779127934454, -21.290611222803133 ], [ -45.035779127934454, -21.29168920114407 ], [ -45.036857106275399, -21.291689201144077 ] ] ] } },
{ "type": "Feature", "properties": { "id_feicao": "fogo_2021_129", "ano": 2021.0, "mes": 8, "codigo_original": 15, "classe": "Pastagem", "cor": "#edde8e", "area_ha": 3.4190708175122198 }, "geometry": { "type": "Polygon", "coordinates": [ [ [ -45.019339958235065, -21.262853280523828 ], [ -45.019339958235065, -21.263392269694311 ], [ -45.019609452820305, -21.263392269694311 ], [ -45.019609452820305, -21.264200753450016 ], [ -45.020956925746482, -21.264200753450019 ], [ -45.020956925746482, -21.262853280523832 ], [ -45.021226420331715, -21.262853280523832 ], [ -45.021226420331715, -21.261505807597668 ], [ -45.020956925746482, -21.261505807597668 ], [ -45.020956925746482, -21.261236313012425 ], [ -45.02041793657601, -21.261236313012422 ], [ -45.02041793657601, -21.261505807597654 ], [ -45.020687431161249, -21.261505807597647 ], [ -45.020687431161249, -21.262314291353356 ], [ -45.02041793657601, -21.262314291353363 ], [ -45.02041793657601, -21.262853280523832 ], [ -45.019339958235065, -21.262853280523828 ] ] ] } },
{ "type": "Feature", "properties": { "id_feicao": "fogo_2021_130", "ano": 2021.0, "mes": 8, "codigo_original": 15, "classe": "Pastagem", "cor": "#edde8e", "area_ha": 0.083392872008401897 }, "geometry": { "type": "Polygon", "coordinates": [ [ [ -45.019339958235065, -21.261505807597658 ], [ -45.019609452820305, -21.261505807597665 ], [ -45.019609452820305, -21.261236313012425 ], [ -45.019339958235065, -21.261236313012422 ], [ -45.019339958235065, -21.261505807597658 ] ] ] } },
{ "type": "Feature", "properties": { "id_feicao": "fogo_2021_131", "ano": 2021.0, "mes": 8, "codigo_original": 15, "classe": "Pastagem", "cor": "#edde8e", "area_ha": 2.6686413278455845 }, "geometry": { "type": "Polygon", "coordinates": [ [ [ -45.025807828280726, -21.258002377989595 ], [ -45.026346817451198, -21.258002377989584 ], [ -45.026346817451198, -21.256924399648646 ], [ -45.026077322865966, -21.256924399648646 ], [ -45.026077322865966, -21.256654905063414 ], [ -45.024999344525021, -21.256654905063421 ], [ -45.024999344525021, -21.25692439964865 ], [ -45.024729849939781, -21.256924399648653 ], [ -45.024729849939781, -21.258271872574831 ], [ -45.025807828280726, -21.258271872574834 ], [ -45.025807828280726, -21.258002377989595 ] ] ] } },
{ "type": "Feature", "properties": { "id_feicao": "fogo_2021_132", "ano": 2021.0, "mes": 8, "codigo_original": 15, "classe": "Pastagem", "cor": "#edde8e", "area_ha": 0.083410301009658724 }, "geometry": { "type": "Polygon", "coordinates": [ [ [ -45.019339958235065, -21.229974941125068 ], [ -45.019609452820305, -21.229974941125061 ], [ -45.019609452820305, -21.229705446539832 ], [ -45.019339958235065, -21.229705446539832 ], [ -45.019339958235065, -21.229974941125068 ] ] ] } },
{ "type": "Feature", "properties": { "id_feicao": "fogo_2021_133", "ano": 2021.0, "mes": 8, "codigo_original": 15, "classe": "Pastagem", "cor": "#edde8e", "area_ha": 0.083410508736587924 }, "geometry": { "type": "Polygon", "coordinates": [ [ [ -45.055182738071437, -21.229705446539825 ], [ -45.055182738071437, -21.229435951954596 ], [ -45.054913243486197, -21.229435951954589 ], [ -45.054913243486197, -21.229705446539828 ], [ -45.055182738071437, -21.229705446539825 ] ] ] } },
{ "type": "Feature", "properties": { "id_feicao": "fogo_2021_134", "ano": 2021.0, "mes": 8, "codigo_original": 15, "classe": "Pastagem", "cor": "#edde8e", "area_ha": 0.083410655628914768 }, "geometry": { "type": "Polygon", "coordinates": [ [ [ -45.054374254315725, -21.229435951954585 ], [ -45.054374254315725, -21.229166457369352 ], [ -45.054104759730492, -21.229166457369359 ], [ -45.054104759730492, -21.229435951954596 ], [ -45.054374254315725, -21.229435951954585 ] ] ] } },
{ "type": "Feature", "properties": { "id_feicao": "fogo_2021_135", "ano": 2021.0, "mes": 8, "codigo_original": 15, "classe": "Pastagem", "cor": "#edde8e", "area_ha": 0.083410598492342974 }, "geometry": { "type": "Polygon", "coordinates": [ [ [ -45.019070463649832, -21.229435951954596 ], [ -45.019339958235065, -21.229435951954596 ], [ -45.019339958235065, -21.229166457369359 ], [ -45.019070463649832, -21.229166457369359 ], [ -45.019070463649832, -21.229435951954596 ] ] ] } },
{ "type": "Feature", "properties": { "id_feicao": "fogo_2021_136", "ano": 2021.0, "mes": 8, "codigo_original": 15, "classe": "Pastagem", "cor": "#edde8e", "area_ha": 27.525796947878337 }, "geometry": { "type": "Polygon", "coordinates": [ [ [ -45.056530210997614, -21.225663027761289 ], [ -45.055721727241909, -21.225663027761286 ], [ -45.055721727241909, -21.225932522346525 ], [ -45.055182738071437, -21.225932522346525 ], [ -45.055182738071437, -21.225663027761293 ], [ -45.054643748900965, -21.225663027761289 ], [ -45.054643748900965, -21.22539353317606 ], [ -45.054374254315725, -21.225393533176057 ], [ -45.054374254315725, -21.228357973613651 ], [ -45.054104759730492, -21.228357973613651 ], [ -45.054104759730492, -21.22889696278412 ], [ -45.054643748900965, -21.228896962784123 ], [ -45.054643748900965, -21.229166457369356 ], [ -45.054913243486197, -21.229166457369359 ], [ -45.054913243486197, -21.228896962784123 ], [ -45.055182738071437, -21.228896962784123 ], [ -45.055182738071437, -21.229166457369356 ], [ -45.055721727241909, -21.229166457369356 ], [ -45.055721727241909, -21.229705446539828 ], [ -45.055182738071437, -21.229705446539825 ], [ -45.055182738071437, -21.229974941125068 ], [ -45.05545223265667, -21.229974941125068 ], [ -45.05545223265667, -21.230244435710304 ], [ -45.055721727241909, -21.230244435710301 ], [ -45.055721727241909, -21.23051393029553 ], [ -45.057877683923792, -21.230513930295537 ], [ -45.057877683923792, -21.231052919466006 ], [ -45.059225156849976, -21.231052919466002 ], [ -45.059225156849976, -21.230783424880769 ], [ -45.059494651435209, -21.230783424880777 ], [ -45.059494651435209, -21.227818984443175 ], [ -45.061650608117098, -21.227818984443172 ], [ -45.061650608117098, -21.228088479028418 ], [ -45.062998081043276, -21.228088479028418 ], [ -45.062998081043276, -21.22701050068747 ], [ -45.062728586458043, -21.227010500687474 ], [ -45.062728586458043, -21.22727999527271 ], [ -45.062459091872803, -21.22727999527271 ], [ -45.062459091872803, -21.227549489857942 ], [ -45.061111618946626, -21.22754948985795 ], [ -45.061111618946626, -21.227279995272706 ], [ -45.060572629776154, -21.227279995272706 ], [ -45.060572629776154, -21.227549489857946 ], [ -45.059764146020449, -21.227549489857942 ], [ -45.059764146020449, -21.227279995272706 ], [ -45.060303135190914, -21.227279995272706 ], [ -45.060303135190914, -21.226741006102234 ], [ -45.059494651435209, -21.226741006102237 ], [ -45.059494651435209, -21.226471511517001 ], [ -45.060033640605681, -21.226471511516994 ], [ -45.060033640605681, -21.226202016931762 ], [ -45.060303135190914, -21.226202016931762 ], [ -45.060303135190914, -21.225663027761286 ], [ -45.060572629776154, -21.225663027761289 ], [ -45.060572629776154, -21.225393533176053 ], [ -45.060842124361386, -21.225393533176057 ], [ -45.060842124361386, -21.225124038590817 ], [ -45.060572629776154, -21.22512403859082 ], [ -45.060572629776154, -21.224315554835108 ], [ -45.058955662264736, -21.224315554835115 ], [ -45.058955662264736, -21.22539353317606 ], [ -45.059225156849976, -21.225393533176053 ], [ -45.059225156849976, -21.225663027761289 ], [ -45.058955662264736, -21.225663027761293 ], [ -45.058955662264736, -21.226202016931762 ], [ -45.056530210997614, -21.226202016931762 ], [ -45.056530210997614, -21.225663027761289 ] ], [ [ -45.057069200168087, -21.228357973613651 ], [ -45.057069200168087, -21.228627468198887 ], [ -45.056530210997614, -21.228627468198884 ], [ -45.056530210997614, -21.228896962784127 ], [ -45.056260716412382, -21.22889696278412 ], [ -45.056260716412382, -21.228627468198887 ], [ -45.055182738071437, -21.228627468198884 ], [ -45.055182738071437, -21.228088479028415 ], [ -45.055721727241909, -21.228088479028415 ], [ -45.055721727241909, -21.227818984443179 ], [ -45.054913243486197, -21.227818984443182 ], [ -45.054913243486197, -21.227549489857942 ], [ -45.054643748900965, -21.227549489857942 ], [ -45.054643748900965, -21.22727999527271 ], [ -45.057069200168087, -21.227279995272706 ], [ -45.057069200168087, -21.227549489857942 ], [ -45.058147178509032, -21.227549489857953 ], [ -45.058147178509032, -21.227279995272706 ], [ -45.058416673094264, -21.22727999527271 ], [ -45.058416673094264, -21.22754948985795 ], [ -45.058686167679504, -21.227549489857942 ], [ -45.058686167679504, -21.227818984443179 ], [ -45.058147178509032, -21.227818984443179 ], [ -45.058147178509032, -21.228088479028415 ], [ -45.057608189338559, -21.228088479028415 ], [ -45.057608189338559, -21.228357973613651 ], [ -45.057069200168087, -21.228357973613651 ] ] ] } },
{ "type": "Feature", "properties": { "id_feicao": "fogo_2021_137", "ano": 2021.0, "mes": 8, "codigo_original": 15, "classe": "Pastagem", "cor": "#edde8e", "area_ha": 3.670176785174696 }, "geometry": { "type": "Polygon", "coordinates": [ [ [ -45.063267575628508, -21.225393533176049 ], [ -45.063267575628508, -21.225124038590817 ], [ -45.061650608117098, -21.225124038590824 ], [ -45.061650608117098, -21.225393533176057 ], [ -45.062728586458043, -21.225393533176053 ], [ -45.062728586458043, -21.225932522346525 ], [ -45.065693026895637, -21.225932522346525 ], [ -45.065693026895637, -21.225663027761289 ], [ -45.06596252148087, -21.225663027761296 ], [ -45.06596252148087, -21.224585049420345 ], [ -45.064884543139925, -21.224585049420345 ], [ -45.064884543139925, -21.224854544005581 ], [ -45.064615048554693, -21.224854544005588 ], [ -45.064615048554693, -21.22512403859082 ], [ -45.064345553969453, -21.225124038590828 ], [ -45.064345553969453, -21.225393533176057 ], [ -45.063267575628508, -21.225393533176049 ] ] ] } },
{ "type": "Feature", "properties": { "id_feicao": "fogo_2021_138", "ano": 2021.0, "mes": 8, "codigo_original": 15, "classe": "Pastagem", "cor": "#edde8e", "area_ha": 6.6679893186482602 }, "geometry": { "type": "Polygon", "coordinates": [ [ [ -44.911811618725963, -21.339389742730827 ], [ -44.912081113311196, -21.339389742730823 ], [ -44.912081113311196, -21.339659237316056 ], [ -44.913428586237373, -21.339659237316063 ], [ -44.913428586237373, -21.339928731901292 ], [ -44.913698080822613, -21.339928731901299 ], [ -44.913698080822613, -21.340467721071761 ], [ -44.914506564578318, -21.340467721071764 ], [ -44.914506564578318, -21.339928731901299 ], [ -44.914776059163557, -21.339928731901303 ], [ -44.914776059163557, -21.338581258975118 ], [ -44.914237069993085, -21.338581258975115 ], [ -44.914237069993085, -21.338850753560351 ], [ -44.913698080822613, -21.338850753560347 ], [ -44.913698080822613, -21.338581258975108 ], [ -44.911542124140723, -21.338581258975115 ], [ -44.911542124140723, -21.338311764389868 ], [ -44.910464145799779, -21.338311764389868 ], [ -44.910464145799779, -21.338581258975115 ], [ -44.910194651214546, -21.338581258975104 ], [ -44.910194651214546, -21.339659237316056 ], [ -44.911811618725963, -21.339659237316063 ], [ -44.911811618725963, -21.339389742730827 ] ] ] } },
{ "type": "Feature", "properties": { "id_feicao": "fogo_2021_139", "ano": 2021.0, "mes": 8, "codigo_original": 15, "classe": "Pastagem", "cor": "#edde8e", "area_ha": 1.3336012636835193 }, "geometry": { "type": "Polygon", "coordinates": [ [ [ -44.918548983356857, -21.33938974273083 ], [ -44.918548983356857, -21.338311764389882 ], [ -44.917471005015912, -21.338311764389875 ], [ -44.917471005015912, -21.33938974273082 ], [ -44.918548983356857, -21.33938974273083 ] ] ] } },
{ "type": "Feature", "properties": { "id_feicao": "fogo_2021_140", "ano": 2021.0, "mes": 8, "codigo_original": 15, "classe": "Pastagem", "cor": "#edde8e", "area_ha": 22.754708438579375 }, "geometry": { "type": "Polygon", "coordinates": [ [ [ -44.930137250522009, -21.336694796878465 ], [ -44.930137250522009, -21.335886313122749 ], [ -44.929059272181064, -21.335886313122757 ], [ -44.929059272181064, -21.336155807707986 ], [ -44.926903315499167, -21.336155807707986 ], [ -44.926903315499167, -21.337233786048927 ], [ -44.927172810084407, -21.33723378604893 ], [ -44.927172810084407, -21.33750328063417 ], [ -44.927981293840119, -21.33750328063417 ], [ -44.927981293840119, -21.339928731901292 ], [ -44.928250788425345, -21.339928731901299 ], [ -44.928250788425345, -21.340198226486528 ], [ -44.928520283010592, -21.340198226486528 ], [ -44.928520283010592, -21.340467721071754 ], [ -44.929059272181064, -21.340467721071764 ], [ -44.929059272181064, -21.34100671024223 ], [ -44.92932876676629, -21.34100671024223 ], [ -44.92932876676629, -21.341545699412709 ], [ -44.929867755936762, -21.341545699412709 ], [ -44.929867755936762, -21.34100671024223 ], [ -44.930137250522009, -21.34100671024224 ], [ -44.930137250522009, -21.34073721565699 ], [ -44.930676239692467, -21.34073721565699 ], [ -44.930676239692467, -21.339120248145587 ], [ -44.930945734277707, -21.339120248145587 ], [ -44.930945734277707, -21.338042269804642 ], [ -44.931484723448179, -21.338042269804635 ], [ -44.931484723448179, -21.337503280634163 ], [ -44.933101690959596, -21.33750328063417 ], [ -44.933101690959596, -21.337233786048934 ], [ -44.933640680130061, -21.337233786048934 ], [ -44.933640680130061, -21.336964291463694 ], [ -44.934988153056246, -21.336964291463701 ], [ -44.934988153056246, -21.33588631312276 ], [ -44.934179669300534, -21.335886313122764 ], [ -44.934179669300534, -21.33561681853752 ], [ -44.933910174715301, -21.335616818537517 ], [ -44.933910174715301, -21.335347323952284 ], [ -44.932562701789124, -21.335347323952277 ], [ -44.932562701789124, -21.336694796878469 ], [ -44.930945734277707, -21.336694796878465 ], [ -44.930945734277707, -21.336964291463694 ], [ -44.930676239692467, -21.336964291463701 ], [ -44.930676239692467, -21.336694796878461 ], [ -44.930137250522009, -21.336694796878465 ] ] ] } },
{ "type": "Feature", "properties": { "id_feicao": "fogo_2021_141", "ano": 2021.0, "mes": 8, "codigo_original": 15, "classe": "Pastagem", "cor": "#edde8e", "area_ha": 1.3340456269048155 }, "geometry": { "type": "Polygon", "coordinates": [ [ [ -44.923399885891101, -21.289263749876945 ], [ -44.924477864232045, -21.289263749876948 ], [ -44.924477864232045, -21.288185771536003 ], [ -44.923399885891101, -21.288185771536007 ], [ -44.923399885891101, -21.289263749876945 ] ] ] } },
{ "type": "Feature", "properties": { "id_feicao": "fogo_2021_142", "ano": 2021.0, "mes": 8, "codigo_original": 15, "classe": "Pastagem", "cor": "#edde8e", "area_ha": 1.667681114501506 }, "geometry": { "type": "Polygon", "coordinates": [ [ [ -44.901031835316523, -21.278214471882283 ], [ -44.902379308242708, -21.278214471882283 ], [ -44.902379308242708, -21.277136493541335 ], [ -44.901031835316523, -21.277136493541338 ], [ -44.901031835316523, -21.278214471882283 ] ] ] } },
{ "type": "Feature", "properties": { "id_feicao": "fogo_2021_143", "ano": 2021.0, "mes": 8, "codigo_original": 15, "classe": "Pastagem", "cor": "#edde8e", "area_ha": 5.2532038787126538 }, "geometry": { "type": "Polygon", "coordinates": [ [ [ -44.924208369646813, -21.278214471882286 ], [ -44.926633820913935, -21.278214471882283 ], [ -44.926633820913935, -21.27632800978563 ], [ -44.924208369646813, -21.27632800978563 ], [ -44.924208369646813, -21.278214471882286 ] ] ] } },
{ "type": "Feature", "properties": { "id_feicao": "fogo_2021_144", "ano": 2021.0, "mes": 8, "codigo_original": 15, "classe": "Pastagem", "cor": "#edde8e", "area_ha": 0.25017659384691243 }, "geometry": { "type": "Polygon", "coordinates": [ [ [ -45.01853147447936, -21.26231429135337 ], [ -45.01853147447936, -21.262853280523839 ], [ -45.019070463649832, -21.262853280523832 ], [ -45.019070463649832, -21.26258378593861 ], [ -45.018800969064593, -21.262583785938606 ], [ -45.018800969064593, -21.262314291353363 ], [ -45.01853147447936, -21.26231429135337 ] ] ] } },
{ "type": "Feature", "properties": { "id_feicao": "fogo_2021_145", "ano": 2021.0, "mes": 8, "codigo_original": 15, "classe": "Pastagem", "cor": "#edde8e", "area_ha": 0.083392722474958061 }, "geometry": { "type": "Polygon", "coordinates": [ [ [ -45.019070463649832, -21.261775302182897 ], [ -45.019070463649832, -21.261505807597665 ], [ -45.018800969064593, -21.261505807597665 ], [ -45.018800969064593, -21.26177530218289 ], [ -45.019070463649832, -21.261775302182897 ] ] ] } },
{ "type": "Feature", "properties": { "id_feicao": "fogo_2021_146", "ano": 2021.0, "mes": 8, "codigo_original": 15, "classe": "Pastagem", "cor": "#edde8e", "area_ha": 2.9193544004961849 }, "geometry": { "type": "Polygon", "coordinates": [ [ [ -45.016914506967943, -21.229705446539828 ], [ -45.01664501238271, -21.229705446539828 ], [ -45.01664501238271, -21.230783424880777 ], [ -45.01826197989412, -21.230783424880773 ], [ -45.01826197989412, -21.231052919466013 ], [ -45.019609452820305, -21.231052919466013 ], [ -45.019609452820305, -21.230244435710301 ], [ -45.018800969064593, -21.230244435710308 ], [ -45.018800969064593, -21.23051393029554 ], [ -45.01853147447936, -21.23051393029554 ], [ -45.01853147447936, -21.229974941125068 ], [ -45.01826197989412, -21.229974941125061 ], [ -45.01826197989412, -21.229705446539828 ], [ -45.01853147447936, -21.229705446539832 ], [ -45.01853147447936, -21.229166457369356 ], [ -45.01826197989412, -21.229166457369356 ], [ -45.01826197989412, -21.228896962784113 ], [ -45.017992485308888, -21.228896962784116 ], [ -45.017992485308888, -21.229705446539832 ], [ -45.017722990723655, -21.229705446539825 ], [ -45.017722990723655, -21.23051393029554 ], [ -45.016914506967943, -21.23051393029554 ], [ -45.016914506967943, -21.229705446539828 ] ] ] } },
{ "type": "Feature", "properties": { "id_feicao": "fogo_2021_147", "ano": 2021.0, "mes": 8, "codigo_original": 15, "classe": "Pastagem", "cor": "#edde8e", "area_ha": 0.083410895973675139 }, "geometry": { "type": "Polygon", "coordinates": [ [ [ -45.019070463649832, -21.228896962784116 ], [ -45.019070463649832, -21.228627468198891 ], [ -45.018800969064593, -21.228627468198887 ], [ -45.018800969064593, -21.228896962784123 ], [ -45.019070463649832, -21.228896962784116 ] ] ] } },
{ "type": "Feature", "properties": { "id_feicao": "fogo_2021_148", "ano": 2021.0, "mes": 8, "codigo_original": 15, "classe": "Pastagem", "cor": "#edde8e", "area_ha": 1.3346825673922682 }, "geometry": { "type": "Polygon", "coordinates": [ [ [ -44.992121005126243, -21.217039201033742 ], [ -44.992121005126243, -21.215961222692798 ], [ -44.991043026785299, -21.21596122269279 ], [ -44.991043026785299, -21.217039201033742 ], [ -44.992121005126243, -21.217039201033742 ] ] ] } },
{ "type": "Feature", "properties": { "id_feicao": "fogo_2021_149", "ano": 2021.0, "mes": 8, "codigo_original": 15, "classe": "Pastagem", "cor": "#edde8e", "area_ha": 1.0844721908574924 }, "geometry": { "type": "Polygon", "coordinates": [ [ [ -45.003439777706149, -21.211110320158557 ], [ -45.004517756047093, -21.21111032015855 ], [ -45.004517756047093, -21.210032341817616 ], [ -45.003978766876621, -21.210032341817609 ], [ -45.003978766876621, -21.210301836402845 ], [ -45.003709272291395, -21.210301836402845 ], [ -45.003709272291395, -21.210571330988078 ], [ -45.003439777706149, -21.210571330988078 ], [ -45.003439777706149, -21.211110320158557 ] ] ] } },
{ "type": "Feature", "properties": { "id_feicao": "fogo_2021_150", "ano": 2021.0, "mes": 8, "codigo_original": 15, "classe": "Pastagem", "cor": "#edde8e", "area_ha": 3.8375541930892063 }, "geometry": { "type": "Polygon", "coordinates": [ [ [ -44.987809091762472, -21.203833966357184 ], [ -44.987809091762472, -21.203564471771951 ], [ -44.988078586347704, -21.203564471771948 ], [ -44.988078586347704, -21.20221699884577 ], [ -44.987270102591999, -21.202216998845767 ], [ -44.987270102591999, -21.202486493431007 ], [ -44.985653135080582, -21.202486493431014 ], [ -44.985653135080582, -21.203564471771951 ], [ -44.985922629665822, -21.203564471771951 ], [ -44.985922629665822, -21.203833966357188 ], [ -44.987809091762472, -21.203833966357184 ] ] ] } },
{ "type": "Feature", "properties": { "id_feicao": "fogo_2021_151", "ano": 2021.0, "mes": 8, "codigo_original": 15, "classe": "Pastagem", "cor": "#edde8e", "area_ha": 0.083431562211701532 }, "geometry": { "type": "Polygon", "coordinates": [ [ [ -45.00802118565516, -21.191437215436338 ], [ -45.00802118565516, -21.191167720851094 ], [ -45.007751691069927, -21.191167720851102 ], [ -45.007751691069927, -21.191437215436338 ], [ -45.00802118565516, -21.191437215436338 ] ] ] } },
{ "type": "Feature", "properties": { "id_feicao": "fogo_2021_152", "ano": 2021.0, "mes": 8, "codigo_original": 21, "classe": "Mosaico de Usos", "cor": "#ffefc3", "area_ha": 1.5848370380716306 }, "geometry": { "type": "Polygon", "coordinates": [ [ [ -45.060842124361386, -21.225124038590817 ], [ -45.060842124361386, -21.225393533176057 ], [ -45.060572629776154, -21.225393533176053 ], [ -45.060572629776154, -21.225663027761289 ], [ -45.060303135190914, -21.225663027761286 ], [ -45.060303135190914, -21.226202016931762 ], [ -45.060033640605681, -21.226202016931762 ], [ -45.060033640605681, -21.226471511516994 ], [ -45.060303135190914, -21.226471511516998 ], [ -45.060303135190914, -21.226741006102234 ], [ -45.060572629776154, -21.226741006102234 ], [ -45.060572629776154, -21.227279995272706 ], [ -45.060842124361386, -21.227279995272706 ], [ -45.060842124361386, -21.226202016931765 ], [ -45.061111618946626, -21.226202016931758 ], [ -45.061111618946626, -21.225663027761289 ], [ -45.061381113531858, -21.225663027761293 ], [ -45.061381113531858, -21.225393533176057 ], [ -45.061650608117098, -21.225393533176057 ], [ -45.061650608117098, -21.225124038590824 ], [ -45.060842124361386, -21.225124038590817 ] ] ] } },
{ "type": "Feature", "properties": { "id_feicao": "fogo_2021_153", "ano": 2021.0, "mes": 8, "codigo_original": 24, "classe": "Área urbanizada", "cor": "#d4271e", "area_ha": 0.25021507783755659 }, "geometry": { "type": "Polygon", "coordinates": [ [ [ -45.026885806621671, -21.239407251608323 ], [ -45.027155301206903, -21.23940725160832 ], [ -45.027155301206903, -21.239676746193553 ], [ -45.027424795792143, -21.239676746193549 ], [ -45.027424795792143, -21.239137757023094 ], [ -45.026885806621671, -21.23913775702308 ], [ -45.026885806621671, -21.239407251608323 ] ] ] } },
{ "type": "Feature", "properties": { "id_feicao": "fogo_2021_154", "ano": 2021.0, "mes": 8, "codigo_original": 24, "classe": "Área urbanizada", "cor": "#d4271e", "area_ha": 0.25021663507428021 }, "geometry": { "type": "Polygon", "coordinates": [ [ [ -45.027155301206903, -21.238598767852615 ], [ -45.027963784962616, -21.238598767852611 ], [ -45.027963784962616, -21.238329273267368 ], [ -45.027155301206903, -21.238329273267379 ], [ -45.027155301206903, -21.238598767852615 ] ] ] } },
{ "type": "Feature", "properties": { "id_feicao": "fogo_2021_155", "ano": 2021.0, "mes": 8, "codigo_original": 41, "classe": "Outras Lavouras Temporárias", "cor": "#f54ca9", "area_ha": 0.83353201392819642 }, "geometry": { "type": "Polygon", "coordinates": [ [ [ -45.127407286914654, -21.333730356440871 ], [ -45.127407286914654, -21.333999851026107 ], [ -45.127946276085126, -21.333999851026103 ], [ -45.127946276085126, -21.334269345611336 ], [ -45.128215770670352, -21.334269345611336 ], [ -45.128215770670352, -21.333730356440874 ], [ -45.128485265255598, -21.333730356440864 ], [ -45.128485265255598, -21.333460861855627 ], [ -45.128215770670352, -21.333460861855635 ], [ -45.128215770670352, -21.332921872685166 ], [ -45.127946276085126, -21.332921872685162 ], [ -45.127946276085126, -21.333191367270402 ], [ -45.127676781499879, -21.333191367270391 ], [ -45.127676781499879, -21.333730356440871 ], [ -45.127407286914654, -21.333730356440871 ] ] ] } },
{ "type": "Feature", "properties": { "id_feicao": "fogo_2021_156", "ano": 2021.0, "mes": 8, "codigo_original": 41, "classe": "Outras Lavouras Temporárias", "cor": "#f54ca9", "area_ha": 0.083353362947609269 }, "geometry": { "type": "Polygon", "coordinates": [ [ [ -45.128485265255598, -21.333460861855627 ], [ -45.128754759840824, -21.333460861855631 ], [ -45.128754759840824, -21.333191367270391 ], [ -45.128485265255598, -21.333191367270398 ], [ -45.128485265255598, -21.333460861855627 ] ] ] } },
{ "type": "Feature", "properties": { "id_feicao": "fogo_2021_157", "ano": 2021.0, "mes": 8, "codigo_original": 41, "classe": "Outras Lavouras Temporárias", "cor": "#f54ca9", "area_ha": 0.083374591435492043 }, "geometry": { "type": "Polygon", "coordinates": [ [ [ -45.10099681756153, -21.294923136166908 ], [ -45.10126631214677, -21.294923136166908 ], [ -45.10126631214677, -21.294653641581668 ], [ -45.10099681756153, -21.294653641581675 ], [ -45.10099681756153, -21.294923136166908 ] ] ] } },
{ "type": "Feature", "properties": { "id_feicao": "fogo_2021_158", "ano": 2021.0, "mes": 8, "codigo_original": 41, "classe": "Outras Lavouras Temporárias", "cor": "#f54ca9", "area_ha": 0.083375230232364442 }, "geometry": { "type": "Polygon", "coordinates": [ [ [ -45.137109091983135, -21.293845157825956 ], [ -45.137109091983135, -21.294114652411189 ], [ -45.137378586568374, -21.294114652411189 ], [ -45.137378586568374, -21.293845157825952 ], [ -45.137109091983135, -21.293845157825956 ] ] ] } },
{ "type": "Feature", "properties": { "id_feicao": "fogo_2021_159", "ano": 2021.0, "mes": 8, "codigo_original": 41, "classe": "Outras Lavouras Temporárias", "cor": "#f54ca9", "area_ha": 0.083375530458521099 }, "geometry": { "type": "Polygon", "coordinates": [ [ [ -45.137378586568374, -21.293575663240727 ], [ -45.137648081153607, -21.293575663240734 ], [ -45.137648081153607, -21.293306168655494 ], [ -45.137378586568374, -21.293306168655487 ], [ -45.137378586568374, -21.293575663240727 ] ] ] } },
{ "type": "Feature", "properties": { "id_feicao": "fogo_2021_160", "ano": 2021.0, "mes": 8, "codigo_original": 41, "classe": "Outras Lavouras Temporárias", "cor": "#f54ca9", "area_ha": 0.50034105890206992 }, "geometry": { "type": "Polygon", "coordinates": [ [ [ -45.122286889795163, -21.266356710131905 ], [ -45.12174790062469, -21.266356710131902 ], [ -45.12174790062469, -21.267434688472846 ], [ -45.12201739520993, -21.267434688472843 ], [ -45.12201739520993, -21.266895699302374 ], [ -45.122286889795163, -21.266895699302378 ], [ -45.122286889795163, -21.266356710131905 ] ] ] } },
{ "type": "Feature", "properties": { "id_feicao": "fogo_2021_161", "ano": 2021.0, "mes": 8, "codigo_original": 41, "classe": "Outras Lavouras Temporárias", "cor": "#f54ca9", "area_ha": 0.25018355189850283 }, "geometry": { "type": "Polygon", "coordinates": [ [ [ -45.024729849939781, -21.258271872574831 ], [ -45.024729849939781, -21.258541367160063 ], [ -45.025538333695494, -21.258541367160063 ], [ -45.025538333695494, -21.258271872574824 ], [ -45.024729849939781, -21.258271872574831 ] ] ] } },
{ "type": "Feature", "properties": { "id_feicao": "fogo_2021_162", "ano": 2021.0, "mes": 8, "codigo_original": 41, "classe": "Outras Lavouras Temporárias", "cor": "#f54ca9", "area_ha": 0.083405247185006734 }, "geometry": { "type": "Polygon", "coordinates": [ [ [ -45.027424795792143, -21.239137757023094 ], [ -45.027694290377376, -21.23913775702308 ], [ -45.027694290377376, -21.23886826243784 ], [ -45.027424795792143, -21.238868262437844 ], [ -45.027424795792143, -21.239137757023094 ] ] ] } },
{ "type": "Feature", "properties": { "id_feicao": "fogo_2021_163", "ano": 2021.0, "mes": 8, "codigo_original": 41, "classe": "Outras Lavouras Temporárias", "cor": "#f54ca9", "area_ha": 0.16681109171612188 }, "geometry": { "type": "Polygon", "coordinates": [ [ [ -45.027963784962616, -21.238598767852611 ], [ -45.028502774133088, -21.238598767852611 ], [ -45.028502774133088, -21.238329273267379 ], [ -45.027963784962616, -21.238329273267368 ], [ -45.027963784962616, -21.238598767852611 ] ] ] } },
{ "type": "Feature", "properties": { "id_feicao": "fogo_2021_164", "ano": 2021.0, "mes": 8, "codigo_original": 41, "classe": "Outras Lavouras Temporárias", "cor": "#f54ca9", "area_ha": 0.83410692312334345 }, "geometry": { "type": "Polygon", "coordinates": [ [ [ -45.054104759730492, -21.22889696278412 ], [ -45.054104759730492, -21.229166457369359 ], [ -45.054374254315725, -21.229166457369352 ], [ -45.054374254315725, -21.229435951954585 ], [ -45.055182738071437, -21.229435951954596 ], [ -45.055182738071437, -21.229705446539825 ], [ -45.055721727241909, -21.229705446539828 ], [ -45.055721727241909, -21.229166457369356 ], [ -45.055182738071437, -21.229166457369356 ], [ -45.055182738071437, -21.228896962784123 ], [ -45.054913243486197, -21.228896962784123 ], [ -45.054913243486197, -21.229166457369359 ], [ -45.054643748900965, -21.229166457369356 ], [ -45.054643748900965, -21.228896962784123 ], [ -45.054104759730492, -21.22889696278412 ] ] ] } },
{ "type": "Feature", "properties": { "id_feicao": "fogo_2021_165", "ano": 2021.0, "mes": 8, "codigo_original": 41, "classe": "Outras Lavouras Temporárias", "cor": "#f54ca9", "area_ha": 4.1705639400920829 }, "geometry": { "type": "Polygon", "coordinates": [ [ [ -45.054643748900965, -21.227549489857942 ], [ -45.054913243486197, -21.227549489857942 ], [ -45.054913243486197, -21.227818984443182 ], [ -45.055721727241909, -21.227818984443179 ], [ -45.055721727241909, -21.228088479028415 ], [ -45.055182738071437, -21.228088479028415 ], [ -45.055182738071437, -21.228627468198884 ], [ -45.056260716412382, -21.228627468198887 ], [ -45.056260716412382, -21.22889696278412 ], [ -45.056530210997614, -21.228896962784127 ], [ -45.056530210997614, -21.228627468198884 ], [ -45.057069200168087, -21.228627468198887 ], [ -45.057069200168087, -21.228357973613651 ], [ -45.057608189338559, -21.228357973613651 ], [ -45.057608189338559, -21.228088479028415 ], [ -45.058147178509032, -21.228088479028415 ], [ -45.058147178509032, -21.227818984443179 ], [ -45.058686167679504, -21.227818984443179 ], [ -45.058686167679504, -21.227549489857942 ], [ -45.058416673094264, -21.22754948985795 ], [ -45.058416673094264, -21.22727999527271 ], [ -45.058147178509032, -21.227279995272706 ], [ -45.058147178509032, -21.227549489857953 ], [ -45.057069200168087, -21.227549489857942 ], [ -45.057069200168087, -21.227279995272706 ], [ -45.054643748900965, -21.22727999527271 ], [ -45.054643748900965, -21.227549489857942 ] ] ] } },
{ "type": "Feature", "properties": { "id_feicao": "fogo_2021_166", "ano": 2021.0, "mes": 8, "codigo_original": 41, "classe": "Outras Lavouras Temporárias", "cor": "#f54ca9", "area_ha": 4.5042602746848015 }, "geometry": { "type": "Polygon", "coordinates": [ [ [ -45.060842124361386, -21.227279995272706 ], [ -45.061111618946626, -21.227279995272706 ], [ -45.061111618946626, -21.22754948985795 ], [ -45.062459091872803, -21.227549489857942 ], [ -45.062459091872803, -21.22727999527271 ], [ -45.062728586458043, -21.22727999527271 ], [ -45.062728586458043, -21.227010500687474 ], [ -45.062998081043276, -21.22701050068747 ], [ -45.062998081043276, -21.225932522346529 ], [ -45.062728586458043, -21.225932522346525 ], [ -45.062728586458043, -21.225393533176053 ], [ -45.061381113531858, -21.225393533176057 ], [ -45.061381113531858, -21.225663027761293 ], [ -45.061111618946626, -21.225663027761289 ], [ -45.061111618946626, -21.226202016931758 ], [ -45.060842124361386, -21.226202016931765 ], [ -45.060842124361386, -21.227279995272706 ] ] ] } },
{ "type": "Feature", "properties": { "id_feicao": "fogo_2021_167", "ano": 2021.0, "mes": 8, "codigo_original": 41, "classe": "Outras Lavouras Temporárias", "cor": "#f54ca9", "area_ha": 4.4208956281688225 }, "geometry": { "type": "Polygon", "coordinates": [ [ [ -45.055182738071437, -21.225663027761293 ], [ -45.055182738071437, -21.225932522346525 ], [ -45.055721727241909, -21.225932522346525 ], [ -45.055721727241909, -21.225663027761286 ], [ -45.056530210997614, -21.225663027761289 ], [ -45.056530210997614, -21.224315554835115 ], [ -45.056260716412382, -21.224315554835108 ], [ -45.056260716412382, -21.224046060249872 ], [ -45.055721727241909, -21.224046060249869 ], [ -45.055721727241909, -21.223776565664636 ], [ -45.054374254315725, -21.223776565664632 ], [ -45.054374254315725, -21.225393533176057 ], [ -45.054643748900965, -21.22539353317606 ], [ -45.054643748900965, -21.225663027761289 ], [ -45.055182738071437, -21.225663027761293 ] ] ] } },
{ "type": "Feature", "properties": { "id_feicao": "fogo_2021_168", "ano": 2021.0, "mes": 8, "codigo_original": 41, "classe": "Outras Lavouras Temporárias", "cor": "#f54ca9", "area_ha": 0.16670033766049891 }, "geometry": { "type": "Polygon", "coordinates": [ [ [ -44.913698080822613, -21.338850753560347 ], [ -44.914237069993085, -21.338850753560351 ], [ -44.914237069993085, -21.338581258975115 ], [ -44.913698080822613, -21.338581258975108 ], [ -44.913698080822613, -21.338850753560347 ] ] ] } },
{ "type": "Feature", "properties": { "id_feicao": "fogo_2021_169", "ano": 2021.0, "mes": 8, "codigo_original": 41, "classe": "Outras Lavouras Temporárias", "cor": "#f54ca9", "area_ha": 3.0021301706530155 }, "geometry": { "type": "Polygon", "coordinates": [ [ [ -45.01853147447936, -21.26231429135337 ], [ -45.018800969064593, -21.262314291353363 ], [ -45.018800969064593, -21.262583785938606 ], [ -45.019070463649832, -21.26258378593861 ], [ -45.019070463649832, -21.262853280523832 ], [ -45.02041793657601, -21.262853280523832 ], [ -45.02041793657601, -21.262314291353363 ], [ -45.020687431161249, -21.262314291353356 ], [ -45.020687431161249, -21.261505807597647 ], [ -45.02041793657601, -21.261505807597654 ], [ -45.02041793657601, -21.261236313012422 ], [ -45.019609452820305, -21.261236313012425 ], [ -45.019609452820305, -21.261505807597665 ], [ -45.019070463649832, -21.261505807597665 ], [ -45.019070463649832, -21.261775302182897 ], [ -45.01853147447936, -21.26177530218289 ], [ -45.01853147447936, -21.26231429135337 ] ] ] } },
{ "type": "Feature", "properties": { "id_feicao": "fogo_2021_170", "ano": 2021.0, "mes": 8, "codigo_original": 41, "classe": "Outras Lavouras Temporárias", "cor": "#f54ca9", "area_ha": 0.083392873463524683 }, "geometry": { "type": "Polygon", "coordinates": [ [ [ -45.020956925746482, -21.261236313012425 ], [ -45.020956925746482, -21.261505807597668 ], [ -45.021226420331715, -21.261505807597668 ], [ -45.021226420331715, -21.261236313012418 ], [ -45.020956925746482, -21.261236313012425 ] ] ] } },
{ "type": "Feature", "properties": { "id_feicao": "fogo_2021_171", "ano": 2021.0, "mes": 8, "codigo_original": 41, "classe": "Outras Lavouras Temporárias", "cor": "#f54ca9", "area_ha": 0.083417288853414359 }, "geometry": { "type": "Polygon", "coordinates": [ [ [ -45.009099163996105, -21.217308695618975 ], [ -45.009368658581337, -21.217308695618971 ], [ -45.009368658581337, -21.217039201033742 ], [ -45.009099163996105, -21.217039201033742 ], [ -45.009099163996105, -21.217308695618975 ] ] ] } },
{ "type": "Feature", "properties": { "id_feicao": "fogo_2021_172", "ano": 2021.0, "mes": 8, "codigo_original": 41, "classe": "Outras Lavouras Temporárias", "cor": "#f54ca9", "area_ha": 0.083417437515780332 }, "geometry": { "type": "Polygon", "coordinates": [ [ [ -45.008829669410872, -21.217039201033735 ], [ -45.009099163996105, -21.217039201033742 ], [ -45.009099163996105, -21.216769706448499 ], [ -45.008829669410872, -21.216769706448495 ], [ -45.008829669410872, -21.217039201033735 ] ] ] } },
{ "type": "Feature", "properties": { "id_feicao": "fogo_2021_173", "ano": 2021.0, "mes": 8, "codigo_original": 41, "classe": "Outras Lavouras Temporárias", "cor": "#f54ca9", "area_ha": 0.25026324899790181 }, "geometry": { "type": "Polygon", "coordinates": [ [ [ -45.003978766876621, -21.210301836402845 ], [ -45.003978766876621, -21.210032341817609 ], [ -45.003439777706149, -21.210032341817605 ], [ -45.003439777706149, -21.210571330988078 ], [ -45.003709272291395, -21.210571330988078 ], [ -45.003709272291395, -21.210301836402845 ], [ -45.003978766876621, -21.210301836402845 ] ] ] } },
{ "type": "Feature", "properties": { "id_feicao": "fogo_2021_174", "ano": 2021.0, "mes": 8, "codigo_original": 41, "classe": "Outras Lavouras Temporárias", "cor": "#f54ca9", "area_ha": 0.1668626786218956 }, "geometry": { "type": "Polygon", "coordinates": [ [ [ -45.007751691069927, -21.191976204606807 ], [ -45.00802118565516, -21.19197620460681 ], [ -45.00802118565516, -21.191437215436338 ], [ -45.007751691069927, -21.191437215436338 ], [ -45.007751691069927, -21.191976204606807 ] ] ] } },
{ "type": "Feature", "properties": { "id_feicao": "fogo_2021_175", "ano": 2021.0, "mes": 8, "codigo_original": 41, "classe": "Outras Lavouras Temporárias", "cor": "#f54ca9", "area_ha": 0.083431413430348045 }, "geometry": { "type": "Polygon", "coordinates": [ [ [ -45.007212701899455, -21.191706710021574 ], [ -45.007482196484688, -21.191706710021577 ], [ -45.007482196484688, -21.191437215436338 ], [ -45.007212701899455, -21.191437215436334 ], [ -45.007212701899455, -21.191706710021574 ] ] ] } },
{ "type": "Feature", "properties": { "id_feicao": "fogo_2021_176", "ano": 2021.0, "mes": 8, "codigo_original": 41, "classe": "Outras Lavouras Temporárias", "cor": "#f54ca9", "area_ha": 0.083431412832345814 }, "geometry": { "type": "Polygon", "coordinates": [ [ [ -45.005056745217566, -21.191706710021563 ], [ -45.005326239802812, -21.191706710021574 ], [ -45.005326239802812, -21.191437215436341 ], [ -45.005056745217566, -21.191437215436338 ], [ -45.005056745217566, -21.191706710021563 ] ] ] } },
{ "type": "Feature", "properties": { "id_feicao": "fogo_2021_177", "ano": 2021.0, "mes": 8, "codigo_original": 41, "classe": "Outras Lavouras Temporárias", "cor": "#f54ca9", "area_ha": 0.083431710087601099 }, "geometry": { "type": "Polygon", "coordinates": [ [ [ -45.005326239802812, -21.191167720851091 ], [ -45.005595734388038, -21.191167720851091 ], [ -45.005595734388038, -21.190898226265862 ], [ -45.005326239802812, -21.190898226265869 ], [ -45.005326239802812, -21.191167720851091 ] ] ] } },
{ "type": "Feature", "properties": { "id_feicao": "fogo_2021_178", "ano": 2021.0, "mes": 8, "codigo_original": 41, "classe": "Outras Lavouras Temporárias", "cor": "#f54ca9", "area_ha": 0.16686386609710752 }, "geometry": { "type": "Polygon", "coordinates": [ [ [ -45.005595734388038, -21.190898226265862 ], [ -45.005865228973271, -21.190898226265858 ], [ -45.005865228973271, -21.190359237095389 ], [ -45.005595734388038, -21.190359237095397 ], [ -45.005595734388038, -21.190898226265862 ] ] ] } },
{ "type": "Feature", "properties": { "id_feicao": "fogo_2021_179", "ano": 2021.0, "mes": 8, "codigo_original": 41, "classe": "Outras Lavouras Temporárias", "cor": "#f54ca9", "area_ha": 0.16686416458822786 }, "geometry": { "type": "Polygon", "coordinates": [ [ [ -45.007751691069927, -21.190628731680633 ], [ -45.00802118565516, -21.190628731680622 ], [ -45.00802118565516, -21.190089742510153 ], [ -45.007751691069927, -21.190089742510164 ], [ -45.007751691069927, -21.190628731680633 ] ] ] } },
{ "type": "Feature", "properties": { "id_feicao": "fogo_2021_180", "ano": 2021.0, "mes": 8, "codigo_original": 46, "classe": "Café", "cor": "#d68fe2", "area_ha": 2.3344948867795798 }, "geometry": { "type": "Polygon", "coordinates": [ [ [ -45.101535806732002, -21.294114652411196 ], [ -45.101805301317242, -21.294114652411192 ], [ -45.101805301317242, -21.294653641581672 ], [ -45.102074795902475, -21.294653641581672 ], [ -45.102074795902475, -21.294923136166904 ], [ -45.10288327965818, -21.294923136166908 ], [ -45.10288327965818, -21.294653641581672 ], [ -45.103422268828652, -21.294653641581675 ], [ -45.103422268828652, -21.293575663240727 ], [ -45.101535806732002, -21.293575663240723 ], [ -45.101535806732002, -21.294114652411196 ] ], [ [ -45.102344290487714, -21.294114652411199 ], [ -45.102344290487714, -21.293845157825956 ], [ -45.102613785072947, -21.29384515782596 ], [ -45.102613785072947, -21.294114652411196 ], [ -45.102344290487714, -21.294114652411199 ] ] ] } },
{ "type": "Feature", "properties": { "id_feicao": "fogo_2021_181", "ano": 2021.0, "mes": 9, "codigo_original": 15, "classe": "Pastagem", "cor": "#edde8e", "area_ha": 0.83402138473485044 }, "geometry": { "type": "Polygon", "coordinates": [ [ [ -44.932293207203884, -21.244258154142564 ], [ -44.932293207203884, -21.244797143313036 ], [ -44.932562701789124, -21.244797143313033 ], [ -44.932562701789124, -21.245336132483505 ], [ -44.933101690959596, -21.245336132483505 ], [ -44.933101690959596, -21.244258154142553 ], [ -44.932293207203884, -21.244258154142564 ] ] ] } },
{ "type": "Feature", "properties": { "id_feicao": "fogo_2021_182", "ano": 2021.0, "mes": 10, "codigo_original": 3, "classe": "Formação Florestal", "cor": "#1f8d49", "area_ha": 0.083348244058057339 }, "geometry": { "type": "Polygon", "coordinates": [ [ [ -45.091295012493042, -21.342354183168418 ], [ -45.091295012493042, -21.342084688583181 ], [ -45.091025517907802, -21.342084688583174 ], [ -45.091025517907802, -21.342354183168414 ], [ -45.091295012493042, -21.342354183168418 ] ] ] } },
{ "type": "Feature", "properties": { "id_feicao": "fogo_2021_183", "ano": 2021.0, "mes": 10, "codigo_original": 3, "classe": "Formação Florestal", "cor": "#1f8d49", "area_ha": 0.083348398055229339 }, "geometry": { "type": "Polygon", "coordinates": [ [ [ -45.092372990833987, -21.341815193997942 ], [ -45.092103496248747, -21.341815193997942 ], [ -45.092103496248747, -21.342084688583171 ], [ -45.092372990833987, -21.342084688583171 ], [ -45.092372990833987, -21.341815193997942 ] ] ] } },
{ "type": "Feature", "properties": { "id_feicao": "fogo_2021_184", "ano": 2021.0, "mes": 10, "codigo_original": 3, "classe": "Formação Florestal", "cor": "#1f8d49", "area_ha": 0.083427531672082847 }, "geometry": { "type": "Polygon", "coordinates": [ [ [ -45.112585084726675, -21.198983063822936 ], [ -45.112315590141435, -21.198983063822936 ], [ -45.112315590141435, -21.199252558408173 ], [ -45.112585084726675, -21.199252558408176 ], [ -45.112585084726675, -21.198983063822936 ] ] ] } },
{ "type": "Feature", "properties": { "id_feicao": "fogo_2021_185", "ano": 2021.0, "mes": 10, "codigo_original": 3, "classe": "Formação Florestal", "cor": "#1f8d49", "area_ha": 0.16685505128904551 }, "geometry": { "type": "Polygon", "coordinates": [ [ [ -45.11150710638573, -21.199252558408176 ], [ -45.11150710638573, -21.19898306382294 ], [ -45.110968117215258, -21.198983063822951 ], [ -45.110968117215258, -21.199252558408169 ], [ -45.11150710638573, -21.199252558408176 ] ] ] } },
{ "type": "Feature", "properties": { "id_feicao": "fogo_2021_186", "ano": 2021.0, "mes": 10, "codigo_original": 3, "classe": "Formação Florestal", "cor": "#1f8d49", "area_ha": 0.083427977625187485 }, "geometry": { "type": "Polygon", "coordinates": [ [ [ -45.112585084726675, -21.198174580067231 ], [ -45.112315590141435, -21.198174580067231 ], [ -45.112315590141435, -21.198444074652475 ], [ -45.112585084726675, -21.198444074652468 ], [ -45.112585084726675, -21.198174580067231 ] ] ] } },
{ "type": "Feature", "properties": { "id_feicao": "fogo_2021_187", "ano": 2021.0, "mes": 10, "codigo_original": 3, "classe": "Formação Florestal", "cor": "#1f8d49", "area_ha": 0.16685584666412323 }, "geometry": { "type": "Polygon", "coordinates": [ [ [ -45.082940680350731, -21.197905085481995 ], [ -45.082671185765491, -21.197905085481999 ], [ -45.082671185765491, -21.198444074652464 ], [ -45.082940680350731, -21.198444074652464 ], [ -45.082940680350731, -21.197905085481995 ] ] ] } },
{ "type": "Feature", "properties": { "id_feicao": "fogo_2021_188", "ano": 2021.0, "mes": 10, "codigo_original": 12, "classe": "Formação Campestre", "cor": "#d6bc74", "area_ha": 0.083348511614704149 }, "geometry": { "type": "Polygon", "coordinates": [ [ [ -45.116896998090446, -21.342084688583185 ], [ -45.116896998090446, -21.341815193997935 ], [ -45.116627503505214, -21.341815193997949 ], [ -45.116627503505214, -21.342084688583171 ], [ -45.116896998090446, -21.342084688583185 ] ] ] } },
{ "type": "Feature", "properties": { "id_feicao": "fogo_2021_189", "ano": 2021.0, "mes": 10, "codigo_original": 12, "classe": "Formação Campestre", "cor": "#d6bc74", "area_ha": 0.083348767876697274 }, "geometry": { "type": "Polygon", "coordinates": [ [ [ -45.108273171362903, -21.341545699412706 ], [ -45.108273171362903, -21.341276204827476 ], [ -45.108003676777663, -21.341276204827476 ], [ -45.108003676777663, -21.341545699412706 ], [ -45.108273171362903, -21.341545699412706 ] ] ] } },
{ "type": "Feature", "properties": { "id_feicao": "fogo_2021_190", "ano": 2021.0, "mes": 10, "codigo_original": 12, "classe": "Formação Campestre", "cor": "#d6bc74", "area_ha": 4.8342516580549439 }, "geometry": { "type": "Polygon", "coordinates": [ [ [ -45.112585084726675, -21.340737215656993 ], [ -45.112585084726675, -21.341006710242226 ], [ -45.112315590141435, -21.341006710242237 ], [ -45.112315590141435, -21.341276204827469 ], [ -45.112585084726675, -21.341276204827469 ], [ -45.112585084726675, -21.341545699412713 ], [ -45.113124073897147, -21.341545699412698 ], [ -45.113124073897147, -21.341815193997945 ], [ -45.113932557652852, -21.341815193997945 ], [ -45.113932557652852, -21.341545699412709 ], [ -45.114741041408557, -21.341545699412702 ], [ -45.114741041408557, -21.339659237316059 ], [ -45.11339356848238, -21.339659237316059 ], [ -45.11339356848238, -21.339928731901288 ], [ -45.112854579311907, -21.339928731901296 ], [ -45.112854579311907, -21.340198226486521 ], [ -45.112315590141435, -21.340198226486521 ], [ -45.112315590141435, -21.34073721565699 ], [ -45.112585084726675, -21.340737215656993 ] ] ] } },
{ "type": "Feature", "properties": { "id_feicao": "fogo_2021_191", "ano": 2021.0, "mes": 10, "codigo_original": 12, "classe": "Formação Campestre", "cor": "#d6bc74", "area_ha": 0.16669864501445317 }, "geometry": { "type": "Polygon", "coordinates": [ [ [ -45.098840860879648, -21.340467721071761 ], [ -45.098840860879648, -21.340198226486521 ], [ -45.098301871709175, -21.340198226486525 ], [ -45.098301871709175, -21.340467721071764 ], [ -45.098840860879648, -21.340467721071761 ] ] ] } },
{ "type": "Feature", "properties": { "id_feicao": "fogo_2021_192", "ano": 2021.0, "mes": 10, "codigo_original": 12, "classe": "Formação Campestre", "cor": "#d6bc74", "area_ha": 0.16669880289649527 }, "geometry": { "type": "Polygon", "coordinates": [ [ [ -45.099649344635353, -21.340467721071757 ], [ -45.099649344635353, -21.339928731901296 ], [ -45.099379850050113, -21.339928731901303 ], [ -45.099379850050113, -21.340467721071761 ], [ -45.099649344635353, -21.340467721071757 ] ] ] } },
{ "type": "Feature", "properties": { "id_feicao": "fogo_2021_193", "ano": 2021.0, "mes": 10, "codigo_original": 12, "classe": "Formação Campestre", "cor": "#d6bc74", "area_ha": 0.16669924579261389 }, "geometry": { "type": "Polygon", "coordinates": [ [ [ -45.09911035546488, -21.339928731901299 ], [ -45.09911035546488, -21.339659237316049 ], [ -45.098571366294408, -21.339659237316059 ], [ -45.098571366294408, -21.339928731901299 ], [ -45.09911035546488, -21.339928731901299 ] ] ] } },
{ "type": "Feature", "properties": { "id_feicao": "fogo_2021_194", "ano": 2021.0, "mes": 10, "codigo_original": 12, "classe": "Formação Campestre", "cor": "#d6bc74", "area_ha": 0.16669951212130291 }, "geometry": { "type": "Polygon", "coordinates": [ [ [ -45.11150710638573, -21.339928731901292 ], [ -45.11150710638573, -21.33938974273082 ], [ -45.111237611800497, -21.33938974273082 ], [ -45.111237611800497, -21.339928731901296 ], [ -45.11150710638573, -21.339928731901292 ] ] ] } },
{ "type": "Feature", "properties": { "id_feicao": "fogo_2021_195", "ano": 2021.0, "mes": 10, "codigo_original": 12, "classe": "Formação Campestre", "cor": "#d6bc74", "area_ha": 0.083349837555304743 }, "geometry": { "type": "Polygon", "coordinates": [ [ [ -45.112854579311907, -21.339659237316056 ], [ -45.112854579311907, -21.339389742730816 ], [ -45.112585084726675, -21.33938974273082 ], [ -45.112585084726675, -21.339659237316059 ], [ -45.112854579311907, -21.339659237316056 ] ] ] } },
{ "type": "Feature", "properties": { "id_feicao": "fogo_2021_196", "ano": 2021.0, "mes": 10, "codigo_original": 12, "classe": "Formação Campestre", "cor": "#d6bc74", "area_ha": 0.083350123454044744 }, "geometry": { "type": "Polygon", "coordinates": [ [ [ -45.110159633459553, -21.33912024814558 ], [ -45.110159633459553, -21.338850753560347 ], [ -45.109890138874313, -21.338850753560344 ], [ -45.109890138874313, -21.339120248145584 ], [ -45.110159633459553, -21.33912024814558 ] ] ] } },
{ "type": "Feature", "properties": { "id_feicao": "fogo_2021_197", "ano": 2021.0, "mes": 10, "codigo_original": 12, "classe": "Formação Campestre", "cor": "#d6bc74", "area_ha": 0.083350421332535826 }, "geometry": { "type": "Polygon", "coordinates": [ [ [ -45.109890138874313, -21.338581258975115 ], [ -45.109890138874313, -21.338311764389875 ], [ -45.10962064428908, -21.338311764389879 ], [ -45.10962064428908, -21.338581258975111 ], [ -45.109890138874313, -21.338581258975115 ] ] ] } },
{ "type": "Feature", "properties": { "id_feicao": "fogo_2021_198", "ano": 2021.0, "mes": 10, "codigo_original": 12, "classe": "Formação Campestre", "cor": "#d6bc74", "area_ha": 0.33340177566302498 }, "geometry": { "type": "Polygon", "coordinates": [ [ [ -45.098571366294408, -21.338850753560347 ], [ -45.098571366294408, -21.337772775219406 ], [ -45.098301871709175, -21.337772775219406 ], [ -45.098301871709175, -21.338850753560347 ], [ -45.098571366294408, -21.338850753560347 ] ] ] } },
{ "type": "Feature", "properties": { "id_feicao": "fogo_2021_199", "ano": 2021.0, "mes": 10, "codigo_original": 12, "classe": "Formação Campestre", "cor": "#d6bc74", "area_ha": 0.083350561830119296 }, "geometry": { "type": "Polygon", "coordinates": [ [ [ -45.108003676777663, -21.338311764389875 ], [ -45.108003676777663, -21.338042269804646 ], [ -45.107734182192431, -21.338042269804639 ], [ -45.107734182192431, -21.338311764389871 ], [ -45.108003676777663, -21.338311764389875 ] ] ] } },
{ "type": "Feature", "properties": { "id_feicao": "fogo_2021_200", "ano": 2021.0, "mes": 10, "codigo_original": 12, "classe": "Formação Campestre", "cor": "#d6bc74", "area_ha": 13.169409688322245 }, "geometry": { "type": "Polygon", "coordinates": [ [ [ -45.099649344635353, -21.337772775219403 ], [ -45.099379850050113, -21.33777277521941 ], [ -45.099379850050113, -21.338042269804639 ], [ -45.099649344635353, -21.338042269804646 ], [ -45.099649344635353, -21.338311764389871 ], [ -45.099918839220585, -21.338311764389868 ], [ -45.099918839220585, -21.338581258975108 ], [ -45.099379850050113, -21.338581258975108 ], [ -45.099379850050113, -21.338850753560344 ], [ -45.099649344635353, -21.338850753560344 ], [ -45.099649344635353, -21.33912024814558 ], [ -45.099918839220585, -21.339120248145591 ], [ -45.099918839220585, -21.339928731901299 ], [ -45.100188333805825, -21.339928731901296 ], [ -45.100188333805825, -21.340198226486528 ], [ -45.100727322976297, -21.340198226486525 ], [ -45.100727322976297, -21.338581258975108 ], [ -45.103152774243419, -21.338581258975111 ], [ -45.103152774243419, -21.338850753560347 ], [ -45.103422268828652, -21.33885075356034 ], [ -45.103422268828652, -21.338581258975115 ], [ -45.103961257999124, -21.338581258975108 ], [ -45.103961257999124, -21.338850753560344 ], [ -45.104230752584364, -21.338850753560344 ], [ -45.104230752584364, -21.338581258975111 ], [ -45.104500247169597, -21.338581258975108 ], [ -45.104500247169597, -21.338850753560347 ], [ -45.105039236340069, -21.338850753560347 ], [ -45.105039236340069, -21.339389742730816 ], [ -45.105847720095774, -21.339389742730823 ], [ -45.105847720095774, -21.339928731901292 ], [ -45.106117214681014, -21.339928731901288 ], [ -45.106117214681014, -21.339120248145594 ], [ -45.105847720095774, -21.339120248145584 ], [ -45.105847720095774, -21.338850753560351 ], [ -45.105578225510541, -21.338850753560344 ], [ -45.105578225510541, -21.338311764389875 ], [ -45.105308730925309, -21.338311764389879 ], [ -45.105308730925309, -21.338042269804642 ], [ -45.104769741754836, -21.338042269804639 ], [ -45.104769741754836, -21.338311764389864 ], [ -45.104500247169597, -21.338311764389871 ], [ -45.104500247169597, -21.338042269804642 ], [ -45.104230752584364, -21.338042269804639 ], [ -45.104230752584364, -21.337772775219399 ], [ -45.103961257999124, -21.337772775219399 ], [ -45.103961257999124, -21.338311764389875 ], [ -45.103691763413892, -21.338311764389879 ], [ -45.103691763413892, -21.338042269804639 ], [ -45.103422268828652, -21.338042269804646 ], [ -45.103422268828652, -21.336425302293229 ], [ -45.103152774243419, -21.336425302293225 ], [ -45.103152774243419, -21.336155807707986 ], [ -45.10099681756153, -21.336155807707996 ], [ -45.10099681756153, -21.336425302293222 ], [ -45.100727322976297, -21.336425302293229 ], [ -45.100727322976297, -21.336964291463694 ], [ -45.100188333805825, -21.336964291463701 ], [ -45.100188333805825, -21.337233786048937 ], [ -45.099649344635353, -21.33723378604893 ], [ -45.099649344635353, -21.337772775219403 ] ], [ [ -45.105039236340069, -21.338311764389871 ], [ -45.105039236340069, -21.338581258975118 ], [ -45.104769741754836, -21.338581258975108 ], [ -45.104769741754836, -21.338311764389864 ], [ -45.105039236340069, -21.338311764389871 ] ] ] } },
{ "type": "Feature", "properties": { "id_feicao": "fogo_2021_201", "ano": 2021.0, "mes": 10, "codigo_original": 12, "classe": "Formação Campestre", "cor": "#d6bc74", "area_ha": 0.08335069619793084 }, "geometry": { "type": "Polygon", "coordinates": [ [ [ -45.104769741754836, -21.338042269804639 ], [ -45.104769741754836, -21.337772775219406 ], [ -45.104500247169597, -21.337772775219406 ], [ -45.104500247169597, -21.338042269804642 ], [ -45.104769741754836, -21.338042269804639 ] ] ] } },
{ "type": "Feature", "properties": { "id_feicao": "fogo_2021_202", "ano": 2021.0, "mes": 10, "codigo_original": 12, "classe": "Formação Campestre", "cor": "#d6bc74", "area_ha": 0.25005284436528546 }, "geometry": { "type": "Polygon", "coordinates": [ [ [ -45.10962064428908, -21.337233786048937 ], [ -45.10962064428908, -21.33777277521941 ], [ -45.109890138874313, -21.337772775219403 ], [ -45.109890138874313, -21.337503280634166 ], [ -45.110159633459553, -21.337503280634177 ], [ -45.110159633459553, -21.33723378604893 ], [ -45.10962064428908, -21.337233786048937 ] ] ] } },
{ "type": "Feature", "properties": { "id_feicao": "fogo_2021_203", "ano": 2021.0, "mes": 10, "codigo_original": 12, "classe": "Formação Campestre", "cor": "#d6bc74", "area_ha": 0.083351591215869214 }, "geometry": { "type": "Polygon", "coordinates": [ [ [ -45.104230752584364, -21.336425302293222 ], [ -45.104230752584364, -21.336155807707986 ], [ -45.103961257999124, -21.336155807707996 ], [ -45.103961257999124, -21.336425302293222 ], [ -45.104230752584364, -21.336425302293222 ] ] ] } },
{ "type": "Feature", "properties": { "id_feicao": "fogo_2021_204", "ano": 2021.0, "mes": 10, "codigo_original": 12, "classe": "Formação Campestre", "cor": "#d6bc74", "area_ha": 0.083352195773953378 }, "geometry": { "type": "Polygon", "coordinates": [ [ [ -45.105578225510541, -21.335347323952281 ], [ -45.105578225510541, -21.335077829367052 ], [ -45.105308730925309, -21.335077829367052 ], [ -45.105308730925309, -21.335347323952281 ], [ -45.105578225510541, -21.335347323952281 ] ] ] } },
{ "type": "Feature", "properties": { "id_feicao": "fogo_2021_205", "ano": 2021.0, "mes": 10, "codigo_original": 12, "classe": "Formação Campestre", "cor": "#d6bc74", "area_ha": 0.41676291747342914 }, "geometry": { "type": "Polygon", "coordinates": [ [ [ -45.106386709266246, -21.334538840196576 ], [ -45.106386709266246, -21.334269345611339 ], [ -45.105847720095774, -21.334269345611336 ], [ -45.105847720095774, -21.334538840196572 ], [ -45.105308730925309, -21.334538840196576 ], [ -45.105308730925309, -21.334808334781808 ], [ -45.106117214681014, -21.334808334781808 ], [ -45.106117214681014, -21.334538840196579 ], [ -45.106386709266246, -21.334538840196576 ] ] ] } },
{ "type": "Feature", "properties": { "id_feicao": "fogo_2021_206", "ano": 2021.0, "mes": 10, "codigo_original": 12, "classe": "Formação Campestre", "cor": "#d6bc74", "area_ha": 1.083585776454379 }, "geometry": { "type": "Polygon", "coordinates": [ [ [ -45.104769741754836, -21.334808334781805 ], [ -45.104769741754836, -21.334269345611336 ], [ -45.105039236340069, -21.334269345611343 ], [ -45.105039236340069, -21.3339998510261 ], [ -45.104769741754836, -21.333999851026107 ], [ -45.104769741754836, -21.33373035644086 ], [ -45.105039236340069, -21.333730356440874 ], [ -45.105039236340069, -21.333460861855642 ], [ -45.104230752584364, -21.333460861855638 ], [ -45.104230752584364, -21.334538840196572 ], [ -45.104500247169597, -21.334538840196572 ], [ -45.104500247169597, -21.335077829367048 ], [ -45.105039236340069, -21.335077829367044 ], [ -45.105039236340069, -21.334808334781805 ], [ -45.104769741754836, -21.334808334781805 ] ] ] } },
{ "type": "Feature", "properties": { "id_feicao": "fogo_2021_207", "ano": 2021.0, "mes": 10, "codigo_original": 12, "classe": "Formação Campestre", "cor": "#d6bc74", "area_ha": 0.083352795312990474 }, "geometry": { "type": "Polygon", "coordinates": [ [ [ -45.105847720095774, -21.334269345611336 ], [ -45.105847720095774, -21.33399985102611 ], [ -45.105578225510541, -21.33399985102611 ], [ -45.105578225510541, -21.334269345611347 ], [ -45.105847720095774, -21.334269345611336 ] ] ] } },
{ "type": "Feature", "properties": { "id_feicao": "fogo_2021_208", "ano": 2021.0, "mes": 10, "codigo_original": 12, "classe": "Formação Campestre", "cor": "#d6bc74", "area_ha": 0.08335294236009741 }, "geometry": { "type": "Polygon", "coordinates": [ [ [ -45.105308730925309, -21.333999851026107 ], [ -45.105308730925309, -21.333730356440867 ], [ -45.105039236340069, -21.333730356440874 ], [ -45.105039236340069, -21.3339998510261 ], [ -45.105308730925309, -21.333999851026107 ] ] ] } },
{ "type": "Feature", "properties": { "id_feicao": "fogo_2021_209", "ano": 2021.0, "mes": 10, "codigo_original": 12, "classe": "Formação Campestre", "cor": "#d6bc74", "area_ha": 0.75086517631992722 }, "geometry": { "type": "Polygon", "coordinates": [ [ [ -45.116358008919974, -21.195749128800109 ], [ -45.116358008919974, -21.195210139629641 ], [ -45.115280030579029, -21.195210139629641 ], [ -45.115280030579029, -21.195749128800109 ], [ -45.115549525164269, -21.195749128800102 ], [ -45.115549525164269, -21.196018623385342 ], [ -45.115819019749502, -21.196018623385346 ], [ -45.115819019749502, -21.195749128800109 ], [ -45.116358008919974, -21.195749128800109 ] ] ] } },
{ "type": "Feature", "properties": { "id_feicao": "fogo_2021_210", "ano": 2021.0, "mes": 10, "codigo_original": 12, "classe": "Formação Campestre", "cor": "#d6bc74", "area_ha": 0.083347962641571946 }, "geometry": { "type": "Polygon", "coordinates": [ [ [ -45.095606925856814, -21.342893172338893 ], [ -45.095606925856814, -21.342623677753654 ], [ -45.095337431271581, -21.342623677753654 ], [ -45.095337431271581, -21.342893172338879 ], [ -45.095606925856814, -21.342893172338893 ] ] ] } },
{ "type": "Feature", "properties": { "id_feicao": "fogo_2021_211", "ano": 2021.0, "mes": 10, "codigo_original": 12, "classe": "Formação Campestre", "cor": "#d6bc74", "area_ha": 0.083348249542425271 }, "geometry": { "type": "Polygon", "coordinates": [ [ [ -45.092642485419219, -21.34235418316841 ], [ -45.092642485419219, -21.342084688583174 ], [ -45.092372990833987, -21.342084688583171 ], [ -45.092372990833987, -21.342354183168425 ], [ -45.092642485419219, -21.34235418316841 ] ] ] } },
{ "type": "Feature", "properties": { "id_feicao": "fogo_2021_212", "ano": 2021.0, "mes": 10, "codigo_original": 12, "classe": "Formação Campestre", "cor": "#d6bc74", "area_ha": 0.16669668950957203 }, "geometry": { "type": "Polygon", "coordinates": [ [ [ -45.097493387953463, -21.34235418316841 ], [ -45.097493387953463, -21.341815193997949 ], [ -45.097223893368231, -21.341815193997949 ], [ -45.097223893368231, -21.342354183168418 ], [ -45.097493387953463, -21.34235418316841 ] ] ] } },
{ "type": "Feature", "properties": { "id_feicao": "fogo_2021_213", "ano": 2021.0, "mes": 10, "codigo_original": 12, "classe": "Formação Campestre", "cor": "#d6bc74", "area_ha": 0.16669664429562672 }, "geometry": { "type": "Polygon", "coordinates": [ [ [ -45.092103496248747, -21.342354183168418 ], [ -45.092103496248747, -21.341815193997942 ], [ -45.091834001663514, -21.341815193997945 ], [ -45.091834001663514, -21.342354183168425 ], [ -45.092103496248747, -21.342354183168418 ] ] ] } },
{ "type": "Feature", "properties": { "id_feicao": "fogo_2021_214", "ano": 2021.0, "mes": 10, "codigo_original": 12, "classe": "Formação Campestre", "cor": "#d6bc74", "area_ha": 0.083348568024380343 }, "geometry": { "type": "Polygon", "coordinates": [ [ [ -45.097223893368231, -21.341815193997949 ], [ -45.097223893368231, -21.341545699412702 ], [ -45.096954398782991, -21.341545699412702 ], [ -45.096954398782991, -21.341815193997942 ], [ -45.097223893368231, -21.341815193997949 ] ] ] } },
{ "type": "Feature", "properties": { "id_feicao": "fogo_2021_215", "ano": 2021.0, "mes": 10, "codigo_original": 12, "classe": "Formação Campestre", "cor": "#d6bc74", "area_ha": 0.083348718797770199 }, "geometry": { "type": "Polygon", "coordinates": [ [ [ -45.097493387953463, -21.341545699412702 ], [ -45.097493387953463, -21.341276204827473 ], [ -45.097223893368231, -21.341276204827469 ], [ -45.097223893368231, -21.341545699412702 ], [ -45.097493387953463, -21.341545699412702 ] ] ] } },
{ "type": "Feature", "properties": { "id_feicao": "fogo_2021_216", "ano": 2021.0, "mes": 10, "codigo_original": 12, "classe": "Formação Campestre", "cor": "#d6bc74", "area_ha": 0.16669754639871412 }, "geometry": { "type": "Polygon", "coordinates": [ [ [ -45.092642485419219, -21.341545699412698 ], [ -45.092642485419219, -21.341006710242233 ], [ -45.092372990833987, -21.34100671024223 ], [ -45.092372990833987, -21.341545699412713 ], [ -45.092642485419219, -21.341545699412698 ] ] ] } },
{ "type": "Feature", "properties": { "id_feicao": "fogo_2021_217", "ano": 2021.0, "mes": 10, "codigo_original": 12, "classe": "Formação Campestre", "cor": "#d6bc74", "area_ha": 0.083349018021857679 }, "geometry": { "type": "Polygon", "coordinates": [ [ [ -45.097493387953463, -21.341006710242237 ], [ -45.097493387953463, -21.340737215657004 ], [ -45.097223893368231, -21.340737215657004 ], [ -45.097223893368231, -21.341006710242233 ], [ -45.097493387953463, -21.341006710242237 ] ] ] } },
{ "type": "Feature", "properties": { "id_feicao": "fogo_2021_218", "ano": 2021.0, "mes": 10, "codigo_original": 12, "classe": "Formação Campestre", "cor": "#d6bc74", "area_ha": 0.16669848720320368 }, "geometry": { "type": "Polygon", "coordinates": [ [ [ -45.097762882538703, -21.340737215657001 ], [ -45.097762882538703, -21.340198226486525 ], [ -45.097493387953463, -21.340198226486528 ], [ -45.097493387953463, -21.340737215657004 ], [ -45.097762882538703, -21.340737215657001 ] ] ] } },
{ "type": "Feature", "properties": { "id_feicao": "fogo_2021_219", "ano": 2021.0, "mes": 10, "codigo_original": 12, "classe": "Formação Campestre", "cor": "#d6bc74", "area_ha": 3.7507236491649252 }, "geometry": { "type": "Polygon", "coordinates": [ [ [ -45.095606925856814, -21.341276204827473 ], [ -45.095876420442053, -21.341276204827466 ], [ -45.095876420442053, -21.341815193997945 ], [ -45.096415409612518, -21.341815193997942 ], [ -45.096415409612518, -21.341545699412706 ], [ -45.096954398782991, -21.341545699412702 ], [ -45.096954398782991, -21.34073721565699 ], [ -45.096415409612518, -21.340737215657004 ], [ -45.096415409612518, -21.340467721071761 ], [ -45.096954398782991, -21.340467721071757 ], [ -45.096954398782991, -21.340198226486532 ], [ -45.097493387953463, -21.340198226486528 ], [ -45.097493387953463, -21.339928731901303 ], [ -45.096684904197758, -21.339928731901288 ], [ -45.096684904197758, -21.339389742730816 ], [ -45.096145915027286, -21.339389742730816 ], [ -45.096145915027286, -21.338850753560344 ], [ -45.095876420442053, -21.338850753560354 ], [ -45.095876420442053, -21.339120248145591 ], [ -45.095606925856814, -21.339120248145587 ], [ -45.095606925856814, -21.338581258975115 ], [ -45.094528947515869, -21.338581258975104 ], [ -45.094528947515869, -21.339120248145587 ], [ -45.095337431271581, -21.339120248145584 ], [ -45.095337431271581, -21.339389742730816 ], [ -45.095876420442053, -21.339389742730823 ], [ -45.095876420442053, -21.340467721071764 ], [ -45.095606925856814, -21.340467721071757 ], [ -45.095606925856814, -21.341276204827473 ] ], [ [ -45.096684904197758, -21.341006710242226 ], [ -45.096684904197758, -21.341276204827469 ], [ -45.096145915027286, -21.341276204827476 ], [ -45.096145915027286, -21.341006710242233 ], [ -45.096684904197758, -21.341006710242226 ] ] ] } },
{ "type": "Feature", "properties": { "id_feicao": "fogo_2021_220", "ano": 2021.0, "mes": 10, "codigo_original": 12, "classe": "Formação Campestre", "cor": "#d6bc74", "area_ha": 0.16669968871152033 }, "geometry": { "type": "Polygon", "coordinates": [ [ [ -45.098301871709175, -21.339659237316059 ], [ -45.098301871709175, -21.339120248145591 ], [ -45.098032377123936, -21.339120248145587 ], [ -45.098032377123936, -21.339659237316059 ], [ -45.098301871709175, -21.339659237316059 ] ] ] } },
{ "type": "Feature", "properties": { "id_feicao": "fogo_2021_221", "ano": 2021.0, "mes": 10, "codigo_original": 12, "classe": "Formação Campestre", "cor": "#d6bc74", "area_ha": 0.083349916819988809 }, "geometry": { "type": "Polygon", "coordinates": [ [ [ -45.097762882538703, -21.33938974273082 ], [ -45.097762882538703, -21.339120248145591 ], [ -45.097493387953463, -21.339120248145584 ], [ -45.097493387953463, -21.339389742730827 ], [ -45.097762882538703, -21.33938974273082 ] ] ] } },
{ "type": "Feature", "properties": { "id_feicao": "fogo_2021_222", "ano": 2021.0, "mes": 10, "codigo_original": 12, "classe": "Formação Campestre", "cor": "#d6bc74", "area_ha": 0.083350216014172931 }, "geometry": { "type": "Polygon", "coordinates": [ [ [ -45.097762882538703, -21.338850753560358 ], [ -45.097762882538703, -21.338581258975115 ], [ -45.097493387953463, -21.338581258975111 ], [ -45.097493387953463, -21.33885075356034 ], [ -45.097762882538703, -21.338850753560358 ] ] ] } },
{ "type": "Feature", "properties": { "id_feicao": "fogo_2021_223", "ano": 2021.0, "mes": 10, "codigo_original": 12, "classe": "Formação Campestre", "cor": "#d6bc74", "area_ha": 0.083350366777494952 }, "geometry": { "type": "Polygon", "coordinates": [ [ [ -45.098032377123936, -21.338581258975111 ], [ -45.098032377123936, -21.338311764389879 ], [ -45.097762882538703, -21.338311764389871 ], [ -45.097762882538703, -21.338581258975115 ], [ -45.098032377123936, -21.338581258975111 ] ] ] } },
{ "type": "Feature", "properties": { "id_feicao": "fogo_2021_224", "ano": 2021.0, "mes": 10, "codigo_original": 12, "classe": "Formação Campestre", "cor": "#d6bc74", "area_ha": 0.33340201709516332 }, "geometry": { "type": "Polygon", "coordinates": [ [ [ -45.095606925856814, -21.338311764389871 ], [ -45.095606925856814, -21.338042269804646 ], [ -45.094528947515869, -21.338042269804646 ], [ -45.094528947515869, -21.338311764389879 ], [ -45.095606925856814, -21.338311764389871 ] ] ] } },
{ "type": "Feature", "properties": { "id_feicao": "fogo_2021_225", "ano": 2021.0, "mes": 10, "codigo_original": 12, "classe": "Formação Campestre", "cor": "#d6bc74", "area_ha": 1.3336080903285945 }, "geometry": { "type": "Polygon", "coordinates": [ [ [ -45.097223893368231, -21.338311764389879 ], [ -45.097223893368231, -21.33777277521941 ], [ -45.095876420442053, -21.337772775219403 ], [ -45.095876420442053, -21.337503280634174 ], [ -45.095606925856814, -21.337503280634177 ], [ -45.095606925856814, -21.338042269804646 ], [ -45.095876420442053, -21.338042269804649 ], [ -45.095876420442053, -21.338581258975104 ], [ -45.096954398782991, -21.338581258975115 ], [ -45.096954398782991, -21.338311764389864 ], [ -45.097223893368231, -21.338311764389879 ] ] ] } },
{ "type": "Feature", "properties": { "id_feicao": "fogo_2021_226", "ano": 2021.0, "mes": 10, "codigo_original": 12, "classe": "Formação Campestre", "cor": "#d6bc74", "area_ha": 0.4167559865941558 }, "geometry": { "type": "Polygon", "coordinates": [ [ [ -45.093450969174924, -21.336694796878465 ], [ -45.093450969174924, -21.33723378604893 ], [ -45.094259452930636, -21.33723378604893 ], [ -45.094259452930636, -21.336964291463705 ], [ -45.093989958345396, -21.336964291463694 ], [ -45.093989958345396, -21.336694796878458 ], [ -45.093450969174924, -21.336694796878465 ] ] ] } },
{ "type": "Feature", "properties": { "id_feicao": "fogo_2021_227", "ano": 2021.0, "mes": 10, "codigo_original": 12, "classe": "Formação Campestre", "cor": "#d6bc74", "area_ha": 0.083351544056709331 }, "geometry": { "type": "Polygon", "coordinates": [ [ [ -45.093450969174924, -21.336425302293222 ], [ -45.093450969174924, -21.336155807708 ], [ -45.093181474589692, -21.336155807707996 ], [ -45.093181474589692, -21.336425302293222 ], [ -45.093450969174924, -21.336425302293222 ] ] ] } },
{ "type": "Feature", "properties": { "id_feicao": "fogo_2021_228", "ano": 2021.0, "mes": 10, "codigo_original": 12, "classe": "Formação Campestre", "cor": "#d6bc74", "area_ha": 0.083351839888718679 }, "geometry": { "type": "Polygon", "coordinates": [ [ [ -45.092642485419219, -21.335886313122753 ], [ -45.092642485419219, -21.33561681853752 ], [ -45.092372990833987, -21.335616818537524 ], [ -45.092372990833987, -21.335886313122757 ], [ -45.092642485419219, -21.335886313122753 ] ] ] } },
{ "type": "Feature", "properties": { "id_feicao": "fogo_2021_229", "ano": 2021.0, "mes": 10, "codigo_original": 12, "classe": "Formação Campestre", "cor": "#d6bc74", "area_ha": 63.265165069142157 }, "geometry": { "type": "Polygon", "coordinates": [ [ [ -45.095876420442053, -21.330765916003273 ], [ -45.095606925856814, -21.330765916003273 ], [ -45.095606925856814, -21.331035410588516 ], [ -45.095337431271581, -21.331035410588512 ], [ -45.095337431271581, -21.330765916003269 ], [ -45.095067936686341, -21.330765916003269 ], [ -45.095067936686341, -21.331035410588509 ], [ -45.094528947515869, -21.331035410588512 ], [ -45.094528947515869, -21.331574399758971 ], [ -45.094259452930636, -21.331574399758978 ], [ -45.094259452930636, -21.331843894344214 ], [ -45.093989958345396, -21.33184389434421 ], [ -45.093989958345396, -21.330765916003269 ], [ -45.091834001663514, -21.33076591600328 ], [ -45.091834001663514, -21.330496421418037 ], [ -45.090756023322569, -21.33049642141804 ], [ -45.090756023322569, -21.331843894344221 ], [ -45.08886956122592, -21.331843894344217 ], [ -45.08886956122592, -21.332382883514693 ], [ -45.088330572055447, -21.332382883514693 ], [ -45.088330572055447, -21.332652378099922 ], [ -45.087791582884975, -21.332652378099922 ], [ -45.087791582884975, -21.333191367270395 ], [ -45.088061077470208, -21.333191367270395 ], [ -45.088061077470208, -21.333460861855635 ], [ -45.088330572055447, -21.333460861855642 ], [ -45.088330572055447, -21.333730356440871 ], [ -45.088061077470208, -21.333730356440874 ], [ -45.088061077470208, -21.333999851026103 ], [ -45.087522088299735, -21.333999851026107 ], [ -45.087522088299735, -21.334538840196572 ], [ -45.087791582884975, -21.334538840196576 ], [ -45.087791582884975, -21.335077829367052 ], [ -45.088061077470208, -21.335077829367044 ], [ -45.088061077470208, -21.335347323952277 ], [ -45.088330572055447, -21.335347323952281 ], [ -45.088330572055447, -21.33561681853752 ], [ -45.088061077470208, -21.335616818537524 ], [ -45.088061077470208, -21.33588631312276 ], [ -45.088330572055447, -21.33588631312276 ], [ -45.088330572055447, -21.336155807707996 ], [ -45.08886956122592, -21.336155807707989 ], [ -45.08886956122592, -21.33561681853752 ], [ -45.089139055811152, -21.335616818537524 ], [ -45.089139055811152, -21.335077829367044 ], [ -45.089408550396392, -21.335077829367048 ], [ -45.089408550396392, -21.335347323952284 ], [ -45.090217034152097, -21.335347323952281 ], [ -45.090217034152097, -21.335616818537513 ], [ -45.09048652873733, -21.335616818537517 ], [ -45.09048652873733, -21.335347323952284 ], [ -45.091295012493042, -21.335347323952281 ], [ -45.091295012493042, -21.335077829367044 ], [ -45.091564507078274, -21.335077829367048 ], [ -45.091564507078274, -21.335347323952284 ], [ -45.091834001663514, -21.335347323952288 ], [ -45.091834001663514, -21.335077829367052 ], [ -45.092103496248747, -21.335077829367044 ], [ -45.092103496248747, -21.334808334781812 ], [ -45.092642485419219, -21.334808334781815 ], [ -45.092642485419219, -21.335347323952277 ], [ -45.093181474589692, -21.335347323952284 ], [ -45.093181474589692, -21.335616818537527 ], [ -45.092911980004459, -21.33561681853752 ], [ -45.092911980004459, -21.335886313122757 ], [ -45.093720463760164, -21.335886313122753 ], [ -45.093720463760164, -21.336155807707996 ], [ -45.093989958345396, -21.336155807707986 ], [ -45.093989958345396, -21.336425302293222 ], [ -45.094259452930636, -21.336425302293232 ], [ -45.094259452930636, -21.336694796878454 ], [ -45.095337431271581, -21.336694796878461 ], [ -45.095337431271581, -21.337233786048927 ], [ -45.095606925856814, -21.337233786048941 ], [ -45.095606925856814, -21.335077829367052 ], [ -45.095876420442053, -21.335077829367048 ], [ -45.095876420442053, -21.334538840196572 ], [ -45.096145915027286, -21.334538840196579 ], [ -45.096145915027286, -21.333730356440878 ], [ -45.095876420442053, -21.333730356440871 ], [ -45.095876420442053, -21.333460861855638 ], [ -45.096145915027286, -21.333460861855635 ], [ -45.096145915027286, -21.333191367270395 ], [ -45.09911035546488, -21.333191367270402 ], [ -45.09911035546488, -21.333460861855631 ], [ -45.099379850050113, -21.333460861855627 ], [ -45.099379850050113, -21.334269345611339 ], [ -45.099649344635353, -21.334269345611339 ], [ -45.099649344635353, -21.334538840196579 ], [ -45.100727322976297, -21.334538840196579 ], [ -45.100727322976297, -21.33561681853752 ], [ -45.10099681756153, -21.335616818537524 ], [ -45.10099681756153, -21.335077829367044 ], [ -45.101805301317242, -21.335077829367041 ], [ -45.101805301317242, -21.334538840196579 ], [ -45.102344290487714, -21.334538840196572 ], [ -45.102344290487714, -21.331574399758978 ], [ -45.102074795902475, -21.331574399758985 ], [ -45.102074795902475, -21.331304905173752 ], [ -45.100727322976297, -21.331304905173745 ], [ -45.100727322976297, -21.329418443077088 ], [ -45.100457828391058, -21.329418443077099 ], [ -45.100457828391058, -21.331035410588512 ], [ -45.098301871709175, -21.331035410588509 ], [ -45.098301871709175, -21.33049642141804 ], [ -45.096684904197758, -21.330496421418029 ], [ -45.096684904197758, -21.329957432247561 ], [ -45.095876420442053, -21.329957432247557 ], [ -45.095876420442053, -21.330765916003273 ] ], [ [ -45.089139055811152, -21.334808334781805 ], [ -45.089139055811152, -21.334538840196576 ], [ -45.089408550396392, -21.334538840196576 ], [ -45.089408550396392, -21.334808334781815 ], [ -45.089139055811152, -21.334808334781805 ] ], [ [ -45.089139055811152, -21.333730356440874 ], [ -45.08886956122592, -21.333730356440871 ], [ -45.08886956122592, -21.333460861855638 ], [ -45.089139055811152, -21.333460861855631 ], [ -45.089139055811152, -21.333730356440874 ] ], [ [ -45.096684904197758, -21.332921872685159 ], [ -45.096415409612518, -21.332921872685159 ], [ -45.096415409612518, -21.332652378099922 ], [ -45.096684904197758, -21.332652378099926 ], [ -45.096684904197758, -21.332921872685159 ] ], [ [ -45.095876420442053, -21.332921872685169 ], [ -45.095606925856814, -21.332921872685166 ], [ -45.095606925856814, -21.332652378099926 ], [ -45.095876420442053, -21.332652378099915 ], [ -45.095876420442053, -21.332921872685169 ] ], [ [ -45.095337431271581, -21.332921872685162 ], [ -45.094528947515869, -21.332921872685166 ], [ -45.094528947515869, -21.332382883514686 ], [ -45.095337431271581, -21.332382883514676 ], [ -45.095337431271581, -21.332921872685162 ] ], [ [ -45.092103496248747, -21.332652378099919 ], [ -45.091834001663514, -21.332652378099926 ], [ -45.091834001663514, -21.332382883514686 ], [ -45.092103496248747, -21.33238288351469 ], [ -45.092103496248747, -21.332652378099919 ] ], [ [ -45.095337431271581, -21.33211338892945 ], [ -45.095067936686341, -21.332113388929443 ], [ -45.095067936686341, -21.331843894344217 ], [ -45.095337431271581, -21.33184389434421 ], [ -45.095337431271581, -21.33211338892945 ] ] ] } },
{ "type": "Feature", "properties": { "id_feicao": "fogo_2021_230", "ano": 2021.0, "mes": 10, "codigo_original": 12, "classe": "Formação Campestre", "cor": "#d6bc74", "area_ha": 0.083354987271041542 }, "geometry": { "type": "Polygon", "coordinates": [ [ [ -45.094259452930636, -21.330226926832797 ], [ -45.094259452930636, -21.329957432247561 ], [ -45.093989958345396, -21.329957432247564 ], [ -45.093989958345396, -21.330226926832804 ], [ -45.094259452930636, -21.330226926832797 ] ] ] } },
{ "type": "Feature", "properties": { "id_feicao": "fogo_2021_231", "ano": 2021.0, "mes": 10, "codigo_original": 12, "classe": "Formação Campestre", "cor": "#d6bc74", "area_ha": 0.083355293147741663 }, "geometry": { "type": "Polygon", "coordinates": [ [ [ -45.095876420442053, -21.329687937662332 ], [ -45.095876420442053, -21.329418443077095 ], [ -45.095606925856814, -21.329418443077092 ], [ -45.095606925856814, -21.329687937662332 ], [ -45.095876420442053, -21.329687937662332 ] ] ] } },
{ "type": "Feature", "properties": { "id_feicao": "fogo_2021_232", "ano": 2021.0, "mes": 10, "codigo_original": 12, "classe": "Formação Campestre", "cor": "#d6bc74", "area_ha": 0.083348087964072878 }, "geometry": { "type": "Polygon", "coordinates": [ [ [ -45.089678044981625, -21.342623677753654 ], [ -45.089678044981625, -21.342354183168418 ], [ -45.089408550396392, -21.342354183168414 ], [ -45.089408550396392, -21.342623677753657 ], [ -45.089678044981625, -21.342623677753654 ] ] ] } },
{ "type": "Feature", "properties": { "id_feicao": "fogo_2021_233", "ano": 2021.0, "mes": 10, "codigo_original": 12, "classe": "Formação Campestre", "cor": "#d6bc74", "area_ha": 0.08334824514786765 }, "geometry": { "type": "Polygon", "coordinates": [ [ [ -45.091564507078274, -21.342354183168418 ], [ -45.091564507078274, -21.342084688583185 ], [ -45.091295012493042, -21.342084688583181 ], [ -45.091295012493042, -21.342354183168418 ], [ -45.091564507078274, -21.342354183168418 ] ] ] } },
{ "type": "Feature", "properties": { "id_feicao": "fogo_2021_234", "ano": 2021.0, "mes": 10, "codigo_original": 12, "classe": "Formação Campestre", "cor": "#d6bc74", "area_ha": 0.33339326895201504 }, "geometry": { "type": "Polygon", "coordinates": [ [ [ -45.091025517907802, -21.342354183168414 ], [ -45.091025517907802, -21.341815193997942 ], [ -45.09048652873733, -21.341815193997949 ], [ -45.09048652873733, -21.342354183168418 ], [ -45.091025517907802, -21.342354183168414 ] ] ] } },
{ "type": "Feature", "properties": { "id_feicao": "fogo_2021_235", "ano": 2021.0, "mes": 10, "codigo_original": 12, "classe": "Formação Campestre", "cor": "#d6bc74", "area_ha": 0.16669663874765112 }, "geometry": { "type": "Polygon", "coordinates": [ [ [ -44.929867755936762, -21.342084688583178 ], [ -44.929867755936762, -21.341815193997938 ], [ -44.92932876676629, -21.341815193997938 ], [ -44.92932876676629, -21.342084688583171 ], [ -44.929867755936762, -21.342084688583178 ] ] ] } },
{ "type": "Feature", "properties": { "id_feicao": "fogo_2021_236", "ano": 2021.0, "mes": 10, "codigo_original": 12, "classe": "Formação Campestre", "cor": "#d6bc74", "area_ha": 0.16669722969967138 }, "geometry": { "type": "Polygon", "coordinates": [ [ [ -45.09048652873733, -21.341815193997949 ], [ -45.09048652873733, -21.341276204827476 ], [ -45.090217034152097, -21.341276204827473 ], [ -45.090217034152097, -21.341815193997938 ], [ -45.09048652873733, -21.341815193997949 ] ] ] } },
{ "type": "Feature", "properties": { "id_feicao": "fogo_2021_237", "ano": 2021.0, "mes": 10, "codigo_original": 12, "classe": "Formação Campestre", "cor": "#d6bc74", "area_ha": 0.08334883819115084 }, "geometry": { "type": "Polygon", "coordinates": [ [ [ -45.090217034152097, -21.341276204827473 ], [ -45.090217034152097, -21.34100671024223 ], [ -45.089947539566865, -21.341006710242237 ], [ -45.089947539566865, -21.341276204827466 ], [ -45.090217034152097, -21.341276204827473 ] ] ] } },
{ "type": "Feature", "properties": { "id_feicao": "fogo_2021_238", "ano": 2021.0, "mes": 10, "codigo_original": 12, "classe": "Formação Campestre", "cor": "#d6bc74", "area_ha": 0.083349435558218915 }, "geometry": { "type": "Polygon", "coordinates": [ [ [ -45.089947539566865, -21.340198226486532 ], [ -45.089947539566865, -21.339928731901288 ], [ -45.089678044981625, -21.339928731901292 ], [ -45.089678044981625, -21.340198226486535 ], [ -45.089947539566865, -21.340198226486532 ] ] ] } },
{ "type": "Feature", "properties": { "id_feicao": "fogo_2021_239", "ano": 2021.0, "mes": 10, "codigo_original": 12, "classe": "Formação Campestre", "cor": "#d6bc74", "area_ha": 0.083349584087673026 }, "geometry": { "type": "Polygon", "coordinates": [ [ [ -45.089678044981625, -21.339928731901292 ], [ -45.089678044981625, -21.339659237316052 ], [ -45.089408550396392, -21.339659237316059 ], [ -45.089408550396392, -21.339928731901303 ], [ -45.089678044981625, -21.339928731901292 ] ] ] } },
{ "type": "Feature", "properties": { "id_feicao": "fogo_2021_240", "ano": 2021.0, "mes": 10, "codigo_original": 12, "classe": "Formação Campestre", "cor": "#d6bc74", "area_ha": 0.083349581952920193 }, "geometry": { "type": "Polygon", "coordinates": [ [ [ -45.089139055811152, -21.339928731901292 ], [ -45.089139055811152, -21.339659237316049 ], [ -45.08886956122592, -21.339659237316063 ], [ -45.08886956122592, -21.339928731901292 ], [ -45.089139055811152, -21.339928731901292 ] ] ] } },
{ "type": "Feature", "properties": { "id_feicao": "fogo_2021_241", "ano": 2021.0, "mes": 10, "codigo_original": 12, "classe": "Formação Campestre", "cor": "#d6bc74", "area_ha": 0.25004897324324404 }, "geometry": { "type": "Polygon", "coordinates": [ [ [ -45.088330572055447, -21.339389742730816 ], [ -45.088330572055447, -21.339928731901285 ], [ -45.08860006664068, -21.339928731901296 ], [ -45.08860006664068, -21.339659237316067 ], [ -45.08886956122592, -21.339659237316063 ], [ -45.08886956122592, -21.33938974273082 ], [ -45.088330572055447, -21.339389742730816 ] ] ] } },
{ "type": "Feature", "properties": { "id_feicao": "fogo_2021_242", "ano": 2021.0, "mes": 10, "codigo_original": 12, "classe": "Formação Campestre", "cor": "#d6bc74", "area_ha": 0.083349876931782543 }, "geometry": { "type": "Polygon", "coordinates": [ [ [ -45.088061077470208, -21.339389742730823 ], [ -45.088061077470208, -21.339120248145584 ], [ -45.087791582884975, -21.339120248145584 ], [ -45.087791582884975, -21.339389742730823 ], [ -45.088061077470208, -21.339389742730823 ] ] ] } },
{ "type": "Feature", "properties": { "id_feicao": "fogo_2021_243", "ano": 2021.0, "mes": 10, "codigo_original": 12, "classe": "Formação Campestre", "cor": "#d6bc74", "area_ha": 0.083350025483132001 }, "geometry": { "type": "Polygon", "coordinates": [ [ [ -45.087791582884975, -21.339120248145584 ], [ -45.087791582884975, -21.338850753560351 ], [ -45.087522088299735, -21.338850753560351 ], [ -45.087522088299735, -21.33912024814558 ], [ -45.087791582884975, -21.339120248145584 ] ] ] } },
{ "type": "Feature", "properties": { "id_feicao": "fogo_2021_244", "ano": 2021.0, "mes": 10, "codigo_original": 12, "classe": "Formação Campestre", "cor": "#d6bc74", "area_ha": 0.58345418928826986 }, "geometry": { "type": "Polygon", "coordinates": [ [ [ -45.088061077470208, -21.337772775219399 ], [ -45.088061077470208, -21.338042269804642 ], [ -45.087791582884975, -21.338042269804642 ], [ -45.087791582884975, -21.338311764389868 ], [ -45.08886956122592, -21.338311764389868 ], [ -45.08886956122592, -21.337772775219403 ], [ -45.088061077470208, -21.337772775219399 ] ] ] } },
{ "type": "Feature", "properties": { "id_feicao": "fogo_2021_245", "ano": 2021.0, "mes": 10, "codigo_original": 12, "classe": "Formação Campestre", "cor": "#d6bc74", "area_ha": 0.16670155850881083 }, "geometry": { "type": "Polygon", "coordinates": [ [ [ -45.089408550396392, -21.337772775219399 ], [ -45.089408550396392, -21.337503280634166 ], [ -45.08886956122592, -21.337503280634166 ], [ -45.08886956122592, -21.337772775219403 ], [ -45.089408550396392, -21.337772775219399 ] ] ] } },
{ "type": "Feature", "properties": { "id_feicao": "fogo_2021_246", "ano": 2021.0, "mes": 10, "codigo_original": 12, "classe": "Formação Campestre", "cor": "#d6bc74", "area_ha": 13.669678355836751 }, "geometry": { "type": "Polygon", "coordinates": [ [ [ -45.083749164106436, -21.336155807707989 ], [ -45.084018658691676, -21.336155807707989 ], [ -45.084018658691676, -21.336694796878465 ], [ -45.085366131617853, -21.336694796878469 ], [ -45.085366131617853, -21.33750328063417 ], [ -45.085635626203086, -21.337503280634174 ], [ -45.085635626203086, -21.337772775219406 ], [ -45.085366131617853, -21.337772775219396 ], [ -45.085366131617853, -21.339389742730816 ], [ -45.085905120788325, -21.339389742730813 ], [ -45.085905120788325, -21.339120248145587 ], [ -45.086174615373558, -21.339120248145584 ], [ -45.086174615373558, -21.338850753560344 ], [ -45.08671360454403, -21.338850753560347 ], [ -45.08671360454403, -21.336425302293229 ], [ -45.086444109958798, -21.336425302293232 ], [ -45.086444109958798, -21.335886313122757 ], [ -45.086174615373558, -21.33588631312276 ], [ -45.086174615373558, -21.335616818537513 ], [ -45.086444109958798, -21.335616818537524 ], [ -45.086444109958798, -21.335347323952284 ], [ -45.086174615373558, -21.335347323952277 ], [ -45.086174615373558, -21.335077829367044 ], [ -45.085905120788325, -21.335077829367044 ], [ -45.085905120788325, -21.334808334781805 ], [ -45.085635626203086, -21.334808334781808 ], [ -45.085635626203086, -21.335077829367052 ], [ -45.085096637032613, -21.335077829367044 ], [ -45.085096637032613, -21.334808334781808 ], [ -45.084827142447381, -21.334808334781808 ], [ -45.084827142447381, -21.334538840196579 ], [ -45.084557647862141, -21.334538840196576 ], [ -45.084557647862141, -21.334269345611339 ], [ -45.082671185765491, -21.334269345611343 ], [ -45.082671185765491, -21.333999851026107 ], [ -45.082401691180259, -21.333999851026107 ], [ -45.082401691180259, -21.333730356440871 ], [ -45.080784723668842, -21.333730356440864 ], [ -45.080784723668842, -21.334808334781808 ], [ -45.081323712839314, -21.334808334781812 ], [ -45.081323712839314, -21.335077829367052 ], [ -45.082671185765491, -21.335077829367041 ], [ -45.082671185765491, -21.33561681853752 ], [ -45.083749164106436, -21.335616818537517 ], [ -45.083749164106436, -21.336155807707989 ] ], [ [ -45.086174615373558, -21.336964291463698 ], [ -45.086174615373558, -21.337233786048927 ], [ -45.085635626203086, -21.33723378604893 ], [ -45.085635626203086, -21.336964291463701 ], [ -45.086174615373558, -21.336964291463698 ] ] ] } },
{ "type": "Feature", "properties": { "id_feicao": "fogo_2021_247", "ano": 2021.0, "mes": 10, "codigo_original": 12, "classe": "Formação Campestre", "cor": "#d6bc74", "area_ha": 0.16670305648246658 }, "geometry": { "type": "Polygon", "coordinates": [ [ [ -45.089678044981625, -21.336425302293229 ], [ -45.089678044981625, -21.336155807707996 ], [ -45.089139055811152, -21.336155807707989 ], [ -45.089139055811152, -21.336425302293229 ], [ -45.089678044981625, -21.336425302293229 ] ] ] } },
{ "type": "Feature", "properties": { "id_feicao": "fogo_2021_248", "ano": 2021.0, "mes": 10, "codigo_original": 12, "classe": "Formação Campestre", "cor": "#d6bc74", "area_ha": 0.2500552692330254 }, "geometry": { "type": "Polygon", "coordinates": [ [ [ -45.089408550396392, -21.33561681853752 ], [ -45.089408550396392, -21.33588631312276 ], [ -45.089678044981625, -21.33588631312276 ], [ -45.089678044981625, -21.336155807707996 ], [ -45.089947539566865, -21.336155807707989 ], [ -45.089947539566865, -21.335616818537517 ], [ -45.089408550396392, -21.33561681853752 ] ] ] } },
{ "type": "Feature", "properties": { "id_feicao": "fogo_2021_249", "ano": 2021.0, "mes": 10, "codigo_original": 12, "classe": "Formação Campestre", "cor": "#d6bc74", "area_ha": 0.16670692627880035 }, "geometry": { "type": "Polygon", "coordinates": [ [ [ -45.087252593714503, -21.332921872685166 ], [ -45.087252593714503, -21.332652378099922 ], [ -45.08671360454403, -21.332652378099926 ], [ -45.08671360454403, -21.332921872685155 ], [ -45.087252593714503, -21.332921872685166 ] ] ] } },
{ "type": "Feature", "properties": { "id_feicao": "fogo_2021_250", "ano": 2021.0, "mes": 10, "codigo_original": 12, "classe": "Formação Campestre", "cor": "#d6bc74", "area_ha": 0.083354067108639671 }, "geometry": { "type": "Polygon", "coordinates": [ [ [ -45.08860006664068, -21.33184389434421 ], [ -45.08860006664068, -21.331574399758985 ], [ -45.088330572055447, -21.331574399758974 ], [ -45.088330572055447, -21.33184389434421 ], [ -45.08860006664068, -21.33184389434421 ] ] ] } },
{ "type": "Feature", "properties": { "id_feicao": "fogo_2021_251", "ano": 2021.0, "mes": 10, "codigo_original": 12, "classe": "Formação Campestre", "cor": "#d6bc74", "area_ha": 0.33341973072877151 }, "geometry": { "type": "Polygon", "coordinates": [ [ [ -45.079976239913144, -21.329687937662332 ], [ -45.079706745327897, -21.329687937662328 ], [ -45.079706745327897, -21.330226926832804 ], [ -45.079976239913144, -21.330226926832804 ], [ -45.079976239913144, -21.330496421418044 ], [ -45.080245734498369, -21.330496421418029 ], [ -45.080245734498369, -21.329957432247564 ], [ -45.079976239913144, -21.329957432247561 ], [ -45.079976239913144, -21.329687937662332 ] ] ] } },
{ "type": "Feature", "properties": { "id_feicao": "fogo_2021_252", "ano": 2021.0, "mes": 10, "codigo_original": 12, "classe": "Formação Campestre", "cor": "#d6bc74", "area_ha": 0.083356554168835278 }, "geometry": { "type": "Polygon", "coordinates": [ [ [ -45.073238875282236, -21.326992991809973 ], [ -45.072969380697003, -21.326992991809973 ], [ -45.072969380697003, -21.32726248639521 ], [ -45.073238875282236, -21.32726248639521 ], [ -45.073238875282236, -21.326992991809973 ] ] ] } },
{ "type": "Feature", "properties": { "id_feicao": "fogo_2021_253", "ano": 2021.0, "mes": 10, "codigo_original": 15, "classe": "Pastagem", "cor": "#edde8e", "area_ha": 0.083353655945509669 }, "geometry": { "type": "Polygon", "coordinates": [ [ [ -45.127407286914654, -21.332921872685155 ], [ -45.127676781499879, -21.332921872685159 ], [ -45.127676781499879, -21.332652378099926 ], [ -45.127407286914654, -21.332652378099919 ], [ -45.127407286914654, -21.332921872685155 ] ] ] } },
{ "type": "Feature", "properties": { "id_feicao": "fogo_2021_254", "ano": 2021.0, "mes": 10, "codigo_original": 15, "classe": "Pastagem", "cor": "#edde8e", "area_ha": 0.083353810089733457 }, "geometry": { "type": "Polygon", "coordinates": [ [ [ -45.128215770670352, -21.332652378099919 ], [ -45.128485265255598, -21.332652378099919 ], [ -45.128485265255598, -21.33238288351469 ], [ -45.128215770670352, -21.332382883514697 ], [ -45.128215770670352, -21.332652378099919 ] ] ] } },
{ "type": "Feature", "properties": { "id_feicao": "fogo_2021_255", "ano": 2021.0, "mes": 10, "codigo_original": 15, "classe": "Pastagem", "cor": "#edde8e", "area_ha": 2.0012321502465755 }, "geometry": { "type": "Polygon", "coordinates": [ [ [ -45.102074795902475, -21.277136493541327 ], [ -45.103691763413892, -21.277136493541338 ], [ -45.103691763413892, -21.2760585152004 ], [ -45.102074795902475, -21.276058515200393 ], [ -45.102074795902475, -21.277136493541327 ] ] ] } },
{ "type": "Feature", "properties": { "id_feicao": "fogo_2021_256", "ano": 2021.0, "mes": 10, "codigo_original": 15, "classe": "Pastagem", "cor": "#edde8e", "area_ha": 6.1732639734335244 }, "geometry": { "type": "Polygon", "coordinates": [ [ [ -45.108273171362903, -21.209223858061897 ], [ -45.108542665948136, -21.2092238580619 ], [ -45.108542665948136, -21.208954363476661 ], [ -45.108812160533368, -21.208954363476668 ], [ -45.108812160533368, -21.207606890550483 ], [ -45.108273171362903, -21.207606890550483 ], [ -45.108273171362903, -21.207067901380018 ], [ -45.107734182192431, -21.207067901380022 ], [ -45.107734182192431, -21.206798406794778 ], [ -45.106386709266246, -21.206798406794778 ], [ -45.106386709266246, -21.208145879720959 ], [ -45.106925698436719, -21.208145879720952 ], [ -45.106925698436719, -21.20976284723238 ], [ -45.108273171362903, -21.209762847232376 ], [ -45.108273171362903, -21.209223858061897 ] ] ] } },
{ "type": "Feature", "properties": { "id_feicao": "fogo_2021_257", "ano": 2021.0, "mes": 10, "codigo_original": 15, "classe": "Pastagem", "cor": "#edde8e", "area_ha": 2.5861339511267842 }, "geometry": { "type": "Polygon", "coordinates": [ [ [ -45.084557647862141, -21.205720428453837 ], [ -45.084288153276908, -21.205720428453841 ], [ -45.084288153276908, -21.204911944698132 ], [ -45.083210174935964, -21.204911944698132 ], [ -45.083210174935964, -21.206528912209542 ], [ -45.083479669521203, -21.206528912209549 ], [ -45.083479669521203, -21.206798406794775 ], [ -45.084557647862141, -21.206798406794782 ], [ -45.084557647862141, -21.205720428453837 ] ] ] } },
{ "type": "Feature", "properties": { "id_feicao": "fogo_2021_258", "ano": 2021.0, "mes": 10, "codigo_original": 15, "classe": "Pastagem", "cor": "#edde8e", "area_ha": 11.512550395698845 }, "geometry": { "type": "Polygon", "coordinates": [ [ [ -45.112046095556202, -21.205989923039073 ], [ -45.112315590141435, -21.205989923039073 ], [ -45.112315590141435, -21.206528912209549 ], [ -45.116088514334741, -21.206528912209542 ], [ -45.116088514334741, -21.20625941762431 ], [ -45.116358008919974, -21.206259417624313 ], [ -45.116358008919974, -21.205450933868601 ], [ -45.116627503505214, -21.205450933868605 ], [ -45.116627503505214, -21.203833966357184 ], [ -45.114471546823324, -21.203833966357184 ], [ -45.114471546823324, -21.20437295552766 ], [ -45.113932557652852, -21.204372955527663 ], [ -45.113932557652852, -21.204642450112896 ], [ -45.112046095556202, -21.204642450112896 ], [ -45.112046095556202, -21.205989923039073 ] ] ] } },
{ "type": "Feature", "properties": { "id_feicao": "fogo_2021_259", "ano": 2021.0, "mes": 10, "codigo_original": 15, "classe": "Pastagem", "cor": "#edde8e", "area_ha": 1.5850957490595057 }, "geometry": { "type": "Polygon", "coordinates": [ [ [ -45.085096637032613, -21.201408515090066 ], [ -45.085635626203086, -21.201408515090069 ], [ -45.085635626203086, -21.201139020504826 ], [ -45.085366131617853, -21.201139020504822 ], [ -45.085366131617853, -21.20086952591959 ], [ -45.084288153276908, -21.20086952591959 ], [ -45.084288153276908, -21.202216998845778 ], [ -45.085366131617853, -21.20221699884577 ], [ -45.085366131617853, -21.201947504260534 ], [ -45.085096637032613, -21.201947504260538 ], [ -45.085096637032613, -21.201408515090066 ] ] ] } },
{ "type": "Feature", "properties": { "id_feicao": "fogo_2021_260", "ano": 2021.0, "mes": 10, "codigo_original": 15, "classe": "Pastagem", "cor": "#edde8e", "area_ha": 4.4216528198577461 }, "geometry": { "type": "Polygon", "coordinates": [ [ [ -45.110159633459553, -21.199252558408173 ], [ -45.110968117215258, -21.199252558408169 ], [ -45.110968117215258, -21.198983063822951 ], [ -45.112315590141435, -21.198983063822936 ], [ -45.112315590141435, -21.1987135692377 ], [ -45.112585084726675, -21.198713569237704 ], [ -45.112585084726675, -21.198444074652468 ], [ -45.112315590141435, -21.198444074652475 ], [ -45.112315590141435, -21.198174580067231 ], [ -45.11150710638573, -21.198174580067231 ], [ -45.11150710638573, -21.198444074652475 ], [ -45.108542665948136, -21.198444074652475 ], [ -45.108542665948136, -21.199791547578645 ], [ -45.110159633459553, -21.199791547578656 ], [ -45.110159633459553, -21.199252558408173 ] ] ] } },
{ "type": "Feature", "properties": { "id_feicao": "fogo_2021_261", "ano": 2021.0, "mes": 10, "codigo_original": 15, "classe": "Pastagem", "cor": "#edde8e", "area_ha": 1.751987748357281 }, "geometry": { "type": "Polygon", "coordinates": [ [ [ -45.116358008919974, -21.197905085481988 ], [ -45.115549525164269, -21.197905085481999 ], [ -45.115549525164269, -21.197635590896756 ], [ -45.115280030579029, -21.197635590896756 ], [ -45.115280030579029, -21.197905085482002 ], [ -45.115010535993797, -21.197905085481992 ], [ -45.115010535993797, -21.19898306382294 ], [ -45.116358008919974, -21.198983063822936 ], [ -45.116358008919974, -21.197905085481988 ] ] ] } },
{ "type": "Feature", "properties": { "id_feicao": "fogo_2021_262", "ano": 2021.0, "mes": 10, "codigo_original": 15, "classe": "Pastagem", "cor": "#edde8e", "area_ha": 0.083427848016191269 }, "geometry": { "type": "Polygon", "coordinates": [ [ [ -45.082401691180259, -21.198444074652475 ], [ -45.082671185765491, -21.198444074652464 ], [ -45.082671185765491, -21.198174580067231 ], [ -45.082401691180259, -21.198174580067231 ], [ -45.082401691180259, -21.198444074652475 ] ] ] } },
{ "type": "Feature", "properties": { "id_feicao": "fogo_2021_263", "ano": 2021.0, "mes": 10, "codigo_original": 15, "classe": "Pastagem", "cor": "#edde8e", "area_ha": 0.58399718447327609 }, "geometry": { "type": "Polygon", "coordinates": [ [ [ -45.083210174935964, -21.197635590896763 ], [ -45.084288153276908, -21.197635590896759 ], [ -45.084288153276908, -21.197366096311526 ], [ -45.082940680350731, -21.197366096311519 ], [ -45.082940680350731, -21.197635590896763 ], [ -45.082671185765491, -21.197635590896763 ], [ -45.082671185765491, -21.197905085481999 ], [ -45.083210174935964, -21.197905085481992 ], [ -45.083210174935964, -21.197635590896763 ] ] ] } },
{ "type": "Feature", "properties": { "id_feicao": "fogo_2021_264", "ano": 2021.0, "mes": 10, "codigo_original": 15, "classe": "Pastagem", "cor": "#edde8e", "area_ha": 0.083428590246196838 }, "geometry": { "type": "Polygon", "coordinates": [ [ [ -45.082132196595019, -21.197096601726287 ], [ -45.082401691180259, -21.19709660172629 ], [ -45.082401691180259, -21.196827107141047 ], [ -45.082132196595019, -21.196827107141051 ], [ -45.082132196595019, -21.197096601726287 ] ] ] } },
{ "type": "Feature", "properties": { "id_feicao": "fogo_2021_265", "ano": 2021.0, "mes": 10, "codigo_original": 15, "classe": "Pastagem", "cor": "#edde8e", "area_ha": 3.3371582733109593 }, "geometry": { "type": "Polygon", "coordinates": [ [ [ -45.115280030579029, -21.197096601726283 ], [ -45.115549525164269, -21.19709660172629 ], [ -45.115549525164269, -21.197366096311519 ], [ -45.115819019749502, -21.197366096311519 ], [ -45.115819019749502, -21.197635590896763 ], [ -45.116358008919974, -21.197635590896759 ], [ -45.116358008919974, -21.196827107141047 ], [ -45.117435987260919, -21.196827107141058 ], [ -45.117435987260919, -21.195749128800109 ], [ -45.115819019749502, -21.195749128800109 ], [ -45.115819019749502, -21.196018623385346 ], [ -45.115549525164269, -21.196018623385342 ], [ -45.115549525164269, -21.195749128800102 ], [ -45.115280030579029, -21.195749128800109 ], [ -45.115280030579029, -21.197096601726283 ] ] ] } },
{ "type": "Feature", "properties": { "id_feicao": "fogo_2021_266", "ano": 2021.0, "mes": 10, "codigo_original": 15, "classe": "Pastagem", "cor": "#edde8e", "area_ha": 1.3348626698173582 }, "geometry": { "type": "Polygon", "coordinates": [ [ [ -45.106386709266246, -21.197096601726283 ], [ -45.107464687607191, -21.197096601726287 ], [ -45.107464687607191, -21.196018623385342 ], [ -45.106386709266246, -21.196018623385349 ], [ -45.106386709266246, -21.197096601726283 ] ] ] } },
{ "type": "Feature", "properties": { "id_feicao": "fogo_2021_267", "ano": 2021.0, "mes": 10, "codigo_original": 15, "classe": "Pastagem", "cor": "#edde8e", "area_ha": 7.0915054190164435 }, "geometry": { "type": "Polygon", "coordinates": [ [ [ -45.083749164106436, -21.195749128800106 ], [ -45.084288153276908, -21.195749128800106 ], [ -45.084288153276908, -21.196288117970578 ], [ -45.084557647862141, -21.196288117970578 ], [ -45.084557647862141, -21.196557612555814 ], [ -45.087252593714503, -21.196557612555811 ], [ -45.087252593714503, -21.195210139629648 ], [ -45.08860006664068, -21.195210139629634 ], [ -45.08860006664068, -21.193862666703453 ], [ -45.087522088299735, -21.193862666703453 ], [ -45.087522088299735, -21.194940645044394 ], [ -45.085635626203086, -21.194940645044404 ], [ -45.085635626203086, -21.195210139629637 ], [ -45.083749164106436, -21.195210139629648 ], [ -45.083749164106436, -21.195749128800106 ] ] ] } },
{ "type": "Feature", "properties": { "id_feicao": "fogo_2021_268", "ano": 2021.0, "mes": 10, "codigo_original": 15, "classe": "Pastagem", "cor": "#edde8e", "area_ha": 2.5029078585240341 }, "geometry": { "type": "Polygon", "coordinates": [ [ [ -45.112315590141435, -21.194671150459168 ], [ -45.112315590141435, -21.193323677532987 ], [ -45.111237611800497, -21.193323677532987 ], [ -45.111237611800497, -21.193862666703467 ], [ -45.110698622630025, -21.19386266670346 ], [ -45.110698622630025, -21.194940645044401 ], [ -45.111776600970963, -21.194940645044397 ], [ -45.111776600970963, -21.194671150459165 ], [ -45.112315590141435, -21.194671150459168 ] ] ] } },
{ "type": "Feature", "properties": { "id_feicao": "fogo_2021_269", "ano": 2021.0, "mes": 10, "codigo_original": 15, "classe": "Pastagem", "cor": "#edde8e", "area_ha": 1.3348899658095206 }, "geometry": { "type": "Polygon", "coordinates": [ [ [ -45.089678044981625, -21.193862666703456 ], [ -45.089678044981625, -21.192784688362515 ], [ -45.08860006664068, -21.192784688362512 ], [ -45.08860006664068, -21.193862666703453 ], [ -45.089678044981625, -21.193862666703456 ] ] ] } },
{ "type": "Feature", "properties": { "id_feicao": "fogo_2021_270", "ano": 2021.0, "mes": 10, "codigo_original": 15, "classe": "Pastagem", "cor": "#edde8e", "area_ha": 5.0439386030281659 }, "geometry": { "type": "Polygon", "coordinates": [ [ [ -45.051140319292784, -21.370994749383154 ], [ -45.051271, -21.370982 ], [ -45.051516, -21.371028 ], [ -45.051738, -21.371107999999897 ], [ -45.051935229142615, -21.371190104458908 ], [ -45.05221829763385, -21.371190103788656 ], [ -45.05221829763385, -21.370920609203413 ], [ -45.053296275974795, -21.37092060920342 ], [ -45.053296275974795, -21.370651114618177 ], [ -45.05356577056002, -21.370651114618177 ], [ -45.05356577056002, -21.369303641692003 ], [ -45.051140319292905, -21.369303641692007 ], [ -45.051140319292905, -21.369573136277239 ], [ -45.050870824707665, -21.369573136277236 ], [ -45.050870824707665, -21.37092060920342 ], [ -45.051140319292905, -21.370920609203417 ], [ -45.051140319292784, -21.370994749383154 ] ] ] } },
{ "type": "Feature", "properties": { "id_feicao": "fogo_2021_271", "ano": 2021.0, "mes": 10, "codigo_original": 15, "classe": "Pastagem", "cor": "#edde8e", "area_ha": 0.50041254682280123 }, "geometry": { "type": "Polygon", "coordinates": [ [ [ -44.932293207203884, -21.244258154142564 ], [ -44.932023712618651, -21.24425815414256 ], [ -44.932023712618651, -21.245336132483512 ], [ -44.932562701789124, -21.245336132483505 ], [ -44.932562701789124, -21.244797143313033 ], [ -44.932293207203884, -21.244797143313036 ], [ -44.932293207203884, -21.244258154142564 ] ] ] } },
{ "type": "Feature", "properties": { "id_feicao": "fogo_2021_272", "ano": 2021.0, "mes": 10, "codigo_original": 15, "classe": "Pastagem", "cor": "#edde8e", "area_ha": 0.083412751644384123 }, "geometry": { "type": "Polygon", "coordinates": [ [ [ -45.058955662264736, -21.225663027761293 ], [ -45.059225156849976, -21.225663027761289 ], [ -45.059225156849976, -21.225393533176053 ], [ -45.058955662264736, -21.22539353317606 ], [ -45.058955662264736, -21.225663027761293 ] ] ] } },
{ "type": "Feature", "properties": { "id_feicao": "fogo_2021_273", "ano": 2021.0, "mes": 10, "codigo_original": 15, "classe": "Pastagem", "cor": "#edde8e", "area_ha": 8.5081151896145197 }, "geometry": { "type": "Polygon", "coordinates": [ [ [ -45.037935084616343, -21.226202016931754 ], [ -45.038474073786816, -21.226202016931762 ], [ -45.038474073786816, -21.226471511516998 ], [ -45.039282557542521, -21.226471511517001 ], [ -45.039282557542521, -21.22674100610223 ], [ -45.040899525053938, -21.22674100610223 ], [ -45.040899525053938, -21.224585049420348 ], [ -45.040630030468698, -21.224585049420348 ], [ -45.040630030468698, -21.224315554835108 ], [ -45.040899525053938, -21.224315554835119 ], [ -45.040899525053938, -21.222968081908927 ], [ -45.039821546712993, -21.222968081908931 ], [ -45.039821546712993, -21.224585049420352 ], [ -45.038204579201576, -21.224585049420345 ], [ -45.038204579201576, -21.225124038590817 ], [ -45.037935084616343, -21.225124038590824 ], [ -45.037935084616343, -21.226202016931754 ] ] ] } },
{ "type": "Feature", "properties": { "id_feicao": "fogo_2021_274", "ano": 2021.0, "mes": 10, "codigo_original": 15, "classe": "Pastagem", "cor": "#edde8e", "area_ha": 0.16683323588538915 }, "geometry": { "type": "Polygon", "coordinates": [ [ [ -45.004517756047093, -21.218656168545156 ], [ -45.00478725063234, -21.218656168545159 ], [ -45.00478725063234, -21.21811717937468 ], [ -45.004517756047093, -21.218117179374687 ], [ -45.004517756047093, -21.218656168545156 ] ] ] } },
{ "type": "Feature", "properties": { "id_feicao": "fogo_2021_275", "ano": 2021.0, "mes": 10, "codigo_original": 15, "classe": "Pastagem", "cor": "#edde8e", "area_ha": 1.3347437826100736 }, "geometry": { "type": "Polygon", "coordinates": [ [ [ -45.069465951088937, -21.210301836402849 ], [ -45.070543929429881, -21.210301836402845 ], [ -45.070543929429881, -21.209223858061904 ], [ -45.069465951088937, -21.2092238580619 ], [ -45.069465951088937, -21.210301836402849 ] ] ] } },
{ "type": "Feature", "properties": { "id_feicao": "fogo_2021_276", "ano": 2021.0, "mes": 10, "codigo_original": 15, "classe": "Pastagem", "cor": "#edde8e", "area_ha": 0.08342203120719642 }, "geometry": { "type": "Polygon", "coordinates": [ [ [ -45.077281294060782, -21.208954363476668 ], [ -45.077550788646015, -21.208954363476661 ], [ -45.077550788646015, -21.208684868891432 ], [ -45.077281294060782, -21.208684868891435 ], [ -45.077281294060782, -21.208954363476668 ] ] ] } },
{ "type": "Feature", "properties": { "id_feicao": "fogo_2021_277", "ano": 2021.0, "mes": 10, "codigo_original": 15, "classe": "Pastagem", "cor": "#edde8e", "area_ha": 1.7518733964901418 }, "geometry": { "type": "Polygon", "coordinates": [ [ [ -45.080245734498369, -21.207876385135723 ], [ -45.079706745327897, -21.207876385135727 ], [ -45.079706745327897, -21.208145879720959 ], [ -45.079167756157425, -21.208145879720949 ], [ -45.079167756157425, -21.208684868891428 ], [ -45.080515229083616, -21.208684868891432 ], [ -45.080515229083616, -21.207067901380022 ], [ -45.079437250742671, -21.207067901380011 ], [ -45.079437250742671, -21.207337395965251 ], [ -45.079706745327897, -21.207337395965254 ], [ -45.079706745327897, -21.207606890550483 ], [ -45.080245734498369, -21.207606890550487 ], [ -45.080245734498369, -21.207876385135723 ] ] ] } },
{ "type": "Feature", "properties": { "id_feicao": "fogo_2021_278", "ano": 2021.0, "mes": 10, "codigo_original": 15, "classe": "Pastagem", "cor": "#edde8e", "area_ha": 54.643445337480564 }, "geometry": { "type": "Polygon", "coordinates": [ [ [ -45.071891402356059, -21.200330536749114 ], [ -45.071891402356059, -21.201139020504829 ], [ -45.071621907770826, -21.201139020504833 ], [ -45.071621907770826, -21.201947504260534 ], [ -45.072430391526531, -21.201947504260534 ], [ -45.072430391526531, -21.20221699884577 ], [ -45.071891402356059, -21.20221699884577 ], [ -45.071891402356059, -21.202486493431007 ], [ -45.071621907770826, -21.202486493431003 ], [ -45.071621907770826, -21.202755988016239 ], [ -45.071352413185586, -21.202755988016243 ], [ -45.071352413185586, -21.203025482601479 ], [ -45.070004940259409, -21.203025482601479 ], [ -45.070004940259409, -21.204911944698129 ], [ -45.069196456503697, -21.204911944698132 ], [ -45.069196456503697, -21.206528912209546 ], [ -45.070274434844642, -21.206528912209549 ], [ -45.070274434844642, -21.204642450112896 ], [ -45.072969380697003, -21.204642450112896 ], [ -45.072969380697003, -21.204911944698132 ], [ -45.073508369867476, -21.204911944698132 ], [ -45.073508369867476, -21.205450933868605 ], [ -45.073777864452708, -21.205450933868605 ], [ -45.073777864452708, -21.205720428453834 ], [ -45.074047359037948, -21.205720428453834 ], [ -45.074047359037948, -21.205989923039077 ], [ -45.075125337378893, -21.205989923039066 ], [ -45.075125337378893, -21.207337395965254 ], [ -45.075394831964125, -21.207337395965247 ], [ -45.075394831964125, -21.208145879720956 ], [ -45.075664326549365, -21.208145879720949 ], [ -45.075664326549365, -21.208684868891432 ], [ -45.07647281030507, -21.208684868891424 ], [ -45.07647281030507, -21.208145879720952 ], [ -45.078628766986952, -21.208145879720963 ], [ -45.078628766986952, -21.207337395965254 ], [ -45.079167756157425, -21.207337395965251 ], [ -45.079167756157425, -21.207067901380022 ], [ -45.078898261572199, -21.207067901380011 ], [ -45.078898261572199, -21.206798406794782 ], [ -45.078359272401727, -21.206798406794782 ], [ -45.078359272401727, -21.205720428453834 ], [ -45.077550788646015, -21.205720428453841 ], [ -45.077550788646015, -21.205989923039066 ], [ -45.07674230489031, -21.205989923039077 ], [ -45.07674230489031, -21.205720428453837 ], [ -45.076203315719837, -21.205720428453837 ], [ -45.076203315719837, -21.202755988016239 ], [ -45.078359272401727, -21.202755988016236 ], [ -45.078359272401727, -21.203294977186719 ], [ -45.081054218254089, -21.203294977186715 ], [ -45.081054218254089, -21.201947504260538 ], [ -45.079706745327897, -21.201947504260534 ], [ -45.079706745327897, -21.201678009675298 ], [ -45.079167756157425, -21.201678009675291 ], [ -45.079167756157425, -21.201408515090066 ], [ -45.078089777816487, -21.201408515090066 ], [ -45.078089777816487, -21.200061042163888 ], [ -45.07674230489031, -21.200061042163888 ], [ -45.07674230489031, -21.199522052993409 ], [ -45.07647281030507, -21.199522052993419 ], [ -45.07647281030507, -21.197905085481995 ], [ -45.075125337378893, -21.197905085481992 ], [ -45.075125337378893, -21.199522052993409 ], [ -45.07458634820842, -21.199522052993412 ], [ -45.07458634820842, -21.200061042163885 ], [ -45.072430391526531, -21.200061042163885 ], [ -45.072430391526531, -21.200330536749117 ], [ -45.071891402356059, -21.200330536749114 ] ], [ [ -45.072430391526531, -21.200600031334353 ], [ -45.072699886111764, -21.200600031334357 ], [ -45.072699886111764, -21.201678009675291 ], [ -45.072969380697003, -21.201678009675295 ], [ -45.072969380697003, -21.201947504260538 ], [ -45.072430391526531, -21.201947504260534 ], [ -45.072430391526531, -21.200600031334353 ] ], [ [ -45.073238875282236, -21.204103460942427 ], [ -45.073238875282236, -21.203833966357188 ], [ -45.073508369867476, -21.203833966357188 ], [ -45.073508369867476, -21.204103460942424 ], [ -45.073238875282236, -21.204103460942427 ] ], [ [ -45.071621907770826, -21.203833966357191 ], [ -45.071621907770826, -21.203564471771951 ], [ -45.071891402356059, -21.203564471771955 ], [ -45.071891402356059, -21.203294977186719 ], [ -45.072430391526531, -21.203294977186715 ], [ -45.072430391526531, -21.203025482601479 ], [ -45.072699886111764, -21.203025482601486 ], [ -45.072699886111764, -21.203294977186712 ], [ -45.072969380697003, -21.203294977186722 ], [ -45.072969380697003, -21.203564471771948 ], [ -45.073238875282236, -21.203564471771948 ], [ -45.073238875282236, -21.203833966357188 ], [ -45.071621907770826, -21.203833966357191 ] ], [ [ -45.073508369867476, -21.201139020504826 ], [ -45.074047359037948, -21.201139020504826 ], [ -45.074047359037948, -21.201947504260531 ], [ -45.073508369867476, -21.201947504260534 ], [ -45.073508369867476, -21.201139020504826 ] ], [ [ -45.074047359037948, -21.200600031334353 ], [ -45.074316853623181, -21.200600031334357 ], [ -45.074316853623181, -21.201139020504826 ], [ -45.074047359037948, -21.201139020504826 ], [ -45.074047359037948, -21.200600031334353 ] ] ] } },
{ "type": "Feature", "properties": { "id_feicao": "fogo_2021_279", "ano": 2021.0, "mes": 10, "codigo_original": 15, "classe": "Pastagem", "cor": "#edde8e", "area_ha": 0.083425470428075646 }, "geometry": { "type": "Polygon", "coordinates": [ [ [ -44.987000608006767, -21.202486493431007 ], [ -44.987270102591999, -21.202486493431007 ], [ -44.987270102591999, -21.202216998845767 ], [ -44.987000608006767, -21.20221699884577 ], [ -44.987000608006767, -21.202486493431007 ] ] ] } },
{ "type": "Feature", "properties": { "id_feicao": "fogo_2021_280", "ano": 2021.0, "mes": 10, "codigo_original": 15, "classe": "Pastagem", "cor": "#edde8e", "area_ha": 0.0834257289703004 }, "geometry": { "type": "Polygon", "coordinates": [ [ [ -45.071352413185586, -21.20221699884577 ], [ -45.071621907770826, -21.20221699884577 ], [ -45.071621907770826, -21.201947504260534 ], [ -45.071352413185586, -21.201947504260534 ], [ -45.071352413185586, -21.20221699884577 ] ] ] } },
{ "type": "Feature", "properties": { "id_feicao": "fogo_2021_281", "ano": 2021.0, "mes": 10, "codigo_original": 15, "classe": "Pastagem", "cor": "#edde8e", "area_ha": 0.50056817575059831 }, "geometry": { "type": "Polygon", "coordinates": [ [ [ -45.081593207424547, -21.197366096311523 ], [ -45.081323712839314, -21.197366096311523 ], [ -45.081323712839314, -21.198444074652468 ], [ -45.081862702009786, -21.198444074652468 ], [ -45.081862702009786, -21.197905085481992 ], [ -45.081593207424547, -21.197905085481995 ], [ -45.081593207424547, -21.197366096311523 ] ] ] } },
{ "type": "Feature", "properties": { "id_feicao": "fogo_2021_282", "ano": 2021.0, "mes": 10, "codigo_original": 15, "classe": "Pastagem", "cor": "#edde8e", "area_ha": 0.083428737893048679 }, "geometry": { "type": "Polygon", "coordinates": [ [ [ -45.081862702009786, -21.196827107141047 ], [ -45.082132196595019, -21.196827107141051 ], [ -45.082132196595019, -21.196557612555811 ], [ -45.081862702009786, -21.196557612555814 ], [ -45.081862702009786, -21.196827107141047 ] ] ] } },
{ "type": "Feature", "properties": { "id_feicao": "fogo_2021_283", "ano": 2021.0, "mes": 10, "codigo_original": 15, "classe": "Pastagem", "cor": "#edde8e", "area_ha": 1.0011480187221431 }, "geometry": { "type": "Polygon", "coordinates": [ [ [ -45.081862702009786, -21.196288117970582 ], [ -45.082671185765491, -21.196288117970582 ], [ -45.082671185765491, -21.196018623385338 ], [ -45.082401691180259, -21.196018623385349 ], [ -45.082401691180259, -21.195749128800106 ], [ -45.081323712839314, -21.195749128800113 ], [ -45.081323712839314, -21.196827107141051 ], [ -45.081593207424547, -21.196827107141054 ], [ -45.081593207424547, -21.196557612555811 ], [ -45.081862702009786, -21.196557612555814 ], [ -45.081862702009786, -21.196288117970582 ] ] ] } },
{ "type": "Feature", "properties": { "id_feicao": "fogo_2021_284", "ano": 2021.0, "mes": 10, "codigo_original": 15, "classe": "Pastagem", "cor": "#edde8e", "area_ha": 0.16685970130562783 }, "geometry": { "type": "Polygon", "coordinates": [ [ [ -45.081323712839314, -21.194940645044394 ], [ -45.081593207424547, -21.194940645044404 ], [ -45.081593207424547, -21.194401655873936 ], [ -45.081323712839314, -21.194401655873939 ], [ -45.081323712839314, -21.194940645044394 ] ] ] } },
{ "type": "Feature", "properties": { "id_feicao": "fogo_2021_285", "ano": 2021.0, "mes": 10, "codigo_original": 15, "classe": "Pastagem", "cor": "#edde8e", "area_ha": 2.0857565035140362 }, "geometry": { "type": "Polygon", "coordinates": [ [ [ -45.082940680350731, -21.194401655873932 ], [ -45.082940680350731, -21.194671150459172 ], [ -45.083210174935964, -21.194671150459172 ], [ -45.083210174935964, -21.19359317211822 ], [ -45.082132196595019, -21.193593172118224 ], [ -45.082132196595019, -21.19332367753298 ], [ -45.081054218254089, -21.193323677532984 ], [ -45.081054218254089, -21.194401655873929 ], [ -45.081323712839314, -21.194401655873939 ], [ -45.081323712839314, -21.194132161288696 ], [ -45.082401691180259, -21.194132161288696 ], [ -45.082401691180259, -21.194401655873921 ], [ -45.082940680350731, -21.194401655873932 ] ] ] } },
{ "type": "Feature", "properties": { "id_feicao": "fogo_2021_286", "ano": 2021.0, "mes": 10, "codigo_original": 15, "classe": "Pastagem", "cor": "#edde8e", "area_ha": 0.083432155939618807 }, "geometry": { "type": "Polygon", "coordinates": [ [ [ -45.005865228973271, -21.190359237095389 ], [ -45.005865228973271, -21.190089742510153 ], [ -45.005595734388038, -21.190089742510157 ], [ -45.005595734388038, -21.190359237095397 ], [ -45.005865228973271, -21.190359237095389 ] ] ] } },
{ "type": "Feature", "properties": { "id_feicao": "fogo_2021_287", "ano": 2021.0, "mes": 10, "codigo_original": 21, "classe": "Mosaico de Usos", "cor": "#ffefc3", "area_ha": 0.25028258696189148 }, "geometry": { "type": "Polygon", "coordinates": [ [ [ -45.11150710638573, -21.199252558408176 ], [ -45.112315590141435, -21.199252558408173 ], [ -45.112315590141435, -21.198983063822936 ], [ -45.11150710638573, -21.19898306382294 ], [ -45.11150710638573, -21.199252558408176 ] ] ] } },
{ "type": "Feature", "properties": { "id_feicao": "fogo_2021_288", "ano": 2021.0, "mes": 10, "codigo_original": 21, "classe": "Mosaico de Usos", "cor": "#ffefc3", "area_ha": 0.083427680325508125 }, "geometry": { "type": "Polygon", "coordinates": [ [ [ -45.112315590141435, -21.198983063822936 ], [ -45.112585084726675, -21.198983063822936 ], [ -45.112585084726675, -21.198713569237704 ], [ -45.112315590141435, -21.1987135692377 ], [ -45.112315590141435, -21.198983063822936 ] ] ] } },
{ "type": "Feature", "properties": { "id_feicao": "fogo_2021_289", "ano": 2021.0, "mes": 10, "codigo_original": 41, "classe": "Outras Lavouras Temporárias", "cor": "#f54ca9", "area_ha": 0.33355995973013342 }, "geometry": { "type": "Polygon", "coordinates": [ [ [ -45.122556384380403, -21.266895699302374 ], [ -45.12201739520993, -21.266895699302374 ], [ -45.12201739520993, -21.267434688472843 ], [ -45.122556384380403, -21.26743468847285 ], [ -45.122556384380403, -21.266895699302374 ] ] ] } },
{ "type": "Feature", "properties": { "id_feicao": "fogo_2021_290", "ano": 2021.0, "mes": 10, "codigo_original": 41, "classe": "Outras Lavouras Temporárias", "cor": "#f54ca9", "area_ha": 0.25017087704949081 }, "geometry": { "type": "Polygon", "coordinates": [ [ [ -45.122556384380403, -21.266895699302374 ], [ -45.122825878965635, -21.266895699302378 ], [ -45.122825878965635, -21.266356710131909 ], [ -45.122286889795163, -21.266356710131905 ], [ -45.122286889795163, -21.266626204717141 ], [ -45.122556384380403, -21.266626204717141 ], [ -45.122556384380403, -21.266895699302374 ] ] ] } },
{ "type": "Feature", "properties": { "id_feicao": "fogo_2021_291", "ano": 2021.0, "mes": 10, "codigo_original": 41, "classe": "Outras Lavouras Temporárias", "cor": "#f54ca9", "area_ha": 1.1678306689387188 }, "geometry": { "type": "Polygon", "coordinates": [ [ [ -45.00478725063234, -21.218656168545159 ], [ -45.004517756047093, -21.218656168545156 ], [ -45.004517756047093, -21.218117179374687 ], [ -45.003709272291395, -21.21811717937468 ], [ -45.003709272291395, -21.219195157715625 ], [ -45.00478725063234, -21.219195157715621 ], [ -45.00478725063234, -21.218656168545159 ] ] ] } },
{ "type": "Feature", "properties": { "id_feicao": "fogo_2021_292", "ano": 2021.0, "mes": 10, "codigo_original": 41, "classe": "Outras Lavouras Temporárias", "cor": "#f54ca9", "area_ha": 0.083424694295600052 }, "geometry": { "type": "Polygon", "coordinates": [ [ [ -45.073508369867476, -21.203833966357188 ], [ -45.073238875282236, -21.203833966357188 ], [ -45.073238875282236, -21.204103460942427 ], [ -45.073508369867476, -21.204103460942424 ], [ -45.073508369867476, -21.203833966357188 ] ] ] } },
{ "type": "Feature", "properties": { "id_feicao": "fogo_2021_293", "ano": 2021.0, "mes": 10, "codigo_original": 41, "classe": "Outras Lavouras Temporárias", "cor": "#f54ca9", "area_ha": 0.91767639421755443 }, "geometry": { "type": "Polygon", "coordinates": [ [ [ -45.071891402356059, -21.203564471771955 ], [ -45.071621907770826, -21.203564471771951 ], [ -45.071621907770826, -21.203833966357191 ], [ -45.073238875282236, -21.203833966357188 ], [ -45.073238875282236, -21.203564471771948 ], [ -45.072969380697003, -21.203564471771948 ], [ -45.072969380697003, -21.203294977186722 ], [ -45.072699886111764, -21.203294977186712 ], [ -45.072699886111764, -21.203025482601486 ], [ -45.072430391526531, -21.203025482601479 ], [ -45.072430391526531, -21.203294977186715 ], [ -45.071891402356059, -21.203294977186719 ], [ -45.071891402356059, -21.203564471771955 ] ] ] } },
{ "type": "Feature", "properties": { "id_feicao": "fogo_2021_294", "ano": 2021.0, "mes": 10, "codigo_original": 41, "classe": "Outras Lavouras Temporárias", "cor": "#f54ca9", "area_ha": 0.50055358576327558 }, "geometry": { "type": "Polygon", "coordinates": [ [ [ -45.071352413185586, -21.202755988016243 ], [ -45.071621907770826, -21.202755988016239 ], [ -45.071621907770826, -21.202486493431003 ], [ -45.071891402356059, -21.202486493431007 ], [ -45.071891402356059, -21.20221699884577 ], [ -45.072430391526531, -21.20221699884577 ], [ -45.072430391526531, -21.201947504260534 ], [ -45.071621907770826, -21.201947504260534 ], [ -45.071621907770826, -21.20221699884577 ], [ -45.071352413185586, -21.20221699884577 ], [ -45.071352413185586, -21.202755988016243 ] ] ] } },
{ "type": "Feature", "properties": { "id_feicao": "fogo_2021_295", "ano": 2021.0, "mes": 10, "codigo_original": 41, "classe": "Outras Lavouras Temporárias", "cor": "#f54ca9", "area_ha": 0.50055684309145432 }, "geometry": { "type": "Polygon", "coordinates": [ [ [ -45.072969380697003, -21.201678009675295 ], [ -45.072699886111764, -21.201678009675291 ], [ -45.072699886111764, -21.200600031334357 ], [ -45.072430391526531, -21.200600031334353 ], [ -45.072430391526531, -21.201947504260534 ], [ -45.072969380697003, -21.201947504260538 ], [ -45.072969380697003, -21.201678009675295 ] ] ] } },
{ "type": "Feature", "properties": { "id_feicao": "fogo_2021_296", "ano": 2021.0, "mes": 10, "codigo_original": 41, "classe": "Outras Lavouras Temporárias", "cor": "#f54ca9", "area_ha": 0.083431264230981475 }, "geometry": { "type": "Polygon", "coordinates": [ [ [ -45.005326239802812, -21.191706710021574 ], [ -45.005056745217566, -21.191706710021563 ], [ -45.005056745217566, -21.19197620460681 ], [ -45.005326239802812, -21.191976204606799 ], [ -45.005326239802812, -21.191706710021574 ] ] ] } },
{ "type": "Feature", "properties": { "id_feicao": "fogo_2021_297", "ano": 2021.0, "mes": 11, "codigo_original": 12, "classe": "Formação Campestre", "cor": "#d6bc74", "area_ha": 1.0835342336199367 }, "geometry": { "type": "Polygon", "coordinates": [ [ [ -45.113663063067619, -21.342084688583178 ], [ -45.113663063067619, -21.341815193997942 ], [ -45.113124073897147, -21.341815193997945 ], [ -45.113124073897147, -21.341545699412698 ], [ -45.112585084726675, -21.341545699412713 ], [ -45.112585084726675, -21.341276204827469 ], [ -45.112315590141435, -21.341276204827469 ], [ -45.112315590141435, -21.341006710242237 ], [ -45.112046095556202, -21.34100671024223 ], [ -45.112046095556202, -21.342084688583178 ], [ -45.113663063067619, -21.342084688583178 ] ] ] } },
{ "type": "Feature", "properties": { "id_feicao": "fogo_2021_298", "ano": 2021.0, "mes": 11, "codigo_original": 12, "classe": "Formação Campestre", "cor": "#d6bc74", "area_ha": 0.083350068755354736 }, "geometry": { "type": "Polygon", "coordinates": [ [ [ -45.098301871709175, -21.338850753560347 ], [ -45.098032377123936, -21.338850753560354 ], [ -45.098032377123936, -21.339120248145587 ], [ -45.098301871709175, -21.339120248145591 ], [ -45.098301871709175, -21.338850753560347 ] ] ] } },
{ "type": "Feature", "properties": { "id_feicao": "fogo_2021_299", "ano": 2021.0, "mes": 11, "codigo_original": 12, "classe": "Formação Campestre", "cor": "#d6bc74", "area_ha": 0.083350765174627306 }, "geometry": { "type": "Polygon", "coordinates": [ [ [ -45.085635626203086, -21.337503280634174 ], [ -45.085366131617853, -21.33750328063417 ], [ -45.085366131617853, -21.337772775219396 ], [ -45.085635626203086, -21.337772775219406 ], [ -45.085635626203086, -21.337503280634174 ] ] ] } },
{ "type": "Feature", "properties": { "id_feicao": "fogo_2021_300", "ano": 2021.0, "mes": 11, "codigo_original": 12, "classe": "Formação Campestre", "cor": "#d6bc74", "area_ha": 0.16670213176813151 }, "geometry": { "type": "Polygon", "coordinates": [ [ [ -45.086174615373558, -21.337233786048927 ], [ -45.086174615373558, -21.336964291463698 ], [ -45.085635626203086, -21.336964291463701 ], [ -45.085635626203086, -21.33723378604893 ], [ -45.086174615373558, -21.337233786048927 ] ] ] } },
{ "type": "Feature", "properties": { "id_feicao": "fogo_2021_301", "ano": 2021.0, "mes": 11, "codigo_original": 12, "classe": "Formação Campestre", "cor": "#d6bc74", "area_ha": 0.083353022345993663 }, "geometry": { "type": "Polygon", "coordinates": [ [ [ -45.089139055811152, -21.333460861855631 ], [ -45.08886956122592, -21.333460861855638 ], [ -45.08886956122592, -21.333730356440871 ], [ -45.089139055811152, -21.333730356440874 ], [ -45.089139055811152, -21.333460861855631 ] ] ] } },
{ "type": "Feature", "properties": { "id_feicao": "fogo_2021_302", "ano": 2021.0, "mes": 11, "codigo_original": 12, "classe": "Formação Campestre", "cor": "#d6bc74", "area_ha": 0.083353632466215646 }, "geometry": { "type": "Polygon", "coordinates": [ [ [ -45.092103496248747, -21.33238288351469 ], [ -45.091834001663514, -21.332382883514686 ], [ -45.091834001663514, -21.332652378099926 ], [ -45.092103496248747, -21.332652378099919 ], [ -45.092103496248747, -21.33238288351469 ] ] ] } },
{ "type": "Feature", "properties": { "id_feicao": "fogo_2021_303", "ano": 2021.0, "mes": 11, "codigo_original": 15, "classe": "Pastagem", "cor": "#edde8e", "area_ha": 0.08336592596014962 }, "geometry": { "type": "Polygon", "coordinates": [ [ [ -44.899414867805113, -21.310553822110585 ], [ -44.899684362390346, -21.310553822110581 ], [ -44.899684362390346, -21.310284327525348 ], [ -44.899414867805113, -21.310284327525352 ], [ -44.899414867805113, -21.310553822110585 ] ] ] } },
{ "type": "Feature", "properties": { "id_feicao": "fogo_2021_304", "ano": 2021.0, "mes": 11, "codigo_original": 15, "classe": "Pastagem", "cor": "#edde8e", "area_ha": 0.83366158478260044 }, "geometry": { "type": "Polygon", "coordinates": [ [ [ -44.898606384049401, -21.310553822110581 ], [ -44.898875878634641, -21.310553822110585 ], [ -44.898875878634641, -21.310284327525348 ], [ -44.899414867805113, -21.310284327525352 ], [ -44.899414867805113, -21.310014832940112 ], [ -44.899145373219874, -21.310014832940112 ], [ -44.899145373219874, -21.309745338354876 ], [ -44.899684362390346, -21.309745338354883 ], [ -44.899684362390346, -21.309475843769633 ], [ -44.898606384049401, -21.309475843769633 ], [ -44.898606384049401, -21.310553822110581 ] ] ] } },
{ "type": "Feature", "properties": { "id_feicao": "fogo_2021_305", "ano": 2021.0, "mes": 11, "codigo_original": 41, "classe": "Outras Lavouras Temporárias", "cor": "#f54ca9", "area_ha": 0.083357412818534343 }, "geometry": { "type": "Polygon", "coordinates": [ [ [ -45.130910716522713, -21.326184508054265 ], [ -45.130910716522713, -21.325915013469025 ], [ -45.130641221937474, -21.325915013469029 ], [ -45.130641221937474, -21.326184508054268 ], [ -45.130910716522713, -21.326184508054265 ] ] ] } },
{ "type": "Feature", "properties": { "id_feicao": "fogo_2021_306", "ano": 2021.0, "mes": 11, "codigo_original": 41, "classe": "Outras Lavouras Temporárias", "cor": "#f54ca9", "area_ha": 0.16673185553345829 }, "geometry": { "type": "Polygon", "coordinates": [ [ [ -44.899414867805113, -21.310284327525352 ], [ -44.898875878634641, -21.310284327525348 ], [ -44.898875878634641, -21.310553822110585 ], [ -44.899414867805113, -21.310553822110585 ], [ -44.899414867805113, -21.310284327525352 ] ] ] } },
{ "type": "Feature", "properties": { "id_feicao": "fogo_2021_307", "ano": 2021.0, "mes": 11, "codigo_original": 41, "classe": "Outras Lavouras Temporárias", "cor": "#f54ca9", "area_ha": 0.25009845968075095 }, "geometry": { "type": "Polygon", "coordinates": [ [ [ -44.899414867805113, -21.310284327525352 ], [ -44.899684362390346, -21.310284327525348 ], [ -44.899684362390346, -21.309745338354883 ], [ -44.899145373219874, -21.309745338354876 ], [ -44.899145373219874, -21.310014832940112 ], [ -44.899414867805113, -21.310014832940112 ], [ -44.899414867805113, -21.310284327525352 ] ] ] } },
{ "type": "Feature", "properties": { "id_feicao": "fogo_2021_308", "ano": 2021.0, "mes": 11, "codigo_original": 41, "classe": "Outras Lavouras Temporárias", "cor": "#f54ca9", "area_ha": 5.2521040990382275 }, "geometry": { "type": "Polygon", "coordinates": [ [ [ -45.106386709266246, -21.308128370843466 ], [ -45.106386709266246, -21.308397865428692 ], [ -45.106117214681014, -21.308397865428695 ], [ -45.106117214681014, -21.309745338354876 ], [ -45.106386709266246, -21.309745338354883 ], [ -45.106386709266246, -21.310014832940116 ], [ -45.106656203851486, -21.310014832940109 ], [ -45.106656203851486, -21.310284327525345 ], [ -45.108003676777663, -21.310284327525352 ], [ -45.108003676777663, -21.309745338354873 ], [ -45.108273171362903, -21.309745338354887 ], [ -45.108273171362903, -21.308128370843459 ], [ -45.107464687607191, -21.30812837084347 ], [ -45.107464687607191, -21.307858876258219 ], [ -45.107195193021958, -21.307858876258223 ], [ -45.107195193021958, -21.307589381672994 ], [ -45.106656203851486, -21.307589381672987 ], [ -45.106656203851486, -21.308128370843455 ], [ -45.106386709266246, -21.308128370843466 ] ] ] } },
{ "type": "Feature", "properties": { "id_feicao": "fogo_2021_309", "ano": 2021.0, "mes": 11, "codigo_original": 41, "classe": "Outras Lavouras Temporárias", "cor": "#f54ca9", "area_ha": 0.16677998425476254 }, "geometry": { "type": "Polygon", "coordinates": [ [ [ -45.122825878965635, -21.266895699302378 ], [ -45.122556384380403, -21.266895699302374 ], [ -45.122556384380403, -21.26743468847285 ], [ -45.122825878965635, -21.267434688472839 ], [ -45.122825878965635, -21.266895699302378 ] ] ] } },
{ "type": "Feature", "properties": { "id_feicao": "fogo_2021_310", "ano": 2021.0, "mes": 11, "codigo_original": 41, "classe": "Outras Lavouras Temporárias", "cor": "#f54ca9", "area_ha": 0.083390214334428309 }, "geometry": { "type": "Polygon", "coordinates": [ [ [ -45.122556384380403, -21.266626204717141 ], [ -45.122286889795163, -21.266626204717141 ], [ -45.122286889795163, -21.266895699302378 ], [ -45.122556384380403, -21.266895699302374 ], [ -45.122556384380403, -21.266626204717141 ] ] ] } },
{ "type": "Feature", "properties": { "id_feicao": "fogo_2021_311", "ano": 2021.0, "mes": 12, "codigo_original": 12, "classe": "Formação Campestre", "cor": "#d6bc74", "area_ha": 0.083349019185563242 }, "geometry": { "type": "Polygon", "coordinates": [ [ [ -45.097762882538703, -21.341006710242226 ], [ -45.097762882538703, -21.340737215657001 ], [ -45.097493387953463, -21.340737215657004 ], [ -45.097493387953463, -21.341006710242237 ], [ -45.097762882538703, -21.341006710242226 ] ] ] } },
{ "type": "Feature", "properties": { "id_feicao": "fogo_2021_312", "ano": 2021.0, "mes": 12, "codigo_original": 12, "classe": "Formação Campestre", "cor": "#d6bc74", "area_ha": 0.083350273053821367 }, "geometry": { "type": "Polygon", "coordinates": [ [ [ -45.110159633459553, -21.338850753560347 ], [ -45.110159633459553, -21.338581258975108 ], [ -45.109890138874313, -21.338581258975115 ], [ -45.109890138874313, -21.338850753560344 ], [ -45.110159633459553, -21.338850753560347 ] ] ] } },
{ "type": "Feature", "properties": { "id_feicao": "fogo_2021_313", "ano": 2021.0, "mes": 12, "codigo_original": 12, "classe": "Formação Campestre", "cor": "#d6bc74", "area_ha": 0.16670114317077658 }, "geometry": { "type": "Polygon", "coordinates": [ [ [ -45.110159633459553, -21.338311764389875 ], [ -45.110159633459553, -21.338042269804635 ], [ -45.10962064428908, -21.338042269804642 ], [ -45.10962064428908, -21.338311764389879 ], [ -45.110159633459553, -21.338311764389875 ] ] ] } },
{ "type": "Feature", "properties": { "id_feicao": "fogo_2021_314", "ano": 2021.0, "mes": 12, "codigo_original": 12, "classe": "Formação Campestre", "cor": "#d6bc74", "area_ha": 0.083353502048484004 }, "geometry": { "type": "Polygon", "coordinates": [ [ [ -45.096684904197758, -21.332921872685159 ], [ -45.096684904197758, -21.332652378099926 ], [ -45.096415409612518, -21.332652378099922 ], [ -45.096415409612518, -21.332921872685159 ], [ -45.096684904197758, -21.332921872685159 ] ] ] } }
]
}
