{
"type": "FeatureCollection",
"name": "fogo_2023",
"crs": { "type": "name", "properties": { "name": "urn:ogc:def:crs:OGC:1.3:CRS84" } },
"features": [
{ "type": "Feature", "properties": { "id_feicao": "fogo_2023_1", "ano": 2023.0, "mes": 1, "codigo_original": 4, "classe": "Formação Savânica", "cor": "#7dc975", "area_ha": 0.083351072235179416 }, "geometry": { "type": "Polygon", "coordinates": [ [ [ -45.030119741644498, -21.336694796878461 ], [ -45.030119741644498, -21.336964291463701 ], [ -45.030389236229738, -21.336964291463694 ], [ -45.030389236229738, -21.336694796878458 ], [ -45.030119741644498, -21.336694796878461 ] ] ] } },
{ "type": "Feature", "properties": { "id_feicao": "fogo_2023_2", "ano": 2023.0, "mes": 3, "codigo_original": 46, "classe": "Café", "cor": "#d68fe2", "area_ha": 0.25009159739999659 }, "geometry": { "type": "Polygon", "coordinates": [ [ [ -45.107195193021958, -21.313787757133408 ], [ -45.107195193021958, -21.314596240889127 ], [ -45.107464687607191, -21.314596240889124 ], [ -45.107464687607191, -21.313787757133408 ], [ -45.107195193021958, -21.313787757133408 ] ] ] } },
{ "type": "Feature", "properties": { "id_feicao": "fogo_2023_3", "ano": 2023.0, "mes": 6, "codigo_original": 15, "classe": "Pastagem", "cor": "#edde8e", "area_ha": 0.083418626682873129 }, "geometry": { "type": "Polygon", "coordinates": [ [ [ -44.993737972637661, -21.214613749766613 ], [ -44.993737972637661, -21.21488324435186 ], [ -44.994007467222893, -21.214883244351856 ], [ -44.994007467222893, -21.21461374976662 ], [ -44.993737972637661, -21.214613749766613 ] ] ] } },
{ "type": "Feature", "properties": { "id_feicao": "fogo_2023_4", "ano": 2023.0, "mes": 6, "codigo_original": 41, "classe": "Outras Lavouras Temporárias", "cor": "#f54ca9", "area_ha": 0.083366989527922125 }, "geometry": { "type": "Polygon", "coordinates": [ [ [ -45.104230752584364, -21.308667360013935 ], [ -45.104500247169597, -21.308667360013935 ], [ -45.104500247169597, -21.308397865428695 ], [ -45.104230752584364, -21.308397865428699 ], [ -45.104230752584364, -21.308667360013935 ] ] ] } },
{ "type": "Feature", "properties": { "id_feicao": "fogo_2023_5", "ano": 2023.0, "mes": 6, "codigo_original": 41, "classe": "Outras Lavouras Temporárias", "cor": "#f54ca9", "area_ha": 0.41683567490202306 }, "geometry": { "type": "Polygon", "coordinates": [ [ [ -45.103422268828652, -21.308667360013931 ], [ -45.103422268828652, -21.308397865428699 ], [ -45.103961257999124, -21.308397865428699 ], [ -45.103961257999124, -21.308128370843459 ], [ -45.103422268828652, -21.308128370843466 ], [ -45.103422268828652, -21.307858876258223 ], [ -45.103152774243419, -21.30785887625823 ], [ -45.103152774243419, -21.308667360013935 ], [ -45.103422268828652, -21.308667360013931 ] ] ] } },
{ "type": "Feature", "properties": { "id_feicao": "fogo_2023_6", "ano": 2023.0, "mes": 6, "codigo_original": 41, "classe": "Outras Lavouras Temporárias", "cor": "#f54ca9", "area_ha": 0.2501819768741475 }, "geometry": { "type": "Polygon", "coordinates": [ [ [ -45.019070463649832, -21.259349850915768 ], [ -45.019070463649832, -21.259619345501012 ], [ -45.019339958235065, -21.259619345501008 ], [ -45.019339958235065, -21.259080356330536 ], [ -45.018800969064593, -21.259080356330532 ], [ -45.018800969064593, -21.259349850915765 ], [ -45.019070463649832, -21.259349850915768 ] ] ] } },
{ "type": "Feature", "properties": { "id_feicao": "fogo_2023_7", "ano": 2023.0, "mes": 7, "codigo_original": 41, "classe": "Outras Lavouras Temporárias", "cor": "#f54ca9", "area_ha": 1.9174418339818444 }, "geometry": { "type": "Polygon", "coordinates": [ [ [ -45.103422268828652, -21.307858876258223 ], [ -45.103422268828652, -21.308128370843466 ], [ -45.103961257999124, -21.308128370843459 ], [ -45.103961257999124, -21.308397865428699 ], [ -45.103422268828652, -21.308397865428699 ], [ -45.103422268828652, -21.308667360013931 ], [ -45.103152774243419, -21.308667360013935 ], [ -45.103152774243419, -21.308936854599171 ], [ -45.103422268828652, -21.308936854599175 ], [ -45.103422268828652, -21.309206349184407 ], [ -45.104500247169597, -21.3092063491844 ], [ -45.104500247169597, -21.308667360013935 ], [ -45.104230752584364, -21.308667360013935 ], [ -45.104230752584364, -21.308397865428699 ], [ -45.104500247169597, -21.308397865428695 ], [ -45.104500247169597, -21.307589381672987 ], [ -45.103152774243419, -21.307589381672987 ], [ -45.103152774243419, -21.30785887625823 ], [ -45.103422268828652, -21.307858876258223 ] ] ] } },
{ "type": "Feature", "properties": { "id_feicao": "fogo_2023_8", "ano": 2023.0, "mes": 7, "codigo_original": 41, "classe": "Outras Lavouras Temporárias", "cor": "#f54ca9", "area_ha": 0.41697041560349701 }, "geometry": { "type": "Polygon", "coordinates": [ [ [ -45.021765409502187, -21.259619345501008 ], [ -45.021765409502187, -21.259349850915768 ], [ -45.022034904087427, -21.259349850915768 ], [ -45.022034904087427, -21.2588108617453 ], [ -45.021495914916954, -21.258810861745303 ], [ -45.021495914916954, -21.259619345501001 ], [ -45.021765409502187, -21.259619345501008 ] ] ] } },
{ "type": "Feature", "properties": { "id_feicao": "fogo_2023_9", "ano": 2023.0, "mes": 7, "codigo_original": 41, "classe": "Outras Lavouras Temporárias", "cor": "#f54ca9", "area_ha": 2.4184318408052397 }, "geometry": { "type": "Polygon", "coordinates": [ [ [ -45.01826197989412, -21.259349850915772 ], [ -45.01826197989412, -21.260158334671477 ], [ -45.01853147447936, -21.260158334671488 ], [ -45.01853147447936, -21.259888840086244 ], [ -45.019339958235065, -21.259888840086237 ], [ -45.019339958235065, -21.259619345501008 ], [ -45.019070463649832, -21.259619345501012 ], [ -45.019070463649832, -21.259349850915768 ], [ -45.018800969064593, -21.259349850915765 ], [ -45.018800969064593, -21.259080356330532 ], [ -45.019339958235065, -21.259080356330536 ], [ -45.019339958235065, -21.258541367160067 ], [ -45.019070463649832, -21.258541367160067 ], [ -45.019070463649832, -21.258002377989591 ], [ -45.017992485308888, -21.258002377989591 ], [ -45.017992485308888, -21.259349850915768 ], [ -45.01826197989412, -21.259349850915772 ] ] ] } },
{ "type": "Feature", "properties": { "id_feicao": "fogo_2023_10", "ano": 2023.0, "mes": 7, "codigo_original": 41, "classe": "Outras Lavouras Temporárias", "cor": "#f54ca9", "area_ha": 0.25023491431809963 }, "geometry": { "type": "Polygon", "coordinates": [ [ [ -45.01664501238271, -21.227279995272703 ], [ -45.015836528626998, -21.227279995272706 ], [ -45.015836528626998, -21.227549489857946 ], [ -45.01664501238271, -21.227549489857942 ], [ -45.01664501238271, -21.227279995272703 ] ] ] } },
{ "type": "Feature", "properties": { "id_feicao": "fogo_2023_11", "ano": 2023.0, "mes": 7, "codigo_original": 41, "classe": "Outras Lavouras Temporárias", "cor": "#f54ca9", "area_ha": 2.0024566481806336 }, "geometry": { "type": "Polygon", "coordinates": [ [ [ -45.046558911343887, -21.183082883294031 ], [ -45.045480933002942, -21.18308288329402 ], [ -45.045480933002942, -21.184699850805433 ], [ -45.046558911343887, -21.18469985080544 ], [ -45.046558911343887, -21.183082883294031 ] ] ] } },
{ "type": "Feature", "properties": { "id_feicao": "fogo_2023_12", "ano": 2023.0, "mes": 8, "codigo_original": 3, "classe": "Formação Florestal", "cor": "#1f8d49", "area_ha": 0.41675453334767371 }, "geometry": { "type": "Polygon", "coordinates": [ [ [ -45.03092822540021, -21.336964291463701 ], [ -45.03065873081497, -21.336964291463701 ], [ -45.03065873081497, -21.336694796878458 ], [ -45.030389236229738, -21.336694796878458 ], [ -45.030389236229738, -21.337503280634166 ], [ -45.03092822540021, -21.337503280634174 ], [ -45.03092822540021, -21.336964291463701 ] ] ] } },
{ "type": "Feature", "properties": { "id_feicao": "fogo_2023_13", "ano": 2023.0, "mes": 8, "codigo_original": 3, "classe": "Formação Florestal", "cor": "#1f8d49", "area_ha": 0.1667076755438 }, "geometry": { "type": "Polygon", "coordinates": [ [ [ -45.029311257888793, -21.331574399758978 ], [ -45.02904176330356, -21.331574399758978 ], [ -45.02904176330356, -21.33211338892945 ], [ -45.029311257888793, -21.332113388929447 ], [ -45.029311257888793, -21.331574399758978 ] ] ] } },
{ "type": "Feature", "properties": { "id_feicao": "fogo_2023_14", "ano": 2023.0, "mes": 8, "codigo_original": 3, "classe": "Formação Florestal", "cor": "#1f8d49", "area_ha": 0.083354348761774597 }, "geometry": { "type": "Polygon", "coordinates": [ [ [ -45.017184001553183, -21.330765916003269 ], [ -45.016914506967943, -21.33076591600328 ], [ -45.016914506967943, -21.331035410588505 ], [ -45.017184001553183, -21.331035410588509 ], [ -45.017184001553183, -21.330765916003269 ] ] ] } },
{ "type": "Feature", "properties": { "id_feicao": "fogo_2023_15", "ano": 2023.0, "mes": 8, "codigo_original": 3, "classe": "Formação Florestal", "cor": "#1f8d49", "area_ha": 0.083356450650468469 }, "geometry": { "type": "Polygon", "coordinates": [ [ [ -45.026077322865966, -21.326992991809973 ], [ -45.025807828280726, -21.326992991809973 ], [ -45.025807828280726, -21.32726248639521 ], [ -45.026077322865966, -21.327262486395213 ], [ -45.026077322865966, -21.326992991809973 ] ] ] } },
{ "type": "Feature", "properties": { "id_feicao": "fogo_2023_16", "ano": 2023.0, "mes": 8, "codigo_original": 3, "classe": "Formação Florestal", "cor": "#1f8d49", "area_ha": 0.083356450037192553 }, "geometry": { "type": "Polygon", "coordinates": [ [ [ -45.025538333695494, -21.326992991809973 ], [ -45.025268839110254, -21.326992991809973 ], [ -45.025268839110254, -21.32726248639521 ], [ -45.025538333695494, -21.32726248639521 ], [ -45.025538333695494, -21.326992991809973 ] ] ] } },
{ "type": "Feature", "properties": { "id_feicao": "fogo_2023_17", "ano": 2023.0, "mes": 8, "codigo_original": 3, "classe": "Formação Florestal", "cor": "#1f8d49", "area_ha": 0.083356590159051114 }, "geometry": { "type": "Polygon", "coordinates": [ [ [ -45.015028044871293, -21.326723497224734 ], [ -45.014758550286061, -21.326723497224737 ], [ -45.014758550286061, -21.326992991809977 ], [ -45.015028044871293, -21.326992991809973 ], [ -45.015028044871293, -21.326723497224734 ] ] ] } },
{ "type": "Feature", "properties": { "id_feicao": "fogo_2023_18", "ano": 2023.0, "mes": 8, "codigo_original": 3, "classe": "Formação Florestal", "cor": "#1f8d49", "area_ha": 0.083393169914744797 }, "geometry": { "type": "Polygon", "coordinates": [ [ [ -45.019339958235065, -21.260697323841956 ], [ -45.019070463649832, -21.260697323841953 ], [ -45.019070463649832, -21.260966818427185 ], [ -45.019339958235065, -21.260966818427192 ], [ -45.019339958235065, -21.260697323841956 ] ] ] } },
{ "type": "Feature", "properties": { "id_feicao": "fogo_2023_19", "ano": 2023.0, "mes": 8, "codigo_original": 3, "classe": "Formação Florestal", "cor": "#1f8d49", "area_ha": 0.083393318758532411 }, "geometry": { "type": "Polygon", "coordinates": [ [ [ -45.019070463649832, -21.26042782925672 ], [ -45.018800969064593, -21.26042782925672 ], [ -45.018800969064593, -21.260697323841949 ], [ -45.019070463649832, -21.260697323841953 ], [ -45.019070463649832, -21.26042782925672 ] ] ] } },
{ "type": "Feature", "properties": { "id_feicao": "fogo_2023_20", "ano": 2023.0, "mes": 8, "codigo_original": 4, "classe": "Formação Savânica", "cor": "#7dc975", "area_ha": 0.083351372492963371 }, "geometry": { "type": "Polygon", "coordinates": [ [ [ -45.03092822540021, -21.336155807707993 ], [ -45.03092822540021, -21.336425302293222 ], [ -45.031197719985443, -21.336425302293222 ], [ -45.031197719985443, -21.336155807707982 ], [ -45.03092822540021, -21.336155807707993 ] ] ] } },
{ "type": "Feature", "properties": { "id_feicao": "fogo_2023_21", "ano": 2023.0, "mes": 8, "codigo_original": 12, "classe": "Formação Campestre", "cor": "#d6bc74", "area_ha": 0.083351526343965518 }, "geometry": { "type": "Polygon", "coordinates": [ [ [ -45.034162160423037, -21.336155807707993 ], [ -45.034162160423037, -21.335886313122753 ], [ -45.033892665837804, -21.335886313122757 ], [ -45.033892665837804, -21.336155807707989 ], [ -45.034162160423037, -21.336155807707993 ] ] ] } },
{ "type": "Feature", "properties": { "id_feicao": "fogo_2023_22", "ano": 2023.0, "mes": 8, "codigo_original": 12, "classe": "Formação Campestre", "cor": "#d6bc74", "area_ha": 0.083351670189393573 }, "geometry": { "type": "Polygon", "coordinates": [ [ [ -45.030119741644498, -21.335886313122746 ], [ -45.030119741644498, -21.335616818537517 ], [ -45.029850247059265, -21.335616818537513 ], [ -45.029850247059265, -21.335886313122757 ], [ -45.030119741644498, -21.335886313122746 ] ] ] } },
{ "type": "Feature", "properties": { "id_feicao": "fogo_2023_23", "ano": 2023.0, "mes": 8, "codigo_original": 12, "classe": "Formação Campestre", "cor": "#d6bc74", "area_ha": 130.53175041011727 }, "geometry": { "type": "Polygon", "coordinates": [ [ [ -45.011255120677994, -21.327531980980442 ], [ -45.010985626092754, -21.327531980980446 ], [ -45.010985626092754, -21.327801475565682 ], [ -45.010446636922282, -21.327801475565678 ], [ -45.010446636922282, -21.328070970150915 ], [ -45.00990764775181, -21.328070970150918 ], [ -45.00990764775181, -21.330496421418044 ], [ -45.009099163996105, -21.33049642141804 ], [ -45.009099163996105, -21.331843894344217 ], [ -45.009368658581337, -21.33184389434421 ], [ -45.009368658581337, -21.33211338892945 ], [ -45.009638153166577, -21.332113388929454 ], [ -45.009638153166577, -21.332652378099926 ], [ -45.00990764775181, -21.332652378099922 ], [ -45.00990764775181, -21.332921872685159 ], [ -45.011255120677994, -21.332921872685162 ], [ -45.011255120677994, -21.332382883514686 ], [ -45.011524615263227, -21.332382883514676 ], [ -45.011524615263227, -21.331843894344221 ], [ -45.011794109848466, -21.331843894344217 ], [ -45.011794109848466, -21.331304905173749 ], [ -45.012333099018932, -21.331304905173738 ], [ -45.012333099018932, -21.331035410588509 ], [ -45.012602593604171, -21.331035410588516 ], [ -45.012602593604171, -21.331304905173749 ], [ -45.014219561115588, -21.331304905173745 ], [ -45.014219561115588, -21.333460861855635 ], [ -45.015297539456526, -21.333460861855635 ], [ -45.015297539456526, -21.332921872685166 ], [ -45.015567034041766, -21.332921872685155 ], [ -45.015567034041766, -21.332652378099922 ], [ -45.016375517797471, -21.332652378099926 ], [ -45.016375517797471, -21.332921872685166 ], [ -45.017453496138415, -21.332921872685159 ], [ -45.017453496138415, -21.331574399758981 ], [ -45.017184001553183, -21.331574399758971 ], [ -45.017184001553183, -21.331304905173742 ], [ -45.01664501238271, -21.331304905173742 ], [ -45.01664501238271, -21.330765916003266 ], [ -45.016375517797471, -21.33076591600328 ], [ -45.016375517797471, -21.330496421418037 ], [ -45.015836528626998, -21.330496421418033 ], [ -45.015836528626998, -21.3302269268328 ], [ -45.015297539456526, -21.330226926832808 ], [ -45.015297539456526, -21.329957432247564 ], [ -45.015567034041766, -21.329957432247571 ], [ -45.015567034041766, -21.329687937662328 ], [ -45.015836528626998, -21.329687937662328 ], [ -45.015836528626998, -21.329957432247568 ], [ -45.016375517797471, -21.329957432247568 ], [ -45.016375517797471, -21.330226926832793 ], [ -45.01826197989412, -21.330226926832797 ], [ -45.01826197989412, -21.329957432247561 ], [ -45.018800969064593, -21.329957432247557 ], [ -45.018800969064593, -21.330226926832804 ], [ -45.019609452820305, -21.330226926832804 ], [ -45.019609452820305, -21.331843894344217 ], [ -45.019878947405537, -21.33184389434421 ], [ -45.019878947405537, -21.332382883514683 ], [ -45.020956925746482, -21.332382883514683 ], [ -45.020956925746482, -21.331574399758978 ], [ -45.021226420331715, -21.331574399758981 ], [ -45.021226420331715, -21.331035410588505 ], [ -45.021495914916954, -21.331035410588516 ], [ -45.021495914916954, -21.332113388929454 ], [ -45.021226420331715, -21.33211338892945 ], [ -45.021226420331715, -21.332382883514686 ], [ -45.021495914916954, -21.332382883514693 ], [ -45.021495914916954, -21.332652378099922 ], [ -45.022573893257899, -21.332652378099922 ], [ -45.022573893257899, -21.331843894344217 ], [ -45.023112882428372, -21.331843894344217 ], [ -45.023112882428372, -21.331574399758971 ], [ -45.023651871598844, -21.331574399758981 ], [ -45.023651871598844, -21.331843894344217 ], [ -45.024190860769309, -21.331843894344214 ], [ -45.024190860769309, -21.332113388929457 ], [ -45.024460355354549, -21.332113388929454 ], [ -45.024460355354549, -21.332652378099919 ], [ -45.023651871598844, -21.332652378099919 ], [ -45.023651871598844, -21.332921872685159 ], [ -45.023382377013604, -21.332921872685166 ], [ -45.023382377013604, -21.333460861855635 ], [ -45.022573893257899, -21.333460861855635 ], [ -45.022573893257899, -21.333730356440864 ], [ -45.022304398672659, -21.333730356440871 ], [ -45.022304398672659, -21.334808334781808 ], [ -45.022843387843132, -21.334808334781808 ], [ -45.022843387843132, -21.334538840196576 ], [ -45.023382377013604, -21.334538840196576 ], [ -45.023382377013604, -21.334808334781812 ], [ -45.023112882428372, -21.334808334781812 ], [ -45.023112882428372, -21.33561681853752 ], [ -45.022843387843132, -21.335616818537524 ], [ -45.022843387843132, -21.336155807707986 ], [ -45.022304398672659, -21.336155807707989 ], [ -45.022304398672659, -21.336425302293225 ], [ -45.021765409502187, -21.336425302293225 ], [ -45.021765409502187, -21.336964291463701 ], [ -45.023112882428372, -21.336964291463701 ], [ -45.023112882428372, -21.336694796878461 ], [ -45.024190860769309, -21.336694796878469 ], [ -45.024190860769309, -21.336964291463705 ], [ -45.025268839110254, -21.336964291463708 ], [ -45.025268839110254, -21.336694796878461 ], [ -45.025538333695494, -21.336694796878458 ], [ -45.025538333695494, -21.336425302293218 ], [ -45.025268839110254, -21.336425302293225 ], [ -45.025268839110254, -21.33561681853752 ], [ -45.025538333695494, -21.335616818537517 ], [ -45.025538333695494, -21.33588631312276 ], [ -45.025807828280726, -21.335886313122753 ], [ -45.025807828280726, -21.335616818537524 ], [ -45.026077322865966, -21.335616818537517 ], [ -45.026077322865966, -21.335077829367048 ], [ -45.026346817451198, -21.335077829367044 ], [ -45.026346817451198, -21.336694796878469 ], [ -45.027424795792143, -21.336694796878465 ], [ -45.027424795792143, -21.337503280634177 ], [ -45.029850247059265, -21.337503280634174 ], [ -45.029850247059265, -21.33723378604893 ], [ -45.030119741644498, -21.337233786048927 ], [ -45.030119741644498, -21.336964291463701 ], [ -45.029850247059265, -21.336964291463701 ], [ -45.029850247059265, -21.336425302293225 ], [ -45.029580752474033, -21.336425302293232 ], [ -45.029580752474033, -21.335616818537524 ], [ -45.029850247059265, -21.335616818537513 ], [ -45.029850247059265, -21.335077829367044 ], [ -45.030119741644498, -21.335077829367052 ], [ -45.030119741644498, -21.335347323952281 ], [ -45.030389236229738, -21.335347323952281 ], [ -45.030389236229738, -21.335077829367052 ], [ -45.03065873081497, -21.335077829367044 ], [ -45.03065873081497, -21.334538840196576 ], [ -45.03092822540021, -21.334538840196569 ], [ -45.03092822540021, -21.334808334781815 ], [ -45.031197719985443, -21.334808334781808 ], [ -45.031197719985443, -21.335886313122764 ], [ -45.03092822540021, -21.335886313122749 ], [ -45.03092822540021, -21.336155807707993 ], [ -45.031197719985443, -21.336155807707982 ], [ -45.031197719985443, -21.336425302293222 ], [ -45.03092822540021, -21.336425302293222 ], [ -45.03092822540021, -21.336694796878469 ], [ -45.031197719985443, -21.336694796878458 ], [ -45.031197719985443, -21.337503280634163 ], [ -45.031467214570682, -21.337503280634174 ], [ -45.031467214570682, -21.338850753560351 ], [ -45.032545192911627, -21.33885075356034 ], [ -45.032545192911627, -21.338581258975118 ], [ -45.033084182082092, -21.338581258975111 ], [ -45.033084182082092, -21.336155807707993 ], [ -45.033623171252565, -21.336155807707996 ], [ -45.033623171252565, -21.33561681853752 ], [ -45.033084182082092, -21.335616818537513 ], [ -45.033084182082092, -21.335077829367037 ], [ -45.03281468749686, -21.335077829367041 ], [ -45.03281468749686, -21.334538840196576 ], [ -45.033353676667332, -21.334538840196572 ], [ -45.033353676667332, -21.334269345611339 ], [ -45.033623171252565, -21.334269345611343 ], [ -45.033623171252565, -21.334808334781805 ], [ -45.033892665837804, -21.334808334781805 ], [ -45.033892665837804, -21.335077829367037 ], [ -45.034162160423037, -21.335077829367041 ], [ -45.034162160423037, -21.335616818537517 ], [ -45.034701149593509, -21.335616818537527 ], [ -45.034701149593509, -21.335347323952277 ], [ -45.034431655008277, -21.335347323952281 ], [ -45.034431655008277, -21.334538840196583 ], [ -45.034701149593509, -21.334538840196569 ], [ -45.034701149593509, -21.335077829367044 ], [ -45.034970644178749, -21.335077829367044 ], [ -45.034970644178749, -21.336155807707982 ], [ -45.036048622519687, -21.336155807707993 ], [ -45.036048622519687, -21.334538840196569 ], [ -45.035240138763982, -21.334538840196572 ], [ -45.035240138763982, -21.333730356440871 ], [ -45.033892665837804, -21.333730356440874 ], [ -45.033892665837804, -21.333191367270398 ], [ -45.033353676667332, -21.333191367270391 ], [ -45.033353676667332, -21.332652378099922 ], [ -45.032006203741155, -21.332652378099919 ], [ -45.032006203741155, -21.332382883514683 ], [ -45.03092822540021, -21.33238288351469 ], [ -45.03092822540021, -21.332921872685155 ], [ -45.03065873081497, -21.332921872685159 ], [ -45.03065873081497, -21.333191367270398 ], [ -45.029850247059265, -21.333191367270395 ], [ -45.029850247059265, -21.332921872685166 ], [ -45.029580752474033, -21.332921872685159 ], [ -45.029580752474033, -21.33238288351469 ], [ -45.029311257888793, -21.332382883514683 ], [ -45.029311257888793, -21.332652378099919 ], [ -45.02904176330356, -21.332652378099926 ], [ -45.02904176330356, -21.33211338892945 ], [ -45.028772268718321, -21.332113388929443 ], [ -45.028772268718321, -21.331843894344214 ], [ -45.028502774133088, -21.331843894344221 ], [ -45.028502774133088, -21.331574399758978 ], [ -45.028233279547848, -21.331574399758974 ], [ -45.028233279547848, -21.331035410588516 ], [ -45.027694290377376, -21.331035410588512 ], [ -45.027694290377376, -21.330765916003269 ], [ -45.026346817451198, -21.330765916003276 ], [ -45.026346817451198, -21.330226926832804 ], [ -45.025807828280726, -21.330226926832804 ], [ -45.025807828280726, -21.329957432247557 ], [ -45.025538333695494, -21.329957432247561 ], [ -45.025538333695494, -21.329687937662328 ], [ -45.024729849939781, -21.329687937662325 ], [ -45.024729849939781, -21.329418443077088 ], [ -45.024460355354549, -21.329418443077092 ], [ -45.024460355354549, -21.328340464736151 ], [ -45.024190860769309, -21.328340464736154 ], [ -45.024190860769309, -21.328070970150918 ], [ -45.024460355354549, -21.328070970150915 ], [ -45.024460355354549, -21.327531980980442 ], [ -45.023382377013604, -21.327531980980446 ], [ -45.023382377013604, -21.327801475565686 ], [ -45.023651871598844, -21.327801475565678 ], [ -45.023651871598844, -21.328340464736147 ], [ -45.023382377013604, -21.328340464736144 ], [ -45.023382377013604, -21.328609959321387 ], [ -45.023112882428372, -21.32860995932139 ], [ -45.023112882428372, -21.32887945390662 ], [ -45.022843387843132, -21.32887945390662 ], [ -45.022843387843132, -21.329148948491856 ], [ -45.020687431161249, -21.329148948491856 ], [ -45.020687431161249, -21.328609959321387 ], [ -45.02041793657601, -21.328609959321383 ], [ -45.02041793657601, -21.32887945390662 ], [ -45.019878947405537, -21.328879453906623 ], [ -45.019878947405537, -21.329148948491852 ], [ -45.019609452820305, -21.329148948491852 ], [ -45.019609452820305, -21.328879453906623 ], [ -45.019339958235065, -21.328879453906627 ], [ -45.019339958235065, -21.329148948491856 ], [ -45.018800969064593, -21.329148948491849 ], [ -45.018800969064593, -21.328879453906612 ], [ -45.01853147447936, -21.32887945390662 ], [ -45.01853147447936, -21.328609959321376 ], [ -45.017722990723655, -21.328609959321387 ], [ -45.017722990723655, -21.328340464736151 ], [ -45.017453496138415, -21.328340464736144 ], [ -45.017453496138415, -21.328070970150922 ], [ -45.017184001553183, -21.328070970150918 ], [ -45.017184001553183, -21.327801475565682 ], [ -45.015297539456526, -21.327801475565678 ], [ -45.015297539456526, -21.327531980980449 ], [ -45.015028044871293, -21.327531980980446 ], [ -45.015028044871293, -21.327801475565678 ], [ -45.014758550286061, -21.327801475565682 ], [ -45.014758550286061, -21.32726248639521 ], [ -45.013680571945116, -21.32726248639521 ], [ -45.013680571945116, -21.326992991809977 ], [ -45.013141582774644, -21.32699299180997 ], [ -45.013141582774644, -21.326723497224734 ], [ -45.012602593604171, -21.326723497224734 ], [ -45.012602593604171, -21.326454002639501 ], [ -45.012333099018932, -21.326454002639501 ], [ -45.012333099018932, -21.326723497224737 ], [ -45.011255120677994, -21.326723497224741 ], [ -45.011255120677994, -21.327531980980442 ] ], [ [ -45.026346817451198, -21.334808334781812 ], [ -45.026616312036438, -21.334808334781812 ], [ -45.026616312036438, -21.334538840196576 ], [ -45.026885806621671, -21.334538840196569 ], [ -45.026885806621671, -21.334269345611339 ], [ -45.027155301206903, -21.334269345611347 ], [ -45.027155301206903, -21.335077829367044 ], [ -45.026885806621671, -21.335077829367044 ], [ -45.026885806621671, -21.335347323952288 ], [ -45.026616312036438, -21.335347323952281 ], [ -45.026616312036438, -21.335077829367055 ], [ -45.026346817451198, -21.335077829367044 ], [ -45.026346817451198, -21.334808334781812 ] ], [ [ -45.024999344525021, -21.335886313122753 ], [ -45.024729849939781, -21.335886313122749 ], [ -45.024729849939781, -21.335347323952274 ], [ -45.024999344525021, -21.335347323952284 ], [ -45.024999344525021, -21.335886313122753 ] ], [ [ -45.025807828280726, -21.335347323952284 ], [ -45.025538333695494, -21.335347323952274 ], [ -45.025538333695494, -21.335077829367044 ], [ -45.025807828280726, -21.335077829367048 ], [ -45.025807828280726, -21.335347323952284 ] ], [ [ -45.026077322865966, -21.334808334781815 ], [ -45.025807828280726, -21.334808334781805 ], [ -45.025807828280726, -21.334538840196579 ], [ -45.026077322865966, -21.334538840196572 ], [ -45.026077322865966, -21.334808334781815 ] ], [ [ -45.023112882428372, -21.331304905173738 ], [ -45.022843387843132, -21.331304905173745 ], [ -45.022843387843132, -21.331035410588502 ], [ -45.023112882428372, -21.331035410588502 ], [ -45.023112882428372, -21.331304905173738 ] ], [ [ -45.012872088189404, -21.330765916003276 ], [ -45.012602593604171, -21.330765916003273 ], [ -45.012602593604171, -21.330496421418037 ], [ -45.012872088189404, -21.330496421418044 ], [ -45.012872088189404, -21.330765916003276 ] ], [ [ -45.012333099018932, -21.330765916003266 ], [ -45.011794109848466, -21.330765916003276 ], [ -45.011794109848466, -21.330496421418044 ], [ -45.012333099018932, -21.330496421418033 ], [ -45.012333099018932, -21.330765916003266 ] ], [ [ -45.012602593604171, -21.328879453906627 ], [ -45.012602593604171, -21.329148948491849 ], [ -45.012333099018932, -21.329148948491856 ], [ -45.012333099018932, -21.328879453906627 ], [ -45.012602593604171, -21.328879453906627 ] ], [ [ -45.014489055700821, -21.328070970150922 ], [ -45.014489055700821, -21.328340464736151 ], [ -45.014219561115588, -21.328340464736144 ], [ -45.014219561115588, -21.328070970150922 ], [ -45.014489055700821, -21.328070970150922 ] ] ] } },
{ "type": "Feature", "properties": { "id_feicao": "fogo_2023_24", "ano": 2023.0, "mes": 8, "codigo_original": 12, "classe": "Formação Campestre", "cor": "#d6bc74", "area_ha": 3.0008577536512164 }, "geometry": { "type": "Polygon", "coordinates": [ [ [ -45.023382377013604, -21.326184508054261 ], [ -45.024729849939781, -21.326184508054268 ], [ -45.024729849939781, -21.326454002639501 ], [ -45.025268839110254, -21.326454002639501 ], [ -45.025268839110254, -21.326723497224737 ], [ -45.025807828280726, -21.326723497224741 ], [ -45.025807828280726, -21.325376024298556 ], [ -45.024460355354549, -21.325376024298556 ], [ -45.024460355354549, -21.325106529713317 ], [ -45.023651871598844, -21.32510652971332 ], [ -45.023651871598844, -21.32537602429856 ], [ -45.023382377013604, -21.325376024298556 ], [ -45.023382377013604, -21.326184508054261 ] ] ] } },
{ "type": "Feature", "properties": { "id_feicao": "fogo_2023_25", "ano": 2023.0, "mes": 8, "codigo_original": 12, "classe": "Formação Campestre", "cor": "#d6bc74", "area_ha": 1.0013651506748051 }, "geometry": { "type": "Polygon", "coordinates": [ [ [ -44.985922629665822, -21.16367927315704 ], [ -44.986461618836294, -21.163679273157037 ], [ -44.986461618836294, -21.163409778571801 ], [ -44.986731113421527, -21.163409778571808 ], [ -44.986731113421527, -21.163140283986568 ], [ -44.987270102591999, -21.163140283986564 ], [ -44.987270102591999, -21.162870789401328 ], [ -44.986731113421527, -21.162870789401335 ], [ -44.986731113421527, -21.16260129481611 ], [ -44.986192124251055, -21.162601294816106 ], [ -44.986192124251055, -21.162870789401335 ], [ -44.985922629665822, -21.162870789401328 ], [ -44.985922629665822, -21.16367927315704 ] ] ] } },
{ "type": "Feature", "properties": { "id_feicao": "fogo_2023_26", "ano": 2023.0, "mes": 8, "codigo_original": 15, "classe": "Pastagem", "cor": "#edde8e", "area_ha": 1.5836841956786014 }, "geometry": { "type": "Polygon", "coordinates": [ [ [ -45.021765409502187, -21.335886313122757 ], [ -45.021765409502187, -21.336425302293225 ], [ -45.022304398672659, -21.336425302293225 ], [ -45.022304398672659, -21.336155807707989 ], [ -45.022843387843132, -21.336155807707986 ], [ -45.022843387843132, -21.335616818537524 ], [ -45.023112882428372, -21.33561681853752 ], [ -45.023112882428372, -21.334808334781812 ], [ -45.023382377013604, -21.334808334781812 ], [ -45.023382377013604, -21.334538840196576 ], [ -45.022843387843132, -21.334538840196576 ], [ -45.022843387843132, -21.334808334781808 ], [ -45.022304398672659, -21.334808334781808 ], [ -45.022304398672659, -21.33588631312276 ], [ -45.021765409502187, -21.335886313122757 ] ] ] } },
{ "type": "Feature", "properties": { "id_feicao": "fogo_2023_27", "ano": 2023.0, "mes": 8, "codigo_original": 15, "classe": "Pastagem", "cor": "#edde8e", "area_ha": 0.58347317721676861 }, "geometry": { "type": "Polygon", "coordinates": [ [ [ -45.029850247059265, -21.332921872685166 ], [ -45.029850247059265, -21.333191367270395 ], [ -45.03065873081497, -21.333191367270398 ], [ -45.03065873081497, -21.332652378099919 ], [ -45.030389236229738, -21.332652378099919 ], [ -45.030389236229738, -21.332921872685155 ], [ -45.030119741644498, -21.332921872685166 ], [ -45.030119741644498, -21.332382883514683 ], [ -45.029850247059265, -21.332382883514676 ], [ -45.029850247059265, -21.332652378099926 ], [ -45.029580752474033, -21.332652378099919 ], [ -45.029580752474033, -21.332921872685159 ], [ -45.029850247059265, -21.332921872685166 ] ] ] } },
{ "type": "Feature", "properties": { "id_feicao": "fogo_2023_28", "ano": 2023.0, "mes": 8, "codigo_original": 15, "classe": "Pastagem", "cor": "#edde8e", "area_ha": 0.083353469090194879 }, "geometry": { "type": "Polygon", "coordinates": [ [ [ -45.03281468749686, -21.332382883514683 ], [ -45.03281468749686, -21.332652378099919 ], [ -45.033084182082092, -21.332652378099922 ], [ -45.033084182082092, -21.332382883514679 ], [ -45.03281468749686, -21.332382883514683 ] ] ] } },
{ "type": "Feature", "properties": { "id_feicao": "fogo_2023_29", "ano": 2023.0, "mes": 8, "codigo_original": 15, "classe": "Pastagem", "cor": "#edde8e", "area_ha": 0.083353619040269403 }, "geometry": { "type": "Polygon", "coordinates": [ [ [ -45.033084182082092, -21.332382883514679 ], [ -45.033353676667332, -21.332382883514686 ], [ -45.033353676667332, -21.332113388929457 ], [ -45.033084182082092, -21.332113388929454 ], [ -45.033084182082092, -21.332382883514679 ] ] ] } },
{ "type": "Feature", "properties": { "id_feicao": "fogo_2023_30", "ano": 2023.0, "mes": 8, "codigo_original": 15, "classe": "Pastagem", "cor": "#edde8e", "area_ha": 9.8358555294814529 }, "geometry": { "type": "Polygon", "coordinates": [ [ [ -45.03065873081497, -21.331843894344214 ], [ -45.03065873081497, -21.332113388929457 ], [ -45.031197719985443, -21.332113388929454 ], [ -45.031197719985443, -21.332382883514683 ], [ -45.032545192911627, -21.332382883514683 ], [ -45.032545192911627, -21.33211338892945 ], [ -45.03281468749686, -21.332113388929457 ], [ -45.03281468749686, -21.331843894344217 ], [ -45.032545192911627, -21.331843894344214 ], [ -45.032545192911627, -21.331574399758971 ], [ -45.03281468749686, -21.331574399758985 ], [ -45.03281468749686, -21.331304905173745 ], [ -45.032545192911627, -21.331304905173742 ], [ -45.032545192911627, -21.330765916003273 ], [ -45.033084182082092, -21.330765916003273 ], [ -45.033084182082092, -21.331035410588509 ], [ -45.033353676667332, -21.331035410588512 ], [ -45.033353676667332, -21.329418443077095 ], [ -45.032545192911627, -21.329418443077088 ], [ -45.032545192911627, -21.329148948491859 ], [ -45.03281468749686, -21.329148948491859 ], [ -45.03281468749686, -21.328070970150918 ], [ -45.031736709155915, -21.328070970150918 ], [ -45.031736709155915, -21.328879453906612 ], [ -45.03092822540021, -21.328879453906612 ], [ -45.03092822540021, -21.329148948491852 ], [ -45.030389236229738, -21.329148948491849 ], [ -45.030389236229738, -21.331843894344221 ], [ -45.03065873081497, -21.331843894344214 ] ], [ [ -45.032275698326387, -21.329148948491856 ], [ -45.032275698326387, -21.328879453906623 ], [ -45.032545192911627, -21.32887945390662 ], [ -45.032545192911627, -21.329148948491859 ], [ -45.032275698326387, -21.329148948491856 ] ], [ [ -45.031197719985443, -21.33184389434421 ], [ -45.031197719985443, -21.331574399758974 ], [ -45.03092822540021, -21.331574399758974 ], [ -45.03092822540021, -21.331035410588516 ], [ -45.031736709155915, -21.331035410588512 ], [ -45.031736709155915, -21.331304905173742 ], [ -45.032006203741155, -21.331304905173738 ], [ -45.032006203741155, -21.331574399758971 ], [ -45.031467214570682, -21.331574399758981 ], [ -45.031467214570682, -21.331843894344217 ], [ -45.031197719985443, -21.33184389434421 ] ], [ [ -45.032275698326387, -21.33076591600328 ], [ -45.031736709155915, -21.330765916003273 ], [ -45.031736709155915, -21.330496421418044 ], [ -45.032275698326387, -21.330496421418037 ], [ -45.032275698326387, -21.33076591600328 ] ] ] } },
{ "type": "Feature", "properties": { "id_feicao": "fogo_2023_31", "ano": 2023.0, "mes": 8, "codigo_original": 15, "classe": "Pastagem", "cor": "#edde8e", "area_ha": 0.083356298469655851 }, "geometry": { "type": "Polygon", "coordinates": [ [ [ -45.023382377013604, -21.32726248639521 ], [ -45.023382377013604, -21.327531980980446 ], [ -45.023651871598844, -21.327531980980446 ], [ -45.023651871598844, -21.32726248639521 ], [ -45.023382377013604, -21.32726248639521 ] ] ] } },
{ "type": "Feature", "properties": { "id_feicao": "fogo_2023_32", "ano": 2023.0, "mes": 8, "codigo_original": 15, "classe": "Pastagem", "cor": "#edde8e", "area_ha": 0.083356597502143706 }, "geometry": { "type": "Polygon", "coordinates": [ [ [ -45.023382377013604, -21.326723497224737 ], [ -45.023382377013604, -21.326992991809973 ], [ -45.023651871598844, -21.326992991809973 ], [ -45.023651871598844, -21.326723497224737 ], [ -45.023382377013604, -21.326723497224737 ] ] ] } },
{ "type": "Feature", "properties": { "id_feicao": "fogo_2023_33", "ano": 2023.0, "mes": 8, "codigo_original": 15, "classe": "Pastagem", "cor": "#edde8e", "area_ha": 1.7504892331905113 }, "geometry": { "type": "Polygon", "coordinates": [ [ [ -45.024460355354549, -21.326723497224734 ], [ -45.024460355354549, -21.327262486395213 ], [ -45.025268839110254, -21.32726248639521 ], [ -45.025268839110254, -21.326992991809973 ], [ -45.025538333695494, -21.326992991809973 ], [ -45.025538333695494, -21.32726248639521 ], [ -45.025807828280726, -21.32726248639521 ], [ -45.025807828280726, -21.326992991809973 ], [ -45.026077322865966, -21.326992991809973 ], [ -45.026077322865966, -21.326723497224737 ], [ -45.025268839110254, -21.326723497224737 ], [ -45.025268839110254, -21.326454002639501 ], [ -45.024729849939781, -21.326454002639501 ], [ -45.024729849939781, -21.326184508054268 ], [ -45.023382377013604, -21.326184508054261 ], [ -45.023382377013604, -21.326454002639501 ], [ -45.023651871598844, -21.326454002639501 ], [ -45.023651871598844, -21.326723497224737 ], [ -45.024460355354549, -21.326723497224734 ] ] ] } },
{ "type": "Feature", "properties": { "id_feicao": "fogo_2023_34", "ano": 2023.0, "mes": 8, "codigo_original": 15, "classe": "Pastagem", "cor": "#edde8e", "area_ha": 0.083357494560535997 }, "geometry": { "type": "Polygon", "coordinates": [ [ [ -45.023382377013604, -21.325376024298556 ], [ -45.023651871598844, -21.32537602429856 ], [ -45.023651871598844, -21.32510652971332 ], [ -45.023382377013604, -21.32510652971332 ], [ -45.023382377013604, -21.325376024298556 ] ] ] } },
{ "type": "Feature", "properties": { "id_feicao": "fogo_2023_35", "ano": 2023.0, "mes": 8, "codigo_original": 15, "classe": "Pastagem", "cor": "#edde8e", "area_ha": 0.083358773656096313 }, "geometry": { "type": "Polygon", "coordinates": [ [ [ -45.156512702120118, -21.324028551372376 ], [ -45.15678219670535, -21.324028551372376 ], [ -45.15678219670535, -21.323759056787143 ], [ -45.156512702120118, -21.323759056787143 ], [ -45.156512702120118, -21.324028551372376 ] ] ] } },
{ "type": "Feature", "properties": { "id_feicao": "fogo_2023_36", "ano": 2023.0, "mes": 8, "codigo_original": 15, "classe": "Pastagem", "cor": "#edde8e", "area_ha": 4.9211638589756204 }, "geometry": { "type": "Polygon", "coordinates": [ [ [ -45.027694290377376, -21.231861403221711 ], [ -45.027694290377376, -21.232130897806943 ], [ -45.027963784962616, -21.232130897806947 ], [ -45.027963784962616, -21.232400392392179 ], [ -45.02904176330356, -21.232400392392194 ], [ -45.02904176330356, -21.231861403221718 ], [ -45.029311257888793, -21.231861403221711 ], [ -45.029311257888793, -21.231052919466006 ], [ -45.029850247059265, -21.231052919466013 ], [ -45.029850247059265, -21.229705446539828 ], [ -45.028772268718321, -21.229705446539821 ], [ -45.028772268718321, -21.230783424880777 ], [ -45.027155301206903, -21.230783424880773 ], [ -45.027155301206903, -21.231861403221714 ], [ -45.027694290377376, -21.231861403221711 ] ] ] } },
{ "type": "Feature", "properties": { "id_feicao": "fogo_2023_37", "ano": 2023.0, "mes": 8, "codigo_original": 15, "classe": "Pastagem", "cor": "#edde8e", "area_ha": 5.6682098359203126 }, "geometry": { "type": "Polygon", "coordinates": [ [ [ -45.014758550286061, -21.32726248639521 ], [ -45.014758550286061, -21.327801475565682 ], [ -45.015028044871293, -21.327801475565678 ], [ -45.015028044871293, -21.327531980980446 ], [ -45.015297539456526, -21.327531980980449 ], [ -45.015297539456526, -21.327801475565678 ], [ -45.017184001553183, -21.327801475565682 ], [ -45.017184001553183, -21.328070970150918 ], [ -45.017453496138415, -21.328070970150922 ], [ -45.017453496138415, -21.328340464736144 ], [ -45.017722990723655, -21.328340464736151 ], [ -45.017722990723655, -21.328609959321387 ], [ -45.018800969064593, -21.328609959321383 ], [ -45.018800969064593, -21.329148948491849 ], [ -45.019070463649832, -21.329148948491859 ], [ -45.019070463649832, -21.328879453906612 ], [ -45.019609452820305, -21.328879453906623 ], [ -45.019609452820305, -21.329148948491852 ], [ -45.019878947405537, -21.329148948491852 ], [ -45.019878947405537, -21.328879453906623 ], [ -45.02041793657601, -21.32887945390662 ], [ -45.02041793657601, -21.328609959321383 ], [ -45.020687431161249, -21.328609959321387 ], [ -45.020687431161249, -21.327801475565686 ], [ -45.019339958235065, -21.327801475565682 ], [ -45.019339958235065, -21.328070970150915 ], [ -45.019070463649832, -21.328070970150918 ], [ -45.019070463649832, -21.328340464736144 ], [ -45.01853147447936, -21.328340464736147 ], [ -45.01853147447936, -21.328070970150922 ], [ -45.017992485308888, -21.328070970150918 ], [ -45.017992485308888, -21.327801475565682 ], [ -45.017453496138415, -21.327801475565678 ], [ -45.017453496138415, -21.327531980980442 ], [ -45.016914506967943, -21.327531980980442 ], [ -45.016914506967943, -21.327262486395217 ], [ -45.015836528626998, -21.327262486395213 ], [ -45.015836528626998, -21.326992991809973 ], [ -45.014758550286061, -21.326992991809977 ], [ -45.014758550286061, -21.326723497224737 ], [ -45.013141582774644, -21.326723497224734 ], [ -45.013141582774644, -21.32699299180997 ], [ -45.013680571945116, -21.326992991809977 ], [ -45.013680571945116, -21.32726248639521 ], [ -45.014758550286061, -21.32726248639521 ] ] ] } },
{ "type": "Feature", "properties": { "id_feicao": "fogo_2023_38", "ano": 2023.0, "mes": 8, "codigo_original": 15, "classe": "Pastagem", "cor": "#edde8e", "area_ha": 0.7502060673866876 }, "geometry": { "type": "Polygon", "coordinates": [ [ [ -45.010177142337049, -21.327531980980449 ], [ -45.010177142337049, -21.327801475565682 ], [ -45.00990764775181, -21.327801475565686 ], [ -45.00990764775181, -21.328070970150918 ], [ -45.010446636922282, -21.328070970150915 ], [ -45.010446636922282, -21.327801475565678 ], [ -45.010985626092754, -21.327801475565682 ], [ -45.010985626092754, -21.327531980980446 ], [ -45.011255120677994, -21.327531980980442 ], [ -45.011255120677994, -21.326723497224741 ], [ -45.010985626092754, -21.326723497224734 ], [ -45.010985626092754, -21.327262486395206 ], [ -45.010716131507522, -21.32726248639521 ], [ -45.010716131507522, -21.327531980980446 ], [ -45.010177142337049, -21.327531980980449 ] ] ] } },
{ "type": "Feature", "properties": { "id_feicao": "fogo_2023_39", "ano": 2023.0, "mes": 8, "codigo_original": 15, "classe": "Pastagem", "cor": "#edde8e", "area_ha": 0.1667134768656455 }, "geometry": { "type": "Polygon", "coordinates": [ [ [ -45.012602593604171, -21.326723497224734 ], [ -45.013141582774644, -21.326723497224734 ], [ -45.013141582774644, -21.326454002639501 ], [ -45.012602593604171, -21.326454002639501 ], [ -45.012602593604171, -21.326723497224734 ] ] ] } },
{ "type": "Feature", "properties": { "id_feicao": "fogo_2023_40", "ano": 2023.0, "mes": 8, "codigo_original": 15, "classe": "Pastagem", "cor": "#edde8e", "area_ha": 0.16671347597176209 }, "geometry": { "type": "Polygon", "coordinates": [ [ [ -45.011794109848466, -21.326723497224734 ], [ -45.012333099018932, -21.326723497224737 ], [ -45.012333099018932, -21.326454002639501 ], [ -45.011794109848466, -21.326454002639501 ], [ -45.011794109848466, -21.326723497224734 ] ] ] } },
{ "type": "Feature", "properties": { "id_feicao": "fogo_2023_41", "ano": 2023.0, "mes": 8, "codigo_original": 15, "classe": "Pastagem", "cor": "#edde8e", "area_ha": 0.25017659384700136 }, "geometry": { "type": "Polygon", "coordinates": [ [ [ -45.018800969064593, -21.262583785938606 ], [ -45.018800969064593, -21.262314291353363 ], [ -45.01853147447936, -21.26231429135337 ], [ -45.01853147447936, -21.262853280523839 ], [ -45.019070463649832, -21.262853280523832 ], [ -45.019070463649832, -21.26258378593861 ], [ -45.018800969064593, -21.262583785938606 ] ] ] } },
{ "type": "Feature", "properties": { "id_feicao": "fogo_2023_42", "ano": 2023.0, "mes": 8, "codigo_original": 15, "classe": "Pastagem", "cor": "#edde8e", "area_ha": 1.1674946104230359 }, "geometry": { "type": "Polygon", "coordinates": [ [ [ -45.02041793657601, -21.262853280523832 ], [ -45.021226420331715, -21.262853280523832 ], [ -45.021226420331715, -21.261505807597668 ], [ -45.020956925746482, -21.261505807597668 ], [ -45.020956925746482, -21.261236313012425 ], [ -45.02041793657601, -21.261236313012422 ], [ -45.02041793657601, -21.261505807597654 ], [ -45.020687431161249, -21.261505807597647 ], [ -45.020687431161249, -21.262314291353356 ], [ -45.02041793657601, -21.262314291353363 ], [ -45.02041793657601, -21.262853280523832 ] ] ] } },
{ "type": "Feature", "properties": { "id_feicao": "fogo_2023_43", "ano": 2023.0, "mes": 8, "codigo_original": 15, "classe": "Pastagem", "cor": "#edde8e", "area_ha": 0.16678544472251086 }, "geometry": { "type": "Polygon", "coordinates": [ [ [ -45.01853147447936, -21.26177530218289 ], [ -45.019070463649832, -21.261775302182897 ], [ -45.019070463649832, -21.261505807597665 ], [ -45.01853147447936, -21.261505807597658 ], [ -45.01853147447936, -21.26177530218289 ] ] ] } },
{ "type": "Feature", "properties": { "id_feicao": "fogo_2023_44", "ano": 2023.0, "mes": 8, "codigo_original": 15, "classe": "Pastagem", "cor": "#edde8e", "area_ha": 0.1667857437836501 }, "geometry": { "type": "Polygon", "coordinates": [ [ [ -45.019070463649832, -21.261236313012425 ], [ -45.019070463649832, -21.261505807597665 ], [ -45.019609452820305, -21.261505807597665 ], [ -45.019609452820305, -21.261236313012425 ], [ -45.019070463649832, -21.261236313012425 ] ] ] } },
{ "type": "Feature", "properties": { "id_feicao": "fogo_2023_45", "ano": 2023.0, "mes": 8, "codigo_original": 15, "classe": "Pastagem", "cor": "#edde8e", "area_ha": 0.083393769166804854 }, "geometry": { "type": "Polygon", "coordinates": [ [ [ -45.022304398672659, -21.259888840086241 ], [ -45.022573893257899, -21.259888840086244 ], [ -45.022573893257899, -21.259619345501012 ], [ -45.022304398672659, -21.259619345501005 ], [ -45.022304398672659, -21.259888840086241 ] ] ] } },
{ "type": "Feature", "properties": { "id_feicao": "fogo_2023_46", "ano": 2023.0, "mes": 8, "codigo_original": 15, "classe": "Pastagem", "cor": "#edde8e", "area_ha": 0.50046532614976169 }, "geometry": { "type": "Polygon", "coordinates": [ [ [ -45.015028044871293, -21.228627468198887 ], [ -45.014758550286061, -21.228627468198887 ], [ -45.014758550286061, -21.228357973613651 ], [ -45.014489055700821, -21.228357973613651 ], [ -45.014489055700821, -21.229166457369359 ], [ -45.015297539456526, -21.229166457369359 ], [ -45.015297539456526, -21.228896962784116 ], [ -45.015028044871293, -21.228896962784123 ], [ -45.015028044871293, -21.228627468198887 ] ] ] } },
{ "type": "Feature", "properties": { "id_feicao": "fogo_2023_47", "ano": 2023.0, "mes": 8, "codigo_original": 21, "classe": "Mosaico de Usos", "cor": "#ffefc3", "area_ha": 0.16670767625160515 }, "geometry": { "type": "Polygon", "coordinates": [ [ [ -45.029311257888793, -21.332113388929447 ], [ -45.029580752474033, -21.33211338892945 ], [ -45.029580752474033, -21.331574399758981 ], [ -45.029311257888793, -21.331574399758978 ], [ -45.029311257888793, -21.332113388929447 ] ] ] } },
{ "type": "Feature", "properties": { "id_feicao": "fogo_2023_48", "ano": 2023.0, "mes": 8, "codigo_original": 21, "classe": "Mosaico de Usos", "cor": "#ffefc3", "area_ha": 0.16670853865202517 }, "geometry": { "type": "Polygon", "coordinates": [ [ [ -45.008829669410872, -21.331304905173742 ], [ -45.009099163996105, -21.331304905173742 ], [ -45.009099163996105, -21.330765916003276 ], [ -45.008829669410872, -21.330765916003273 ], [ -45.008829669410872, -21.331304905173742 ] ] ] } },
{ "type": "Feature", "properties": { "id_feicao": "fogo_2023_49", "ano": 2023.0, "mes": 8, "codigo_original": 24, "classe": "Área urbanizada", "cor": "#d4271e", "area_ha": 0.083393467378020378 }, "geometry": { "type": "Polygon", "coordinates": [ [ [ -45.01826197989412, -21.260158334671477 ], [ -45.01826197989412, -21.260427829256724 ], [ -45.01853147447936, -21.26042782925672 ], [ -45.01853147447936, -21.260158334671488 ], [ -45.01826197989412, -21.260158334671477 ] ] ] } },
{ "type": "Feature", "properties": { "id_feicao": "fogo_2023_50", "ano": 2023.0, "mes": 8, "codigo_original": 41, "classe": "Outras Lavouras Temporárias", "cor": "#f54ca9", "area_ha": 2.0003203580017201 }, "geometry": { "type": "Polygon", "coordinates": [ [ [ -45.107734182192431, -21.344510139850303 ], [ -45.107195193021958, -21.344510139850314 ], [ -45.107195193021958, -21.345049129020772 ], [ -45.107464687607191, -21.345049129020779 ], [ -45.107464687607191, -21.345318623606012 ], [ -45.108003676777663, -21.345318623606001 ], [ -45.108003676777663, -21.345857612776477 ], [ -45.108542665948136, -21.345857612776484 ], [ -45.108542665948136, -21.346666096532186 ], [ -45.108812160533368, -21.346666096532186 ], [ -45.108812160533368, -21.345318623606005 ], [ -45.108542665948136, -21.345318623606005 ], [ -45.108542665948136, -21.345049129020776 ], [ -45.108273171362903, -21.345049129020772 ], [ -45.108273171362903, -21.343971150679831 ], [ -45.108003676777663, -21.343971150679828 ], [ -45.108003676777663, -21.344240645265071 ], [ -45.107734182192431, -21.344240645265064 ], [ -45.107734182192431, -21.344510139850303 ] ] ] } },
{ "type": "Feature", "properties": { "id_feicao": "fogo_2023_51", "ano": 2023.0, "mes": 8, "codigo_original": 41, "classe": "Outras Lavouras Temporárias", "cor": "#f54ca9", "area_ha": 2.3340350628852846 }, "geometry": { "type": "Polygon", "coordinates": [ [ [ -45.156512702120118, -21.324837035128084 ], [ -45.15678219670535, -21.324837035128091 ], [ -45.15678219670535, -21.32510652971332 ], [ -45.15705169129059, -21.32510652971332 ], [ -45.15705169129059, -21.325376024298556 ], [ -45.158129669631535, -21.32537602429856 ], [ -45.158129669631535, -21.324298045957615 ], [ -45.157590680461063, -21.324298045957619 ], [ -45.157590680461063, -21.323759056787146 ], [ -45.15678219670535, -21.323759056787143 ], [ -45.15678219670535, -21.324028551372376 ], [ -45.156512702120118, -21.324028551372376 ], [ -45.156512702120118, -21.324837035128084 ] ] ] } },
{ "type": "Feature", "properties": { "id_feicao": "fogo_2023_52", "ano": 2023.0, "mes": 8, "codigo_original": 41, "classe": "Outras Lavouras Temporárias", "cor": "#f54ca9", "area_ha": 3.0021301706524568 }, "geometry": { "type": "Polygon", "coordinates": [ [ [ -45.019070463649832, -21.261775302182897 ], [ -45.01853147447936, -21.26177530218289 ], [ -45.01853147447936, -21.26231429135337 ], [ -45.018800969064593, -21.262314291353363 ], [ -45.018800969064593, -21.262583785938606 ], [ -45.019070463649832, -21.26258378593861 ], [ -45.019070463649832, -21.262853280523832 ], [ -45.02041793657601, -21.262853280523832 ], [ -45.02041793657601, -21.262314291353363 ], [ -45.020687431161249, -21.262314291353356 ], [ -45.020687431161249, -21.261505807597647 ], [ -45.02041793657601, -21.261505807597654 ], [ -45.02041793657601, -21.261236313012422 ], [ -45.019609452820305, -21.261236313012425 ], [ -45.019609452820305, -21.261505807597665 ], [ -45.019070463649832, -21.261505807597665 ], [ -45.019070463649832, -21.261775302182897 ] ] ] } },
{ "type": "Feature", "properties": { "id_feicao": "fogo_2023_53", "ano": 2023.0, "mes": 8, "codigo_original": 41, "classe": "Outras Lavouras Temporárias", "cor": "#f54ca9", "area_ha": 0.083392873463686554 }, "geometry": { "type": "Polygon", "coordinates": [ [ [ -45.021226420331715, -21.261236313012418 ], [ -45.020956925746482, -21.261236313012425 ], [ -45.020956925746482, -21.261505807597668 ], [ -45.021226420331715, -21.261505807597668 ], [ -45.021226420331715, -21.261236313012418 ] ] ] } },
{ "type": "Feature", "properties": { "id_feicao": "fogo_2023_54", "ano": 2023.0, "mes": 8, "codigo_original": 41, "classe": "Outras Lavouras Temporárias", "cor": "#f54ca9", "area_ha": 0.16678723354954272 }, "geometry": { "type": "Polygon", "coordinates": [ [ [ -45.019070463649832, -21.259888840086248 ], [ -45.01853147447936, -21.259888840086244 ], [ -45.01853147447936, -21.260158334671488 ], [ -45.019070463649832, -21.260158334671477 ], [ -45.019070463649832, -21.259888840086248 ] ] ] } },
{ "type": "Feature", "properties": { "id_feicao": "fogo_2023_55", "ano": 2023.0, "mes": 8, "codigo_original": 41, "classe": "Outras Lavouras Temporárias", "cor": "#f54ca9", "area_ha": 0.83393982627009977 }, "geometry": { "type": "Polygon", "coordinates": [ [ [ -45.021765409502187, -21.259619345501008 ], [ -45.021495914916954, -21.259619345501001 ], [ -45.021495914916954, -21.259888840086237 ], [ -45.022304398672659, -21.259888840086241 ], [ -45.022304398672659, -21.259619345501005 ], [ -45.022573893257899, -21.259619345501012 ], [ -45.022573893257899, -21.25881086174531 ], [ -45.022034904087427, -21.2588108617453 ], [ -45.022034904087427, -21.259349850915768 ], [ -45.021765409502187, -21.259349850915768 ], [ -45.021765409502187, -21.259619345501008 ] ] ] } },
{ "type": "Feature", "properties": { "id_feicao": "fogo_2023_56", "ano": 2023.0, "mes": 8, "codigo_original": 41, "classe": "Outras Lavouras Temporárias", "cor": "#f54ca9", "area_ha": 2.5857462796147912 }, "geometry": { "type": "Polygon", "coordinates": [ [ [ -45.015567034041766, -21.227549489857942 ], [ -45.015297539456526, -21.227549489857939 ], [ -45.015297539456526, -21.227818984443179 ], [ -45.014758550286061, -21.227818984443179 ], [ -45.014758550286061, -21.228088479028415 ], [ -45.014489055700821, -21.228088479028415 ], [ -45.014489055700821, -21.228357973613651 ], [ -45.014758550286061, -21.228357973613651 ], [ -45.014758550286061, -21.228627468198887 ], [ -45.015028044871293, -21.228627468198887 ], [ -45.015028044871293, -21.228896962784123 ], [ -45.015297539456526, -21.228896962784116 ], [ -45.015297539456526, -21.229166457369359 ], [ -45.015567034041766, -21.229166457369359 ], [ -45.015567034041766, -21.22889696278412 ], [ -45.016106023212238, -21.228896962784116 ], [ -45.016106023212238, -21.228627468198887 ], [ -45.01664501238271, -21.228627468198891 ], [ -45.01664501238271, -21.227549489857942 ], [ -45.015836528626998, -21.227549489857946 ], [ -45.015836528626998, -21.227818984443175 ], [ -45.015567034041766, -21.227818984443175 ], [ -45.015567034041766, -21.227549489857942 ] ] ] } },
{ "type": "Feature", "properties": { "id_feicao": "fogo_2023_57", "ano": 2023.0, "mes": 8, "codigo_original": 41, "classe": "Outras Lavouras Temporárias", "cor": "#f54ca9", "area_ha": 0.083411637721769516 }, "geometry": { "type": "Polygon", "coordinates": [ [ [ -45.015836528626998, -21.227279995272706 ], [ -45.015567034041766, -21.227279995272706 ], [ -45.015567034041766, -21.227549489857942 ], [ -45.015836528626998, -21.227549489857946 ], [ -45.015836528626998, -21.227279995272706 ] ] ] } },
{ "type": "Feature", "properties": { "id_feicao": "fogo_2023_58", "ano": 2023.0, "mes": 9, "codigo_original": 3, "classe": "Formação Florestal", "cor": "#1f8d49", "area_ha": 0.16670154577633367 }, "geometry": { "type": "Polygon", "coordinates": [ [ [ -45.030389236229738, -21.337233786048927 ], [ -45.029850247059265, -21.33723378604893 ], [ -45.029850247059265, -21.337503280634174 ], [ -45.030389236229738, -21.337503280634166 ], [ -45.030389236229738, -21.337233786048927 ] ] ] } },
{ "type": "Feature", "properties": { "id_feicao": "fogo_2023_59", "ano": 2023.0, "mes": 9, "codigo_original": 3, "classe": "Formação Florestal", "cor": "#1f8d49", "area_ha": 0.16670169791041176 }, "geometry": { "type": "Polygon", "coordinates": [ [ [ -45.03092822540021, -21.336964291463701 ], [ -45.03092822540021, -21.337503280634174 ], [ -45.031197719985443, -21.337503280634163 ], [ -45.031197719985443, -21.336964291463701 ], [ -45.03092822540021, -21.336964291463701 ] ] ] } },
{ "type": "Feature", "properties": { "id_feicao": "fogo_2023_60", "ano": 2023.0, "mes": 9, "codigo_original": 3, "classe": "Formação Florestal", "cor": "#1f8d49", "area_ha": 0.083351072963353312 }, "geometry": { "type": "Polygon", "coordinates": [ [ [ -45.03065873081497, -21.336694796878458 ], [ -45.03065873081497, -21.336964291463701 ], [ -45.03092822540021, -21.336964291463701 ], [ -45.03092822540021, -21.336694796878469 ], [ -45.03065873081497, -21.336694796878458 ] ] ] } },
{ "type": "Feature", "properties": { "id_feicao": "fogo_2023_61", "ano": 2023.0, "mes": 9, "codigo_original": 3, "classe": "Formação Florestal", "cor": "#1f8d49", "area_ha": 0.41675827258396891 }, "geometry": { "type": "Polygon", "coordinates": [ [ [ -45.030389236229738, -21.336155807707996 ], [ -45.03092822540021, -21.336155807707993 ], [ -45.03092822540021, -21.335347323952281 ], [ -45.03065873081497, -21.335347323952277 ], [ -45.03065873081497, -21.335616818537517 ], [ -45.030389236229738, -21.335616818537517 ], [ -45.030389236229738, -21.336155807707996 ] ] ] } },
{ "type": "Feature", "properties": { "id_feicao": "fogo_2023_62", "ano": 2023.0, "mes": 9, "codigo_original": 3, "classe": "Formação Florestal", "cor": "#1f8d49", "area_ha": 1.2503008045391357 }, "geometry": { "type": "Polygon", "coordinates": [ [ [ -45.022573893257899, -21.332382883514683 ], [ -45.022573893257899, -21.332921872685162 ], [ -45.022304398672659, -21.332921872685159 ], [ -45.022304398672659, -21.333460861855638 ], [ -45.022573893257899, -21.333460861855635 ], [ -45.022573893257899, -21.333191367270398 ], [ -45.023112882428372, -21.333191367270395 ], [ -45.023112882428372, -21.332921872685159 ], [ -45.023382377013604, -21.332921872685166 ], [ -45.023382377013604, -21.332652378099933 ], [ -45.023651871598844, -21.332652378099919 ], [ -45.023651871598844, -21.331843894344217 ], [ -45.023382377013604, -21.331843894344225 ], [ -45.023382377013604, -21.33211338892945 ], [ -45.022843387843132, -21.332113388929447 ], [ -45.022843387843132, -21.33238288351469 ], [ -45.022573893257899, -21.332382883514683 ] ] ] } },
{ "type": "Feature", "properties": { "id_feicao": "fogo_2023_63", "ano": 2023.0, "mes": 9, "codigo_original": 3, "classe": "Formação Florestal", "cor": "#1f8d49", "area_ha": 1.0007185133675816 }, "geometry": { "type": "Polygon", "coordinates": [ [ [ -45.01853147447936, -21.261505807597658 ], [ -45.018800969064593, -21.261505807597665 ], [ -45.018800969064593, -21.261236313012425 ], [ -45.019070463649832, -21.261236313012425 ], [ -45.019070463649832, -21.260697323841953 ], [ -45.019339958235065, -21.260697323841956 ], [ -45.019339958235065, -21.260158334671488 ], [ -45.01853147447936, -21.260158334671488 ], [ -45.01853147447936, -21.26042782925672 ], [ -45.01826197989412, -21.260427829256724 ], [ -45.01826197989412, -21.260966818427189 ], [ -45.01853147447936, -21.260966818427192 ], [ -45.01853147447936, -21.261505807597658 ] ], [ [ -45.018800969064593, -21.260697323841949 ], [ -45.018800969064593, -21.26042782925672 ], [ -45.019070463649832, -21.26042782925672 ], [ -45.019070463649832, -21.260697323841953 ], [ -45.018800969064593, -21.260697323841949 ] ] ] } },
{ "type": "Feature", "properties": { "id_feicao": "fogo_2023_64", "ano": 2023.0, "mes": 9, "codigo_original": 3, "classe": "Formação Florestal", "cor": "#1f8d49", "area_ha": 0.33341528173554691 }, "geometry": { "type": "Polygon", "coordinates": [ [ [ -45.008560174825632, -21.331574399758985 ], [ -45.00802118565516, -21.331574399758978 ], [ -45.00802118565516, -21.332113388929457 ], [ -45.008560174825632, -21.33211338892945 ], [ -45.008560174825632, -21.331574399758985 ] ] ] } },
{ "type": "Feature", "properties": { "id_feicao": "fogo_2023_65", "ano": 2023.0, "mes": 9, "codigo_original": 3, "classe": "Formação Florestal", "cor": "#1f8d49", "area_ha": 0.50012589238239069 }, "geometry": { "type": "Polygon", "coordinates": [ [ [ -45.017453496138415, -21.331574399758981 ], [ -45.017453496138415, -21.330496421418044 ], [ -45.01664501238271, -21.330496421418044 ], [ -45.01664501238271, -21.330765916003266 ], [ -45.017184001553183, -21.330765916003269 ], [ -45.017184001553183, -21.331574399758971 ], [ -45.017453496138415, -21.331574399758981 ] ] ] } },
{ "type": "Feature", "properties": { "id_feicao": "fogo_2023_66", "ano": 2023.0, "mes": 9, "codigo_original": 3, "classe": "Formação Florestal", "cor": "#1f8d49", "area_ha": 0.083354493639272637 }, "geometry": { "type": "Polygon", "coordinates": [ [ [ -45.008829669410872, -21.33049642141804 ], [ -45.008829669410872, -21.330765916003273 ], [ -45.009099163996105, -21.330765916003276 ], [ -45.009099163996105, -21.33049642141804 ], [ -45.008829669410872, -21.33049642141804 ] ] ] } },
{ "type": "Feature", "properties": { "id_feicao": "fogo_2023_67", "ano": 2023.0, "mes": 9, "codigo_original": 3, "classe": "Formação Florestal", "cor": "#1f8d49", "area_ha": 0.083354798657447104 }, "geometry": { "type": "Polygon", "coordinates": [ [ [ -45.018800969064593, -21.329957432247557 ], [ -45.01853147447936, -21.329957432247564 ], [ -45.01853147447936, -21.330226926832808 ], [ -45.018800969064593, -21.330226926832804 ], [ -45.018800969064593, -21.329957432247557 ] ] ] } },
{ "type": "Feature", "properties": { "id_feicao": "fogo_2023_68", "ano": 2023.0, "mes": 9, "codigo_original": 3, "classe": "Formação Florestal", "cor": "#1f8d49", "area_ha": 0.16671199001856629 }, "geometry": { "type": "Polygon", "coordinates": [ [ [ -45.01853147447936, -21.327801475565682 ], [ -45.01853147447936, -21.328070970150922 ], [ -45.019070463649832, -21.328070970150918 ], [ -45.019070463649832, -21.327801475565678 ], [ -45.01853147447936, -21.327801475565682 ] ] ] } },
{ "type": "Feature", "properties": { "id_feicao": "fogo_2023_69", "ano": 2023.0, "mes": 9, "codigo_original": 3, "classe": "Formação Florestal", "cor": "#1f8d49", "area_ha": 0.083418626756368047 }, "geometry": { "type": "Polygon", "coordinates": [ [ [ -44.993468478052428, -21.214613749766617 ], [ -44.993468478052428, -21.214883244351853 ], [ -44.993737972637661, -21.21488324435186 ], [ -44.993737972637661, -21.214613749766613 ], [ -44.993468478052428, -21.214613749766617 ] ] ] } },
{ "type": "Feature", "properties": { "id_feicao": "fogo_2023_70", "ano": 2023.0, "mes": 9, "codigo_original": 4, "classe": "Formação Savânica", "cor": "#7dc975", "area_ha": 0.083350922648990494 }, "geometry": { "type": "Polygon", "coordinates": [ [ [ -45.030389236229738, -21.337233786048927 ], [ -45.030389236229738, -21.336964291463694 ], [ -45.030119741644498, -21.336964291463701 ], [ -45.030119741644498, -21.337233786048927 ], [ -45.030389236229738, -21.337233786048927 ] ] ] } },
{ "type": "Feature", "properties": { "id_feicao": "fogo_2023_71", "ano": 2023.0, "mes": 9, "codigo_original": 4, "classe": "Formação Savânica", "cor": "#7dc975", "area_ha": 0.083351073332224038 }, "geometry": { "type": "Polygon", "coordinates": [ [ [ -45.031197719985443, -21.336694796878458 ], [ -45.03092822540021, -21.336694796878469 ], [ -45.03092822540021, -21.336964291463701 ], [ -45.031197719985443, -21.336964291463701 ], [ -45.031197719985443, -21.336694796878458 ] ] ] } },
{ "type": "Feature", "properties": { "id_feicao": "fogo_2023_72", "ano": 2023.0, "mes": 9, "codigo_original": 4, "classe": "Formação Savânica", "cor": "#7dc975", "area_ha": 0.91686582435602326 }, "geometry": { "type": "Polygon", "coordinates": [ [ [ -45.025538333695494, -21.336155807707989 ], [ -45.025268839110254, -21.336155807707996 ], [ -45.025268839110254, -21.336425302293225 ], [ -45.025538333695494, -21.336425302293218 ], [ -45.025538333695494, -21.336694796878458 ], [ -45.026346817451198, -21.336694796878469 ], [ -45.026346817451198, -21.336425302293222 ], [ -45.026077322865966, -21.336425302293225 ], [ -45.026077322865966, -21.336155807707986 ], [ -45.026346817451198, -21.336155807707986 ], [ -45.026346817451198, -21.33561681853751 ], [ -45.025807828280726, -21.335616818537524 ], [ -45.025807828280726, -21.335886313122753 ], [ -45.025538333695494, -21.33588631312276 ], [ -45.025538333695494, -21.336155807707989 ] ] ] } },
{ "type": "Feature", "properties": { "id_feicao": "fogo_2023_73", "ano": 2023.0, "mes": 9, "codigo_original": 4, "classe": "Formação Savânica", "cor": "#7dc975", "area_ha": 0.91686626819921002 }, "geometry": { "type": "Polygon", "coordinates": [ [ [ -45.029850247059265, -21.335886313122757 ], [ -45.029850247059265, -21.336155807707989 ], [ -45.030119741644498, -21.336155807707993 ], [ -45.030119741644498, -21.336694796878461 ], [ -45.03092822540021, -21.336694796878469 ], [ -45.03092822540021, -21.336155807707993 ], [ -45.030389236229738, -21.336155807707996 ], [ -45.030389236229738, -21.335616818537517 ], [ -45.03065873081497, -21.335616818537517 ], [ -45.03065873081497, -21.335347323952277 ], [ -45.030119741644498, -21.335347323952281 ], [ -45.030119741644498, -21.335886313122746 ], [ -45.029850247059265, -21.335886313122757 ] ] ] } },
{ "type": "Feature", "properties": { "id_feicao": "fogo_2023_74", "ano": 2023.0, "mes": 9, "codigo_original": 4, "classe": "Formação Savânica", "cor": "#7dc975", "area_ha": 0.5001096117343754 }, "geometry": { "type": "Polygon", "coordinates": [ [ [ -45.034970644178749, -21.33561681853752 ], [ -45.034162160423037, -21.335616818537517 ], [ -45.034162160423037, -21.336155807707993 ], [ -45.034970644178749, -21.336155807707982 ], [ -45.034970644178749, -21.33561681853752 ] ] ] } },
{ "type": "Feature", "properties": { "id_feicao": "fogo_2023_75", "ano": 2023.0, "mes": 9, "codigo_original": 4, "classe": "Formação Savânica", "cor": "#7dc975", "area_ha": 0.25005612829448653 }, "geometry": { "type": "Polygon", "coordinates": [ [ [ -45.03065873081497, -21.335347323952277 ], [ -45.031197719985443, -21.335347323952281 ], [ -45.031197719985443, -21.334808334781808 ], [ -45.03092822540021, -21.334808334781815 ], [ -45.03092822540021, -21.335077829367041 ], [ -45.03065873081497, -21.335077829367044 ], [ -45.03065873081497, -21.335347323952277 ] ] ] } },
{ "type": "Feature", "properties": { "id_feicao": "fogo_2023_76", "ano": 2023.0, "mes": 9, "codigo_original": 12, "classe": "Formação Campestre", "cor": "#d6bc74", "area_ha": 0.50010822511985897 }, "geometry": { "type": "Polygon", "coordinates": [ [ [ -45.030119741644498, -21.336155807707993 ], [ -45.029850247059265, -21.336155807707989 ], [ -45.029850247059265, -21.335616818537513 ], [ -45.029580752474033, -21.335616818537524 ], [ -45.029580752474033, -21.336425302293232 ], [ -45.029850247059265, -21.336425302293225 ], [ -45.029850247059265, -21.336964291463701 ], [ -45.030119741644498, -21.336964291463701 ], [ -45.030119741644498, -21.336155807707993 ] ] ] } },
{ "type": "Feature", "properties": { "id_feicao": "fogo_2023_77", "ano": 2023.0, "mes": 9, "codigo_original": 12, "classe": "Formação Campestre", "cor": "#d6bc74", "area_ha": 0.083351366336736829 }, "geometry": { "type": "Polygon", "coordinates": [ [ [ -45.026077322865966, -21.336425302293225 ], [ -45.026346817451198, -21.336425302293222 ], [ -45.026346817451198, -21.336155807707986 ], [ -45.026077322865966, -21.336155807707986 ], [ -45.026077322865966, -21.336425302293225 ] ] ] } },
{ "type": "Feature", "properties": { "id_feicao": "fogo_2023_78", "ano": 2023.0, "mes": 9, "codigo_original": 12, "classe": "Formação Campestre", "cor": "#d6bc74", "area_ha": 0.16670349286552519 }, "geometry": { "type": "Polygon", "coordinates": [ [ [ -45.03092822540021, -21.335886313122749 ], [ -45.031197719985443, -21.335886313122764 ], [ -45.031197719985443, -21.335347323952281 ], [ -45.03092822540021, -21.335347323952281 ], [ -45.03092822540021, -21.335886313122749 ] ] ] } },
{ "type": "Feature", "properties": { "id_feicao": "fogo_2023_79", "ano": 2023.0, "mes": 9, "codigo_original": 12, "classe": "Formação Campestre", "cor": "#d6bc74", "area_ha": 0.1667037890960674 }, "geometry": { "type": "Polygon", "coordinates": [ [ [ -45.030119741644498, -21.335616818537517 ], [ -45.030119741644498, -21.335077829367052 ], [ -45.029850247059265, -21.335077829367044 ], [ -45.029850247059265, -21.335616818537513 ], [ -45.030119741644498, -21.335616818537517 ] ] ] } },
{ "type": "Feature", "properties": { "id_feicao": "fogo_2023_80", "ano": 2023.0, "mes": 9, "codigo_original": 12, "classe": "Formação Campestre", "cor": "#d6bc74", "area_ha": 0.16670377969384712 }, "geometry": { "type": "Polygon", "coordinates": [ [ [ -45.026346817451198, -21.33561681853751 ], [ -45.026346817451198, -21.335077829367044 ], [ -45.026077322865966, -21.335077829367048 ], [ -45.026077322865966, -21.335616818537517 ], [ -45.026346817451198, -21.33561681853751 ] ] ] } },
{ "type": "Feature", "properties": { "id_feicao": "fogo_2023_81", "ano": 2023.0, "mes": 9, "codigo_original": 12, "classe": "Formação Campestre", "cor": "#d6bc74", "area_ha": 1.5836878110961989 }, "geometry": { "type": "Polygon", "coordinates": [ [ [ -45.033084182082092, -21.335616818537513 ], [ -45.033623171252565, -21.33561681853752 ], [ -45.033623171252565, -21.336155807707996 ], [ -45.033892665837804, -21.336155807707989 ], [ -45.033892665837804, -21.335886313122757 ], [ -45.034162160423037, -21.335886313122753 ], [ -45.034162160423037, -21.335077829367041 ], [ -45.033892665837804, -21.335077829367037 ], [ -45.033892665837804, -21.334808334781805 ], [ -45.033623171252565, -21.334808334781805 ], [ -45.033623171252565, -21.334269345611343 ], [ -45.033353676667332, -21.334269345611339 ], [ -45.033353676667332, -21.334538840196572 ], [ -45.03281468749686, -21.334538840196576 ], [ -45.03281468749686, -21.335077829367041 ], [ -45.033084182082092, -21.335077829367037 ], [ -45.033084182082092, -21.335616818537513 ] ] ] } },
{ "type": "Feature", "properties": { "id_feicao": "fogo_2023_82", "ano": 2023.0, "mes": 9, "codigo_original": 12, "classe": "Formação Campestre", "cor": "#d6bc74", "area_ha": 0.083351970055990071 }, "geometry": { "type": "Polygon", "coordinates": [ [ [ -45.03065873081497, -21.335347323952277 ], [ -45.03065873081497, -21.335077829367044 ], [ -45.030389236229738, -21.335077829367052 ], [ -45.030389236229738, -21.335347323952281 ], [ -45.03065873081497, -21.335347323952277 ] ] ] } },
{ "type": "Feature", "properties": { "id_feicao": "fogo_2023_83", "ano": 2023.0, "mes": 9, "codigo_original": 12, "classe": "Formação Campestre", "cor": "#d6bc74", "area_ha": 0.41676017963778839 }, "geometry": { "type": "Polygon", "coordinates": [ [ [ -45.034701149593509, -21.335077829367044 ], [ -45.034701149593509, -21.334538840196569 ], [ -45.034431655008277, -21.334538840196583 ], [ -45.034431655008277, -21.335347323952281 ], [ -45.034701149593509, -21.335347323952277 ], [ -45.034701149593509, -21.335616818537527 ], [ -45.034970644178749, -21.33561681853752 ], [ -45.034970644178749, -21.335077829367044 ], [ -45.034701149593509, -21.335077829367044 ] ] ] } },
{ "type": "Feature", "properties": { "id_feicao": "fogo_2023_84", "ano": 2023.0, "mes": 9, "codigo_original": 12, "classe": "Formação Campestre", "cor": "#d6bc74", "area_ha": 0.16670438955705613 }, "geometry": { "type": "Polygon", "coordinates": [ [ [ -45.03065873081497, -21.335077829367044 ], [ -45.03092822540021, -21.335077829367041 ], [ -45.03092822540021, -21.334538840196569 ], [ -45.03065873081497, -21.334538840196576 ], [ -45.03065873081497, -21.335077829367044 ] ] ] } },
{ "type": "Feature", "properties": { "id_feicao": "fogo_2023_85", "ano": 2023.0, "mes": 9, "codigo_original": 12, "classe": "Formação Campestre", "cor": "#d6bc74", "area_ha": 0.58346525284841289 }, "geometry": { "type": "Polygon", "coordinates": [ [ [ -45.026616312036438, -21.335077829367055 ], [ -45.026616312036438, -21.335347323952281 ], [ -45.026885806621671, -21.335347323952288 ], [ -45.026885806621671, -21.335077829367044 ], [ -45.027155301206903, -21.335077829367044 ], [ -45.027155301206903, -21.334269345611347 ], [ -45.026885806621671, -21.334269345611339 ], [ -45.026885806621671, -21.334538840196569 ], [ -45.026616312036438, -21.334538840196576 ], [ -45.026616312036438, -21.334808334781812 ], [ -45.026346817451198, -21.334808334781812 ], [ -45.026346817451198, -21.335077829367044 ], [ -45.026616312036438, -21.335077829367055 ] ] ] } },
{ "type": "Feature", "properties": { "id_feicao": "fogo_2023_86", "ano": 2023.0, "mes": 9, "codigo_original": 12, "classe": "Formação Campestre", "cor": "#d6bc74", "area_ha": 0.16670678253731874 }, "geometry": { "type": "Polygon", "coordinates": [ [ [ -45.03092822540021, -21.332921872685155 ], [ -45.03092822540021, -21.33238288351469 ], [ -45.03065873081497, -21.332382883514683 ], [ -45.03065873081497, -21.332921872685159 ], [ -45.03092822540021, -21.332921872685155 ] ] ] } },
{ "type": "Feature", "properties": { "id_feicao": "fogo_2023_87", "ano": 2023.0, "mes": 9, "codigo_original": 12, "classe": "Formação Campestre", "cor": "#d6bc74", "area_ha": 0.083353467927407471 }, "geometry": { "type": "Polygon", "coordinates": [ [ [ -45.032006203741155, -21.332652378099919 ], [ -45.032275698326387, -21.332652378099922 ], [ -45.032275698326387, -21.332382883514683 ], [ -45.032006203741155, -21.332382883514683 ], [ -45.032006203741155, -21.332652378099919 ] ] ] } },
{ "type": "Feature", "properties": { "id_feicao": "fogo_2023_88", "ano": 2023.0, "mes": 9, "codigo_original": 12, "classe": "Formação Campestre", "cor": "#d6bc74", "area_ha": 0.16670707734469326 }, "geometry": { "type": "Polygon", "coordinates": [ [ [ -45.02904176330356, -21.332652378099926 ], [ -45.029311257888793, -21.332652378099919 ], [ -45.029311257888793, -21.332113388929447 ], [ -45.02904176330356, -21.33211338892945 ], [ -45.02904176330356, -21.332652378099926 ] ] ] } },
{ "type": "Feature", "properties": { "id_feicao": "fogo_2023_89", "ano": 2023.0, "mes": 9, "codigo_original": 12, "classe": "Formação Campestre", "cor": "#d6bc74", "area_ha": 0.25006151980701835 }, "geometry": { "type": "Polygon", "coordinates": [ [ [ -45.02904176330356, -21.331574399758978 ], [ -45.028502774133088, -21.331574399758978 ], [ -45.028502774133088, -21.331843894344221 ], [ -45.028772268718321, -21.331843894344214 ], [ -45.028772268718321, -21.332113388929443 ], [ -45.02904176330356, -21.33211338892945 ], [ -45.02904176330356, -21.331574399758978 ] ] ] } },
{ "type": "Feature", "properties": { "id_feicao": "fogo_2023_90", "ano": 2023.0, "mes": 9, "codigo_original": 12, "classe": "Formação Campestre", "cor": "#d6bc74", "area_ha": 0.083356899189511502 }, "geometry": { "type": "Polygon", "coordinates": [ [ [ -45.026077322865966, -21.326454002639501 ], [ -45.026077322865966, -21.326184508054268 ], [ -45.025807828280726, -21.326184508054268 ], [ -45.025807828280726, -21.326454002639501 ], [ -45.026077322865966, -21.326454002639501 ] ] ] } },
{ "type": "Feature", "properties": { "id_feicao": "fogo_2023_91", "ano": 2023.0, "mes": 9, "codigo_original": 12, "classe": "Formação Campestre", "cor": "#d6bc74", "area_ha": 0.33340425739962576 }, "geometry": { "type": "Polygon", "coordinates": [ [ [ -45.024190860769309, -21.336964291463705 ], [ -45.024190860769309, -21.336694796878469 ], [ -45.023112882428372, -21.336694796878461 ], [ -45.023112882428372, -21.336964291463701 ], [ -45.024190860769309, -21.336964291463705 ] ] ] } },
{ "type": "Feature", "properties": { "id_feicao": "fogo_2023_92", "ano": 2023.0, "mes": 9, "codigo_original": 12, "classe": "Formação Campestre", "cor": "#d6bc74", "area_ha": 0.16670317955836653 }, "geometry": { "type": "Polygon", "coordinates": [ [ [ -45.025268839110254, -21.336155807707996 ], [ -45.025538333695494, -21.336155807707989 ], [ -45.025538333695494, -21.335616818537517 ], [ -45.025268839110254, -21.33561681853752 ], [ -45.025268839110254, -21.336155807707996 ] ] ] } },
{ "type": "Feature", "properties": { "id_feicao": "fogo_2023_93", "ano": 2023.0, "mes": 9, "codigo_original": 12, "classe": "Formação Campestre", "cor": "#d6bc74", "area_ha": 0.16670347750618753 }, "geometry": { "type": "Polygon", "coordinates": [ [ [ -45.024999344525021, -21.335886313122753 ], [ -45.024999344525021, -21.335347323952284 ], [ -45.024729849939781, -21.335347323952274 ], [ -45.024729849939781, -21.335886313122749 ], [ -45.024999344525021, -21.335886313122753 ] ] ] } },
{ "type": "Feature", "properties": { "id_feicao": "fogo_2023_94", "ano": 2023.0, "mes": 9, "codigo_original": 12, "classe": "Formação Campestre", "cor": "#d6bc74", "area_ha": 0.083351964012134017 }, "geometry": { "type": "Polygon", "coordinates": [ [ [ -45.025807828280726, -21.335347323952284 ], [ -45.025807828280726, -21.335077829367048 ], [ -45.025538333695494, -21.335077829367044 ], [ -45.025538333695494, -21.335347323952274 ], [ -45.025807828280726, -21.335347323952284 ] ] ] } },
{ "type": "Feature", "properties": { "id_feicao": "fogo_2023_95", "ano": 2023.0, "mes": 9, "codigo_original": 12, "classe": "Formação Campestre", "cor": "#d6bc74", "area_ha": 0.083352263465803114 }, "geometry": { "type": "Polygon", "coordinates": [ [ [ -45.025807828280726, -21.334808334781805 ], [ -45.026077322865966, -21.334808334781815 ], [ -45.026077322865966, -21.334538840196572 ], [ -45.025807828280726, -21.334538840196579 ], [ -45.025807828280726, -21.334808334781805 ] ] ] } },
{ "type": "Feature", "properties": { "id_feicao": "fogo_2023_96", "ano": 2023.0, "mes": 9, "codigo_original": 12, "classe": "Formação Campestre", "cor": "#d6bc74", "area_ha": 0.083352857964169039 }, "geometry": { "type": "Polygon", "coordinates": [ [ [ -45.022573893257899, -21.333730356440864 ], [ -45.022573893257899, -21.333460861855635 ], [ -45.022304398672659, -21.333460861855638 ], [ -45.022304398672659, -21.333730356440871 ], [ -45.022573893257899, -21.333730356440864 ] ] ] } },
{ "type": "Feature", "properties": { "id_feicao": "fogo_2023_97", "ano": 2023.0, "mes": 9, "codigo_original": 12, "classe": "Formação Campestre", "cor": "#d6bc74", "area_ha": 0.33341238247748123 }, "geometry": { "type": "Polygon", "coordinates": [ [ [ -45.023112882428372, -21.332921872685159 ], [ -45.023112882428372, -21.333191367270395 ], [ -45.022573893257899, -21.333191367270398 ], [ -45.022573893257899, -21.333460861855635 ], [ -45.023382377013604, -21.333460861855635 ], [ -45.023382377013604, -21.332921872685166 ], [ -45.023112882428372, -21.332921872685159 ] ] ] } },
{ "type": "Feature", "properties": { "id_feicao": "fogo_2023_98", "ano": 2023.0, "mes": 9, "codigo_original": 12, "classe": "Formação Campestre", "cor": "#d6bc74", "area_ha": 0.08335330773694441 }, "geometry": { "type": "Polygon", "coordinates": [ [ [ -45.023382377013604, -21.332921872685166 ], [ -45.023651871598844, -21.332921872685159 ], [ -45.023651871598844, -21.332652378099919 ], [ -45.023382377013604, -21.332652378099933 ], [ -45.023382377013604, -21.332921872685166 ] ] ] } },
{ "type": "Feature", "properties": { "id_feicao": "fogo_2023_99", "ano": 2023.0, "mes": 9, "codigo_original": 12, "classe": "Formação Campestre", "cor": "#d6bc74", "area_ha": 0.083353306639008223 }, "geometry": { "type": "Polygon", "coordinates": [ [ [ -45.022304398672659, -21.332921872685159 ], [ -45.022573893257899, -21.332921872685162 ], [ -45.022573893257899, -21.332652378099922 ], [ -45.022304398672659, -21.332652378099919 ], [ -45.022304398672659, -21.332921872685159 ] ] ] } },
{ "type": "Feature", "properties": { "id_feicao": "fogo_2023_100", "ano": 2023.0, "mes": 9, "codigo_original": 12, "classe": "Formação Campestre", "cor": "#d6bc74", "area_ha": 0.666828910119459 }, "geometry": { "type": "Polygon", "coordinates": [ [ [ -45.024190860769309, -21.331843894344214 ], [ -45.023651871598844, -21.331843894344217 ], [ -45.023651871598844, -21.332652378099919 ], [ -45.024460355354549, -21.332652378099919 ], [ -45.024460355354549, -21.332113388929454 ], [ -45.024190860769309, -21.332113388929457 ], [ -45.024190860769309, -21.331843894344214 ] ] ] } },
{ "type": "Feature", "properties": { "id_feicao": "fogo_2023_101", "ano": 2023.0, "mes": 9, "codigo_original": 12, "classe": "Formação Campestre", "cor": "#d6bc74", "area_ha": 0.50012261839211791 }, "geometry": { "type": "Polygon", "coordinates": [ [ [ -45.023382377013604, -21.33211338892945 ], [ -45.023382377013604, -21.331843894344225 ], [ -45.023651871598844, -21.331843894344217 ], [ -45.023651871598844, -21.331574399758981 ], [ -45.023112882428372, -21.331574399758971 ], [ -45.023112882428372, -21.331843894344217 ], [ -45.022573893257899, -21.331843894344217 ], [ -45.022573893257899, -21.332382883514683 ], [ -45.022843387843132, -21.33238288351469 ], [ -45.022843387843132, -21.332113388929447 ], [ -45.023382377013604, -21.33211338892945 ] ] ] } },
{ "type": "Feature", "properties": { "id_feicao": "fogo_2023_102", "ano": 2023.0, "mes": 9, "codigo_original": 12, "classe": "Formação Campestre", "cor": "#d6bc74", "area_ha": 0.58347717588209502 }, "geometry": { "type": "Polygon", "coordinates": [ [ [ -45.021495914916954, -21.332113388929454 ], [ -45.021495914916954, -21.331035410588516 ], [ -45.021226420331715, -21.331035410588505 ], [ -45.021226420331715, -21.331574399758981 ], [ -45.020956925746482, -21.331574399758978 ], [ -45.020956925746482, -21.332382883514683 ], [ -45.021226420331715, -21.332382883514686 ], [ -45.021226420331715, -21.33211338892945 ], [ -45.021495914916954, -21.332113388929454 ] ] ] } },
{ "type": "Feature", "properties": { "id_feicao": "fogo_2023_103", "ano": 2023.0, "mes": 9, "codigo_original": 12, "classe": "Formação Campestre", "cor": "#d6bc74", "area_ha": 0.083354204477183516 }, "geometry": { "type": "Polygon", "coordinates": [ [ [ -45.022843387843132, -21.331304905173745 ], [ -45.023112882428372, -21.331304905173738 ], [ -45.023112882428372, -21.331035410588502 ], [ -45.022843387843132, -21.331035410588502 ], [ -45.022843387843132, -21.331304905173745 ] ] ] } },
{ "type": "Feature", "properties": { "id_feicao": "fogo_2023_104", "ano": 2023.0, "mes": 9, "codigo_original": 12, "classe": "Formação Campestre", "cor": "#d6bc74", "area_ha": 0.083355850765573794 }, "geometry": { "type": "Polygon", "coordinates": [ [ [ -45.024460355354549, -21.328340464736151 ], [ -45.024460355354549, -21.328070970150915 ], [ -45.024190860769309, -21.328070970150918 ], [ -45.024190860769309, -21.328340464736154 ], [ -45.024460355354549, -21.328340464736151 ] ] ] } },
{ "type": "Feature", "properties": { "id_feicao": "fogo_2023_105", "ano": 2023.0, "mes": 9, "codigo_original": 12, "classe": "Formação Campestre", "cor": "#d6bc74", "area_ha": 0.16671184933328764 }, "geometry": { "type": "Polygon", "coordinates": [ [ [ -45.023651871598844, -21.328340464736147 ], [ -45.023651871598844, -21.327801475565678 ], [ -45.023382377013604, -21.327801475565686 ], [ -45.023382377013604, -21.328340464736144 ], [ -45.023651871598844, -21.328340464736147 ] ] ] } },
{ "type": "Feature", "properties": { "id_feicao": "fogo_2023_106", "ano": 2023.0, "mes": 9, "codigo_original": 12, "classe": "Formação Campestre", "cor": "#d6bc74", "area_ha": 0.25005990340085699 }, "geometry": { "type": "Polygon", "coordinates": [ [ [ -45.015567034041766, -21.332921872685155 ], [ -45.016375517797471, -21.332921872685166 ], [ -45.016375517797471, -21.332652378099926 ], [ -45.015567034041766, -21.332652378099922 ], [ -45.015567034041766, -21.332921872685155 ] ] ] } },
{ "type": "Feature", "properties": { "id_feicao": "fogo_2023_107", "ano": 2023.0, "mes": 9, "codigo_original": 12, "classe": "Formação Campestre", "cor": "#d6bc74", "area_ha": 0.083353746026234576 }, "geometry": { "type": "Polygon", "coordinates": [ [ [ -45.009368658581337, -21.33211338892945 ], [ -45.009368658581337, -21.33184389434421 ], [ -45.009099163996105, -21.331843894344217 ], [ -45.009099163996105, -21.332113388929454 ], [ -45.009368658581337, -21.33211338892945 ] ] ] } },
{ "type": "Feature", "properties": { "id_feicao": "fogo_2023_108", "ano": 2023.0, "mes": 9, "codigo_original": 12, "classe": "Formação Campestre", "cor": "#d6bc74", "area_ha": 0.083354196221110871 }, "geometry": { "type": "Polygon", "coordinates": [ [ [ -45.012602593604171, -21.331304905173749 ], [ -45.012602593604171, -21.331035410588516 ], [ -45.012333099018932, -21.331035410588509 ], [ -45.012333099018932, -21.331304905173738 ], [ -45.012602593604171, -21.331304905173749 ] ] ] } },
{ "type": "Feature", "properties": { "id_feicao": "fogo_2023_109", "ano": 2023.0, "mes": 9, "codigo_original": 12, "classe": "Formação Campestre", "cor": "#d6bc74", "area_ha": 0.25006281366208566 }, "geometry": { "type": "Polygon", "coordinates": [ [ [ -45.016914506967943, -21.33076591600328 ], [ -45.01664501238271, -21.330765916003266 ], [ -45.01664501238271, -21.331304905173742 ], [ -45.017184001553183, -21.331304905173742 ], [ -45.017184001553183, -21.331035410588509 ], [ -45.016914506967943, -21.331035410588505 ], [ -45.016914506967943, -21.33076591600328 ] ] ] } },
{ "type": "Feature", "properties": { "id_feicao": "fogo_2023_110", "ano": 2023.0, "mes": 9, "codigo_original": 12, "classe": "Formação Campestre", "cor": "#d6bc74", "area_ha": 0.08335449545459897 }, "geometry": { "type": "Polygon", "coordinates": [ [ [ -45.012872088189404, -21.330765916003276 ], [ -45.012872088189404, -21.330496421418044 ], [ -45.012602593604171, -21.330496421418037 ], [ -45.012602593604171, -21.330765916003273 ], [ -45.012872088189404, -21.330765916003276 ] ] ] } },
{ "type": "Feature", "properties": { "id_feicao": "fogo_2023_111", "ano": 2023.0, "mes": 9, "codigo_original": 12, "classe": "Formação Campestre", "cor": "#d6bc74", "area_ha": 0.16670899016982205 }, "geometry": { "type": "Polygon", "coordinates": [ [ [ -45.012333099018932, -21.330765916003266 ], [ -45.012333099018932, -21.330496421418033 ], [ -45.011794109848466, -21.330496421418044 ], [ -45.011794109848466, -21.330765916003276 ], [ -45.012333099018932, -21.330765916003266 ] ] ] } },
{ "type": "Feature", "properties": { "id_feicao": "fogo_2023_112", "ano": 2023.0, "mes": 9, "codigo_original": 12, "classe": "Formação Campestre", "cor": "#d6bc74", "area_ha": 1.0002561810594983 }, "geometry": { "type": "Polygon", "coordinates": [ [ [ -45.015836528626998, -21.330496421418033 ], [ -45.016375517797471, -21.330496421418037 ], [ -45.016375517797471, -21.33076591600328 ], [ -45.01664501238271, -21.330765916003266 ], [ -45.01664501238271, -21.330496421418044 ], [ -45.017453496138415, -21.330496421418044 ], [ -45.017453496138415, -21.330226926832797 ], [ -45.016375517797471, -21.330226926832793 ], [ -45.016375517797471, -21.329957432247568 ], [ -45.015836528626998, -21.329957432247568 ], [ -45.015836528626998, -21.329687937662328 ], [ -45.015567034041766, -21.329687937662328 ], [ -45.015567034041766, -21.329957432247571 ], [ -45.015297539456526, -21.329957432247564 ], [ -45.015297539456526, -21.330226926832808 ], [ -45.015836528626998, -21.3302269268328 ], [ -45.015836528626998, -21.330496421418033 ] ] ] } },
{ "type": "Feature", "properties": { "id_feicao": "fogo_2023_113", "ano": 2023.0, "mes": 9, "codigo_original": 12, "classe": "Formação Campestre", "cor": "#d6bc74", "area_ha": 0.083354798438703803 }, "geometry": { "type": "Polygon", "coordinates": [ [ [ -45.01853147447936, -21.330226926832808 ], [ -45.01853147447936, -21.329957432247564 ], [ -45.01826197989412, -21.329957432247561 ], [ -45.01826197989412, -21.330226926832797 ], [ -45.01853147447936, -21.330226926832808 ] ] ] } },
{ "type": "Feature", "properties": { "id_feicao": "fogo_2023_114", "ano": 2023.0, "mes": 9, "codigo_original": 12, "classe": "Formação Campestre", "cor": "#d6bc74", "area_ha": 0.083355397241755294 }, "geometry": { "type": "Polygon", "coordinates": [ [ [ -45.019339958235065, -21.329148948491856 ], [ -45.019339958235065, -21.328879453906627 ], [ -45.019070463649832, -21.328879453906612 ], [ -45.019070463649832, -21.329148948491859 ], [ -45.019339958235065, -21.329148948491856 ] ] ] } },
{ "type": "Feature", "properties": { "id_feicao": "fogo_2023_115", "ano": 2023.0, "mes": 9, "codigo_original": 12, "classe": "Formação Campestre", "cor": "#d6bc74", "area_ha": 0.083355392514914278 }, "geometry": { "type": "Polygon", "coordinates": [ [ [ -45.012333099018932, -21.329148948491856 ], [ -45.012602593604171, -21.329148948491849 ], [ -45.012602593604171, -21.328879453906627 ], [ -45.012333099018932, -21.328879453906627 ], [ -45.012333099018932, -21.329148948491856 ] ] ] } },
{ "type": "Feature", "properties": { "id_feicao": "fogo_2023_116", "ano": 2023.0, "mes": 9, "codigo_original": 12, "classe": "Formação Campestre", "cor": "#d6bc74", "area_ha": 0.08335584221073053 }, "geometry": { "type": "Polygon", "coordinates": [ [ [ -45.014489055700821, -21.328340464736151 ], [ -45.014489055700821, -21.328070970150922 ], [ -45.014219561115588, -21.328070970150922 ], [ -45.014219561115588, -21.328340464736144 ], [ -45.014489055700821, -21.328340464736151 ] ] ] } },
{ "type": "Feature", "properties": { "id_feicao": "fogo_2023_117", "ano": 2023.0, "mes": 9, "codigo_original": 12, "classe": "Formação Campestre", "cor": "#d6bc74", "area_ha": 0.083446860826408911 }, "geometry": { "type": "Polygon", "coordinates": [ [ [ -44.986731113421527, -21.16367927315704 ], [ -44.986731113421527, -21.163409778571808 ], [ -44.986461618836294, -21.163409778571801 ], [ -44.986461618836294, -21.163679273157037 ], [ -44.986731113421527, -21.16367927315704 ] ] ] } },
{ "type": "Feature", "properties": { "id_feicao": "fogo_2023_118", "ano": 2023.0, "mes": 9, "codigo_original": 12, "classe": "Formação Campestre", "cor": "#d6bc74", "area_ha": 0.08344700908251107 }, "geometry": { "type": "Polygon", "coordinates": [ [ [ -44.986731113421527, -21.163409778571808 ], [ -44.987000608006767, -21.163409778571808 ], [ -44.987000608006767, -21.163140283986568 ], [ -44.986731113421527, -21.163140283986568 ], [ -44.986731113421527, -21.163409778571808 ] ] ] } },
{ "type": "Feature", "properties": { "id_feicao": "fogo_2023_119", "ano": 2023.0, "mes": 9, "codigo_original": 12, "classe": "Formação Campestre", "cor": "#d6bc74", "area_ha": 0.083447306377034444 }, "geometry": { "type": "Polygon", "coordinates": [ [ [ -44.986192124251055, -21.162870789401335 ], [ -44.986192124251055, -21.162601294816106 ], [ -44.985922629665822, -21.162601294816099 ], [ -44.985922629665822, -21.162870789401328 ], [ -44.986192124251055, -21.162870789401335 ] ] ] } },
{ "type": "Feature", "properties": { "id_feicao": "fogo_2023_120", "ano": 2023.0, "mes": 9, "codigo_original": 12, "classe": "Formação Campestre", "cor": "#d6bc74", "area_ha": 0.16689461162701011 }, "geometry": { "type": "Polygon", "coordinates": [ [ [ -44.987270102591999, -21.162870789401328 ], [ -44.987270102591999, -21.162601294816099 ], [ -44.986731113421527, -21.16260129481611 ], [ -44.986731113421527, -21.162870789401335 ], [ -44.987270102591999, -21.162870789401328 ] ] ] } },
{ "type": "Feature", "properties": { "id_feicao": "fogo_2023_121", "ano": 2023.0, "mes": 9, "codigo_original": 15, "classe": "Pastagem", "cor": "#edde8e", "area_ha": 0.083353469489509682 }, "geometry": { "type": "Polygon", "coordinates": [ [ [ -45.033084182082092, -21.332382883514679 ], [ -45.033084182082092, -21.332652378099922 ], [ -45.033353676667332, -21.332652378099922 ], [ -45.033353676667332, -21.332382883514686 ], [ -45.033084182082092, -21.332382883514679 ] ] ] } },
{ "type": "Feature", "properties": { "id_feicao": "fogo_2023_122", "ano": 2023.0, "mes": 9, "codigo_original": 15, "classe": "Pastagem", "cor": "#edde8e", "area_ha": 1.3336580029054546 }, "geometry": { "type": "Polygon", "coordinates": [ [ [ -45.029580752474033, -21.332652378099919 ], [ -45.029850247059265, -21.332652378099926 ], [ -45.029850247059265, -21.332382883514676 ], [ -45.030119741644498, -21.332382883514683 ], [ -45.030119741644498, -21.332921872685166 ], [ -45.030389236229738, -21.332921872685155 ], [ -45.030389236229738, -21.332652378099919 ], [ -45.03065873081497, -21.332652378099919 ], [ -45.03065873081497, -21.332382883514683 ], [ -45.031197719985443, -21.332382883514683 ], [ -45.031197719985443, -21.332113388929454 ], [ -45.03065873081497, -21.332113388929457 ], [ -45.03065873081497, -21.331843894344214 ], [ -45.030389236229738, -21.331843894344221 ], [ -45.030389236229738, -21.331574399758981 ], [ -45.029850247059265, -21.331574399758985 ], [ -45.029850247059265, -21.332113388929457 ], [ -45.029311257888793, -21.332113388929447 ], [ -45.029311257888793, -21.332382883514683 ], [ -45.029580752474033, -21.33238288351469 ], [ -45.029580752474033, -21.332652378099919 ] ] ] } },
{ "type": "Feature", "properties": { "id_feicao": "fogo_2023_123", "ano": 2023.0, "mes": 9, "codigo_original": 15, "classe": "Pastagem", "cor": "#edde8e", "area_ha": 1.3336629807475955 }, "geometry": { "type": "Polygon", "coordinates": [ [ [ -45.032545192911627, -21.331843894344214 ], [ -45.03281468749686, -21.331843894344217 ], [ -45.03281468749686, -21.332113388929457 ], [ -45.032545192911627, -21.33211338892945 ], [ -45.032545192911627, -21.332382883514683 ], [ -45.032275698326387, -21.332382883514683 ], [ -45.032275698326387, -21.332652378099922 ], [ -45.03281468749686, -21.332652378099919 ], [ -45.03281468749686, -21.332382883514683 ], [ -45.033084182082092, -21.332382883514679 ], [ -45.033084182082092, -21.332113388929454 ], [ -45.033353676667332, -21.332113388929457 ], [ -45.033353676667332, -21.331035410588512 ], [ -45.033084182082092, -21.331035410588509 ], [ -45.033084182082092, -21.330765916003273 ], [ -45.032545192911627, -21.330765916003273 ], [ -45.032545192911627, -21.331304905173742 ], [ -45.03281468749686, -21.331304905173745 ], [ -45.03281468749686, -21.331574399758985 ], [ -45.032545192911627, -21.331574399758971 ], [ -45.032545192911627, -21.331843894344214 ] ] ] } },
{ "type": "Feature", "properties": { "id_feicao": "fogo_2023_124", "ano": 2023.0, "mes": 9, "codigo_original": 15, "classe": "Pastagem", "cor": "#edde8e", "area_ha": 0.6668326194078058 }, "geometry": { "type": "Polygon", "coordinates": [ [ [ -45.031467214570682, -21.331843894344217 ], [ -45.031467214570682, -21.331574399758981 ], [ -45.032006203741155, -21.331574399758971 ], [ -45.032006203741155, -21.331304905173738 ], [ -45.031736709155915, -21.331304905173742 ], [ -45.031736709155915, -21.331035410588512 ], [ -45.03092822540021, -21.331035410588516 ], [ -45.03092822540021, -21.331574399758974 ], [ -45.031197719985443, -21.331574399758974 ], [ -45.031197719985443, -21.33184389434421 ], [ -45.031467214570682, -21.331843894344217 ] ] ] } },
{ "type": "Feature", "properties": { "id_feicao": "fogo_2023_125", "ano": 2023.0, "mes": 9, "codigo_original": 15, "classe": "Pastagem", "cor": "#edde8e", "area_ha": 0.16670902912495658 }, "geometry": { "type": "Polygon", "coordinates": [ [ [ -45.031736709155915, -21.330765916003273 ], [ -45.032275698326387, -21.33076591600328 ], [ -45.032275698326387, -21.330496421418037 ], [ -45.031736709155915, -21.330496421418044 ], [ -45.031736709155915, -21.330765916003273 ] ] ] } },
{ "type": "Feature", "properties": { "id_feicao": "fogo_2023_126", "ano": 2023.0, "mes": 9, "codigo_original": 15, "classe": "Pastagem", "cor": "#edde8e", "area_ha": 0.083355263205431407 }, "geometry": { "type": "Polygon", "coordinates": [ [ [ -45.032545192911627, -21.329418443077088 ], [ -45.03281468749686, -21.329418443077088 ], [ -45.03281468749686, -21.329148948491859 ], [ -45.032545192911627, -21.329148948491859 ], [ -45.032545192911627, -21.329418443077088 ] ] ] } },
{ "type": "Feature", "properties": { "id_feicao": "fogo_2023_127", "ano": 2023.0, "mes": 9, "codigo_original": 15, "classe": "Pastagem", "cor": "#edde8e", "area_ha": 0.083355412350185606 }, "geometry": { "type": "Polygon", "coordinates": [ [ [ -45.032275698326387, -21.328879453906623 ], [ -45.032275698326387, -21.329148948491856 ], [ -45.032545192911627, -21.329148948491859 ], [ -45.032545192911627, -21.32887945390662 ], [ -45.032275698326387, -21.328879453906623 ] ] ] } },
{ "type": "Feature", "properties": { "id_feicao": "fogo_2023_128", "ano": 2023.0, "mes": 9, "codigo_original": 15, "classe": "Pastagem", "cor": "#edde8e", "area_ha": 0.083355410084500911 }, "geometry": { "type": "Polygon", "coordinates": [ [ [ -45.03065873081497, -21.329148948491849 ], [ -45.03092822540021, -21.329148948491852 ], [ -45.03092822540021, -21.328879453906612 ], [ -45.03065873081497, -21.32887945390662 ], [ -45.03065873081497, -21.329148948491849 ] ] ] } },
{ "type": "Feature", "properties": { "id_feicao": "fogo_2023_129", "ano": 2023.0, "mes": 9, "codigo_original": 15, "classe": "Pastagem", "cor": "#edde8e", "area_ha": 0.83356448467131705 }, "geometry": { "type": "Polygon", "coordinates": [ [ [ -45.023651871598844, -21.327531980980446 ], [ -45.024460355354549, -21.327531980980442 ], [ -45.024460355354549, -21.326723497224734 ], [ -45.023651871598844, -21.326723497224737 ], [ -45.023651871598844, -21.326992991809973 ], [ -45.023382377013604, -21.326992991809973 ], [ -45.023382377013604, -21.32726248639521 ], [ -45.023651871598844, -21.32726248639521 ], [ -45.023651871598844, -21.327531980980446 ] ] ] } },
{ "type": "Feature", "properties": { "id_feicao": "fogo_2023_130", "ano": 2023.0, "mes": 9, "codigo_original": 15, "classe": "Pastagem", "cor": "#edde8e", "area_ha": 0.08335674967905507 }, "geometry": { "type": "Polygon", "coordinates": [ [ [ -45.025807828280726, -21.326723497224741 ], [ -45.026077322865966, -21.326723497224737 ], [ -45.026077322865966, -21.326454002639501 ], [ -45.025807828280726, -21.326454002639501 ], [ -45.025807828280726, -21.326723497224741 ] ] ] } },
{ "type": "Feature", "properties": { "id_feicao": "fogo_2023_131", "ano": 2023.0, "mes": 9, "codigo_original": 15, "classe": "Pastagem", "cor": "#edde8e", "area_ha": 0.083356747019477193 }, "geometry": { "type": "Polygon", "coordinates": [ [ [ -45.023382377013604, -21.326723497224737 ], [ -45.023651871598844, -21.326723497224737 ], [ -45.023651871598844, -21.326454002639501 ], [ -45.023382377013604, -21.326454002639501 ], [ -45.023382377013604, -21.326723497224737 ] ] ] } },
{ "type": "Feature", "properties": { "id_feicao": "fogo_2023_132", "ano": 2023.0, "mes": 9, "codigo_original": 15, "classe": "Pastagem", "cor": "#edde8e", "area_ha": 0.083393020844459528 }, "geometry": { "type": "Polygon", "coordinates": [ [ [ -45.019070463649832, -21.261236313012425 ], [ -45.019339958235065, -21.261236313012422 ], [ -45.019339958235065, -21.260966818427192 ], [ -45.019070463649832, -21.260966818427185 ], [ -45.019070463649832, -21.261236313012425 ] ] ] } },
{ "type": "Feature", "properties": { "id_feicao": "fogo_2023_133", "ano": 2023.0, "mes": 9, "codigo_original": 15, "classe": "Pastagem", "cor": "#edde8e", "area_ha": 2.0015180126838388 }, "geometry": { "type": "Polygon", "coordinates": [ [ [ -45.021226420331715, -21.253959959211048 ], [ -45.019878947405537, -21.253959959211059 ], [ -45.019878947405537, -21.25530743213724 ], [ -45.020956925746482, -21.255307432137229 ], [ -45.020956925746482, -21.255037937552004 ], [ -45.021226420331715, -21.255037937552004 ], [ -45.021226420331715, -21.253959959211048 ] ] ] } },
{ "type": "Feature", "properties": { "id_feicao": "fogo_2023_134", "ano": 2023.0, "mes": 9, "codigo_original": 15, "classe": "Pastagem", "cor": "#edde8e", "area_ha": 5.2549942410730877 }, "geometry": { "type": "Polygon", "coordinates": [ [ [ -45.019339958235065, -21.226741006102234 ], [ -45.019339958235065, -21.227279995272706 ], [ -45.019609452820305, -21.227279995272706 ], [ -45.019609452820305, -21.226471511516998 ], [ -45.019878947405537, -21.226471511517005 ], [ -45.019878947405537, -21.227010500687467 ], [ -45.02041793657601, -21.22701050068747 ], [ -45.02041793657601, -21.226741006102237 ], [ -45.020687431161249, -21.226741006102234 ], [ -45.020687431161249, -21.225932522346525 ], [ -45.021226420331715, -21.225932522346525 ], [ -45.021226420331715, -21.224315554835108 ], [ -45.019609452820305, -21.224315554835108 ], [ -45.019609452820305, -21.22512403859082 ], [ -45.019070463649832, -21.225124038590824 ], [ -45.019070463649832, -21.226741006102234 ], [ -45.019339958235065, -21.226741006102234 ] ] ] } },
{ "type": "Feature", "properties": { "id_feicao": "fogo_2023_135", "ano": 2023.0, "mes": 9, "codigo_original": 15, "classe": "Pastagem", "cor": "#edde8e", "area_ha": 0.083355546318273993 }, "geometry": { "type": "Polygon", "coordinates": [ [ [ -45.01853147447936, -21.32887945390662 ], [ -45.018800969064593, -21.328879453906612 ], [ -45.018800969064593, -21.328609959321383 ], [ -45.01853147447936, -21.328609959321376 ], [ -45.01853147447936, -21.32887945390662 ] ] ] } },
{ "type": "Feature", "properties": { "id_feicao": "fogo_2023_136", "ano": 2023.0, "mes": 9, "codigo_original": 15, "classe": "Pastagem", "cor": "#edde8e", "area_ha": 0.16671169096250088 }, "geometry": { "type": "Polygon", "coordinates": [ [ [ -45.01853147447936, -21.328340464736147 ], [ -45.019070463649832, -21.328340464736144 ], [ -45.019070463649832, -21.328070970150918 ], [ -45.01853147447936, -21.328070970150922 ], [ -45.01853147447936, -21.328340464736147 ] ] ] } },
{ "type": "Feature", "properties": { "id_feicao": "fogo_2023_137", "ano": 2023.0, "mes": 9, "codigo_original": 15, "classe": "Pastagem", "cor": "#edde8e", "area_ha": 0.083355995344929393 }, "geometry": { "type": "Polygon", "coordinates": [ [ [ -45.019070463649832, -21.328070970150918 ], [ -45.019339958235065, -21.328070970150915 ], [ -45.019339958235065, -21.327801475565682 ], [ -45.019070463649832, -21.327801475565678 ], [ -45.019070463649832, -21.328070970150918 ] ] ] } },
{ "type": "Feature", "properties": { "id_feicao": "fogo_2023_138", "ano": 2023.0, "mes": 9, "codigo_original": 15, "classe": "Pastagem", "cor": "#edde8e", "area_ha": 0.16671198913129046 }, "geometry": { "type": "Polygon", "coordinates": [ [ [ -45.017992485308888, -21.328070970150918 ], [ -45.01853147447936, -21.328070970150922 ], [ -45.01853147447936, -21.327801475565682 ], [ -45.017992485308888, -21.327801475565682 ], [ -45.017992485308888, -21.328070970150918 ] ] ] } },
{ "type": "Feature", "properties": { "id_feicao": "fogo_2023_139", "ano": 2023.0, "mes": 9, "codigo_original": 15, "classe": "Pastagem", "cor": "#edde8e", "area_ha": 0.083356138927582646 }, "geometry": { "type": "Polygon", "coordinates": [ [ [ -45.00990764775181, -21.327801475565686 ], [ -45.010177142337049, -21.327801475565682 ], [ -45.010177142337049, -21.327531980980449 ], [ -45.00990764775181, -21.327531980980449 ], [ -45.00990764775181, -21.327801475565686 ] ] ] } },
{ "type": "Feature", "properties": { "id_feicao": "fogo_2023_140", "ano": 2023.0, "mes": 9, "codigo_original": 15, "classe": "Pastagem", "cor": "#edde8e", "area_ha": 0.083392871550284325 }, "geometry": { "type": "Polygon", "coordinates": [ [ [ -45.018800969064593, -21.261505807597665 ], [ -45.019070463649832, -21.261505807597665 ], [ -45.019070463649832, -21.261236313012425 ], [ -45.018800969064593, -21.261236313012425 ], [ -45.018800969064593, -21.261505807597665 ] ] ] } },
{ "type": "Feature", "properties": { "id_feicao": "fogo_2023_141", "ano": 2023.0, "mes": 9, "codigo_original": 15, "classe": "Pastagem", "cor": "#edde8e", "area_ha": 0.91760258534337158 }, "geometry": { "type": "Polygon", "coordinates": [ [ [ -44.995354940149078, -21.215152738937089 ], [ -44.995354940149078, -21.215422233522336 ], [ -44.995085445563838, -21.215422233522329 ], [ -44.995085445563838, -21.215152738937089 ], [ -44.994546456393365, -21.2151527389371 ], [ -44.994546456393365, -21.214613749766624 ], [ -44.994276961808133, -21.214613749766617 ], [ -44.994276961808133, -21.215691728107561 ], [ -44.99562443473431, -21.215691728107565 ], [ -44.99562443473431, -21.215152738937096 ], [ -44.995354940149078, -21.215152738937089 ] ] ] } },
{ "type": "Feature", "properties": { "id_feicao": "fogo_2023_142", "ano": 2023.0, "mes": 9, "codigo_original": 15, "classe": "Pastagem", "cor": "#edde8e", "area_ha": 3.003089179996401 }, "geometry": { "type": "Polygon", "coordinates": [ [ [ -44.992121005126243, -21.214883244351856 ], [ -44.993468478052428, -21.214883244351853 ], [ -44.993468478052428, -21.214613749766617 ], [ -44.993198983467188, -21.214613749766617 ], [ -44.993198983467188, -21.213805266010912 ], [ -44.992659994296716, -21.213805266010912 ], [ -44.992659994296716, -21.212727287669967 ], [ -44.991851510541011, -21.212727287669967 ], [ -44.991851510541011, -21.213266276840436 ], [ -44.991312521370538, -21.213266276840443 ], [ -44.991312521370538, -21.214074760596148 ], [ -44.992121005126243, -21.214074760596141 ], [ -44.992121005126243, -21.214883244351856 ] ] ] } },
{ "type": "Feature", "properties": { "id_feicao": "fogo_2023_143", "ano": 2023.0, "mes": 9, "codigo_original": 15, "classe": "Pastagem", "cor": "#edde8e", "area_ha": 0.41709603153429925 }, "geometry": { "type": "Polygon", "coordinates": [ [ [ -44.990773532200066, -21.213266276840443 ], [ -44.990504037614834, -21.213266276840443 ], [ -44.990504037614834, -21.214074760596155 ], [ -44.991043026785299, -21.214074760596141 ], [ -44.991043026785299, -21.213535771425676 ], [ -44.990773532200066, -21.213535771425683 ], [ -44.990773532200066, -21.213266276840443 ] ] ] } },
{ "type": "Feature", "properties": { "id_feicao": "fogo_2023_144", "ano": 2023.0, "mes": 9, "codigo_original": 15, "classe": "Pastagem", "cor": "#edde8e", "area_ha": 0.16683948707431553 }, "geometry": { "type": "Polygon", "coordinates": [ [ [ -44.990234543029594, -21.212996782255214 ], [ -44.990504037614834, -21.21299678225521 ], [ -44.990504037614834, -21.212457793084727 ], [ -44.990234543029594, -21.212457793084727 ], [ -44.990234543029594, -21.212996782255214 ] ] ] } },
{ "type": "Feature", "properties": { "id_feicao": "fogo_2023_145", "ano": 2023.0, "mes": 9, "codigo_original": 15, "classe": "Pastagem", "cor": "#edde8e", "area_ha": 0.083419966535270215 }, "geometry": { "type": "Polygon", "coordinates": [ [ [ -44.990504037614834, -21.212457793084727 ], [ -44.990773532200066, -21.212457793084734 ], [ -44.990773532200066, -21.212188298499498 ], [ -44.990504037614834, -21.212188298499491 ], [ -44.990504037614834, -21.212457793084727 ] ] ] } },
{ "type": "Feature", "properties": { "id_feicao": "fogo_2023_146", "ano": 2023.0, "mes": 9, "codigo_original": 15, "classe": "Pastagem", "cor": "#edde8e", "area_ha": 0.083420115163642908 }, "geometry": { "type": "Polygon", "coordinates": [ [ [ -44.990773532200066, -21.212188298499498 ], [ -44.991043026785299, -21.212188298499495 ], [ -44.991043026785299, -21.211918803914255 ], [ -44.990773532200066, -21.211918803914269 ], [ -44.990773532200066, -21.212188298499498 ] ] ] } },
{ "type": "Feature", "properties": { "id_feicao": "fogo_2023_147", "ano": 2023.0, "mes": 9, "codigo_original": 15, "classe": "Pastagem", "cor": "#edde8e", "area_ha": 0.25034079660885034 }, "geometry": { "type": "Polygon", "coordinates": [ [ [ -44.987270102591999, -21.163140283986564 ], [ -44.987000608006767, -21.163140283986568 ], [ -44.987000608006767, -21.163409778571808 ], [ -44.986731113421527, -21.163409778571808 ], [ -44.986731113421527, -21.16367927315704 ], [ -44.987270102591999, -21.163679273157037 ], [ -44.987270102591999, -21.163140283986564 ] ] ] } },
{ "type": "Feature", "properties": { "id_feicao": "fogo_2023_148", "ano": 2023.0, "mes": 9, "codigo_original": 21, "classe": "Mosaico de Usos", "cor": "#ffefc3", "area_ha": 0.1667076769510184 }, "geometry": { "type": "Polygon", "coordinates": [ [ [ -45.029850247059265, -21.332113388929457 ], [ -45.029850247059265, -21.331574399758985 ], [ -45.029580752474033, -21.331574399758981 ], [ -45.029580752474033, -21.33211338892945 ], [ -45.029850247059265, -21.332113388929457 ] ] ] } },
{ "type": "Feature", "properties": { "id_feicao": "fogo_2023_149", "ano": 2023.0, "mes": 9, "codigo_original": 21, "classe": "Mosaico de Usos", "cor": "#ffefc3", "area_ha": 1.4170204234669654 }, "geometry": { "type": "Polygon", "coordinates": [ [ [ -45.008560174825632, -21.331574399758985 ], [ -45.008560174825632, -21.33211338892945 ], [ -45.009099163996105, -21.332113388929454 ], [ -45.009099163996105, -21.331304905173742 ], [ -45.008829669410872, -21.331304905173742 ], [ -45.008829669410872, -21.33049642141804 ], [ -45.00802118565516, -21.330496421418044 ], [ -45.00802118565516, -21.331574399758978 ], [ -45.008560174825632, -21.331574399758985 ] ] ] } },
{ "type": "Feature", "properties": { "id_feicao": "fogo_2023_150", "ano": 2023.0, "mes": 9, "codigo_original": 21, "classe": "Mosaico de Usos", "cor": "#ffefc3", "area_ha": 0.083393169022337926 }, "geometry": { "type": "Polygon", "coordinates": [ [ [ -45.01826197989412, -21.260966818427189 ], [ -45.01826197989412, -21.260697323841953 ], [ -45.017992485308888, -21.260697323841956 ], [ -45.017992485308888, -21.260966818427189 ], [ -45.01826197989412, -21.260966818427189 ] ] ] } },
{ "type": "Feature", "properties": { "id_feicao": "fogo_2023_151", "ano": 2023.0, "mes": 9, "codigo_original": 21, "classe": "Mosaico de Usos", "cor": "#ffefc3", "area_ha": 0.25026013071295183 }, "geometry": { "type": "Polygon", "coordinates": [ [ [ -44.990504037614834, -21.212457793084727 ], [ -44.990504037614834, -21.212188298499491 ], [ -44.990773532200066, -21.212188298499498 ], [ -44.990773532200066, -21.211918803914269 ], [ -44.990234543029594, -21.211918803914262 ], [ -44.990234543029594, -21.212457793084727 ], [ -44.990504037614834, -21.212457793084727 ] ] ] } },
{ "type": "Feature", "properties": { "id_feicao": "fogo_2023_152", "ano": 2023.0, "mes": 9, "codigo_original": 41, "classe": "Outras Lavouras Temporárias", "cor": "#f54ca9", "area_ha": 2.6670787318848075 }, "geometry": { "type": "Polygon", "coordinates": [ [ [ -45.109081655118608, -21.345857612776477 ], [ -45.108812160533368, -21.345857612776477 ], [ -45.108812160533368, -21.346666096532186 ], [ -45.108542665948136, -21.346666096532186 ], [ -45.108542665948136, -21.345857612776484 ], [ -45.108003676777663, -21.345857612776477 ], [ -45.108003676777663, -21.345318623606001 ], [ -45.107464687607191, -21.345318623606012 ], [ -45.107464687607191, -21.345049129020779 ], [ -45.107195193021958, -21.345049129020772 ], [ -45.107195193021958, -21.346935591117429 ], [ -45.109081655118608, -21.346935591117425 ], [ -45.109081655118608, -21.345857612776477 ] ] ] } },
{ "type": "Feature", "properties": { "id_feicao": "fogo_2023_153", "ano": 2023.0, "mes": 9, "codigo_original": 41, "classe": "Outras Lavouras Temporárias", "cor": "#f54ca9", "area_ha": 0.41673584463214502 }, "geometry": { "type": "Polygon", "coordinates": [ [ [ -45.107734182192431, -21.344240645265064 ], [ -45.108003676777663, -21.344240645265071 ], [ -45.108003676777663, -21.343971150679828 ], [ -45.107195193021958, -21.343971150679828 ], [ -45.107195193021958, -21.344510139850314 ], [ -45.107734182192431, -21.344510139850303 ], [ -45.107734182192431, -21.344240645265064 ] ] ] } },
{ "type": "Feature", "properties": { "id_feicao": "fogo_2023_154", "ano": 2023.0, "mes": 9, "codigo_original": 41, "classe": "Outras Lavouras Temporárias", "cor": "#f54ca9", "area_ha": 0.1667172652291134 }, "geometry": { "type": "Polygon", "coordinates": [ [ [ -45.158129669631535, -21.324028551372386 ], [ -45.157590680461063, -21.324028551372376 ], [ -45.157590680461063, -21.324298045957619 ], [ -45.158129669631535, -21.324298045957615 ], [ -45.158129669631535, -21.324028551372386 ] ] ] } },
{ "type": "Feature", "properties": { "id_feicao": "fogo_2023_155", "ano": 2023.0, "mes": 9, "codigo_original": 41, "classe": "Outras Lavouras Temporárias", "cor": "#f54ca9", "area_ha": 2.5841155297736407 }, "geometry": { "type": "Polygon", "coordinates": [ [ [ -45.127676781499879, -21.324837035128084 ], [ -45.127676781499879, -21.323489562201914 ], [ -45.127407286914654, -21.3234895622019 ], [ -45.127407286914654, -21.323220067616667 ], [ -45.125790319403237, -21.323220067616667 ], [ -45.125790319403237, -21.324298045957612 ], [ -45.127137792329407, -21.324298045957608 ], [ -45.127137792329407, -21.324837035128084 ], [ -45.127676781499879, -21.324837035128084 ] ] ] } },
{ "type": "Feature", "properties": { "id_feicao": "fogo_2023_156", "ano": 2023.0, "mes": 9, "codigo_original": 41, "classe": "Outras Lavouras Temporárias", "cor": "#f54ca9", "area_ha": 0.083393617113241197 }, "geometry": { "type": "Polygon", "coordinates": [ [ [ -45.019070463649832, -21.259888840086248 ], [ -45.019070463649832, -21.260158334671477 ], [ -45.019339958235065, -21.260158334671488 ], [ -45.019339958235065, -21.259888840086237 ], [ -45.019070463649832, -21.259888840086248 ] ] ] } },
{ "type": "Feature", "properties": { "id_feicao": "fogo_2023_157", "ano": 2023.0, "mes": 9, "codigo_original": 41, "classe": "Outras Lavouras Temporárias", "cor": "#f54ca9", "area_ha": 0.083411488876678055 }, "geometry": { "type": "Polygon", "coordinates": [ [ [ -45.015836528626998, -21.227549489857946 ], [ -45.015567034041766, -21.227549489857942 ], [ -45.015567034041766, -21.227818984443175 ], [ -45.015836528626998, -21.227818984443175 ], [ -45.015836528626998, -21.227549489857946 ] ] ] } },
{ "type": "Feature", "properties": { "id_feicao": "fogo_2023_158", "ano": 2023.0, "mes": 9, "codigo_original": 41, "classe": "Outras Lavouras Temporárias", "cor": "#f54ca9", "area_ha": 0.41705959594221786 }, "geometry": { "type": "Polygon", "coordinates": [ [ [ -45.02041793657601, -21.22701050068747 ], [ -45.019878947405537, -21.227010500687467 ], [ -45.019878947405537, -21.226471511517005 ], [ -45.019609452820305, -21.226471511516998 ], [ -45.019609452820305, -21.227279995272706 ], [ -45.02041793657601, -21.22727999527271 ], [ -45.02041793657601, -21.22701050068747 ] ] ] } },
{ "type": "Feature", "properties": { "id_feicao": "fogo_2023_159", "ano": 2023.0, "mes": 9, "codigo_original": 41, "classe": "Outras Lavouras Temporárias", "cor": "#f54ca9", "area_ha": 0.75076614578608425 }, "geometry": { "type": "Polygon", "coordinates": [ [ [ -44.995085445563838, -21.215422233522329 ], [ -44.995354940149078, -21.215422233522336 ], [ -44.995354940149078, -21.215152738937089 ], [ -44.99562443473431, -21.215152738937096 ], [ -44.99562443473431, -21.214613749766624 ], [ -44.994546456393365, -21.214613749766624 ], [ -44.994546456393365, -21.2151527389371 ], [ -44.995085445563838, -21.215152738937089 ], [ -44.995085445563838, -21.215422233522329 ] ] ] } },
{ "type": "Feature", "properties": { "id_feicao": "fogo_2023_160", "ano": 2023.0, "mes": 9, "codigo_original": 41, "classe": "Outras Lavouras Temporárias", "cor": "#f54ca9", "area_ha": 0.083418626610430688 }, "geometry": { "type": "Polygon", "coordinates": [ [ [ -44.994007467222893, -21.21461374976662 ], [ -44.994007467222893, -21.214883244351856 ], [ -44.994276961808133, -21.214883244351856 ], [ -44.994276961808133, -21.214613749766617 ], [ -44.994007467222893, -21.21461374976662 ] ] ] } },
{ "type": "Feature", "properties": { "id_feicao": "fogo_2023_161", "ano": 2023.0, "mes": 9, "codigo_original": 41, "classe": "Outras Lavouras Temporárias", "cor": "#f54ca9", "area_ha": 2.0020720521222231 }, "geometry": { "type": "Polygon", "coordinates": [ [ [ -44.990504037614834, -21.212457793084727 ], [ -44.990504037614834, -21.213266276840443 ], [ -44.990773532200066, -21.213266276840443 ], [ -44.990773532200066, -21.213535771425683 ], [ -44.991043026785299, -21.213535771425676 ], [ -44.991043026785299, -21.214074760596141 ], [ -44.991312521370538, -21.214074760596148 ], [ -44.991312521370538, -21.213266276840443 ], [ -44.991851510541011, -21.213266276840436 ], [ -44.991851510541011, -21.212188298499498 ], [ -44.991312521370538, -21.212188298499491 ], [ -44.991312521370538, -21.211918803914266 ], [ -44.991043026785299, -21.211918803914255 ], [ -44.991043026785299, -21.212188298499495 ], [ -44.990773532200066, -21.212188298499498 ], [ -44.990773532200066, -21.212457793084734 ], [ -44.990504037614834, -21.212457793084727 ] ] ] } },
{ "type": "Feature", "properties": { "id_feicao": "fogo_2023_162", "ano": 2023.0, "mes": 10, "codigo_original": 15, "classe": "Pastagem", "cor": "#edde8e", "area_ha": 0.08336058563729748 }, "geometry": { "type": "Polygon", "coordinates": [ [ [ -45.108812160533368, -21.320255627179073 ], [ -45.109081655118608, -21.320255627179073 ], [ -45.109081655118608, -21.319986132593844 ], [ -45.108812160533368, -21.319986132593836 ], [ -45.108812160533368, -21.320255627179073 ] ] ] } },
{ "type": "Feature", "properties": { "id_feicao": "fogo_2023_163", "ano": 2023.0, "mes": 10, "codigo_original": 15, "classe": "Pastagem", "cor": "#edde8e", "area_ha": 0.083360733806435022 }, "geometry": { "type": "Polygon", "coordinates": [ [ [ -45.108542665948136, -21.319986132593836 ], [ -45.108812160533368, -21.319986132593836 ], [ -45.108812160533368, -21.319716638008604 ], [ -45.108542665948136, -21.3197166380086 ], [ -45.108542665948136, -21.319986132593836 ] ] ] } },
{ "type": "Feature", "properties": { "id_feicao": "fogo_2023_164", "ano": 2023.0, "mes": 10, "codigo_original": 21, "classe": "Mosaico de Usos", "cor": "#ffefc3", "area_ha": 0.41682018901742596 }, "geometry": { "type": "Polygon", "coordinates": [ [ [ -45.107464687607191, -21.313518262548175 ], [ -45.107464687607191, -21.313787757133408 ], [ -45.108003676777663, -21.313787757133415 ], [ -45.108003676777663, -21.314326746303884 ], [ -45.108273171362903, -21.314326746303884 ], [ -45.108273171362903, -21.313518262548175 ], [ -45.107464687607191, -21.313518262548175 ] ] ] } },
{ "type": "Feature", "properties": { "id_feicao": "fogo_2023_165", "ano": 2023.0, "mes": 10, "codigo_original": 41, "classe": "Outras Lavouras Temporárias", "cor": "#f54ca9", "area_ha": 0.3334328511511907 }, "geometry": { "type": "Polygon", "coordinates": [ [ [ -45.126598803158934, -21.32483703512808 ], [ -45.127137792329407, -21.324837035128084 ], [ -45.127137792329407, -21.324298045957608 ], [ -45.126598803158934, -21.324298045957612 ], [ -45.126598803158934, -21.32483703512808 ] ] ] } },
{ "type": "Feature", "properties": { "id_feicao": "fogo_2023_166", "ano": 2023.0, "mes": 10, "codigo_original": 41, "classe": "Outras Lavouras Temporárias", "cor": "#f54ca9", "area_ha": 3.3347261534683406 }, "geometry": { "type": "Polygon", "coordinates": [ [ [ -45.10126631214677, -21.307050392502514 ], [ -45.101805301317242, -21.307050392502514 ], [ -45.101805301317242, -21.307319887087758 ], [ -45.103152774243419, -21.30731988708775 ], [ -45.103152774243419, -21.306511403332042 ], [ -45.10288327965818, -21.306511403332049 ], [ -45.10288327965818, -21.306241908746809 ], [ -45.102613785072947, -21.306241908746813 ], [ -45.102613785072947, -21.305433424991104 ], [ -45.10126631214677, -21.305433424991101 ], [ -45.10126631214677, -21.307050392502514 ] ] ] } },
{ "type": "Feature", "properties": { "id_feicao": "fogo_2023_167", "ano": 2023.0, "mes": 10, "codigo_original": 46, "classe": "Café", "cor": "#d68fe2", "area_ha": 1.7505690556084714 }, "geometry": { "type": "Polygon", "coordinates": [ [ [ -45.108003676777663, -21.320794616349556 ], [ -45.108003676777663, -21.321064110934778 ], [ -45.109081655118608, -21.321064110934781 ], [ -45.109081655118608, -21.320255627179073 ], [ -45.108812160533368, -21.320255627179073 ], [ -45.108812160533368, -21.319986132593836 ], [ -45.108542665948136, -21.319986132593836 ], [ -45.108542665948136, -21.3197166380086 ], [ -45.107734182192431, -21.3197166380086 ], [ -45.107734182192431, -21.320794616349552 ], [ -45.108003676777663, -21.320794616349556 ] ] ] } },
{ "type": "Feature", "properties": { "id_feicao": "fogo_2023_168", "ano": 2023.0, "mes": 10, "codigo_original": 46, "classe": "Café", "cor": "#d68fe2", "area_ha": 3.6679956927597499 }, "geometry": { "type": "Polygon", "coordinates": [ [ [ -45.107195193021958, -21.314596240889127 ], [ -45.107195193021958, -21.314057251718651 ], [ -45.106117214681014, -21.314057251718648 ], [ -45.106117214681014, -21.315674219230061 ], [ -45.107464687607191, -21.315674219230061 ], [ -45.107464687607191, -21.315404724644836 ], [ -45.108273171362903, -21.315404724644821 ], [ -45.108273171362903, -21.314326746303884 ], [ -45.108003676777663, -21.314326746303884 ], [ -45.108003676777663, -21.313787757133415 ], [ -45.107464687607191, -21.313787757133408 ], [ -45.107464687607191, -21.314596240889124 ], [ -45.107195193021958, -21.314596240889127 ] ] ] } },
{ "type": "Feature", "properties": { "id_feicao": "fogo_2023_169", "ano": 2023.0, "mes": 10, "codigo_original": 46, "classe": "Café", "cor": "#d68fe2", "area_ha": 0.083364164657700981 }, "geometry": { "type": "Polygon", "coordinates": [ [ [ -45.107464687607191, -21.313787757133408 ], [ -45.107464687607191, -21.313518262548175 ], [ -45.107195193021958, -21.313518262548172 ], [ -45.107195193021958, -21.313787757133408 ], [ -45.107464687607191, -21.313787757133408 ] ] ] } },
{ "type": "Feature", "properties": { "id_feicao": "fogo_2023_170", "ano": 2023.0, "mes": 10, "codigo_original": 46, "classe": "Café", "cor": "#d68fe2", "area_ha": 3.4181429086548132 }, "geometry": { "type": "Polygon", "coordinates": [ [ [ -45.10288327965818, -21.306241908746809 ], [ -45.10288327965818, -21.306511403332049 ], [ -45.103152774243419, -21.306511403332042 ], [ -45.103152774243419, -21.304624941235389 ], [ -45.103691763413892, -21.304624941235399 ], [ -45.103691763413892, -21.302738479138746 ], [ -45.102613785072947, -21.30273847913875 ], [ -45.102613785072947, -21.306241908746813 ], [ -45.10288327965818, -21.306241908746809 ] ] ] } },
{ "type": "Feature", "properties": { "id_feicao": "fogo_2023_171", "ano": 2023.0, "mes": 11, "codigo_original": 15, "classe": "Pastagem", "cor": "#edde8e", "area_ha": 1.0005172697957605 }, "geometry": { "type": "Polygon", "coordinates": [ [ [ -45.108812160533368, -21.291150211973598 ], [ -45.109081655118608, -21.291150211973605 ], [ -45.109081655118608, -21.291419706558838 ], [ -45.10962064428908, -21.291419706558841 ], [ -45.10962064428908, -21.291689201144074 ], [ -45.109351149703841, -21.291689201144077 ], [ -45.109351149703841, -21.292228190314546 ], [ -45.109890138874313, -21.292228190314539 ], [ -45.109890138874313, -21.290880717388365 ], [ -45.108812160533368, -21.290880717388362 ], [ -45.108812160533368, -21.291150211973598 ] ] ] } },
{ "type": "Feature", "properties": { "id_feicao": "fogo_2023_172", "ano": 2023.0, "mes": 11, "codigo_original": 15, "classe": "Pastagem", "cor": "#edde8e", "area_ha": 0.083376419309574346 }, "geometry": { "type": "Polygon", "coordinates": [ [ [ -45.109081655118608, -21.29168920114407 ], [ -45.109081655118608, -21.291419706558838 ], [ -45.108812160533368, -21.291419706558834 ], [ -45.108812160533368, -21.291689201144077 ], [ -45.109081655118608, -21.29168920114407 ] ] ] } },
{ "type": "Feature", "properties": { "id_feicao": "fogo_2023_173", "ano": 2023.0, "mes": 11, "codigo_original": 15, "classe": "Pastagem", "cor": "#edde8e", "area_ha": 1.3341035004936301 }, "geometry": { "type": "Polygon", "coordinates": [ [ [ -45.119322449357568, -21.283065374416527 ], [ -45.119322449357568, -21.281987396075579 ], [ -45.118244471016624, -21.281987396075589 ], [ -45.118244471016624, -21.28306537441652 ], [ -45.119322449357568, -21.283065374416527 ] ] ] } },
{ "type": "Feature", "properties": { "id_feicao": "fogo_2023_174", "ano": 2023.0, "mes": 11, "codigo_original": 41, "classe": "Outras Lavouras Temporárias", "cor": "#f54ca9", "area_ha": 1.6674203952435405 }, "geometry": { "type": "Polygon", "coordinates": [ [ [ -45.085366131617853, -21.301660500797801 ], [ -45.08671360454403, -21.301660500797801 ], [ -45.08671360454403, -21.30058252245686 ], [ -45.085366131617853, -21.300582522456853 ], [ -45.085366131617853, -21.301660500797801 ] ] ] } },
{ "type": "Feature", "properties": { "id_feicao": "fogo_2023_175", "ano": 2023.0, "mes": 11, "codigo_original": 41, "classe": "Outras Lavouras Temporárias", "cor": "#f54ca9", "area_ha": 0.5002576266959734 }, "geometry": { "type": "Polygon", "coordinates": [ [ [ -45.108812160533368, -21.291689201144077 ], [ -45.108812160533368, -21.292228190314543 ], [ -45.109351149703841, -21.292228190314546 ], [ -45.109351149703841, -21.291689201144077 ], [ -45.10962064428908, -21.291689201144074 ], [ -45.10962064428908, -21.291419706558841 ], [ -45.109081655118608, -21.291419706558838 ], [ -45.109081655118608, -21.29168920114407 ], [ -45.108812160533368, -21.291689201144077 ] ] ] } },
{ "type": "Feature", "properties": { "id_feicao": "fogo_2023_176", "ano": 2023.0, "mes": 11, "codigo_original": 41, "classe": "Outras Lavouras Temporárias", "cor": "#f54ca9", "area_ha": 0.083376568587850391 }, "geometry": { "type": "Polygon", "coordinates": [ [ [ -45.109081655118608, -21.291419706558838 ], [ -45.109081655118608, -21.291150211973605 ], [ -45.108812160533368, -21.291150211973598 ], [ -45.108812160533368, -21.291419706558834 ], [ -45.109081655118608, -21.291419706558838 ] ] ] } }
]
}
