{
"type": "FeatureCollection",
"name": "fogo_2025",
"crs": { "type": "name", "properties": { "name": "urn:ogc:def:crs:OGC:1.3:CRS84" } },
"features": [
{ "type": "Feature", "properties": { "id_feicao": "fogo_2025_1", "ano": 2025.0, "mes": 4, "codigo_original": 3, "classe": "Formação Florestal", "cor": "#1f8d49", "area_ha": 0.083427662684855838 }, "geometry": { "type": "Polygon", "coordinates": [ [ [ -45.13603111364219, -21.19898306382294 ], [ -45.13603111364219, -21.199252558408176 ], [ -45.13630060822743, -21.199252558408173 ], [ -45.13630060822743, -21.198983063822929 ], [ -45.13603111364219, -21.19898306382294 ] ] ] } },
{ "type": "Feature", "properties": { "id_feicao": "fogo_2025_2", "ano": 2025.0, "mes": 5, "codigo_original": 15, "classe": "Pastagem", "cor": "#edde8e", "area_ha": 0.015496920959092676 }, "geometry": { "type": "Polygon", "coordinates": [ [ [ -44.961129127824123, -21.236442811170722 ], [ -44.960985407442479, -21.236442811224297 ], [ -44.961129127824208, -21.236630594185474 ], [ -44.961129127824123, -21.236442811170722 ] ] ] } },
{ "type": "Feature", "properties": { "id_feicao": "fogo_2025_3", "ano": 2025.0, "mes": 5, "codigo_original": 15, "classe": "Pastagem", "cor": "#edde8e", "area_ha": 0.083419818525059627 }, "geometry": { "type": "Polygon", "coordinates": [ [ [ -44.989156564688649, -21.212727287669971 ], [ -44.989156564688649, -21.212457793084734 ], [ -44.988887070103416, -21.212457793084727 ], [ -44.988887070103416, -21.212727287669967 ], [ -44.989156564688649, -21.212727287669971 ] ] ] } },
{ "type": "Feature", "properties": { "id_feicao": "fogo_2025_4", "ano": 2025.0, "mes": 5, "codigo_original": 15, "classe": "Pastagem", "cor": "#edde8e", "area_ha": 0.58394075944341639 }, "geometry": { "type": "Polygon", "coordinates": [ [ [ -44.989695553859121, -21.212457793084727 ], [ -44.989695553859121, -21.211918803914262 ], [ -44.989965048444361, -21.211918803914266 ], [ -44.989965048444361, -21.211649309329033 ], [ -44.989156564688649, -21.211649309329026 ], [ -44.989156564688649, -21.212457793084734 ], [ -44.989695553859121, -21.212457793084727 ] ] ] } },
{ "type": "Feature", "properties": { "id_feicao": "fogo_2025_5", "ano": 2025.0, "mes": 5, "codigo_original": 41, "classe": "Outras Lavouras Temporárias", "cor": "#f54ca9", "area_ha": 0.083406727627944197 }, "geometry": { "type": "Polygon", "coordinates": [ [ [ -45.019070463649832, -21.236442811170722 ], [ -45.019339958235065, -21.236442811170722 ], [ -45.019339958235065, -21.236173316585489 ], [ -45.019070463649832, -21.236173316585486 ], [ -45.019070463649832, -21.236442811170722 ] ] ] } },
{ "type": "Feature", "properties": { "id_feicao": "fogo_2025_6", "ano": 2025.0, "mes": 5, "codigo_original": 41, "classe": "Outras Lavouras Temporárias", "cor": "#f54ca9", "area_ha": 0.16683889256353357 }, "geometry": { "type": "Polygon", "coordinates": [ [ [ -44.989965048444361, -21.213535771425676 ], [ -44.989965048444361, -21.212996782255203 ], [ -44.989695553859121, -21.212996782255207 ], [ -44.989695553859121, -21.213535771425676 ], [ -44.989965048444361, -21.213535771425676 ] ] ] } },
{ "type": "Feature", "properties": { "id_feicao": "fogo_2025_7", "ano": 2025.0, "mes": 5, "codigo_original": 41, "classe": "Outras Lavouras Temporárias", "cor": "#f54ca9", "area_ha": 0.1668396377264709 }, "geometry": { "type": "Polygon", "coordinates": [ [ [ -44.988617575518177, -21.212727287669964 ], [ -44.988617575518177, -21.212457793084731 ], [ -44.988078586347704, -21.212457793084734 ], [ -44.988078586347704, -21.212727287669964 ], [ -44.988617575518177, -21.212727287669964 ] ] ] } },
{ "type": "Feature", "properties": { "id_feicao": "fogo_2025_8", "ano": 2025.0, "mes": 6, "codigo_original": 15, "classe": "Pastagem", "cor": "#edde8e", "area_ha": 0.083416394822020082 }, "geometry": { "type": "Polygon", "coordinates": [ [ [ -45.005056745217566, -21.218656168545156 ], [ -45.00478725063234, -21.218656168545159 ], [ -45.00478725063234, -21.218925663130399 ], [ -45.005056745217566, -21.218925663130396 ], [ -45.005056745217566, -21.218656168545156 ] ] ] } },
{ "type": "Feature", "properties": { "id_feicao": "fogo_2025_9", "ano": 2025.0, "mes": 6, "codigo_original": 15, "classe": "Pastagem", "cor": "#edde8e", "area_ha": 0.083416692334312925 }, "geometry": { "type": "Polygon", "coordinates": [ [ [ -45.004517756047093, -21.218117179374687 ], [ -45.004517756047093, -21.218386673959916 ], [ -45.00478725063234, -21.218386673959927 ], [ -45.00478725063234, -21.21811717937468 ], [ -45.004517756047093, -21.218117179374687 ] ] ] } },
{ "type": "Feature", "properties": { "id_feicao": "fogo_2025_10", "ano": 2025.0, "mes": 6, "codigo_original": 15, "classe": "Pastagem", "cor": "#edde8e", "area_ha": 0.16683397961967006 }, "geometry": { "type": "Polygon", "coordinates": [ [ [ -45.003978766876621, -21.217578190204218 ], [ -45.003978766876621, -21.217847684789444 ], [ -45.004517756047093, -21.217847684789454 ], [ -45.004517756047093, -21.217578190204211 ], [ -45.003978766876621, -21.217578190204218 ] ] ] } },
{ "type": "Feature", "properties": { "id_feicao": "fogo_2025_11", "ano": 2025.0, "mes": 6, "codigo_original": 15, "classe": "Pastagem", "cor": "#edde8e", "area_ha": 0.083418924981914458 }, "geometry": { "type": "Polygon", "coordinates": [ [ [ -44.991582015955771, -21.214074760596151 ], [ -44.991312521370538, -21.214074760596148 ], [ -44.991312521370538, -21.214344255181384 ], [ -44.991582015955771, -21.214344255181384 ], [ -44.991582015955771, -21.214074760596151 ] ] ] } },
{ "type": "Feature", "properties": { "id_feicao": "fogo_2025_12", "ano": 2025.0, "mes": 6, "codigo_original": 15, "classe": "Pastagem", "cor": "#edde8e", "area_ha": 0.08341907405800035 }, "geometry": { "type": "Polygon", "coordinates": [ [ [ -44.990504037614834, -21.213805266010912 ], [ -44.990504037614834, -21.214074760596155 ], [ -44.990773532200066, -21.214074760596144 ], [ -44.990773532200066, -21.213805266010908 ], [ -44.990504037614834, -21.213805266010912 ] ] ] } },
{ "type": "Feature", "properties": { "id_feicao": "fogo_2025_13", "ano": 2025.0, "mes": 6, "codigo_original": 15, "classe": "Pastagem", "cor": "#edde8e", "area_ha": 0.083419668528330312 }, "geometry": { "type": "Polygon", "coordinates": [ [ [ -44.991851510541011, -21.212727287669967 ], [ -44.991851510541011, -21.212996782255207 ], [ -44.992121005126243, -21.212996782255196 ], [ -44.992121005126243, -21.212727287669964 ], [ -44.991851510541011, -21.212727287669967 ] ] ] } },
{ "type": "Feature", "properties": { "id_feicao": "fogo_2025_14", "ano": 2025.0, "mes": 6, "codigo_original": 15, "classe": "Pastagem", "cor": "#edde8e", "area_ha": 0.034797519979625942 }, "geometry": { "type": "Polygon", "coordinates": [ [ [ -44.961398622409355, -21.236712305755951 ], [ -44.961191666249029, -21.23671230579431 ], [ -44.9613057, -21.236861299999894 ], [ -44.961398622409767, -21.237032632771079 ], [ -44.961398622409355, -21.236712305755951 ] ] ] } },
{ "type": "Feature", "properties": { "id_feicao": "fogo_2025_15", "ano": 2025.0, "mes": 6, "codigo_original": 15, "classe": "Pastagem", "cor": "#edde8e", "area_ha": 0.0048599008846027456 }, "geometry": { "type": "Polygon", "coordinates": [ [ [ -44.960779149565695, -21.236173316630577 ], [ -44.960859633238989, -21.23627847598528 ], [ -44.960859633238883, -21.236173316585493 ], [ -44.960779149565695, -21.236173316630577 ] ] ] } },
{ "type": "Feature", "properties": { "id_feicao": "fogo_2025_16", "ano": 2025.0, "mes": 6, "codigo_original": 15, "classe": "Pastagem", "cor": "#edde8e", "area_ha": 0.083419669526357529 }, "geometry": { "type": "Polygon", "coordinates": [ [ [ -44.989426059273889, -21.212727287669964 ], [ -44.989426059273889, -21.212996782255203 ], [ -44.989695553859121, -21.212996782255207 ], [ -44.989695553859121, -21.212727287669964 ], [ -44.989426059273889, -21.212727287669964 ] ] ] } },
{ "type": "Feature", "properties": { "id_feicao": "fogo_2025_17", "ano": 2025.0, "mes": 6, "codigo_original": 15, "classe": "Pastagem", "cor": "#edde8e", "area_ha": 0.083419669168069963 }, "geometry": { "type": "Polygon", "coordinates": [ [ [ -44.990504037614834, -21.212727287669964 ], [ -44.990234543029594, -21.21272728766996 ], [ -44.990234543029594, -21.212996782255214 ], [ -44.990504037614834, -21.21299678225521 ], [ -44.990504037614834, -21.212727287669964 ] ] ] } },
{ "type": "Feature", "properties": { "id_feicao": "fogo_2025_18", "ano": 2025.0, "mes": 6, "codigo_original": 15, "classe": "Pastagem", "cor": "#edde8e", "area_ha": 0.50052113791518493 }, "geometry": { "type": "Polygon", "coordinates": [ [ [ -44.990773532200066, -21.212457793084734 ], [ -44.990773532200066, -21.212188298499498 ], [ -44.991043026785299, -21.212188298499495 ], [ -44.991043026785299, -21.211918803914255 ], [ -44.990773532200066, -21.211918803914269 ], [ -44.990773532200066, -21.211649309329019 ], [ -44.990504037614834, -21.211649309329029 ], [ -44.990504037614834, -21.21137981474379 ], [ -44.990234543029594, -21.21137981474379 ], [ -44.990234543029594, -21.211918803914262 ], [ -44.990504037614834, -21.211918803914266 ], [ -44.990504037614834, -21.212457793084727 ], [ -44.990773532200066, -21.212457793084734 ] ] ] } },
{ "type": "Feature", "properties": { "id_feicao": "fogo_2025_19", "ano": 2025.0, "mes": 6, "codigo_original": 15, "classe": "Pastagem", "cor": "#edde8e", "area_ha": 0.083420413348782349 }, "geometry": { "type": "Polygon", "coordinates": [ [ [ -44.989156564688649, -21.21137981474379 ], [ -44.989156564688649, -21.211649309329026 ], [ -44.989426059273889, -21.211649309329019 ], [ -44.989426059273889, -21.211379814743797 ], [ -44.989156564688649, -21.21137981474379 ] ] ] } },
{ "type": "Feature", "properties": { "id_feicao": "fogo_2025_20", "ano": 2025.0, "mes": 6, "codigo_original": 24, "classe": "Área urbanizada", "cor": "#d4271e", "area_ha": 0.083420412749143927 }, "geometry": { "type": "Polygon", "coordinates": [ [ [ -44.990504037614834, -21.21137981474379 ], [ -44.990504037614834, -21.211649309329029 ], [ -44.990773532200066, -21.211649309329019 ], [ -44.990773532200066, -21.211379814743793 ], [ -44.990504037614834, -21.21137981474379 ] ] ] } },
{ "type": "Feature", "properties": { "id_feicao": "fogo_2025_21", "ano": 2025.0, "mes": 6, "codigo_original": 41, "classe": "Outras Lavouras Temporárias", "cor": "#f54ca9", "area_ha": 0.25018934364952145 }, "geometry": { "type": "Polygon", "coordinates": [ [ [ -45.01826197989412, -21.254768442966757 ], [ -45.017453496138415, -21.254768442966764 ], [ -45.017453496138415, -21.255037937552 ], [ -45.01826197989412, -21.255037937552007 ], [ -45.01826197989412, -21.254768442966757 ] ] ] } },
{ "type": "Feature", "properties": { "id_feicao": "fogo_2025_22", "ano": 2025.0, "mes": 6, "codigo_original": 41, "classe": "Outras Lavouras Temporárias", "cor": "#f54ca9", "area_ha": 0.08339659734209999 }, "geometry": { "type": "Polygon", "coordinates": [ [ [ -45.01853147447936, -21.254498948381531 ], [ -45.01826197989412, -21.254498948381528 ], [ -45.01826197989412, -21.254768442966757 ], [ -45.01853147447936, -21.254768442966768 ], [ -45.01853147447936, -21.254498948381531 ] ] ] } },
{ "type": "Feature", "properties": { "id_feicao": "fogo_2025_23", "ano": 2025.0, "mes": 6, "codigo_original": 41, "classe": "Outras Lavouras Temporárias", "cor": "#f54ca9", "area_ha": 0.16681330682206899 }, "geometry": { "type": "Polygon", "coordinates": [ [ [ -45.019609452820305, -21.236173316585493 ], [ -45.019339958235065, -21.236173316585489 ], [ -45.019339958235065, -21.236712305755962 ], [ -45.019609452820305, -21.236712305755955 ], [ -45.019609452820305, -21.236173316585493 ] ] ] } },
{ "type": "Feature", "properties": { "id_feicao": "fogo_2025_24", "ano": 2025.0, "mes": 6, "codigo_original": 41, "classe": "Outras Lavouras Temporárias", "cor": "#f54ca9", "area_ha": 0.083406727405544376 }, "geometry": { "type": "Polygon", "coordinates": [ [ [ -45.019070463649832, -21.236173316585486 ], [ -45.018800969064593, -21.236173316585479 ], [ -45.018800969064593, -21.236442811170729 ], [ -45.019070463649832, -21.236442811170722 ], [ -45.019070463649832, -21.236173316585486 ] ] ] } },
{ "type": "Feature", "properties": { "id_feicao": "fogo_2025_25", "ano": 2025.0, "mes": 6, "codigo_original": 41, "classe": "Outras Lavouras Temporárias", "cor": "#f54ca9", "area_ha": 0.083411041268706326 }, "geometry": { "type": "Polygon", "coordinates": [ [ [ -45.014219561115588, -21.228357973613651 ], [ -45.013950066530349, -21.228357973613651 ], [ -45.013950066530349, -21.228627468198887 ], [ -45.014219561115588, -21.228627468198887 ], [ -45.014219561115588, -21.228357973613651 ] ] ] } },
{ "type": "Feature", "properties": { "id_feicao": "fogo_2025_26", "ano": 2025.0, "mes": 6, "codigo_original": 41, "classe": "Outras Lavouras Temporárias", "cor": "#f54ca9", "area_ha": 0.25024941536663098 }, "geometry": { "type": "Polygon", "coordinates": [ [ [ -45.00478725063234, -21.218656168545159 ], [ -45.005056745217566, -21.218656168545156 ], [ -45.005056745217566, -21.21838667395992 ], [ -45.004517756047093, -21.218386673959916 ], [ -45.004517756047093, -21.218925663130388 ], [ -45.00478725063234, -21.218925663130399 ], [ -45.00478725063234, -21.218656168545159 ] ] ] } },
{ "type": "Feature", "properties": { "id_feicao": "fogo_2025_27", "ano": 2025.0, "mes": 6, "codigo_original": 41, "classe": "Outras Lavouras Temporárias", "cor": "#f54ca9", "area_ha": 0.083419221928156914 }, "geometry": { "type": "Polygon", "coordinates": [ [ [ -44.993198983467188, -21.213535771425672 ], [ -44.992929488881956, -21.213535771425679 ], [ -44.992929488881956, -21.213805266010905 ], [ -44.993198983467188, -21.213805266010912 ], [ -44.993198983467188, -21.213535771425672 ] ] ] } },
{ "type": "Feature", "properties": { "id_feicao": "fogo_2025_28", "ano": 2025.0, "mes": 6, "codigo_original": 41, "classe": "Outras Lavouras Temporárias", "cor": "#f54ca9", "area_ha": 1.4181367186413509 }, "geometry": { "type": "Polygon", "coordinates": [ [ [ -44.990504037614834, -21.212457793084727 ], [ -44.990504037614834, -21.21299678225521 ], [ -44.991043026785299, -21.212996782255207 ], [ -44.991043026785299, -21.213266276840443 ], [ -44.991851510541011, -21.213266276840436 ], [ -44.991851510541011, -21.212457793084731 ], [ -44.991582015955771, -21.212457793084731 ], [ -44.991582015955771, -21.211918803914262 ], [ -44.991043026785299, -21.211918803914255 ], [ -44.991043026785299, -21.212188298499495 ], [ -44.990773532200066, -21.212188298499498 ], [ -44.990773532200066, -21.212457793084734 ], [ -44.990504037614834, -21.212457793084727 ] ], [ [ -44.991582015955771, -21.212996782255203 ], [ -44.991312521370538, -21.2129967822552 ], [ -44.991312521370538, -21.212727287669964 ], [ -44.991582015955771, -21.212727287669964 ], [ -44.991582015955771, -21.212996782255203 ] ] ] } },
{ "type": "Feature", "properties": { "id_feicao": "fogo_2025_29", "ano": 2025.0, "mes": 7, "codigo_original": 15, "classe": "Pastagem", "cor": "#edde8e", "area_ha": 0.2502188407149204 }, "geometry": { "type": "Polygon", "coordinates": [ [ [ -45.01826197989412, -21.236712305755962 ], [ -45.01826197989412, -21.23752078951167 ], [ -45.01853147447936, -21.23752078951167 ], [ -45.01853147447936, -21.236712305755962 ], [ -45.01826197989412, -21.236712305755962 ] ] ] } },
{ "type": "Feature", "properties": { "id_feicao": "fogo_2025_30", "ano": 2025.0, "mes": 7, "codigo_original": 15, "classe": "Pastagem", "cor": "#edde8e", "area_ha": 0.083406876078555722 }, "geometry": { "type": "Polygon", "coordinates": [ [ [ -45.01853147447936, -21.235903822000253 ], [ -45.01853147447936, -21.236173316585493 ], [ -45.018800969064593, -21.236173316585479 ], [ -45.018800969064593, -21.23590382200025 ], [ -45.01853147447936, -21.235903822000253 ] ] ] } },
{ "type": "Feature", "properties": { "id_feicao": "fogo_2025_31", "ano": 2025.0, "mes": 7, "codigo_original": 15, "classe": "Pastagem", "cor": "#edde8e", "area_ha": 0.41709156160026678 }, "geometry": { "type": "Polygon", "coordinates": [ [ [ -44.99589392931955, -21.215691728107561 ], [ -44.99589392931955, -21.214883244351849 ], [ -44.99562443473431, -21.21488324435186 ], [ -44.99562443473431, -21.215152738937096 ], [ -44.995354940149078, -21.215152738937089 ], [ -44.995354940149078, -21.215691728107565 ], [ -44.99589392931955, -21.215691728107561 ] ] ] } },
{ "type": "Feature", "properties": { "id_feicao": "fogo_2025_32", "ano": 2025.0, "mes": 7, "codigo_original": 15, "classe": "Pastagem", "cor": "#edde8e", "area_ha": 0.083434220564949188 }, "geometry": { "type": "Polygon", "coordinates": [ [ [ -45.112585084726675, -21.186855807487323 ], [ -45.112585084726675, -21.187125302072559 ], [ -45.112854579311907, -21.187125302072552 ], [ -45.112854579311907, -21.186855807487326 ], [ -45.112585084726675, -21.186855807487323 ] ] ] } },
{ "type": "Feature", "properties": { "id_feicao": "fogo_2025_33", "ano": 2025.0, "mes": 7, "codigo_original": 15, "classe": "Pastagem", "cor": "#edde8e", "area_ha": 0.25032886077981253 }, "geometry": { "type": "Polygon", "coordinates": [ [ [ -45.038474073786816, -21.170686132373177 ], [ -45.038474073786816, -21.170416637787941 ], [ -45.038204579201576, -21.170416637787937 ], [ -45.038204579201576, -21.170955626958413 ], [ -45.038743568372048, -21.170955626958413 ], [ -45.038743568372048, -21.170686132373181 ], [ -45.038474073786816, -21.170686132373177 ] ] ] } },
{ "type": "Feature", "properties": { "id_feicao": "fogo_2025_34", "ano": 2025.0, "mes": 7, "codigo_original": 15, "classe": "Pastagem", "cor": "#edde8e", "area_ha": 0.16688650396624738 }, "geometry": { "type": "Polygon", "coordinates": [ [ [ -45.037665590031104, -21.169877648617465 ], [ -45.037665590031104, -21.170416637787937 ], [ -45.037935084616343, -21.170416637787934 ], [ -45.037935084616343, -21.169877648617465 ], [ -45.037665590031104, -21.169877648617465 ] ] ] } },
{ "type": "Feature", "properties": { "id_feicao": "fogo_2025_35", "ano": 2025.0, "mes": 7, "codigo_original": 15, "classe": "Pastagem", "cor": "#edde8e", "area_ha": 0.083443475577810275 }, "geometry": { "type": "Polygon", "coordinates": [ [ [ -45.038204579201576, -21.169608154032225 ], [ -45.038204579201576, -21.169877648617469 ], [ -45.038474073786816, -21.169877648617465 ], [ -45.038474073786816, -21.169608154032229 ], [ -45.038204579201576, -21.169608154032225 ] ] ] } },
{ "type": "Feature", "properties": { "id_feicao": "fogo_2025_36", "ano": 2025.0, "mes": 7, "codigo_original": 15, "classe": "Pastagem", "cor": "#edde8e", "area_ha": 0.083443771117832508 }, "geometry": { "type": "Polygon", "coordinates": [ [ [ -45.037396095445871, -21.169338659447 ], [ -45.037665590031104, -21.169338659446993 ], [ -45.037665590031104, -21.169069164861757 ], [ -45.037396095445871, -21.169069164861757 ], [ -45.037396095445871, -21.169338659447 ] ] ] } },
{ "type": "Feature", "properties": { "id_feicao": "fogo_2025_37", "ano": 2025.0, "mes": 7, "codigo_original": 15, "classe": "Pastagem", "cor": "#edde8e", "area_ha": 0.083443920470122251 }, "geometry": { "type": "Polygon", "coordinates": [ [ [ -45.037935084616343, -21.16906916486176 ], [ -45.038204579201576, -21.16906916486176 ], [ -45.038204579201576, -21.168799670276528 ], [ -45.037935084616343, -21.168799670276524 ], [ -45.037935084616343, -21.16906916486176 ] ] ] } },
{ "type": "Feature", "properties": { "id_feicao": "fogo_2025_38", "ano": 2025.0, "mes": 7, "codigo_original": 15, "classe": "Pastagem", "cor": "#edde8e", "area_ha": 0.41693799198120396 }, "geometry": { "type": "Polygon", "coordinates": [ [ [ -44.988887070103416, -21.271207612666142 ], [ -44.988887070103416, -21.270668623495673 ], [ -44.988348080932944, -21.270668623495681 ], [ -44.988348080932944, -21.270938118080913 ], [ -44.988078586347704, -21.27093811808092 ], [ -44.988078586347704, -21.271207612666149 ], [ -44.988887070103416, -21.271207612666142 ] ] ] } },
{ "type": "Feature", "properties": { "id_feicao": "fogo_2025_39", "ano": 2025.0, "mes": 7, "codigo_original": 15, "classe": "Pastagem", "cor": "#edde8e", "area_ha": 0.083387796751161897 }, "geometry": { "type": "Polygon", "coordinates": [ [ [ -44.988887070103416, -21.270399128910451 ], [ -44.988887070103416, -21.270668623495673 ], [ -44.989156564688649, -21.270668623495681 ], [ -44.989156564688649, -21.270399128910444 ], [ -44.988887070103416, -21.270399128910451 ] ] ] } },
{ "type": "Feature", "properties": { "id_feicao": "fogo_2025_40", "ano": 2025.0, "mes": 7, "codigo_original": 15, "classe": "Pastagem", "cor": "#edde8e", "area_ha": 0.083418328897801639 }, "geometry": { "type": "Polygon", "coordinates": [ [ [ -44.994815950978605, -21.215152738937096 ], [ -44.994815950978605, -21.215422233522332 ], [ -44.995085445563838, -21.215422233522329 ], [ -44.995085445563838, -21.215152738937089 ], [ -44.994815950978605, -21.215152738937096 ] ] ] } },
{ "type": "Feature", "properties": { "id_feicao": "fogo_2025_41", "ano": 2025.0, "mes": 7, "codigo_original": 15, "classe": "Pastagem", "cor": "#edde8e", "area_ha": 0.083419371787786092 }, "geometry": { "type": "Polygon", "coordinates": [ [ [ -44.989965048444361, -21.213266276840443 ], [ -44.989965048444361, -21.213535771425676 ], [ -44.990234543029594, -21.213535771425665 ], [ -44.990234543029594, -21.213266276840436 ], [ -44.989965048444361, -21.213266276840443 ] ] ] } },
{ "type": "Feature", "properties": { "id_feicao": "fogo_2025_42", "ano": 2025.0, "mes": 7, "codigo_original": 15, "classe": "Pastagem", "cor": "#edde8e", "area_ha": 0.33367773038524129 }, "geometry": { "type": "Polygon", "coordinates": [ [ [ -44.992659994296716, -21.213266276840439 ], [ -44.992659994296716, -21.21299678225521 ], [ -44.991851510541011, -21.212996782255207 ], [ -44.991851510541011, -21.213535771425676 ], [ -44.992121005126243, -21.213535771425679 ], [ -44.992121005126243, -21.213266276840439 ], [ -44.992659994296716, -21.213266276840439 ] ] ] } },
{ "type": "Feature", "properties": { "id_feicao": "fogo_2025_43", "ano": 2025.0, "mes": 7, "codigo_original": 15, "classe": "Pastagem", "cor": "#edde8e", "area_ha": 0.083419669651312242 }, "geometry": { "type": "Polygon", "coordinates": [ [ [ -44.989156564688649, -21.212727287669971 ], [ -44.989156564688649, -21.212996782255207 ], [ -44.989426059273889, -21.212996782255203 ], [ -44.989426059273889, -21.212727287669964 ], [ -44.989156564688649, -21.212727287669971 ] ] ] } },
{ "type": "Feature", "properties": { "id_feicao": "fogo_2025_44", "ano": 2025.0, "mes": 7, "codigo_original": 15, "classe": "Pastagem", "cor": "#edde8e", "area_ha": 0.75077895744218381 }, "geometry": { "type": "Polygon", "coordinates": [ [ [ -44.989426059273889, -21.212457793084734 ], [ -44.989426059273889, -21.212727287669964 ], [ -44.989965048444361, -21.212727287669964 ], [ -44.989965048444361, -21.212996782255203 ], [ -44.990234543029594, -21.212996782255214 ], [ -44.990234543029594, -21.21272728766996 ], [ -44.990504037614834, -21.212727287669964 ], [ -44.990504037614834, -21.211918803914266 ], [ -44.990234543029594, -21.211918803914262 ], [ -44.990234543029594, -21.212188298499502 ], [ -44.989695553859121, -21.212188298499495 ], [ -44.989695553859121, -21.212457793084727 ], [ -44.989426059273889, -21.212457793084734 ] ] ] } },
{ "type": "Feature", "properties": { "id_feicao": "fogo_2025_45", "ano": 2025.0, "mes": 7, "codigo_original": 15, "classe": "Pastagem", "cor": "#edde8e", "area_ha": 0.083420116008538756 }, "geometry": { "type": "Polygon", "coordinates": [ [ [ -44.988887070103416, -21.212188298499498 ], [ -44.989156564688649, -21.212188298499502 ], [ -44.989156564688649, -21.211918803914255 ], [ -44.988887070103416, -21.211918803914266 ], [ -44.988887070103416, -21.212188298499498 ] ] ] } },
{ "type": "Feature", "properties": { "id_feicao": "fogo_2025_46", "ano": 2025.0, "mes": 7, "codigo_original": 15, "classe": "Pastagem", "cor": "#edde8e", "area_ha": 0.25026102380137888 }, "geometry": { "type": "Polygon", "coordinates": [ [ [ -44.990234543029594, -21.21137981474379 ], [ -44.989695553859121, -21.211379814743786 ], [ -44.989695553859121, -21.211649309329022 ], [ -44.989965048444361, -21.211649309329033 ], [ -44.989965048444361, -21.211918803914266 ], [ -44.990234543029594, -21.211918803914262 ], [ -44.990234543029594, -21.21137981474379 ] ] ] } },
{ "type": "Feature", "properties": { "id_feicao": "fogo_2025_47", "ano": 2025.0, "mes": 7, "codigo_original": 21, "classe": "Mosaico de Usos", "cor": "#ffefc3", "area_ha": 0.16671272398382425 }, "geometry": { "type": "Polygon", "coordinates": [ [ [ -45.153548261682523, -21.328340464736147 ], [ -45.154087250852996, -21.328340464736147 ], [ -45.154087250852996, -21.328070970150918 ], [ -45.153548261682523, -21.328070970150918 ], [ -45.153548261682523, -21.328340464736147 ] ] ] } },
{ "type": "Feature", "properties": { "id_feicao": "fogo_2025_48", "ano": 2025.0, "mes": 7, "codigo_original": 21, "classe": "Mosaico de Usos", "cor": "#ffefc3", "area_ha": 0.08340628091115504 }, "geometry": { "type": "Polygon", "coordinates": [ [ [ -45.019070463649832, -21.237251294926427 ], [ -45.019339958235065, -21.237251294926434 ], [ -45.019339958235065, -21.236981800341194 ], [ -45.019070463649832, -21.236981800341205 ], [ -45.019070463649832, -21.237251294926427 ] ] ] } },
{ "type": "Feature", "properties": { "id_feicao": "fogo_2025_49", "ano": 2025.0, "mes": 7, "codigo_original": 24, "classe": "Área urbanizada", "cor": "#d4271e", "area_ha": 0.083418626245656838 }, "geometry": { "type": "Polygon", "coordinates": [ [ [ -44.99562443473431, -21.214613749766624 ], [ -44.99562443473431, -21.21488324435186 ], [ -44.99589392931955, -21.214883244351849 ], [ -44.99589392931955, -21.21461374976662 ], [ -44.99562443473431, -21.214613749766624 ] ] ] } },
{ "type": "Feature", "properties": { "id_feicao": "fogo_2025_50", "ano": 2025.0, "mes": 7, "codigo_original": 41, "classe": "Outras Lavouras Temporárias", "cor": "#f54ca9", "area_ha": 0.083396149192376881 }, "geometry": { "type": "Polygon", "coordinates": [ [ [ -45.016914506967943, -21.255307432137236 ], [ -45.016914506967943, -21.255576926722473 ], [ -45.017184001553183, -21.255576926722473 ], [ -45.017184001553183, -21.255307432137236 ], [ -45.016914506967943, -21.255307432137236 ] ] ] } },
{ "type": "Feature", "properties": { "id_feicao": "fogo_2025_51", "ano": 2025.0, "mes": 7, "codigo_original": 41, "classe": "Outras Lavouras Temporárias", "cor": "#f54ca9", "area_ha": 0.083396298639485389 }, "geometry": { "type": "Polygon", "coordinates": [ [ [ -45.017453496138415, -21.255037937552 ], [ -45.017453496138415, -21.255307432137243 ], [ -45.017722990723655, -21.25530743213724 ], [ -45.017722990723655, -21.255037937552004 ], [ -45.017453496138415, -21.255037937552 ] ] ] } },
{ "type": "Feature", "properties": { "id_feicao": "fogo_2025_52", "ano": 2025.0, "mes": 7, "codigo_original": 41, "classe": "Outras Lavouras Temporárias", "cor": "#f54ca9", "area_ha": 0.083396597120083071 }, "geometry": { "type": "Polygon", "coordinates": [ [ [ -45.017992485308888, -21.254498948381524 ], [ -45.017992485308888, -21.25476844296676 ], [ -45.01826197989412, -21.254768442966757 ], [ -45.01826197989412, -21.254498948381528 ], [ -45.017992485308888, -21.254498948381524 ] ] ] } },
{ "type": "Feature", "properties": { "id_feicao": "fogo_2025_53", "ano": 2025.0, "mes": 7, "codigo_original": 41, "classe": "Outras Lavouras Temporárias", "cor": "#f54ca9", "area_ha": 0.1668119659591335 }, "geometry": { "type": "Polygon", "coordinates": [ [ [ -45.018800969064593, -21.23752078951167 ], [ -45.018800969064593, -21.237790284096899 ], [ -45.019339958235065, -21.237790284096913 ], [ -45.019339958235065, -21.237520789511667 ], [ -45.018800969064593, -21.23752078951167 ] ] ] } },
{ "type": "Feature", "properties": { "id_feicao": "fogo_2025_54", "ano": 2025.0, "mes": 7, "codigo_original": 41, "classe": "Outras Lavouras Temporárias", "cor": "#f54ca9", "area_ha": 0.16681300854426559 }, "geometry": { "type": "Polygon", "coordinates": [ [ [ -45.019070463649832, -21.236442811170722 ], [ -45.019070463649832, -21.236981800341205 ], [ -45.019339958235065, -21.236981800341194 ], [ -45.019339958235065, -21.236442811170722 ], [ -45.019070463649832, -21.236442811170722 ] ] ] } },
{ "type": "Feature", "properties": { "id_feicao": "fogo_2025_55", "ano": 2025.0, "mes": 7, "codigo_original": 41, "classe": "Outras Lavouras Temporárias", "cor": "#f54ca9", "area_ha": 0.083406578271281673 }, "geometry": { "type": "Polygon", "coordinates": [ [ [ -45.01853147447936, -21.236442811170722 ], [ -45.01853147447936, -21.236712305755962 ], [ -45.018800969064593, -21.236712305755955 ], [ -45.018800969064593, -21.236442811170729 ], [ -45.01853147447936, -21.236442811170722 ] ] ] } },
{ "type": "Feature", "properties": { "id_feicao": "fogo_2025_56", "ano": 2025.0, "mes": 7, "codigo_original": 41, "classe": "Outras Lavouras Temporárias", "cor": "#f54ca9", "area_ha": 0.083406876767874671 }, "geometry": { "type": "Polygon", "coordinates": [ [ [ -45.019339958235065, -21.235903822000253 ], [ -45.019339958235065, -21.236173316585489 ], [ -45.019609452820305, -21.236173316585493 ], [ -45.019609452820305, -21.23590382200025 ], [ -45.019339958235065, -21.235903822000253 ] ] ] } },
{ "type": "Feature", "properties": { "id_feicao": "fogo_2025_57", "ano": 2025.0, "mes": 7, "codigo_original": 41, "classe": "Outras Lavouras Temporárias", "cor": "#f54ca9", "area_ha": 0.50051094781933347 }, "geometry": { "type": "Polygon", "coordinates": [ [ [ -44.995354940149078, -21.215152738937089 ], [ -44.99562443473431, -21.215152738937096 ], [ -44.99562443473431, -21.21488324435186 ], [ -44.995354940149078, -21.214883244351849 ], [ -44.995354940149078, -21.214613749766617 ], [ -44.994815950978605, -21.214613749766627 ], [ -44.994815950978605, -21.215152738937096 ], [ -44.995085445563838, -21.215152738937089 ], [ -44.995085445563838, -21.215422233522329 ], [ -44.995354940149078, -21.215422233522336 ], [ -44.995354940149078, -21.215152738937089 ] ] ] } },
{ "type": "Feature", "properties": { "id_feicao": "fogo_2025_58", "ano": 2025.0, "mes": 7, "codigo_original": 41, "classe": "Outras Lavouras Temporárias", "cor": "#f54ca9", "area_ha": 0.083419221697468307 }, "geometry": { "type": "Polygon", "coordinates": [ [ [ -44.993737972637661, -21.213805266010915 ], [ -44.994007467222893, -21.213805266010912 ], [ -44.994007467222893, -21.213535771425679 ], [ -44.993737972637661, -21.213535771425665 ], [ -44.993737972637661, -21.213805266010915 ] ] ] } },
{ "type": "Feature", "properties": { "id_feicao": "fogo_2025_59", "ano": 2025.0, "mes": 7, "codigo_original": 41, "classe": "Outras Lavouras Temporárias", "cor": "#f54ca9", "area_ha": 0.083419221555800463 }, "geometry": { "type": "Polygon", "coordinates": [ [ [ -44.994276961808133, -21.213535771425672 ], [ -44.994276961808133, -21.213805266010915 ], [ -44.994546456393365, -21.213805266010905 ], [ -44.994546456393365, -21.213535771425676 ], [ -44.994276961808133, -21.213535771425672 ] ] ] } },
{ "type": "Feature", "properties": { "id_feicao": "fogo_2025_60", "ano": 2025.0, "mes": 7, "codigo_original": 41, "classe": "Outras Lavouras Temporárias", "cor": "#f54ca9", "area_ha": 0.08341922185147628 }, "geometry": { "type": "Polygon", "coordinates": [ [ [ -44.993198983467188, -21.213535771425672 ], [ -44.993198983467188, -21.213805266010912 ], [ -44.993468478052428, -21.213805266010908 ], [ -44.993468478052428, -21.213535771425676 ], [ -44.993198983467188, -21.213535771425672 ] ] ] } },
{ "type": "Feature", "properties": { "id_feicao": "fogo_2025_61", "ano": 2025.0, "mes": 7, "codigo_original": 41, "classe": "Outras Lavouras Temporárias", "cor": "#f54ca9", "area_ha": 0.16683874144286537 }, "geometry": { "type": "Polygon", "coordinates": [ [ [ -44.992659994296716, -21.213266276840439 ], [ -44.992659994296716, -21.213535771425672 ], [ -44.993198983467188, -21.213535771425672 ], [ -44.993198983467188, -21.213266276840447 ], [ -44.992659994296716, -21.213266276840439 ] ] ] } },
{ "type": "Feature", "properties": { "id_feicao": "fogo_2025_62", "ano": 2025.0, "mes": 7, "codigo_original": 41, "classe": "Outras Lavouras Temporárias", "cor": "#f54ca9", "area_ha": 0.083419520778954023 }, "geometry": { "type": "Polygon", "coordinates": [ [ [ -44.989426059273889, -21.213266276840443 ], [ -44.989695553859121, -21.213266276840439 ], [ -44.989695553859121, -21.212996782255207 ], [ -44.989426059273889, -21.212996782255203 ], [ -44.989426059273889, -21.213266276840443 ] ] ] } },
{ "type": "Feature", "properties": { "id_feicao": "fogo_2025_63", "ano": 2025.0, "mes": 7, "codigo_original": 41, "classe": "Outras Lavouras Temporárias", "cor": "#f54ca9", "area_ha": 0.083419520192034538 }, "geometry": { "type": "Polygon", "coordinates": [ [ [ -44.990773532200066, -21.213266276840443 ], [ -44.991043026785299, -21.213266276840443 ], [ -44.991043026785299, -21.212996782255207 ], [ -44.990773532200066, -21.2129967822552 ], [ -44.990773532200066, -21.213266276840443 ] ] ] } },
{ "type": "Feature", "properties": { "id_feicao": "fogo_2025_64", "ano": 2025.0, "mes": 7, "codigo_original": 41, "classe": "Outras Lavouras Temporárias", "cor": "#f54ca9", "area_ha": 0.08341966872832525 }, "geometry": { "type": "Polygon", "coordinates": [ [ [ -44.991312521370538, -21.212727287669964 ], [ -44.991312521370538, -21.2129967822552 ], [ -44.991582015955771, -21.212996782255203 ], [ -44.991582015955771, -21.212727287669964 ], [ -44.991312521370538, -21.212727287669964 ] ] ] } },
{ "type": "Feature", "properties": { "id_feicao": "fogo_2025_65", "ano": 2025.0, "mes": 7, "codigo_original": 41, "classe": "Outras Lavouras Temporárias", "cor": "#f54ca9", "area_ha": 0.083419967818121513 }, "geometry": { "type": "Polygon", "coordinates": [ [ [ -44.987809091762472, -21.212188298499498 ], [ -44.987809091762472, -21.212457793084731 ], [ -44.988078586347704, -21.212457793084734 ], [ -44.988078586347704, -21.212188298499491 ], [ -44.987809091762472, -21.212188298499498 ] ] ] } },
{ "type": "Feature", "properties": { "id_feicao": "fogo_2025_66", "ano": 2025.0, "mes": 7, "codigo_original": 41, "classe": "Outras Lavouras Temporárias", "cor": "#f54ca9", "area_ha": 0.08341996611591701 }, "geometry": { "type": "Polygon", "coordinates": [ [ [ -44.991582015955771, -21.212188298499495 ], [ -44.991582015955771, -21.212457793084731 ], [ -44.991851510541011, -21.212457793084731 ], [ -44.991851510541011, -21.212188298499498 ], [ -44.991582015955771, -21.212188298499495 ] ] ] } },
{ "type": "Feature", "properties": { "id_feicao": "fogo_2025_67", "ano": 2025.0, "mes": 7, "codigo_original": 41, "classe": "Outras Lavouras Temporárias", "cor": "#f54ca9", "area_ha": 0.75078208325626328 }, "geometry": { "type": "Polygon", "coordinates": [ [ [ -44.988887070103416, -21.211649309329015 ], [ -44.989156564688649, -21.211649309329026 ], [ -44.989156564688649, -21.21137981474379 ], [ -44.988078586347704, -21.21137981474379 ], [ -44.988078586347704, -21.212188298499491 ], [ -44.988617575518177, -21.212188298499495 ], [ -44.988617575518177, -21.211918803914273 ], [ -44.988887070103416, -21.211918803914266 ], [ -44.988887070103416, -21.211649309329015 ] ] ] } },
{ "type": "Feature", "properties": { "id_feicao": "fogo_2025_68", "ano": 2025.0, "mes": 7, "codigo_original": 41, "classe": "Outras Lavouras Temporárias", "cor": "#f54ca9", "area_ha": 0.083441664706543087 }, "geometry": { "type": "Polygon", "coordinates": [ [ [ -44.987539597177239, -21.173111583640303 ], [ -44.987809091762472, -21.173111583640299 ], [ -44.987809091762472, -21.172842089055063 ], [ -44.987539597177239, -21.17284208905507 ], [ -44.987539597177239, -21.173111583640303 ] ] ] } },
{ "type": "Feature", "properties": { "id_feicao": "fogo_2025_69", "ano": 2025.0, "mes": 8, "codigo_original": 3, "classe": "Formação Florestal", "cor": "#1f8d49", "area_ha": 0.75020102305002512 }, "geometry": { "type": "Polygon", "coordinates": [ [ [ -45.025268839110254, -21.328879453906616 ], [ -45.025807828280726, -21.32887945390662 ], [ -45.025807828280726, -21.328609959321383 ], [ -45.026077322865966, -21.32860995932139 ], [ -45.026077322865966, -21.328340464736147 ], [ -45.026346817451198, -21.328340464736144 ], [ -45.026346817451198, -21.328070970150918 ], [ -45.025268839110254, -21.328070970150918 ], [ -45.025268839110254, -21.328879453906616 ] ] ] } },
{ "type": "Feature", "properties": { "id_feicao": "fogo_2025_70", "ano": 2025.0, "mes": 8, "codigo_original": 3, "classe": "Formação Florestal", "cor": "#1f8d49", "area_ha": 0.083395103069581089 }, "geometry": { "type": "Polygon", "coordinates": [ [ [ -45.012602593604171, -21.257463388819126 ], [ -45.012872088189404, -21.257463388819119 ], [ -45.012872088189404, -21.257193894233886 ], [ -45.012602593604171, -21.257193894233883 ], [ -45.012602593604171, -21.257463388819126 ] ] ] } },
{ "type": "Feature", "properties": { "id_feicao": "fogo_2025_71", "ano": 2025.0, "mes": 8, "codigo_original": 12, "classe": "Formação Campestre", "cor": "#d6bc74", "area_ha": 0.083428751251753419 }, "geometry": { "type": "Polygon", "coordinates": [ [ [ -45.118244471016624, -21.19709660172629 ], [ -45.118513965601863, -21.197096601726294 ], [ -45.118513965601863, -21.196827107141047 ], [ -45.118244471016624, -21.196827107141051 ], [ -45.118244471016624, -21.19709660172629 ] ] ] } },
{ "type": "Feature", "properties": { "id_feicao": "fogo_2025_72", "ano": 2025.0, "mes": 8, "codigo_original": 12, "classe": "Formação Campestre", "cor": "#d6bc74", "area_ha": 0.083428901305142786 }, "geometry": { "type": "Polygon", "coordinates": [ [ [ -45.118513965601863, -21.196827107141047 ], [ -45.118783460187096, -21.196827107141058 ], [ -45.118783460187096, -21.196557612555821 ], [ -45.118513965601863, -21.196557612555818 ], [ -45.118513965601863, -21.196827107141047 ] ] ] } },
{ "type": "Feature", "properties": { "id_feicao": "fogo_2025_73", "ano": 2025.0, "mes": 8, "codigo_original": 15, "classe": "Pastagem", "cor": "#edde8e", "area_ha": 0.08335515384772843 }, "geometry": { "type": "Polygon", "coordinates": [ [ [ -45.152200788756346, -21.330496421418037 ], [ -45.152200788756346, -21.330226926832804 ], [ -45.151931294171106, -21.3302269268328 ], [ -45.151931294171106, -21.330496421418033 ], [ -45.152200788756346, -21.330496421418037 ] ] ] } },
{ "type": "Feature", "properties": { "id_feicao": "fogo_2025_74", "ano": 2025.0, "mes": 8, "codigo_original": 15, "classe": "Pastagem", "cor": "#edde8e", "area_ha": 0.91690825787947761 }, "geometry": { "type": "Polygon", "coordinates": [ [ [ -45.154087250852996, -21.330765916003273 ], [ -45.154087250852996, -21.329957432247568 ], [ -45.154356745438228, -21.329957432247557 ], [ -45.154356745438228, -21.329687937662332 ], [ -45.153817756267756, -21.329687937662335 ], [ -45.153817756267756, -21.3302269268328 ], [ -45.153548261682523, -21.330226926832804 ], [ -45.153548261682523, -21.33049642141804 ], [ -45.152470283341579, -21.330496421418044 ], [ -45.152470283341579, -21.33076591600328 ], [ -45.154087250852996, -21.330765916003273 ] ] ] } },
{ "type": "Feature", "properties": { "id_feicao": "fogo_2025_75", "ano": 2025.0, "mes": 8, "codigo_original": 15, "classe": "Pastagem", "cor": "#edde8e", "area_ha": 0.33342478425030458 }, "geometry": { "type": "Polygon", "coordinates": [ [ [ -45.151931294171106, -21.328609959321387 ], [ -45.151931294171106, -21.328340464736154 ], [ -45.150853315830162, -21.32834046473614 ], [ -45.150853315830162, -21.328609959321383 ], [ -45.151931294171106, -21.328609959321387 ] ] ] } },
{ "type": "Feature", "properties": { "id_feicao": "fogo_2025_76", "ano": 2025.0, "mes": 8, "codigo_original": 15, "classe": "Pastagem", "cor": "#edde8e", "area_ha": 0.083356350120063871 }, "geometry": { "type": "Polygon", "coordinates": [ [ [ -45.152200788756346, -21.328070970150918 ], [ -45.151931294171106, -21.328070970150918 ], [ -45.151931294171106, -21.328340464736154 ], [ -45.152200788756346, -21.328340464736154 ], [ -45.152200788756346, -21.328070970150918 ] ] ] } },
{ "type": "Feature", "properties": { "id_feicao": "fogo_2025_77", "ano": 2025.0, "mes": 8, "codigo_original": 15, "classe": "Pastagem", "cor": "#edde8e", "area_ha": 1.08378590215398 }, "geometry": { "type": "Polygon", "coordinates": [ [ [ -45.160555120898657, -21.306511403332042 ], [ -45.159746637142945, -21.306511403332042 ], [ -45.159746637142945, -21.307319887087758 ], [ -45.160285626313417, -21.307319887087758 ], [ -45.160285626313417, -21.307589381672987 ], [ -45.160824615483889, -21.307589381672997 ], [ -45.160824615483889, -21.306780897917289 ], [ -45.160555120898657, -21.306780897917282 ], [ -45.160555120898657, -21.306511403332042 ] ] ] } },
{ "type": "Feature", "properties": { "id_feicao": "fogo_2025_78", "ano": 2025.0, "mes": 8, "codigo_original": 15, "classe": "Pastagem", "cor": "#edde8e", "area_ha": 1.2506704751310598 }, "geometry": { "type": "Polygon", "coordinates": [ [ [ -45.144924434954973, -21.288455266121254 ], [ -45.144924434954973, -21.289533244462184 ], [ -45.145732918710685, -21.289533244462181 ], [ -45.145732918710685, -21.289263749876955 ], [ -45.146002413295918, -21.289263749876945 ], [ -45.146002413295918, -21.288455266121243 ], [ -45.144924434954973, -21.288455266121254 ] ] ] } },
{ "type": "Feature", "properties": { "id_feicao": "fogo_2025_79", "ano": 2025.0, "mes": 8, "codigo_original": 15, "classe": "Pastagem", "cor": "#edde8e", "area_ha": 4.5051137228174385 }, "geometry": { "type": "Polygon", "coordinates": [ [ [ -45.116088514334741, -21.197635590896766 ], [ -45.116088514334741, -21.197905085481992 ], [ -45.114741041408557, -21.197905085481995 ], [ -45.114741041408557, -21.198444074652475 ], [ -45.115280030579029, -21.198444074652471 ], [ -45.115280030579029, -21.198174580067231 ], [ -45.115549525164269, -21.198174580067235 ], [ -45.115549525164269, -21.1987135692377 ], [ -45.115010535993797, -21.198713569237704 ], [ -45.115010535993797, -21.19898306382294 ], [ -45.115280030579029, -21.198983063822936 ], [ -45.115280030579029, -21.199252558408169 ], [ -45.117166492675686, -21.19925255840818 ], [ -45.117166492675686, -21.19898306382294 ], [ -45.116896998090446, -21.198983063822944 ], [ -45.116896998090446, -21.1987135692377 ], [ -45.117166492675686, -21.1987135692377 ], [ -45.117166492675686, -21.198444074652468 ], [ -45.118244471016624, -21.198444074652468 ], [ -45.118244471016624, -21.198174580067228 ], [ -45.117974976431391, -21.198174580067231 ], [ -45.117974976431391, -21.197905085481995 ], [ -45.118244471016624, -21.197905085481995 ], [ -45.118244471016624, -21.197635590896766 ], [ -45.117705481846151, -21.19763559089677 ], [ -45.117705481846151, -21.197366096311526 ], [ -45.117435987260919, -21.19736609631153 ], [ -45.117435987260919, -21.197635590896759 ], [ -45.116896998090446, -21.197635590896759 ], [ -45.116896998090446, -21.197366096311526 ], [ -45.116627503505214, -21.19736609631153 ], [ -45.116627503505214, -21.197635590896763 ], [ -45.116088514334741, -21.197635590896766 ] ] ] } },
{ "type": "Feature", "properties": { "id_feicao": "fogo_2025_80", "ano": 2025.0, "mes": 8, "codigo_original": 15, "classe": "Pastagem", "cor": "#edde8e", "area_ha": 0.083428434434181964 }, "geometry": { "type": "Polygon", "coordinates": [ [ [ -45.114741041408557, -21.197635590896756 ], [ -45.114741041408557, -21.197366096311519 ], [ -45.114471546823324, -21.197366096311523 ], [ -45.114471546823324, -21.197635590896766 ], [ -45.114741041408557, -21.197635590896756 ] ] ] } },
{ "type": "Feature", "properties": { "id_feicao": "fogo_2025_81", "ano": 2025.0, "mes": 8, "codigo_original": 15, "classe": "Pastagem", "cor": "#edde8e", "area_ha": 0.16685779835665598 }, "geometry": { "type": "Polygon", "coordinates": [ [ [ -45.118513965601863, -21.196557612555818 ], [ -45.117974976431391, -21.196557612555811 ], [ -45.117974976431391, -21.196827107141054 ], [ -45.118513965601863, -21.196827107141047 ], [ -45.118513965601863, -21.196557612555818 ] ] ] } },
{ "type": "Feature", "properties": { "id_feicao": "fogo_2025_82", "ano": 2025.0, "mes": 8, "codigo_original": 15, "classe": "Pastagem", "cor": "#edde8e", "area_ha": 0.083428890043124551 }, "geometry": { "type": "Polygon", "coordinates": [ [ [ -45.116627503505214, -21.196557612555821 ], [ -45.116358008919974, -21.196557612555811 ], [ -45.116358008919974, -21.196827107141047 ], [ -45.116627503505214, -21.196827107141058 ], [ -45.116627503505214, -21.196557612555821 ] ] ] } },
{ "type": "Feature", "properties": { "id_feicao": "fogo_2025_83", "ano": 2025.0, "mes": 8, "codigo_original": 15, "classe": "Pastagem", "cor": "#edde8e", "area_ha": 0.1668580899798042 }, "geometry": { "type": "Polygon", "coordinates": [ [ [ -45.117974976431391, -21.196557612555811 ], [ -45.117974976431391, -21.196288117970575 ], [ -45.117435987260919, -21.196288117970578 ], [ -45.117435987260919, -21.196557612555814 ], [ -45.117974976431391, -21.196557612555811 ] ] ] } },
{ "type": "Feature", "properties": { "id_feicao": "fogo_2025_84", "ano": 2025.0, "mes": 8, "codigo_original": 15, "classe": "Pastagem", "cor": "#edde8e", "area_ha": 0.33371675764768877 }, "geometry": { "type": "Polygon", "coordinates": [ [ [ -45.117435987260919, -21.196288117970578 ], [ -45.117435987260919, -21.196018623385338 ], [ -45.116358008919974, -21.196018623385346 ], [ -45.116358008919974, -21.196288117970578 ], [ -45.117435987260919, -21.196288117970578 ] ] ] } },
{ "type": "Feature", "properties": { "id_feicao": "fogo_2025_85", "ano": 2025.0, "mes": 8, "codigo_original": 15, "classe": "Pastagem", "cor": "#edde8e", "area_ha": 0.16685897615257728 }, "geometry": { "type": "Polygon", "coordinates": [ [ [ -45.117435987260919, -21.195749128800109 ], [ -45.117435987260919, -21.19547963421487 ], [ -45.116896998090446, -21.195479634214873 ], [ -45.116896998090446, -21.195749128800117 ], [ -45.117435987260919, -21.195749128800109 ] ] ] } },
{ "type": "Feature", "properties": { "id_feicao": "fogo_2025_86", "ano": 2025.0, "mes": 8, "codigo_original": 15, "classe": "Pastagem", "cor": "#edde8e", "area_ha": 0.083429484576173121 }, "geometry": { "type": "Polygon", "coordinates": [ [ [ -45.116627503505214, -21.195479634214873 ], [ -45.116358008919974, -21.19547963421487 ], [ -45.116358008919974, -21.195749128800109 ], [ -45.116627503505214, -21.195749128800106 ], [ -45.116627503505214, -21.195479634214873 ] ] ] } },
{ "type": "Feature", "properties": { "id_feicao": "fogo_2025_87", "ano": 2025.0, "mes": 8, "codigo_original": 15, "classe": "Pastagem", "cor": "#edde8e", "area_ha": 0.08342971168365329 }, "geometry": { "type": "Polygon", "coordinates": [ [ [ -45.130910716522713, -21.195210139629634 ], [ -45.130641221937474, -21.195210139629644 ], [ -45.130641221937474, -21.195479634214866 ], [ -45.130910716522713, -21.19547963421487 ], [ -45.130910716522713, -21.195210139629634 ] ] ] } },
{ "type": "Feature", "properties": { "id_feicao": "fogo_2025_88", "ano": 2025.0, "mes": 8, "codigo_original": 15, "classe": "Pastagem", "cor": "#edde8e", "area_ha": 0.083430010504975047 }, "geometry": { "type": "Polygon", "coordinates": [ [ [ -45.131180211107946, -21.194940645044401 ], [ -45.131180211107946, -21.194671150459165 ], [ -45.130910716522713, -21.194671150459158 ], [ -45.130910716522713, -21.194940645044397 ], [ -45.131180211107946, -21.194940645044401 ] ] ] } },
{ "type": "Feature", "properties": { "id_feicao": "fogo_2025_89", "ano": 2025.0, "mes": 8, "codigo_original": 15, "classe": "Pastagem", "cor": "#edde8e", "area_ha": 0.08342993045700714 }, "geometry": { "type": "Polygon", "coordinates": [ [ [ -45.116627503505214, -21.194671150459161 ], [ -45.116358008919974, -21.194671150459168 ], [ -45.116358008919974, -21.194940645044404 ], [ -45.116627503505214, -21.194940645044394 ], [ -45.116627503505214, -21.194671150459161 ] ] ] } },
{ "type": "Feature", "properties": { "id_feicao": "fogo_2025_90", "ano": 2025.0, "mes": 8, "codigo_original": 15, "classe": "Pastagem", "cor": "#edde8e", "area_ha": 0.16686058905282988 }, "geometry": { "type": "Polygon", "coordinates": [ [ [ -45.129024254426071, -21.194132161288696 ], [ -45.128485265255598, -21.194132161288699 ], [ -45.128485265255598, -21.194401655873929 ], [ -45.129024254426071, -21.194401655873929 ], [ -45.129024254426071, -21.194132161288696 ] ] ] } },
{ "type": "Feature", "properties": { "id_feicao": "fogo_2025_91", "ano": 2025.0, "mes": 8, "codigo_original": 15, "classe": "Pastagem", "cor": "#edde8e", "area_ha": 0.083430606560726664 }, "geometry": { "type": "Polygon", "coordinates": [ [ [ -45.131449705693186, -21.193862666703456 ], [ -45.131449705693186, -21.19359317211822 ], [ -45.131180211107946, -21.193593172118227 ], [ -45.131180211107946, -21.193862666703453 ], [ -45.131449705693186, -21.193862666703456 ] ] ] } },
{ "type": "Feature", "properties": { "id_feicao": "fogo_2025_92", "ano": 2025.0, "mes": 8, "codigo_original": 15, "classe": "Pastagem", "cor": "#edde8e", "area_ha": 0.083430520764086399 }, "geometry": { "type": "Polygon", "coordinates": [ [ [ -45.115819019749502, -21.193593172118224 ], [ -45.115549525164269, -21.193593172118216 ], [ -45.115549525164269, -21.193862666703463 ], [ -45.115819019749502, -21.19386266670346 ], [ -45.115819019749502, -21.193593172118224 ] ] ] } },
{ "type": "Feature", "properties": { "id_feicao": "fogo_2025_93", "ano": 2025.0, "mes": 8, "codigo_original": 15, "classe": "Pastagem", "cor": "#edde8e", "area_ha": 2.1692087655224741 }, "geometry": { "type": "Polygon", "coordinates": [ [ [ -45.115280030579029, -21.192784688362508 ], [ -45.115280030579029, -21.193054182947751 ], [ -45.115549525164269, -21.193054182947755 ], [ -45.115549525164269, -21.193323677532987 ], [ -45.116358008919974, -21.193323677532995 ], [ -45.116358008919974, -21.193593172118216 ], [ -45.116627503505214, -21.19359317211822 ], [ -45.116627503505214, -21.192245699192046 ], [ -45.116358008919974, -21.192245699192053 ], [ -45.116358008919974, -21.19197620460681 ], [ -45.115819019749502, -21.191976204606814 ], [ -45.115819019749502, -21.192245699192046 ], [ -45.115549525164269, -21.192245699192043 ], [ -45.115549525164269, -21.191976204606803 ], [ -45.115280030579029, -21.191976204606803 ], [ -45.115280030579029, -21.192245699192043 ], [ -45.114741041408557, -21.192245699192039 ], [ -45.114741041408557, -21.192784688362508 ], [ -45.115280030579029, -21.192784688362508 ] ], [ [ -45.115280030579029, -21.192515193777282 ], [ -45.115549525164269, -21.192515193777272 ], [ -45.115549525164269, -21.192784688362512 ], [ -45.115280030579029, -21.192784688362508 ], [ -45.115280030579029, -21.192515193777282 ] ] ] } },
{ "type": "Feature", "properties": { "id_feicao": "fogo_2025_94", "ano": 2025.0, "mes": 8, "codigo_original": 15, "classe": "Pastagem", "cor": "#edde8e", "area_ha": 0.083431108329555623 }, "geometry": { "type": "Polygon", "coordinates": [ [ [ -45.114471546823324, -21.192784688362512 ], [ -45.114471546823324, -21.192515193777268 ], [ -45.114202052238092, -21.192515193777282 ], [ -45.114202052238092, -21.192784688362508 ], [ -45.114471546823324, -21.192784688362512 ] ] ] } },
{ "type": "Feature", "properties": { "id_feicao": "fogo_2025_95", "ano": 2025.0, "mes": 8, "codigo_original": 15, "classe": "Pastagem", "cor": "#edde8e", "area_ha": 0.16686281980513695 }, "geometry": { "type": "Polygon", "coordinates": [ [ [ -45.129024254426071, -21.192515193777275 ], [ -45.129024254426071, -21.191976204606814 ], [ -45.128754759840824, -21.191976204606796 ], [ -45.128754759840824, -21.192515193777275 ], [ -45.129024254426071, -21.192515193777275 ] ] ] } },
{ "type": "Feature", "properties": { "id_feicao": "fogo_2025_96", "ano": 2025.0, "mes": 8, "codigo_original": 15, "classe": "Pastagem", "cor": "#edde8e", "area_ha": 0.083431709637635229 }, "geometry": { "type": "Polygon", "coordinates": [ [ [ -45.115819019749502, -21.191706710021577 ], [ -45.115819019749502, -21.191437215436341 ], [ -45.115549525164269, -21.191437215436341 ], [ -45.115549525164269, -21.191706710021574 ], [ -45.115819019749502, -21.191706710021577 ] ] ] } },
{ "type": "Feature", "properties": { "id_feicao": "fogo_2025_97", "ano": 2025.0, "mes": 8, "codigo_original": 15, "classe": "Pastagem", "cor": "#edde8e", "area_ha": 0.083431704121269282 }, "geometry": { "type": "Polygon", "coordinates": [ [ [ -45.114741041408557, -21.191437215436341 ], [ -45.114471546823324, -21.191437215436334 ], [ -45.114471546823324, -21.191706710021567 ], [ -45.114741041408557, -21.191706710021574 ], [ -45.114741041408557, -21.191437215436341 ] ] ] } },
{ "type": "Feature", "properties": { "id_feicao": "fogo_2025_98", "ano": 2025.0, "mes": 8, "codigo_original": 15, "classe": "Pastagem", "cor": "#edde8e", "area_ha": 0.16686356234811248 }, "geometry": { "type": "Polygon", "coordinates": [ [ [ -45.115280030579029, -21.191167720851098 ], [ -45.115010535993797, -21.191167720851098 ], [ -45.115010535993797, -21.19170671002157 ], [ -45.115280030579029, -21.191706710021567 ], [ -45.115280030579029, -21.191167720851098 ] ] ] } },
{ "type": "Feature", "properties": { "id_feicao": "fogo_2025_99", "ano": 2025.0, "mes": 8, "codigo_original": 15, "classe": "Pastagem", "cor": "#edde8e", "area_ha": 0.083432001322224641 }, "geometry": { "type": "Polygon", "coordinates": [ [ [ -45.114741041408557, -21.191167720851098 ], [ -45.114741041408557, -21.190898226265862 ], [ -45.114471546823324, -21.190898226265862 ], [ -45.114471546823324, -21.191167720851105 ], [ -45.114741041408557, -21.191167720851098 ] ] ] } },
{ "type": "Feature", "properties": { "id_feicao": "fogo_2025_100", "ano": 2025.0, "mes": 8, "codigo_original": 15, "classe": "Pastagem", "cor": "#edde8e", "area_ha": 0.083433702364098278 }, "geometry": { "type": "Polygon", "coordinates": [ [ [ -45.127137792329407, -21.187933785828271 ], [ -45.126868297744181, -21.187933785828267 ], [ -45.126868297744181, -21.188203280413507 ], [ -45.127137792329407, -21.188203280413507 ], [ -45.127137792329407, -21.187933785828271 ] ] ] } },
{ "type": "Feature", "properties": { "id_feicao": "fogo_2025_101", "ano": 2025.0, "mes": 8, "codigo_original": 15, "classe": "Pastagem", "cor": "#edde8e", "area_ha": 0.16686800973080099 }, "geometry": { "type": "Polygon", "coordinates": [ [ [ -45.128215770670352, -21.187394796657792 ], [ -45.127676781499879, -21.187394796657795 ], [ -45.127676781499879, -21.187664291243035 ], [ -45.128215770670352, -21.187664291243031 ], [ -45.128215770670352, -21.187394796657792 ] ] ] } },
{ "type": "Feature", "properties": { "id_feicao": "fogo_2025_102", "ano": 2025.0, "mes": 8, "codigo_original": 15, "classe": "Pastagem", "cor": "#edde8e", "area_ha": 0.16675660149797913 }, "geometry": { "type": "Polygon", "coordinates": [ [ [ -45.05006234095196, -21.287916276950778 ], [ -45.05006234095196, -21.287646782365535 ], [ -45.049523351781488, -21.287646782365538 ], [ -45.049523351781488, -21.287916276950781 ], [ -45.05006234095196, -21.287916276950778 ] ] ] } },
{ "type": "Feature", "properties": { "id_feicao": "fogo_2025_103", "ano": 2025.0, "mes": 8, "codigo_original": 15, "classe": "Pastagem", "cor": "#edde8e", "area_ha": 0.08338516000155359 }, "geometry": { "type": "Polygon", "coordinates": [ [ [ -45.047906384270071, -21.275250031444688 ], [ -45.047636889684831, -21.275250031444688 ], [ -45.047636889684831, -21.275519526029932 ], [ -45.047906384270071, -21.275519526029925 ], [ -45.047906384270071, -21.275250031444688 ] ] ] } },
{ "type": "Feature", "properties": { "id_feicao": "fogo_2025_104", "ano": 2025.0, "mes": 8, "codigo_original": 15, "classe": "Pastagem", "cor": "#edde8e", "area_ha": 0.083385776581987744 }, "geometry": { "type": "Polygon", "coordinates": [ [ [ -45.056530210997614, -21.27417205310374 ], [ -45.056260716412382, -21.27417205310374 ], [ -45.056260716412382, -21.274441547688987 ], [ -45.056530210997614, -21.274441547688983 ], [ -45.056530210997614, -21.27417205310374 ] ] ] } },
{ "type": "Feature", "properties": { "id_feicao": "fogo_2025_105", "ano": 2025.0, "mes": 8, "codigo_original": 15, "classe": "Pastagem", "cor": "#edde8e", "area_ha": 0.083391528519744462 }, "geometry": { "type": "Polygon", "coordinates": [ [ [ -45.017453496138415, -21.26393125886478 ], [ -45.017453496138415, -21.263661764279551 ], [ -45.017184001553183, -21.263661764279547 ], [ -45.017184001553183, -21.26393125886478 ], [ -45.017453496138415, -21.26393125886478 ] ] ] } },
{ "type": "Feature", "properties": { "id_feicao": "fogo_2025_106", "ano": 2025.0, "mes": 8, "codigo_original": 15, "classe": "Pastagem", "cor": "#edde8e", "area_ha": 3.6693169030273589 }, "geometry": { "type": "Polygon", "coordinates": [ [ [ -45.015297539456526, -21.259619345501001 ], [ -45.015028044871293, -21.259619345501015 ], [ -45.015028044871293, -21.259349850915768 ], [ -45.013411077359876, -21.259349850915772 ], [ -45.013411077359876, -21.259080356330539 ], [ -45.013141582774644, -21.259080356330536 ], [ -45.013141582774644, -21.260966818427189 ], [ -45.014758550286061, -21.260966818427192 ], [ -45.014758550286061, -21.260697323841949 ], [ -45.015028044871293, -21.26069732384196 ], [ -45.015028044871293, -21.260427829256713 ], [ -45.015297539456526, -21.260427829256709 ], [ -45.015297539456526, -21.259619345501001 ] ], [ [ -45.014758550286061, -21.260158334671484 ], [ -45.014758550286061, -21.260427829256724 ], [ -45.014489055700821, -21.260427829256709 ], [ -45.014489055700821, -21.260158334671477 ], [ -45.014758550286061, -21.260158334671484 ] ] ] } },
{ "type": "Feature", "properties": { "id_feicao": "fogo_2025_107", "ano": 2025.0, "mes": 8, "codigo_original": 15, "classe": "Pastagem", "cor": "#edde8e", "area_ha": 0.083394209400555253 }, "geometry": { "type": "Polygon", "coordinates": [ [ [ -45.013950066530349, -21.259080356330532 ], [ -45.013950066530349, -21.258810861745289 ], [ -45.013680571945116, -21.258810861745307 ], [ -45.013680571945116, -21.259080356330536 ], [ -45.013950066530349, -21.259080356330532 ] ] ] } },
{ "type": "Feature", "properties": { "id_feicao": "fogo_2025_108", "ano": 2025.0, "mes": 8, "codigo_original": 15, "classe": "Pastagem", "cor": "#edde8e", "area_ha": 0.25018441492132842 }, "geometry": { "type": "Polygon", "coordinates": [ [ [ -45.012872088189404, -21.257463388819119 ], [ -45.012602593604171, -21.257463388819126 ], [ -45.012602593604171, -21.258271872574827 ], [ -45.012872088189404, -21.258271872574824 ], [ -45.012872088189404, -21.257463388819119 ] ] ] } },
{ "type": "Feature", "properties": { "id_feicao": "fogo_2025_109", "ano": 2025.0, "mes": 8, "codigo_original": 15, "classe": "Pastagem", "cor": "#edde8e", "area_ha": 0.41698067046580833 }, "geometry": { "type": "Polygon", "coordinates": [ [ [ -45.018800969064593, -21.255307432137236 ], [ -45.01853147447936, -21.25530743213724 ], [ -45.01853147447936, -21.255846421307698 ], [ -45.019070463649832, -21.255846421307709 ], [ -45.019070463649832, -21.255037937552004 ], [ -45.018800969064593, -21.255037937552 ], [ -45.018800969064593, -21.255307432137236 ] ] ] } },
{ "type": "Feature", "properties": { "id_feicao": "fogo_2025_110", "ano": 2025.0, "mes": 8, "codigo_original": 15, "classe": "Pastagem", "cor": "#edde8e", "area_ha": 0.41703087265796596 }, "geometry": { "type": "Polygon", "coordinates": [ [ [ -45.01853147447936, -21.236712305755962 ], [ -45.01853147447936, -21.23752078951167 ], [ -45.01826197989412, -21.23752078951167 ], [ -45.01826197989412, -21.237790284096906 ], [ -45.018800969064593, -21.237790284096899 ], [ -45.018800969064593, -21.236712305755955 ], [ -45.01853147447936, -21.236712305755962 ] ] ] } },
{ "type": "Feature", "properties": { "id_feicao": "fogo_2025_111", "ano": 2025.0, "mes": 8, "codigo_original": 15, "classe": "Pastagem", "cor": "#edde8e", "area_ha": 0.16681330501139163 }, "geometry": { "type": "Polygon", "coordinates": [ [ [ -45.01853147447936, -21.236173316585493 ], [ -45.01826197989412, -21.236173316585486 ], [ -45.01826197989412, -21.236712305755962 ], [ -45.01853147447936, -21.236712305755962 ], [ -45.01853147447936, -21.236173316585493 ] ] ] } },
{ "type": "Feature", "properties": { "id_feicao": "fogo_2025_112", "ano": 2025.0, "mes": 8, "codigo_original": 15, "classe": "Pastagem", "cor": "#edde8e", "area_ha": 0.25023199936300516 }, "geometry": { "type": "Polygon", "coordinates": [ [ [ -45.013950066530349, -21.229166457369359 ], [ -45.013680571945116, -21.229166457369359 ], [ -45.013680571945116, -21.229435951954592 ], [ -45.014219561115588, -21.229435951954592 ], [ -45.014219561115588, -21.228896962784113 ], [ -45.013950066530349, -21.228896962784123 ], [ -45.013950066530349, -21.229166457369359 ] ] ] } },
{ "type": "Feature", "properties": { "id_feicao": "fogo_2025_113", "ano": 2025.0, "mes": 8, "codigo_original": 15, "classe": "Pastagem", "cor": "#edde8e", "area_ha": 0.1668214883463448 }, "geometry": { "type": "Polygon", "coordinates": [ [ [ -45.015297539456526, -21.229166457369359 ], [ -45.015297539456526, -21.228896962784116 ], [ -45.014758550286061, -21.22889696278412 ], [ -45.014758550286061, -21.229166457369356 ], [ -45.015297539456526, -21.229166457369359 ] ] ] } },
{ "type": "Feature", "properties": { "id_feicao": "fogo_2025_114", "ano": 2025.0, "mes": 8, "codigo_original": 15, "classe": "Pastagem", "cor": "#edde8e", "area_ha": 0.16682193437106907 }, "geometry": { "type": "Polygon", "coordinates": [ [ [ -45.014758550286061, -21.228357973613651 ], [ -45.014489055700821, -21.228357973613651 ], [ -45.014489055700821, -21.228896962784123 ], [ -45.014758550286061, -21.22889696278412 ], [ -45.014758550286061, -21.228357973613651 ] ] ] } },
{ "type": "Feature", "properties": { "id_feicao": "fogo_2025_115", "ano": 2025.0, "mes": 8, "codigo_original": 15, "classe": "Pastagem", "cor": "#edde8e", "area_ha": 0.16682327417070045 }, "geometry": { "type": "Polygon", "coordinates": [ [ [ -45.015028044871293, -21.227279995272706 ], [ -45.014489055700821, -21.227279995272706 ], [ -45.014489055700821, -21.227549489857946 ], [ -45.015028044871293, -21.22754948985795 ], [ -45.015028044871293, -21.227279995272706 ] ] ] } },
{ "type": "Feature", "properties": { "id_feicao": "fogo_2025_116", "ano": 2025.0, "mes": 8, "codigo_original": 15, "classe": "Pastagem", "cor": "#edde8e", "area_ha": 0.1668238738110622 }, "geometry": { "type": "Polygon", "coordinates": [ [ [ -45.017992485308888, -21.227010500687474 ], [ -45.017992485308888, -21.22674100610223 ], [ -45.017453496138415, -21.226741006102237 ], [ -45.017453496138415, -21.227010500687474 ], [ -45.017992485308888, -21.227010500687474 ] ] ] } },
{ "type": "Feature", "properties": { "id_feicao": "fogo_2025_117", "ano": 2025.0, "mes": 8, "codigo_original": 15, "classe": "Pastagem", "cor": "#edde8e", "area_ha": 0.16683353355081865 }, "geometry": { "type": "Polygon", "coordinates": [ [ [ -45.005056745217566, -21.21838667395992 ], [ -45.005056745217566, -21.217847684789454 ], [ -45.00478725063234, -21.217847684789451 ], [ -45.00478725063234, -21.218386673959927 ], [ -45.005056745217566, -21.21838667395992 ] ] ] } },
{ "type": "Feature", "properties": { "id_feicao": "fogo_2025_118", "ano": 2025.0, "mes": 8, "codigo_original": 15, "classe": "Pastagem", "cor": "#edde8e", "area_ha": 0.083416989892665425 }, "geometry": { "type": "Polygon", "coordinates": [ [ [ -45.00478725063234, -21.217847684789451 ], [ -45.00478725063234, -21.217578190204211 ], [ -45.004517756047093, -21.217578190204211 ], [ -45.004517756047093, -21.217847684789454 ], [ -45.00478725063234, -21.217847684789451 ] ] ] } },
{ "type": "Feature", "properties": { "id_feicao": "fogo_2025_119", "ano": 2025.0, "mes": 8, "codigo_original": 15, "classe": "Pastagem", "cor": "#edde8e", "area_ha": 0.16686055483222006 }, "geometry": { "type": "Polygon", "coordinates": [ [ [ -45.111776600970963, -21.19386266670346 ], [ -45.11150710638573, -21.193862666703456 ], [ -45.11150710638573, -21.194401655873925 ], [ -45.111776600970963, -21.194401655873932 ], [ -45.111776600970963, -21.19386266670346 ] ] ] } },
{ "type": "Feature", "properties": { "id_feicao": "fogo_2025_120", "ano": 2025.0, "mes": 8, "codigo_original": 15, "classe": "Pastagem", "cor": "#edde8e", "area_ha": 0.16686130193965509 }, "geometry": { "type": "Polygon", "coordinates": [ [ [ -45.112315590141435, -21.193323677532987 ], [ -45.111776600970963, -21.193323677532991 ], [ -45.111776600970963, -21.19359317211822 ], [ -45.112315590141435, -21.19359317211822 ], [ -45.112315590141435, -21.193323677532987 ] ] ] } },
{ "type": "Feature", "properties": { "id_feicao": "fogo_2025_121", "ano": 2025.0, "mes": 8, "codigo_original": 15, "classe": "Pastagem", "cor": "#edde8e", "area_ha": 0.083430797574694585 }, "geometry": { "type": "Polygon", "coordinates": [ [ [ -45.111776600970963, -21.193323677532991 ], [ -45.111776600970963, -21.193054182947748 ], [ -45.11150710638573, -21.193054182947748 ], [ -45.11150710638573, -21.193323677532987 ], [ -45.111776600970963, -21.193323677532991 ] ] ] } },
{ "type": "Feature", "properties": { "id_feicao": "fogo_2025_122", "ano": 2025.0, "mes": 8, "codigo_original": 15, "classe": "Pastagem", "cor": "#edde8e", "area_ha": 0.16686233286689967 }, "geometry": { "type": "Polygon", "coordinates": [ [ [ -45.111237611800497, -21.19224569919205 ], [ -45.110968117215258, -21.192245699192043 ], [ -45.110968117215258, -21.192784688362522 ], [ -45.111237611800497, -21.192784688362519 ], [ -45.111237611800497, -21.19224569919205 ] ] ] } },
{ "type": "Feature", "properties": { "id_feicao": "fogo_2025_123", "ano": 2025.0, "mes": 8, "codigo_original": 15, "classe": "Pastagem", "cor": "#edde8e", "area_ha": 0.083431243402883409 }, "geometry": { "type": "Polygon", "coordinates": [ [ [ -45.111776600970963, -21.192245699192043 ], [ -45.11150710638573, -21.192245699192039 ], [ -45.11150710638573, -21.192515193777268 ], [ -45.111776600970963, -21.192515193777275 ], [ -45.111776600970963, -21.192245699192043 ] ] ] } },
{ "type": "Feature", "properties": { "id_feicao": "fogo_2025_124", "ano": 2025.0, "mes": 8, "codigo_original": 15, "classe": "Pastagem", "cor": "#edde8e", "area_ha": 0.083431404175886834 }, "geometry": { "type": "Polygon", "coordinates": [ [ [ -45.114202052238092, -21.192245699192043 ], [ -45.114202052238092, -21.191976204606807 ], [ -45.113932557652852, -21.191976204606817 ], [ -45.113932557652852, -21.192245699192046 ], [ -45.114202052238092, -21.192245699192043 ] ] ] } },
{ "type": "Feature", "properties": { "id_feicao": "fogo_2025_125", "ano": 2025.0, "mes": 8, "codigo_original": 15, "classe": "Pastagem", "cor": "#edde8e", "area_ha": 0.25029419216420501 }, "geometry": { "type": "Polygon", "coordinates": [ [ [ -45.113124073897147, -21.191976204606807 ], [ -45.112315590141435, -21.191976204606799 ], [ -45.112315590141435, -21.192245699192043 ], [ -45.113124073897147, -21.19224569919205 ], [ -45.113124073897147, -21.191976204606807 ] ] ] } },
{ "type": "Feature", "properties": { "id_feicao": "fogo_2025_126", "ano": 2025.0, "mes": 8, "codigo_original": 15, "classe": "Pastagem", "cor": "#edde8e", "area_ha": 0.08343139067236334 }, "geometry": { "type": "Polygon", "coordinates": [ [ [ -45.11150710638573, -21.191976204606807 ], [ -45.111237611800497, -21.191976204606803 ], [ -45.111237611800497, -21.19224569919205 ], [ -45.11150710638573, -21.192245699192039 ], [ -45.11150710638573, -21.191976204606807 ] ] ] } },
{ "type": "Feature", "properties": { "id_feicao": "fogo_2025_127", "ano": 2025.0, "mes": 8, "codigo_original": 15, "classe": "Pastagem", "cor": "#edde8e", "area_ha": 0.58402099205148483 }, "geometry": { "type": "Polygon", "coordinates": [ [ [ -45.11150710638573, -21.191437215436331 ], [ -45.11150710638573, -21.191976204606807 ], [ -45.112315590141435, -21.191976204606799 ], [ -45.112315590141435, -21.191706710021574 ], [ -45.112585084726675, -21.191706710021567 ], [ -45.112585084726675, -21.191437215436341 ], [ -45.11150710638573, -21.191437215436331 ] ] ] } },
{ "type": "Feature", "properties": { "id_feicao": "fogo_2025_128", "ano": 2025.0, "mes": 8, "codigo_original": 15, "classe": "Pastagem", "cor": "#edde8e", "area_ha": 0.25029509190327753 }, "geometry": { "type": "Polygon", "coordinates": [ [ [ -45.113663063067619, -21.19170671002157 ], [ -45.113663063067619, -21.191437215436341 ], [ -45.112854579311907, -21.191437215436341 ], [ -45.112854579311907, -21.191706710021574 ], [ -45.113663063067619, -21.19170671002157 ] ] ] } },
{ "type": "Feature", "properties": { "id_feicao": "fogo_2025_129", "ano": 2025.0, "mes": 8, "codigo_original": 15, "classe": "Pastagem", "cor": "#edde8e", "area_ha": 0.08343422191747614 }, "geometry": { "type": "Polygon", "coordinates": [ [ [ -45.113124073897147, -21.187125302072563 ], [ -45.113124073897147, -21.186855807487319 ], [ -45.112854579311907, -21.186855807487326 ], [ -45.112854579311907, -21.187125302072552 ], [ -45.113124073897147, -21.187125302072563 ] ] ] } },
{ "type": "Feature", "properties": { "id_feicao": "fogo_2025_130", "ano": 2025.0, "mes": 8, "codigo_original": 15, "classe": "Pastagem", "cor": "#edde8e", "area_ha": 2.8370781903335276 }, "geometry": { "type": "Polygon", "coordinates": [ [ [ -45.037396095445871, -21.169338659447 ], [ -45.037396095445871, -21.169877648617469 ], [ -45.037935084616343, -21.169877648617465 ], [ -45.037935084616343, -21.17095562695841 ], [ -45.038204579201576, -21.170955626958413 ], [ -45.038204579201576, -21.170416637787937 ], [ -45.038474073786816, -21.170416637787941 ], [ -45.038474073786816, -21.170686132373177 ], [ -45.038743568372048, -21.170686132373181 ], [ -45.038743568372048, -21.170955626958413 ], [ -45.039013062957281, -21.170955626958417 ], [ -45.039013062957281, -21.168799670276528 ], [ -45.038204579201576, -21.168799670276528 ], [ -45.038204579201576, -21.16906916486176 ], [ -45.037935084616343, -21.16906916486176 ], [ -45.037935084616343, -21.168799670276524 ], [ -45.037396095445871, -21.16879967027652 ], [ -45.037396095445871, -21.169069164861757 ], [ -45.037665590031104, -21.169069164861757 ], [ -45.037665590031104, -21.169338659446993 ], [ -45.037396095445871, -21.169338659447 ] ], [ [ -45.038474073786816, -21.169877648617465 ], [ -45.038204579201576, -21.169877648617469 ], [ -45.038204579201576, -21.169608154032225 ], [ -45.038474073786816, -21.169608154032229 ], [ -45.038474073786816, -21.169877648617465 ] ] ] } },
{ "type": "Feature", "properties": { "id_feicao": "fogo_2025_131", "ano": 2025.0, "mes": 8, "codigo_original": 15, "classe": "Pastagem", "cor": "#edde8e", "area_ha": 0.083387647616956384 }, "geometry": { "type": "Polygon", "coordinates": [ [ [ -44.989156564688649, -21.270668623495681 ], [ -44.988887070103416, -21.270668623495673 ], [ -44.988887070103416, -21.27093811808091 ], [ -44.989156564688649, -21.270938118080913 ], [ -44.989156564688649, -21.270668623495681 ] ] ] } },
{ "type": "Feature", "properties": { "id_feicao": "fogo_2025_132", "ano": 2025.0, "mes": 8, "codigo_original": 15, "classe": "Pastagem", "cor": "#edde8e", "area_ha": 2.2514731991315164 }, "geometry": { "type": "Polygon", "coordinates": [ [ [ -44.988887070103416, -21.270668623495673 ], [ -44.988887070103416, -21.270399128910451 ], [ -44.989156564688649, -21.270399128910444 ], [ -44.989156564688649, -21.269860139739972 ], [ -44.988887070103416, -21.269860139739961 ], [ -44.988887070103416, -21.269590645154732 ], [ -44.987539597177239, -21.269590645154736 ], [ -44.987539597177239, -21.271207612666156 ], [ -44.988078586347704, -21.271207612666149 ], [ -44.988078586347704, -21.27093811808092 ], [ -44.988348080932944, -21.270938118080913 ], [ -44.988348080932944, -21.270668623495681 ], [ -44.988887070103416, -21.270668623495673 ] ] ] } },
{ "type": "Feature", "properties": { "id_feicao": "fogo_2025_133", "ano": 2025.0, "mes": 8, "codigo_original": 15, "classe": "Pastagem", "cor": "#edde8e", "area_ha": 0.071538334031589323 }, "geometry": { "type": "Polygon", "coordinates": [ [ [ -44.961129127824123, -21.236173316585493 ], [ -44.960859633238883, -21.236173316585493 ], [ -44.960859633238989, -21.23627847598528 ], [ -44.960985407442479, -21.236442811224297 ], [ -44.961129127824123, -21.236442811170722 ], [ -44.961129127824123, -21.236173316585493 ] ] ] } },
{ "type": "Feature", "properties": { "id_feicao": "fogo_2025_134", "ano": 2025.0, "mes": 8, "codigo_original": 15, "classe": "Pastagem", "cor": "#edde8e", "area_ha": 1.4179219200220889 }, "geometry": { "type": "Polygon", "coordinates": [ [ [ -44.962207106165067, -21.236442811170726 ], [ -44.96274609533554, -21.236442811170718 ], [ -44.96274609533554, -21.235634327415017 ], [ -44.9624766007503, -21.235634327415017 ], [ -44.9624766007503, -21.235364832829781 ], [ -44.962207106165067, -21.235364832829774 ], [ -44.962207106165067, -21.235095338244541 ], [ -44.961937611579827, -21.235095338244548 ], [ -44.961937611579827, -21.234556349074079 ], [ -44.961398622409355, -21.234556349074083 ], [ -44.961398622409355, -21.235095338244545 ], [ -44.961668116994595, -21.235095338244545 ], [ -44.961668116994595, -21.235634327415013 ], [ -44.961937611579827, -21.235634327415013 ], [ -44.961937611579827, -21.236173316585482 ], [ -44.962207106165067, -21.236173316585489 ], [ -44.962207106165067, -21.236442811170726 ] ] ] } },
{ "type": "Feature", "properties": { "id_feicao": "fogo_2025_135", "ano": 2025.0, "mes": 8, "codigo_original": 15, "classe": "Pastagem", "cor": "#edde8e", "area_ha": 2.4190187155777463 }, "geometry": { "type": "Polygon", "coordinates": [ [ [ -44.988078586347704, -21.222968081908927 ], [ -44.988078586347704, -21.223237576494167 ], [ -44.989156564688649, -21.223237576494167 ], [ -44.989156564688649, -21.221890103568001 ], [ -44.988617575518177, -21.221890103567983 ], [ -44.988617575518177, -21.221351114397525 ], [ -44.987809091762472, -21.22135111439751 ], [ -44.987809091762472, -21.222159598153219 ], [ -44.988078586347704, -21.222159598153223 ], [ -44.988078586347704, -21.222429092738455 ], [ -44.987809091762472, -21.222429092738462 ], [ -44.987809091762472, -21.222968081908927 ], [ -44.988078586347704, -21.222968081908927 ] ] ] } },
{ "type": "Feature", "properties": { "id_feicao": "fogo_2025_136", "ano": 2025.0, "mes": 8, "codigo_original": 15, "classe": "Pastagem", "cor": "#edde8e", "area_ha": 0.16683368206014856 }, "geometry": { "type": "Polygon", "coordinates": [ [ [ -45.004517756047093, -21.217847684789454 ], [ -45.003978766876621, -21.217847684789444 ], [ -45.003978766876621, -21.218117179374683 ], [ -45.004517756047093, -21.218117179374687 ], [ -45.004517756047093, -21.217847684789454 ] ] ] } },
{ "type": "Feature", "properties": { "id_feicao": "fogo_2025_137", "ano": 2025.0, "mes": 8, "codigo_original": 15, "classe": "Pastagem", "cor": "#edde8e", "area_ha": 0.50050649177078155 }, "geometry": { "type": "Polygon", "coordinates": [ [ [ -44.989156564688649, -21.21650021186327 ], [ -44.989426059273889, -21.216500211863266 ], [ -44.989426059273889, -21.216230717278027 ], [ -44.990504037614834, -21.21623071727803 ], [ -44.990504037614834, -21.215961222692801 ], [ -44.989156564688649, -21.215961222692808 ], [ -44.989156564688649, -21.21650021186327 ] ] ] } },
{ "type": "Feature", "properties": { "id_feicao": "fogo_2025_138", "ano": 2025.0, "mes": 8, "codigo_original": 15, "classe": "Pastagem", "cor": "#edde8e", "area_ha": 0.16683636020740761 }, "geometry": { "type": "Polygon", "coordinates": [ [ [ -44.995354940149078, -21.215691728107565 ], [ -44.995354940149078, -21.215422233522336 ], [ -44.994815950978605, -21.215422233522332 ], [ -44.994815950978605, -21.215691728107561 ], [ -44.995354940149078, -21.215691728107565 ] ] ] } },
{ "type": "Feature", "properties": { "id_feicao": "fogo_2025_139", "ano": 2025.0, "mes": 8, "codigo_original": 15, "classe": "Pastagem", "cor": "#edde8e", "area_ha": 0.083418626542190538 }, "geometry": { "type": "Polygon", "coordinates": [ [ [ -44.994546456393365, -21.21488324435186 ], [ -44.994546456393365, -21.214613749766624 ], [ -44.994276961808133, -21.214613749766617 ], [ -44.994276961808133, -21.214883244351856 ], [ -44.994546456393365, -21.21488324435186 ] ] ] } },
{ "type": "Feature", "properties": { "id_feicao": "fogo_2025_140", "ano": 2025.0, "mes": 8, "codigo_original": 15, "classe": "Pastagem", "cor": "#edde8e", "area_ha": 5.0051128044792703 }, "geometry": { "type": "Polygon", "coordinates": [ [ [ -44.986731113421527, -21.214074760596151 ], [ -44.986731113421527, -21.214613749766613 ], [ -44.986461618836294, -21.214613749766624 ], [ -44.986461618836294, -21.214344255181381 ], [ -44.985922629665822, -21.214344255181384 ], [ -44.985922629665822, -21.21461374976662 ], [ -44.985653135080582, -21.214613749766613 ], [ -44.985653135080582, -21.215152738937089 ], [ -44.986192124251055, -21.215152738937089 ], [ -44.986192124251055, -21.215961222692798 ], [ -44.986461618836294, -21.215961222692798 ], [ -44.986461618836294, -21.21623071727803 ], [ -44.986731113421527, -21.216230717278027 ], [ -44.986731113421527, -21.21650021186327 ], [ -44.987000608006767, -21.216500211863281 ], [ -44.987000608006767, -21.216230717278034 ], [ -44.987270102591999, -21.216230717278041 ], [ -44.987270102591999, -21.215961222692798 ], [ -44.988348080932944, -21.215961222692794 ], [ -44.988348080932944, -21.215691728107561 ], [ -44.988078586347704, -21.215691728107565 ], [ -44.988078586347704, -21.215152738937089 ], [ -44.987809091762472, -21.215152738937093 ], [ -44.987809091762472, -21.214344255181381 ], [ -44.987539597177239, -21.214344255181384 ], [ -44.987539597177239, -21.212996782255207 ], [ -44.987270102591999, -21.212996782255203 ], [ -44.987270102591999, -21.212727287669967 ], [ -44.986731113421527, -21.212727287669971 ], [ -44.986731113421527, -21.212996782255203 ], [ -44.987000608006767, -21.212996782255207 ], [ -44.987000608006767, -21.213805266010905 ], [ -44.987270102591999, -21.213805266010908 ], [ -44.987270102591999, -21.214074760596144 ], [ -44.986731113421527, -21.214074760596151 ] ] ] } },
{ "type": "Feature", "properties": { "id_feicao": "fogo_2025_141", "ano": 2025.0, "mes": 8, "codigo_original": 15, "classe": "Pastagem", "cor": "#edde8e", "area_ha": 0.41709363273251804 }, "geometry": { "type": "Polygon", "coordinates": [ [ [ -44.992121005126243, -21.214883244351856 ], [ -44.992929488881956, -21.214883244351853 ], [ -44.992929488881956, -21.21461374976662 ], [ -44.992659994296716, -21.214613749766613 ], [ -44.992659994296716, -21.214344255181381 ], [ -44.992121005126243, -21.214344255181384 ], [ -44.992121005126243, -21.214883244351856 ] ] ] } },
{ "type": "Feature", "properties": { "id_feicao": "fogo_2025_142", "ano": 2025.0, "mes": 8, "codigo_original": 15, "classe": "Pastagem", "cor": "#edde8e", "area_ha": 0.50051283092135568 }, "geometry": { "type": "Polygon", "coordinates": [ [ [ -44.984036167569172, -21.214074760596148 ], [ -44.9834971783987, -21.214074760596141 ], [ -44.9834971783987, -21.21461374976662 ], [ -44.984036167569172, -21.21461374976661 ], [ -44.984036167569172, -21.214883244351849 ], [ -44.984305662154405, -21.21488324435186 ], [ -44.984305662154405, -21.214344255181391 ], [ -44.984036167569172, -21.214344255181377 ], [ -44.984036167569172, -21.214074760596148 ] ] ] } },
{ "type": "Feature", "properties": { "id_feicao": "fogo_2025_143", "ano": 2025.0, "mes": 8, "codigo_original": 15, "classe": "Pastagem", "cor": "#edde8e", "area_ha": 2.5859849397550336 }, "geometry": { "type": "Polygon", "coordinates": [ [ [ -44.990234543029594, -21.214074760596144 ], [ -44.989965048444361, -21.214074760596155 ], [ -44.989965048444361, -21.213805266010908 ], [ -44.989695553859121, -21.213805266010912 ], [ -44.989695553859121, -21.213535771425676 ], [ -44.989426059273889, -21.213535771425676 ], [ -44.989426059273889, -21.213266276840443 ], [ -44.989156564688649, -21.213266276840439 ], [ -44.989156564688649, -21.214344255181384 ], [ -44.989426059273889, -21.214344255181381 ], [ -44.989426059273889, -21.214613749766617 ], [ -44.990234543029594, -21.214613749766613 ], [ -44.990234543029594, -21.214883244351864 ], [ -44.989965048444361, -21.214883244351856 ], [ -44.989965048444361, -21.215422233522325 ], [ -44.990234543029594, -21.215422233522332 ], [ -44.990234543029594, -21.215691728107561 ], [ -44.990504037614834, -21.215691728107561 ], [ -44.990504037614834, -21.214883244351856 ], [ -44.991043026785299, -21.214883244351853 ], [ -44.991043026785299, -21.21461374976662 ], [ -44.991312521370538, -21.21461374976662 ], [ -44.991312521370538, -21.214074760596148 ], [ -44.991043026785299, -21.214074760596141 ], [ -44.991043026785299, -21.213535771425676 ], [ -44.990773532200066, -21.213535771425683 ], [ -44.990773532200066, -21.213266276840443 ], [ -44.990504037614834, -21.213266276840443 ], [ -44.990504037614834, -21.213805266010912 ], [ -44.990773532200066, -21.213805266010908 ], [ -44.990773532200066, -21.214074760596144 ], [ -44.990504037614834, -21.214074760596155 ], [ -44.990504037614834, -21.214344255181388 ], [ -44.990234543029594, -21.214344255181391 ], [ -44.990234543029594, -21.214074760596144 ] ], [ [ -44.989426059273889, -21.214074760596141 ], [ -44.989695553859121, -21.214074760596144 ], [ -44.989695553859121, -21.214344255181388 ], [ -44.989426059273889, -21.214344255181381 ], [ -44.989426059273889, -21.214074760596141 ] ] ] } },
{ "type": "Feature", "properties": { "id_feicao": "fogo_2025_144", "ano": 2025.0, "mes": 8, "codigo_original": 15, "classe": "Pastagem", "cor": "#edde8e", "area_ha": 0.083418928369600326 }, "geometry": { "type": "Polygon", "coordinates": [ [ [ -44.98511414591011, -21.214074760596134 ], [ -44.984844651324877, -21.214074760596137 ], [ -44.984844651324877, -21.214344255181377 ], [ -44.98511414591011, -21.214344255181384 ], [ -44.98511414591011, -21.214074760596134 ] ] ] } },
{ "type": "Feature", "properties": { "id_feicao": "fogo_2025_145", "ano": 2025.0, "mes": 8, "codigo_original": 15, "classe": "Pastagem", "cor": "#edde8e", "area_ha": 0.083418926587235182 }, "geometry": { "type": "Polygon", "coordinates": [ [ [ -44.988078586347704, -21.214074760596148 ], [ -44.987809091762472, -21.214074760596144 ], [ -44.987809091762472, -21.214344255181381 ], [ -44.988078586347704, -21.214344255181377 ], [ -44.988078586347704, -21.214074760596148 ] ] ] } },
{ "type": "Feature", "properties": { "id_feicao": "fogo_2025_146", "ano": 2025.0, "mes": 8, "codigo_original": 15, "classe": "Pastagem", "cor": "#edde8e", "area_ha": 0.083418924193366106 }, "geometry": { "type": "Polygon", "coordinates": [ [ [ -44.994007467222893, -21.214344255181391 ], [ -44.994007467222893, -21.214074760596144 ], [ -44.993737972637661, -21.214074760596148 ], [ -44.993737972637661, -21.214344255181388 ], [ -44.994007467222893, -21.214344255181391 ] ] ] } },
{ "type": "Feature", "properties": { "id_feicao": "fogo_2025_147", "ano": 2025.0, "mes": 8, "codigo_original": 15, "classe": "Pastagem", "cor": "#edde8e", "area_ha": 0.16683800444677471 }, "geometry": { "type": "Polygon", "coordinates": [ [ [ -44.985922629665822, -21.213805266010901 ], [ -44.985653135080582, -21.213805266010915 ], [ -44.985653135080582, -21.214344255181388 ], [ -44.985922629665822, -21.214344255181384 ], [ -44.985922629665822, -21.213805266010901 ] ] ] } },
{ "type": "Feature", "properties": { "id_feicao": "fogo_2025_148", "ano": 2025.0, "mes": 8, "codigo_original": 15, "classe": "Pastagem", "cor": "#edde8e", "area_ha": 0.083419076101295647 }, "geometry": { "type": "Polygon", "coordinates": [ [ [ -44.986731113421527, -21.213805266010915 ], [ -44.986461618836294, -21.213805266010912 ], [ -44.986461618836294, -21.214074760596155 ], [ -44.986731113421527, -21.214074760596151 ], [ -44.986731113421527, -21.213805266010915 ] ] ] } },
{ "type": "Feature", "properties": { "id_feicao": "fogo_2025_149", "ano": 2025.0, "mes": 8, "codigo_original": 15, "classe": "Pastagem", "cor": "#edde8e", "area_ha": 0.08341907417293494 }, "geometry": { "type": "Polygon", "coordinates": [ [ [ -44.990504037614834, -21.214074760596155 ], [ -44.990504037614834, -21.213805266010912 ], [ -44.990234543029594, -21.213805266010901 ], [ -44.990234543029594, -21.214074760596144 ], [ -44.990504037614834, -21.214074760596155 ] ] ] } },
{ "type": "Feature", "properties": { "id_feicao": "fogo_2025_150", "ano": 2025.0, "mes": 8, "codigo_original": 15, "classe": "Pastagem", "cor": "#edde8e", "area_ha": 1.5849639341592463 }, "geometry": { "type": "Polygon", "coordinates": [ [ [ -44.991582015955771, -21.213805266010915 ], [ -44.991582015955771, -21.214344255181384 ], [ -44.992121005126243, -21.214344255181384 ], [ -44.992121005126243, -21.214074760596141 ], [ -44.992929488881956, -21.214074760596151 ], [ -44.992929488881956, -21.214344255181391 ], [ -44.993468478052428, -21.214344255181384 ], [ -44.993468478052428, -21.214074760596151 ], [ -44.993198983467188, -21.214074760596144 ], [ -44.993198983467188, -21.213805266010912 ], [ -44.992659994296716, -21.213805266010912 ], [ -44.992659994296716, -21.213266276840439 ], [ -44.992121005126243, -21.213266276840439 ], [ -44.992121005126243, -21.213535771425679 ], [ -44.991851510541011, -21.213535771425676 ], [ -44.991851510541011, -21.213266276840436 ], [ -44.991312521370538, -21.213266276840443 ], [ -44.991312521370538, -21.213805266010908 ], [ -44.991582015955771, -21.213805266010915 ] ] ] } },
{ "type": "Feature", "properties": { "id_feicao": "fogo_2025_151", "ano": 2025.0, "mes": 8, "codigo_original": 15, "classe": "Pastagem", "cor": "#edde8e", "area_ha": 0.33367690386015092 }, "geometry": { "type": "Polygon", "coordinates": [ [ [ -44.98538364049535, -21.213805266010908 ], [ -44.98538364049535, -21.213535771425679 ], [ -44.984305662154405, -21.213535771425683 ], [ -44.984305662154405, -21.213805266010908 ], [ -44.98538364049535, -21.213805266010908 ] ] ] } },
{ "type": "Feature", "properties": { "id_feicao": "fogo_2025_152", "ano": 2025.0, "mes": 8, "codigo_original": 15, "classe": "Pastagem", "cor": "#edde8e", "area_ha": 0.1668393367822282 }, "geometry": { "type": "Polygon", "coordinates": [ [ [ -44.992659994296716, -21.212727287669967 ], [ -44.992121005126243, -21.212727287669964 ], [ -44.992121005126243, -21.212996782255196 ], [ -44.992659994296716, -21.21299678225521 ], [ -44.992659994296716, -21.212727287669967 ] ] ] } },
{ "type": "Feature", "properties": { "id_feicao": "fogo_2025_153", "ano": 2025.0, "mes": 8, "codigo_original": 15, "classe": "Pastagem", "cor": "#edde8e", "area_ha": 0.083419967263843861 }, "geometry": { "type": "Polygon", "coordinates": [ [ [ -44.989156564688649, -21.212188298499502 ], [ -44.988887070103416, -21.212188298499498 ], [ -44.988887070103416, -21.212457793084727 ], [ -44.989156564688649, -21.212457793084734 ], [ -44.989156564688649, -21.212188298499502 ] ] ] } },
{ "type": "Feature", "properties": { "id_feicao": "fogo_2025_154", "ano": 2025.0, "mes": 8, "codigo_original": 15, "classe": "Pastagem", "cor": "#edde8e", "area_ha": 0.5005203363040881 }, "geometry": { "type": "Polygon", "coordinates": [ [ [ -44.987809091762472, -21.212727287669964 ], [ -44.987809091762472, -21.211918803914262 ], [ -44.988078586347704, -21.211918803914266 ], [ -44.988078586347704, -21.211649309329022 ], [ -44.987539597177239, -21.211649309329015 ], [ -44.987539597177239, -21.212188298499498 ], [ -44.987270102591999, -21.212188298499491 ], [ -44.987270102591999, -21.212457793084734 ], [ -44.987539597177239, -21.212457793084734 ], [ -44.987539597177239, -21.212727287669967 ], [ -44.987809091762472, -21.212727287669964 ] ] ] } },
{ "type": "Feature", "properties": { "id_feicao": "fogo_2025_155", "ano": 2025.0, "mes": 8, "codigo_original": 15, "classe": "Pastagem", "cor": "#edde8e", "area_ha": 0.16684023113334551 }, "geometry": { "type": "Polygon", "coordinates": [ [ [ -44.990234543029594, -21.211918803914262 ], [ -44.989695553859121, -21.211918803914262 ], [ -44.989695553859121, -21.212188298499495 ], [ -44.990234543029594, -21.212188298499502 ], [ -44.990234543029594, -21.211918803914262 ] ] ] } },
{ "type": "Feature", "properties": { "id_feicao": "fogo_2025_156", "ano": 2025.0, "mes": 8, "codigo_original": 15, "classe": "Pastagem", "cor": "#edde8e", "area_ha": 2.3357665945097805 }, "geometry": { "type": "Polygon", "coordinates": [ [ [ -44.999666853512849, -21.212727287669971 ], [ -44.999936348098089, -21.212727287669964 ], [ -44.999936348098089, -21.212457793084734 ], [ -45.001014326439034, -21.212457793084727 ], [ -45.001014326439034, -21.212188298499488 ], [ -45.001553315609506, -21.212188298499495 ], [ -45.001553315609506, -21.211649309329022 ], [ -45.001283821024266, -21.211649309329026 ], [ -45.001283821024266, -21.211110320158554 ], [ -45.000205842683322, -21.211110320158554 ], [ -45.000205842683322, -21.211379814743786 ], [ -44.999666853512849, -21.211379814743786 ], [ -44.999666853512849, -21.211649309329026 ], [ -44.999936348098089, -21.211649309329022 ], [ -44.999936348098089, -21.212188298499491 ], [ -44.999666853512849, -21.212188298499498 ], [ -44.999666853512849, -21.212727287669971 ] ] ] } },
{ "type": "Feature", "properties": { "id_feicao": "fogo_2025_157", "ano": 2025.0, "mes": 8, "codigo_original": 15, "classe": "Pastagem", "cor": "#edde8e", "area_ha": 0.083420264746008152 }, "geometry": { "type": "Polygon", "coordinates": [ [ [ -44.989156564688649, -21.211918803914255 ], [ -44.989156564688649, -21.211649309329026 ], [ -44.988887070103416, -21.211649309329015 ], [ -44.988887070103416, -21.211918803914266 ], [ -44.989156564688649, -21.211918803914255 ] ] ] } },
{ "type": "Feature", "properties": { "id_feicao": "fogo_2025_158", "ano": 2025.0, "mes": 8, "codigo_original": 15, "classe": "Pastagem", "cor": "#edde8e", "area_ha": 0.083420263903867448 }, "geometry": { "type": "Polygon", "coordinates": [ [ [ -44.991043026785299, -21.211649309329015 ], [ -44.990773532200066, -21.211649309329019 ], [ -44.990773532200066, -21.211918803914269 ], [ -44.991043026785299, -21.211918803914255 ], [ -44.991043026785299, -21.211649309329015 ] ] ] } },
{ "type": "Feature", "properties": { "id_feicao": "fogo_2025_159", "ano": 2025.0, "mes": 8, "codigo_original": 15, "classe": "Pastagem", "cor": "#edde8e", "area_ha": 1.4181656187430025 }, "geometry": { "type": "Polygon", "coordinates": [ [ [ -44.99751089683096, -21.21003234181762 ], [ -44.998049886001432, -21.210032341817609 ], [ -44.998049886001432, -21.209762847232373 ], [ -44.998858369757144, -21.20976284723238 ], [ -44.998858369757144, -21.208954363476675 ], [ -44.99751089683096, -21.208954363476671 ], [ -44.99751089683096, -21.21003234181762 ] ] ] } },
{ "type": "Feature", "properties": { "id_feicao": "fogo_2025_160", "ano": 2025.0, "mes": 8, "codigo_original": 21, "classe": "Mosaico de Usos", "cor": "#ffefc3", "area_ha": 7.5853752987209493 }, "geometry": { "type": "Polygon", "coordinates": [ [ [ -45.153548261682523, -21.328340464736147 ], [ -45.153548261682523, -21.328070970150918 ], [ -45.152200788756346, -21.328070970150918 ], [ -45.152200788756346, -21.328340464736154 ], [ -45.151931294171106, -21.328340464736154 ], [ -45.151931294171106, -21.328609959321387 ], [ -45.150853315830162, -21.328609959321383 ], [ -45.150853315830162, -21.329687937662332 ], [ -45.151122810415401, -21.329687937662335 ], [ -45.151122810415401, -21.329957432247568 ], [ -45.151392305000634, -21.329957432247568 ], [ -45.151392305000634, -21.330226926832804 ], [ -45.152200788756346, -21.330226926832804 ], [ -45.152200788756346, -21.330496421418037 ], [ -45.153548261682523, -21.33049642141804 ], [ -45.153548261682523, -21.330226926832804 ], [ -45.153817756267756, -21.3302269268328 ], [ -45.153817756267756, -21.329687937662335 ], [ -45.154087250852996, -21.329687937662332 ], [ -45.154087250852996, -21.329418443077088 ], [ -45.154356745438228, -21.329418443077085 ], [ -45.154356745438228, -21.328879453906623 ], [ -45.154626240023468, -21.32887945390662 ], [ -45.154626240023468, -21.328609959321387 ], [ -45.154356745438228, -21.328609959321387 ], [ -45.154356745438228, -21.328070970150918 ], [ -45.154087250852996, -21.328070970150918 ], [ -45.154087250852996, -21.328340464736147 ], [ -45.153548261682523, -21.328340464736147 ] ] ] } },
{ "type": "Feature", "properties": { "id_feicao": "fogo_2025_161", "ano": 2025.0, "mes": 8, "codigo_original": 21, "classe": "Mosaico de Usos", "cor": "#ffefc3", "area_ha": 0.083368366232886904 }, "geometry": { "type": "Polygon", "coordinates": [ [ [ -45.160824615483889, -21.306511403332042 ], [ -45.160555120898657, -21.306511403332042 ], [ -45.160555120898657, -21.306780897917282 ], [ -45.160824615483889, -21.306780897917289 ], [ -45.160824615483889, -21.306511403332042 ] ] ] } },
{ "type": "Feature", "properties": { "id_feicao": "fogo_2025_162", "ano": 2025.0, "mes": 8, "codigo_original": 21, "classe": "Mosaico de Usos", "cor": "#ffefc3", "area_ha": 0.083406132002361119 }, "geometry": { "type": "Polygon", "coordinates": [ [ [ -45.019339958235065, -21.237251294926434 ], [ -45.019070463649832, -21.237251294926427 ], [ -45.019070463649832, -21.237520789511674 ], [ -45.019339958235065, -21.237520789511667 ], [ -45.019339958235065, -21.237251294926434 ] ] ] } },
{ "type": "Feature", "properties": { "id_feicao": "fogo_2025_163", "ano": 2025.0, "mes": 8, "codigo_original": 21, "classe": "Mosaico de Usos", "cor": "#ffefc3", "area_ha": 0.083417586561478671 }, "geometry": { "type": "Polygon", "coordinates": [ [ [ -44.990504037614834, -21.216500211863274 ], [ -44.990234543029594, -21.21650021186327 ], [ -44.990234543029594, -21.21676970644851 ], [ -44.990504037614834, -21.216769706448499 ], [ -44.990504037614834, -21.216500211863274 ] ] ] } },
{ "type": "Feature", "properties": { "id_feicao": "fogo_2025_164", "ano": 2025.0, "mes": 8, "codigo_original": 21, "classe": "Mosaico de Usos", "cor": "#ffefc3", "area_ha": 0.083417735451087355 }, "geometry": { "type": "Polygon", "coordinates": [ [ [ -44.990234543029594, -21.216230717278034 ], [ -44.989965048444361, -21.216230717278034 ], [ -44.989965048444361, -21.216500211863277 ], [ -44.990234543029594, -21.21650021186327 ], [ -44.990234543029594, -21.216230717278034 ] ] ] } },
{ "type": "Feature", "properties": { "id_feicao": "fogo_2025_165", "ano": 2025.0, "mes": 8, "codigo_original": 21, "classe": "Mosaico de Usos", "cor": "#ffefc3", "area_ha": 0.083431269391439855 }, "geometry": { "type": "Polygon", "coordinates": [ [ [ -45.116896998090446, -21.192245699192043 ], [ -45.116627503505214, -21.192245699192046 ], [ -45.116627503505214, -21.192515193777282 ], [ -45.116896998090446, -21.192515193777275 ], [ -45.116896998090446, -21.192245699192043 ] ] ] } },
{ "type": "Feature", "properties": { "id_feicao": "fogo_2025_166", "ano": 2025.0, "mes": 8, "codigo_original": 21, "classe": "Mosaico de Usos", "cor": "#ffefc3", "area_ha": 0.16686370408069343 }, "geometry": { "type": "Polygon", "coordinates": [ [ [ -45.114741041408557, -21.191167720851098 ], [ -45.114202052238092, -21.191167720851098 ], [ -45.114202052238092, -21.191437215436338 ], [ -45.114741041408557, -21.191437215436341 ], [ -45.114741041408557, -21.191167720851098 ] ] ] } },
{ "type": "Feature", "properties": { "id_feicao": "fogo_2025_167", "ano": 2025.0, "mes": 8, "codigo_original": 41, "classe": "Outras Lavouras Temporárias", "cor": "#f54ca9", "area_ha": 1.0835204199757427 }, "geometry": { "type": "Polygon", "coordinates": [ [ [ -45.045211438417709, -21.342893172338886 ], [ -45.045480933002942, -21.342893172338886 ], [ -45.045480933002942, -21.342354183168421 ], [ -45.044402954662004, -21.342354183168414 ], [ -45.044402954662004, -21.343432161509352 ], [ -45.044941943832477, -21.343432161509362 ], [ -45.044941943832477, -21.343162666924123 ], [ -45.045211438417709, -21.343162666924123 ], [ -45.045211438417709, -21.342893172338886 ] ] ] } },
{ "type": "Feature", "properties": { "id_feicao": "fogo_2025_168", "ano": 2025.0, "mes": 8, "codigo_original": 41, "classe": "Outras Lavouras Temporárias", "cor": "#f54ca9", "area_ha": 0.33342298774980006 }, "geometry": { "type": "Polygon", "coordinates": [ [ [ -45.154626240023468, -21.32887945390662 ], [ -45.154356745438228, -21.328879453906623 ], [ -45.154356745438228, -21.329418443077085 ], [ -45.154087250852996, -21.329418443077088 ], [ -45.154087250852996, -21.329687937662332 ], [ -45.154626240023468, -21.329687937662335 ], [ -45.154626240023468, -21.32887945390662 ] ] ] } },
{ "type": "Feature", "properties": { "id_feicao": "fogo_2025_169", "ano": 2025.0, "mes": 8, "codigo_original": 41, "classe": "Outras Lavouras Temporárias", "cor": "#f54ca9", "area_ha": 0.083356217068899424 }, "geometry": { "type": "Polygon", "coordinates": [ [ [ -45.154356745438228, -21.328609959321387 ], [ -45.154626240023468, -21.328609959321387 ], [ -45.154626240023468, -21.328340464736147 ], [ -45.154356745438228, -21.328340464736147 ], [ -45.154356745438228, -21.328609959321387 ] ] ] } },
{ "type": "Feature", "properties": { "id_feicao": "fogo_2025_170", "ano": 2025.0, "mes": 8, "codigo_original": 41, "classe": "Outras Lavouras Temporárias", "cor": "#f54ca9", "area_ha": 0.16673582657380029 }, "geometry": { "type": "Polygon", "coordinates": [ [ [ -45.159746637142945, -21.307589381672987 ], [ -45.160285626313417, -21.307589381672987 ], [ -45.160285626313417, -21.307319887087758 ], [ -45.159746637142945, -21.307319887087758 ], [ -45.159746637142945, -21.307589381672987 ] ] ] } },
{ "type": "Feature", "properties": { "id_feicao": "fogo_2025_171", "ano": 2025.0, "mes": 8, "codigo_original": 41, "classe": "Outras Lavouras Temporárias", "cor": "#f54ca9", "area_ha": 0.083377822134643786 }, "geometry": { "type": "Polygon", "coordinates": [ [ [ -45.145732918710685, -21.289533244462181 ], [ -45.146002413295918, -21.289533244462191 ], [ -45.146002413295918, -21.289263749876945 ], [ -45.145732918710685, -21.289263749876955 ], [ -45.145732918710685, -21.289533244462181 ] ] ] } },
{ "type": "Feature", "properties": { "id_feicao": "fogo_2025_172", "ano": 2025.0, "mes": 8, "codigo_original": 41, "classe": "Outras Lavouras Temporárias", "cor": "#f54ca9", "area_ha": 3.0018530344333501 }, "geometry": { "type": "Polygon", "coordinates": [ [ [ -45.047367395099599, -21.276866998956098 ], [ -45.048984362611016, -21.276866998956102 ], [ -45.048984362611016, -21.276597504370873 ], [ -45.049253857196248, -21.276597504370869 ], [ -45.049253857196248, -21.275519526029921 ], [ -45.048714868025776, -21.275519526029928 ], [ -45.048714868025776, -21.275250031444685 ], [ -45.047906384270071, -21.275250031444688 ], [ -45.047906384270071, -21.275519526029925 ], [ -45.047636889684831, -21.275519526029932 ], [ -45.047636889684831, -21.275789020615161 ], [ -45.047367395099599, -21.275789020615157 ], [ -45.047367395099599, -21.276866998956098 ] ] ] } },
{ "type": "Feature", "properties": { "id_feicao": "fogo_2025_173", "ano": 2025.0, "mes": 8, "codigo_original": 41, "classe": "Outras Lavouras Temporárias", "cor": "#f54ca9", "area_ha": 1.8346837093808375 }, "geometry": { "type": "Polygon", "coordinates": [ [ [ -45.013680571945116, -21.259080356330536 ], [ -45.013680571945116, -21.258810861745307 ], [ -45.013950066530349, -21.258810861745289 ], [ -45.013950066530349, -21.257193894233886 ], [ -45.012872088189404, -21.257193894233886 ], [ -45.012872088189404, -21.258271872574824 ], [ -45.013141582774644, -21.258271872574831 ], [ -45.013141582774644, -21.2588108617453 ], [ -45.013411077359876, -21.258810861745307 ], [ -45.013411077359876, -21.259080356330539 ], [ -45.013680571945116, -21.259080356330536 ] ], [ [ -45.013411077359876, -21.258271872574834 ], [ -45.013680571945116, -21.258271872574827 ], [ -45.013680571945116, -21.25854136716006 ], [ -45.013411077359876, -21.258541367160067 ], [ -45.013411077359876, -21.258271872574834 ] ] ] } },
{ "type": "Feature", "properties": { "id_feicao": "fogo_2025_174", "ano": 2025.0, "mes": 8, "codigo_original": 41, "classe": "Outras Lavouras Temporárias", "cor": "#f54ca9", "area_ha": 4.8369736614263052 }, "geometry": { "type": "Polygon", "coordinates": [ [ [ -45.017992485308888, -21.25476844296676 ], [ -45.017992485308888, -21.254498948381524 ], [ -45.01853147447936, -21.254498948381531 ], [ -45.01853147447936, -21.254768442966768 ], [ -45.01826197989412, -21.254768442966757 ], [ -45.01826197989412, -21.255037937552007 ], [ -45.017722990723655, -21.255037937552004 ], [ -45.017722990723655, -21.25530743213724 ], [ -45.017453496138415, -21.255307432137243 ], [ -45.017453496138415, -21.255037937552 ], [ -45.017184001553183, -21.255037937552004 ], [ -45.017184001553183, -21.255576926722473 ], [ -45.016914506967943, -21.255576926722473 ], [ -45.016914506967943, -21.256385410478185 ], [ -45.017184001553183, -21.256385410478167 ], [ -45.017184001553183, -21.256924399648643 ], [ -45.018800969064593, -21.256924399648653 ], [ -45.018800969064593, -21.255846421307709 ], [ -45.01853147447936, -21.255846421307698 ], [ -45.01853147447936, -21.25530743213724 ], [ -45.018800969064593, -21.255307432137236 ], [ -45.018800969064593, -21.255037937552 ], [ -45.019070463649832, -21.255037937552004 ], [ -45.019070463649832, -21.253959959211059 ], [ -45.017992485308888, -21.253959959211052 ], [ -45.017992485308888, -21.254229453796288 ], [ -45.017722990723655, -21.254229453796281 ], [ -45.017722990723655, -21.254498948381535 ], [ -45.017453496138415, -21.254498948381521 ], [ -45.017453496138415, -21.254768442966764 ], [ -45.017992485308888, -21.25476844296676 ] ] ] } },
{ "type": "Feature", "properties": { "id_feicao": "fogo_2025_175", "ano": 2025.0, "mes": 8, "codigo_original": 41, "classe": "Outras Lavouras Temporárias", "cor": "#f54ca9", "area_ha": 0.33362542055170585 }, "geometry": { "type": "Polygon", "coordinates": [ [ [ -45.019070463649832, -21.237520789511674 ], [ -45.019070463649832, -21.236442811170722 ], [ -45.018800969064593, -21.236442811170729 ], [ -45.018800969064593, -21.23752078951167 ], [ -45.019070463649832, -21.237520789511674 ] ] ] } },
{ "type": "Feature", "properties": { "id_feicao": "fogo_2025_176", "ano": 2025.0, "mes": 8, "codigo_original": 41, "classe": "Outras Lavouras Temporárias", "cor": "#f54ca9", "area_ha": 0.083406430055387323 }, "geometry": { "type": "Polygon", "coordinates": [ [ [ -45.019339958235065, -21.236981800341194 ], [ -45.019609452820305, -21.236981800341201 ], [ -45.019609452820305, -21.236712305755955 ], [ -45.019339958235065, -21.236712305755962 ], [ -45.019339958235065, -21.236981800341194 ] ] ] } },
{ "type": "Feature", "properties": { "id_feicao": "fogo_2025_177", "ano": 2025.0, "mes": 8, "codigo_original": 41, "classe": "Outras Lavouras Temporárias", "cor": "#f54ca9", "area_ha": 0.083406727175787093 }, "geometry": { "type": "Polygon", "coordinates": [ [ [ -45.01853147447936, -21.236442811170722 ], [ -45.018800969064593, -21.236442811170729 ], [ -45.018800969064593, -21.236173316585479 ], [ -45.01853147447936, -21.236173316585493 ], [ -45.01853147447936, -21.236442811170722 ] ] ] } },
{ "type": "Feature", "properties": { "id_feicao": "fogo_2025_178", "ano": 2025.0, "mes": 8, "codigo_original": 41, "classe": "Outras Lavouras Temporárias", "cor": "#f54ca9", "area_ha": 0.16681375283990055 }, "geometry": { "type": "Polygon", "coordinates": [ [ [ -45.018800969064593, -21.236173316585479 ], [ -45.019339958235065, -21.236173316585489 ], [ -45.019339958235065, -21.235903822000253 ], [ -45.018800969064593, -21.23590382200025 ], [ -45.018800969064593, -21.236173316585479 ] ] ] } },
{ "type": "Feature", "properties": { "id_feicao": "fogo_2025_179", "ano": 2025.0, "mes": 8, "codigo_original": 41, "classe": "Outras Lavouras Temporárias", "cor": "#f54ca9", "area_ha": 0.16682178604669182 }, "geometry": { "type": "Polygon", "coordinates": [ [ [ -45.015297539456526, -21.228896962784116 ], [ -45.015297539456526, -21.22862746819888 ], [ -45.014758550286061, -21.228627468198887 ], [ -45.014758550286061, -21.22889696278412 ], [ -45.015297539456526, -21.228896962784116 ] ] ] } },
{ "type": "Feature", "properties": { "id_feicao": "fogo_2025_180", "ano": 2025.0, "mes": 8, "codigo_original": 41, "classe": "Outras Lavouras Temporárias", "cor": "#f54ca9", "area_ha": 0.50046556990703761 }, "geometry": { "type": "Polygon", "coordinates": [ [ [ -45.013950066530349, -21.229166457369359 ], [ -45.013950066530349, -21.228896962784123 ], [ -45.014489055700821, -21.228896962784123 ], [ -45.014489055700821, -21.228357973613651 ], [ -45.014219561115588, -21.228357973613651 ], [ -45.014219561115588, -21.228627468198887 ], [ -45.013950066530349, -21.228627468198887 ], [ -45.013950066530349, -21.228357973613651 ], [ -45.013680571945116, -21.228357973613647 ], [ -45.013680571945116, -21.229166457369359 ], [ -45.013950066530349, -21.229166457369359 ] ] ] } },
{ "type": "Feature", "properties": { "id_feicao": "fogo_2025_181", "ano": 2025.0, "mes": 8, "codigo_original": 41, "classe": "Outras Lavouras Temporárias", "cor": "#f54ca9", "area_ha": 0.083411488151364024 }, "geometry": { "type": "Polygon", "coordinates": [ [ [ -45.014489055700821, -21.227818984443179 ], [ -45.014758550286061, -21.227818984443179 ], [ -45.014758550286061, -21.227549489857953 ], [ -45.014489055700821, -21.227549489857946 ], [ -45.014489055700821, -21.227818984443179 ] ] ] } },
{ "type": "Feature", "properties": { "id_feicao": "fogo_2025_182", "ano": 2025.0, "mes": 8, "codigo_original": 41, "classe": "Outras Lavouras Temporárias", "cor": "#f54ca9", "area_ha": 0.083411637351661919 }, "geometry": { "type": "Polygon", "coordinates": [ [ [ -45.015028044871293, -21.22754948985795 ], [ -45.015297539456526, -21.227549489857939 ], [ -45.015297539456526, -21.227279995272713 ], [ -45.015028044871293, -21.227279995272706 ], [ -45.015028044871293, -21.22754948985795 ] ] ] } },
{ "type": "Feature", "properties": { "id_feicao": "fogo_2025_183", "ano": 2025.0, "mes": 8, "codigo_original": 41, "classe": "Outras Lavouras Temporárias", "cor": "#f54ca9", "area_ha": 1.1677636236099527 }, "geometry": { "type": "Polygon", "coordinates": [ [ [ -45.015297539456526, -21.227818984443179 ], [ -45.016106023212238, -21.227818984443179 ], [ -45.016106023212238, -21.227549489857946 ], [ -45.01664501238271, -21.227549489857942 ], [ -45.01664501238271, -21.227010500687477 ], [ -45.017453496138415, -21.227010500687474 ], [ -45.017453496138415, -21.226741006102237 ], [ -45.016106023212238, -21.22674100610223 ], [ -45.016106023212238, -21.22701050068747 ], [ -45.015836528626998, -21.227010500687474 ], [ -45.015836528626998, -21.227549489857946 ], [ -45.015297539456526, -21.227549489857939 ], [ -45.015297539456526, -21.227818984443179 ] ] ] } },
{ "type": "Feature", "properties": { "id_feicao": "fogo_2025_184", "ano": 2025.0, "mes": 8, "codigo_original": 41, "classe": "Outras Lavouras Temporárias", "cor": "#f54ca9", "area_ha": 0.16683308694361093 }, "geometry": { "type": "Polygon", "coordinates": [ [ [ -45.004517756047093, -21.218656168545156 ], [ -45.004517756047093, -21.218386673959916 ], [ -45.003978766876621, -21.21838667395992 ], [ -45.003978766876621, -21.218656168545156 ], [ -45.004517756047093, -21.218656168545156 ] ] ] } },
{ "type": "Feature", "properties": { "id_feicao": "fogo_2025_185", "ano": 2025.0, "mes": 8, "codigo_original": 41, "classe": "Outras Lavouras Temporárias", "cor": "#f54ca9", "area_ha": 0.16684097043002161 }, "geometry": { "type": "Polygon", "coordinates": [ [ [ -45.001553315609506, -21.211649309329022 ], [ -45.001553315609506, -21.211110320158554 ], [ -45.001283821024266, -21.211110320158554 ], [ -45.001283821024266, -21.211649309329026 ], [ -45.001553315609506, -21.211649309329022 ] ] ] } },
{ "type": "Feature", "properties": { "id_feicao": "fogo_2025_186", "ano": 2025.0, "mes": 8, "codigo_original": 41, "classe": "Outras Lavouras Temporárias", "cor": "#f54ca9", "area_ha": 0.083417735949810598 }, "geometry": { "type": "Polygon", "coordinates": [ [ [ -44.988887070103416, -21.216500211863274 ], [ -44.989156564688649, -21.21650021186327 ], [ -44.989156564688649, -21.216230717278034 ], [ -44.988887070103416, -21.216230717278034 ], [ -44.988887070103416, -21.216500211863274 ] ] ] } },
{ "type": "Feature", "properties": { "id_feicao": "fogo_2025_187", "ano": 2025.0, "mes": 8, "codigo_original": 41, "classe": "Outras Lavouras Temporárias", "cor": "#f54ca9", "area_ha": 4.0875082391614095 }, "geometry": { "type": "Polygon", "coordinates": [ [ [ -44.988078586347704, -21.214344255181377 ], [ -44.987809091762472, -21.214344255181381 ], [ -44.987809091762472, -21.215152738937093 ], [ -44.988078586347704, -21.215152738937089 ], [ -44.988078586347704, -21.215691728107565 ], [ -44.988348080932944, -21.215691728107561 ], [ -44.988348080932944, -21.215961222692794 ], [ -44.990504037614834, -21.215961222692801 ], [ -44.990504037614834, -21.215691728107561 ], [ -44.990234543029594, -21.215691728107561 ], [ -44.990234543029594, -21.215422233522332 ], [ -44.989965048444361, -21.215422233522325 ], [ -44.989965048444361, -21.214883244351856 ], [ -44.990234543029594, -21.214883244351864 ], [ -44.990234543029594, -21.214613749766613 ], [ -44.989426059273889, -21.214613749766617 ], [ -44.989426059273889, -21.214344255181381 ], [ -44.989156564688649, -21.214344255181384 ], [ -44.989156564688649, -21.214074760596148 ], [ -44.988887070103416, -21.214074760596137 ], [ -44.988887070103416, -21.214344255181388 ], [ -44.988617575518177, -21.214344255181377 ], [ -44.988617575518177, -21.214074760596151 ], [ -44.988078586347704, -21.214074760596148 ], [ -44.988078586347704, -21.214344255181377 ] ] ] } },
{ "type": "Feature", "properties": { "id_feicao": "fogo_2025_188", "ano": 2025.0, "mes": 8, "codigo_original": 41, "classe": "Outras Lavouras Temporárias", "cor": "#f54ca9", "area_ha": 0.083418626610469074 }, "geometry": { "type": "Polygon", "coordinates": [ [ [ -44.994007467222893, -21.214883244351856 ], [ -44.994276961808133, -21.214883244351856 ], [ -44.994276961808133, -21.214613749766617 ], [ -44.994007467222893, -21.21461374976662 ], [ -44.994007467222893, -21.214883244351856 ] ] ] } },
{ "type": "Feature", "properties": { "id_feicao": "fogo_2025_189", "ano": 2025.0, "mes": 8, "codigo_original": 41, "classe": "Outras Lavouras Temporárias", "cor": "#f54ca9", "area_ha": 0.083418626477476207 }, "geometry": { "type": "Polygon", "coordinates": [ [ [ -44.994546456393365, -21.21488324435186 ], [ -44.994815950978605, -21.214883244351864 ], [ -44.994815950978605, -21.214613749766627 ], [ -44.994546456393365, -21.214613749766624 ], [ -44.994546456393365, -21.21488324435186 ] ] ] } },
{ "type": "Feature", "properties": { "id_feicao": "fogo_2025_190", "ano": 2025.0, "mes": 8, "codigo_original": 41, "classe": "Outras Lavouras Temporárias", "cor": "#f54ca9", "area_ha": 0.083418626299314194 }, "geometry": { "type": "Polygon", "coordinates": [ [ [ -44.995354940149078, -21.214883244351849 ], [ -44.99562443473431, -21.21488324435186 ], [ -44.99562443473431, -21.214613749766624 ], [ -44.995354940149078, -21.214613749766617 ], [ -44.995354940149078, -21.214883244351849 ] ] ] } },
{ "type": "Feature", "properties": { "id_feicao": "fogo_2025_191", "ano": 2025.0, "mes": 8, "codigo_original": 41, "classe": "Outras Lavouras Temporárias", "cor": "#f54ca9", "area_ha": 0.083418925780057912 }, "geometry": { "type": "Polygon", "coordinates": [ [ [ -44.989426059273889, -21.214344255181381 ], [ -44.989695553859121, -21.214344255181388 ], [ -44.989695553859121, -21.214074760596144 ], [ -44.989426059273889, -21.214074760596141 ], [ -44.989426059273889, -21.214344255181381 ] ] ] } },
{ "type": "Feature", "properties": { "id_feicao": "fogo_2025_192", "ano": 2025.0, "mes": 8, "codigo_original": 41, "classe": "Outras Lavouras Temporárias", "cor": "#f54ca9", "area_ha": 0.25025698736738411 }, "geometry": { "type": "Polygon", "coordinates": [ [ [ -44.994815950978605, -21.213805266010908 ], [ -44.994546456393365, -21.213805266010905 ], [ -44.994546456393365, -21.214074760596144 ], [ -44.994276961808133, -21.214074760596144 ], [ -44.994276961808133, -21.214344255181384 ], [ -44.994815950978605, -21.214344255181391 ], [ -44.994815950978605, -21.213805266010908 ] ] ] } },
{ "type": "Feature", "properties": { "id_feicao": "fogo_2025_193", "ano": 2025.0, "mes": 8, "codigo_original": 41, "classe": "Outras Lavouras Temporárias", "cor": "#f54ca9", "area_ha": 0.5005148984795259 }, "geometry": { "type": "Polygon", "coordinates": [ [ [ -44.987809091762472, -21.213535771425676 ], [ -44.987809091762472, -21.213266276840443 ], [ -44.987539597177239, -21.213266276840447 ], [ -44.987539597177239, -21.214344255181384 ], [ -44.987809091762472, -21.214344255181381 ], [ -44.987809091762472, -21.214074760596144 ], [ -44.988078586347704, -21.214074760596148 ], [ -44.988078586347704, -21.213535771425679 ], [ -44.987809091762472, -21.213535771425676 ] ] ] } },
{ "type": "Feature", "properties": { "id_feicao": "fogo_2025_194", "ano": 2025.0, "mes": 8, "codigo_original": 41, "classe": "Outras Lavouras Temporárias", "cor": "#f54ca9", "area_ha": 0.33367697274410196 }, "geometry": { "type": "Polygon", "coordinates": [ [ [ -44.990773532200066, -21.213266276840443 ], [ -44.990773532200066, -21.213535771425683 ], [ -44.991043026785299, -21.213535771425676 ], [ -44.991043026785299, -21.214074760596141 ], [ -44.991312521370538, -21.214074760596148 ], [ -44.991312521370538, -21.213266276840443 ], [ -44.990773532200066, -21.213266276840443 ] ] ] } },
{ "type": "Feature", "properties": { "id_feicao": "fogo_2025_195", "ano": 2025.0, "mes": 8, "codigo_original": 41, "classe": "Outras Lavouras Temporárias", "cor": "#f54ca9", "area_ha": 0.083419222017470748 }, "geometry": { "type": "Polygon", "coordinates": [ [ [ -44.992659994296716, -21.213805266010912 ], [ -44.992929488881956, -21.213805266010905 ], [ -44.992929488881956, -21.213535771425679 ], [ -44.992659994296716, -21.213535771425672 ], [ -44.992659994296716, -21.213805266010912 ] ] ] } },
{ "type": "Feature", "properties": { "id_feicao": "fogo_2025_196", "ano": 2025.0, "mes": 8, "codigo_original": 41, "classe": "Outras Lavouras Temporárias", "cor": "#f54ca9", "area_ha": 0.58393477143030614 }, "geometry": { "type": "Polygon", "coordinates": [ [ [ -44.993468478052428, -21.213805266010908 ], [ -44.993198983467188, -21.213805266010912 ], [ -44.993198983467188, -21.214074760596144 ], [ -44.994276961808133, -21.214074760596144 ], [ -44.994276961808133, -21.213266276840432 ], [ -44.994007467222893, -21.213266276840439 ], [ -44.994007467222893, -21.213805266010912 ], [ -44.993737972637661, -21.213805266010915 ], [ -44.993737972637661, -21.213535771425665 ], [ -44.993468478052428, -21.213535771425676 ], [ -44.993468478052428, -21.213805266010908 ] ] ] } },
{ "type": "Feature", "properties": { "id_feicao": "fogo_2025_197", "ano": 2025.0, "mes": 8, "codigo_original": 41, "classe": "Outras Lavouras Temporárias", "cor": "#f54ca9", "area_ha": 0.16683904072055594 }, "geometry": { "type": "Polygon", "coordinates": [ [ [ -44.990234543029594, -21.213266276840436 ], [ -44.990773532200066, -21.213266276840443 ], [ -44.990773532200066, -21.2129967822552 ], [ -44.990234543029594, -21.212996782255214 ], [ -44.990234543029594, -21.213266276840436 ] ] ] } },
{ "type": "Feature", "properties": { "id_feicao": "fogo_2025_198", "ano": 2025.0, "mes": 8, "codigo_original": 41, "classe": "Outras Lavouras Temporárias", "cor": "#f54ca9", "area_ha": 0.083419670477854757 }, "geometry": { "type": "Polygon", "coordinates": [ [ [ -44.987809091762472, -21.212996782255207 ], [ -44.987809091762472, -21.212727287669964 ], [ -44.987539597177239, -21.212727287669967 ], [ -44.987539597177239, -21.212996782255207 ], [ -44.987809091762472, -21.212996782255207 ] ] ] } },
{ "type": "Feature", "properties": { "id_feicao": "fogo_2025_199", "ano": 2025.0, "mes": 8, "codigo_original": 41, "classe": "Outras Lavouras Temporárias", "cor": "#f54ca9", "area_ha": 0.1668393402425207 }, "geometry": { "type": "Polygon", "coordinates": [ [ [ -44.988617575518177, -21.212996782255203 ], [ -44.988617575518177, -21.212727287669964 ], [ -44.988078586347704, -21.212727287669964 ], [ -44.988078586347704, -21.212996782255207 ], [ -44.988617575518177, -21.212996782255203 ] ] ] } },
{ "type": "Feature", "properties": { "id_feicao": "fogo_2025_200", "ano": 2025.0, "mes": 8, "codigo_original": 41, "classe": "Outras Lavouras Temporárias", "cor": "#f54ca9", "area_ha": 0.33368021847307683 }, "geometry": { "type": "Polygon", "coordinates": [ [ [ -44.988887070103416, -21.211918803914266 ], [ -44.988617575518177, -21.211918803914273 ], [ -44.988617575518177, -21.212188298499495 ], [ -44.988078586347704, -21.212188298499491 ], [ -44.988078586347704, -21.212457793084734 ], [ -44.988887070103416, -21.212457793084727 ], [ -44.988887070103416, -21.211918803914266 ] ] ] } },
{ "type": "Feature", "properties": { "id_feicao": "fogo_2025_201", "ano": 2025.0, "mes": 8, "codigo_original": 41, "classe": "Outras Lavouras Temporárias", "cor": "#f54ca9", "area_ha": 0.083420116556249563 }, "geometry": { "type": "Polygon", "coordinates": [ [ [ -44.987809091762472, -21.212188298499498 ], [ -44.988078586347704, -21.212188298499491 ], [ -44.988078586347704, -21.211918803914266 ], [ -44.987809091762472, -21.211918803914262 ], [ -44.987809091762472, -21.212188298499498 ] ] ] } },
{ "type": "Feature", "properties": { "id_feicao": "fogo_2025_202", "ano": 2025.0, "mes": 8, "codigo_original": 41, "classe": "Outras Lavouras Temporárias", "cor": "#f54ca9", "area_ha": 0.3336819021833129 }, "geometry": { "type": "Polygon", "coordinates": [ [ [ -44.988617575518177, -21.21111032015855 ], [ -44.987809091762472, -21.211110320158557 ], [ -44.987809091762472, -21.211649309329022 ], [ -44.988078586347704, -21.211649309329022 ], [ -44.988078586347704, -21.21137981474379 ], [ -44.988617575518177, -21.21137981474379 ], [ -44.988617575518177, -21.21111032015855 ] ] ] } },
{ "type": "Feature", "properties": { "id_feicao": "fogo_2025_203", "ano": 2025.0, "mes": 8, "codigo_original": 41, "classe": "Outras Lavouras Temporárias", "cor": "#f54ca9", "area_ha": 0.16684112430219827 }, "geometry": { "type": "Polygon", "coordinates": [ [ [ -44.989426059273889, -21.211379814743797 ], [ -44.989426059273889, -21.21111032015855 ], [ -44.988887070103416, -21.211110320158554 ], [ -44.988887070103416, -21.21137981474379 ], [ -44.989426059273889, -21.211379814743797 ] ] ] } },
{ "type": "Feature", "properties": { "id_feicao": "fogo_2025_204", "ano": 2025.0, "mes": 8, "codigo_original": 41, "classe": "Outras Lavouras Temporárias", "cor": "#f54ca9", "area_ha": 3.3376864800991433 }, "geometry": { "type": "Polygon", "coordinates": [ [ [ -44.986731113421527, -21.172303099884594 ], [ -44.987270102591999, -21.172303099884584 ], [ -44.987270102591999, -21.172842089055063 ], [ -44.987000608006767, -21.172842089055067 ], [ -44.987000608006767, -21.173381078225539 ], [ -44.987809091762472, -21.173381078225535 ], [ -44.987809091762472, -21.173111583640299 ], [ -44.988078586347704, -21.173111583640299 ], [ -44.988078586347704, -21.172303099884591 ], [ -44.988617575518177, -21.172303099884584 ], [ -44.988617575518177, -21.172033605299351 ], [ -44.988887070103416, -21.172033605299358 ], [ -44.988887070103416, -21.170955626958417 ], [ -44.988078586347704, -21.170955626958417 ], [ -44.988078586347704, -21.17122512154365 ], [ -44.987809091762472, -21.171225121543646 ], [ -44.987809091762472, -21.171494616128882 ], [ -44.987270102591999, -21.171494616128886 ], [ -44.987270102591999, -21.171764110714115 ], [ -44.986731113421527, -21.171764110714118 ], [ -44.986731113421527, -21.172303099884594 ] ], [ [ -44.987539597177239, -21.173111583640303 ], [ -44.987539597177239, -21.17284208905507 ], [ -44.987809091762472, -21.172842089055063 ], [ -44.987809091762472, -21.173111583640299 ], [ -44.987539597177239, -21.173111583640303 ] ] ] } },
{ "type": "Feature", "properties": { "id_feicao": "fogo_2025_205", "ano": 2025.0, "mes": 9, "codigo_original": 3, "classe": "Formação Florestal", "cor": "#1f8d49", "area_ha": 2.9172308523947375 }, "geometry": { "type": "Polygon", "coordinates": [ [ [ -45.03092822540021, -21.338850753560351 ], [ -45.03065873081497, -21.338850753560344 ], [ -45.03065873081497, -21.340737215656993 ], [ -45.031197719985443, -21.340737215657001 ], [ -45.031197719985443, -21.340467721071764 ], [ -45.031736709155915, -21.340467721071768 ], [ -45.031736709155915, -21.340198226486521 ], [ -45.032275698326387, -21.340198226486521 ], [ -45.032275698326387, -21.339928731901296 ], [ -45.032545192911627, -21.339928731901292 ], [ -45.032545192911627, -21.339659237316049 ], [ -45.03281468749686, -21.339659237316052 ], [ -45.03281468749686, -21.338850753560354 ], [ -45.032275698326387, -21.338850753560347 ], [ -45.032275698326387, -21.33912024814558 ], [ -45.031736709155915, -21.33912024814558 ], [ -45.031736709155915, -21.339389742730816 ], [ -45.03092822540021, -21.33938974273082 ], [ -45.03092822540021, -21.338850753560351 ] ] ] } },
{ "type": "Feature", "properties": { "id_feicao": "fogo_2025_206", "ano": 2025.0, "mes": 9, "codigo_original": 3, "classe": "Formação Florestal", "cor": "#1f8d49", "area_ha": 0.083354212697571622 }, "geometry": { "type": "Polygon", "coordinates": [ [ [ -45.030119741644498, -21.331304905173738 ], [ -45.030119741644498, -21.331035410588516 ], [ -45.029850247059265, -21.331035410588509 ], [ -45.029850247059265, -21.331304905173742 ], [ -45.030119741644498, -21.331304905173738 ] ] ] } },
{ "type": "Feature", "properties": { "id_feicao": "fogo_2025_207", "ano": 2025.0, "mes": 9, "codigo_original": 3, "classe": "Formação Florestal", "cor": "#1f8d49", "area_ha": 0.083421856962158605 }, "geometry": { "type": "Polygon", "coordinates": [ [ [ -45.069735445674169, -21.209223858061904 ], [ -45.069735445674169, -21.208954363476675 ], [ -45.069465951088937, -21.208954363476668 ], [ -45.069465951088937, -21.2092238580619 ], [ -45.069735445674169, -21.209223858061904 ] ] ] } },
{ "type": "Feature", "properties": { "id_feicao": "fogo_2025_208", "ano": 2025.0, "mes": 9, "codigo_original": 3, "classe": "Formação Florestal", "cor": "#1f8d49", "area_ha": 0.33371343495994804 }, "geometry": { "type": "Polygon", "coordinates": [ [ [ -45.114202052238092, -21.198174580067235 ], [ -45.114471546823324, -21.198174580067228 ], [ -45.114471546823324, -21.197096601726294 ], [ -45.114202052238092, -21.19709660172629 ], [ -45.114202052238092, -21.198174580067235 ] ] ] } },
{ "type": "Feature", "properties": { "id_feicao": "fogo_2025_209", "ano": 2025.0, "mes": 9, "codigo_original": 3, "classe": "Formação Florestal", "cor": "#1f8d49", "area_ha": 0.083429813236136491 }, "geometry": { "type": "Polygon", "coordinates": [ [ [ -45.147349886222102, -21.195479634214877 ], [ -45.147349886222102, -21.195210139629637 ], [ -45.147080391636862, -21.195210139629634 ], [ -45.147080391636862, -21.19547963421487 ], [ -45.147349886222102, -21.195479634214877 ] ] ] } },
{ "type": "Feature", "properties": { "id_feicao": "fogo_2025_210", "ano": 2025.0, "mes": 9, "codigo_original": 3, "classe": "Formação Florestal", "cor": "#1f8d49", "area_ha": 0.083429960101456258 }, "geometry": { "type": "Polygon", "coordinates": [ [ [ -45.147080391636862, -21.195210139629634 ], [ -45.147080391636862, -21.194940645044404 ], [ -45.14681089705163, -21.194940645044401 ], [ -45.14681089705163, -21.195210139629637 ], [ -45.147080391636862, -21.195210139629634 ] ] ] } },
{ "type": "Feature", "properties": { "id_feicao": "fogo_2025_211", "ano": 2025.0, "mes": 9, "codigo_original": 3, "classe": "Formação Florestal", "cor": "#1f8d49", "area_ha": 0.16686038375496864 }, "geometry": { "type": "Polygon", "coordinates": [ [ [ -45.148158369977807, -21.194940645044394 ], [ -45.14842786456304, -21.194940645044394 ], [ -45.14842786456304, -21.194401655873925 ], [ -45.148158369977807, -21.194401655873932 ], [ -45.148158369977807, -21.194940645044394 ] ] ] } },
{ "type": "Feature", "properties": { "id_feicao": "fogo_2025_212", "ano": 2025.0, "mes": 9, "codigo_original": 3, "classe": "Formação Florestal", "cor": "#1f8d49", "area_ha": 0.16686082430535062 }, "geometry": { "type": "Polygon", "coordinates": [ [ [ -45.148158369977807, -21.194401655873932 ], [ -45.148158369977807, -21.194132161288689 ], [ -45.147619380807335, -21.194132161288699 ], [ -45.147619380807335, -21.194401655873925 ], [ -45.148158369977807, -21.194401655873932 ] ] ] } },
{ "type": "Feature", "properties": { "id_feicao": "fogo_2025_213", "ano": 2025.0, "mes": 9, "codigo_original": 3, "classe": "Formação Florestal", "cor": "#1f8d49", "area_ha": 0.083431481125497434 }, "geometry": { "type": "Polygon", "coordinates": [ [ [ -45.128485265255598, -21.192245699192046 ], [ -45.128485265255598, -21.19197620460681 ], [ -45.128215770670352, -21.191976204606814 ], [ -45.128215770670352, -21.192245699192046 ], [ -45.128485265255598, -21.192245699192046 ] ] ] } },
{ "type": "Feature", "properties": { "id_feicao": "fogo_2025_214", "ano": 2025.0, "mes": 9, "codigo_original": 3, "classe": "Formação Florestal", "cor": "#1f8d49", "area_ha": 0.16686399035714566 }, "geometry": { "type": "Polygon", "coordinates": [ [ [ -45.113124073897147, -21.191167720851098 ], [ -45.113663063067619, -21.191167720851102 ], [ -45.113663063067619, -21.190898226265865 ], [ -45.113124073897147, -21.190898226265862 ], [ -45.113124073897147, -21.191167720851098 ] ] ] } },
{ "type": "Feature", "properties": { "id_feicao": "fogo_2025_215", "ano": 2025.0, "mes": 9, "codigo_original": 3, "classe": "Formação Florestal", "cor": "#1f8d49", "area_ha": 2.002370758530676 }, "geometry": { "type": "Polygon", "coordinates": [ [ [ -45.130641221937474, -21.191437215436345 ], [ -45.130641221937474, -21.19170671002157 ], [ -45.130910716522713, -21.191706710021567 ], [ -45.130910716522713, -21.191976204606814 ], [ -45.131449705693186, -21.191976204606814 ], [ -45.131449705693186, -21.191706710021567 ], [ -45.131719200278418, -21.19170671002157 ], [ -45.131719200278418, -21.191437215436334 ], [ -45.131449705693186, -21.191437215436341 ], [ -45.131449705693186, -21.189550753339681 ], [ -45.131180211107946, -21.189550753339681 ], [ -45.131180211107946, -21.1903592370954 ], [ -45.130641221937474, -21.190359237095393 ], [ -45.130641221937474, -21.190628731680633 ], [ -45.130371727352241, -21.190628731680626 ], [ -45.130371727352241, -21.191437215436338 ], [ -45.130641221937474, -21.191437215436345 ] ] ] } },
{ "type": "Feature", "properties": { "id_feicao": "fogo_2025_216", "ano": 2025.0, "mes": 9, "codigo_original": 3, "classe": "Formação Florestal", "cor": "#1f8d49", "area_ha": 0.58402498157185279 }, "geometry": { "type": "Polygon", "coordinates": [ [ [ -45.112854579311907, -21.190628731680629 ], [ -45.112854579311907, -21.190359237095397 ], [ -45.112315590141435, -21.190359237095389 ], [ -45.112315590141435, -21.191167720851098 ], [ -45.112854579311907, -21.191167720851102 ], [ -45.112854579311907, -21.190898226265865 ], [ -45.113124073897147, -21.190898226265862 ], [ -45.113124073897147, -21.190628731680622 ], [ -45.112854579311907, -21.190628731680629 ] ] ] } },
{ "type": "Feature", "properties": { "id_feicao": "fogo_2025_217", "ano": 2025.0, "mes": 9, "codigo_original": 3, "classe": "Formação Florestal", "cor": "#1f8d49", "area_ha": 0.16686458474732935 }, "geometry": { "type": "Polygon", "coordinates": [ [ [ -45.113124073897147, -21.190628731680622 ], [ -45.113663063067619, -21.190628731680633 ], [ -45.113663063067619, -21.190359237095389 ], [ -45.113124073897147, -21.190359237095389 ], [ -45.113124073897147, -21.190628731680622 ] ] ] } },
{ "type": "Feature", "properties": { "id_feicao": "fogo_2025_218", "ano": 2025.0, "mes": 9, "codigo_original": 3, "classe": "Formação Florestal", "cor": "#1f8d49", "area_ha": 0.9177736422818652 }, "geometry": { "type": "Polygon", "coordinates": [ [ [ -45.115819019749502, -21.18847277499874 ], [ -45.115819019749502, -21.187664291243038 ], [ -45.116358008919974, -21.187664291243028 ], [ -45.116358008919974, -21.187394796657792 ], [ -45.116627503505214, -21.187394796657795 ], [ -45.116627503505214, -21.186586312902083 ], [ -45.116358008919974, -21.186586312902087 ], [ -45.116358008919974, -21.187125302072566 ], [ -45.115819019749502, -21.187125302072555 ], [ -45.115819019749502, -21.187394796657795 ], [ -45.115549525164269, -21.187394796657795 ], [ -45.115549525164269, -21.188472774998747 ], [ -45.115819019749502, -21.18847277499874 ] ] ] } },
{ "type": "Feature", "properties": { "id_feicao": "fogo_2025_219", "ano": 2025.0, "mes": 9, "codigo_original": 3, "classe": "Formação Florestal", "cor": "#1f8d49", "area_ha": 0.083434538317689752 }, "geometry": { "type": "Polygon", "coordinates": [ [ [ -45.116896998090446, -21.186586312902087 ], [ -45.116896998090446, -21.186316818316847 ], [ -45.116627503505214, -21.186316818316861 ], [ -45.116627503505214, -21.186586312902083 ], [ -45.116896998090446, -21.186586312902087 ] ] ] } },
{ "type": "Feature", "properties": { "id_feicao": "fogo_2025_220", "ano": 2025.0, "mes": 9, "codigo_original": 3, "classe": "Formação Florestal", "cor": "#1f8d49", "area_ha": 0.083439711072854694 }, "geometry": { "type": "Polygon", "coordinates": [ [ [ -45.11150710638573, -21.177154002418835 ], [ -45.111776600970963, -21.177154002418838 ], [ -45.111776600970963, -21.176884507833606 ], [ -45.11150710638573, -21.176884507833599 ], [ -45.11150710638573, -21.177154002418835 ] ] ] } },
{ "type": "Feature", "properties": { "id_feicao": "fogo_2025_221", "ano": 2025.0, "mes": 9, "codigo_original": 3, "classe": "Formação Florestal", "cor": "#1f8d49", "area_ha": 1.6688127565271476 }, "geometry": { "type": "Polygon", "coordinates": [ [ [ -45.121478406039458, -21.176076024077886 ], [ -45.121478406039458, -21.17634551866313 ], [ -45.123634362721347, -21.176345518663126 ], [ -45.123634362721347, -21.176076024077897 ], [ -45.123364868136107, -21.17607602407789 ], [ -45.123364868136107, -21.175806529492661 ], [ -45.123095373550875, -21.175806529492654 ], [ -45.123095373550875, -21.175537034907418 ], [ -45.122825878965635, -21.175537034907428 ], [ -45.122825878965635, -21.175267540322192 ], [ -45.122286889795163, -21.175267540322189 ], [ -45.122286889795163, -21.175537034907421 ], [ -45.12201739520993, -21.175537034907421 ], [ -45.12201739520993, -21.175806529492654 ], [ -45.12174790062469, -21.175806529492657 ], [ -45.12174790062469, -21.17607602407789 ], [ -45.121478406039458, -21.176076024077886 ] ] ] } },
{ "type": "Feature", "properties": { "id_feicao": "fogo_2025_222", "ano": 2025.0, "mes": 9, "codigo_original": 3, "classe": "Formação Florestal", "cor": "#1f8d49", "area_ha": 0.16669554675897921 }, "geometry": { "type": "Polygon", "coordinates": [ [ [ -45.024190860769309, -21.342893172338883 ], [ -45.024190860769309, -21.34262367775365 ], [ -45.023651871598844, -21.342623677753643 ], [ -45.023651871598844, -21.342893172338883 ], [ -45.024190860769309, -21.342893172338883 ] ] ] } },
{ "type": "Feature", "properties": { "id_feicao": "fogo_2025_223", "ano": 2025.0, "mes": 9, "codigo_original": 3, "classe": "Formação Florestal", "cor": "#1f8d49", "area_ha": 0.25004579948075117 }, "geometry": { "type": "Polygon", "coordinates": [ [ [ -45.024999344525021, -21.341006710242233 ], [ -45.024460355354549, -21.341006710242237 ], [ -45.024460355354549, -21.341276204827466 ], [ -45.024729849939781, -21.341276204827476 ], [ -45.024729849939781, -21.341545699412709 ], [ -45.024999344525021, -21.341545699412713 ], [ -45.024999344525021, -21.341006710242233 ] ] ] } },
{ "type": "Feature", "properties": { "id_feicao": "fogo_2025_224", "ano": 2025.0, "mes": 9, "codigo_original": 3, "classe": "Formação Florestal", "cor": "#1f8d49", "area_ha": 0.083348670656794299 }, "geometry": { "type": "Polygon", "coordinates": [ [ [ -45.023651871598844, -21.341276204827469 ], [ -45.023651871598844, -21.34100671024223 ], [ -45.023382377013604, -21.341006710242233 ], [ -45.023382377013604, -21.341276204827473 ], [ -45.023651871598844, -21.341276204827469 ] ] ] } },
{ "type": "Feature", "properties": { "id_feicao": "fogo_2025_225", "ano": 2025.0, "mes": 9, "codigo_original": 3, "classe": "Formação Florestal", "cor": "#1f8d49", "area_ha": 1.4169399413143073 }, "geometry": { "type": "Polygon", "coordinates": [ [ [ -45.021765409502187, -21.339659237316052 ], [ -45.021765409502187, -21.33912024814558 ], [ -45.021226420331715, -21.339120248145587 ], [ -45.021226420331715, -21.340467721071764 ], [ -45.022304398672659, -21.340467721071761 ], [ -45.022304398672659, -21.33938974273082 ], [ -45.022034904087427, -21.33938974273082 ], [ -45.022034904087427, -21.339659237316059 ], [ -45.021765409502187, -21.339659237316052 ] ] ] } },
{ "type": "Feature", "properties": { "id_feicao": "fogo_2025_226", "ano": 2025.0, "mes": 9, "codigo_original": 3, "classe": "Formação Florestal", "cor": "#1f8d49", "area_ha": 1.8337237109389382 }, "geometry": { "type": "Polygon", "coordinates": [ [ [ -45.024729849939781, -21.338042269804632 ], [ -45.024729849939781, -21.337772775219403 ], [ -45.022843387843132, -21.337772775219406 ], [ -45.022843387843132, -21.33750328063417 ], [ -45.022573893257899, -21.33750328063417 ], [ -45.022573893257899, -21.337772775219406 ], [ -45.022304398672659, -21.337772775219403 ], [ -45.022304398672659, -21.338311764389882 ], [ -45.025538333695494, -21.338311764389875 ], [ -45.025538333695494, -21.338042269804646 ], [ -45.024729849939781, -21.338042269804632 ] ] ] } },
{ "type": "Feature", "properties": { "id_feicao": "fogo_2025_227", "ano": 2025.0, "mes": 9, "codigo_original": 3, "classe": "Formação Florestal", "cor": "#1f8d49", "area_ha": 1.8337219562872735 }, "geometry": { "type": "Polygon", "coordinates": [ [ [ -45.025538333695494, -21.337772775219406 ], [ -45.027424795792143, -21.33777277521941 ], [ -45.027424795792143, -21.337233786048934 ], [ -45.027155301206903, -21.337233786048927 ], [ -45.027155301206903, -21.336694796878454 ], [ -45.026346817451198, -21.336694796878469 ], [ -45.026346817451198, -21.336425302293222 ], [ -45.026077322865966, -21.336425302293225 ], [ -45.026077322865966, -21.336694796878465 ], [ -45.025538333695494, -21.336694796878458 ], [ -45.025538333695494, -21.336964291463705 ], [ -45.025807828280726, -21.336964291463698 ], [ -45.025807828280726, -21.33750328063417 ], [ -45.025538333695494, -21.337503280634166 ], [ -45.025538333695494, -21.337772775219406 ] ], [ [ -45.026616312036438, -21.33723378604893 ], [ -45.026616312036438, -21.337503280634174 ], [ -45.026346817451198, -21.337503280634174 ], [ -45.026346817451198, -21.33723378604893 ], [ -45.026616312036438, -21.33723378604893 ] ], [ [ -45.026616312036438, -21.336964291463701 ], [ -45.026885806621671, -21.336964291463694 ], [ -45.026885806621671, -21.337233786048934 ], [ -45.026616312036438, -21.33723378604893 ], [ -45.026616312036438, -21.336964291463701 ] ], [ [ -45.026077322865966, -21.337233786048927 ], [ -45.026077322865966, -21.336964291463698 ], [ -45.026346817451198, -21.336964291463698 ], [ -45.026346817451198, -21.33723378604893 ], [ -45.026077322865966, -21.337233786048927 ] ] ] } },
{ "type": "Feature", "properties": { "id_feicao": "fogo_2025_228", "ano": 2025.0, "mes": 9, "codigo_original": 3, "classe": "Formação Florestal", "cor": "#1f8d49", "area_ha": 0.083354062798498607 }, "geometry": { "type": "Polygon", "coordinates": [ [ [ -45.029850247059265, -21.331574399758985 ], [ -45.029850247059265, -21.331304905173742 ], [ -45.029580752474033, -21.331304905173742 ], [ -45.029580752474033, -21.331574399758981 ], [ -45.029850247059265, -21.331574399758985 ] ] ] } },
{ "type": "Feature", "properties": { "id_feicao": "fogo_2025_229", "ano": 2025.0, "mes": 9, "codigo_original": 3, "classe": "Formação Florestal", "cor": "#1f8d49", "area_ha": 1.0836029522765216 }, "geometry": { "type": "Polygon", "coordinates": [ [ [ -45.029580752474033, -21.33211338892945 ], [ -45.029580752474033, -21.331574399758981 ], [ -45.029311257888793, -21.331574399758978 ], [ -45.029311257888793, -21.331035410588512 ], [ -45.029580752474033, -21.331035410588516 ], [ -45.029580752474033, -21.33076591600328 ], [ -45.028502774133088, -21.330765916003266 ], [ -45.028502774133088, -21.331304905173752 ], [ -45.028772268718321, -21.331304905173738 ], [ -45.028772268718321, -21.331574399758978 ], [ -45.02904176330356, -21.331574399758978 ], [ -45.02904176330356, -21.33211338892945 ], [ -45.029580752474033, -21.33211338892945 ] ] ] } },
{ "type": "Feature", "properties": { "id_feicao": "fogo_2025_230", "ano": 2025.0, "mes": 9, "codigo_original": 3, "classe": "Formação Florestal", "cor": "#1f8d49", "area_ha": 0.33342103714048865 }, "geometry": { "type": "Polygon", "coordinates": [ [ [ -45.030119741644498, -21.329148948491859 ], [ -45.029850247059265, -21.329148948491852 ], [ -45.029850247059265, -21.32887945390662 ], [ -45.029580752474033, -21.328879453906616 ], [ -45.029580752474033, -21.329418443077092 ], [ -45.029850247059265, -21.329418443077088 ], [ -45.029850247059265, -21.329687937662328 ], [ -45.030119741644498, -21.329687937662335 ], [ -45.030119741644498, -21.329148948491859 ] ] ] } },
{ "type": "Feature", "properties": { "id_feicao": "fogo_2025_231", "ano": 2025.0, "mes": 9, "codigo_original": 3, "classe": "Formação Florestal", "cor": "#1f8d49", "area_ha": 0.083356006390155196 }, "geometry": { "type": "Polygon", "coordinates": [ [ [ -45.029580752474033, -21.328070970150915 ], [ -45.029580752474033, -21.327801475565678 ], [ -45.029311257888793, -21.327801475565682 ], [ -45.029311257888793, -21.328070970150918 ], [ -45.029580752474033, -21.328070970150915 ] ] ] } },
{ "type": "Feature", "properties": { "id_feicao": "fogo_2025_232", "ano": 2025.0, "mes": 9, "codigo_original": 3, "classe": "Formação Florestal", "cor": "#1f8d49", "area_ha": 3.8343777770225889 }, "geometry": { "type": "Polygon", "coordinates": [ [ [ -45.025538333695494, -21.326992991809973 ], [ -45.025268839110254, -21.326992991809973 ], [ -45.025268839110254, -21.327531980980446 ], [ -45.024729849939781, -21.327531980980446 ], [ -45.024729849939781, -21.328340464736147 ], [ -45.024999344525021, -21.328340464736151 ], [ -45.024999344525021, -21.32887945390662 ], [ -45.025268839110254, -21.328879453906616 ], [ -45.025268839110254, -21.329148948491852 ], [ -45.025538333695494, -21.329148948491859 ], [ -45.025538333695494, -21.329418443077085 ], [ -45.026077322865966, -21.329418443077088 ], [ -45.026077322865966, -21.328879453906627 ], [ -45.026346817451198, -21.328879453906627 ], [ -45.026346817451198, -21.32860995932139 ], [ -45.026885806621671, -21.328609959321383 ], [ -45.026885806621671, -21.327801475565682 ], [ -45.027155301206903, -21.327801475565675 ], [ -45.027155301206903, -21.327531980980446 ], [ -45.026616312036438, -21.327531980980442 ], [ -45.026616312036438, -21.327801475565682 ], [ -45.026346817451198, -21.327801475565678 ], [ -45.026346817451198, -21.32726248639521 ], [ -45.026616312036438, -21.32726248639521 ], [ -45.026616312036438, -21.326992991809973 ], [ -45.026885806621671, -21.326992991809973 ], [ -45.026885806621671, -21.327262486395213 ], [ -45.027155301206903, -21.32726248639521 ], [ -45.027155301206903, -21.326454002639505 ], [ -45.026885806621671, -21.326454002639501 ], [ -45.026885806621671, -21.326723497224734 ], [ -45.026077322865966, -21.326723497224737 ], [ -45.026077322865966, -21.326992991809973 ], [ -45.025807828280726, -21.326992991809973 ], [ -45.025807828280726, -21.32726248639521 ], [ -45.025538333695494, -21.32726248639521 ], [ -45.025538333695494, -21.326992991809973 ] ], [ [ -45.025268839110254, -21.328070970150918 ], [ -45.026346817451198, -21.328070970150918 ], [ -45.026346817451198, -21.328340464736144 ], [ -45.026077322865966, -21.328340464736147 ], [ -45.026077322865966, -21.32860995932139 ], [ -45.025807828280726, -21.328609959321383 ], [ -45.025807828280726, -21.32887945390662 ], [ -45.025268839110254, -21.328879453906616 ], [ -45.025268839110254, -21.328070970150918 ] ] ] } },
{ "type": "Feature", "properties": { "id_feicao": "fogo_2025_233", "ano": 2025.0, "mes": 9, "codigo_original": 3, "classe": "Formação Florestal", "cor": "#1f8d49", "area_ha": 0.08335644279830158 }, "geometry": { "type": "Polygon", "coordinates": [ [ [ -45.017722990723655, -21.32726248639521 ], [ -45.017992485308888, -21.32726248639521 ], [ -45.017992485308888, -21.326992991809973 ], [ -45.017722990723655, -21.326992991809973 ], [ -45.017722990723655, -21.32726248639521 ] ] ] } },
{ "type": "Feature", "properties": { "id_feicao": "fogo_2025_234", "ano": 2025.0, "mes": 9, "codigo_original": 3, "classe": "Formação Florestal", "cor": "#1f8d49", "area_ha": 1.0836365550425715 }, "geometry": { "type": "Polygon", "coordinates": [ [ [ -45.017184001553183, -21.326992991809973 ], [ -45.017184001553183, -21.327531980980446 ], [ -45.017722990723655, -21.327531980980449 ], [ -45.017722990723655, -21.32726248639521 ], [ -45.017453496138415, -21.32726248639521 ], [ -45.017453496138415, -21.32672349722473 ], [ -45.017184001553183, -21.326723497224737 ], [ -45.017184001553183, -21.326454002639505 ], [ -45.01664501238271, -21.326454002639505 ], [ -45.01664501238271, -21.326184508054268 ], [ -45.016106023212238, -21.326184508054265 ], [ -45.016106023212238, -21.326454002639501 ], [ -45.015836528626998, -21.326454002639501 ], [ -45.015836528626998, -21.32672349722473 ], [ -45.01664501238271, -21.326723497224734 ], [ -45.01664501238271, -21.326992991809973 ], [ -45.017184001553183, -21.326992991809973 ] ] ] } },
{ "type": "Feature", "properties": { "id_feicao": "fogo_2025_235", "ano": 2025.0, "mes": 9, "codigo_original": 3, "classe": "Formação Florestal", "cor": "#1f8d49", "area_ha": 1.0002820209350347 }, "geometry": { "type": "Polygon", "coordinates": [ [ [ -45.015028044871293, -21.326992991809973 ], [ -45.015028044871293, -21.326723497224734 ], [ -45.015567034041766, -21.326723497224737 ], [ -45.015567034041766, -21.326184508054272 ], [ -45.015297539456526, -21.326184508054265 ], [ -45.015297539456526, -21.326454002639508 ], [ -45.015028044871293, -21.326454002639501 ], [ -45.015028044871293, -21.325915013469025 ], [ -45.014219561115588, -21.325915013469029 ], [ -45.014219561115588, -21.326454002639501 ], [ -45.014489055700821, -21.326454002639508 ], [ -45.014489055700821, -21.326723497224734 ], [ -45.014758550286061, -21.326723497224737 ], [ -45.014758550286061, -21.326992991809977 ], [ -45.015028044871293, -21.326992991809973 ] ] ] } },
{ "type": "Feature", "properties": { "id_feicao": "fogo_2025_236", "ano": 2025.0, "mes": 9, "codigo_original": 3, "classe": "Formação Florestal", "cor": "#1f8d49", "area_ha": 5.3348324139761738 }, "geometry": { "type": "Polygon", "coordinates": [ [ [ -45.020687431161249, -21.326454002639505 ], [ -45.019878947405537, -21.326454002639501 ], [ -45.019878947405537, -21.326723497224737 ], [ -45.019339958235065, -21.326723497224737 ], [ -45.019339958235065, -21.326992991809973 ], [ -45.018800969064593, -21.326992991809977 ], [ -45.018800969064593, -21.327262486395206 ], [ -45.01826197989412, -21.327262486395213 ], [ -45.01826197989412, -21.327531980980449 ], [ -45.017722990723655, -21.327531980980449 ], [ -45.017722990723655, -21.327801475565682 ], [ -45.01853147447936, -21.327801475565682 ], [ -45.01853147447936, -21.328070970150922 ], [ -45.019070463649832, -21.328070970150918 ], [ -45.019070463649832, -21.327801475565678 ], [ -45.020148441990777, -21.327801475565678 ], [ -45.020148441990777, -21.327531980980442 ], [ -45.020687431161249, -21.327531980980449 ], [ -45.020687431161249, -21.32726248639521 ], [ -45.020956925746482, -21.327262486395213 ], [ -45.020956925746482, -21.326723497224737 ], [ -45.021226420331715, -21.326723497224737 ], [ -45.021226420331715, -21.326454002639501 ], [ -45.021495914916954, -21.326454002639505 ], [ -45.021495914916954, -21.326184508054268 ], [ -45.021765409502187, -21.326184508054265 ], [ -45.021765409502187, -21.325915013469029 ], [ -45.022034904087427, -21.325915013469029 ], [ -45.022034904087427, -21.325376024298556 ], [ -45.022573893257899, -21.325376024298556 ], [ -45.022573893257899, -21.32510652971332 ], [ -45.021765409502187, -21.32510652971332 ], [ -45.021765409502187, -21.324837035128091 ], [ -45.022034904087427, -21.324837035128084 ], [ -45.022034904087427, -21.324567540542851 ], [ -45.021495914916954, -21.324567540542851 ], [ -45.021495914916954, -21.324837035128084 ], [ -45.020956925746482, -21.324837035128088 ], [ -45.020956925746482, -21.326184508054261 ], [ -45.020687431161249, -21.326184508054265 ], [ -45.020687431161249, -21.326454002639505 ] ] ] } },
{ "type": "Feature", "properties": { "id_feicao": "fogo_2025_237", "ano": 2025.0, "mes": 9, "codigo_original": 3, "classe": "Formação Florestal", "cor": "#1f8d49", "area_ha": 0.083358091463453951 }, "geometry": { "type": "Polygon", "coordinates": [ [ [ -45.022573893257899, -21.324298045957612 ], [ -45.022573893257899, -21.324028551372379 ], [ -45.022304398672659, -21.324028551372379 ], [ -45.022304398672659, -21.324298045957615 ], [ -45.022573893257899, -21.324298045957612 ] ] ] } },
{ "type": "Feature", "properties": { "id_feicao": "fogo_2025_238", "ano": 2025.0, "mes": 9, "codigo_original": 3, "classe": "Formação Florestal", "cor": "#1f8d49", "area_ha": 0.083358240691773791 }, "geometry": { "type": "Polygon", "coordinates": [ [ [ -45.022304398672659, -21.324028551372379 ], [ -45.022304398672659, -21.323759056787146 ], [ -45.022034904087427, -21.32375905678715 ], [ -45.022034904087427, -21.324028551372376 ], [ -45.022304398672659, -21.324028551372379 ] ] ] } },
{ "type": "Feature", "properties": { "id_feicao": "fogo_2025_239", "ano": 2025.0, "mes": 9, "codigo_original": 3, "classe": "Formação Florestal", "cor": "#1f8d49", "area_ha": 13.586773759472544 }, "geometry": { "type": "Polygon", "coordinates": [ [ [ -44.996702413075255, -21.328609959321383 ], [ -44.996702413075255, -21.329418443077092 ], [ -44.996971907660487, -21.329418443077088 ], [ -44.996971907660487, -21.329687937662328 ], [ -44.999397358927617, -21.329687937662325 ], [ -44.999397358927617, -21.330226926832804 ], [ -44.999666853512849, -21.3302269268328 ], [ -44.999666853512849, -21.330496421418044 ], [ -45.000744831853794, -21.330496421418037 ], [ -45.000744831853794, -21.330226926832797 ], [ -45.001014326439034, -21.3302269268328 ], [ -45.001014326439034, -21.330765916003269 ], [ -45.001553315609506, -21.330765916003269 ], [ -45.001553315609506, -21.331035410588505 ], [ -45.001822810194739, -21.331035410588512 ], [ -45.001822810194739, -21.331304905173738 ], [ -45.001283821024266, -21.331304905173742 ], [ -45.001283821024266, -21.331574399758967 ], [ -45.001822810194739, -21.331574399758985 ], [ -45.001822810194739, -21.331843894344214 ], [ -45.002092304779978, -21.331843894344221 ], [ -45.002092304779978, -21.332113388929454 ], [ -45.002361799365211, -21.33211338892945 ], [ -45.002361799365211, -21.332652378099919 ], [ -45.004517756047093, -21.332652378099922 ], [ -45.004517756047093, -21.332921872685162 ], [ -45.00478725063234, -21.332921872685159 ], [ -45.00478725063234, -21.332382883514686 ], [ -45.005326239802812, -21.332382883514686 ], [ -45.005326239802812, -21.332113388929454 ], [ -45.005865228973271, -21.332113388929454 ], [ -45.005865228973271, -21.331843894344207 ], [ -45.006404218143743, -21.33184389434421 ], [ -45.006404218143743, -21.331574399758985 ], [ -45.00613472355851, -21.331574399758974 ], [ -45.00613472355851, -21.331035410588509 ], [ -45.005865228973271, -21.331035410588516 ], [ -45.005865228973271, -21.330765916003273 ], [ -45.005595734388038, -21.330765916003276 ], [ -45.005595734388038, -21.33049642141804 ], [ -45.005326239802812, -21.330496421418033 ], [ -45.005326239802812, -21.330765916003269 ], [ -45.005056745217566, -21.330765916003273 ], [ -45.005056745217566, -21.33049642141804 ], [ -45.00478725063234, -21.330496421418044 ], [ -45.00478725063234, -21.330765916003269 ], [ -45.004517756047093, -21.330765916003273 ], [ -45.004517756047093, -21.331035410588509 ], [ -45.003709272291395, -21.331035410588516 ], [ -45.003709272291395, -21.330765916003266 ], [ -45.003439777706149, -21.330765916003273 ], [ -45.003439777706149, -21.331035410588509 ], [ -45.002631293950451, -21.331035410588509 ], [ -45.002631293950451, -21.330496421418037 ], [ -45.002361799365211, -21.330496421418037 ], [ -45.002361799365211, -21.329957432247561 ], [ -45.001283821024266, -21.329957432247561 ], [ -45.001283821024266, -21.329687937662328 ], [ -45.001014326439034, -21.329687937662325 ], [ -45.001014326439034, -21.329418443077099 ], [ -45.000744831853794, -21.329418443077085 ], [ -45.000744831853794, -21.329148948491852 ], [ -45.000205842683322, -21.329148948491859 ], [ -45.000205842683322, -21.329418443077088 ], [ -44.998588875171905, -21.329418443077099 ], [ -44.998588875171905, -21.328879453906612 ], [ -44.998319380586672, -21.328879453906623 ], [ -44.998319380586672, -21.328340464736151 ], [ -44.998049886001432, -21.328340464736144 ], [ -44.998049886001432, -21.328609959321383 ], [ -44.9977803914162, -21.328609959321383 ], [ -44.9977803914162, -21.328879453906612 ], [ -44.996971907660487, -21.328879453906623 ], [ -44.996971907660487, -21.32860995932139 ], [ -44.996702413075255, -21.328609959321383 ] ], [ [ -45.002361799365211, -21.331843894344217 ], [ -45.002631293950451, -21.331843894344217 ], [ -45.002631293950451, -21.33211338892945 ], [ -45.002361799365211, -21.33211338892945 ], [ -45.002361799365211, -21.331843894344217 ] ], [ [ -45.003709272291395, -21.332382883514686 ], [ -45.003709272291395, -21.332113388929447 ], [ -45.003978766876621, -21.332113388929454 ], [ -45.003978766876621, -21.332382883514683 ], [ -45.003709272291395, -21.332382883514686 ] ], [ [ -45.003978766876621, -21.331843894344217 ], [ -45.003709272291395, -21.331843894344207 ], [ -45.003709272291395, -21.331574399758978 ], [ -45.003978766876621, -21.331574399758981 ], [ -45.003978766876621, -21.331843894344217 ] ] ] } },
{ "type": "Feature", "properties": { "id_feicao": "fogo_2025_240", "ano": 2025.0, "mes": 9, "codigo_original": 3, "classe": "Formação Florestal", "cor": "#1f8d49", "area_ha": 0.083354641881508887 }, "geometry": { "type": "Polygon", "coordinates": [ [ [ -45.00478725063234, -21.330496421418044 ], [ -45.00478725063234, -21.3302269268328 ], [ -45.004517756047093, -21.3302269268328 ], [ -45.004517756047093, -21.330496421418033 ], [ -45.00478725063234, -21.330496421418044 ] ] ] } },
{ "type": "Feature", "properties": { "id_feicao": "fogo_2025_241", "ano": 2025.0, "mes": 9, "codigo_original": 3, "classe": "Formação Florestal", "cor": "#1f8d49", "area_ha": 0.08335494107191592 }, "geometry": { "type": "Polygon", "coordinates": [ [ [ -45.005326239802812, -21.329957432247561 ], [ -45.005326239802812, -21.329687937662332 ], [ -45.005056745217566, -21.329687937662325 ], [ -45.005056745217566, -21.329957432247564 ], [ -45.005326239802812, -21.329957432247561 ] ] ] } },
{ "type": "Feature", "properties": { "id_feicao": "fogo_2025_242", "ano": 2025.0, "mes": 9, "codigo_original": 3, "classe": "Formação Florestal", "cor": "#1f8d49", "area_ha": 0.083355090667121115 }, "geometry": { "type": "Polygon", "coordinates": [ [ [ -45.005326239802812, -21.329687937662332 ], [ -45.005595734388038, -21.329687937662328 ], [ -45.005595734388038, -21.329418443077092 ], [ -45.005326239802812, -21.329418443077092 ], [ -45.005326239802812, -21.329687937662332 ] ] ] } },
{ "type": "Feature", "properties": { "id_feicao": "fogo_2025_243", "ano": 2025.0, "mes": 9, "codigo_original": 3, "classe": "Formação Florestal", "cor": "#1f8d49", "area_ha": 0.083355389085611589 }, "geometry": { "type": "Polygon", "coordinates": [ [ [ -45.001014326439034, -21.329148948491856 ], [ -45.001014326439034, -21.328879453906627 ], [ -45.000744831853794, -21.328879453906623 ], [ -45.000744831853794, -21.329148948491852 ], [ -45.001014326439034, -21.329148948491856 ] ] ] } },
{ "type": "Feature", "properties": { "id_feicao": "fogo_2025_244", "ano": 2025.0, "mes": 9, "codigo_original": 3, "classe": "Formação Florestal", "cor": "#1f8d49", "area_ha": 0.083355841955521051 }, "geometry": { "type": "Polygon", "coordinates": [ [ [ -44.986192124251055, -21.328340464736154 ], [ -44.986192124251055, -21.328070970150918 ], [ -44.985922629665822, -21.328070970150918 ], [ -44.985922629665822, -21.328340464736151 ], [ -44.986192124251055, -21.328340464736154 ] ] ] } },
{ "type": "Feature", "properties": { "id_feicao": "fogo_2025_245", "ano": 2025.0, "mes": 9, "codigo_original": 3, "classe": "Formação Florestal", "cor": "#1f8d49", "area_ha": 0.083355838518775996 }, "geometry": { "type": "Polygon", "coordinates": [ [ [ -45.00613472355851, -21.328340464736147 ], [ -45.006404218143743, -21.328340464736154 ], [ -45.006404218143743, -21.328070970150918 ], [ -45.00613472355851, -21.328070970150918 ], [ -45.00613472355851, -21.328340464736147 ] ] ] } },
{ "type": "Feature", "properties": { "id_feicao": "fogo_2025_246", "ano": 2025.0, "mes": 9, "codigo_original": 3, "classe": "Formação Florestal", "cor": "#1f8d49", "area_ha": 2.5194848035666166 }, "geometry": { "type": "Polygon", "coordinates": [ [ [ -44.995354940149078, -21.328340464736147 ], [ -44.995354940149078, -21.328070970150922 ], [ -44.99562443473431, -21.328070970150925 ], [ -44.99562443473431, -21.328340464736147 ], [ -44.996163423904783, -21.328340464736151 ], [ -44.996163423904783, -21.328070970150918 ], [ -44.99589392931955, -21.328070970150918 ], [ -44.99589392931955, -21.327531980980446 ], [ -44.99562443473431, -21.327531980980453 ], [ -44.99562443473431, -21.327801475565682 ], [ -44.995354940149078, -21.327801475565682 ], [ -44.995354940149078, -21.327531980980449 ], [ -44.995085445563838, -21.327531980980442 ], [ -44.995085445563838, -21.326992991809973 ], [ -44.994546456393365, -21.326992991809973 ], [ -44.994546456393365, -21.326454002639501 ], [ -44.994007467222893, -21.326454002639501 ], [ -44.994007467222893, -21.326184508054261 ], [ -44.993737972637661, -21.326184508054261 ], [ -44.993737972637774, -21.327434762609137 ], [ -44.993895, -21.327525 ], [ -44.993900931850781, -21.327531981032077 ], [ -44.994007467222893, -21.327531980980449 ], [ -44.994007467222914, -21.327657359433008 ], [ -44.994042, -21.327697999999899 ], [ -44.994190877998456, -21.327801475612635 ], [ -44.994276961808133, -21.327801475565682 ], [ -44.994276961808147, -21.327861306858033 ], [ -44.994323999999899, -21.327894 ], [ -44.994569, -21.328032 ], [ -44.994802, -21.328192999999899 ], [ -44.994991338024484, -21.328340465217195 ], [ -44.995354940149078, -21.328340464736147 ] ], [ [ -44.994276961808133, -21.326723497224734 ], [ -44.994276961808133, -21.327262486395213 ], [ -44.994007467222893, -21.32726248639521 ], [ -44.994007467222893, -21.326723497224741 ], [ -44.994276961808133, -21.326723497224734 ] ] ] } },
{ "type": "Feature", "properties": { "id_feicao": "fogo_2025_247", "ano": 2025.0, "mes": 9, "codigo_original": 3, "classe": "Formação Florestal", "cor": "#1f8d49", "area_ha": 0.75020778131701904 }, "geometry": { "type": "Polygon", "coordinates": [ [ [ -45.006673712728983, -21.328070970150911 ], [ -45.006673712728983, -21.327801475565682 ], [ -45.006943207314215, -21.327801475565686 ], [ -45.006943207314215, -21.326992991809973 ], [ -45.007212701899455, -21.326992991809977 ], [ -45.007212701899455, -21.326184508054265 ], [ -45.006943207314215, -21.326184508054265 ], [ -45.006943207314215, -21.32672349722473 ], [ -45.006673712728983, -21.326723497224737 ], [ -45.006673712728983, -21.327531980980442 ], [ -45.006404218143743, -21.327531980980442 ], [ -45.006404218143743, -21.328070970150918 ], [ -45.006673712728983, -21.328070970150911 ] ] ] } },
{ "type": "Feature", "properties": { "id_feicao": "fogo_2025_248", "ano": 2025.0, "mes": 9, "codigo_original": 3, "classe": "Formação Florestal", "cor": "#1f8d49", "area_ha": 0.16671377159534023 }, "geometry": { "type": "Polygon", "coordinates": [ [ [ -45.00802118565516, -21.326454002639501 ], [ -45.008560174825632, -21.326454002639498 ], [ -45.008560174825632, -21.326184508054261 ], [ -45.00802118565516, -21.326184508054261 ], [ -45.00802118565516, -21.326454002639501 ] ] ] } },
{ "type": "Feature", "properties": { "id_feicao": "fogo_2025_249", "ano": 2025.0, "mes": 9, "codigo_original": 3, "classe": "Formação Florestal", "cor": "#1f8d49", "area_ha": 1.4170681815363038 }, "geometry": { "type": "Polygon", "coordinates": [ [ [ -45.010177142337049, -21.326454002639505 ], [ -45.010177142337049, -21.326723497224744 ], [ -45.010716131507522, -21.326723497224734 ], [ -45.010716131507522, -21.326184508054265 ], [ -45.010446636922282, -21.326184508054265 ], [ -45.010446636922282, -21.325915013469025 ], [ -45.009099163996105, -21.325915013469025 ], [ -45.009099163996105, -21.325645518883793 ], [ -45.008829669410872, -21.325645518883793 ], [ -45.008829669410872, -21.325915013469029 ], [ -45.008560174825632, -21.325915013469025 ], [ -45.008560174825632, -21.326184508054261 ], [ -45.008829669410872, -21.326184508054261 ], [ -45.008829669410872, -21.326454002639505 ], [ -45.010177142337049, -21.326454002639505 ] ] ] } },
{ "type": "Feature", "properties": { "id_feicao": "fogo_2025_250", "ano": 2025.0, "mes": 9, "codigo_original": 3, "classe": "Formação Florestal", "cor": "#1f8d49", "area_ha": 0.16671407022992338 }, "geometry": { "type": "Polygon", "coordinates": [ [ [ -45.00802118565516, -21.326184508054261 ], [ -45.00802118565516, -21.325915013469029 ], [ -45.007482196484688, -21.325915013469025 ], [ -45.007482196484688, -21.326184508054268 ], [ -45.00802118565516, -21.326184508054261 ] ] ] } },
{ "type": "Feature", "properties": { "id_feicao": "fogo_2025_251", "ano": 2025.0, "mes": 9, "codigo_original": 3, "classe": "Formação Florestal", "cor": "#1f8d49", "area_ha": 0.083357184861517927 }, "geometry": { "type": "Polygon", "coordinates": [ [ [ -45.008560174825632, -21.325915013469025 ], [ -45.008560174825632, -21.325645518883793 ], [ -45.0082906802404, -21.325645518883793 ], [ -45.0082906802404, -21.325915013469029 ], [ -45.008560174825632, -21.325915013469025 ] ] ] } },
{ "type": "Feature", "properties": { "id_feicao": "fogo_2025_252", "ano": 2025.0, "mes": 9, "codigo_original": 3, "classe": "Formação Florestal", "cor": "#1f8d49", "area_ha": 2.0839410273065559 }, "geometry": { "type": "Polygon", "coordinates": [ [ [ -44.999397358927617, -21.325915013469029 ], [ -44.999397358927617, -21.326184508054268 ], [ -44.999666853512849, -21.326184508054268 ], [ -44.999666853512849, -21.325645518883796 ], [ -44.999936348098089, -21.325645518883793 ], [ -44.999936348098089, -21.325376024298556 ], [ -45.000205842683322, -21.325376024298556 ], [ -45.000205842683322, -21.325106529713317 ], [ -45.000475337268561, -21.32510652971332 ], [ -45.000475337268561, -21.324837035128091 ], [ -45.000205842683322, -21.324837035128084 ], [ -45.000205842683322, -21.323759056787139 ], [ -44.999936348098089, -21.323759056787143 ], [ -44.999936348098089, -21.324028551372376 ], [ -44.999397358927617, -21.324028551372376 ], [ -44.999397358927617, -21.324837035128088 ], [ -44.999127864342377, -21.324837035128091 ], [ -44.999127864342377, -21.325915013469025 ], [ -44.999397358927617, -21.325915013469029 ] ] ] } },
{ "type": "Feature", "properties": { "id_feicao": "fogo_2025_253", "ano": 2025.0, "mes": 9, "codigo_original": 3, "classe": "Formação Florestal", "cor": "#1f8d49", "area_ha": 0.083359276236039032 }, "geometry": { "type": "Polygon", "coordinates": [ [ [ -45.001014326439034, -21.322142089275729 ], [ -45.001014326439034, -21.32187259469049 ], [ -45.000744831853794, -21.321872594690486 ], [ -45.000744831853794, -21.322142089275722 ], [ -45.001014326439034, -21.322142089275729 ] ] ] } },
{ "type": "Feature", "properties": { "id_feicao": "fogo_2025_254", "ano": 2025.0, "mes": 9, "codigo_original": 3, "classe": "Formação Florestal", "cor": "#1f8d49", "area_ha": 0.083418626756634584 }, "geometry": { "type": "Polygon", "coordinates": [ [ [ -44.993737972637661, -21.21488324435186 ], [ -44.993737972637661, -21.214613749766613 ], [ -44.993468478052428, -21.214613749766617 ], [ -44.993468478052428, -21.214883244351853 ], [ -44.993737972637661, -21.21488324435186 ] ] ] } },
{ "type": "Feature", "properties": { "id_feicao": "fogo_2025_255", "ano": 2025.0, "mes": 9, "codigo_original": 4, "classe": "Formação Savânica", "cor": "#7dc975", "area_ha": 0.33340640698801727 }, "geometry": { "type": "Polygon", "coordinates": [ [ [ -45.034162160423037, -21.336155807707993 ], [ -45.034701149593509, -21.336155807707982 ], [ -45.034701149593509, -21.335616818537527 ], [ -45.034162160423037, -21.335616818537517 ], [ -45.034162160423037, -21.336155807707993 ] ] ] } },
{ "type": "Feature", "properties": { "id_feicao": "fogo_2025_256", "ano": 2025.0, "mes": 9, "codigo_original": 4, "classe": "Formação Savânica", "cor": "#7dc975", "area_ha": 0.25005612829430029 }, "geometry": { "type": "Polygon", "coordinates": [ [ [ -45.03092822540021, -21.335077829367041 ], [ -45.03065873081497, -21.335077829367044 ], [ -45.03065873081497, -21.335347323952277 ], [ -45.031197719985443, -21.335347323952281 ], [ -45.031197719985443, -21.334808334781808 ], [ -45.03092822540021, -21.334808334781815 ], [ -45.03092822540021, -21.335077829367041 ] ] ] } },
{ "type": "Feature", "properties": { "id_feicao": "fogo_2025_257", "ano": 2025.0, "mes": 9, "codigo_original": 12, "classe": "Formação Campestre", "cor": "#d6bc74", "area_ha": 18.420617670723022 }, "geometry": { "type": "Polygon", "coordinates": [ [ [ -45.023112882428372, -21.334808334781812 ], [ -45.023112882428372, -21.33561681853752 ], [ -45.022843387843132, -21.335616818537524 ], [ -45.022843387843132, -21.336155807707986 ], [ -45.022304398672659, -21.336155807707989 ], [ -45.022304398672659, -21.336425302293225 ], [ -45.021765409502187, -21.336425302293225 ], [ -45.021765409502187, -21.336155807707989 ], [ -45.021226420331715, -21.336155807707993 ], [ -45.021226420331715, -21.337503280634163 ], [ -45.021765409502187, -21.337503280634174 ], [ -45.021765409502187, -21.33723378604893 ], [ -45.022034904087427, -21.337233786048934 ], [ -45.022034904087427, -21.338581258975111 ], [ -45.021495914916954, -21.338581258975111 ], [ -45.021495914916954, -21.339120248145587 ], [ -45.021765409502187, -21.33912024814558 ], [ -45.021765409502187, -21.339659237316052 ], [ -45.022034904087427, -21.339659237316059 ], [ -45.022034904087427, -21.33938974273082 ], [ -45.022304398672659, -21.33938974273082 ], [ -45.022304398672659, -21.337772775219403 ], [ -45.022573893257899, -21.337772775219406 ], [ -45.022573893257899, -21.33750328063417 ], [ -45.022843387843132, -21.33750328063417 ], [ -45.022843387843132, -21.337772775219406 ], [ -45.024729849939781, -21.337772775219403 ], [ -45.024729849939781, -21.338042269804632 ], [ -45.025538333695494, -21.338042269804646 ], [ -45.025538333695494, -21.337503280634166 ], [ -45.025807828280726, -21.33750328063417 ], [ -45.025807828280726, -21.336964291463698 ], [ -45.025538333695494, -21.336964291463705 ], [ -45.025538333695494, -21.336694796878458 ], [ -45.026077322865966, -21.336694796878465 ], [ -45.026077322865966, -21.336425302293225 ], [ -45.026346817451198, -21.336425302293222 ], [ -45.026346817451198, -21.336694796878469 ], [ -45.027155301206903, -21.336694796878454 ], [ -45.027155301206903, -21.337233786048927 ], [ -45.027424795792143, -21.337233786048934 ], [ -45.027424795792143, -21.33777277521941 ], [ -45.028233279547848, -21.337772775219406 ], [ -45.028233279547848, -21.337503280634174 ], [ -45.028772268718321, -21.337503280634166 ], [ -45.028772268718321, -21.336155807707986 ], [ -45.026077322865966, -21.336155807707986 ], [ -45.026077322865966, -21.334269345611347 ], [ -45.024460355354549, -21.334269345611336 ], [ -45.024460355354549, -21.334538840196572 ], [ -45.023651871598844, -21.334538840196583 ], [ -45.023651871598844, -21.334808334781808 ], [ -45.023112882428372, -21.334808334781812 ] ] ] } },
{ "type": "Feature", "properties": { "id_feicao": "fogo_2025_258", "ano": 2025.0, "mes": 9, "codigo_original": 12, "classe": "Formação Campestre", "cor": "#d6bc74", "area_ha": 28.923311547133704 }, "geometry": { "type": "Polygon", "coordinates": [ [ [ -45.026885806621671, -21.331035410588516 ], [ -45.026885806621671, -21.331304905173745 ], [ -45.027155301206903, -21.331304905173738 ], [ -45.027155301206903, -21.331574399758978 ], [ -45.028233279547848, -21.331574399758974 ], [ -45.028233279547848, -21.33211338892945 ], [ -45.028502774133088, -21.332113388929454 ], [ -45.028502774133088, -21.332382883514679 ], [ -45.028772268718321, -21.332382883514693 ], [ -45.028772268718321, -21.335886313122753 ], [ -45.030119741644498, -21.335886313122746 ], [ -45.030119741644498, -21.335347323952281 ], [ -45.03065873081497, -21.335347323952277 ], [ -45.03065873081497, -21.335077829367044 ], [ -45.03092822540021, -21.335077829367041 ], [ -45.03092822540021, -21.334808334781815 ], [ -45.031197719985443, -21.334808334781808 ], [ -45.031197719985443, -21.335347323952281 ], [ -45.032545192911627, -21.335347323952284 ], [ -45.032545192911627, -21.338581258975118 ], [ -45.031467214570682, -21.338581258975115 ], [ -45.031467214570682, -21.338850753560351 ], [ -45.03092822540021, -21.338850753560351 ], [ -45.03092822540021, -21.33938974273082 ], [ -45.031736709155915, -21.339389742730816 ], [ -45.031736709155915, -21.33912024814558 ], [ -45.032275698326387, -21.33912024814558 ], [ -45.032275698326387, -21.338850753560347 ], [ -45.03281468749686, -21.338850753560354 ], [ -45.03281468749686, -21.337503280634163 ], [ -45.033623171252565, -21.337503280634166 ], [ -45.033623171252565, -21.337233786048927 ], [ -45.033892665837804, -21.337233786048927 ], [ -45.033892665837804, -21.336155807707989 ], [ -45.034162160423037, -21.336155807707993 ], [ -45.034162160423037, -21.335616818537517 ], [ -45.034701149593509, -21.335616818537527 ], [ -45.034701149593509, -21.336155807707982 ], [ -45.035509633349221, -21.336155807707989 ], [ -45.035509633349221, -21.334538840196579 ], [ -45.036587611690159, -21.334538840196579 ], [ -45.036587611690159, -21.332652378099922 ], [ -45.035509633349221, -21.332652378099922 ], [ -45.035509633349221, -21.333191367270402 ], [ -45.035240138763982, -21.333191367270398 ], [ -45.035240138763982, -21.334269345611336 ], [ -45.03281468749686, -21.334269345611343 ], [ -45.03281468749686, -21.332652378099919 ], [ -45.032275698326387, -21.332652378099922 ], [ -45.032275698326387, -21.332382883514683 ], [ -45.03065873081497, -21.332382883514683 ], [ -45.03065873081497, -21.333191367270398 ], [ -45.029850247059265, -21.333191367270395 ], [ -45.029850247059265, -21.332921872685166 ], [ -45.029580752474033, -21.332921872685159 ], [ -45.029580752474033, -21.33238288351469 ], [ -45.029311257888793, -21.332382883514683 ], [ -45.029311257888793, -21.332113388929447 ], [ -45.02904176330356, -21.33211338892945 ], [ -45.02904176330356, -21.331574399758978 ], [ -45.028772268718321, -21.331574399758978 ], [ -45.028772268718321, -21.331304905173738 ], [ -45.028502774133088, -21.331304905173752 ], [ -45.028502774133088, -21.330765916003266 ], [ -45.027694290377376, -21.330765916003269 ], [ -45.027694290377376, -21.330496421418044 ], [ -45.026885806621671, -21.330496421418037 ], [ -45.026885806621671, -21.329957432247554 ], [ -45.026346817451198, -21.329957432247571 ], [ -45.026346817451198, -21.329687937662335 ], [ -45.025807828280726, -21.329687937662328 ], [ -45.025807828280726, -21.33049642141804 ], [ -45.026077322865966, -21.33049642141804 ], [ -45.026077322865966, -21.331035410588512 ], [ -45.026885806621671, -21.331035410588516 ] ] ] } },
{ "type": "Feature", "properties": { "id_feicao": "fogo_2025_259", "ano": 2025.0, "mes": 9, "codigo_original": 12, "classe": "Formação Campestre", "cor": "#d6bc74", "area_ha": 0.33341893399534406 }, "geometry": { "type": "Polygon", "coordinates": [ [ [ -45.027694290377376, -21.329957432247568 ], [ -45.027694290377376, -21.330496421418044 ], [ -45.028233279547848, -21.33049642141804 ], [ -45.028233279547848, -21.329957432247568 ], [ -45.027694290377376, -21.329957432247568 ] ] ] } },
{ "type": "Feature", "properties": { "id_feicao": "fogo_2025_260", "ano": 2025.0, "mes": 9, "codigo_original": 12, "classe": "Formação Campestre", "cor": "#d6bc74", "area_ha": 0.083358251080848281 }, "geometry": { "type": "Polygon", "coordinates": [ [ [ -45.167022990944318, -21.325106529713324 ], [ -45.167292485529551, -21.32510652971332 ], [ -45.167292485529551, -21.324837035128088 ], [ -45.167022990944318, -21.324837035128095 ], [ -45.167022990944318, -21.325106529713324 ] ] ] } },
{ "type": "Feature", "properties": { "id_feicao": "fogo_2025_261", "ano": 2025.0, "mes": 9, "codigo_original": 12, "classe": "Formação Campestre", "cor": "#d6bc74", "area_ha": 0.083383720137830825 }, "geometry": { "type": "Polygon", "coordinates": [ [ [ -45.06784898357752, -21.278214471882279 ], [ -45.068118478162759, -21.278214471882279 ], [ -45.068118478162759, -21.27794497729705 ], [ -45.06784898357752, -21.277944977297043 ], [ -45.06784898357752, -21.278214471882279 ] ] ] } },
{ "type": "Feature", "properties": { "id_feicao": "fogo_2025_262", "ano": 2025.0, "mes": 9, "codigo_original": 12, "classe": "Formação Campestre", "cor": "#d6bc74", "area_ha": 0.25028693710798416 }, "geometry": { "type": "Polygon", "coordinates": [ [ [ -45.119052954772336, -21.196827107141061 ], [ -45.119052954772336, -21.196288117970578 ], [ -45.118513965601863, -21.196288117970575 ], [ -45.118513965601863, -21.196557612555818 ], [ -45.118783460187096, -21.196557612555821 ], [ -45.118783460187096, -21.196827107141058 ], [ -45.119052954772336, -21.196827107141061 ] ] ] } },
{ "type": "Feature", "properties": { "id_feicao": "fogo_2025_263", "ano": 2025.0, "mes": 9, "codigo_original": 12, "classe": "Formação Campestre", "cor": "#d6bc74", "area_ha": 0.33373129640109839 }, "geometry": { "type": "Polygon", "coordinates": [ [ [ -45.115549525164269, -21.190089742510157 ], [ -45.115819019749502, -21.19008974251016 ], [ -45.115819019749502, -21.189011764169212 ], [ -45.115549525164269, -21.189011764169212 ], [ -45.115549525164269, -21.190089742510157 ] ] ] } },
{ "type": "Feature", "properties": { "id_feicao": "fogo_2025_264", "ano": 2025.0, "mes": 9, "codigo_original": 12, "classe": "Formação Campestre", "cor": "#d6bc74", "area_ha": 0.33373487074151637 }, "geometry": { "type": "Polygon", "coordinates": [ [ [ -45.115819019749502, -21.188203280413507 ], [ -45.116358008919974, -21.1882032804135 ], [ -45.116358008919974, -21.187664291243028 ], [ -45.115819019749502, -21.187664291243038 ], [ -45.115819019749502, -21.188203280413507 ] ] ] } },
{ "type": "Feature", "properties": { "id_feicao": "fogo_2025_265", "ano": 2025.0, "mes": 9, "codigo_original": 12, "classe": "Formação Campestre", "cor": "#d6bc74", "area_ha": 0.083434389752029076 }, "geometry": { "type": "Polygon", "coordinates": [ [ [ -45.116627503505214, -21.186586312902083 ], [ -45.116627503505214, -21.186855807487326 ], [ -45.116896998090446, -21.186855807487323 ], [ -45.116896998090446, -21.186586312902087 ], [ -45.116627503505214, -21.186586312902083 ] ] ] } },
{ "type": "Feature", "properties": { "id_feicao": "fogo_2025_266", "ano": 2025.0, "mes": 9, "codigo_original": 12, "classe": "Formação Campestre", "cor": "#d6bc74", "area_ha": 0.66747852418189868 }, "geometry": { "type": "Polygon", "coordinates": [ [ [ -45.111776600970963, -21.186047323731618 ], [ -45.113932557652852, -21.186047323731614 ], [ -45.113932557652852, -21.185777829146392 ], [ -45.111776600970963, -21.185777829146389 ], [ -45.111776600970963, -21.186047323731618 ] ] ] } },
{ "type": "Feature", "properties": { "id_feicao": "fogo_2025_267", "ano": 2025.0, "mes": 9, "codigo_original": 12, "classe": "Formação Campestre", "cor": "#d6bc74", "area_ha": 0.083434808121062812 }, "geometry": { "type": "Polygon", "coordinates": [ [ [ -45.111237611800497, -21.186047323731618 ], [ -45.11150710638573, -21.186047323731621 ], [ -45.11150710638573, -21.185777829146392 ], [ -45.111237611800497, -21.185777829146389 ], [ -45.111237611800497, -21.186047323731618 ] ] ] } },
{ "type": "Feature", "properties": { "id_feicao": "fogo_2025_268", "ano": 2025.0, "mes": 9, "codigo_original": 12, "classe": "Formação Campestre", "cor": "#d6bc74", "area_ha": 1.0002224650944207 }, "geometry": { "type": "Polygon", "coordinates": [ [ [ -45.021765409502187, -21.33561681853752 ], [ -45.021765409502187, -21.335077829367041 ], [ -45.022034904087427, -21.335077829367055 ], [ -45.022034904087427, -21.334808334781808 ], [ -45.020956925746482, -21.334808334781808 ], [ -45.020956925746482, -21.335886313122746 ], [ -45.021495914916954, -21.335886313122757 ], [ -45.021495914916954, -21.335616818537527 ], [ -45.021765409502187, -21.33561681853752 ] ] ] } },
{ "type": "Feature", "properties": { "id_feicao": "fogo_2025_269", "ano": 2025.0, "mes": 9, "codigo_original": 12, "classe": "Formação Campestre", "cor": "#d6bc74", "area_ha": 0.50013358062308344 }, "geometry": { "type": "Polygon", "coordinates": [ [ [ -44.946037431050911, -21.32887945390662 ], [ -44.946037431050911, -21.329148948491852 ], [ -44.946845914806623, -21.329148948491845 ], [ -44.946845914806623, -21.328340464736147 ], [ -44.946576420221383, -21.328340464736144 ], [ -44.946576420221383, -21.328609959321376 ], [ -44.946306925636151, -21.328609959321383 ], [ -44.946306925636151, -21.32887945390662 ], [ -44.946037431050911, -21.32887945390662 ] ] ] } },
{ "type": "Feature", "properties": { "id_feicao": "fogo_2025_270", "ano": 2025.0, "mes": 9, "codigo_original": 12, "classe": "Formação Campestre", "cor": "#d6bc74", "area_ha": 0.16671108666337295 }, "geometry": { "type": "Polygon", "coordinates": [ [ [ -44.98511414591011, -21.32860995932139 ], [ -44.98511414591011, -21.32887945390662 ], [ -44.985653135080582, -21.328879453906616 ], [ -44.985653135080582, -21.328609959321387 ], [ -44.98511414591011, -21.32860995932139 ] ] ] } },
{ "type": "Feature", "properties": { "id_feicao": "fogo_2025_271", "ano": 2025.0, "mes": 9, "codigo_original": 12, "classe": "Formação Campestre", "cor": "#d6bc74", "area_ha": 3.4175815015413797 }, "geometry": { "type": "Polygon", "coordinates": [ [ [ -45.025807828280726, -21.329418443077095 ], [ -45.025538333695494, -21.329418443077085 ], [ -45.025538333695494, -21.329148948491859 ], [ -45.024999344525021, -21.329148948491859 ], [ -45.024999344525021, -21.328340464736151 ], [ -45.024729849939781, -21.328340464736147 ], [ -45.024729849939781, -21.327531980980446 ], [ -45.024190860769309, -21.327531980980446 ], [ -45.024190860769309, -21.328340464736154 ], [ -45.023382377013604, -21.328340464736144 ], [ -45.023382377013604, -21.329687937662332 ], [ -45.025807828280726, -21.329687937662328 ], [ -45.025807828280726, -21.329418443077095 ] ] ] } },
{ "type": "Feature", "properties": { "id_feicao": "fogo_2025_272", "ano": 2025.0, "mes": 9, "codigo_original": 12, "classe": "Formação Campestre", "cor": "#d6bc74", "area_ha": 0.16671180308107286 }, "geometry": { "type": "Polygon", "coordinates": [ [ [ -44.946037431050911, -21.328340464736154 ], [ -44.946576420221383, -21.328340464736144 ], [ -44.946576420221383, -21.328070970150918 ], [ -44.946037431050911, -21.328070970150922 ], [ -44.946037431050911, -21.328340464736154 ] ] ] } },
{ "type": "Feature", "properties": { "id_feicao": "fogo_2025_273", "ano": 2025.0, "mes": 9, "codigo_original": 12, "classe": "Formação Campestre", "cor": "#d6bc74", "area_ha": 0.50013511723035631 }, "geometry": { "type": "Polygon", "coordinates": [ [ [ -44.986192124251055, -21.328070970150918 ], [ -44.986192124251055, -21.327801475565682 ], [ -44.98511414591011, -21.327801475565682 ], [ -44.98511414591011, -21.328340464736151 ], [ -44.985653135080582, -21.328340464736151 ], [ -44.985653135080582, -21.328070970150918 ], [ -44.986192124251055, -21.328070970150918 ] ] ] } },
{ "type": "Feature", "properties": { "id_feicao": "fogo_2025_274", "ano": 2025.0, "mes": 9, "codigo_original": 12, "classe": "Formação Campestre", "cor": "#d6bc74", "area_ha": 0.1667134748714976 }, "geometry": { "type": "Polygon", "coordinates": [ [ [ -45.010716131507522, -21.326723497224734 ], [ -45.011255120677994, -21.326723497224741 ], [ -45.011255120677994, -21.326454002639505 ], [ -45.010716131507522, -21.326454002639498 ], [ -45.010716131507522, -21.326723497224734 ] ] ] } },
{ "type": "Feature", "properties": { "id_feicao": "fogo_2025_275", "ano": 2025.0, "mes": 9, "codigo_original": 12, "classe": "Formação Campestre", "cor": "#d6bc74", "area_ha": 0.083356884300988171 }, "geometry": { "type": "Polygon", "coordinates": [ [ [ -45.001014326439034, -21.326454002639508 ], [ -45.001283821024266, -21.326454002639494 ], [ -45.001283821024266, -21.326184508054272 ], [ -45.001014326439034, -21.326184508054272 ], [ -45.001014326439034, -21.326454002639508 ] ] ] } },
{ "type": "Feature", "properties": { "id_feicao": "fogo_2025_276", "ano": 2025.0, "mes": 9, "codigo_original": 12, "classe": "Formação Campestre", "cor": "#d6bc74", "area_ha": 65.851615398651631 }, "geometry": { "type": "Polygon", "coordinates": [ [ [ -44.998588875171905, -21.322950573031434 ], [ -44.998588875171905, -21.324028551372376 ], [ -44.998319380586672, -21.324028551372386 ], [ -44.998319380586672, -21.324567540542848 ], [ -44.998049886001432, -21.324567540542848 ], [ -44.998049886001432, -21.326454002639501 ], [ -44.994815950978605, -21.326454002639505 ], [ -44.994815950978605, -21.326184508054265 ], [ -44.994007467222893, -21.326184508054261 ], [ -44.994007467222893, -21.326454002639501 ], [ -44.994546456393365, -21.326454002639501 ], [ -44.994546456393365, -21.326992991809973 ], [ -44.995085445563838, -21.326992991809973 ], [ -44.995085445563838, -21.327531980980442 ], [ -44.995354940149078, -21.327531980980449 ], [ -44.995354940149078, -21.327801475565682 ], [ -44.99562443473431, -21.327801475565682 ], [ -44.99562443473431, -21.327531980980453 ], [ -44.99589392931955, -21.327531980980446 ], [ -44.99589392931955, -21.328070970150918 ], [ -44.996163423904783, -21.328070970150918 ], [ -44.996163423904783, -21.328340464736151 ], [ -44.996702413075255, -21.328340464736154 ], [ -44.996702413075255, -21.328609959321383 ], [ -44.996971907660487, -21.32860995932139 ], [ -44.996971907660487, -21.328879453906623 ], [ -44.9977803914162, -21.328879453906612 ], [ -44.9977803914162, -21.328609959321383 ], [ -44.998049886001432, -21.328609959321383 ], [ -44.998049886001432, -21.328340464736144 ], [ -44.998319380586672, -21.328340464736151 ], [ -44.998319380586672, -21.328879453906623 ], [ -44.998588875171905, -21.328879453906612 ], [ -44.998588875171905, -21.329418443077099 ], [ -45.000205842683322, -21.329418443077088 ], [ -45.000205842683322, -21.329148948491859 ], [ -45.000744831853794, -21.329148948491852 ], [ -45.000744831853794, -21.328879453906623 ], [ -45.001014326439034, -21.328879453906627 ], [ -45.001014326439034, -21.329687937662325 ], [ -45.001283821024266, -21.329687937662328 ], [ -45.001283821024266, -21.329957432247561 ], [ -45.002361799365211, -21.329957432247561 ], [ -45.002361799365211, -21.330496421418037 ], [ -45.002631293950451, -21.330496421418037 ], [ -45.002631293950451, -21.331035410588509 ], [ -45.003439777706149, -21.331035410588509 ], [ -45.003439777706149, -21.330765916003273 ], [ -45.003709272291395, -21.330765916003266 ], [ -45.003709272291395, -21.3302269268328 ], [ -45.005056745217566, -21.3302269268328 ], [ -45.005056745217566, -21.329687937662325 ], [ -45.005326239802812, -21.329687937662332 ], [ -45.005326239802812, -21.329418443077092 ], [ -45.005595734388038, -21.329418443077092 ], [ -45.005595734388038, -21.328340464736154 ], [ -45.00613472355851, -21.328340464736147 ], [ -45.00613472355851, -21.328070970150918 ], [ -45.006404218143743, -21.328070970150918 ], [ -45.006404218143743, -21.327531980980442 ], [ -45.006673712728983, -21.327531980980442 ], [ -45.006673712728983, -21.326723497224737 ], [ -45.006943207314215, -21.32672349722473 ], [ -45.006943207314215, -21.326184508054265 ], [ -45.007482196484688, -21.326184508054268 ], [ -45.007482196484688, -21.325915013469025 ], [ -45.0082906802404, -21.325915013469029 ], [ -45.0082906802404, -21.325645518883793 ], [ -45.008560174825632, -21.325645518883793 ], [ -45.008560174825632, -21.325915013469025 ], [ -45.008829669410872, -21.325915013469029 ], [ -45.008829669410872, -21.325645518883793 ], [ -45.009099163996105, -21.325645518883793 ], [ -45.009099163996105, -21.325915013469025 ], [ -45.010446636922282, -21.325915013469025 ], [ -45.010446636922282, -21.326184508054265 ], [ -45.011255120677994, -21.326184508054265 ], [ -45.011255120677994, -21.326454002639505 ], [ -45.012333099018932, -21.326454002639501 ], [ -45.012333099018932, -21.326723497224737 ], [ -45.011255120677994, -21.326723497224741 ], [ -45.011255120677994, -21.329957432247557 ], [ -45.012333099018932, -21.329957432247557 ], [ -45.012333099018932, -21.328879453906627 ], [ -45.015028044871293, -21.328879453906623 ], [ -45.015028044871293, -21.328340464736144 ], [ -45.017453496138415, -21.328340464736144 ], [ -45.017453496138415, -21.328070970150922 ], [ -45.017184001553183, -21.328070970150918 ], [ -45.017184001553183, -21.327801475565682 ], [ -45.015297539456526, -21.327801475565678 ], [ -45.015297539456526, -21.327531980980449 ], [ -45.015028044871293, -21.327531980980446 ], [ -45.015028044871293, -21.327801475565678 ], [ -45.014758550286061, -21.327801475565682 ], [ -45.014758550286061, -21.32726248639521 ], [ -45.013680571945116, -21.32726248639521 ], [ -45.013680571945116, -21.326992991809977 ], [ -45.013141582774644, -21.32699299180997 ], [ -45.013141582774644, -21.326723497224734 ], [ -45.012602593604171, -21.326723497224734 ], [ -45.012602593604171, -21.326454002639501 ], [ -45.013680571945116, -21.326454002639498 ], [ -45.013680571945116, -21.325915013469032 ], [ -45.013950066530349, -21.325915013469032 ], [ -45.013950066530349, -21.325376024298556 ], [ -45.014219561115588, -21.325376024298549 ], [ -45.014219561115588, -21.32510652971332 ], [ -45.014758550286061, -21.325106529713327 ], [ -45.014758550286061, -21.323489562201903 ], [ -45.015028044871293, -21.323489562201907 ], [ -45.015028044871293, -21.322411583860958 ], [ -45.013950066530349, -21.322411583860962 ], [ -45.013950066530349, -21.322681078446195 ], [ -45.013680571945116, -21.322681078446202 ], [ -45.013680571945116, -21.323220067616674 ], [ -45.013141582774644, -21.323220067616671 ], [ -45.013141582774644, -21.324298045957612 ], [ -45.012872088189404, -21.324298045957612 ], [ -45.012872088189404, -21.32537602429856 ], [ -45.010716131507522, -21.325376024298556 ], [ -45.010716131507522, -21.325106529713313 ], [ -45.00802118565516, -21.32510652971332 ], [ -45.00802118565516, -21.324837035128084 ], [ -45.006943207314215, -21.324837035128088 ], [ -45.006943207314215, -21.32510652971332 ], [ -45.005865228973271, -21.32510652971332 ], [ -45.005865228973271, -21.32537602429856 ], [ -45.003978766876621, -21.325376024298556 ], [ -45.003978766876621, -21.326454002639505 ], [ -45.003439777706149, -21.326454002639501 ], [ -45.003439777706149, -21.328070970150918 ], [ -45.001283821024266, -21.328070970150911 ], [ -45.001283821024266, -21.32726248639521 ], [ -45.000744831853794, -21.32726248639521 ], [ -45.000744831853794, -21.327531980980446 ], [ -44.999666853512849, -21.327531980980446 ], [ -44.999666853512849, -21.327801475565686 ], [ -44.998858369757144, -21.327801475565682 ], [ -44.998858369757144, -21.32726248639521 ], [ -44.999127864342377, -21.32726248639521 ], [ -44.999127864342377, -21.326454002639505 ], [ -44.999397358927617, -21.326454002639508 ], [ -44.999397358927617, -21.325915013469029 ], [ -44.999127864342377, -21.325915013469025 ], [ -44.999127864342377, -21.324837035128091 ], [ -44.999397358927617, -21.324837035128088 ], [ -44.999397358927617, -21.324028551372376 ], [ -44.999936348098089, -21.324028551372376 ], [ -44.999936348098089, -21.323759056787143 ], [ -45.000205842683322, -21.323759056787139 ], [ -45.000205842683322, -21.322411583860966 ], [ -45.001014326439034, -21.322411583860969 ], [ -45.001014326439034, -21.322142089275729 ], [ -45.000744831853794, -21.322142089275722 ], [ -45.000744831853794, -21.321872594690486 ], [ -45.000475337268561, -21.32187259469049 ], [ -45.000475337268561, -21.321603100105264 ], [ -45.000205842683322, -21.321603100105257 ], [ -45.000205842683322, -21.321333605520017 ], [ -44.999936348098089, -21.321333605520014 ], [ -44.999936348098089, -21.322681078446195 ], [ -44.999127864342377, -21.322681078446198 ], [ -44.999127864342377, -21.322950573031434 ], [ -44.998588875171905, -21.322950573031434 ] ] ] } },
{ "type": "Feature", "properties": { "id_feicao": "fogo_2025_277", "ano": 2025.0, "mes": 9, "codigo_original": 12, "classe": "Formação Campestre", "cor": "#d6bc74", "area_ha": 3.0842080505765042 }, "geometry": { "type": "Polygon", "coordinates": [ [ [ -45.024729849939781, -21.326454002639501 ], [ -45.025268839110254, -21.326454002639501 ], [ -45.025268839110254, -21.326723497224737 ], [ -45.025807828280726, -21.326723497224741 ], [ -45.025807828280726, -21.326454002639501 ], [ -45.026077322865966, -21.326454002639501 ], [ -45.026077322865966, -21.325645518883796 ], [ -45.025807828280726, -21.3256455188838 ], [ -45.025807828280726, -21.325376024298556 ], [ -45.023382377013604, -21.325376024298556 ], [ -45.023382377013604, -21.325915013469029 ], [ -45.023112882428372, -21.325915013469029 ], [ -45.023112882428372, -21.326184508054265 ], [ -45.024729849939781, -21.326184508054268 ], [ -45.024729849939781, -21.326454002639501 ] ] ] } },
{ "type": "Feature", "properties": { "id_feicao": "fogo_2025_278", "ano": 2025.0, "mes": 9, "codigo_original": 12, "classe": "Formação Campestre", "cor": "#d6bc74", "area_ha": 22.256533751250007 }, "geometry": { "type": "Polygon", "coordinates": [ [ [ -45.01826197989412, -21.323220067616667 ], [ -45.01826197989412, -21.323759056787143 ], [ -45.017992485308888, -21.323759056787139 ], [ -45.017992485308888, -21.324567540542848 ], [ -45.017722990723655, -21.324567540542851 ], [ -45.017722990723655, -21.324837035128088 ], [ -45.017453496138415, -21.324837035128088 ], [ -45.017453496138415, -21.325376024298556 ], [ -45.017184001553183, -21.325376024298556 ], [ -45.017184001553183, -21.325645518883789 ], [ -45.015028044871293, -21.325645518883793 ], [ -45.015028044871293, -21.326184508054265 ], [ -45.015567034041766, -21.326184508054272 ], [ -45.015567034041766, -21.326454002639501 ], [ -45.016106023212238, -21.326454002639501 ], [ -45.016106023212238, -21.326184508054265 ], [ -45.01664501238271, -21.326184508054268 ], [ -45.01664501238271, -21.326454002639505 ], [ -45.017184001553183, -21.326454002639505 ], [ -45.017184001553183, -21.326723497224737 ], [ -45.017453496138415, -21.32672349722473 ], [ -45.017453496138415, -21.32726248639521 ], [ -45.017722990723655, -21.32726248639521 ], [ -45.017722990723655, -21.327531980980449 ], [ -45.01826197989412, -21.327531980980449 ], [ -45.01826197989412, -21.327262486395213 ], [ -45.018800969064593, -21.327262486395206 ], [ -45.018800969064593, -21.326992991809977 ], [ -45.019339958235065, -21.326992991809973 ], [ -45.019339958235065, -21.326723497224737 ], [ -45.019878947405537, -21.326723497224737 ], [ -45.019878947405537, -21.326454002639501 ], [ -45.020687431161249, -21.326454002639505 ], [ -45.020687431161249, -21.326184508054265 ], [ -45.020956925746482, -21.326184508054261 ], [ -45.020956925746482, -21.324837035128088 ], [ -45.020687431161249, -21.324837035128091 ], [ -45.020687431161249, -21.324567540542855 ], [ -45.020956925746482, -21.324567540542859 ], [ -45.020956925746482, -21.324298045957612 ], [ -45.021226420331715, -21.324298045957612 ], [ -45.021226420331715, -21.324028551372379 ], [ -45.022034904087427, -21.324028551372376 ], [ -45.022034904087427, -21.32375905678715 ], [ -45.022304398672659, -21.323759056787146 ], [ -45.022304398672659, -21.324028551372379 ], [ -45.022573893257899, -21.324028551372379 ], [ -45.022573893257899, -21.324298045957612 ], [ -45.023112882428372, -21.324298045957612 ], [ -45.023112882428372, -21.322411583860962 ], [ -45.022573893257899, -21.322411583860966 ], [ -45.022573893257899, -21.321872594690486 ], [ -45.020687431161249, -21.32187259469049 ], [ -45.020687431161249, -21.322681078446195 ], [ -45.019339958235065, -21.322681078446195 ], [ -45.019339958235065, -21.322950573031427 ], [ -45.018800969064593, -21.322950573031427 ], [ -45.018800969064593, -21.323220067616667 ], [ -45.01826197989412, -21.323220067616667 ] ], [ [ -45.017722990723655, -21.326992991809973 ], [ -45.017992485308888, -21.326992991809973 ], [ -45.017992485308888, -21.32726248639521 ], [ -45.017722990723655, -21.32726248639521 ], [ -45.017722990723655, -21.326992991809973 ] ] ] } },
{ "type": "Feature", "properties": { "id_feicao": "fogo_2025_279", "ano": 2025.0, "mes": 9, "codigo_original": 15, "classe": "Pastagem", "cor": "#edde8e", "area_ha": 2.1357806355101987 }, "geometry": { "type": "Polygon", "coordinates": [ [ [ -45.167022990944318, -21.324567540542848 ], [ -45.166753496359078, -21.324567540542855 ], [ -45.166753496359078, -21.324837035128091 ], [ -45.167292485529551, -21.324837035128088 ], [ -45.167292485529551, -21.32510652971332 ], [ -45.16753290152981, -21.325106529734104 ], [ -45.167536, -21.324964 ], [ -45.167577999999899, -21.324712 ], [ -45.167631, -21.324494 ], [ -45.167722, -21.324265 ], [ -45.167848999999897, -21.324049 ], [ -45.168, -21.323856 ], [ -45.168042, -21.323626 ], [ -45.168047, -21.323362 ], [ -45.168002999999899, -21.323131 ], [ -45.167845999999898, -21.322955 ], [ -45.167841750509503, -21.322950573454772 ], [ -45.167292485529551, -21.322950573031424 ], [ -45.167292485529551, -21.323220067616667 ], [ -45.167022990944318, -21.323220067616671 ], [ -45.167022990944318, -21.323489562201907 ], [ -45.166753496359078, -21.323489562201896 ], [ -45.166753496359078, -21.324298045957612 ], [ -45.167022990944318, -21.324298045957608 ], [ -45.167022990944318, -21.324567540542848 ] ] ] } },
{ "type": "Feature", "properties": { "id_feicao": "fogo_2025_280", "ano": 2025.0, "mes": 9, "codigo_original": 15, "classe": "Pastagem", "cor": "#edde8e", "area_ha": 0.2500815277952701 }, "geometry": { "type": "Polygon", "coordinates": [ [ [ -45.14842786456304, -21.320525121764312 ], [ -45.147619380807335, -21.320525121764319 ], [ -45.147619380807335, -21.320794616349552 ], [ -45.14842786456304, -21.320794616349549 ], [ -45.14842786456304, -21.320525121764312 ] ] ] } },
{ "type": "Feature", "properties": { "id_feicao": "fogo_2025_281", "ano": 2025.0, "mes": 9, "codigo_original": 15, "classe": "Pastagem", "cor": "#edde8e", "area_ha": 1.0836927304950543 }, "geometry": { "type": "Polygon", "coordinates": [ [ [ -45.147080391636862, -21.320525121764316 ], [ -45.147619380807335, -21.320525121764319 ], [ -45.147619380807335, -21.319986132593844 ], [ -45.147349886222102, -21.319986132593836 ], [ -45.147349886222102, -21.319716638008611 ], [ -45.147080391636862, -21.319716638008604 ], [ -45.147080391636862, -21.318908154252895 ], [ -45.14681089705163, -21.318908154252895 ], [ -45.14681089705163, -21.319177648838131 ], [ -45.14654140246639, -21.319177648838128 ], [ -45.14654140246639, -21.319986132593844 ], [ -45.14681089705163, -21.319986132593833 ], [ -45.14681089705163, -21.320255627179083 ], [ -45.147080391636862, -21.320255627179076 ], [ -45.147080391636862, -21.320525121764316 ] ] ] } },
{ "type": "Feature", "properties": { "id_feicao": "fogo_2025_282", "ano": 2025.0, "mes": 9, "codigo_original": 15, "classe": "Pastagem", "cor": "#edde8e", "area_ha": 1.2504198885997757 }, "geometry": { "type": "Polygon", "coordinates": [ [ [ -45.148158369977807, -21.3197166380086 ], [ -45.148697359148279, -21.319716638008597 ], [ -45.148697359148279, -21.318908154252906 ], [ -45.148158369977807, -21.318908154252902 ], [ -45.148158369977807, -21.318638659667666 ], [ -45.147080391636862, -21.318638659667656 ], [ -45.147080391636862, -21.318908154252895 ], [ -45.147349886222102, -21.318908154252892 ], [ -45.147349886222102, -21.319177648838135 ], [ -45.147619380807335, -21.319177648838131 ], [ -45.147619380807335, -21.319447143423368 ], [ -45.148158369977807, -21.319447143423368 ], [ -45.148158369977807, -21.3197166380086 ] ] ] } },
{ "type": "Feature", "properties": { "id_feicao": "fogo_2025_283", "ano": 2025.0, "mes": 9, "codigo_original": 15, "classe": "Pastagem", "cor": "#edde8e", "area_ha": 1.2511007668986918 }, "geometry": { "type": "Polygon", "coordinates": [ [ [ -45.153548261682523, -21.236712305755962 ], [ -45.152739777926818, -21.236712305755958 ], [ -45.152739777926818, -21.237520789511663 ], [ -45.153009272512051, -21.237520789511663 ], [ -45.153009272512051, -21.237790284096906 ], [ -45.154087250852996, -21.237790284096906 ], [ -45.154087250852996, -21.23725129492643 ], [ -45.153548261682523, -21.237251294926423 ], [ -45.153548261682523, -21.236712305755962 ] ] ] } },
{ "type": "Feature", "properties": { "id_feicao": "fogo_2025_284", "ano": 2025.0, "mes": 9, "codigo_original": 15, "classe": "Pastagem", "cor": "#edde8e", "area_ha": 0.083408076576143506 }, "geometry": { "type": "Polygon", "coordinates": [ [ [ -45.14465494036974, -21.234556349074065 ], [ -45.144385445784508, -21.234556349074072 ], [ -45.144385445784508, -21.234825843659312 ], [ -45.14465494036974, -21.234825843659305 ], [ -45.14465494036974, -21.234556349074065 ] ] ] } },
{ "type": "Feature", "properties": { "id_feicao": "fogo_2025_285", "ano": 2025.0, "mes": 9, "codigo_original": 15, "classe": "Pastagem", "cor": "#edde8e", "area_ha": 0.16681629170067608 }, "geometry": { "type": "Polygon", "coordinates": [ [ [ -45.143846456614035, -21.23428685448884 ], [ -45.143576962028796, -21.234286854488836 ], [ -45.143576962028796, -21.234825843659308 ], [ -45.143846456614035, -21.234825843659312 ], [ -45.143846456614035, -21.23428685448884 ] ] ] } },
{ "type": "Feature", "properties": { "id_feicao": "fogo_2025_286", "ano": 2025.0, "mes": 9, "codigo_original": 15, "classe": "Pastagem", "cor": "#edde8e", "area_ha": 0.16681689760894661 }, "geometry": { "type": "Polygon", "coordinates": [ [ [ -45.144385445784508, -21.233747865318367 ], [ -45.144385445784508, -21.234286854488833 ], [ -45.14465494036974, -21.234286854488836 ], [ -45.14465494036974, -21.233747865318364 ], [ -45.144385445784508, -21.233747865318367 ] ] ] } },
{ "type": "Feature", "properties": { "id_feicao": "fogo_2025_287", "ano": 2025.0, "mes": 9, "codigo_original": 15, "classe": "Pastagem", "cor": "#edde8e", "area_ha": 3.4204543120941961 }, "geometry": { "type": "Polygon", "coordinates": [ [ [ -45.133336167789835, -21.203025482601479 ], [ -45.133336167789835, -21.202755988016243 ], [ -45.13414465154554, -21.202755988016239 ], [ -45.13414465154554, -21.202486493431007 ], [ -45.13441414613078, -21.202486493431007 ], [ -45.13441414613078, -21.202216998845774 ], [ -45.132797178619363, -21.202216998845774 ], [ -45.132797178619363, -21.202486493431003 ], [ -45.131449705693186, -21.202486493431007 ], [ -45.131449705693186, -21.201678009675295 ], [ -45.130910716522713, -21.201678009675295 ], [ -45.130910716522713, -21.201408515090062 ], [ -45.130641221937474, -21.201408515090062 ], [ -45.130641221937474, -21.201947504260538 ], [ -45.130371727352241, -21.201947504260534 ], [ -45.130371727352241, -21.202486493431007 ], [ -45.131180211107946, -21.20248649343101 ], [ -45.131180211107946, -21.203294977186708 ], [ -45.132258189448891, -21.203294977186715 ], [ -45.132258189448891, -21.203025482601479 ], [ -45.133336167789835, -21.203025482601479 ] ] ] } },
{ "type": "Feature", "properties": { "id_feicao": "fogo_2025_288", "ano": 2025.0, "mes": 9, "codigo_original": 15, "classe": "Pastagem", "cor": "#edde8e", "area_ha": 2.3359348913962954 }, "geometry": { "type": "Polygon", "coordinates": [ [ [ -45.134953135301252, -21.20221699884577 ], [ -45.134683640716013, -21.20221699884577 ], [ -45.134683640716013, -21.202486493431007 ], [ -45.135492124471725, -21.20248649343101 ], [ -45.135492124471725, -21.202216998845767 ], [ -45.13630060822743, -21.20221699884577 ], [ -45.13630060822743, -21.201947504260534 ], [ -45.136570102812662, -21.201947504260538 ], [ -45.136570102812662, -21.201678009675298 ], [ -45.13603111364219, -21.201678009675298 ], [ -45.13603111364219, -21.201139020504829 ], [ -45.134953135301252, -21.201139020504829 ], [ -45.134953135301252, -21.20086952591959 ], [ -45.134683640716013, -21.200869525919597 ], [ -45.134683640716013, -21.200600031334361 ], [ -45.13441414613078, -21.200600031334353 ], [ -45.13441414613078, -21.201408515090066 ], [ -45.134953135301252, -21.201408515090062 ], [ -45.134953135301252, -21.201678009675291 ], [ -45.134683640716013, -21.201678009675298 ], [ -45.134683640716013, -21.201947504260538 ], [ -45.134953135301252, -21.201947504260538 ], [ -45.134953135301252, -21.20221699884577 ] ] ] } },
{ "type": "Feature", "properties": { "id_feicao": "fogo_2025_289", "ano": 2025.0, "mes": 9, "codigo_original": 15, "classe": "Pastagem", "cor": "#edde8e", "area_ha": 0.16685305996574462 }, "geometry": { "type": "Polygon", "coordinates": [ [ [ -45.133336167789835, -21.200869525919597 ], [ -45.133066673204596, -21.2008695259196 ], [ -45.133066673204596, -21.201408515090062 ], [ -45.133336167789835, -21.201408515090062 ], [ -45.133336167789835, -21.200869525919597 ] ] ] } },
{ "type": "Feature", "properties": { "id_feicao": "fogo_2025_290", "ano": 2025.0, "mes": 9, "codigo_original": 15, "classe": "Pastagem", "cor": "#edde8e", "area_ha": 0.83426694847326721 }, "geometry": { "type": "Polygon", "coordinates": [ [ [ -45.136839597397902, -21.201408515090066 ], [ -45.136570102812662, -21.201408515090062 ], [ -45.136570102812662, -21.201678009675298 ], [ -45.137109091983135, -21.201678009675295 ], [ -45.137109091983135, -21.201139020504819 ], [ -45.137378586568374, -21.201139020504826 ], [ -45.137378586568374, -21.200869525919593 ], [ -45.137648081153607, -21.200869525919593 ], [ -45.137648081153607, -21.200600031334364 ], [ -45.137917575738847, -21.200600031334361 ], [ -45.137917575738847, -21.200061042163881 ], [ -45.137648081153607, -21.200061042163888 ], [ -45.137648081153607, -21.200330536749117 ], [ -45.137378586568374, -21.200330536749124 ], [ -45.137378586568374, -21.200600031334353 ], [ -45.137109091983135, -21.200600031334361 ], [ -45.137109091983135, -21.20086952591959 ], [ -45.136839597397902, -21.20086952591959 ], [ -45.136839597397902, -21.201408515090066 ] ] ] } },
{ "type": "Feature", "properties": { "id_feicao": "fogo_2025_291", "ano": 2025.0, "mes": 9, "codigo_original": 15, "classe": "Pastagem", "cor": "#edde8e", "area_ha": 1.5016864788126247 }, "geometry": { "type": "Polygon", "coordinates": [ [ [ -45.133875156960308, -21.200600031334353 ], [ -45.133875156960308, -21.200061042163892 ], [ -45.13441414613078, -21.200061042163885 ], [ -45.13441414613078, -21.199522052993409 ], [ -45.13414465154554, -21.199522052993409 ], [ -45.13414465154554, -21.199791547578645 ], [ -45.133066673204596, -21.199791547578648 ], [ -45.133066673204596, -21.200061042163885 ], [ -45.132527684034123, -21.200061042163885 ], [ -45.132527684034123, -21.201139020504826 ], [ -45.132797178619363, -21.201139020504833 ], [ -45.132797178619363, -21.200600031334361 ], [ -45.133875156960308, -21.200600031334353 ] ] ] } },
{ "type": "Feature", "properties": { "id_feicao": "fogo_2025_292", "ano": 2025.0, "mes": 9, "codigo_original": 15, "classe": "Pastagem", "cor": "#edde8e", "area_ha": 0.083427505913960517 }, "geometry": { "type": "Polygon", "coordinates": [ [ [ -45.134683640716013, -21.199252558408173 ], [ -45.134683640716013, -21.199522052993412 ], [ -45.134953135301252, -21.199522052993409 ], [ -45.134953135301252, -21.199252558408176 ], [ -45.134683640716013, -21.199252558408173 ] ] ] } },
{ "type": "Feature", "properties": { "id_feicao": "fogo_2025_293", "ano": 2025.0, "mes": 9, "codigo_original": 15, "classe": "Pastagem", "cor": "#edde8e", "area_ha": 0.083428054559975859 }, "geometry": { "type": "Polygon", "coordinates": [ [ [ -45.151122810415401, -21.198444074652475 ], [ -45.150853315830162, -21.198444074652471 ], [ -45.150853315830162, -21.1987135692377 ], [ -45.151122810415401, -21.1987135692377 ], [ -45.151122810415401, -21.198444074652475 ] ] ] } },
{ "type": "Feature", "properties": { "id_feicao": "fogo_2025_294", "ano": 2025.0, "mes": 9, "codigo_original": 15, "classe": "Pastagem", "cor": "#edde8e", "area_ha": 0.3337142956905067 }, "geometry": { "type": "Polygon", "coordinates": [ [ [ -45.151122810415401, -21.197366096311519 ], [ -45.150583821244929, -21.197366096311526 ], [ -45.150583821244929, -21.197905085481995 ], [ -45.151122810415401, -21.197905085481992 ], [ -45.151122810415401, -21.197366096311519 ] ] ] } },
{ "type": "Feature", "properties": { "id_feicao": "fogo_2025_295", "ano": 2025.0, "mes": 9, "codigo_original": 15, "classe": "Pastagem", "cor": "#edde8e", "area_ha": 0.083428757053706795 }, "geometry": { "type": "Polygon", "coordinates": [ [ [ -45.144924434954973, -21.197096601726287 ], [ -45.14465494036974, -21.197096601726283 ], [ -45.14465494036974, -21.197366096311526 ], [ -45.144924434954973, -21.19736609631153 ], [ -45.144924434954973, -21.197096601726287 ] ] ] } },
{ "type": "Feature", "properties": { "id_feicao": "fogo_2025_296", "ano": 2025.0, "mes": 9, "codigo_original": 15, "classe": "Pastagem", "cor": "#edde8e", "area_ha": 1.2514338657420334 }, "geometry": { "type": "Polygon", "coordinates": [ [ [ -45.152739777926818, -21.197366096311534 ], [ -45.152739777926818, -21.196557612555818 ], [ -45.153009272512051, -21.196557612555818 ], [ -45.153009272512051, -21.196288117970571 ], [ -45.152470283341579, -21.196288117970575 ], [ -45.152470283341579, -21.196557612555814 ], [ -45.152200788756346, -21.196557612555814 ], [ -45.152200788756346, -21.196827107141054 ], [ -45.151661799585874, -21.196827107141054 ], [ -45.151661799585874, -21.197635590896763 ], [ -45.152470283341579, -21.197635590896756 ], [ -45.152470283341579, -21.197366096311516 ], [ -45.152739777926818, -21.197366096311534 ] ] ] } },
{ "type": "Feature", "properties": { "id_feicao": "fogo_2025_297", "ano": 2025.0, "mes": 9, "codigo_original": 15, "classe": "Pastagem", "cor": "#edde8e", "area_ha": 0.9177192818947395 }, "geometry": { "type": "Polygon", "coordinates": [ [ [ -45.143307467443563, -21.196827107141054 ], [ -45.143307467443563, -21.196557612555818 ], [ -45.143037972858323, -21.196557612555814 ], [ -45.143037972858323, -21.196827107141051 ], [ -45.142498983687851, -21.196827107141054 ], [ -45.142498983687851, -21.197096601726287 ], [ -45.141959994517379, -21.19709660172629 ], [ -45.141959994517379, -21.19736609631153 ], [ -45.143576962028796, -21.197366096311526 ], [ -45.143576962028796, -21.196827107141061 ], [ -45.143307467443563, -21.196827107141054 ] ] ] } },
{ "type": "Feature", "properties": { "id_feicao": "fogo_2025_298", "ano": 2025.0, "mes": 9, "codigo_original": 15, "classe": "Pastagem", "cor": "#edde8e", "area_ha": 0.083428971659950918 }, "geometry": { "type": "Polygon", "coordinates": [ [ [ -45.131449705693186, -21.196557612555818 ], [ -45.131180211107946, -21.196557612555821 ], [ -45.131180211107946, -21.196827107141054 ], [ -45.131449705693186, -21.196827107141054 ], [ -45.131449705693186, -21.196557612555818 ] ] ] } },
{ "type": "Feature", "properties": { "id_feicao": "fogo_2025_299", "ano": 2025.0, "mes": 9, "codigo_original": 15, "classe": "Pastagem", "cor": "#edde8e", "area_ha": 1.6685830959245562 }, "geometry": { "type": "Polygon", "coordinates": [ [ [ -45.141151510761674, -21.197366096311526 ], [ -45.141690499932146, -21.197366096311526 ], [ -45.141690499932146, -21.197096601726283 ], [ -45.141959994517379, -21.19709660172629 ], [ -45.141959994517379, -21.196827107141047 ], [ -45.142229489102618, -21.196827107141051 ], [ -45.142229489102618, -21.196557612555814 ], [ -45.142498983687851, -21.196557612555814 ], [ -45.142498983687851, -21.196288117970575 ], [ -45.142768478273091, -21.196288117970585 ], [ -45.142768478273091, -21.196018623385346 ], [ -45.142498983687851, -21.196018623385338 ], [ -45.142498983687851, -21.195749128800113 ], [ -45.142229489102618, -21.195749128800117 ], [ -45.142229489102618, -21.196018623385349 ], [ -45.141959994517379, -21.196018623385342 ], [ -45.141959994517379, -21.195749128800106 ], [ -45.141421005346913, -21.195749128800117 ], [ -45.141421005346913, -21.196827107141047 ], [ -45.141151510761674, -21.196827107141047 ], [ -45.141151510761674, -21.197366096311526 ] ] ] } },
{ "type": "Feature", "properties": { "id_feicao": "fogo_2025_300", "ano": 2025.0, "mes": 9, "codigo_original": 15, "classe": "Pastagem", "cor": "#edde8e", "area_ha": 0.083429199509508903 }, "geometry": { "type": "Polygon", "coordinates": [ [ [ -45.144385445784508, -21.196288117970585 ], [ -45.144115951199268, -21.196288117970578 ], [ -45.144115951199268, -21.196557612555814 ], [ -45.144385445784508, -21.196557612555811 ], [ -45.144385445784508, -21.196288117970585 ] ] ] } },
{ "type": "Feature", "properties": { "id_feicao": "fogo_2025_301", "ano": 2025.0, "mes": 9, "codigo_original": 15, "classe": "Pastagem", "cor": "#edde8e", "area_ha": 0.083429118725630899 }, "geometry": { "type": "Polygon", "coordinates": [ [ [ -45.130910716522713, -21.196288117970582 ], [ -45.130910716522713, -21.196557612555814 ], [ -45.131180211107946, -21.196557612555821 ], [ -45.131180211107946, -21.196288117970575 ], [ -45.130910716522713, -21.196288117970582 ] ] ] } },
{ "type": "Feature", "properties": { "id_feicao": "fogo_2025_302", "ano": 2025.0, "mes": 9, "codigo_original": 15, "classe": "Pastagem", "cor": "#edde8e", "area_ha": 0.33371745201280911 }, "geometry": { "type": "Polygon", "coordinates": [ [ [ -45.146271907881157, -21.195749128800117 ], [ -45.146271907881157, -21.196557612555825 ], [ -45.14654140246639, -21.196557612555821 ], [ -45.14654140246639, -21.196288117970575 ], [ -45.14681089705163, -21.196288117970578 ], [ -45.14681089705163, -21.196018623385338 ], [ -45.14654140246639, -21.196018623385342 ], [ -45.14654140246639, -21.195749128800113 ], [ -45.146271907881157, -21.195749128800117 ] ] ] } },
{ "type": "Feature", "properties": { "id_feicao": "fogo_2025_303", "ano": 2025.0, "mes": 9, "codigo_original": 15, "classe": "Pastagem", "cor": "#edde8e", "area_ha": 0.083429356819484379 }, "geometry": { "type": "Polygon", "coordinates": [ [ [ -45.145732918710685, -21.196018623385349 ], [ -45.145463424125445, -21.196018623385342 ], [ -45.145463424125445, -21.196288117970589 ], [ -45.145732918710685, -21.196288117970575 ], [ -45.145732918710685, -21.196018623385349 ] ] ] } },
{ "type": "Feature", "properties": { "id_feicao": "fogo_2025_304", "ano": 2025.0, "mes": 9, "codigo_original": 15, "classe": "Pastagem", "cor": "#edde8e", "area_ha": 0.083429488173034042 }, "geometry": { "type": "Polygon", "coordinates": [ [ [ -45.143037972858323, -21.195749128800109 ], [ -45.142768478273091, -21.195749128800109 ], [ -45.142768478273091, -21.196018623385346 ], [ -45.143037972858323, -21.196018623385338 ], [ -45.143037972858323, -21.195749128800109 ] ] ] } },
{ "type": "Feature", "properties": { "id_feicao": "fogo_2025_305", "ano": 2025.0, "mes": 9, "codigo_original": 15, "classe": "Pastagem", "cor": "#edde8e", "area_ha": 0.91772691319203004 }, "geometry": { "type": "Polygon", "coordinates": [ [ [ -45.143576962028796, -21.195210139629634 ], [ -45.144115951199268, -21.195210139629637 ], [ -45.144115951199268, -21.194940645044401 ], [ -45.143307467443563, -21.194940645044408 ], [ -45.143307467443563, -21.196018623385342 ], [ -45.144385445784508, -21.196018623385338 ], [ -45.144385445784508, -21.195749128800109 ], [ -45.144115951199268, -21.195749128800117 ], [ -45.144115951199268, -21.195479634214877 ], [ -45.143576962028796, -21.195479634214866 ], [ -45.143576962028796, -21.195210139629634 ] ] ] } },
{ "type": "Feature", "properties": { "id_feicao": "fogo_2025_306", "ano": 2025.0, "mes": 9, "codigo_original": 15, "classe": "Pastagem", "cor": "#edde8e", "area_ha": 5.1726561932977226 }, "geometry": { "type": "Polygon", "coordinates": [ [ [ -45.14842786456304, -21.195749128800113 ], [ -45.147349886222102, -21.195749128800113 ], [ -45.147349886222102, -21.196018623385353 ], [ -45.14842786456304, -21.196018623385342 ], [ -45.14842786456304, -21.196288117970589 ], [ -45.148158369977807, -21.196288117970585 ], [ -45.148158369977807, -21.196827107141051 ], [ -45.14842786456304, -21.196827107141047 ], [ -45.14842786456304, -21.19709660172629 ], [ -45.148697359148279, -21.197096601726294 ], [ -45.148697359148279, -21.197366096311523 ], [ -45.14842786456304, -21.197366096311534 ], [ -45.14842786456304, -21.197635590896763 ], [ -45.148966853733512, -21.197635590896759 ], [ -45.148966853733512, -21.197366096311534 ], [ -45.149505842903984, -21.19736609631153 ], [ -45.149505842903984, -21.196827107141047 ], [ -45.149236348318752, -21.196827107141047 ], [ -45.149236348318752, -21.196288117970585 ], [ -45.148966853733512, -21.196288117970585 ], [ -45.148966853733512, -21.195479634214877 ], [ -45.148697359148279, -21.19547963421487 ], [ -45.148697359148279, -21.194940645044401 ], [ -45.148966853733512, -21.194940645044404 ], [ -45.148966853733512, -21.194671150459172 ], [ -45.149505842903984, -21.194671150459165 ], [ -45.149505842903984, -21.19359317211822 ], [ -45.148697359148279, -21.193593172118227 ], [ -45.148697359148279, -21.193054182947748 ], [ -45.147619380807335, -21.193054182947755 ], [ -45.147619380807335, -21.194132161288699 ], [ -45.148158369977807, -21.194132161288689 ], [ -45.148158369977807, -21.194401655873932 ], [ -45.14842786456304, -21.194401655873925 ], [ -45.14842786456304, -21.195210139629641 ], [ -45.148158369977807, -21.195210139629637 ], [ -45.148158369977807, -21.195479634214877 ], [ -45.14842786456304, -21.195479634214877 ], [ -45.14842786456304, -21.195749128800113 ] ], [ [ -45.148697359148279, -21.194401655873936 ], [ -45.148697359148279, -21.194132161288699 ], [ -45.148966853733512, -21.194132161288692 ], [ -45.148966853733512, -21.194401655873932 ], [ -45.148697359148279, -21.194401655873936 ] ] ] } },
{ "type": "Feature", "properties": { "id_feicao": "fogo_2025_307", "ano": 2025.0, "mes": 9, "codigo_original": 15, "classe": "Pastagem", "cor": "#edde8e", "area_ha": 0.16685958979926435 }, "geometry": { "type": "Polygon", "coordinates": [ [ [ -45.144115951199268, -21.195210139629637 ], [ -45.144115951199268, -21.195479634214877 ], [ -45.14465494036974, -21.19547963421487 ], [ -45.14465494036974, -21.195210139629648 ], [ -45.144115951199268, -21.195210139629637 ] ] ] } },
{ "type": "Feature", "properties": { "id_feicao": "fogo_2025_308", "ano": 2025.0, "mes": 9, "codigo_original": 15, "classe": "Pastagem", "cor": "#edde8e", "area_ha": 0.66743922852687543 }, "geometry": { "type": "Polygon", "coordinates": [ [ [ -45.151392305000634, -21.194940645044401 ], [ -45.151661799585874, -21.194940645044397 ], [ -45.151661799585874, -21.194671150459168 ], [ -45.150314326659696, -21.194671150459165 ], [ -45.150314326659696, -21.194940645044397 ], [ -45.150853315830162, -21.194940645044394 ], [ -45.150853315830162, -21.195210139629634 ], [ -45.151122810415401, -21.195210139629641 ], [ -45.151122810415401, -21.19547963421488 ], [ -45.151392305000634, -21.195479634214866 ], [ -45.151392305000634, -21.194940645044401 ] ] ] } },
{ "type": "Feature", "properties": { "id_feicao": "fogo_2025_309", "ano": 2025.0, "mes": 9, "codigo_original": 15, "classe": "Pastagem", "cor": "#edde8e", "area_ha": 0.25028958565481008 }, "geometry": { "type": "Polygon", "coordinates": [ [ [ -45.131449705693186, -21.194940645044401 ], [ -45.130641221937474, -21.194940645044401 ], [ -45.130641221937474, -21.195210139629644 ], [ -45.131449705693186, -21.195210139629641 ], [ -45.131449705693186, -21.194940645044401 ] ] ] } },
{ "type": "Feature", "properties": { "id_feicao": "fogo_2025_310", "ano": 2025.0, "mes": 9, "codigo_original": 15, "classe": "Pastagem", "cor": "#edde8e", "area_ha": 0.083430091292317959 }, "geometry": { "type": "Polygon", "coordinates": [ [ [ -45.144385445784508, -21.194671150459161 ], [ -45.144115951199268, -21.194671150459172 ], [ -45.144115951199268, -21.194940645044401 ], [ -45.144385445784508, -21.194940645044401 ], [ -45.144385445784508, -21.194671150459161 ] ] ] } },
{ "type": "Feature", "properties": { "id_feicao": "fogo_2025_311", "ano": 2025.0, "mes": 9, "codigo_original": 15, "classe": "Pastagem", "cor": "#edde8e", "area_ha": 0.083430383363833516 }, "geometry": { "type": "Polygon", "coordinates": [ [ [ -45.143307467443563, -21.194132161288692 ], [ -45.143307467443563, -21.194401655873929 ], [ -45.143576962028796, -21.194401655873929 ], [ -45.143576962028796, -21.194132161288689 ], [ -45.143307467443563, -21.194132161288692 ] ] ] } },
{ "type": "Feature", "properties": { "id_feicao": "fogo_2025_312", "ano": 2025.0, "mes": 9, "codigo_original": 15, "classe": "Pastagem", "cor": "#edde8e", "area_ha": 0.41715198842717871 }, "geometry": { "type": "Polygon", "coordinates": [ [ [ -45.130910716522713, -21.193593172118216 ], [ -45.130910716522713, -21.194132161288689 ], [ -45.131180211107946, -21.194132161288689 ], [ -45.131180211107946, -21.194671150459165 ], [ -45.131449705693186, -21.194671150459165 ], [ -45.131449705693186, -21.193862666703456 ], [ -45.131180211107946, -21.193862666703453 ], [ -45.131180211107946, -21.193593172118227 ], [ -45.130910716522713, -21.193593172118216 ] ] ] } },
{ "type": "Feature", "properties": { "id_feicao": "fogo_2025_313", "ano": 2025.0, "mes": 9, "codigo_original": 15, "classe": "Pastagem", "cor": "#edde8e", "area_ha": 0.16686151192709803 }, "geometry": { "type": "Polygon", "coordinates": [ [ [ -45.131719200278418, -21.193323677532987 ], [ -45.131180211107946, -21.193323677532991 ], [ -45.131180211107946, -21.193593172118227 ], [ -45.131719200278418, -21.19359317211822 ], [ -45.131719200278418, -21.193323677532987 ] ] ] } },
{ "type": "Feature", "properties": { "id_feicao": "fogo_2025_314", "ano": 2025.0, "mes": 9, "codigo_original": 15, "classe": "Pastagem", "cor": "#edde8e", "area_ha": 0.083431498231645668 }, "geometry": { "type": "Polygon", "coordinates": [ [ [ -45.131449705693186, -21.191976204606814 ], [ -45.131180211107946, -21.191976204606807 ], [ -45.131180211107946, -21.192245699192046 ], [ -45.131449705693186, -21.192245699192043 ], [ -45.131449705693186, -21.191976204606814 ] ] ] } },
{ "type": "Feature", "properties": { "id_feicao": "fogo_2025_315", "ano": 2025.0, "mes": 9, "codigo_original": 15, "classe": "Pastagem", "cor": "#edde8e", "area_ha": 0.083431648408807818 }, "geometry": { "type": "Polygon", "coordinates": [ [ [ -45.131719200278418, -21.19170671002157 ], [ -45.131449705693186, -21.191706710021567 ], [ -45.131449705693186, -21.191976204606814 ], [ -45.131719200278418, -21.191976204606807 ], [ -45.131719200278418, -21.19170671002157 ] ] ] } },
{ "type": "Feature", "properties": { "id_feicao": "fogo_2025_316", "ano": 2025.0, "mes": 9, "codigo_original": 15, "classe": "Pastagem", "cor": "#edde8e", "area_ha": 0.083431955131475929 }, "geometry": { "type": "Polygon", "coordinates": [ [ [ -45.133066673204596, -21.191167720851098 ], [ -45.133066673204596, -21.191437215436348 ], [ -45.133336167789835, -21.191437215436341 ], [ -45.133336167789835, -21.191167720851105 ], [ -45.133066673204596, -21.191167720851098 ] ] ] } },
{ "type": "Feature", "properties": { "id_feicao": "fogo_2025_317", "ano": 2025.0, "mes": 9, "codigo_original": 15, "classe": "Pastagem", "cor": "#edde8e", "area_ha": 0.083432102136702546 }, "geometry": { "type": "Polygon", "coordinates": [ [ [ -45.132797178619363, -21.190898226265872 ], [ -45.132797178619363, -21.191167720851102 ], [ -45.133066673204596, -21.191167720851098 ], [ -45.133066673204596, -21.190898226265858 ], [ -45.132797178619363, -21.190898226265872 ] ] ] } },
{ "type": "Feature", "properties": { "id_feicao": "fogo_2025_318", "ano": 2025.0, "mes": 9, "codigo_original": 15, "classe": "Pastagem", "cor": "#edde8e", "area_ha": 1.6687933292075992 }, "geometry": { "type": "Polygon", "coordinates": [ [ [ -45.131449705693186, -21.176615013248369 ], [ -45.130371727352241, -21.176615013248369 ], [ -45.130371727352241, -21.177962486174543 ], [ -45.131449705693186, -21.177962486174543 ], [ -45.131449705693186, -21.176615013248369 ] ] ] } },
{ "type": "Feature", "properties": { "id_feicao": "fogo_2025_319", "ano": 2025.0, "mes": 9, "codigo_original": 15, "classe": "Pastagem", "cor": "#edde8e", "area_ha": 1.667057580947876 }, "geometry": { "type": "Polygon", "coordinates": [ [ [ -45.122825878965635, -21.333460861855638 ], [ -45.12174790062469, -21.333460861855635 ], [ -45.12174790062469, -21.334808334781812 ], [ -45.122825878965635, -21.334808334781812 ], [ -45.122825878965635, -21.333460861855638 ] ] ] } },
{ "type": "Feature", "properties": { "id_feicao": "fogo_2025_320", "ano": 2025.0, "mes": 9, "codigo_original": 15, "classe": "Pastagem", "cor": "#edde8e", "area_ha": 0.83426713700424882 }, "geometry": { "type": "Polygon", "coordinates": [ [ [ -45.12417335189182, -21.200869525919593 ], [ -45.124442846477052, -21.20086952591959 ], [ -45.124442846477052, -21.200600031334357 ], [ -45.123634362721347, -21.200600031334353 ], [ -45.123634362721347, -21.200061042163885 ], [ -45.123364868136107, -21.200061042163885 ], [ -45.123364868136107, -21.200330536749114 ], [ -45.123095373550875, -21.200330536749121 ], [ -45.123095373550875, -21.200600031334353 ], [ -45.123364868136107, -21.200600031334353 ], [ -45.123364868136107, -21.201139020504829 ], [ -45.12417335189182, -21.201139020504826 ], [ -45.12417335189182, -21.200869525919593 ] ] ] } },
{ "type": "Feature", "properties": { "id_feicao": "fogo_2025_321", "ano": 2025.0, "mes": 9, "codigo_original": 15, "classe": "Pastagem", "cor": "#edde8e", "area_ha": 0.083427137745337401 }, "geometry": { "type": "Polygon", "coordinates": [ [ [ -45.122286889795163, -21.199791547578648 ], [ -45.122286889795163, -21.200061042163888 ], [ -45.122556384380403, -21.200061042163878 ], [ -45.122556384380403, -21.199791547578645 ], [ -45.122286889795163, -21.199791547578648 ] ] ] } },
{ "type": "Feature", "properties": { "id_feicao": "fogo_2025_322", "ano": 2025.0, "mes": 9, "codigo_original": 15, "classe": "Pastagem", "cor": "#edde8e", "area_ha": 0.25028188577056643 }, "geometry": { "type": "Polygon", "coordinates": [ [ [ -45.123634362721347, -21.199522052993409 ], [ -45.123634362721347, -21.199791547578648 ], [ -45.124442846477052, -21.199791547578648 ], [ -45.124442846477052, -21.199522052993419 ], [ -45.123634362721347, -21.199522052993409 ] ] ] } },
{ "type": "Feature", "properties": { "id_feicao": "fogo_2025_323", "ano": 2025.0, "mes": 9, "codigo_original": 15, "classe": "Pastagem", "cor": "#edde8e", "area_ha": 0.50056520813908423 }, "geometry": { "type": "Polygon", "coordinates": [ [ [ -45.115010535993797, -21.199522052993409 ], [ -45.116358008919974, -21.199522052993412 ], [ -45.116358008919974, -21.199252558408173 ], [ -45.115280030579029, -21.199252558408169 ], [ -45.115280030579029, -21.198983063822936 ], [ -45.115010535993797, -21.19898306382294 ], [ -45.115010535993797, -21.199522052993409 ] ] ] } },
{ "type": "Feature", "properties": { "id_feicao": "fogo_2025_324", "ano": 2025.0, "mes": 9, "codigo_original": 15, "classe": "Pastagem", "cor": "#edde8e", "area_ha": 0.16685534272529184 }, "geometry": { "type": "Polygon", "coordinates": [ [ [ -45.124981835647525, -21.198713569237707 ], [ -45.124712341062292, -21.198713569237704 ], [ -45.124712341062292, -21.199252558408173 ], [ -45.124981835647525, -21.199252558408176 ], [ -45.124981835647525, -21.198713569237707 ] ] ] } },
{ "type": "Feature", "properties": { "id_feicao": "fogo_2025_325", "ano": 2025.0, "mes": 9, "codigo_original": 15, "classe": "Pastagem", "cor": "#edde8e", "area_ha": 0.083427742705866698 }, "geometry": { "type": "Polygon", "coordinates": [ [ [ -45.124442846477052, -21.198713569237707 ], [ -45.12417335189182, -21.1987135692377 ], [ -45.12417335189182, -21.198983063822944 ], [ -45.124442846477052, -21.198983063822933 ], [ -45.124442846477052, -21.198713569237707 ] ] ] } },
{ "type": "Feature", "properties": { "id_feicao": "fogo_2025_326", "ano": 2025.0, "mes": 9, "codigo_original": 15, "classe": "Pastagem", "cor": "#edde8e", "area_ha": 0.083427703688911975 }, "geometry": { "type": "Polygon", "coordinates": [ [ [ -45.116896998090446, -21.1987135692377 ], [ -45.116896998090446, -21.198983063822944 ], [ -45.117166492675686, -21.19898306382294 ], [ -45.117166492675686, -21.1987135692377 ], [ -45.116896998090446, -21.1987135692377 ] ] ] } },
{ "type": "Feature", "properties": { "id_feicao": "fogo_2025_327", "ano": 2025.0, "mes": 9, "codigo_original": 15, "classe": "Pastagem", "cor": "#edde8e", "area_ha": 0.08342788690502484 }, "geometry": { "type": "Polygon", "coordinates": [ [ [ -45.123364868136107, -21.198444074652471 ], [ -45.123364868136107, -21.198713569237711 ], [ -45.123634362721347, -21.198713569237704 ], [ -45.123634362721347, -21.198444074652468 ], [ -45.123364868136107, -21.198444074652471 ] ] ] } },
{ "type": "Feature", "properties": { "id_feicao": "fogo_2025_328", "ano": 2025.0, "mes": 9, "codigo_original": 15, "classe": "Pastagem", "cor": "#edde8e", "area_ha": 0.41713921302482487 }, "geometry": { "type": "Polygon", "coordinates": [ [ [ -45.115549525164269, -21.198174580067235 ], [ -45.115280030579029, -21.198174580067231 ], [ -45.115280030579029, -21.198444074652471 ], [ -45.114741041408557, -21.198444074652475 ], [ -45.114741041408557, -21.198983063822936 ], [ -45.115010535993797, -21.19898306382294 ], [ -45.115010535993797, -21.198713569237704 ], [ -45.115549525164269, -21.1987135692377 ], [ -45.115549525164269, -21.198174580067235 ] ] ] } },
{ "type": "Feature", "properties": { "id_feicao": "fogo_2025_329", "ano": 2025.0, "mes": 9, "codigo_original": 15, "classe": "Pastagem", "cor": "#edde8e", "area_ha": 0.08342803407423198 }, "geometry": { "type": "Polygon", "coordinates": [ [ [ -45.123364868136107, -21.198174580067231 ], [ -45.123095373550875, -21.198174580067228 ], [ -45.123095373550875, -21.198444074652468 ], [ -45.123364868136107, -21.198444074652471 ], [ -45.123364868136107, -21.198174580067231 ] ] ] } },
{ "type": "Feature", "properties": { "id_feicao": "fogo_2025_330", "ano": 2025.0, "mes": 9, "codigo_original": 15, "classe": "Pastagem", "cor": "#edde8e", "area_ha": 0.083428179774899039 }, "geometry": { "type": "Polygon", "coordinates": [ [ [ -45.122825878965635, -21.197905085481999 ], [ -45.122556384380403, -21.197905085481995 ], [ -45.122556384380403, -21.198174580067228 ], [ -45.122825878965635, -21.198174580067231 ], [ -45.122825878965635, -21.197905085481999 ] ] ] } },
{ "type": "Feature", "properties": { "id_feicao": "fogo_2025_331", "ano": 2025.0, "mes": 9, "codigo_original": 15, "classe": "Pastagem", "cor": "#edde8e", "area_ha": 0.083428155263425466 }, "geometry": { "type": "Polygon", "coordinates": [ [ [ -45.117974976431391, -21.197905085481995 ], [ -45.117974976431391, -21.198174580067231 ], [ -45.118244471016624, -21.198174580067228 ], [ -45.118244471016624, -21.197905085481995 ], [ -45.117974976431391, -21.197905085481995 ] ] ] } },
{ "type": "Feature", "properties": { "id_feicao": "fogo_2025_332", "ano": 2025.0, "mes": 9, "codigo_original": 15, "classe": "Pastagem", "cor": "#edde8e", "area_ha": 4.5885703741653368 }, "geometry": { "type": "Polygon", "coordinates": [ [ [ -45.114741041408557, -21.197366096311519 ], [ -45.114741041408557, -21.197635590896756 ], [ -45.114471546823324, -21.197635590896766 ], [ -45.114471546823324, -21.198444074652464 ], [ -45.114741041408557, -21.198444074652475 ], [ -45.114741041408557, -21.197905085481995 ], [ -45.116088514334741, -21.197905085481992 ], [ -45.116088514334741, -21.197635590896766 ], [ -45.116627503505214, -21.197635590896763 ], [ -45.116627503505214, -21.19736609631153 ], [ -45.116896998090446, -21.197366096311526 ], [ -45.116896998090446, -21.197635590896759 ], [ -45.117435987260919, -21.197635590896759 ], [ -45.117435987260919, -21.19736609631153 ], [ -45.117705481846151, -21.197366096311526 ], [ -45.117705481846151, -21.19763559089677 ], [ -45.118244471016624, -21.197635590896766 ], [ -45.118244471016624, -21.196827107141051 ], [ -45.117974976431391, -21.196827107141054 ], [ -45.117974976431391, -21.196557612555811 ], [ -45.117435987260919, -21.196557612555814 ], [ -45.117435987260919, -21.196288117970578 ], [ -45.116358008919974, -21.196288117970578 ], [ -45.116358008919974, -21.196557612555811 ], [ -45.116627503505214, -21.196557612555821 ], [ -45.116627503505214, -21.196827107141058 ], [ -45.114741041408557, -21.196827107141058 ], [ -45.114741041408557, -21.197096601726283 ], [ -45.114471546823324, -21.197096601726294 ], [ -45.114471546823324, -21.197366096311523 ], [ -45.114741041408557, -21.197366096311519 ] ] ] } },
{ "type": "Feature", "properties": { "id_feicao": "fogo_2025_333", "ano": 2025.0, "mes": 9, "codigo_original": 15, "classe": "Pastagem", "cor": "#edde8e", "area_ha": 0.16685809563249349 }, "geometry": { "type": "Polygon", "coordinates": [ [ [ -45.118513965601863, -21.196288117970575 ], [ -45.117974976431391, -21.196288117970575 ], [ -45.117974976431391, -21.196557612555811 ], [ -45.118513965601863, -21.196557612555818 ], [ -45.118513965601863, -21.196288117970575 ] ] ] } },
{ "type": "Feature", "properties": { "id_feicao": "fogo_2025_334", "ano": 2025.0, "mes": 9, "codigo_original": 15, "classe": "Pastagem", "cor": "#edde8e", "area_ha": 0.25028864267021417 }, "geometry": { "type": "Polygon", "coordinates": [ [ [ -45.128485265255598, -21.195479634214873 ], [ -45.127676781499879, -21.195479634214877 ], [ -45.127676781499879, -21.195749128800109 ], [ -45.128485265255598, -21.195749128800117 ], [ -45.128485265255598, -21.195479634214873 ] ] ] } },
{ "type": "Feature", "properties": { "id_feicao": "fogo_2025_335", "ano": 2025.0, "mes": 9, "codigo_original": 15, "classe": "Pastagem", "cor": "#edde8e", "area_ha": 0.083429990371502935 }, "geometry": { "type": "Polygon", "coordinates": [ [ [ -45.127676781499879, -21.194671150459165 ], [ -45.127407286914654, -21.194671150459172 ], [ -45.127407286914654, -21.194940645044401 ], [ -45.127676781499879, -21.194940645044397 ], [ -45.127676781499879, -21.194671150459165 ] ] ] } },
{ "type": "Feature", "properties": { "id_feicao": "fogo_2025_336", "ano": 2025.0, "mes": 9, "codigo_original": 15, "classe": "Pastagem", "cor": "#edde8e", "area_ha": 0.0834301451298501 }, "geometry": { "type": "Polygon", "coordinates": [ [ [ -45.128485265255598, -21.194401655873929 ], [ -45.128485265255598, -21.194671150459161 ], [ -45.128754759840824, -21.194671150459168 ], [ -45.128754759840824, -21.194401655873929 ], [ -45.128485265255598, -21.194401655873929 ] ] ] } },
{ "type": "Feature", "properties": { "id_feicao": "fogo_2025_337", "ano": 2025.0, "mes": 9, "codigo_original": 15, "classe": "Pastagem", "cor": "#edde8e", "area_ha": 0.083430296839318005 }, "geometry": { "type": "Polygon", "coordinates": [ [ [ -45.129024254426071, -21.194132161288696 ], [ -45.129024254426071, -21.194401655873929 ], [ -45.129293749011296, -21.194401655873925 ], [ -45.129293749011296, -21.194132161288699 ], [ -45.129024254426071, -21.194132161288696 ] ] ] } },
{ "type": "Feature", "properties": { "id_feicao": "fogo_2025_338", "ano": 2025.0, "mes": 9, "codigo_original": 15, "classe": "Pastagem", "cor": "#edde8e", "area_ha": 1.5017535274781286 }, "geometry": { "type": "Polygon", "coordinates": [ [ [ -45.126598803158934, -21.19332367753298 ], [ -45.126329308573709, -21.193323677532987 ], [ -45.126329308573709, -21.194132161288696 ], [ -45.128215770670352, -21.194132161288689 ], [ -45.128215770670352, -21.193862666703463 ], [ -45.128485265255598, -21.193862666703463 ], [ -45.128485265255598, -21.193593172118224 ], [ -45.128215770670352, -21.19359317211822 ], [ -45.128215770670352, -21.193323677532991 ], [ -45.127407286914654, -21.193323677532995 ], [ -45.127407286914654, -21.193593172118216 ], [ -45.127137792329407, -21.193593172118224 ], [ -45.127137792329407, -21.193862666703456 ], [ -45.126868297744181, -21.19386266670346 ], [ -45.126868297744181, -21.19359317211822 ], [ -45.126598803158934, -21.193593172118231 ], [ -45.126598803158934, -21.19332367753298 ] ] ] } },
{ "type": "Feature", "properties": { "id_feicao": "fogo_2025_339", "ano": 2025.0, "mes": 9, "codigo_original": 15, "classe": "Pastagem", "cor": "#edde8e", "area_ha": 16.769638070644316 }, "geometry": { "type": "Polygon", "coordinates": [ [ [ -45.114202052238092, -21.191437215436338 ], [ -45.114202052238092, -21.191167720851098 ], [ -45.112315590141435, -21.191167720851098 ], [ -45.112315590141435, -21.191437215436338 ], [ -45.112585084726675, -21.191437215436341 ], [ -45.112585084726675, -21.191706710021567 ], [ -45.112315590141435, -21.191706710021574 ], [ -45.112315590141435, -21.191976204606799 ], [ -45.11150710638573, -21.191976204606807 ], [ -45.11150710638573, -21.192245699192039 ], [ -45.111237611800497, -21.19224569919205 ], [ -45.111237611800497, -21.191976204606803 ], [ -45.110698622630025, -21.191976204606807 ], [ -45.110698622630025, -21.193054182947744 ], [ -45.110968117215258, -21.193054182947755 ], [ -45.110968117215258, -21.193323677532984 ], [ -45.111237611800497, -21.193323677532987 ], [ -45.111237611800497, -21.194401655873936 ], [ -45.11150710638573, -21.194401655873925 ], [ -45.11150710638573, -21.193862666703456 ], [ -45.111776600970963, -21.19386266670346 ], [ -45.111776600970963, -21.194401655873932 ], [ -45.116358008919974, -21.194401655873929 ], [ -45.116358008919974, -21.194671150459168 ], [ -45.116627503505214, -21.194671150459161 ], [ -45.116627503505214, -21.194940645044394 ], [ -45.116358008919974, -21.194940645044404 ], [ -45.116358008919974, -21.19547963421487 ], [ -45.116627503505214, -21.195479634214873 ], [ -45.116627503505214, -21.195749128800106 ], [ -45.116358008919974, -21.195749128800109 ], [ -45.116358008919974, -21.196018623385346 ], [ -45.117435987260919, -21.196018623385338 ], [ -45.117435987260919, -21.195749128800109 ], [ -45.116896998090446, -21.195749128800117 ], [ -45.116896998090446, -21.195479634214873 ], [ -45.117166492675686, -21.195479634214866 ], [ -45.117166492675686, -21.193054182947744 ], [ -45.116896998090446, -21.193054182947751 ], [ -45.116896998090446, -21.192515193777275 ], [ -45.116627503505214, -21.192515193777282 ], [ -45.116627503505214, -21.19359317211822 ], [ -45.116358008919974, -21.193593172118216 ], [ -45.116358008919974, -21.193323677532995 ], [ -45.115549525164269, -21.193323677532987 ], [ -45.115549525164269, -21.193054182947755 ], [ -45.115280030579029, -21.193054182947751 ], [ -45.115280030579029, -21.192784688362508 ], [ -45.114741041408557, -21.192784688362508 ], [ -45.114741041408557, -21.192245699192039 ], [ -45.115280030579029, -21.192245699192043 ], [ -45.115280030579029, -21.191976204606803 ], [ -45.115549525164269, -21.191976204606803 ], [ -45.115549525164269, -21.192245699192043 ], [ -45.115819019749502, -21.192245699192046 ], [ -45.115819019749502, -21.191706710021577 ], [ -45.115549525164269, -21.191706710021574 ], [ -45.115549525164269, -21.191167720851105 ], [ -45.115280030579029, -21.191167720851098 ], [ -45.115280030579029, -21.191706710021567 ], [ -45.115010535993797, -21.19170671002157 ], [ -45.115010535993797, -21.191437215436331 ], [ -45.114741041408557, -21.191437215436341 ], [ -45.114741041408557, -21.191706710021574 ], [ -45.114471546823324, -21.191706710021567 ], [ -45.114471546823324, -21.191437215436334 ], [ -45.114202052238092, -21.191437215436338 ] ], [ [ -45.113124073897147, -21.191976204606807 ], [ -45.113124073897147, -21.19224569919205 ], [ -45.112315590141435, -21.192245699192043 ], [ -45.112315590141435, -21.191976204606799 ], [ -45.113124073897147, -21.191976204606807 ] ], [ [ -45.111776600970963, -21.192245699192043 ], [ -45.111776600970963, -21.192515193777275 ], [ -45.11150710638573, -21.192515193777268 ], [ -45.11150710638573, -21.192245699192039 ], [ -45.111776600970963, -21.192245699192043 ] ], [ [ -45.111237611800497, -21.192784688362519 ], [ -45.110968117215258, -21.192784688362522 ], [ -45.110968117215258, -21.192245699192043 ], [ -45.111237611800497, -21.19224569919205 ], [ -45.111237611800497, -21.192784688362519 ] ], [ [ -45.115549525164269, -21.193862666703463 ], [ -45.115549525164269, -21.193593172118216 ], [ -45.115819019749502, -21.193593172118224 ], [ -45.115819019749502, -21.19386266670346 ], [ -45.115549525164269, -21.193862666703463 ] ], [ [ -45.112315590141435, -21.193323677532987 ], [ -45.112315590141435, -21.19359317211822 ], [ -45.111776600970963, -21.19359317211822 ], [ -45.111776600970963, -21.193323677532991 ], [ -45.112315590141435, -21.193323677532987 ] ], [ [ -45.11150710638573, -21.193323677532987 ], [ -45.11150710638573, -21.193054182947748 ], [ -45.111776600970963, -21.193054182947748 ], [ -45.111776600970963, -21.193323677532991 ], [ -45.11150710638573, -21.193323677532987 ] ], [ [ -45.114202052238092, -21.192784688362508 ], [ -45.114202052238092, -21.192515193777282 ], [ -45.114471546823324, -21.192515193777268 ], [ -45.114471546823324, -21.192784688362512 ], [ -45.114202052238092, -21.192784688362508 ] ], [ [ -45.113932557652852, -21.192245699192046 ], [ -45.113932557652852, -21.191976204606817 ], [ -45.114202052238092, -21.191976204606807 ], [ -45.114202052238092, -21.192245699192043 ], [ -45.113932557652852, -21.192245699192046 ] ], [ [ -45.113663063067619, -21.19170671002157 ], [ -45.112854579311907, -21.191706710021574 ], [ -45.112854579311907, -21.191437215436341 ], [ -45.113663063067619, -21.191437215436341 ], [ -45.113663063067619, -21.19170671002157 ] ] ] } },
{ "type": "Feature", "properties": { "id_feicao": "fogo_2025_340", "ano": 2025.0, "mes": 9, "codigo_original": 15, "classe": "Pastagem", "cor": "#edde8e", "area_ha": 0.16686220087744297 }, "geometry": { "type": "Polygon", "coordinates": [ [ [ -45.126868297744181, -21.192515193777275 ], [ -45.126598803158934, -21.192515193777272 ], [ -45.126598803158934, -21.193054182947758 ], [ -45.126868297744181, -21.193054182947755 ], [ -45.126868297744181, -21.192515193777275 ] ] ] } },
{ "type": "Feature", "properties": { "id_feicao": "fogo_2025_341", "ano": 2025.0, "mes": 9, "codigo_original": 15, "classe": "Pastagem", "cor": "#edde8e", "area_ha": 0.16686235709365302 }, "geometry": { "type": "Polygon", "coordinates": [ [ [ -45.127137792329407, -21.192515193777279 ], [ -45.127137792329407, -21.192784688362508 ], [ -45.127676781499879, -21.192784688362512 ], [ -45.127676781499879, -21.192515193777275 ], [ -45.127137792329407, -21.192515193777279 ] ] ] } },
{ "type": "Feature", "properties": { "id_feicao": "fogo_2025_342", "ano": 2025.0, "mes": 9, "codigo_original": 15, "classe": "Pastagem", "cor": "#edde8e", "area_ha": 0.083431113834075227 }, "geometry": { "type": "Polygon", "coordinates": [ [ [ -45.115280030579029, -21.192515193777282 ], [ -45.115280030579029, -21.192784688362508 ], [ -45.115549525164269, -21.192784688362512 ], [ -45.115549525164269, -21.192515193777272 ], [ -45.115280030579029, -21.192515193777282 ] ] ] } },
{ "type": "Feature", "properties": { "id_feicao": "fogo_2025_343", "ano": 2025.0, "mes": 9, "codigo_original": 15, "classe": "Pastagem", "cor": "#edde8e", "area_ha": 0.083431482661236081 }, "geometry": { "type": "Polygon", "coordinates": [ [ [ -45.128754759840824, -21.191976204606796 ], [ -45.128485265255598, -21.19197620460681 ], [ -45.128485265255598, -21.192245699192046 ], [ -45.128754759840824, -21.192245699192039 ], [ -45.128754759840824, -21.191976204606796 ] ] ] } },
{ "type": "Feature", "properties": { "id_feicao": "fogo_2025_344", "ano": 2025.0, "mes": 9, "codigo_original": 15, "classe": "Pastagem", "cor": "#edde8e", "area_ha": 0.083431920812558388 }, "geometry": { "type": "Polygon", "coordinates": [ [ [ -45.127407286914654, -21.191167720851098 ], [ -45.127137792329407, -21.191167720851105 ], [ -45.127137792329407, -21.191437215436334 ], [ -45.127407286914654, -21.191437215436338 ], [ -45.127407286914654, -21.191167720851098 ] ] ] } },
{ "type": "Feature", "properties": { "id_feicao": "fogo_2025_345", "ano": 2025.0, "mes": 9, "codigo_original": 15, "classe": "Pastagem", "cor": "#edde8e", "area_ha": 0.083431999952718619 }, "geometry": { "type": "Polygon", "coordinates": [ [ [ -45.114471546823324, -21.190898226265862 ], [ -45.114202052238092, -21.190898226265858 ], [ -45.114202052238092, -21.191167720851098 ], [ -45.114471546823324, -21.191167720851105 ], [ -45.114471546823324, -21.190898226265862 ] ] ] } },
{ "type": "Feature", "properties": { "id_feicao": "fogo_2025_346", "ano": 2025.0, "mes": 9, "codigo_original": 15, "classe": "Pastagem", "cor": "#edde8e", "area_ha": 0.083432824679403259 }, "geometry": { "type": "Polygon", "coordinates": [ [ [ -45.129293749011296, -21.189550753339685 ], [ -45.129293749011296, -21.189820247924921 ], [ -45.129563243596529, -21.189820247924928 ], [ -45.129563243596529, -21.189550753339688 ], [ -45.129293749011296, -21.189550753339685 ] ] ] } },
{ "type": "Feature", "properties": { "id_feicao": "fogo_2025_347", "ano": 2025.0, "mes": 9, "codigo_original": 15, "classe": "Pastagem", "cor": "#edde8e", "area_ha": 0.083433115682440898 }, "geometry": { "type": "Polygon", "coordinates": [ [ [ -45.128215770670352, -21.189011764169212 ], [ -45.128215770670352, -21.189281258754448 ], [ -45.128485265255598, -21.189281258754455 ], [ -45.128485265255598, -21.189011764169216 ], [ -45.128215770670352, -21.189011764169212 ] ] ] } },
{ "type": "Feature", "properties": { "id_feicao": "fogo_2025_348", "ano": 2025.0, "mes": 9, "codigo_original": 15, "classe": "Pastagem", "cor": "#edde8e", "area_ha": 22.777401761853941 }, "geometry": { "type": "Polygon", "coordinates": [ [ [ -45.111237611800497, -21.186047323731618 ], [ -45.111237611800497, -21.188742269583976 ], [ -45.112315590141435, -21.188742269583969 ], [ -45.112315590141435, -21.19008974251016 ], [ -45.113932557652852, -21.190089742510153 ], [ -45.113932557652852, -21.190359237095393 ], [ -45.114202052238092, -21.190359237095397 ], [ -45.114202052238092, -21.190628731680629 ], [ -45.114471546823324, -21.190628731680629 ], [ -45.114471546823324, -21.190898226265862 ], [ -45.114741041408557, -21.190898226265862 ], [ -45.114741041408557, -21.191167720851098 ], [ -45.115280030579029, -21.191167720851098 ], [ -45.115280030579029, -21.190628731680633 ], [ -45.115549525164269, -21.190628731680622 ], [ -45.115549525164269, -21.190359237095386 ], [ -45.115819019749502, -21.190359237095389 ], [ -45.115819019749502, -21.19008974251016 ], [ -45.115549525164269, -21.190089742510157 ], [ -45.115549525164269, -21.189011764169212 ], [ -45.115819019749502, -21.189011764169212 ], [ -45.115819019749502, -21.18847277499874 ], [ -45.115549525164269, -21.188472774998747 ], [ -45.115549525164269, -21.187394796657795 ], [ -45.115819019749502, -21.187394796657795 ], [ -45.115819019749502, -21.187125302072555 ], [ -45.116358008919974, -21.187125302072566 ], [ -45.116358008919974, -21.186586312902087 ], [ -45.116627503505214, -21.186586312902083 ], [ -45.116627503505214, -21.186316818316861 ], [ -45.116896998090446, -21.186316818316847 ], [ -45.116896998090446, -21.185508334561145 ], [ -45.114741041408557, -21.185508334561145 ], [ -45.114741041408557, -21.185777829146378 ], [ -45.113932557652852, -21.185777829146392 ], [ -45.113932557652852, -21.186047323731614 ], [ -45.111776600970963, -21.186047323731618 ], [ -45.111776600970963, -21.185777829146389 ], [ -45.11150710638573, -21.185777829146392 ], [ -45.11150710638573, -21.186047323731621 ], [ -45.111237611800497, -21.186047323731618 ] ], [ [ -45.113124073897147, -21.187125302072563 ], [ -45.112585084726675, -21.187125302072559 ], [ -45.112585084726675, -21.186855807487323 ], [ -45.113124073897147, -21.186855807487319 ], [ -45.113124073897147, -21.187125302072563 ] ] ] } },
{ "type": "Feature", "properties": { "id_feicao": "fogo_2025_349", "ano": 2025.0, "mes": 9, "codigo_original": 15, "classe": "Pastagem", "cor": "#edde8e", "area_ha": 4.338546410418302 }, "geometry": { "type": "Polygon", "coordinates": [ [ [ -45.126329308573709, -21.188472774998743 ], [ -45.126598803158934, -21.18847277499874 ], [ -45.126598803158934, -21.189011764169205 ], [ -45.127137792329407, -21.189011764169216 ], [ -45.127137792329407, -21.188742269583976 ], [ -45.127676781499879, -21.188742269583976 ], [ -45.127676781499879, -21.189011764169212 ], [ -45.128215770670352, -21.189011764169212 ], [ -45.128215770670352, -21.188742269583969 ], [ -45.128754759840824, -21.18874226958398 ], [ -45.128754759840824, -21.189281258754452 ], [ -45.129024254426071, -21.189281258754448 ], [ -45.129024254426071, -21.189011764169219 ], [ -45.129293749011296, -21.189011764169212 ], [ -45.129293749011296, -21.18874226958398 ], [ -45.129832738181769, -21.188742269583976 ], [ -45.129832738181769, -21.188203280413507 ], [ -45.129563243596529, -21.1882032804135 ], [ -45.129563243596529, -21.187933785828275 ], [ -45.129832738181769, -21.187933785828275 ], [ -45.129832738181769, -21.187125302072563 ], [ -45.128215770670352, -21.187125302072559 ], [ -45.128215770670352, -21.1882032804135 ], [ -45.128485265255598, -21.188203280413507 ], [ -45.128485265255598, -21.188472774998733 ], [ -45.127676781499879, -21.18847277499875 ], [ -45.127676781499879, -21.188203280413507 ], [ -45.126329308573709, -21.188203280413507 ], [ -45.126329308573709, -21.188472774998743 ] ] ] } },
{ "type": "Feature", "properties": { "id_feicao": "fogo_2025_350", "ano": 2025.0, "mes": 9, "codigo_original": 15, "classe": "Pastagem", "cor": "#edde8e", "area_ha": 0.3337363255908713 }, "geometry": { "type": "Polygon", "coordinates": [ [ [ -45.130102232767001, -21.187394796657799 ], [ -45.130641221937474, -21.187394796657792 ], [ -45.130641221937474, -21.187664291243031 ], [ -45.130910716522713, -21.187664291243031 ], [ -45.130910716522713, -21.187125302072566 ], [ -45.130102232767001, -21.187125302072555 ], [ -45.130102232767001, -21.187394796657799 ] ] ] } },
{ "type": "Feature", "properties": { "id_feicao": "fogo_2025_351", "ano": 2025.0, "mes": 9, "codigo_original": 15, "classe": "Pastagem", "cor": "#edde8e", "area_ha": 0.08343429362767929 }, "geometry": { "type": "Polygon", "coordinates": [ [ [ -45.126329308573709, -21.186855807487326 ], [ -45.126329308573709, -21.187125302072566 ], [ -45.126598803158934, -21.187125302072559 ], [ -45.126598803158934, -21.186855807487326 ], [ -45.126329308573709, -21.186855807487326 ] ] ] } },
{ "type": "Feature", "properties": { "id_feicao": "fogo_2025_352", "ano": 2025.0, "mes": 9, "codigo_original": 15, "classe": "Pastagem", "cor": "#edde8e", "area_ha": 0.083434601451972679 }, "geometry": { "type": "Polygon", "coordinates": [ [ [ -45.128215770670352, -21.186316818316858 ], [ -45.128215770670352, -21.18658631290209 ], [ -45.128485265255598, -21.186586312902087 ], [ -45.128485265255598, -21.186316818316858 ], [ -45.128215770670352, -21.186316818316858 ] ] ] } },
{ "type": "Feature", "properties": { "id_feicao": "fogo_2025_353", "ano": 2025.0, "mes": 9, "codigo_original": 15, "classe": "Pastagem", "cor": "#edde8e", "area_ha": 0.1668801540058106 }, "geometry": { "type": "Polygon", "coordinates": [ [ [ -45.110698622630025, -21.17607602407789 ], [ -45.110429128044785, -21.176076024077894 ], [ -45.110429128044785, -21.176615013248369 ], [ -45.110698622630025, -21.176615013248362 ], [ -45.110698622630025, -21.17607602407789 ] ] ] } },
{ "type": "Feature", "properties": { "id_feicao": "fogo_2025_354", "ano": 2025.0, "mes": 9, "codigo_original": 15, "classe": "Pastagem", "cor": "#edde8e", "area_ha": 0.083440148608759049 }, "geometry": { "type": "Polygon", "coordinates": [ [ [ -45.110159633459553, -21.176076024077897 ], [ -45.109890138874313, -21.17607602407789 ], [ -45.109890138874313, -21.176345518663133 ], [ -45.110159633459553, -21.176345518663126 ], [ -45.110159633459553, -21.176076024077897 ] ] ] } },
{ "type": "Feature", "properties": { "id_feicao": "fogo_2025_355", "ano": 2025.0, "mes": 9, "codigo_original": 15, "classe": "Pastagem", "cor": "#edde8e", "area_ha": 6.0077208380613474 }, "geometry": { "type": "Polygon", "coordinates": [ [ [ -45.121478406039458, -21.175537034907414 ], [ -45.121208911454218, -21.175537034907418 ], [ -45.121208911454218, -21.17634551866313 ], [ -45.121478406039458, -21.17634551866313 ], [ -45.121478406039458, -21.176076024077886 ], [ -45.12174790062469, -21.17607602407789 ], [ -45.12174790062469, -21.175806529492657 ], [ -45.12201739520993, -21.175806529492654 ], [ -45.12201739520993, -21.175537034907421 ], [ -45.122286889795163, -21.175537034907421 ], [ -45.122286889795163, -21.175267540322189 ], [ -45.122825878965635, -21.175267540322192 ], [ -45.122825878965635, -21.175537034907428 ], [ -45.123095373550875, -21.175537034907418 ], [ -45.123095373550875, -21.175806529492654 ], [ -45.123364868136107, -21.175806529492661 ], [ -45.123364868136107, -21.17607602407789 ], [ -45.123634362721347, -21.176076024077897 ], [ -45.123634362721347, -21.176345518663126 ], [ -45.12390385730658, -21.176345518663123 ], [ -45.12390385730658, -21.176615013248362 ], [ -45.124981835647525, -21.176615013248366 ], [ -45.124981835647525, -21.174728551151716 ], [ -45.123364868136107, -21.174728551151709 ], [ -45.123364868136107, -21.174459056566477 ], [ -45.121208911454218, -21.174459056566477 ], [ -45.121208911454218, -21.174728551151709 ], [ -45.121478406039458, -21.174728551151709 ], [ -45.121478406039458, -21.174998045736945 ], [ -45.12174790062469, -21.174998045736949 ], [ -45.12174790062469, -21.175267540322185 ], [ -45.121478406039458, -21.175267540322185 ], [ -45.121478406039458, -21.175537034907414 ] ] ] } },
{ "type": "Feature", "properties": { "id_feicao": "fogo_2025_356", "ano": 2025.0, "mes": 9, "codigo_original": 15, "classe": "Pastagem", "cor": "#edde8e", "area_ha": 14.268346598705756 }, "geometry": { "type": "Polygon", "coordinates": [ [ [ -45.109890138874313, -21.175267540322189 ], [ -45.110159633459553, -21.175267540322185 ], [ -45.110159633459553, -21.175537034907421 ], [ -45.110429128044785, -21.175537034907418 ], [ -45.110429128044785, -21.175806529492657 ], [ -45.110698622630025, -21.175806529492654 ], [ -45.110698622630025, -21.17607602407789 ], [ -45.110968117215258, -21.17607602407789 ], [ -45.110968117215258, -21.176615013248369 ], [ -45.110698622630025, -21.176615013248362 ], [ -45.110698622630025, -21.176884507833599 ], [ -45.110968117215258, -21.176884507833599 ], [ -45.110968117215258, -21.177154002418838 ], [ -45.11150710638573, -21.177154002418835 ], [ -45.11150710638573, -21.176884507833599 ], [ -45.111776600970963, -21.176884507833606 ], [ -45.111776600970963, -21.177154002418838 ], [ -45.11339356848238, -21.177154002418835 ], [ -45.11339356848238, -21.176345518663126 ], [ -45.113932557652852, -21.176345518663126 ], [ -45.113932557652852, -21.176076024077894 ], [ -45.114202052238092, -21.176076024077901 ], [ -45.114202052238092, -21.175806529492661 ], [ -45.114471546823324, -21.175806529492654 ], [ -45.114471546823324, -21.175267540322189 ], [ -45.117166492675686, -21.175267540322182 ], [ -45.117166492675686, -21.174728551151713 ], [ -45.116358008919974, -21.174728551151709 ], [ -45.116358008919974, -21.174459056566473 ], [ -45.116627503505214, -21.174459056566469 ], [ -45.116627503505214, -21.174189561981244 ], [ -45.113932557652852, -21.174189561981237 ], [ -45.113932557652852, -21.173920067396008 ], [ -45.112585084726675, -21.173920067396008 ], [ -45.112585084726675, -21.174189561981247 ], [ -45.11150710638573, -21.174189561981247 ], [ -45.11150710638573, -21.174459056566473 ], [ -45.110968117215258, -21.174459056566477 ], [ -45.110968117215258, -21.175267540322182 ], [ -45.110429128044785, -21.175267540322182 ], [ -45.110429128044785, -21.174998045736952 ], [ -45.109890138874313, -21.174998045736952 ], [ -45.109890138874313, -21.175267540322189 ] ], [ [ -45.111776600970963, -21.174459056566473 ], [ -45.111776600970963, -21.174728551151709 ], [ -45.11150710638573, -21.174728551151709 ], [ -45.11150710638573, -21.174459056566473 ], [ -45.111776600970963, -21.174459056566473 ] ], [ [ -45.114741041408557, -21.174998045736949 ], [ -45.114741041408557, -21.174728551151713 ], [ -45.115010535993797, -21.174728551151713 ], [ -45.115010535993797, -21.174998045736949 ], [ -45.114741041408557, -21.174998045736949 ] ], [ [ -45.115010535993797, -21.174459056566473 ], [ -45.115280030579029, -21.174459056566473 ], [ -45.115280030579029, -21.174728551151716 ], [ -45.115010535993797, -21.174728551151713 ], [ -45.115010535993797, -21.174459056566473 ] ] ] } },
{ "type": "Feature", "properties": { "id_feicao": "fogo_2025_357", "ano": 2025.0, "mes": 9, "codigo_original": 15, "classe": "Pastagem", "cor": "#edde8e", "area_ha": 5.5070921468497147 }, "geometry": { "type": "Polygon", "coordinates": [ [ [ -45.130102232767001, -21.175267540322185 ], [ -45.130102232767001, -21.173650572810772 ], [ -45.129024254426071, -21.173650572810772 ], [ -45.129024254426071, -21.175267540322189 ], [ -45.128754759840824, -21.175267540322182 ], [ -45.128754759840824, -21.175537034907418 ], [ -45.127946276085126, -21.175537034907418 ], [ -45.127946276085126, -21.176615013248369 ], [ -45.130371727352241, -21.176615013248369 ], [ -45.130371727352241, -21.175267540322182 ], [ -45.130102232767001, -21.175267540322185 ] ] ] } },
{ "type": "Feature", "properties": { "id_feicao": "fogo_2025_358", "ano": 2025.0, "mes": 9, "codigo_original": 15, "classe": "Pastagem", "cor": "#edde8e", "area_ha": 2.920468115166202 }, "geometry": { "type": "Polygon", "coordinates": [ [ [ -45.120400427698513, -21.173381078225528 ], [ -45.120669922283746, -21.173381078225528 ], [ -45.120669922283746, -21.173111583640303 ], [ -45.120400427698513, -21.173111583640299 ], [ -45.120400427698513, -21.172033605299358 ], [ -45.119052954772336, -21.172033605299362 ], [ -45.119052954772336, -21.173650572810779 ], [ -45.119322449357568, -21.173650572810772 ], [ -45.119322449357568, -21.17418956198124 ], [ -45.119861438528041, -21.174189561981247 ], [ -45.119861438528041, -21.173650572810772 ], [ -45.120400427698513, -21.173650572810775 ], [ -45.120400427698513, -21.173381078225528 ] ] ] } },
{ "type": "Feature", "properties": { "id_feicao": "fogo_2025_359", "ano": 2025.0, "mes": 9, "codigo_original": 15, "classe": "Pastagem", "cor": "#edde8e", "area_ha": 2.8338396327713506 }, "geometry": { "type": "Polygon", "coordinates": [ [ [ -45.024190860769309, -21.342893172338883 ], [ -45.024999344525021, -21.342893172338886 ], [ -45.024999344525021, -21.341545699412713 ], [ -45.024729849939781, -21.341545699412709 ], [ -45.024729849939781, -21.341276204827476 ], [ -45.024460355354549, -21.341276204827466 ], [ -45.024460355354549, -21.341006710242237 ], [ -45.023651871598844, -21.34100671024223 ], [ -45.023651871598844, -21.341276204827469 ], [ -45.023382377013604, -21.341276204827473 ], [ -45.023382377013604, -21.342354183168418 ], [ -45.023651871598844, -21.342354183168418 ], [ -45.023651871598844, -21.342623677753643 ], [ -45.024190860769309, -21.34262367775365 ], [ -45.024190860769309, -21.342893172338883 ] ] ] } },
{ "type": "Feature", "properties": { "id_feicao": "fogo_2025_360", "ano": 2025.0, "mes": 9, "codigo_original": 15, "classe": "Pastagem", "cor": "#edde8e", "area_ha": 1.8336726562701167 }, "geometry": { "type": "Polygon", "coordinates": [ [ [ -45.032545192911627, -21.340467721071757 ], [ -45.032006203741155, -21.340467721071757 ], [ -45.032006203741155, -21.340737215657001 ], [ -45.03065873081497, -21.340737215656993 ], [ -45.03065873081497, -21.341545699412702 ], [ -45.032275698326387, -21.341545699412702 ], [ -45.032275698326387, -21.341276204827473 ], [ -45.032545192911627, -21.341276204827473 ], [ -45.032545192911627, -21.340467721071757 ] ] ] } },
{ "type": "Feature", "properties": { "id_feicao": "fogo_2025_361", "ano": 2025.0, "mes": 9, "codigo_original": 15, "classe": "Pastagem", "cor": "#edde8e", "area_ha": 1.2502553148236752 }, "geometry": { "type": "Polygon", "coordinates": [ [ [ -45.021765409502187, -21.33723378604893 ], [ -45.021765409502187, -21.337503280634174 ], [ -45.021226420331715, -21.337503280634163 ], [ -45.021226420331715, -21.339120248145587 ], [ -45.021495914916954, -21.339120248145587 ], [ -45.021495914916954, -21.338581258975111 ], [ -45.022034904087427, -21.338581258975111 ], [ -45.022034904087427, -21.337233786048934 ], [ -45.021765409502187, -21.33723378604893 ] ] ] } },
{ "type": "Feature", "properties": { "id_feicao": "fogo_2025_362", "ano": 2025.0, "mes": 9, "codigo_original": 15, "classe": "Pastagem", "cor": "#edde8e", "area_ha": 2.2504969291941199 }, "geometry": { "type": "Polygon", "coordinates": [ [ [ -45.021765409502187, -21.336155807707989 ], [ -45.021765409502187, -21.336425302293225 ], [ -45.022304398672659, -21.336425302293225 ], [ -45.022304398672659, -21.336155807707989 ], [ -45.022843387843132, -21.336155807707986 ], [ -45.022843387843132, -21.335616818537524 ], [ -45.023112882428372, -21.33561681853752 ], [ -45.023112882428372, -21.334808334781812 ], [ -45.022034904087427, -21.334808334781808 ], [ -45.022034904087427, -21.335077829367055 ], [ -45.021765409502187, -21.335077829367041 ], [ -45.021765409502187, -21.33561681853752 ], [ -45.021495914916954, -21.335616818537527 ], [ -45.021495914916954, -21.335886313122757 ], [ -45.021226420331715, -21.335886313122749 ], [ -45.021226420331715, -21.336155807707993 ], [ -45.021765409502187, -21.336155807707989 ] ] ] } },
{ "type": "Feature", "properties": { "id_feicao": "fogo_2025_363", "ano": 2025.0, "mes": 9, "codigo_original": 15, "classe": "Pastagem", "cor": "#edde8e", "area_ha": 1.2503027679784224 }, "geometry": { "type": "Polygon", "coordinates": [ [ [ -45.005595734388038, -21.332652378099926 ], [ -45.006404218143743, -21.332652378099926 ], [ -45.006404218143743, -21.33184389434421 ], [ -45.005865228973271, -21.331843894344207 ], [ -45.005865228973271, -21.332113388929454 ], [ -45.005326239802812, -21.332113388929454 ], [ -45.005326239802812, -21.332382883514686 ], [ -45.00478725063234, -21.332382883514686 ], [ -45.00478725063234, -21.332921872685159 ], [ -45.005595734388038, -21.332921872685169 ], [ -45.005595734388038, -21.332652378099926 ] ] ] } },
{ "type": "Feature", "properties": { "id_feicao": "fogo_2025_364", "ano": 2025.0, "mes": 9, "codigo_original": 15, "classe": "Pastagem", "cor": "#edde8e", "area_ha": 1.0835977805281058 }, "geometry": { "type": "Polygon", "coordinates": [ [ [ -45.001822810194739, -21.331574399758985 ], [ -45.001283821024266, -21.331574399758967 ], [ -45.001283821024266, -21.332652378099919 ], [ -45.002361799365211, -21.332652378099919 ], [ -45.002361799365211, -21.33211338892945 ], [ -45.002092304779978, -21.332113388929454 ], [ -45.002092304779978, -21.331843894344221 ], [ -45.001822810194739, -21.331843894344214 ], [ -45.001822810194739, -21.331574399758985 ] ] ] } },
{ "type": "Feature", "properties": { "id_feicao": "fogo_2025_365", "ano": 2025.0, "mes": 9, "codigo_original": 15, "classe": "Pastagem", "cor": "#edde8e", "area_ha": 1.667075458610803 }, "geometry": { "type": "Polygon", "coordinates": [ [ [ -45.036587611690159, -21.331304905173745 ], [ -45.035509633349221, -21.331304905173749 ], [ -45.035509633349221, -21.332652378099922 ], [ -45.036587611690159, -21.332652378099922 ], [ -45.036587611690159, -21.331304905173745 ] ] ] } },
{ "type": "Feature", "properties": { "id_feicao": "fogo_2025_366", "ano": 2025.0, "mes": 9, "codigo_original": 15, "classe": "Pastagem", "cor": "#edde8e", "area_ha": 0.083354658231890102 }, "geometry": { "type": "Polygon", "coordinates": [ [ [ -45.027424795792143, -21.3302269268328 ], [ -45.027424795792143, -21.330496421418044 ], [ -45.027694290377376, -21.330496421418044 ], [ -45.027694290377376, -21.330226926832797 ], [ -45.027424795792143, -21.3302269268328 ] ] ] } },
{ "type": "Feature", "properties": { "id_feicao": "fogo_2025_367", "ano": 2025.0, "mes": 9, "codigo_original": 15, "classe": "Pastagem", "cor": "#edde8e", "area_ha": 30.674597483655432 }, "geometry": { "type": "Polygon", "coordinates": [ [ [ -45.026346817451198, -21.328879453906627 ], [ -45.026077322865966, -21.328879453906627 ], [ -45.026077322865966, -21.329148948491859 ], [ -45.026346817451198, -21.329148948491856 ], [ -45.026346817451198, -21.329418443077092 ], [ -45.027155301206903, -21.329418443077092 ], [ -45.027155301206903, -21.329687937662325 ], [ -45.027424795792143, -21.329687937662325 ], [ -45.027424795792143, -21.329957432247564 ], [ -45.028233279547848, -21.329957432247568 ], [ -45.028233279547848, -21.33049642141804 ], [ -45.027694290377376, -21.330496421418044 ], [ -45.027694290377376, -21.330765916003269 ], [ -45.029580752474033, -21.33076591600328 ], [ -45.029580752474033, -21.331035410588516 ], [ -45.029311257888793, -21.331035410588512 ], [ -45.029311257888793, -21.331574399758978 ], [ -45.029580752474033, -21.331574399758981 ], [ -45.029580752474033, -21.33211338892945 ], [ -45.029311257888793, -21.332113388929447 ], [ -45.029311257888793, -21.332382883514683 ], [ -45.029580752474033, -21.33238288351469 ], [ -45.029580752474033, -21.332921872685159 ], [ -45.029850247059265, -21.332921872685166 ], [ -45.029850247059265, -21.333191367270395 ], [ -45.03065873081497, -21.333191367270398 ], [ -45.03065873081497, -21.332382883514683 ], [ -45.032275698326387, -21.332382883514683 ], [ -45.032275698326387, -21.332652378099922 ], [ -45.03281468749686, -21.332652378099919 ], [ -45.03281468749686, -21.332113388929457 ], [ -45.033084182082092, -21.332113388929454 ], [ -45.033084182082092, -21.330765916003273 ], [ -45.034970644178749, -21.330765916003276 ], [ -45.034970644178749, -21.32887945390662 ], [ -45.034431655008277, -21.328879453906623 ], [ -45.034431655008277, -21.328609959321383 ], [ -45.031467214570682, -21.328609959321383 ], [ -45.031467214570682, -21.328070970150911 ], [ -45.029850247059265, -21.328070970150918 ], [ -45.029850247059265, -21.328340464736154 ], [ -45.029580752474033, -21.328340464736147 ], [ -45.029580752474033, -21.328879453906616 ], [ -45.030119741644498, -21.328879453906627 ], [ -45.030119741644498, -21.329687937662335 ], [ -45.029850247059265, -21.329687937662328 ], [ -45.029850247059265, -21.329418443077088 ], [ -45.029580752474033, -21.329418443077092 ], [ -45.029580752474033, -21.329148948491856 ], [ -45.029311257888793, -21.329148948491852 ], [ -45.029311257888793, -21.32887945390662 ], [ -45.02904176330356, -21.328879453906616 ], [ -45.02904176330356, -21.328340464736151 ], [ -45.029311257888793, -21.328340464736147 ], [ -45.029311257888793, -21.327801475565682 ], [ -45.029580752474033, -21.327801475565678 ], [ -45.029580752474033, -21.327531980980446 ], [ -45.02904176330356, -21.327531980980446 ], [ -45.02904176330356, -21.327801475565682 ], [ -45.028502774133088, -21.327801475565682 ], [ -45.028502774133088, -21.328070970150922 ], [ -45.028233279547848, -21.328070970150918 ], [ -45.028233279547848, -21.327531980980442 ], [ -45.028772268718321, -21.327531980980439 ], [ -45.028772268718321, -21.326992991809977 ], [ -45.027155301206903, -21.326992991809973 ], [ -45.027155301206903, -21.32726248639521 ], [ -45.026885806621671, -21.327262486395213 ], [ -45.026885806621671, -21.327531980980446 ], [ -45.027155301206903, -21.327531980980446 ], [ -45.027155301206903, -21.327801475565675 ], [ -45.026885806621671, -21.327801475565682 ], [ -45.026885806621671, -21.328609959321383 ], [ -45.026346817451198, -21.32860995932139 ], [ -45.026346817451198, -21.328879453906627 ] ], [ [ -45.029580752474033, -21.331304905173742 ], [ -45.029850247059265, -21.331304905173742 ], [ -45.029850247059265, -21.331574399758985 ], [ -45.029580752474033, -21.331574399758981 ], [ -45.029580752474033, -21.331304905173742 ] ], [ [ -45.029850247059265, -21.331035410588509 ], [ -45.030119741644498, -21.331035410588516 ], [ -45.030119741644498, -21.331304905173738 ], [ -45.029850247059265, -21.331304905173742 ], [ -45.029850247059265, -21.331035410588509 ] ], [ [ -45.027694290377376, -21.32726248639521 ], [ -45.027694290377376, -21.327531980980442 ], [ -45.027424795792143, -21.327531980980442 ], [ -45.027424795792143, -21.327262486395213 ], [ -45.027694290377376, -21.32726248639521 ] ] ] } },
{ "type": "Feature", "properties": { "id_feicao": "fogo_2025_368", "ano": 2025.0, "mes": 9, "codigo_original": 15, "classe": "Pastagem", "cor": "#edde8e", "area_ha": 0.25006798674399033 }, "geometry": { "type": "Polygon", "coordinates": [ [ [ -45.019878947405537, -21.327801475565678 ], [ -45.019070463649832, -21.327801475565678 ], [ -45.019070463649832, -21.328070970150918 ], [ -45.019878947405537, -21.328070970150922 ], [ -45.019878947405537, -21.327801475565678 ] ] ] } },
{ "type": "Feature", "properties": { "id_feicao": "fogo_2025_369", "ano": 2025.0, "mes": 9, "codigo_original": 15, "classe": "Pastagem", "cor": "#edde8e", "area_ha": 0.66685081788972023 }, "geometry": { "type": "Polygon", "coordinates": [ [ [ -45.021226420331715, -21.326723497224737 ], [ -45.020956925746482, -21.326723497224737 ], [ -45.020956925746482, -21.327262486395213 ], [ -45.020687431161249, -21.32726248639521 ], [ -45.020687431161249, -21.327531980980449 ], [ -45.020148441990777, -21.327531980980442 ], [ -45.020148441990777, -21.327801475565678 ], [ -45.021226420331715, -21.327801475565678 ], [ -45.021226420331715, -21.326723497224737 ] ] ] } },
{ "type": "Feature", "properties": { "id_feicao": "fogo_2025_370", "ano": 2025.0, "mes": 9, "codigo_original": 15, "classe": "Pastagem", "cor": "#edde8e", "area_ha": 6.0016735063659024 }, "geometry": { "type": "Polygon", "coordinates": [ [ [ -45.012602593604171, -21.326723497224734 ], [ -45.013141582774644, -21.326723497224734 ], [ -45.013141582774644, -21.32699299180997 ], [ -45.013680571945116, -21.326992991809977 ], [ -45.013680571945116, -21.32726248639521 ], [ -45.014758550286061, -21.32726248639521 ], [ -45.014758550286061, -21.327801475565682 ], [ -45.015028044871293, -21.327801475565678 ], [ -45.015028044871293, -21.327531980980446 ], [ -45.015297539456526, -21.327531980980449 ], [ -45.015297539456526, -21.327801475565678 ], [ -45.017184001553183, -21.327801475565682 ], [ -45.017184001553183, -21.328070970150918 ], [ -45.017453496138415, -21.328070970150922 ], [ -45.017453496138415, -21.328340464736144 ], [ -45.017992485308888, -21.328340464736144 ], [ -45.017992485308888, -21.328070970150918 ], [ -45.01853147447936, -21.328070970150922 ], [ -45.01853147447936, -21.327801475565682 ], [ -45.017722990723655, -21.327801475565682 ], [ -45.017722990723655, -21.327531980980449 ], [ -45.017184001553183, -21.327531980980446 ], [ -45.017184001553183, -21.326992991809973 ], [ -45.01664501238271, -21.326992991809973 ], [ -45.01664501238271, -21.326723497224734 ], [ -45.015836528626998, -21.32672349722473 ], [ -45.015836528626998, -21.326454002639501 ], [ -45.015567034041766, -21.326454002639501 ], [ -45.015567034041766, -21.326723497224737 ], [ -45.015028044871293, -21.326723497224734 ], [ -45.015028044871293, -21.326992991809973 ], [ -45.014758550286061, -21.326992991809977 ], [ -45.014758550286061, -21.326723497224737 ], [ -45.014489055700821, -21.326723497224734 ], [ -45.014489055700821, -21.326454002639508 ], [ -45.014219561115588, -21.326454002639501 ], [ -45.014219561115588, -21.325915013469029 ], [ -45.015028044871293, -21.325915013469025 ], [ -45.015028044871293, -21.325645518883793 ], [ -45.014758550286061, -21.325645518883789 ], [ -45.014758550286061, -21.325106529713327 ], [ -45.014219561115588, -21.32510652971332 ], [ -45.014219561115588, -21.325376024298549 ], [ -45.013950066530349, -21.325376024298556 ], [ -45.013950066530349, -21.325915013469032 ], [ -45.013680571945116, -21.325915013469032 ], [ -45.013680571945116, -21.326454002639498 ], [ -45.012602593604171, -21.326454002639501 ], [ -45.012602593604171, -21.326723497224734 ] ] ] } },
{ "type": "Feature", "properties": { "id_feicao": "fogo_2025_371", "ano": 2025.0, "mes": 9, "codigo_original": 15, "classe": "Pastagem", "cor": "#edde8e", "area_ha": 0.33342695138610945 }, "geometry": { "type": "Polygon", "coordinates": [ [ [ -45.011255120677994, -21.326454002639505 ], [ -45.011255120677994, -21.326723497224741 ], [ -45.012333099018932, -21.326723497224737 ], [ -45.012333099018932, -21.326454002639501 ], [ -45.011255120677994, -21.326454002639505 ] ] ] } },
{ "type": "Feature", "properties": { "id_feicao": "fogo_2025_372", "ano": 2025.0, "mes": 9, "codigo_original": 15, "classe": "Pastagem", "cor": "#edde8e", "area_ha": 0.083356894641334306 }, "geometry": { "type": "Polygon", "coordinates": [ [ [ -45.021495914916954, -21.326184508054268 ], [ -45.021495914916954, -21.326454002639505 ], [ -45.021765409502187, -21.326454002639501 ], [ -45.021765409502187, -21.326184508054265 ], [ -45.021495914916954, -21.326184508054268 ] ] ] } },
{ "type": "Feature", "properties": { "id_feicao": "fogo_2025_373", "ano": 2025.0, "mes": 9, "codigo_original": 15, "classe": "Pastagem", "cor": "#edde8e", "area_ha": 0.083356889368779954 }, "geometry": { "type": "Polygon", "coordinates": [ [ [ -45.015297539456526, -21.326184508054265 ], [ -45.015028044871293, -21.326184508054265 ], [ -45.015028044871293, -21.326454002639501 ], [ -45.015297539456526, -21.326454002639508 ], [ -45.015297539456526, -21.326184508054265 ] ] ] } },
{ "type": "Feature", "properties": { "id_feicao": "fogo_2025_374", "ano": 2025.0, "mes": 9, "codigo_original": 15, "classe": "Pastagem", "cor": "#edde8e", "area_ha": 4.2512034134658983 }, "geometry": { "type": "Polygon", "coordinates": [ [ [ -45.025807828280726, -21.326723497224741 ], [ -45.025268839110254, -21.326723497224737 ], [ -45.025268839110254, -21.326454002639501 ], [ -45.024729849939781, -21.326454002639501 ], [ -45.024729849939781, -21.326184508054268 ], [ -45.024190860769309, -21.326184508054265 ], [ -45.024190860769309, -21.327531980980446 ], [ -45.025268839110254, -21.327531980980446 ], [ -45.025268839110254, -21.326992991809973 ], [ -45.025538333695494, -21.326992991809973 ], [ -45.025538333695494, -21.32726248639521 ], [ -45.025807828280726, -21.32726248639521 ], [ -45.025807828280726, -21.326992991809973 ], [ -45.026077322865966, -21.326992991809973 ], [ -45.026077322865966, -21.326723497224737 ], [ -45.026885806621671, -21.326723497224734 ], [ -45.026885806621671, -21.326454002639501 ], [ -45.027155301206903, -21.326454002639505 ], [ -45.027155301206903, -21.324837035128095 ], [ -45.026077322865966, -21.324837035128091 ], [ -45.026077322865966, -21.325376024298556 ], [ -45.025807828280726, -21.325376024298556 ], [ -45.025807828280726, -21.3256455188838 ], [ -45.026077322865966, -21.325645518883796 ], [ -45.026077322865966, -21.326454002639501 ], [ -45.025807828280726, -21.326454002639501 ], [ -45.025807828280726, -21.326723497224741 ] ] ] } },
{ "type": "Feature", "properties": { "id_feicao": "fogo_2025_375", "ano": 2025.0, "mes": 9, "codigo_original": 15, "classe": "Pastagem", "cor": "#edde8e", "area_ha": 2.3340097444013215 }, "geometry": { "type": "Polygon", "coordinates": [ [ [ -45.022034904087427, -21.325376024298556 ], [ -45.022034904087427, -21.325915013469029 ], [ -45.021765409502187, -21.325915013469029 ], [ -45.021765409502187, -21.326184508054265 ], [ -45.023112882428372, -21.326184508054265 ], [ -45.023112882428372, -21.325915013469029 ], [ -45.023382377013604, -21.325915013469029 ], [ -45.023382377013604, -21.325376024298556 ], [ -45.023112882428372, -21.325376024298553 ], [ -45.023112882428372, -21.324298045957612 ], [ -45.022304398672659, -21.324298045957615 ], [ -45.022304398672659, -21.324567540542859 ], [ -45.022034904087427, -21.324567540542851 ], [ -45.022034904087427, -21.324837035128084 ], [ -45.021765409502187, -21.324837035128091 ], [ -45.021765409502187, -21.32510652971332 ], [ -45.022573893257899, -21.32510652971332 ], [ -45.022573893257899, -21.325376024298556 ], [ -45.022034904087427, -21.325376024298556 ] ], [ [ -45.022573893257899, -21.324837035128095 ], [ -45.022843387843132, -21.324837035128084 ], [ -45.022843387843132, -21.32510652971332 ], [ -45.022573893257899, -21.32510652971332 ], [ -45.022573893257899, -21.324837035128095 ] ] ] } },
{ "type": "Feature", "properties": { "id_feicao": "fogo_2025_376", "ano": 2025.0, "mes": 9, "codigo_original": 15, "classe": "Pastagem", "cor": "#edde8e", "area_ha": 0.25007763112562581 }, "geometry": { "type": "Polygon", "coordinates": [ [ [ -45.023112882428372, -21.322411583860962 ], [ -45.023112882428372, -21.322142089275726 ], [ -45.022843387843132, -21.322142089275722 ], [ -45.022843387843132, -21.321872594690486 ], [ -45.022573893257899, -21.321872594690486 ], [ -45.022573893257899, -21.322411583860966 ], [ -45.023112882428372, -21.322411583860962 ] ] ] } },
{ "type": "Feature", "properties": { "id_feicao": "fogo_2025_377", "ano": 2025.0, "mes": 9, "codigo_original": 15, "classe": "Pastagem", "cor": "#edde8e", "area_ha": 4.3356938321713354 }, "geometry": { "type": "Polygon", "coordinates": [ [ [ -45.049253857196248, -21.287916276950767 ], [ -45.049523351781488, -21.287916276950781 ], [ -45.049523351781488, -21.287646782365538 ], [ -45.05006234095196, -21.287646782365535 ], [ -45.05006234095196, -21.286568804024594 ], [ -45.049792846366721, -21.286568804024594 ], [ -45.049792846366721, -21.287107793195059 ], [ -45.048984362611016, -21.287107793195066 ], [ -45.048984362611016, -21.286568804024597 ], [ -45.048445373440543, -21.286568804024601 ], [ -45.048445373440543, -21.28683829860983 ], [ -45.048175878855304, -21.286838298609823 ], [ -45.048175878855304, -21.285760320268878 ], [ -45.047097900514359, -21.285760320268881 ], [ -45.047097900514359, -21.286029814854118 ], [ -45.047367395099599, -21.286029814854121 ], [ -45.047367395099599, -21.286568804024594 ], [ -45.047097900514359, -21.286568804024597 ], [ -45.047097900514359, -21.287916276950771 ], [ -45.048714868025776, -21.287916276950771 ], [ -45.048714868025776, -21.287646782365535 ], [ -45.049253857196248, -21.287646782365535 ], [ -45.049253857196248, -21.287916276950767 ] ], [ [ -45.048175878855304, -21.287107793195055 ], [ -45.047636889684831, -21.287107793195062 ], [ -45.047636889684831, -21.286838298609823 ], [ -45.048175878855304, -21.286838298609823 ], [ -45.048175878855304, -21.287107793195055 ] ] ] } },
{ "type": "Feature", "properties": { "id_feicao": "fogo_2025_378", "ano": 2025.0, "mes": 9, "codigo_original": 15, "classe": "Pastagem", "cor": "#edde8e", "area_ha": 0.083378896846342837 }, "geometry": { "type": "Polygon", "coordinates": [ [ [ -45.049523351781488, -21.28656880402459 ], [ -45.049253857196248, -21.286568804024594 ], [ -45.049253857196248, -21.286838298609819 ], [ -45.049523351781488, -21.286838298609823 ], [ -45.049523351781488, -21.28656880402459 ] ] ] } },
{ "type": "Feature", "properties": { "id_feicao": "fogo_2025_379", "ano": 2025.0, "mes": 9, "codigo_original": 15, "classe": "Pastagem", "cor": "#edde8e", "area_ha": 0.083379046682827168 }, "geometry": { "type": "Polygon", "coordinates": [ [ [ -45.049792846366721, -21.28629930943935 ], [ -45.049523351781488, -21.286299309439354 ], [ -45.049523351781488, -21.28656880402459 ], [ -45.049792846366721, -21.286568804024594 ], [ -45.049792846366721, -21.28629930943935 ] ] ] } },
{ "type": "Feature", "properties": { "id_feicao": "fogo_2025_380", "ano": 2025.0, "mes": 9, "codigo_original": 15, "classe": "Pastagem", "cor": "#edde8e", "area_ha": 0.25013736751759424 }, "geometry": { "type": "Polygon", "coordinates": [ [ [ -45.048714868025776, -21.286299309439347 ], [ -45.048984362611016, -21.286299309439364 ], [ -45.048984362611016, -21.286568804024597 ], [ -45.049253857196248, -21.286568804024594 ], [ -45.049253857196248, -21.286029814854125 ], [ -45.048714868025776, -21.286029814854118 ], [ -45.048714868025776, -21.286299309439347 ] ] ] } },
{ "type": "Feature", "properties": { "id_feicao": "fogo_2025_381", "ano": 2025.0, "mes": 9, "codigo_original": 15, "classe": "Pastagem", "cor": "#edde8e", "area_ha": 0.083379342812784127 }, "geometry": { "type": "Polygon", "coordinates": [ [ [ -45.048445373440543, -21.285760320268892 ], [ -45.048445373440543, -21.286029814854121 ], [ -45.048714868025776, -21.286029814854118 ], [ -45.048714868025776, -21.285760320268892 ], [ -45.048445373440543, -21.285760320268892 ] ] ] } },
{ "type": "Feature", "properties": { "id_feicao": "fogo_2025_382", "ano": 2025.0, "mes": 9, "codigo_original": 15, "classe": "Pastagem", "cor": "#edde8e", "area_ha": 4.8363339303105102 }, "geometry": { "type": "Polygon", "coordinates": [ [ [ -45.056530210997614, -21.276597504370876 ], [ -45.056530210997614, -21.27632800978564 ], [ -45.056260716412382, -21.276328009785637 ], [ -45.056260716412382, -21.276866998956102 ], [ -45.056530210997614, -21.276866998956102 ], [ -45.056530210997614, -21.277136493541338 ], [ -45.056799705582854, -21.277136493541335 ], [ -45.056799705582854, -21.277405988126574 ], [ -45.057877683923792, -21.277405988126578 ], [ -45.057877683923792, -21.276866998956102 ], [ -45.058147178509032, -21.276866998956102 ], [ -45.058147178509032, -21.276058515200393 ], [ -45.057877683923792, -21.276058515200397 ], [ -45.057877683923792, -21.273633063933268 ], [ -45.056799705582854, -21.273633063933268 ], [ -45.056799705582854, -21.273902558518508 ], [ -45.056530210997614, -21.273902558518504 ], [ -45.056530210997614, -21.274441547688983 ], [ -45.056799705582854, -21.27444154768898 ], [ -45.056799705582854, -21.27471104227422 ], [ -45.057069200168087, -21.274711042274213 ], [ -45.057069200168087, -21.276597504370866 ], [ -45.056530210997614, -21.276597504370876 ] ] ] } },
{ "type": "Feature", "properties": { "id_feicao": "fogo_2025_383", "ano": 2025.0, "mes": 9, "codigo_original": 15, "classe": "Pastagem", "cor": "#edde8e", "area_ha": 0.2501730138490908 }, "geometry": { "type": "Polygon", "coordinates": [ [ [ -45.017992485308888, -21.264739742620485 ], [ -45.017722990723655, -21.264739742620495 ], [ -45.017722990723655, -21.265009237205721 ], [ -45.01826197989412, -21.265009237205728 ], [ -45.01826197989412, -21.264470248035252 ], [ -45.017992485308888, -21.264470248035256 ], [ -45.017992485308888, -21.264739742620485 ] ] ] } },
{ "type": "Feature", "properties": { "id_feicao": "fogo_2025_384", "ano": 2025.0, "mes": 9, "codigo_original": 15, "classe": "Pastagem", "cor": "#edde8e", "area_ha": 0.83391344811972234 }, "geometry": { "type": "Polygon", "coordinates": [ [ [ -45.017722990723655, -21.264200753450012 ], [ -45.01826197989412, -21.264200753450023 ], [ -45.01826197989412, -21.263661764279544 ], [ -45.017453496138415, -21.263661764279551 ], [ -45.017453496138415, -21.26393125886478 ], [ -45.017184001553183, -21.26393125886478 ], [ -45.017184001553183, -21.264739742620495 ], [ -45.017453496138415, -21.264739742620492 ], [ -45.017453496138415, -21.264470248035252 ], [ -45.017722990723655, -21.264470248035249 ], [ -45.017722990723655, -21.264200753450012 ] ] ] } },
{ "type": "Feature", "properties": { "id_feicao": "fogo_2025_385", "ano": 2025.0, "mes": 9, "codigo_original": 15, "classe": "Pastagem", "cor": "#edde8e", "area_ha": 0.083393464614544069 }, "geometry": { "type": "Polygon", "coordinates": [ [ [ -45.014758550286061, -21.260158334671484 ], [ -45.014489055700821, -21.260158334671477 ], [ -45.014489055700821, -21.260427829256709 ], [ -45.014758550286061, -21.260427829256724 ], [ -45.014758550286061, -21.260158334671484 ] ] ] } },
{ "type": "Feature", "properties": { "id_feicao": "fogo_2025_386", "ano": 2025.0, "mes": 9, "codigo_original": 15, "classe": "Pastagem", "cor": "#edde8e", "area_ha": 0.083393912154467773 }, "geometry": { "type": "Polygon", "coordinates": [ [ [ -45.015028044871293, -21.259349850915768 ], [ -45.015028044871293, -21.259619345501015 ], [ -45.015297539456526, -21.259619345501001 ], [ -45.015297539456526, -21.259349850915772 ], [ -45.015028044871293, -21.259349850915768 ] ] ] } },
{ "type": "Feature", "properties": { "id_feicao": "fogo_2025_387", "ano": 2025.0, "mes": 9, "codigo_original": 15, "classe": "Pastagem", "cor": "#edde8e", "area_ha": 0.16678812053382785 }, "geometry": { "type": "Polygon", "coordinates": [ [ [ -45.013411077359876, -21.259080356330539 ], [ -45.013411077359876, -21.259349850915772 ], [ -45.013950066530349, -21.259349850915772 ], [ -45.013950066530349, -21.259080356330532 ], [ -45.013411077359876, -21.259080356330539 ] ] ] } },
{ "type": "Feature", "properties": { "id_feicao": "fogo_2025_388", "ano": 2025.0, "mes": 9, "codigo_original": 15, "classe": "Pastagem", "cor": "#edde8e", "area_ha": 0.25023201604569328 }, "geometry": { "type": "Polygon", "coordinates": [ [ [ -45.014219561115588, -21.229166457369352 ], [ -45.014489055700821, -21.229166457369359 ], [ -45.014489055700821, -21.229435951954589 ], [ -45.014758550286061, -21.229435951954589 ], [ -45.014758550286061, -21.22889696278412 ], [ -45.014219561115588, -21.228896962784113 ], [ -45.014219561115588, -21.229166457369352 ] ] ] } },
{ "type": "Feature", "properties": { "id_feicao": "fogo_2025_389", "ano": 2025.0, "mes": 9, "codigo_original": 15, "classe": "Pastagem", "cor": "#edde8e", "area_ha": 3.086217043114174 }, "geometry": { "type": "Polygon", "coordinates": [ [ [ -45.016914506967943, -21.228357973613651 ], [ -45.01664501238271, -21.228357973613651 ], [ -45.01664501238271, -21.228627468198891 ], [ -45.016914506967943, -21.228627468198887 ], [ -45.016914506967943, -21.229166457369359 ], [ -45.017184001553183, -21.229166457369356 ], [ -45.017184001553183, -21.228896962784123 ], [ -45.01853147447936, -21.22889696278412 ], [ -45.01853147447936, -21.227818984443179 ], [ -45.017992485308888, -21.227818984443172 ], [ -45.017992485308888, -21.227010500687474 ], [ -45.017453496138415, -21.227010500687474 ], [ -45.017453496138415, -21.227279995272706 ], [ -45.017184001553183, -21.22727999527271 ], [ -45.017184001553183, -21.227549489857939 ], [ -45.01664501238271, -21.227549489857942 ], [ -45.01664501238271, -21.228088479028418 ], [ -45.016914506967943, -21.228088479028415 ], [ -45.016914506967943, -21.228357973613651 ] ] ] } },
{ "type": "Feature", "properties": { "id_feicao": "fogo_2025_390", "ano": 2025.0, "mes": 9, "codigo_original": 15, "classe": "Pastagem", "cor": "#edde8e", "area_ha": 0.083416841110587114 }, "geometry": { "type": "Polygon", "coordinates": [ [ [ -45.00478725063234, -21.217847684789451 ], [ -45.004517756047093, -21.217847684789454 ], [ -45.004517756047093, -21.218117179374687 ], [ -45.00478725063234, -21.21811717937468 ], [ -45.00478725063234, -21.217847684789451 ] ] ] } },
{ "type": "Feature", "properties": { "id_feicao": "fogo_2025_391", "ano": 2025.0, "mes": 9, "codigo_original": 15, "classe": "Pastagem", "cor": "#edde8e", "area_ha": 0.41708514466260593 }, "geometry": { "type": "Polygon", "coordinates": [ [ [ -45.003978766876621, -21.217847684789444 ], [ -45.003978766876621, -21.217578190204218 ], [ -45.00478725063234, -21.217578190204211 ], [ -45.00478725063234, -21.217308695618975 ], [ -45.003709272291395, -21.217308695618978 ], [ -45.003709272291395, -21.217847684789444 ], [ -45.003978766876621, -21.217847684789444 ] ] ] } },
{ "type": "Feature", "properties": { "id_feicao": "fogo_2025_392", "ano": 2025.0, "mes": 9, "codigo_original": 15, "classe": "Pastagem", "cor": "#edde8e", "area_ha": 0.33367926342123799 }, "geometry": { "type": "Polygon", "coordinates": [ [ [ -44.999936348098089, -21.212457793084734 ], [ -44.999936348098089, -21.212727287669964 ], [ -45.001014326439034, -21.212727287669964 ], [ -45.001014326439034, -21.212457793084727 ], [ -44.999936348098089, -21.212457793084734 ] ] ] } },
{ "type": "Feature", "properties": { "id_feicao": "fogo_2025_393", "ano": 2025.0, "mes": 9, "codigo_original": 15, "classe": "Pastagem", "cor": "#edde8e", "area_ha": 0.16683992925202473 }, "geometry": { "type": "Polygon", "coordinates": [ [ [ -45.001553315609506, -21.212188298499495 ], [ -45.001014326439034, -21.212188298499488 ], [ -45.001014326439034, -21.212457793084727 ], [ -45.001553315609506, -21.212457793084731 ], [ -45.001553315609506, -21.212188298499495 ] ] ] } },
{ "type": "Feature", "properties": { "id_feicao": "fogo_2025_394", "ano": 2025.0, "mes": 9, "codigo_original": 15, "classe": "Pastagem", "cor": "#edde8e", "area_ha": 0.083420559537224478 }, "geometry": { "type": "Polygon", "coordinates": [ [ [ -45.000205842683322, -21.211110320158554 ], [ -44.999936348098089, -21.211110320158557 ], [ -44.999936348098089, -21.21137981474379 ], [ -45.000205842683322, -21.211379814743786 ], [ -45.000205842683322, -21.211110320158554 ] ] ] } },
{ "type": "Feature", "properties": { "id_feicao": "fogo_2025_395", "ano": 2025.0, "mes": 9, "codigo_original": 15, "classe": "Pastagem", "cor": "#edde8e", "area_ha": 10.511099005742464 }, "geometry": { "type": "Polygon", "coordinates": [ [ [ -45.069735445674169, -21.210840825573325 ], [ -45.070274434844642, -21.210840825573317 ], [ -45.070274434844642, -21.211110320158554 ], [ -45.070543929429881, -21.211110320158554 ], [ -45.070543929429881, -21.211379814743793 ], [ -45.071621907770826, -21.211379814743786 ], [ -45.071621907770826, -21.211110320158543 ], [ -45.071891402356059, -21.211110320158557 ], [ -45.071891402356059, -21.21084082557331 ], [ -45.072430391526531, -21.210840825573321 ], [ -45.072430391526531, -21.210571330988081 ], [ -45.072699886111764, -21.210571330988085 ], [ -45.072699886111764, -21.210301836402856 ], [ -45.073238875282236, -21.210301836402845 ], [ -45.073238875282236, -21.210032341817605 ], [ -45.073777864452708, -21.210032341817602 ], [ -45.073777864452708, -21.208954363476668 ], [ -45.072969380697003, -21.208954363476671 ], [ -45.072969380697003, -21.208145879720959 ], [ -45.071891402356059, -21.208145879720956 ], [ -45.071891402356059, -21.208954363476661 ], [ -45.069735445674169, -21.208954363476675 ], [ -45.069735445674169, -21.209223858061904 ], [ -45.069196456503697, -21.209223858061904 ], [ -45.069196456503697, -21.210571330988081 ], [ -45.069735445674169, -21.210571330988078 ], [ -45.069735445674169, -21.210840825573325 ] ] ] } },
{ "type": "Feature", "properties": { "id_feicao": "fogo_2025_396", "ano": 2025.0, "mes": 9, "codigo_original": 15, "classe": "Pastagem", "cor": "#edde8e", "area_ha": 2.0022232441002306 }, "geometry": { "type": "Polygon", "coordinates": [ [ [ -45.092911980004459, -21.202486493431007 ], [ -45.092911980004459, -21.201408515090062 ], [ -45.092642485419219, -21.201408515090066 ], [ -45.092642485419219, -21.201139020504822 ], [ -45.091564507078274, -21.201139020504829 ], [ -45.091564507078274, -21.20248649343101 ], [ -45.092911980004459, -21.202486493431007 ] ] ] } },
{ "type": "Feature", "properties": { "id_feicao": "fogo_2025_397", "ano": 2025.0, "mes": 9, "codigo_original": 15, "classe": "Pastagem", "cor": "#edde8e", "area_ha": 0.83440426881524599 }, "geometry": { "type": "Polygon", "coordinates": [ [ [ -45.10962064428908, -21.175537034907425 ], [ -45.10962064428908, -21.175267540322192 ], [ -45.109081655118608, -21.175267540322192 ], [ -45.109081655118608, -21.174998045736945 ], [ -45.108812160533368, -21.174998045736945 ], [ -45.108812160533368, -21.17607602407789 ], [ -45.109081655118608, -21.176076024077894 ], [ -45.109081655118608, -21.176345518663126 ], [ -45.10962064428908, -21.17634551866313 ], [ -45.10962064428908, -21.17607602407789 ], [ -45.109351149703841, -21.176076024077897 ], [ -45.109351149703841, -21.175537034907418 ], [ -45.10962064428908, -21.175537034907425 ] ] ] } },
{ "type": "Feature", "properties": { "id_feicao": "fogo_2025_398", "ano": 2025.0, "mes": 9, "codigo_original": 15, "classe": "Pastagem", "cor": "#edde8e", "area_ha": 0.3337647390502505 }, "geometry": { "type": "Polygon", "coordinates": [ [ [ -45.109351149703841, -21.173920067396004 ], [ -45.109081655118608, -21.173920067396008 ], [ -45.109081655118608, -21.174459056566473 ], [ -45.109351149703841, -21.174459056566473 ], [ -45.109351149703841, -21.174728551151709 ], [ -45.10962064428908, -21.17472855115172 ], [ -45.10962064428908, -21.174189561981247 ], [ -45.109351149703841, -21.174189561981244 ], [ -45.109351149703841, -21.173920067396004 ] ] ] } },
{ "type": "Feature", "properties": { "id_feicao": "fogo_2025_399", "ano": 2025.0, "mes": 9, "codigo_original": 15, "classe": "Pastagem", "cor": "#edde8e", "area_ha": 0.58348975105425338 }, "geometry": { "type": "Polygon", "coordinates": [ [ [ -44.946576420221383, -21.328340464736144 ], [ -44.946037431050911, -21.328340464736154 ], [ -44.946037431050911, -21.328070970150922 ], [ -44.945767936465678, -21.328070970150915 ], [ -44.945767936465678, -21.329148948491859 ], [ -44.946037431050911, -21.329148948491852 ], [ -44.946037431050911, -21.32887945390662 ], [ -44.946306925636151, -21.32887945390662 ], [ -44.946306925636151, -21.328609959321383 ], [ -44.946576420221383, -21.328609959321376 ], [ -44.946576420221383, -21.328340464736144 ] ] ] } },
{ "type": "Feature", "properties": { "id_feicao": "fogo_2025_400", "ano": 2025.0, "mes": 9, "codigo_original": 15, "classe": "Pastagem", "cor": "#edde8e", "area_ha": 0.58348976571653033 }, "geometry": { "type": "Polygon", "coordinates": [ [ [ -44.986192124251055, -21.328340464736154 ], [ -44.985922629665822, -21.328340464736151 ], [ -44.985922629665822, -21.328070970150918 ], [ -44.985653135080582, -21.328070970150918 ], [ -44.985653135080582, -21.328340464736151 ], [ -44.98511414591011, -21.328340464736151 ], [ -44.98511414591011, -21.32860995932139 ], [ -44.985653135080582, -21.328609959321387 ], [ -44.985653135080582, -21.328879453906616 ], [ -44.986192124251055, -21.328879453906623 ], [ -44.986192124251055, -21.328340464736154 ] ] ] } },
{ "type": "Feature", "properties": { "id_feicao": "fogo_2025_401", "ano": 2025.0, "mes": 9, "codigo_original": 15, "classe": "Pastagem", "cor": "#edde8e", "area_ha": 0.083355900580859857 }, "geometry": { "type": "Polygon", "coordinates": [ [ [ -44.946576420221383, -21.328070970150918 ], [ -44.946576420221383, -21.328340464736144 ], [ -44.946845914806623, -21.328340464736147 ], [ -44.946845914806623, -21.328070970150915 ], [ -44.946576420221383, -21.328070970150918 ] ] ] } },
{ "type": "Feature", "properties": { "id_feicao": "fogo_2025_402", "ano": 2025.0, "mes": 9, "codigo_original": 15, "classe": "Pastagem", "cor": "#edde8e", "area_ha": 5.3348372915731099 }, "geometry": { "type": "Polygon", "coordinates": [ [ [ -44.999397358927617, -21.326184508054268 ], [ -44.999397358927617, -21.326454002639508 ], [ -44.999127864342377, -21.326454002639505 ], [ -44.999127864342377, -21.32726248639521 ], [ -44.998858369757144, -21.32726248639521 ], [ -44.998858369757144, -21.327801475565682 ], [ -44.999666853512849, -21.327801475565686 ], [ -44.999666853512849, -21.327531980980446 ], [ -45.000744831853794, -21.327531980980446 ], [ -45.000744831853794, -21.32726248639521 ], [ -45.001283821024266, -21.32726248639521 ], [ -45.001283821024266, -21.326454002639494 ], [ -45.001014326439034, -21.326454002639508 ], [ -45.001014326439034, -21.326184508054272 ], [ -45.001283821024266, -21.326184508054272 ], [ -45.001283821024266, -21.324837035128098 ], [ -45.000475337268561, -21.324837035128091 ], [ -45.000475337268561, -21.32510652971332 ], [ -45.000205842683322, -21.325106529713317 ], [ -45.000205842683322, -21.325376024298556 ], [ -44.999936348098089, -21.325376024298556 ], [ -44.999936348098089, -21.325645518883793 ], [ -44.999666853512849, -21.325645518883796 ], [ -44.999666853512849, -21.326184508054268 ], [ -44.999397358927617, -21.326184508054268 ] ] ] } },
{ "type": "Feature", "properties": { "id_feicao": "fogo_2025_403", "ano": 2025.0, "mes": 9, "codigo_original": 15, "classe": "Pastagem", "cor": "#edde8e", "area_ha": 1.250509593429044 }, "geometry": { "type": "Polygon", "coordinates": [ [ [ -44.999397358927617, -21.307050392502511 ], [ -44.998858369757144, -21.307050392502518 ], [ -44.998858369757144, -21.307319887087758 ], [ -44.998319380586672, -21.307319887087754 ], [ -44.998319380586672, -21.308128370843452 ], [ -44.999666853512849, -21.308128370843455 ], [ -44.999666853512849, -21.307858876258226 ], [ -44.999397358927617, -21.307858876258223 ], [ -44.999397358927617, -21.307050392502511 ] ] ] } },
{ "type": "Feature", "properties": { "id_feicao": "fogo_2025_404", "ano": 2025.0, "mes": 9, "codigo_original": 15, "classe": "Pastagem", "cor": "#edde8e", "area_ha": 0.083370049906987695 }, "geometry": { "type": "Polygon", "coordinates": [ [ [ -44.973525878744972, -21.302468984553514 ], [ -44.973256384159733, -21.30246898455351 ], [ -44.973256384159733, -21.302738479138746 ], [ -44.973525878744972, -21.302738479138743 ], [ -44.973525878744972, -21.302468984553514 ] ] ] } },
{ "type": "Feature", "properties": { "id_feicao": "fogo_2025_405", "ano": 2025.0, "mes": 9, "codigo_original": 15, "classe": "Pastagem", "cor": "#edde8e", "area_ha": 0.083370199576020237 }, "geometry": { "type": "Polygon", "coordinates": [ [ [ -44.973256384159733, -21.302199489968277 ], [ -44.9729868895745, -21.302199489968277 ], [ -44.9729868895745, -21.302468984553514 ], [ -44.973256384159733, -21.30246898455351 ], [ -44.973256384159733, -21.302199489968277 ] ] ] } },
{ "type": "Feature", "properties": { "id_feicao": "fogo_2025_406", "ano": 2025.0, "mes": 9, "codigo_original": 15, "classe": "Pastagem", "cor": "#edde8e", "area_ha": 0.33348289109313062 }, "geometry": { "type": "Polygon", "coordinates": [ [ [ -44.972447900404028, -21.301121511627329 ], [ -44.972447900404028, -21.301660500797801 ], [ -44.9729868895745, -21.301660500797801 ], [ -44.9729868895745, -21.301121511627336 ], [ -44.972447900404028, -21.301121511627329 ] ] ] } },
{ "type": "Feature", "properties": { "id_feicao": "fogo_2025_407", "ano": 2025.0, "mes": 9, "codigo_original": 15, "classe": "Pastagem", "cor": "#edde8e", "area_ha": 0.083370946300819468 }, "geometry": { "type": "Polygon", "coordinates": [ [ [ -44.9729868895745, -21.300852017042093 ], [ -44.9729868895745, -21.301121511627336 ], [ -44.973256384159733, -21.301121511627333 ], [ -44.973256384159733, -21.300852017042093 ], [ -44.9729868895745, -21.300852017042093 ] ] ] } },
{ "type": "Feature", "properties": { "id_feicao": "fogo_2025_408", "ano": 2025.0, "mes": 9, "codigo_original": 15, "classe": "Pastagem", "cor": "#edde8e", "area_ha": 2.6680030676350928 }, "geometry": { "type": "Polygon", "coordinates": [ [ [ -44.934718658471006, -21.293306168655491 ], [ -44.933910174715301, -21.293306168655491 ], [ -44.933910174715301, -21.293036674070251 ], [ -44.933640680130061, -21.293036674070247 ], [ -44.933640680130061, -21.292767179485022 ], [ -44.933910174715301, -21.292767179485022 ], [ -44.933910174715301, -21.292497684899782 ], [ -44.933640680130061, -21.292497684899782 ], [ -44.933640680130061, -21.291958695729299 ], [ -44.933371185544829, -21.29195869572931 ], [ -44.933371185544829, -21.29357566324073 ], [ -44.933640680130061, -21.293575663240723 ], [ -44.933640680130061, -21.294653641581668 ], [ -44.934988153056246, -21.294653641581672 ], [ -44.934988153056246, -21.293575663240723 ], [ -44.934718658471006, -21.29357566324073 ], [ -44.934718658471006, -21.293306168655491 ] ] ] } },
{ "type": "Feature", "properties": { "id_feicao": "fogo_2025_409", "ano": 2025.0, "mes": 9, "codigo_original": 15, "classe": "Pastagem", "cor": "#edde8e", "area_ha": 0.08337565463362262 }, "geometry": { "type": "Polygon", "coordinates": [ [ [ -44.934449163885773, -21.292497684899786 ], [ -44.934179669300534, -21.292497684899789 ], [ -44.934179669300534, -21.292767179485026 ], [ -44.934449163885773, -21.292767179485015 ], [ -44.934449163885773, -21.292497684899786 ] ] ] } },
{ "type": "Feature", "properties": { "id_feicao": "fogo_2025_410", "ano": 2025.0, "mes": 9, "codigo_original": 15, "classe": "Pastagem", "cor": "#edde8e", "area_ha": 1.7509837728671729 }, "geometry": { "type": "Polygon", "coordinates": [ [ [ -44.993198983467188, -21.283604363586996 ], [ -44.991851510541011, -21.283604363586992 ], [ -44.991851510541011, -21.284412847342711 ], [ -44.992121005126243, -21.284412847342711 ], [ -44.992121005126243, -21.28468234192794 ], [ -44.992659994296716, -21.284682341927951 ], [ -44.992659994296716, -21.284951836513176 ], [ -44.993198983467188, -21.28495183651318 ], [ -44.993198983467188, -21.283604363586996 ] ] ] } },
{ "type": "Feature", "properties": { "id_feicao": "fogo_2025_411", "ano": 2025.0, "mes": 9, "codigo_original": 15, "classe": "Pastagem", "cor": "#edde8e", "area_ha": 0.083407197178625686 }, "geometry": { "type": "Polygon", "coordinates": [ [ [ -44.9624766007503, -21.235364832829781 ], [ -44.9624766007503, -21.235634327415017 ], [ -44.96274609533554, -21.235634327415017 ], [ -44.96274609533554, -21.235364832829784 ], [ -44.9624766007503, -21.235364832829781 ] ] ] } },
{ "type": "Feature", "properties": { "id_feicao": "fogo_2025_412", "ano": 2025.0, "mes": 9, "codigo_original": 15, "classe": "Pastagem", "cor": "#edde8e", "area_ha": 0.16681514063744501 }, "geometry": { "type": "Polygon", "coordinates": [ [ [ -44.961937611579827, -21.234556349074079 ], [ -44.961937611579827, -21.235095338244548 ], [ -44.962207106165067, -21.235095338244541 ], [ -44.962207106165067, -21.234556349074069 ], [ -44.961937611579827, -21.234556349074079 ] ] ] } },
{ "type": "Feature", "properties": { "id_feicao": "fogo_2025_413", "ano": 2025.0, "mes": 9, "codigo_original": 15, "classe": "Pastagem", "cor": "#edde8e", "area_ha": 0.083414016728755092 }, "geometry": { "type": "Polygon", "coordinates": [ [ [ -44.988078586347704, -21.222968081908927 ], [ -44.987809091762472, -21.222968081908927 ], [ -44.987809091762472, -21.223237576494167 ], [ -44.988078586347704, -21.223237576494167 ], [ -44.988078586347704, -21.222968081908927 ] ] ] } },
{ "type": "Feature", "properties": { "id_feicao": "fogo_2025_414", "ano": 2025.0, "mes": 9, "codigo_original": 15, "classe": "Pastagem", "cor": "#edde8e", "area_ha": 0.083414463160932067 }, "geometry": { "type": "Polygon", "coordinates": [ [ [ -44.988078586347704, -21.222159598153223 ], [ -44.987809091762472, -21.222159598153219 ], [ -44.987809091762472, -21.222429092738462 ], [ -44.988078586347704, -21.222429092738455 ], [ -44.988078586347704, -21.222159598153223 ] ] ] } },
{ "type": "Feature", "properties": { "id_feicao": "fogo_2025_415", "ano": 2025.0, "mes": 9, "codigo_original": 15, "classe": "Pastagem", "cor": "#edde8e", "area_ha": 19.185734958238836 }, "geometry": { "type": "Polygon", "coordinates": [ [ [ -44.98511414591011, -21.220542630641813 ], [ -44.98511414591011, -21.221890103567993 ], [ -44.987809091762472, -21.221890103567993 ], [ -44.987809091762472, -21.22135111439751 ], [ -44.988617575518177, -21.221351114397525 ], [ -44.988617575518177, -21.221890103567983 ], [ -44.988887070103416, -21.221890103567986 ], [ -44.988887070103416, -21.219195157715635 ], [ -44.988617575518177, -21.219195157715635 ], [ -44.988617575518177, -21.218656168545159 ], [ -44.988887070103416, -21.218656168545152 ], [ -44.988887070103416, -21.218386673959927 ], [ -44.991043026785299, -21.218386673959923 ], [ -44.991043026785299, -21.217308695618978 ], [ -44.990504037614834, -21.217308695618986 ], [ -44.990504037614834, -21.216769706448499 ], [ -44.990234543029594, -21.21676970644851 ], [ -44.990234543029594, -21.217039201033739 ], [ -44.989965048444361, -21.217039201033735 ], [ -44.989965048444361, -21.217308695618982 ], [ -44.989156564688649, -21.217308695618978 ], [ -44.989156564688649, -21.216769706448503 ], [ -44.989426059273889, -21.216769706448506 ], [ -44.989426059273889, -21.216500211863266 ], [ -44.988887070103416, -21.216500211863274 ], [ -44.988887070103416, -21.215961222692798 ], [ -44.987270102591999, -21.215961222692798 ], [ -44.987270102591999, -21.216230717278041 ], [ -44.987000608006767, -21.216230717278034 ], [ -44.987000608006767, -21.216500211863281 ], [ -44.987270102591999, -21.216500211863274 ], [ -44.987270102591999, -21.219464652300868 ], [ -44.98538364049535, -21.219464652300861 ], [ -44.98538364049535, -21.220542630641802 ], [ -44.98511414591011, -21.220542630641813 ] ], [ [ -44.988617575518177, -21.219464652300868 ], [ -44.988078586347704, -21.219464652300864 ], [ -44.988078586347704, -21.219195157715639 ], [ -44.988617575518177, -21.219195157715635 ], [ -44.988617575518177, -21.219464652300868 ] ] ] } },
{ "type": "Feature", "properties": { "id_feicao": "fogo_2025_416", "ano": 2025.0, "mes": 9, "codigo_original": 15, "classe": "Pastagem", "cor": "#edde8e", "area_ha": 0.083417735692875292 }, "geometry": { "type": "Polygon", "coordinates": [ [ [ -44.989426059273889, -21.216230717278027 ], [ -44.989426059273889, -21.216500211863266 ], [ -44.989695553859121, -21.21650021186327 ], [ -44.989695553859121, -21.216230717278023 ], [ -44.989426059273889, -21.216230717278027 ] ] ] } },
{ "type": "Feature", "properties": { "id_feicao": "fogo_2025_417", "ano": 2025.0, "mes": 9, "codigo_original": 15, "classe": "Pastagem", "cor": "#edde8e", "area_ha": 0.083417735333249116 }, "geometry": { "type": "Polygon", "coordinates": [ [ [ -44.990234543029594, -21.216230717278034 ], [ -44.990234543029594, -21.21650021186327 ], [ -44.990504037614834, -21.216500211863274 ], [ -44.990504037614834, -21.21623071727803 ], [ -44.990234543029594, -21.216230717278034 ] ] ] } },
{ "type": "Feature", "properties": { "id_feicao": "fogo_2025_418", "ano": 2025.0, "mes": 9, "codigo_original": 15, "classe": "Pastagem", "cor": "#edde8e", "area_ha": 0.16683666547005996 }, "geometry": { "type": "Polygon", "coordinates": [ [ [ -44.986192124251055, -21.215152738937089 ], [ -44.985653135080582, -21.215152738937089 ], [ -44.985653135080582, -21.215422233522329 ], [ -44.986192124251055, -21.215422233522329 ], [ -44.986192124251055, -21.215152738937089 ] ] ] } },
{ "type": "Feature", "properties": { "id_feicao": "fogo_2025_419", "ano": 2025.0, "mes": 9, "codigo_original": 15, "classe": "Pastagem", "cor": "#edde8e", "area_ha": 0.16683726340420543 }, "geometry": { "type": "Polygon", "coordinates": [ [ [ -44.984036167569172, -21.21461374976661 ], [ -44.9834971783987, -21.21461374976662 ], [ -44.9834971783987, -21.214883244351853 ], [ -44.984036167569172, -21.214883244351849 ], [ -44.984036167569172, -21.21461374976661 ] ] ] } },
{ "type": "Feature", "properties": { "id_feicao": "fogo_2025_420", "ano": 2025.0, "mes": 9, "codigo_original": 15, "classe": "Pastagem", "cor": "#edde8e", "area_ha": 0.083418626682739708 }, "geometry": { "type": "Polygon", "coordinates": [ [ [ -44.994007467222893, -21.21461374976662 ], [ -44.993737972637661, -21.214613749766613 ], [ -44.993737972637661, -21.21488324435186 ], [ -44.994007467222893, -21.214883244351856 ], [ -44.994007467222893, -21.21461374976662 ] ] ] } },
{ "type": "Feature", "properties": { "id_feicao": "fogo_2025_421", "ano": 2025.0, "mes": 9, "codigo_original": 15, "classe": "Pastagem", "cor": "#edde8e", "area_ha": 0.58393123751746967 }, "geometry": { "type": "Polygon", "coordinates": [ [ [ -44.991043026785299, -21.21461374976662 ], [ -44.991043026785299, -21.214883244351853 ], [ -44.992121005126243, -21.214883244351856 ], [ -44.992121005126243, -21.214344255181384 ], [ -44.991312521370538, -21.214344255181384 ], [ -44.991312521370538, -21.21461374976662 ], [ -44.991043026785299, -21.21461374976662 ] ] ] } },
{ "type": "Feature", "properties": { "id_feicao": "fogo_2025_422", "ano": 2025.0, "mes": 9, "codigo_original": 15, "classe": "Pastagem", "cor": "#edde8e", "area_ha": 0.83418785467203838 }, "geometry": { "type": "Polygon", "coordinates": [ [ [ -44.992929488881956, -21.21461374976662 ], [ -44.992929488881956, -21.214883244351853 ], [ -44.993468478052428, -21.214883244351853 ], [ -44.993468478052428, -21.214613749766617 ], [ -44.993737972637661, -21.214613749766613 ], [ -44.993737972637661, -21.214074760596148 ], [ -44.993468478052428, -21.214074760596151 ], [ -44.993468478052428, -21.214344255181384 ], [ -44.992929488881956, -21.214344255181391 ], [ -44.992929488881956, -21.214074760596151 ], [ -44.992121005126243, -21.214074760596141 ], [ -44.992121005126243, -21.214344255181384 ], [ -44.992659994296716, -21.214344255181381 ], [ -44.992659994296716, -21.214613749766613 ], [ -44.992929488881956, -21.21461374976662 ] ] ] } },
{ "type": "Feature", "properties": { "id_feicao": "fogo_2025_423", "ano": 2025.0, "mes": 9, "codigo_original": 15, "classe": "Pastagem", "cor": "#edde8e", "area_ha": 0.083418775232322509 }, "geometry": { "type": "Polygon", "coordinates": [ [ [ -44.994815950978605, -21.214344255181391 ], [ -44.994546456393365, -21.214344255181388 ], [ -44.994546456393365, -21.214613749766624 ], [ -44.994815950978605, -21.214613749766627 ], [ -44.994815950978605, -21.214344255181391 ] ] ] } },
{ "type": "Feature", "properties": { "id_feicao": "fogo_2025_424", "ano": 2025.0, "mes": 9, "codigo_original": 15, "classe": "Pastagem", "cor": "#edde8e", "area_ha": 0.083418925420660525 }, "geometry": { "type": "Polygon", "coordinates": [ [ [ -44.990504037614834, -21.214074760596155 ], [ -44.990234543029594, -21.214074760596144 ], [ -44.990234543029594, -21.214344255181391 ], [ -44.990504037614834, -21.214344255181388 ], [ -44.990504037614834, -21.214074760596155 ] ] ] } },
{ "type": "Feature", "properties": { "id_feicao": "fogo_2025_425", "ano": 2025.0, "mes": 9, "codigo_original": 15, "classe": "Pastagem", "cor": "#edde8e", "area_ha": 4.2543678945576886 }, "geometry": { "type": "Polygon", "coordinates": [ [ [ -44.9834971783987, -21.213805266010915 ], [ -44.9834971783987, -21.214074760596141 ], [ -44.984036167569172, -21.214074760596148 ], [ -44.984036167569172, -21.214344255181377 ], [ -44.984305662154405, -21.214344255181391 ], [ -44.984305662154405, -21.21488324435186 ], [ -44.98538364049535, -21.21488324435186 ], [ -44.98538364049535, -21.215152738937093 ], [ -44.985653135080582, -21.215152738937089 ], [ -44.985653135080582, -21.214613749766613 ], [ -44.985922629665822, -21.21461374976662 ], [ -44.985922629665822, -21.214344255181384 ], [ -44.986461618836294, -21.214344255181381 ], [ -44.986461618836294, -21.214613749766624 ], [ -44.986731113421527, -21.214613749766613 ], [ -44.986731113421527, -21.214074760596151 ], [ -44.987270102591999, -21.214074760596144 ], [ -44.987270102591999, -21.213805266010908 ], [ -44.987000608006767, -21.213805266010905 ], [ -44.987000608006767, -21.212996782255207 ], [ -44.986731113421527, -21.212996782255203 ], [ -44.986731113421527, -21.212727287669971 ], [ -44.986461618836294, -21.212727287669967 ], [ -44.986461618836294, -21.212996782255196 ], [ -44.986192124251055, -21.212996782255207 ], [ -44.986192124251055, -21.213266276840439 ], [ -44.984844651324877, -21.213266276840443 ], [ -44.984844651324877, -21.213535771425672 ], [ -44.98538364049535, -21.213535771425679 ], [ -44.98538364049535, -21.213805266010908 ], [ -44.9834971783987, -21.213805266010915 ] ], [ [ -44.985653135080582, -21.214344255181388 ], [ -44.985653135080582, -21.213805266010915 ], [ -44.985922629665822, -21.213805266010901 ], [ -44.985922629665822, -21.214344255181384 ], [ -44.985653135080582, -21.214344255181388 ] ], [ [ -44.986461618836294, -21.214074760596155 ], [ -44.986461618836294, -21.213805266010912 ], [ -44.986731113421527, -21.213805266010915 ], [ -44.986731113421527, -21.214074760596151 ], [ -44.986461618836294, -21.214074760596155 ] ], [ [ -44.98511414591011, -21.214074760596134 ], [ -44.98511414591011, -21.214344255181384 ], [ -44.984844651324877, -21.214344255181377 ], [ -44.984844651324877, -21.214074760596137 ], [ -44.98511414591011, -21.214074760596134 ] ] ] } },
{ "type": "Feature", "properties": { "id_feicao": "fogo_2025_426", "ano": 2025.0, "mes": 9, "codigo_original": 15, "classe": "Pastagem", "cor": "#edde8e", "area_ha": 0.083419073733138907 }, "geometry": { "type": "Polygon", "coordinates": [ [ [ -44.991312521370538, -21.213805266010908 ], [ -44.991312521370538, -21.214074760596148 ], [ -44.991582015955771, -21.214074760596151 ], [ -44.991582015955771, -21.213805266010915 ], [ -44.991312521370538, -21.213805266010908 ] ] ] } },
{ "type": "Feature", "properties": { "id_feicao": "fogo_2025_427", "ano": 2025.0, "mes": 9, "codigo_original": 15, "classe": "Pastagem", "cor": "#edde8e", "area_ha": 0.75077322889653964 }, "geometry": { "type": "Polygon", "coordinates": [ [ [ -44.989156564688649, -21.214074760596148 ], [ -44.989156564688649, -21.213266276840439 ], [ -44.988887070103416, -21.213266276840432 ], [ -44.988887070103416, -21.213535771425672 ], [ -44.988617575518177, -21.213535771425672 ], [ -44.988617575518177, -21.213266276840443 ], [ -44.988078586347704, -21.213266276840447 ], [ -44.988078586347704, -21.213805266010912 ], [ -44.988617575518177, -21.213805266010905 ], [ -44.988617575518177, -21.214074760596151 ], [ -44.989156564688649, -21.214074760596148 ] ] ] } },
{ "type": "Feature", "properties": { "id_feicao": "fogo_2025_428", "ano": 2025.0, "mes": 9, "codigo_original": 15, "classe": "Pastagem", "cor": "#edde8e", "area_ha": 0.41709604855021459 }, "geometry": { "type": "Polygon", "coordinates": [ [ [ -44.990234543029594, -21.213805266010901 ], [ -44.990504037614834, -21.213805266010912 ], [ -44.990504037614834, -21.213266276840443 ], [ -44.990234543029594, -21.213266276840436 ], [ -44.990234543029594, -21.213535771425665 ], [ -44.989695553859121, -21.213535771425676 ], [ -44.989695553859121, -21.213805266010912 ], [ -44.989965048444361, -21.213805266010908 ], [ -44.989965048444361, -21.214074760596155 ], [ -44.990234543029594, -21.214074760596144 ], [ -44.990234543029594, -21.213805266010901 ] ] ] } },
{ "type": "Feature", "properties": { "id_feicao": "fogo_2025_429", "ano": 2025.0, "mes": 9, "codigo_original": 15, "classe": "Pastagem", "cor": "#edde8e", "area_ha": 0.083419372032023972 }, "geometry": { "type": "Polygon", "coordinates": [ [ [ -44.989695553859121, -21.213266276840439 ], [ -44.989426059273889, -21.213266276840443 ], [ -44.989426059273889, -21.213535771425676 ], [ -44.989695553859121, -21.213535771425676 ], [ -44.989695553859121, -21.213266276840439 ] ] ] } },
{ "type": "Feature", "properties": { "id_feicao": "fogo_2025_430", "ano": 2025.0, "mes": 9, "codigo_original": 15, "classe": "Pastagem", "cor": "#edde8e", "area_ha": 0.083419521167874336 }, "geometry": { "type": "Polygon", "coordinates": [ [ [ -44.988887070103416, -21.212996782255207 ], [ -44.988617575518177, -21.212996782255203 ], [ -44.988617575518177, -21.213266276840443 ], [ -44.988887070103416, -21.213266276840432 ], [ -44.988887070103416, -21.212996782255207 ] ] ] } },
{ "type": "Feature", "properties": { "id_feicao": "fogo_2025_431", "ano": 2025.0, "mes": 9, "codigo_original": 15, "classe": "Pastagem", "cor": "#edde8e", "area_ha": 0.083419520906186179 }, "geometry": { "type": "Polygon", "coordinates": [ [ [ -44.989156564688649, -21.212996782255207 ], [ -44.989156564688649, -21.213266276840439 ], [ -44.989426059273889, -21.213266276840443 ], [ -44.989426059273889, -21.212996782255203 ], [ -44.989156564688649, -21.212996782255207 ] ] ] } },
{ "type": "Feature", "properties": { "id_feicao": "fogo_2025_432", "ano": 2025.0, "mes": 9, "codigo_original": 15, "classe": "Pastagem", "cor": "#edde8e", "area_ha": 0.083419669781985728 }, "geometry": { "type": "Polygon", "coordinates": [ [ [ -44.988887070103416, -21.212727287669967 ], [ -44.988887070103416, -21.212996782255207 ], [ -44.989156564688649, -21.212996782255207 ], [ -44.989156564688649, -21.212727287669971 ], [ -44.988887070103416, -21.212727287669967 ] ] ] } },
{ "type": "Feature", "properties": { "id_feicao": "fogo_2025_433", "ano": 2025.0, "mes": 9, "codigo_original": 15, "classe": "Pastagem", "cor": "#edde8e", "area_ha": 0.083419669403415178 }, "geometry": { "type": "Polygon", "coordinates": [ [ [ -44.989965048444361, -21.212727287669964 ], [ -44.989695553859121, -21.212727287669964 ], [ -44.989695553859121, -21.212996782255207 ], [ -44.989965048444361, -21.212996782255203 ], [ -44.989965048444361, -21.212727287669964 ] ] ] } },
{ "type": "Feature", "properties": { "id_feicao": "fogo_2025_434", "ano": 2025.0, "mes": 9, "codigo_original": 15, "classe": "Pastagem", "cor": "#edde8e", "area_ha": 0.33367892955932765 }, "geometry": { "type": "Polygon", "coordinates": [ [ [ -44.986731113421527, -21.212727287669971 ], [ -44.987270102591999, -21.212727287669967 ], [ -44.987270102591999, -21.212996782255203 ], [ -44.987539597177239, -21.212996782255207 ], [ -44.987539597177239, -21.212457793084734 ], [ -44.986731113421527, -21.212457793084731 ], [ -44.986731113421527, -21.212727287669971 ] ] ] } },
{ "type": "Feature", "properties": { "id_feicao": "fogo_2025_435", "ano": 2025.0, "mes": 9, "codigo_original": 15, "classe": "Pastagem", "cor": "#edde8e", "area_ha": 0.083419818394351752 }, "geometry": { "type": "Polygon", "coordinates": [ [ [ -44.989426059273889, -21.212457793084734 ], [ -44.989156564688649, -21.212457793084734 ], [ -44.989156564688649, -21.212727287669971 ], [ -44.989426059273889, -21.212727287669964 ], [ -44.989426059273889, -21.212457793084734 ] ] ] } },
{ "type": "Feature", "properties": { "id_feicao": "fogo_2025_436", "ano": 2025.0, "mes": 9, "codigo_original": 15, "classe": "Pastagem", "cor": "#edde8e", "area_ha": 0.16683963445346617 }, "geometry": { "type": "Polygon", "coordinates": [ [ [ -44.991851510541011, -21.212457793084731 ], [ -44.991851510541011, -21.212727287669967 ], [ -44.992390499711483, -21.212727287669967 ], [ -44.992390499711483, -21.212457793084731 ], [ -44.991851510541011, -21.212457793084731 ] ] ] } },
{ "type": "Feature", "properties": { "id_feicao": "fogo_2025_437", "ano": 2025.0, "mes": 9, "codigo_original": 15, "classe": "Pastagem", "cor": "#edde8e", "area_ha": 0.083420413223819809 }, "geometry": { "type": "Polygon", "coordinates": [ [ [ -44.989426059273889, -21.211379814743797 ], [ -44.989426059273889, -21.211649309329019 ], [ -44.989695553859121, -21.211649309329022 ], [ -44.989695553859121, -21.211379814743786 ], [ -44.989426059273889, -21.211379814743797 ] ] ] } },
{ "type": "Feature", "properties": { "id_feicao": "fogo_2025_438", "ano": 2025.0, "mes": 9, "codigo_original": 21, "classe": "Mosaico de Usos", "cor": "#ffefc3", "area_ha": 0.08335854809535849 }, "geometry": { "type": "Polygon", "coordinates": [ [ [ -45.166753496359078, -21.324298045957612 ], [ -45.166753496359078, -21.324567540542855 ], [ -45.167022990944318, -21.324567540542848 ], [ -45.167022990944318, -21.324298045957608 ], [ -45.166753496359078, -21.324298045957612 ] ] ] } },
{ "type": "Feature", "properties": { "id_feicao": "fogo_2025_439", "ano": 2025.0, "mes": 9, "codigo_original": 21, "classe": "Mosaico de Usos", "cor": "#ffefc3", "area_ha": 0.083359146083948968 }, "geometry": { "type": "Polygon", "coordinates": [ [ [ -45.166753496359078, -21.323220067616674 ], [ -45.166753496359078, -21.323489562201896 ], [ -45.167022990944318, -21.323489562201907 ], [ -45.167022990944318, -21.323220067616671 ], [ -45.166753496359078, -21.323220067616674 ] ] ] } },
{ "type": "Feature", "properties": { "id_feicao": "fogo_2025_440", "ano": 2025.0, "mes": 9, "codigo_original": 21, "classe": "Mosaico de Usos", "cor": "#ffefc3", "area_ha": 0.083379047279410992 }, "geometry": { "type": "Polygon", "coordinates": [ [ [ -45.049792846366721, -21.28629930943935 ], [ -45.049792846366721, -21.286568804024594 ], [ -45.05006234095196, -21.286568804024594 ], [ -45.05006234095196, -21.286299309439354 ], [ -45.049792846366721, -21.28629930943935 ] ] ] } },
{ "type": "Feature", "properties": { "id_feicao": "fogo_2025_441", "ano": 2025.0, "mes": 9, "codigo_original": 21, "classe": "Mosaico de Usos", "cor": "#ffefc3", "area_ha": 0.083431416605829783 }, "geometry": { "type": "Polygon", "coordinates": [ [ [ -45.116358008919974, -21.19197620460681 ], [ -45.116358008919974, -21.192245699192053 ], [ -45.116627503505214, -21.192245699192046 ], [ -45.116627503505214, -21.191976204606807 ], [ -45.116358008919974, -21.19197620460681 ] ] ] } },
{ "type": "Feature", "properties": { "id_feicao": "fogo_2025_442", "ano": 2025.0, "mes": 9, "codigo_original": 21, "classe": "Mosaico de Usos", "cor": "#ffefc3", "area_ha": 0.083431854102593114 }, "geometry": { "type": "Polygon", "coordinates": [ [ [ -45.114741041408557, -21.191167720851098 ], [ -45.114741041408557, -21.191437215436341 ], [ -45.115010535993797, -21.191437215436331 ], [ -45.115010535993797, -21.191167720851098 ], [ -45.114741041408557, -21.191167720851098 ] ] ] } },
{ "type": "Feature", "properties": { "id_feicao": "fogo_2025_443", "ano": 2025.0, "mes": 9, "codigo_original": 21, "classe": "Mosaico de Usos", "cor": "#ffefc3", "area_ha": 0.083431993144653285 }, "geometry": { "type": "Polygon", "coordinates": [ [ [ -45.112854579311907, -21.190898226265865 ], [ -45.112854579311907, -21.191167720851102 ], [ -45.113124073897147, -21.191167720851098 ], [ -45.113124073897147, -21.190898226265862 ], [ -45.112854579311907, -21.190898226265865 ] ] ] } },
{ "type": "Feature", "properties": { "id_feicao": "fogo_2025_444", "ano": 2025.0, "mes": 9, "codigo_original": 21, "classe": "Mosaico de Usos", "cor": "#ffefc3", "area_ha": 0.50059248051503247 }, "geometry": { "type": "Polygon", "coordinates": [ [ [ -45.115549525164269, -21.191167720851105 ], [ -45.115549525164269, -21.191437215436341 ], [ -45.115819019749502, -21.191437215436341 ], [ -45.115819019749502, -21.190359237095389 ], [ -45.115549525164269, -21.190359237095386 ], [ -45.115549525164269, -21.190628731680622 ], [ -45.115280030579029, -21.190628731680633 ], [ -45.115280030579029, -21.191167720851098 ], [ -45.115549525164269, -21.191167720851105 ] ] ] } },
{ "type": "Feature", "properties": { "id_feicao": "fogo_2025_445", "ano": 2025.0, "mes": 9, "codigo_original": 21, "classe": "Mosaico de Usos", "cor": "#ffefc3", "area_ha": 1.334914114589896 }, "geometry": { "type": "Polygon", "coordinates": [ [ [ -45.113124073897147, -21.190898226265862 ], [ -45.113663063067619, -21.190898226265865 ], [ -45.113663063067619, -21.191167720851102 ], [ -45.114202052238092, -21.191167720851098 ], [ -45.114202052238092, -21.190898226265858 ], [ -45.114471546823324, -21.190898226265862 ], [ -45.114471546823324, -21.190628731680629 ], [ -45.114202052238092, -21.190628731680629 ], [ -45.114202052238092, -21.190359237095397 ], [ -45.113932557652852, -21.190359237095393 ], [ -45.113932557652852, -21.190089742510153 ], [ -45.112315590141435, -21.19008974251016 ], [ -45.112315590141435, -21.190359237095389 ], [ -45.112854579311907, -21.190359237095397 ], [ -45.112854579311907, -21.190628731680629 ], [ -45.113124073897147, -21.190628731680622 ], [ -45.113124073897147, -21.190898226265862 ] ], [ [ -45.113124073897147, -21.190359237095389 ], [ -45.113663063067619, -21.190359237095389 ], [ -45.113663063067619, -21.190628731680633 ], [ -45.113124073897147, -21.190628731680622 ], [ -45.113124073897147, -21.190359237095389 ] ] ] } },
{ "type": "Feature", "properties": { "id_feicao": "fogo_2025_446", "ano": 2025.0, "mes": 9, "codigo_original": 21, "classe": "Mosaico de Usos", "cor": "#ffefc3", "area_ha": 0.58344381010278934 }, "geometry": { "type": "Polygon", "coordinates": [ [ [ -45.031197719985443, -21.340467721071764 ], [ -45.031197719985443, -21.340737215657001 ], [ -45.032006203741155, -21.340737215657001 ], [ -45.032006203741155, -21.340467721071757 ], [ -45.032545192911627, -21.340467721071757 ], [ -45.032545192911627, -21.339928731901292 ], [ -45.032275698326387, -21.339928731901296 ], [ -45.032275698326387, -21.340198226486521 ], [ -45.031736709155915, -21.340198226486521 ], [ -45.031736709155915, -21.340467721071768 ], [ -45.031197719985443, -21.340467721071764 ] ] ] } },
{ "type": "Feature", "properties": { "id_feicao": "fogo_2025_447", "ano": 2025.0, "mes": 9, "codigo_original": 21, "classe": "Mosaico de Usos", "cor": "#ffefc3", "area_ha": 1.2503242796042637 }, "geometry": { "type": "Polygon", "coordinates": [ [ [ -45.026346817451198, -21.329687937662335 ], [ -45.026346817451198, -21.329957432247571 ], [ -45.026885806621671, -21.329957432247554 ], [ -45.026885806621671, -21.330496421418037 ], [ -45.027424795792143, -21.330496421418044 ], [ -45.027424795792143, -21.3302269268328 ], [ -45.027694290377376, -21.330226926832797 ], [ -45.027694290377376, -21.329957432247568 ], [ -45.027424795792143, -21.329957432247564 ], [ -45.027424795792143, -21.329687937662325 ], [ -45.027155301206903, -21.329687937662325 ], [ -45.027155301206903, -21.329418443077092 ], [ -45.026346817451198, -21.329418443077092 ], [ -45.026346817451198, -21.329148948491856 ], [ -45.026077322865966, -21.329148948491859 ], [ -45.026077322865966, -21.329418443077088 ], [ -45.025807828280726, -21.329418443077095 ], [ -45.025807828280726, -21.329687937662328 ], [ -45.026346817451198, -21.329687937662335 ] ] ] } },
{ "type": "Feature", "properties": { "id_feicao": "fogo_2025_448", "ano": 2025.0, "mes": 9, "codigo_original": 21, "classe": "Mosaico de Usos", "cor": "#ffefc3", "area_ha": 0.083359287920635239 }, "geometry": { "type": "Polygon", "coordinates": [ [ [ -45.022843387843132, -21.321872594690486 ], [ -45.022843387843132, -21.322142089275722 ], [ -45.023112882428372, -21.322142089275726 ], [ -45.023112882428372, -21.321872594690493 ], [ -45.022843387843132, -21.321872594690486 ] ] ] } },
{ "type": "Feature", "properties": { "id_feicao": "fogo_2025_449", "ano": 2025.0, "mes": 9, "codigo_original": 21, "classe": "Mosaico de Usos", "cor": "#ffefc3", "area_ha": 0.41679737661893357 }, "geometry": { "type": "Polygon", "coordinates": [ [ [ -45.001014326439034, -21.32187259469049 ], [ -45.001014326439034, -21.321333605520017 ], [ -45.000205842683322, -21.321333605520017 ], [ -45.000205842683322, -21.321603100105257 ], [ -45.000475337268561, -21.321603100105264 ], [ -45.000475337268561, -21.32187259469049 ], [ -45.001014326439034, -21.32187259469049 ] ] ] } },
{ "type": "Feature", "properties": { "id_feicao": "fogo_2025_450", "ano": 2025.0, "mes": 9, "codigo_original": 21, "classe": "Mosaico de Usos", "cor": "#ffefc3", "area_ha": 0.50034648937010429 }, "geometry": { "type": "Polygon", "coordinates": [ [ [ -45.017184001553183, -21.264739742620495 ], [ -45.017184001553183, -21.265009237205724 ], [ -45.017722990723655, -21.265009237205721 ], [ -45.017722990723655, -21.264739742620495 ], [ -45.017992485308888, -21.264739742620485 ], [ -45.017992485308888, -21.264470248035256 ], [ -45.01826197989412, -21.264470248035252 ], [ -45.01826197989412, -21.264200753450023 ], [ -45.017722990723655, -21.264200753450012 ], [ -45.017722990723655, -21.264470248035249 ], [ -45.017453496138415, -21.264470248035252 ], [ -45.017453496138415, -21.264739742620492 ], [ -45.017184001553183, -21.264739742620495 ] ] ] } },
{ "type": "Feature", "properties": { "id_feicao": "fogo_2025_451", "ano": 2025.0, "mes": 9, "codigo_original": 21, "classe": "Mosaico de Usos", "cor": "#ffefc3", "area_ha": 0.083417289258333888 }, "geometry": { "type": "Polygon", "coordinates": [ [ [ -44.989695553859121, -21.217039201033742 ], [ -44.989695553859121, -21.217308695618971 ], [ -44.989965048444361, -21.217308695618982 ], [ -44.989965048444361, -21.217039201033735 ], [ -44.989695553859121, -21.217039201033742 ] ] ] } },
{ "type": "Feature", "properties": { "id_feicao": "fogo_2025_452", "ano": 2025.0, "mes": 9, "codigo_original": 21, "classe": "Mosaico de Usos", "cor": "#ffefc3", "area_ha": 0.16683502458461316 }, "geometry": { "type": "Polygon", "coordinates": [ [ [ -44.989965048444361, -21.216500211863277 ], [ -44.989965048444361, -21.217039201033735 ], [ -44.990234543029594, -21.217039201033739 ], [ -44.990234543029594, -21.21650021186327 ], [ -44.989965048444361, -21.216500211863277 ] ] ] } },
{ "type": "Feature", "properties": { "id_feicao": "fogo_2025_453", "ano": 2025.0, "mes": 9, "codigo_original": 21, "classe": "Mosaico de Usos", "cor": "#ffefc3", "area_ha": 0.083417735571208532 }, "geometry": { "type": "Polygon", "coordinates": [ [ [ -44.989695553859121, -21.216230717278023 ], [ -44.989695553859121, -21.21650021186327 ], [ -44.989965048444361, -21.216500211863277 ], [ -44.989965048444361, -21.216230717278034 ], [ -44.989695553859121, -21.216230717278023 ] ] ] } },
{ "type": "Feature", "properties": { "id_feicao": "fogo_2025_454", "ano": 2025.0, "mes": 9, "codigo_original": 24, "classe": "Área urbanizada", "cor": "#d4271e", "area_ha": 0.083419817086774858 }, "geometry": { "type": "Polygon", "coordinates": [ [ [ -44.992390499711483, -21.212727287669967 ], [ -44.992659994296716, -21.212727287669967 ], [ -44.992659994296716, -21.212457793084738 ], [ -44.992390499711483, -21.212457793084731 ], [ -44.992390499711483, -21.212727287669967 ] ] ] } },
{ "type": "Feature", "properties": { "id_feicao": "fogo_2025_455", "ano": 2025.0, "mes": 9, "codigo_original": 24, "classe": "Área urbanizada", "cor": "#d4271e", "area_ha": 0.16684112354815006 }, "geometry": { "type": "Polygon", "coordinates": [ [ [ -44.989695553859121, -21.211379814743786 ], [ -44.990234543029594, -21.21137981474379 ], [ -44.990234543029594, -21.211110320158557 ], [ -44.989695553859121, -21.211110320158557 ], [ -44.989695553859121, -21.211379814743786 ] ] ] } },
{ "type": "Feature", "properties": { "id_feicao": "fogo_2025_456", "ano": 2025.0, "mes": 9, "codigo_original": 41, "classe": "Outras Lavouras Temporárias", "cor": "#f54ca9", "area_ha": 0.25004273679908368 }, "geometry": { "type": "Polygon", "coordinates": [ [ [ -45.045480933002942, -21.342893172338886 ], [ -45.045211438417709, -21.342893172338886 ], [ -45.045211438417709, -21.343162666924123 ], [ -45.044941943832477, -21.343162666924123 ], [ -45.044941943832477, -21.343432161509362 ], [ -45.045480933002942, -21.343432161509359 ], [ -45.045480933002942, -21.342893172338886 ] ] ] } },
{ "type": "Feature", "properties": { "id_feicao": "fogo_2025_457", "ano": 2025.0, "mes": 9, "codigo_original": 41, "classe": "Outras Lavouras Temporárias", "cor": "#f54ca9", "area_ha": 0.083370523101091387 }, "geometry": { "type": "Polygon", "coordinates": [ [ [ -45.042785987150587, -21.301929995383038 ], [ -45.04305548173582, -21.301929995383038 ], [ -45.04305548173582, -21.301660500797798 ], [ -45.042785987150587, -21.301660500797798 ], [ -45.042785987150587, -21.301929995383038 ] ] ] } },
{ "type": "Feature", "properties": { "id_feicao": "fogo_2025_458", "ano": 2025.0, "mes": 9, "codigo_original": 41, "classe": "Outras Lavouras Temporárias", "cor": "#f54ca9", "area_ha": 0.083406493786722422 }, "geometry": { "type": "Polygon", "coordinates": [ [ [ -45.152739777926818, -21.237790284096903 ], [ -45.153009272512051, -21.237790284096906 ], [ -45.153009272512051, -21.237520789511663 ], [ -45.152739777926818, -21.237520789511663 ], [ -45.152739777926818, -21.237790284096903 ] ] ] } },
{ "type": "Feature", "properties": { "id_feicao": "fogo_2025_459", "ano": 2025.0, "mes": 9, "codigo_original": 41, "classe": "Outras Lavouras Temporárias", "cor": "#f54ca9", "area_ha": 0.33362748997319941 }, "geometry": { "type": "Polygon", "coordinates": [ [ [ -45.154087250852996, -21.23725129492643 ], [ -45.154087250852996, -21.236712305755947 ], [ -45.153548261682523, -21.236712305755962 ], [ -45.153548261682523, -21.237251294926423 ], [ -45.154087250852996, -21.23725129492643 ] ] ] } },
{ "type": "Feature", "properties": { "id_feicao": "fogo_2025_460", "ano": 2025.0, "mes": 9, "codigo_original": 41, "classe": "Outras Lavouras Temporárias", "cor": "#f54ca9", "area_ha": 0.91749129199902457 }, "geometry": { "type": "Polygon", "coordinates": [ [ [ -45.14465494036974, -21.234556349074065 ], [ -45.14465494036974, -21.234286854488836 ], [ -45.144385445784508, -21.234286854488833 ], [ -45.144385445784508, -21.233747865318367 ], [ -45.143576962028796, -21.23374786531836 ], [ -45.143576962028796, -21.234286854488836 ], [ -45.143846456614035, -21.23428685448884 ], [ -45.143846456614035, -21.234825843659312 ], [ -45.144385445784508, -21.234825843659312 ], [ -45.144385445784508, -21.234556349074072 ], [ -45.14465494036974, -21.234556349074065 ] ] ] } },
{ "type": "Feature", "properties": { "id_feicao": "fogo_2025_461", "ano": 2025.0, "mes": 9, "codigo_original": 41, "classe": "Outras Lavouras Temporárias", "cor": "#f54ca9", "area_ha": 0.41705844010682774 }, "geometry": { "type": "Polygon", "coordinates": [ [ [ -45.017453496138415, -21.227010500687474 ], [ -45.01664501238271, -21.227010500687477 ], [ -45.01664501238271, -21.227549489857942 ], [ -45.017184001553183, -21.227549489857939 ], [ -45.017184001553183, -21.22727999527271 ], [ -45.017453496138415, -21.227279995272706 ], [ -45.017453496138415, -21.227010500687474 ] ] ] } },
{ "type": "Feature", "properties": { "id_feicao": "fogo_2025_462", "ano": 2025.0, "mes": 9, "codigo_original": 41, "classe": "Outras Lavouras Temporárias", "cor": "#f54ca9", "area_ha": 2.0857040170034393 }, "geometry": { "type": "Polygon", "coordinates": [ [ [ -45.123364868136107, -21.198444074652471 ], [ -45.123634362721347, -21.198444074652468 ], [ -45.123634362721347, -21.198713569237704 ], [ -45.124442846477052, -21.198713569237707 ], [ -45.124442846477052, -21.198983063822933 ], [ -45.124712341062292, -21.198983063822936 ], [ -45.124712341062292, -21.198713569237704 ], [ -45.124981835647525, -21.198713569237707 ], [ -45.124981835647525, -21.198174580067224 ], [ -45.124712341062292, -21.198174580067239 ], [ -45.124712341062292, -21.198444074652464 ], [ -45.124442846477052, -21.198444074652475 ], [ -45.124442846477052, -21.197905085481999 ], [ -45.124712341062292, -21.197905085481988 ], [ -45.124712341062292, -21.197635590896759 ], [ -45.12417335189182, -21.197635590896756 ], [ -45.12417335189182, -21.19709660172629 ], [ -45.123634362721347, -21.197096601726283 ], [ -45.123634362721347, -21.197905085481992 ], [ -45.122825878965635, -21.197905085481999 ], [ -45.122825878965635, -21.198174580067231 ], [ -45.123364868136107, -21.198174580067231 ], [ -45.123364868136107, -21.198444074652471 ] ] ] } },
{ "type": "Feature", "properties": { "id_feicao": "fogo_2025_463", "ano": 2025.0, "mes": 9, "codigo_original": 41, "classe": "Outras Lavouras Temporárias", "cor": "#f54ca9", "area_ha": 0.083439854251407083 }, "geometry": { "type": "Polygon", "coordinates": [ [ [ -45.110429128044785, -21.176884507833595 ], [ -45.110698622630025, -21.176884507833599 ], [ -45.110698622630025, -21.176615013248362 ], [ -45.110429128044785, -21.176615013248369 ], [ -45.110429128044785, -21.176884507833595 ] ] ] } },
{ "type": "Feature", "properties": { "id_feicao": "fogo_2025_464", "ano": 2025.0, "mes": 9, "codigo_original": 41, "classe": "Outras Lavouras Temporárias", "cor": "#f54ca9", "area_ha": 0.16688015665145894 }, "geometry": { "type": "Polygon", "coordinates": [ [ [ -45.110968117215258, -21.176615013248369 ], [ -45.110968117215258, -21.17607602407789 ], [ -45.110698622630025, -21.17607602407789 ], [ -45.110698622630025, -21.176615013248362 ], [ -45.110968117215258, -21.176615013248369 ] ] ] } },
{ "type": "Feature", "properties": { "id_feicao": "fogo_2025_465", "ano": 2025.0, "mes": 9, "codigo_original": 41, "classe": "Outras Lavouras Temporárias", "cor": "#f54ca9", "area_ha": 3.6713936217122711 }, "geometry": { "type": "Polygon", "coordinates": [ [ [ -45.109081655118608, -21.175267540322192 ], [ -45.10962064428908, -21.175267540322192 ], [ -45.10962064428908, -21.175537034907425 ], [ -45.109351149703841, -21.175537034907418 ], [ -45.109351149703841, -21.176076024077897 ], [ -45.10962064428908, -21.17607602407789 ], [ -45.10962064428908, -21.17634551866313 ], [ -45.109890138874313, -21.176345518663133 ], [ -45.109890138874313, -21.176615013248359 ], [ -45.110429128044785, -21.176615013248369 ], [ -45.110429128044785, -21.176076024077894 ], [ -45.110698622630025, -21.17607602407789 ], [ -45.110698622630025, -21.175806529492654 ], [ -45.110429128044785, -21.175806529492657 ], [ -45.110429128044785, -21.175537034907418 ], [ -45.110159633459553, -21.175537034907421 ], [ -45.110159633459553, -21.175267540322185 ], [ -45.109890138874313, -21.175267540322189 ], [ -45.109890138874313, -21.174998045736952 ], [ -45.110429128044785, -21.174998045736952 ], [ -45.110429128044785, -21.175267540322182 ], [ -45.110968117215258, -21.175267540322182 ], [ -45.110968117215258, -21.174459056566477 ], [ -45.11150710638573, -21.174459056566473 ], [ -45.11150710638573, -21.174189561981247 ], [ -45.110429128044785, -21.174189561981244 ], [ -45.110429128044785, -21.173920067396011 ], [ -45.109351149703841, -21.173920067396004 ], [ -45.109351149703841, -21.174189561981244 ], [ -45.10962064428908, -21.174189561981247 ], [ -45.10962064428908, -21.17472855115172 ], [ -45.109351149703841, -21.174728551151709 ], [ -45.109351149703841, -21.174459056566473 ], [ -45.109081655118608, -21.174459056566473 ], [ -45.109081655118608, -21.175267540322192 ] ], [ [ -45.109890138874313, -21.17607602407789 ], [ -45.110159633459553, -21.176076024077897 ], [ -45.110159633459553, -21.176345518663126 ], [ -45.109890138874313, -21.176345518663133 ], [ -45.109890138874313, -21.17607602407789 ] ] ] } },
{ "type": "Feature", "properties": { "id_feicao": "fogo_2025_466", "ano": 2025.0, "mes": 9, "codigo_original": 41, "classe": "Outras Lavouras Temporárias", "cor": "#f54ca9", "area_ha": 0.66752676964551205 }, "geometry": { "type": "Polygon", "coordinates": [ [ [ -45.12174790062469, -21.174998045736949 ], [ -45.121478406039458, -21.174998045736945 ], [ -45.121478406039458, -21.174728551151709 ], [ -45.121208911454218, -21.174728551151709 ], [ -45.121208911454218, -21.174459056566477 ], [ -45.120939416868985, -21.174459056566473 ], [ -45.120939416868985, -21.175537034907418 ], [ -45.121478406039458, -21.175537034907414 ], [ -45.121478406039458, -21.175267540322185 ], [ -45.12174790062469, -21.175267540322185 ], [ -45.12174790062469, -21.174998045736949 ] ] ] } },
{ "type": "Feature", "properties": { "id_feicao": "fogo_2025_467", "ano": 2025.0, "mes": 9, "codigo_original": 41, "classe": "Outras Lavouras Temporárias", "cor": "#f54ca9", "area_ha": 0.08344104753118009 }, "geometry": { "type": "Polygon", "coordinates": [ [ [ -45.11150710638573, -21.174728551151709 ], [ -45.111776600970963, -21.174728551151709 ], [ -45.111776600970963, -21.174459056566473 ], [ -45.11150710638573, -21.174459056566473 ], [ -45.11150710638573, -21.174728551151709 ] ] ] } },
{ "type": "Feature", "properties": { "id_feicao": "fogo_2025_468", "ano": 2025.0, "mes": 9, "codigo_original": 41, "classe": "Outras Lavouras Temporárias", "cor": "#f54ca9", "area_ha": 0.41720586508605628 }, "geometry": { "type": "Polygon", "coordinates": [ [ [ -45.117166492675686, -21.174189561981244 ], [ -45.116627503505214, -21.174189561981244 ], [ -45.116627503505214, -21.174459056566469 ], [ -45.116358008919974, -21.174459056566473 ], [ -45.116358008919974, -21.174728551151709 ], [ -45.117166492675686, -21.174728551151713 ], [ -45.117166492675686, -21.174189561981244 ] ] ] } },
{ "type": "Feature", "properties": { "id_feicao": "fogo_2025_469", "ano": 2025.0, "mes": 9, "codigo_original": 41, "classe": "Outras Lavouras Temporárias", "cor": "#f54ca9", "area_ha": 0.58409066482058269 }, "geometry": { "type": "Polygon", "coordinates": [ [ [ -45.120400427698513, -21.173381078225528 ], [ -45.120400427698513, -21.173650572810775 ], [ -45.119861438528041, -21.173650572810772 ], [ -45.119861438528041, -21.174189561981247 ], [ -45.120669922283746, -21.174189561981251 ], [ -45.120669922283746, -21.173381078225528 ], [ -45.120400427698513, -21.173381078225528 ] ] ] } },
{ "type": "Feature", "properties": { "id_feicao": "fogo_2025_470", "ano": 2025.0, "mes": 9, "codigo_original": 41, "classe": "Outras Lavouras Temporárias", "cor": "#f54ca9", "area_ha": 0.16675977737906936 }, "geometry": { "type": "Polygon", "coordinates": [ [ [ -44.992659994296716, -21.284951836513176 ], [ -44.992659994296716, -21.284682341927951 ], [ -44.992121005126243, -21.28468234192794 ], [ -44.992121005126243, -21.284951836513184 ], [ -44.992659994296716, -21.284951836513176 ] ] ] } },
{ "type": "Feature", "properties": { "id_feicao": "fogo_2025_471", "ano": 2025.0, "mes": 9, "codigo_original": 41, "classe": "Outras Lavouras Temporárias", "cor": "#f54ca9", "area_ha": 0.083380038056988265 }, "geometry": { "type": "Polygon", "coordinates": [ [ [ -44.991851510541011, -21.284682341927944 ], [ -44.992121005126243, -21.28468234192794 ], [ -44.992121005126243, -21.284412847342711 ], [ -44.991851510541011, -21.284412847342711 ], [ -44.991851510541011, -21.284682341927944 ] ] ] } },
{ "type": "Feature", "properties": { "id_feicao": "fogo_2025_472", "ano": 2025.0, "mes": 9, "codigo_original": 41, "classe": "Outras Lavouras Temporárias", "cor": "#f54ca9", "area_ha": 0.083394209076123757 }, "geometry": { "type": "Polygon", "coordinates": [ [ [ -45.013411077359876, -21.259080356330539 ], [ -45.013411077359876, -21.258810861745307 ], [ -45.013141582774644, -21.2588108617453 ], [ -45.013141582774644, -21.259080356330536 ], [ -45.013411077359876, -21.259080356330539 ] ] ] } },
{ "type": "Feature", "properties": { "id_feicao": "fogo_2025_473", "ano": 2025.0, "mes": 9, "codigo_original": 41, "classe": "Outras Lavouras Temporárias", "cor": "#f54ca9", "area_ha": 0.083394507349182717 }, "geometry": { "type": "Polygon", "coordinates": [ [ [ -45.013680571945116, -21.25854136716006 ], [ -45.013680571945116, -21.258271872574827 ], [ -45.013411077359876, -21.258271872574834 ], [ -45.013411077359876, -21.258541367160067 ], [ -45.013680571945116, -21.25854136716006 ] ] ] } },
{ "type": "Feature", "properties": { "id_feicao": "fogo_2025_474", "ano": 2025.0, "mes": 9, "codigo_original": 41, "classe": "Outras Lavouras Temporárias", "cor": "#f54ca9", "area_ha": 0.083410594875831162 }, "geometry": { "type": "Polygon", "coordinates": [ [ [ -45.014219561115588, -21.229435951954592 ], [ -45.014489055700821, -21.229435951954589 ], [ -45.014489055700821, -21.229166457369359 ], [ -45.014219561115588, -21.229166457369352 ], [ -45.014219561115588, -21.229435951954592 ] ] ] } },
{ "type": "Feature", "properties": { "id_feicao": "fogo_2025_475", "ano": 2025.0, "mes": 9, "codigo_original": 41, "classe": "Outras Lavouras Temporárias", "cor": "#f54ca9", "area_ha": 3.3364465224239508 }, "geometry": { "type": "Polygon", "coordinates": [ [ [ -45.014489055700821, -21.227818984443179 ], [ -45.014489055700821, -21.228357973613651 ], [ -45.014758550286061, -21.228357973613651 ], [ -45.014758550286061, -21.228627468198887 ], [ -45.015297539456526, -21.22862746819888 ], [ -45.015297539456526, -21.229166457369359 ], [ -45.016914506967943, -21.229166457369359 ], [ -45.016914506967943, -21.228627468198887 ], [ -45.01664501238271, -21.228627468198891 ], [ -45.01664501238271, -21.228357973613651 ], [ -45.016914506967943, -21.228357973613651 ], [ -45.016914506967943, -21.228088479028415 ], [ -45.01664501238271, -21.228088479028418 ], [ -45.01664501238271, -21.227549489857942 ], [ -45.016106023212238, -21.227549489857946 ], [ -45.016106023212238, -21.227818984443179 ], [ -45.015297539456526, -21.227818984443179 ], [ -45.015297539456526, -21.227549489857939 ], [ -45.014758550286061, -21.227549489857953 ], [ -45.014758550286061, -21.227818984443179 ], [ -45.014489055700821, -21.227818984443179 ] ] ] } },
{ "type": "Feature", "properties": { "id_feicao": "fogo_2025_476", "ano": 2025.0, "mes": 9, "codigo_original": 41, "classe": "Outras Lavouras Temporárias", "cor": "#f54ca9", "area_ha": 0.16682327525548699 }, "geometry": { "type": "Polygon", "coordinates": [ [ [ -45.015836528626998, -21.227549489857946 ], [ -45.015836528626998, -21.227279995272706 ], [ -45.015297539456526, -21.227279995272713 ], [ -45.015297539456526, -21.227549489857939 ], [ -45.015836528626998, -21.227549489857946 ] ] ] } },
{ "type": "Feature", "properties": { "id_feicao": "fogo_2025_477", "ano": 2025.0, "mes": 9, "codigo_original": 41, "classe": "Outras Lavouras Temporárias", "cor": "#f54ca9", "area_ha": 0.6673328448683955 }, "geometry": { "type": "Polygon", "coordinates": [ [ [ -45.003978766876621, -21.21838667395992 ], [ -45.004517756047093, -21.218386673959916 ], [ -45.004517756047093, -21.218117179374687 ], [ -45.003978766876621, -21.218117179374683 ], [ -45.003978766876621, -21.217847684789444 ], [ -45.003709272291395, -21.217847684789444 ], [ -45.003709272291395, -21.218925663130392 ], [ -45.004517756047093, -21.218925663130388 ], [ -45.004517756047093, -21.218656168545156 ], [ -45.003978766876621, -21.218656168545156 ], [ -45.003978766876621, -21.21838667395992 ] ] ] } },
{ "type": "Feature", "properties": { "id_feicao": "fogo_2025_478", "ano": 2025.0, "mes": 9, "codigo_original": 41, "classe": "Outras Lavouras Temporárias", "cor": "#f54ca9", "area_ha": 0.083417884715646512 }, "geometry": { "type": "Polygon", "coordinates": [ [ [ -44.988887070103416, -21.216230717278034 ], [ -44.989156564688649, -21.216230717278034 ], [ -44.989156564688649, -21.215961222692808 ], [ -44.988887070103416, -21.215961222692798 ], [ -44.988887070103416, -21.216230717278034 ] ] ] } },
{ "type": "Feature", "properties": { "id_feicao": "fogo_2025_479", "ano": 2025.0, "mes": 9, "codigo_original": 41, "classe": "Outras Lavouras Temporárias", "cor": "#f54ca9", "area_ha": 0.33367551649138333 }, "geometry": { "type": "Polygon", "coordinates": [ [ [ -44.994546456393365, -21.214344255181388 ], [ -44.994276961808133, -21.214344255181384 ], [ -44.994276961808133, -21.214074760596144 ], [ -44.994007467222893, -21.214074760596144 ], [ -44.994007467222893, -21.214344255181391 ], [ -44.993737972637661, -21.214344255181388 ], [ -44.993737972637661, -21.214613749766613 ], [ -44.994546456393365, -21.214613749766624 ], [ -44.994546456393365, -21.214344255181388 ] ] ] } },
{ "type": "Feature", "properties": { "id_feicao": "fogo_2025_480", "ano": 2025.0, "mes": 9, "codigo_original": 41, "classe": "Outras Lavouras Temporárias", "cor": "#f54ca9", "area_ha": 0.083419072805260799 }, "geometry": { "type": "Polygon", "coordinates": [ [ [ -44.994546456393365, -21.214074760596144 ], [ -44.994546456393365, -21.213805266010905 ], [ -44.994276961808133, -21.213805266010915 ], [ -44.994276961808133, -21.214074760596144 ], [ -44.994546456393365, -21.214074760596144 ] ] ] } },
{ "type": "Feature", "properties": { "id_feicao": "fogo_2025_481", "ano": 2025.0, "mes": 9, "codigo_original": 41, "classe": "Outras Lavouras Temporárias", "cor": "#f54ca9", "area_ha": 0.25025811156715216 }, "geometry": { "type": "Polygon", "coordinates": [ [ [ -44.994007467222893, -21.213535771425679 ], [ -44.994007467222893, -21.213266276840439 ], [ -44.993198983467188, -21.213266276840447 ], [ -44.993198983467188, -21.213535771425672 ], [ -44.994007467222893, -21.213535771425679 ] ] ] } },
{ "type": "Feature", "properties": { "id_feicao": "fogo_2025_482", "ano": 2025.0, "mes": 9, "codigo_original": 41, "classe": "Outras Lavouras Temporárias", "cor": "#f54ca9", "area_ha": 0.083419520534481859 }, "geometry": { "type": "Polygon", "coordinates": [ [ [ -44.989965048444361, -21.213266276840443 ], [ -44.990234543029594, -21.213266276840436 ], [ -44.990234543029594, -21.212996782255214 ], [ -44.989965048444361, -21.212996782255203 ], [ -44.989965048444361, -21.213266276840443 ] ] ] } },
{ "type": "Feature", "properties": { "id_feicao": "fogo_2025_483", "ano": 2025.0, "mes": 9, "codigo_original": 41, "classe": "Outras Lavouras Temporárias", "cor": "#f54ca9", "area_ha": 0.16683918777145446 }, "geometry": { "type": "Polygon", "coordinates": [ [ [ -44.992659994296716, -21.213266276840439 ], [ -44.992929488881956, -21.213266276840439 ], [ -44.992929488881956, -21.212727287669967 ], [ -44.992659994296716, -21.212727287669967 ], [ -44.992659994296716, -21.213266276840439 ] ] ] } },
{ "type": "Feature", "properties": { "id_feicao": "fogo_2025_484", "ano": 2025.0, "mes": 9, "codigo_original": 41, "classe": "Outras Lavouras Temporárias", "cor": "#f54ca9", "area_ha": 8.7538297379868109 }, "geometry": { "type": "Polygon", "coordinates": [ [ [ -44.971908911233555, -21.302199489968267 ], [ -44.971908911233555, -21.302738479138746 ], [ -44.970561438307378, -21.302738479138743 ], [ -44.970561438307378, -21.305433424991104 ], [ -44.971639416648323, -21.305433424991097 ], [ -44.971639416648323, -21.305163930405861 ], [ -44.971908911233555, -21.305163930405861 ], [ -44.971908911233555, -21.30408595206492 ], [ -44.972178405818795, -21.30408595206492 ], [ -44.972178405818795, -21.303277468309208 ], [ -44.9729868895745, -21.303277468309219 ], [ -44.9729868895745, -21.302738479138743 ], [ -44.973256384159733, -21.302738479138746 ], [ -44.973256384159733, -21.30246898455351 ], [ -44.973525878744972, -21.302468984553514 ], [ -44.973525878744972, -21.302738479138743 ], [ -44.973795373330205, -21.302738479138746 ], [ -44.973795373330205, -21.30246898455351 ], [ -44.974064867915445, -21.30246898455351 ], [ -44.974064867915445, -21.302199489968274 ], [ -44.974603857085917, -21.302199489968274 ], [ -44.974603857085917, -21.301121511627336 ], [ -44.974334362500677, -21.301121511627329 ], [ -44.974334362500677, -21.300852017042093 ], [ -44.973256384159733, -21.300852017042093 ], [ -44.973256384159733, -21.301121511627333 ], [ -44.9729868895745, -21.301121511627336 ], [ -44.9729868895745, -21.301660500797801 ], [ -44.972447900404028, -21.301660500797801 ], [ -44.972447900404028, -21.302199489968277 ], [ -44.971908911233555, -21.302199489968267 ] ], [ [ -44.9729868895745, -21.302468984553514 ], [ -44.9729868895745, -21.302199489968277 ], [ -44.973256384159733, -21.302199489968277 ], [ -44.973256384159733, -21.30246898455351 ], [ -44.9729868895745, -21.302468984553514 ] ] ] } },
{ "type": "Feature", "properties": { "id_feicao": "fogo_2025_485", "ano": 2025.0, "mes": 9, "codigo_original": 41, "classe": "Outras Lavouras Temporárias", "cor": "#f54ca9", "area_ha": 1.0838835181169386 }, "geometry": { "type": "Polygon", "coordinates": [ [ [ -44.933910174715301, -21.293036674070251 ], [ -44.933910174715301, -21.293306168655491 ], [ -44.934718658471006, -21.293306168655491 ], [ -44.934718658471006, -21.293036674070247 ], [ -44.934449163885773, -21.293036674070244 ], [ -44.934449163885773, -21.292767179485015 ], [ -44.934179669300534, -21.292767179485026 ], [ -44.934179669300534, -21.292497684899789 ], [ -44.934449163885773, -21.292497684899786 ], [ -44.934449163885773, -21.291958695729306 ], [ -44.933640680130061, -21.291958695729299 ], [ -44.933640680130061, -21.292497684899782 ], [ -44.933910174715301, -21.292497684899782 ], [ -44.933910174715301, -21.292767179485022 ], [ -44.933640680130061, -21.292767179485022 ], [ -44.933640680130061, -21.293036674070247 ], [ -44.933910174715301, -21.293036674070251 ] ] ] } },
{ "type": "Feature", "properties": { "id_feicao": "fogo_2025_486", "ano": 2025.0, "mes": 9, "codigo_original": 41, "classe": "Outras Lavouras Temporárias", "cor": "#f54ca9", "area_ha": 0.16683219945249883 }, "geometry": { "type": "Polygon", "coordinates": [ [ [ -44.988617575518177, -21.219464652300868 ], [ -44.988617575518177, -21.219195157715635 ], [ -44.988078586347704, -21.219195157715639 ], [ -44.988078586347704, -21.219464652300864 ], [ -44.988617575518177, -21.219464652300868 ] ] ] } },
{ "type": "Feature", "properties": { "id_feicao": "fogo_2025_487", "ano": 2025.0, "mes": 9, "codigo_original": 41, "classe": "Outras Lavouras Temporárias", "cor": "#f54ca9", "area_ha": 0.16683264540396631 }, "geometry": { "type": "Polygon", "coordinates": [ [ [ -44.988617575518177, -21.219195157715635 ], [ -44.988887070103416, -21.219195157715635 ], [ -44.988887070103416, -21.218656168545152 ], [ -44.988617575518177, -21.218656168545159 ], [ -44.988617575518177, -21.219195157715635 ] ] ] } },
{ "type": "Feature", "properties": { "id_feicao": "fogo_2025_488", "ano": 2025.0, "mes": 9, "codigo_original": 41, "classe": "Outras Lavouras Temporárias", "cor": "#f54ca9", "area_ha": 0.083418926169630134 }, "geometry": { "type": "Polygon", "coordinates": [ [ [ -44.988617575518177, -21.214344255181377 ], [ -44.988887070103416, -21.214344255181388 ], [ -44.988887070103416, -21.214074760596137 ], [ -44.988617575518177, -21.214074760596151 ], [ -44.988617575518177, -21.214344255181377 ] ] ] } },
{ "type": "Feature", "properties": { "id_feicao": "fogo_2025_489", "ano": 2025.0, "mes": 9, "codigo_original": 41, "classe": "Outras Lavouras Temporárias", "cor": "#f54ca9", "area_ha": 0.16683815025771037 }, "geometry": { "type": "Polygon", "coordinates": [ [ [ -44.988078586347704, -21.214074760596148 ], [ -44.988617575518177, -21.214074760596151 ], [ -44.988617575518177, -21.213805266010905 ], [ -44.988078586347704, -21.213805266010912 ], [ -44.988078586347704, -21.214074760596148 ] ] ] } },
{ "type": "Feature", "properties": { "id_feicao": "fogo_2025_490", "ano": 2025.0, "mes": 9, "codigo_original": 41, "classe": "Outras Lavouras Temporárias", "cor": "#f54ca9", "area_ha": 0.083419372421121699 }, "geometry": { "type": "Polygon", "coordinates": [ [ [ -44.988887070103416, -21.213535771425672 ], [ -44.988887070103416, -21.213266276840432 ], [ -44.988617575518177, -21.213266276840443 ], [ -44.988617575518177, -21.213535771425672 ], [ -44.988887070103416, -21.213535771425672 ] ] ] } },
{ "type": "Feature", "properties": { "id_feicao": "fogo_2025_491", "ano": 2025.0, "mes": 9, "codigo_original": 41, "classe": "Outras Lavouras Temporárias", "cor": "#f54ca9", "area_ha": 0.083419521034431884 }, "geometry": { "type": "Polygon", "coordinates": [ [ [ -44.989156564688649, -21.213266276840439 ], [ -44.989156564688649, -21.212996782255207 ], [ -44.988887070103416, -21.212996782255207 ], [ -44.988887070103416, -21.213266276840432 ], [ -44.989156564688649, -21.213266276840439 ] ] ] } },
{ "type": "Feature", "properties": { "id_feicao": "fogo_2025_492", "ano": 2025.0, "mes": 9, "codigo_original": 41, "classe": "Outras Lavouras Temporárias", "cor": "#f54ca9", "area_ha": 0.58393694832026954 }, "geometry": { "type": "Polygon", "coordinates": [ [ [ -44.987809091762472, -21.213535771425676 ], [ -44.988078586347704, -21.213535771425679 ], [ -44.988078586347704, -21.213266276840447 ], [ -44.988617575518177, -21.213266276840443 ], [ -44.988617575518177, -21.212996782255203 ], [ -44.988078586347704, -21.212996782255207 ], [ -44.988078586347704, -21.212457793084734 ], [ -44.987809091762472, -21.212457793084731 ], [ -44.987809091762472, -21.212996782255207 ], [ -44.987539597177239, -21.212996782255207 ], [ -44.987539597177239, -21.213266276840447 ], [ -44.987809091762472, -21.213266276840443 ], [ -44.987809091762472, -21.213535771425676 ] ] ] } },
{ "type": "Feature", "properties": { "id_feicao": "fogo_2025_493", "ano": 2025.0, "mes": 9, "codigo_original": 41, "classe": "Outras Lavouras Temporárias", "cor": "#f54ca9", "area_ha": 0.16683948857234815 }, "geometry": { "type": "Polygon", "coordinates": [ [ [ -44.988887070103416, -21.212996782255207 ], [ -44.988887070103416, -21.212457793084727 ], [ -44.988617575518177, -21.212457793084731 ], [ -44.988617575518177, -21.212996782255203 ], [ -44.988887070103416, -21.212996782255207 ] ] ] } },
{ "type": "Feature", "properties": { "id_feicao": "fogo_2025_494", "ano": 2025.0, "mes": 9, "codigo_original": 41, "classe": "Outras Lavouras Temporárias", "cor": "#f54ca9", "area_ha": 0.083420562348276078 }, "geometry": { "type": "Polygon", "coordinates": [ [ [ -44.988887070103416, -21.21137981474379 ], [ -44.988887070103416, -21.211110320158554 ], [ -44.988617575518177, -21.21111032015855 ], [ -44.988617575518177, -21.21137981474379 ], [ -44.988887070103416, -21.21137981474379 ] ] ] } },
{ "type": "Feature", "properties": { "id_feicao": "fogo_2025_495", "ano": 2025.0, "mes": 9, "codigo_original": 41, "classe": "Outras Lavouras Temporárias", "cor": "#f54ca9", "area_ha": 0.50065066621247678 }, "geometry": { "type": "Polygon", "coordinates": [ [ [ -44.987270102591999, -21.172303099884584 ], [ -44.986731113421527, -21.172303099884594 ], [ -44.986731113421527, -21.173381078225539 ], [ -44.987000608006767, -21.173381078225539 ], [ -44.987000608006767, -21.172842089055067 ], [ -44.987270102591999, -21.172842089055063 ], [ -44.987270102591999, -21.172303099884584 ] ] ] } },
{ "type": "Feature", "properties": { "id_feicao": "fogo_2025_496", "ano": 2025.0, "mes": 9, "codigo_original": 41, "classe": "Outras Lavouras Temporárias", "cor": "#f54ca9", "area_ha": 0.083442407358511633 }, "geometry": { "type": "Polygon", "coordinates": [ [ [ -44.987270102591999, -21.171764110714115 ], [ -44.987270102591999, -21.171494616128886 ], [ -44.987000608006767, -21.171494616128886 ], [ -44.987000608006767, -21.171764110714118 ], [ -44.987270102591999, -21.171764110714115 ] ] ] } },
{ "type": "Feature", "properties": { "id_feicao": "fogo_2025_497", "ano": 2025.0, "mes": 9, "codigo_original": 41, "classe": "Outras Lavouras Temporárias", "cor": "#f54ca9", "area_ha": 0.083442555522957623 }, "geometry": { "type": "Polygon", "coordinates": [ [ [ -44.987809091762472, -21.171494616128882 ], [ -44.987809091762472, -21.171225121543646 ], [ -44.987539597177239, -21.171225121543639 ], [ -44.987539597177239, -21.171494616128886 ], [ -44.987809091762472, -21.171494616128882 ] ] ] } },
{ "type": "Feature", "properties": { "id_feicao": "fogo_2025_498", "ano": 2025.0, "mes": 10, "codigo_original": 3, "classe": "Formação Florestal", "cor": "#1f8d49", "area_ha": 0.083355408994196342 }, "geometry": { "type": "Polygon", "coordinates": [ [ [ -45.029850247059265, -21.32887945390662 ], [ -45.029850247059265, -21.329148948491852 ], [ -45.030119741644498, -21.329148948491859 ], [ -45.030119741644498, -21.328879453906627 ], [ -45.029850247059265, -21.32887945390662 ] ] ] } },
{ "type": "Feature", "properties": { "id_feicao": "fogo_2025_499", "ano": 2025.0, "mes": 10, "codigo_original": 3, "classe": "Formação Florestal", "cor": "#1f8d49", "area_ha": 0.083356451590900771 }, "geometry": { "type": "Polygon", "coordinates": [ [ [ -45.026616312036438, -21.326992991809973 ], [ -45.026616312036438, -21.32726248639521 ], [ -45.026885806621671, -21.327262486395213 ], [ -45.026885806621671, -21.326992991809973 ], [ -45.026616312036438, -21.326992991809973 ] ] ] } },
{ "type": "Feature", "properties": { "id_feicao": "fogo_2025_500", "ano": 2025.0, "mes": 10, "codigo_original": 3, "classe": "Formação Florestal", "cor": "#1f8d49", "area_ha": 0.50056473656586609 }, "geometry": { "type": "Polygon", "coordinates": [ [ [ -45.13414465154554, -21.199791547578645 ], [ -45.13414465154554, -21.199522052993409 ], [ -45.13441414613078, -21.199522052993409 ], [ -45.13441414613078, -21.199252558408176 ], [ -45.133875156960308, -21.199252558408176 ], [ -45.133875156960308, -21.199522052993409 ], [ -45.133066673204596, -21.199522052993416 ], [ -45.133066673204596, -21.199791547578648 ], [ -45.13414465154554, -21.199791547578645 ] ] ] } },
{ "type": "Feature", "properties": { "id_feicao": "fogo_2025_501", "ano": 2025.0, "mes": 10, "codigo_original": 3, "classe": "Formação Florestal", "cor": "#1f8d49", "area_ha": 0.83427857484780255 }, "geometry": { "type": "Polygon", "coordinates": [ [ [ -45.13603111364219, -21.19898306382294 ], [ -45.13630060822743, -21.198983063822929 ], [ -45.13630060822743, -21.198713569237693 ], [ -45.135222629886485, -21.198713569237704 ], [ -45.135222629886485, -21.198983063822944 ], [ -45.13441414613078, -21.19898306382294 ], [ -45.13441414613078, -21.199252558408176 ], [ -45.13603111364219, -21.199252558408176 ], [ -45.13603111364219, -21.19898306382294 ] ] ] } },
{ "type": "Feature", "properties": { "id_feicao": "fogo_2025_502", "ano": 2025.0, "mes": 10, "codigo_original": 3, "classe": "Formação Florestal", "cor": "#1f8d49", "area_ha": 0.083428813645243641 }, "geometry": { "type": "Polygon", "coordinates": [ [ [ -45.129563243596529, -21.197096601726283 ], [ -45.129832738181769, -21.19709660172629 ], [ -45.129832738181769, -21.196827107141054 ], [ -45.129563243596529, -21.196827107141051 ], [ -45.129563243596529, -21.197096601726283 ] ] ] } },
{ "type": "Feature", "properties": { "id_feicao": "fogo_2025_503", "ano": 2025.0, "mes": 10, "codigo_original": 3, "classe": "Formação Florestal", "cor": "#1f8d49", "area_ha": 1.7520270324492908 }, "geometry": { "type": "Polygon", "coordinates": [ [ [ -45.146002413295918, -21.195210139629648 ], [ -45.146002413295918, -21.195479634214873 ], [ -45.146271907881157, -21.195479634214866 ], [ -45.146271907881157, -21.195749128800117 ], [ -45.147349886222102, -21.195749128800113 ], [ -45.147349886222102, -21.195479634214877 ], [ -45.147080391636862, -21.19547963421487 ], [ -45.147080391636862, -21.195210139629634 ], [ -45.14681089705163, -21.195210139629637 ], [ -45.14681089705163, -21.194940645044401 ], [ -45.147080391636862, -21.194940645044404 ], [ -45.147080391636862, -21.194671150459165 ], [ -45.145463424125445, -21.194671150459161 ], [ -45.145463424125445, -21.194401655873929 ], [ -45.145193929540213, -21.194401655873936 ], [ -45.145193929540213, -21.194940645044397 ], [ -45.145463424125445, -21.194940645044397 ], [ -45.145463424125445, -21.195210139629644 ], [ -45.146002413295918, -21.195210139629648 ] ] ] } },
{ "type": "Feature", "properties": { "id_feicao": "fogo_2025_504", "ano": 2025.0, "mes": 10, "codigo_original": 3, "classe": "Formação Florestal", "cor": "#1f8d49", "area_ha": 0.83430054017556199 }, "geometry": { "type": "Polygon", "coordinates": [ [ [ -45.147080391636862, -21.194940645044404 ], [ -45.147080391636862, -21.195210139629634 ], [ -45.147349886222102, -21.195210139629637 ], [ -45.147349886222102, -21.195479634214877 ], [ -45.147619380807335, -21.195479634214877 ], [ -45.147619380807335, -21.195210139629641 ], [ -45.148158369977807, -21.195210139629637 ], [ -45.148158369977807, -21.194401655873932 ], [ -45.147619380807335, -21.194401655873925 ], [ -45.147619380807335, -21.194671150459168 ], [ -45.147349886222102, -21.194671150459168 ], [ -45.147349886222102, -21.194940645044397 ], [ -45.147080391636862, -21.194940645044404 ] ] ] } },
{ "type": "Feature", "properties": { "id_feicao": "fogo_2025_505", "ano": 2025.0, "mes": 10, "codigo_original": 3, "classe": "Formação Florestal", "cor": "#1f8d49", "area_ha": 4.4218825720430637 }, "geometry": { "type": "Polygon", "coordinates": [ [ [ -45.128754759840824, -21.191167720851094 ], [ -45.128754759840824, -21.191437215436334 ], [ -45.128215770670352, -21.191437215436345 ], [ -45.128215770670352, -21.19170671002157 ], [ -45.127407286914654, -21.191706710021574 ], [ -45.127407286914654, -21.191437215436338 ], [ -45.127137792329407, -21.191437215436334 ], [ -45.127137792329407, -21.191976204606799 ], [ -45.127407286914654, -21.191976204606799 ], [ -45.127407286914654, -21.192245699192046 ], [ -45.128215770670352, -21.192245699192046 ], [ -45.128215770670352, -21.191976204606814 ], [ -45.129293749011296, -21.191976204606807 ], [ -45.129293749011296, -21.192245699192043 ], [ -45.129832738181769, -21.192245699192039 ], [ -45.129832738181769, -21.192515193777279 ], [ -45.130910716522713, -21.192515193777275 ], [ -45.130910716522713, -21.192245699192046 ], [ -45.131180211107946, -21.192245699192046 ], [ -45.131180211107946, -21.191976204606807 ], [ -45.130910716522713, -21.191976204606814 ], [ -45.130910716522713, -21.191706710021567 ], [ -45.130641221937474, -21.19170671002157 ], [ -45.130641221937474, -21.191437215436345 ], [ -45.130371727352241, -21.191437215436338 ], [ -45.130371727352241, -21.190628731680626 ], [ -45.129293749011296, -21.190628731680633 ], [ -45.129293749011296, -21.190898226265865 ], [ -45.129024254426071, -21.190898226265862 ], [ -45.129024254426071, -21.191167720851094 ], [ -45.128754759840824, -21.191167720851094 ] ] ] } },
{ "type": "Feature", "properties": { "id_feicao": "fogo_2025_506", "ano": 2025.0, "mes": 10, "codigo_original": 3, "classe": "Formação Florestal", "cor": "#1f8d49", "area_ha": 0.083431922334432598 }, "geometry": { "type": "Polygon", "coordinates": [ [ [ -45.127407286914654, -21.191437215436338 ], [ -45.127676781499879, -21.191437215436338 ], [ -45.127676781499879, -21.191167720851105 ], [ -45.127407286914654, -21.191167720851098 ], [ -45.127407286914654, -21.191437215436338 ] ] ] } },
{ "type": "Feature", "properties": { "id_feicao": "fogo_2025_507", "ano": 2025.0, "mes": 10, "codigo_original": 3, "classe": "Formação Florestal", "cor": "#1f8d49", "area_ha": 0.33372803388219324 }, "geometry": { "type": "Polygon", "coordinates": [ [ [ -45.132258189448891, -21.190898226265865 ], [ -45.131449705693186, -21.190898226265865 ], [ -45.131449705693186, -21.191437215436341 ], [ -45.131719200278418, -21.191437215436334 ], [ -45.131719200278418, -21.191167720851098 ], [ -45.132258189448891, -21.191167720851098 ], [ -45.132258189448891, -21.190898226265865 ] ] ] } },
{ "type": "Feature", "properties": { "id_feicao": "fogo_2025_508", "ano": 2025.0, "mes": 10, "codigo_original": 3, "classe": "Formação Florestal", "cor": "#1f8d49", "area_ha": 0.083432536856691428 }, "geometry": { "type": "Polygon", "coordinates": [ [ [ -45.130910716522713, -21.19008974251015 ], [ -45.130910716522713, -21.190359237095389 ], [ -45.131180211107946, -21.1903592370954 ], [ -45.131180211107946, -21.190089742510153 ], [ -45.130910716522713, -21.19008974251015 ] ] ] } },
{ "type": "Feature", "properties": { "id_feicao": "fogo_2025_509", "ano": 2025.0, "mes": 10, "codigo_original": 3, "classe": "Formação Florestal", "cor": "#1f8d49", "area_ha": 0.25006279483867716 }, "geometry": { "type": "Polygon", "coordinates": [ [ [ -45.001553315609506, -21.331035410588505 ], [ -45.001553315609506, -21.330765916003269 ], [ -45.001283821024266, -21.330765916003276 ], [ -45.001283821024266, -21.331304905173742 ], [ -45.001822810194739, -21.331304905173738 ], [ -45.001822810194739, -21.331035410588512 ], [ -45.001553315609506, -21.331035410588505 ] ] ] } },
{ "type": "Feature", "properties": { "id_feicao": "fogo_2025_510", "ano": 2025.0, "mes": 10, "codigo_original": 3, "classe": "Formação Florestal", "cor": "#1f8d49", "area_ha": 0.58348059629706583 }, "geometry": { "type": "Polygon", "coordinates": [ [ [ -45.00478725063234, -21.330765916003269 ], [ -45.00478725063234, -21.330496421418044 ], [ -45.003709272291395, -21.330496421418037 ], [ -45.003709272291395, -21.331035410588516 ], [ -45.004517756047093, -21.331035410588509 ], [ -45.004517756047093, -21.330765916003273 ], [ -45.00478725063234, -21.330765916003269 ] ] ] } },
{ "type": "Feature", "properties": { "id_feicao": "fogo_2025_511", "ano": 2025.0, "mes": 10, "codigo_original": 3, "classe": "Formação Florestal", "cor": "#1f8d49", "area_ha": 0.083354641417879613 }, "geometry": { "type": "Polygon", "coordinates": [ [ [ -45.000744831853794, -21.330496421418037 ], [ -45.001014326439034, -21.330496421418037 ], [ -45.001014326439034, -21.3302269268328 ], [ -45.000744831853794, -21.330226926832797 ], [ -45.000744831853794, -21.330496421418037 ] ] ] } },
{ "type": "Feature", "properties": { "id_feicao": "fogo_2025_512", "ano": 2025.0, "mes": 10, "codigo_original": 3, "classe": "Formação Florestal", "cor": "#1f8d49", "area_ha": 0.58348294264720757 }, "geometry": { "type": "Polygon", "coordinates": [ [ [ -45.00478725063234, -21.330496421418044 ], [ -45.005056745217566, -21.33049642141804 ], [ -45.005056745217566, -21.330765916003273 ], [ -45.005326239802812, -21.330765916003269 ], [ -45.005326239802812, -21.330496421418033 ], [ -45.005595734388038, -21.33049642141804 ], [ -45.005595734388038, -21.329687937662328 ], [ -45.005326239802812, -21.329687937662332 ], [ -45.005326239802812, -21.329957432247561 ], [ -45.005056745217566, -21.329957432247564 ], [ -45.005056745217566, -21.3302269268328 ], [ -45.00478725063234, -21.3302269268328 ], [ -45.00478725063234, -21.330496421418044 ] ] ] } },
{ "type": "Feature", "properties": { "id_feicao": "fogo_2025_513", "ano": 2025.0, "mes": 10, "codigo_original": 3, "classe": "Formação Florestal", "cor": "#1f8d49", "area_ha": 0.083355239558238245 }, "geometry": { "type": "Polygon", "coordinates": [ [ [ -45.000744831853794, -21.329148948491852 ], [ -45.000744831853794, -21.329418443077085 ], [ -45.001014326439034, -21.329418443077099 ], [ -45.001014326439034, -21.329148948491856 ], [ -45.000744831853794, -21.329148948491852 ] ] ] } },
{ "type": "Feature", "properties": { "id_feicao": "fogo_2025_514", "ano": 2025.0, "mes": 10, "codigo_original": 3, "classe": "Formação Florestal", "cor": "#1f8d49", "area_ha": 0.08335583809651434 }, "geometry": { "type": "Polygon", "coordinates": [ [ [ -44.995354940149078, -21.328340464736147 ], [ -44.99562443473431, -21.328340464736147 ], [ -44.99562443473431, -21.328070970150925 ], [ -44.995354940149078, -21.328070970150922 ], [ -44.995354940149078, -21.328340464736147 ] ] ] } },
{ "type": "Feature", "properties": { "id_feicao": "fogo_2025_515", "ano": 2025.0, "mes": 10, "codigo_original": 3, "classe": "Formação Florestal", "cor": "#1f8d49", "area_ha": 0.16671245399042964 }, "geometry": { "type": "Polygon", "coordinates": [ [ [ -45.026346817451198, -21.327801475565678 ], [ -45.026616312036438, -21.327801475565682 ], [ -45.026616312036438, -21.32726248639521 ], [ -45.026346817451198, -21.32726248639521 ], [ -45.026346817451198, -21.327801475565678 ] ] ] } },
{ "type": "Feature", "properties": { "id_feicao": "fogo_2025_516", "ano": 2025.0, "mes": 10, "codigo_original": 3, "classe": "Formação Florestal", "cor": "#1f8d49", "area_ha": 0.16671302249938877 }, "geometry": { "type": "Polygon", "coordinates": [ [ [ -44.994007467222893, -21.326723497224741 ], [ -44.994007467222893, -21.32726248639521 ], [ -44.994276961808133, -21.327262486395213 ], [ -44.994276961808133, -21.326723497224734 ], [ -44.994007467222893, -21.326723497224741 ] ] ] } },
{ "type": "Feature", "properties": { "id_feicao": "fogo_2025_517", "ano": 2025.0, "mes": 10, "codigo_original": 3, "classe": "Formação Florestal", "cor": "#1f8d49", "area_ha": 0.16671377389701084 }, "geometry": { "type": "Polygon", "coordinates": [ [ [ -45.010716131507522, -21.326454002639498 ], [ -45.011255120677994, -21.326454002639505 ], [ -45.011255120677994, -21.326184508054265 ], [ -45.010716131507522, -21.326184508054265 ], [ -45.010716131507522, -21.326454002639498 ] ] ] } },
{ "type": "Feature", "properties": { "id_feicao": "fogo_2025_518", "ano": 2025.0, "mes": 10, "codigo_original": 3, "classe": "Formação Florestal", "cor": "#1f8d49", "area_ha": 1.0002953089701012 }, "geometry": { "type": "Polygon", "coordinates": [ [ [ -45.020687431161249, -21.324837035128091 ], [ -45.021495914916954, -21.324837035128084 ], [ -45.021495914916954, -21.324567540542851 ], [ -45.022304398672659, -21.324567540542859 ], [ -45.022304398672659, -21.324028551372379 ], [ -45.021226420331715, -21.324028551372379 ], [ -45.021226420331715, -21.324298045957612 ], [ -45.020956925746482, -21.324298045957612 ], [ -45.020956925746482, -21.324567540542859 ], [ -45.020687431161249, -21.324567540542855 ], [ -45.020687431161249, -21.324837035128091 ] ] ] } },
{ "type": "Feature", "properties": { "id_feicao": "fogo_2025_519", "ano": 2025.0, "mes": 10, "codigo_original": 4, "classe": "Formação Savânica", "cor": "#7dc975", "area_ha": 2.4163440757216885 }, "geometry": { "type": "Polygon", "coordinates": [ [ [ -45.085635626203086, -21.388707251828979 ], [ -45.085366131617853, -21.388707251828979 ], [ -45.085366131617853, -21.388437757243743 ], [ -45.085096637032613, -21.388437757243743 ], [ -45.085096637032613, -21.389785230169931 ], [ -45.08671360454403, -21.389785230169924 ], [ -45.08671360454403, -21.38843775724375 ], [ -45.085635626203086, -21.388437757243739 ], [ -45.085635626203086, -21.388707251828979 ] ] ] } },
{ "type": "Feature", "properties": { "id_feicao": "fogo_2025_520", "ano": 2025.0, "mes": 10, "codigo_original": 4, "classe": "Formação Savânica", "cor": "#7dc975", "area_ha": 0.083383577553648502 }, "geometry": { "type": "Polygon", "coordinates": [ [ [ -45.070004940259409, -21.278483966467519 ], [ -45.070274434844642, -21.278483966467519 ], [ -45.070274434844642, -21.278214471882283 ], [ -45.070004940259409, -21.278214471882286 ], [ -45.070004940259409, -21.278483966467519 ] ] ] } },
{ "type": "Feature", "properties": { "id_feicao": "fogo_2025_521", "ano": 2025.0, "mes": 10, "codigo_original": 12, "classe": "Formação Campestre", "cor": "#d6bc74", "area_ha": 0.083322460429842662 }, "geometry": { "type": "Polygon", "coordinates": [ [ [ -45.085635626203086, -21.388707251828979 ], [ -45.085635626203086, -21.388437757243739 ], [ -45.085366131617853, -21.388437757243743 ], [ -45.085366131617853, -21.388707251828979 ], [ -45.085635626203086, -21.388707251828979 ] ] ] } },
{ "type": "Feature", "properties": { "id_feicao": "fogo_2025_522", "ano": 2025.0, "mes": 10, "codigo_original": 12, "classe": "Formação Campestre", "cor": "#d6bc74", "area_ha": 0.33329045169500116 }, "geometry": { "type": "Polygon", "coordinates": [ [ [ -45.08671360454403, -21.38843775724375 ], [ -45.08671360454403, -21.38816826265851 ], [ -45.085635626203086, -21.38816826265851 ], [ -45.085635626203086, -21.388437757243739 ], [ -45.08671360454403, -21.38843775724375 ] ] ] } },
{ "type": "Feature", "properties": { "id_feicao": "fogo_2025_523", "ano": 2025.0, "mes": 10, "codigo_original": 12, "classe": "Formação Campestre", "cor": "#d6bc74", "area_ha": 0.25006392532844418 }, "geometry": { "type": "Polygon", "coordinates": [ [ [ -45.004517756047093, -21.330496421418033 ], [ -45.004517756047093, -21.3302269268328 ], [ -45.003709272291395, -21.3302269268328 ], [ -45.003709272291395, -21.330496421418037 ], [ -45.004517756047093, -21.330496421418033 ] ] ] } },
{ "type": "Feature", "properties": { "id_feicao": "fogo_2025_524", "ano": 2025.0, "mes": 10, "codigo_original": 12, "classe": "Formação Campestre", "cor": "#d6bc74", "area_ha": 9.4223439787580823 }, "geometry": { "type": "Polygon", "coordinates": [ [ [ -45.068657467333232, -21.277136493541335 ], [ -45.068657467333232, -21.277405988126574 ], [ -45.068387972747992, -21.277405988126574 ], [ -45.068387972747992, -21.277944977297047 ], [ -45.068118478162759, -21.27794497729705 ], [ -45.068118478162759, -21.278214471882279 ], [ -45.06784898357752, -21.278214471882279 ], [ -45.06784898357752, -21.277944977297043 ], [ -45.067309994407047, -21.277944977297047 ], [ -45.067309994407047, -21.278483966467519 ], [ -45.065693026895637, -21.278483966467519 ], [ -45.065693026895637, -21.278753461052762 ], [ -45.06596252148087, -21.278753461052748 ], [ -45.06596252148087, -21.279022955637995 ], [ -45.065693026895637, -21.279022955637995 ], [ -45.065693026895637, -21.27956194480846 ], [ -45.06784898357752, -21.27956194480846 ], [ -45.06784898357752, -21.279831439393703 ], [ -45.069196456503697, -21.279831439393703 ], [ -45.069196456503697, -21.278753461052755 ], [ -45.070274434844642, -21.278753461052759 ], [ -45.070274434844642, -21.278483966467519 ], [ -45.070004940259409, -21.278483966467519 ], [ -45.070004940259409, -21.278214471882286 ], [ -45.070274434844642, -21.278214471882283 ], [ -45.070274434844642, -21.276866998956102 ], [ -45.070004940259409, -21.276866998956102 ], [ -45.070004940259409, -21.276597504370873 ], [ -45.068387972747992, -21.276597504370862 ], [ -45.068387972747992, -21.277136493541327 ], [ -45.068657467333232, -21.277136493541335 ] ] ] } },
{ "type": "Feature", "properties": { "id_feicao": "fogo_2025_525", "ano": 2025.0, "mes": 10, "codigo_original": 15, "classe": "Pastagem", "cor": "#edde8e", "area_ha": 0.083426179323811078 }, "geometry": { "type": "Polygon", "coordinates": [ [ [ -45.136570102812662, -21.201947504260538 ], [ -45.136839597397902, -21.201947504260531 ], [ -45.136839597397902, -21.201678009675295 ], [ -45.136570102812662, -21.201678009675298 ], [ -45.136570102812662, -21.201947504260538 ] ] ] } },
{ "type": "Feature", "properties": { "id_feicao": "fogo_2025_526", "ano": 2025.0, "mes": 10, "codigo_original": 15, "classe": "Pastagem", "cor": "#edde8e", "area_ha": 0.16685243370831013 }, "geometry": { "type": "Polygon", "coordinates": [ [ [ -45.130371727352241, -21.201947504260534 ], [ -45.130641221937474, -21.201947504260538 ], [ -45.130641221937474, -21.201408515090062 ], [ -45.130371727352241, -21.201408515090066 ], [ -45.130371727352241, -21.201947504260534 ] ] ] } },
{ "type": "Feature", "properties": { "id_feicao": "fogo_2025_527", "ano": 2025.0, "mes": 10, "codigo_original": 15, "classe": "Pastagem", "cor": "#edde8e", "area_ha": 0.083426553432177752 }, "geometry": { "type": "Polygon", "coordinates": [ [ [ -45.12417335189182, -21.201139020504826 ], [ -45.124442846477052, -21.201139020504826 ], [ -45.124442846477052, -21.20086952591959 ], [ -45.12417335189182, -21.200869525919593 ], [ -45.12417335189182, -21.201139020504826 ] ] ] } },
{ "type": "Feature", "properties": { "id_feicao": "fogo_2025_528", "ano": 2025.0, "mes": 10, "codigo_original": 15, "classe": "Pastagem", "cor": "#edde8e", "area_ha": 12.013442038028803 }, "geometry": { "type": "Polygon", "coordinates": [ [ [ -45.133875156960308, -21.200061042163892 ], [ -45.133875156960308, -21.200600031334353 ], [ -45.132797178619363, -21.200600031334361 ], [ -45.132797178619363, -21.201139020504833 ], [ -45.132527684034123, -21.201139020504826 ], [ -45.132527684034123, -21.201408515090069 ], [ -45.130910716522713, -21.201408515090062 ], [ -45.130910716522713, -21.201678009675295 ], [ -45.131449705693186, -21.201678009675295 ], [ -45.131449705693186, -21.202486493431007 ], [ -45.132797178619363, -21.202486493431003 ], [ -45.132797178619363, -21.202216998845774 ], [ -45.13441414613078, -21.202216998845774 ], [ -45.13441414613078, -21.202486493431007 ], [ -45.134683640716013, -21.202486493431007 ], [ -45.134683640716013, -21.20221699884577 ], [ -45.134953135301252, -21.20221699884577 ], [ -45.134953135301252, -21.201947504260538 ], [ -45.134683640716013, -21.201947504260538 ], [ -45.134683640716013, -21.201678009675298 ], [ -45.134953135301252, -21.201678009675291 ], [ -45.134953135301252, -21.201408515090062 ], [ -45.13441414613078, -21.201408515090066 ], [ -45.13441414613078, -21.200600031334353 ], [ -45.134683640716013, -21.200600031334361 ], [ -45.134683640716013, -21.200869525919597 ], [ -45.134953135301252, -21.20086952591959 ], [ -45.134953135301252, -21.201139020504829 ], [ -45.13603111364219, -21.201139020504829 ], [ -45.13603111364219, -21.201678009675298 ], [ -45.136570102812662, -21.201678009675298 ], [ -45.136570102812662, -21.201408515090062 ], [ -45.136839597397902, -21.201408515090066 ], [ -45.136839597397902, -21.20086952591959 ], [ -45.137109091983135, -21.20086952591959 ], [ -45.137109091983135, -21.200600031334361 ], [ -45.137378586568374, -21.200600031334353 ], [ -45.137378586568374, -21.200330536749124 ], [ -45.137648081153607, -21.200330536749117 ], [ -45.137648081153607, -21.200061042163888 ], [ -45.137917575738847, -21.200061042163881 ], [ -45.137917575738847, -21.199522052993412 ], [ -45.136570102812662, -21.199522052993416 ], [ -45.136570102812662, -21.199252558408176 ], [ -45.134953135301252, -21.199252558408176 ], [ -45.134953135301252, -21.199522052993409 ], [ -45.134683640716013, -21.199522052993412 ], [ -45.134683640716013, -21.199252558408173 ], [ -45.13441414613078, -21.199252558408176 ], [ -45.13441414613078, -21.200061042163885 ], [ -45.133875156960308, -21.200061042163892 ] ], [ [ -45.133066673204596, -21.2008695259196 ], [ -45.133336167789835, -21.200869525919597 ], [ -45.133336167789835, -21.201408515090062 ], [ -45.133066673204596, -21.201408515090062 ], [ -45.133066673204596, -21.2008695259196 ] ] ] } },
{ "type": "Feature", "properties": { "id_feicao": "fogo_2025_529", "ano": 2025.0, "mes": 10, "codigo_original": 15, "classe": "Pastagem", "cor": "#edde8e", "area_ha": 3.6708029775105033 }, "geometry": { "type": "Polygon", "coordinates": [ [ [ -45.123634362721347, -21.200061042163885 ], [ -45.123634362721347, -21.200600031334353 ], [ -45.124442846477052, -21.200600031334357 ], [ -45.124442846477052, -21.20086952591959 ], [ -45.124712341062292, -21.20086952591959 ], [ -45.124712341062292, -21.200330536749117 ], [ -45.124981835647525, -21.200330536749114 ], [ -45.124981835647525, -21.199252558408176 ], [ -45.124712341062292, -21.199252558408173 ], [ -45.124712341062292, -21.198983063822936 ], [ -45.12417335189182, -21.198983063822944 ], [ -45.12417335189182, -21.1987135692377 ], [ -45.123364868136107, -21.198713569237711 ], [ -45.123364868136107, -21.198444074652471 ], [ -45.123095373550875, -21.198444074652468 ], [ -45.123095373550875, -21.198174580067228 ], [ -45.122825878965635, -21.198174580067231 ], [ -45.122825878965635, -21.19925255840818 ], [ -45.123095373550875, -21.199252558408173 ], [ -45.123095373550875, -21.200330536749121 ], [ -45.123364868136107, -21.200330536749114 ], [ -45.123364868136107, -21.200061042163885 ], [ -45.123634362721347, -21.200061042163885 ] ], [ [ -45.123634362721347, -21.199522052993409 ], [ -45.124442846477052, -21.199522052993419 ], [ -45.124442846477052, -21.199791547578648 ], [ -45.123634362721347, -21.199791547578648 ], [ -45.123634362721347, -21.199522052993409 ] ] ] } },
{ "type": "Feature", "properties": { "id_feicao": "fogo_2025_530", "ano": 2025.0, "mes": 10, "codigo_original": 15, "classe": "Pastagem", "cor": "#edde8e", "area_ha": 0.083428660059254617 }, "geometry": { "type": "Polygon", "coordinates": [ [ [ -45.152470283341579, -21.197635590896756 ], [ -45.152739777926818, -21.197635590896766 ], [ -45.152739777926818, -21.197366096311534 ], [ -45.152470283341579, -21.197366096311516 ], [ -45.152470283341579, -21.197635590896756 ] ] ] } },
{ "type": "Feature", "properties": { "id_feicao": "fogo_2025_531", "ano": 2025.0, "mes": 10, "codigo_original": 15, "classe": "Pastagem", "cor": "#edde8e", "area_ha": 0.083428738171514125 }, "geometry": { "type": "Polygon", "coordinates": [ [ [ -45.141690499932146, -21.197366096311526 ], [ -45.141959994517379, -21.19736609631153 ], [ -45.141959994517379, -21.19709660172629 ], [ -45.141690499932146, -21.197096601726283 ], [ -45.141690499932146, -21.197366096311526 ] ] ] } },
{ "type": "Feature", "properties": { "id_feicao": "fogo_2025_532", "ano": 2025.0, "mes": 10, "codigo_original": 15, "classe": "Pastagem", "cor": "#edde8e", "area_ha": 14.600105672726311 }, "geometry": { "type": "Polygon", "coordinates": [ [ [ -45.150853315830162, -21.194940645044394 ], [ -45.150314326659696, -21.194940645044397 ], [ -45.150314326659696, -21.194671150459165 ], [ -45.148966853733512, -21.194671150459172 ], [ -45.148966853733512, -21.194940645044404 ], [ -45.148697359148279, -21.194940645044401 ], [ -45.148697359148279, -21.19547963421487 ], [ -45.148966853733512, -21.195479634214877 ], [ -45.148966853733512, -21.196288117970585 ], [ -45.149236348318752, -21.196288117970585 ], [ -45.149236348318752, -21.196827107141047 ], [ -45.149505842903984, -21.196827107141047 ], [ -45.149505842903984, -21.19736609631153 ], [ -45.148966853733512, -21.197366096311534 ], [ -45.148966853733512, -21.197635590896759 ], [ -45.149775337489224, -21.197635590896766 ], [ -45.149775337489224, -21.198713569237707 ], [ -45.150853315830162, -21.1987135692377 ], [ -45.150853315830162, -21.198444074652471 ], [ -45.151122810415401, -21.198444074652475 ], [ -45.151122810415401, -21.1987135692377 ], [ -45.151392305000634, -21.198713569237711 ], [ -45.151392305000634, -21.19898306382294 ], [ -45.152470283341579, -21.198983063822936 ], [ -45.152470283341579, -21.197635590896756 ], [ -45.151661799585874, -21.197635590896763 ], [ -45.151661799585874, -21.196827107141054 ], [ -45.152200788756346, -21.196827107141054 ], [ -45.152200788756346, -21.196557612555814 ], [ -45.152470283341579, -21.196557612555814 ], [ -45.152470283341579, -21.196288117970575 ], [ -45.153278767097291, -21.196288117970585 ], [ -45.153278767097291, -21.194940645044397 ], [ -45.152470283341579, -21.194940645044404 ], [ -45.152470283341579, -21.194671150459168 ], [ -45.151661799585874, -21.194671150459168 ], [ -45.151661799585874, -21.194940645044397 ], [ -45.151392305000634, -21.194940645044401 ], [ -45.151392305000634, -21.195479634214866 ], [ -45.151122810415401, -21.19547963421488 ], [ -45.151122810415401, -21.195210139629641 ], [ -45.150853315830162, -21.195210139629634 ], [ -45.150853315830162, -21.194940645044394 ] ], [ [ -45.151122810415401, -21.197366096311519 ], [ -45.151122810415401, -21.197905085481992 ], [ -45.150583821244929, -21.197905085481995 ], [ -45.150583821244929, -21.197366096311526 ], [ -45.151122810415401, -21.197366096311519 ] ] ] } },
{ "type": "Feature", "properties": { "id_feicao": "fogo_2025_533", "ano": 2025.0, "mes": 10, "codigo_original": 15, "classe": "Pastagem", "cor": "#edde8e", "area_ha": 2.5028668494490862 }, "geometry": { "type": "Polygon", "coordinates": [ [ [ -45.124442846477052, -21.196557612555811 ], [ -45.124442846477052, -21.197096601726283 ], [ -45.124712341062292, -21.197096601726283 ], [ -45.124712341062292, -21.197366096311526 ], [ -45.125251330232764, -21.197366096311526 ], [ -45.125251330232764, -21.197635590896766 ], [ -45.125520824817997, -21.197635590896763 ], [ -45.125520824817997, -21.197096601726283 ], [ -45.125790319403237, -21.197096601726294 ], [ -45.125790319403237, -21.196018623385342 ], [ -45.124712341062292, -21.196018623385346 ], [ -45.124712341062292, -21.196288117970575 ], [ -45.123634362721347, -21.196288117970575 ], [ -45.123634362721347, -21.197096601726283 ], [ -45.12417335189182, -21.19709660172629 ], [ -45.12417335189182, -21.196557612555811 ], [ -45.124442846477052, -21.196557612555811 ] ] ] } },
{ "type": "Feature", "properties": { "id_feicao": "fogo_2025_534", "ano": 2025.0, "mes": 10, "codigo_original": 15, "classe": "Pastagem", "cor": "#edde8e", "area_ha": 0.33371702004335818 }, "geometry": { "type": "Polygon", "coordinates": [ [ [ -45.141151510761674, -21.196827107141047 ], [ -45.141421005346913, -21.196827107141047 ], [ -45.141421005346913, -21.195749128800117 ], [ -45.141151510761674, -21.195749128800113 ], [ -45.141151510761674, -21.196827107141047 ] ] ] } },
{ "type": "Feature", "properties": { "id_feicao": "fogo_2025_535", "ano": 2025.0, "mes": 10, "codigo_original": 15, "classe": "Pastagem", "cor": "#edde8e", "area_ha": 14.099545078835799 }, "geometry": { "type": "Polygon", "coordinates": [ [ [ -45.144115951199268, -21.194940645044401 ], [ -45.144115951199268, -21.195210139629637 ], [ -45.14465494036974, -21.195210139629648 ], [ -45.14465494036974, -21.19547963421487 ], [ -45.144115951199268, -21.195479634214877 ], [ -45.144115951199268, -21.195749128800117 ], [ -45.144385445784508, -21.195749128800109 ], [ -45.144385445784508, -21.196018623385338 ], [ -45.143307467443563, -21.196018623385342 ], [ -45.143307467443563, -21.195749128800113 ], [ -45.143037972858323, -21.195749128800109 ], [ -45.143037972858323, -21.196018623385338 ], [ -45.142768478273091, -21.196018623385346 ], [ -45.142768478273091, -21.196288117970585 ], [ -45.142498983687851, -21.196288117970575 ], [ -45.142498983687851, -21.196557612555814 ], [ -45.142229489102618, -21.196557612555814 ], [ -45.142229489102618, -21.196827107141051 ], [ -45.141959994517379, -21.196827107141047 ], [ -45.141959994517379, -21.19709660172629 ], [ -45.142498983687851, -21.197096601726287 ], [ -45.142498983687851, -21.196827107141054 ], [ -45.143037972858323, -21.196827107141051 ], [ -45.143037972858323, -21.196557612555814 ], [ -45.143307467443563, -21.196557612555818 ], [ -45.143307467443563, -21.196827107141054 ], [ -45.143576962028796, -21.196827107141061 ], [ -45.143576962028796, -21.197366096311526 ], [ -45.14465494036974, -21.197366096311526 ], [ -45.14465494036974, -21.197096601726283 ], [ -45.144924434954973, -21.197096601726287 ], [ -45.144924434954973, -21.19736609631153 ], [ -45.145732918710685, -21.197366096311526 ], [ -45.145732918710685, -21.197905085481995 ], [ -45.146271907881157, -21.197905085482002 ], [ -45.146271907881157, -21.198174580067228 ], [ -45.147349886222102, -21.198174580067235 ], [ -45.147349886222102, -21.197905085481999 ], [ -45.147619380807335, -21.197905085481999 ], [ -45.147619380807335, -21.197635590896756 ], [ -45.14842786456304, -21.197635590896763 ], [ -45.14842786456304, -21.197366096311534 ], [ -45.148697359148279, -21.197366096311523 ], [ -45.148697359148279, -21.197096601726294 ], [ -45.14842786456304, -21.19709660172629 ], [ -45.14842786456304, -21.196827107141047 ], [ -45.148158369977807, -21.196827107141051 ], [ -45.148158369977807, -21.196288117970585 ], [ -45.14842786456304, -21.196288117970589 ], [ -45.14842786456304, -21.196018623385342 ], [ -45.147349886222102, -21.196018623385353 ], [ -45.147349886222102, -21.195749128800113 ], [ -45.14654140246639, -21.195749128800113 ], [ -45.14654140246639, -21.196018623385342 ], [ -45.14681089705163, -21.196018623385338 ], [ -45.14681089705163, -21.196288117970578 ], [ -45.14654140246639, -21.196288117970575 ], [ -45.14654140246639, -21.196557612555821 ], [ -45.146271907881157, -21.196557612555825 ], [ -45.146271907881157, -21.195479634214866 ], [ -45.146002413295918, -21.195479634214873 ], [ -45.146002413295918, -21.195210139629648 ], [ -45.145463424125445, -21.195210139629644 ], [ -45.145463424125445, -21.194940645044397 ], [ -45.145193929540213, -21.194940645044397 ], [ -45.145193929540213, -21.194401655873936 ], [ -45.144924434954973, -21.194401655873925 ], [ -45.144924434954973, -21.194132161288696 ], [ -45.14465494036974, -21.194132161288692 ], [ -45.14465494036974, -21.193862666703453 ], [ -45.143307467443563, -21.193862666703463 ], [ -45.143307467443563, -21.194132161288692 ], [ -45.143576962028796, -21.194132161288689 ], [ -45.143576962028796, -21.194401655873929 ], [ -45.143307467443563, -21.194401655873929 ], [ -45.143307467443563, -21.194940645044408 ], [ -45.144115951199268, -21.194940645044401 ] ], [ [ -45.144115951199268, -21.194671150459172 ], [ -45.144385445784508, -21.194671150459161 ], [ -45.144385445784508, -21.194940645044401 ], [ -45.144115951199268, -21.194940645044401 ], [ -45.144115951199268, -21.194671150459172 ] ], [ [ -45.144115951199268, -21.196557612555814 ], [ -45.144115951199268, -21.196288117970578 ], [ -45.144385445784508, -21.196288117970585 ], [ -45.144385445784508, -21.196557612555811 ], [ -45.144115951199268, -21.196557612555814 ] ], [ [ -45.145732918710685, -21.196288117970575 ], [ -45.145463424125445, -21.196288117970589 ], [ -45.145463424125445, -21.196018623385342 ], [ -45.145732918710685, -21.196018623385349 ], [ -45.145732918710685, -21.196288117970575 ] ] ] } },
{ "type": "Feature", "properties": { "id_feicao": "fogo_2025_536", "ano": 2025.0, "mes": 10, "codigo_original": 15, "classe": "Pastagem", "cor": "#edde8e", "area_ha": 0.08342948646619916 }, "geometry": { "type": "Polygon", "coordinates": [ [ [ -45.142498983687851, -21.196018623385338 ], [ -45.142768478273091, -21.196018623385346 ], [ -45.142768478273091, -21.195749128800109 ], [ -45.142498983687851, -21.195749128800113 ], [ -45.142498983687851, -21.196018623385338 ] ] ] } },
{ "type": "Feature", "properties": { "id_feicao": "fogo_2025_537", "ano": 2025.0, "mes": 10, "codigo_original": 15, "classe": "Pastagem", "cor": "#edde8e", "area_ha": 0.083429483058892404 }, "geometry": { "type": "Polygon", "coordinates": [ [ [ -45.142229489102618, -21.196018623385349 ], [ -45.142229489102618, -21.195749128800117 ], [ -45.141959994517379, -21.195749128800106 ], [ -45.141959994517379, -21.196018623385342 ], [ -45.142229489102618, -21.196018623385349 ] ] ] } },
{ "type": "Feature", "properties": { "id_feicao": "fogo_2025_538", "ano": 2025.0, "mes": 10, "codigo_original": 15, "classe": "Pastagem", "cor": "#edde8e", "area_ha": 0.50057891017950695 }, "geometry": { "type": "Polygon", "coordinates": [ [ [ -45.148158369977807, -21.195479634214877 ], [ -45.148158369977807, -21.195210139629637 ], [ -45.147619380807335, -21.195210139629641 ], [ -45.147619380807335, -21.195479634214877 ], [ -45.147349886222102, -21.195479634214877 ], [ -45.147349886222102, -21.195749128800113 ], [ -45.14842786456304, -21.195749128800113 ], [ -45.14842786456304, -21.195479634214877 ], [ -45.148158369977807, -21.195479634214877 ] ] ] } },
{ "type": "Feature", "properties": { "id_feicao": "fogo_2025_539", "ano": 2025.0, "mes": 10, "codigo_original": 15, "classe": "Pastagem", "cor": "#edde8e", "area_ha": 0.16685958289774136 }, "geometry": { "type": "Polygon", "coordinates": [ [ [ -45.143576962028796, -21.195479634214866 ], [ -45.144115951199268, -21.195479634214877 ], [ -45.144115951199268, -21.195210139629637 ], [ -45.143576962028796, -21.195210139629634 ], [ -45.143576962028796, -21.195479634214866 ] ] ] } },
{ "type": "Feature", "properties": { "id_feicao": "fogo_2025_540", "ano": 2025.0, "mes": 10, "codigo_original": 15, "classe": "Pastagem", "cor": "#edde8e", "area_ha": 0.083429968942143024 }, "geometry": { "type": "Polygon", "coordinates": [ [ [ -45.148158369977807, -21.195210139629637 ], [ -45.14842786456304, -21.195210139629641 ], [ -45.14842786456304, -21.194940645044394 ], [ -45.148158369977807, -21.194940645044394 ], [ -45.148158369977807, -21.195210139629637 ] ] ] } },
{ "type": "Feature", "properties": { "id_feicao": "fogo_2025_541", "ano": 2025.0, "mes": 10, "codigo_original": 15, "classe": "Pastagem", "cor": "#edde8e", "area_ha": 0.083430418371781709 }, "geometry": { "type": "Polygon", "coordinates": [ [ [ -45.148697359148279, -21.194401655873936 ], [ -45.148966853733512, -21.194401655873932 ], [ -45.148966853733512, -21.194132161288692 ], [ -45.148697359148279, -21.194132161288699 ], [ -45.148697359148279, -21.194401655873936 ] ] ] } },
{ "type": "Feature", "properties": { "id_feicao": "fogo_2025_542", "ano": 2025.0, "mes": 10, "codigo_original": 15, "classe": "Pastagem", "cor": "#edde8e", "area_ha": 85.015769309830105 }, "geometry": { "type": "Polygon", "coordinates": [ [ [ -45.125790319403237, -21.189550753339681 ], [ -45.125251330232764, -21.189550753339685 ], [ -45.125251330232764, -21.190628731680629 ], [ -45.125520824817997, -21.190628731680626 ], [ -45.125520824817997, -21.190898226265865 ], [ -45.125790319403237, -21.190898226265869 ], [ -45.125790319403237, -21.191167720851098 ], [ -45.126598803158934, -21.191167720851105 ], [ -45.126598803158934, -21.192515193777272 ], [ -45.126868297744181, -21.192515193777275 ], [ -45.126868297744181, -21.193054182947755 ], [ -45.126598803158934, -21.193054182947758 ], [ -45.126598803158934, -21.193593172118231 ], [ -45.126868297744181, -21.19359317211822 ], [ -45.126868297744181, -21.19386266670346 ], [ -45.127137792329407, -21.193862666703456 ], [ -45.127137792329407, -21.193593172118224 ], [ -45.127407286914654, -21.193593172118216 ], [ -45.127407286914654, -21.193323677532995 ], [ -45.127676781499879, -21.193323677532987 ], [ -45.127676781499879, -21.193054182947755 ], [ -45.128215770670352, -21.193054182947755 ], [ -45.128215770670352, -21.19359317211822 ], [ -45.128485265255598, -21.193593172118224 ], [ -45.128485265255598, -21.193862666703463 ], [ -45.128215770670352, -21.193862666703463 ], [ -45.128215770670352, -21.194132161288689 ], [ -45.126329308573709, -21.194132161288696 ], [ -45.126329308573709, -21.195749128800109 ], [ -45.127676781499879, -21.195749128800109 ], [ -45.127676781499879, -21.195479634214877 ], [ -45.128485265255598, -21.195479634214873 ], [ -45.128485265255598, -21.195749128800117 ], [ -45.128215770670352, -21.195749128800113 ], [ -45.128215770670352, -21.19709660172629 ], [ -45.129563243596529, -21.197096601726283 ], [ -45.129563243596529, -21.196827107141051 ], [ -45.129832738181769, -21.196827107141054 ], [ -45.129832738181769, -21.19709660172629 ], [ -45.131180211107946, -21.197096601726283 ], [ -45.131180211107946, -21.198983063822936 ], [ -45.132527684034123, -21.198983063822936 ], [ -45.132527684034123, -21.200061042163885 ], [ -45.133066673204596, -21.200061042163885 ], [ -45.133066673204596, -21.199522052993416 ], [ -45.133875156960308, -21.199522052993409 ], [ -45.133875156960308, -21.199252558408176 ], [ -45.13441414613078, -21.199252558408176 ], [ -45.13441414613078, -21.19898306382294 ], [ -45.13414465154554, -21.198983063822936 ], [ -45.13414465154554, -21.198713569237704 ], [ -45.133875156960308, -21.1987135692377 ], [ -45.133875156960308, -21.198444074652464 ], [ -45.134953135301252, -21.198444074652468 ], [ -45.134953135301252, -21.198713569237707 ], [ -45.134683640716013, -21.1987135692377 ], [ -45.134683640716013, -21.198983063822936 ], [ -45.135222629886485, -21.198983063822944 ], [ -45.135222629886485, -21.198713569237704 ], [ -45.13630060822743, -21.198713569237693 ], [ -45.13630060822743, -21.195210139629637 ], [ -45.137378586568374, -21.195210139629641 ], [ -45.137378586568374, -21.19359317211822 ], [ -45.135492124471725, -21.19359317211822 ], [ -45.135492124471725, -21.191167720851094 ], [ -45.133605662375068, -21.191167720851098 ], [ -45.133605662375068, -21.190898226265858 ], [ -45.133066673204596, -21.190898226265858 ], [ -45.133066673204596, -21.191167720851098 ], [ -45.132797178619363, -21.191167720851102 ], [ -45.132797178619363, -21.190898226265872 ], [ -45.132258189448891, -21.190898226265865 ], [ -45.132258189448891, -21.191167720851098 ], [ -45.131719200278418, -21.191167720851098 ], [ -45.131719200278418, -21.191976204606807 ], [ -45.131449705693186, -21.191976204606814 ], [ -45.131449705693186, -21.192245699192043 ], [ -45.130910716522713, -21.192245699192046 ], [ -45.130910716522713, -21.192515193777275 ], [ -45.129832738181769, -21.192515193777279 ], [ -45.129832738181769, -21.192245699192039 ], [ -45.129293749011296, -21.192245699192043 ], [ -45.129293749011296, -21.191976204606807 ], [ -45.129024254426071, -21.191976204606814 ], [ -45.129024254426071, -21.192515193777275 ], [ -45.128754759840824, -21.192515193777275 ], [ -45.128754759840824, -21.192245699192039 ], [ -45.127407286914654, -21.192245699192046 ], [ -45.127407286914654, -21.191976204606799 ], [ -45.127137792329407, -21.191976204606799 ], [ -45.127137792329407, -21.191167720851105 ], [ -45.127676781499879, -21.191167720851105 ], [ -45.127676781499879, -21.191437215436338 ], [ -45.127407286914654, -21.191437215436338 ], [ -45.127407286914654, -21.191706710021574 ], [ -45.128215770670352, -21.19170671002157 ], [ -45.128215770670352, -21.191437215436345 ], [ -45.128754759840824, -21.191437215436334 ], [ -45.128754759840824, -21.191167720851094 ], [ -45.129024254426071, -21.191167720851094 ], [ -45.129024254426071, -21.190898226265862 ], [ -45.129293749011296, -21.190898226265865 ], [ -45.129293749011296, -21.190628731680633 ], [ -45.130641221937474, -21.190628731680633 ], [ -45.130641221937474, -21.190359237095393 ], [ -45.130910716522713, -21.190359237095389 ], [ -45.130910716522713, -21.19008974251015 ], [ -45.131180211107946, -21.190089742510153 ], [ -45.131180211107946, -21.189550753339681 ], [ -45.131449705693186, -21.189550753339681 ], [ -45.131449705693186, -21.188472774998747 ], [ -45.131180211107946, -21.188472774998747 ], [ -45.131180211107946, -21.188203280413504 ], [ -45.130910716522713, -21.188203280413504 ], [ -45.130910716522713, -21.188472774998743 ], [ -45.130641221937474, -21.188472774998743 ], [ -45.130641221937474, -21.188203280413507 ], [ -45.130371727352241, -21.1882032804135 ], [ -45.130371727352241, -21.187933785828271 ], [ -45.130102232767001, -21.187933785828275 ], [ -45.130102232767001, -21.187664291243035 ], [ -45.129832738181769, -21.187664291243038 ], [ -45.129832738181769, -21.187933785828275 ], [ -45.129563243596529, -21.187933785828275 ], [ -45.129563243596529, -21.1882032804135 ], [ -45.129832738181769, -21.188203280413507 ], [ -45.129832738181769, -21.188742269583976 ], [ -45.129293749011296, -21.18874226958398 ], [ -45.129293749011296, -21.189011764169212 ], [ -45.129024254426071, -21.189011764169219 ], [ -45.129024254426071, -21.189281258754448 ], [ -45.128754759840824, -21.189281258754452 ], [ -45.128754759840824, -21.18874226958398 ], [ -45.128215770670352, -21.188742269583969 ], [ -45.128215770670352, -21.189011764169212 ], [ -45.127676781499879, -21.189011764169212 ], [ -45.127676781499879, -21.188742269583976 ], [ -45.127137792329407, -21.188742269583976 ], [ -45.127137792329407, -21.189011764169216 ], [ -45.126598803158934, -21.189011764169205 ], [ -45.126598803158934, -21.18847277499874 ], [ -45.126329308573709, -21.188472774998743 ], [ -45.126329308573709, -21.188203280413507 ], [ -45.126868297744181, -21.188203280413507 ], [ -45.126868297744181, -21.187664291243031 ], [ -45.127676781499879, -21.187664291243035 ], [ -45.127676781499879, -21.187394796657795 ], [ -45.128215770670352, -21.187394796657792 ], [ -45.128215770670352, -21.187125302072559 ], [ -45.128485265255598, -21.187125302072563 ], [ -45.128485265255598, -21.186586312902087 ], [ -45.128215770670352, -21.18658631290209 ], [ -45.128215770670352, -21.186316818316858 ], [ -45.126868297744181, -21.186316818316865 ], [ -45.126868297744181, -21.186586312902079 ], [ -45.126598803158934, -21.18658631290209 ], [ -45.126598803158934, -21.187125302072559 ], [ -45.126329308573709, -21.187125302072566 ], [ -45.126329308573709, -21.187664291243031 ], [ -45.125790319403237, -21.187664291243035 ], [ -45.125790319403237, -21.189550753339681 ] ], [ [ -45.133336167789835, -21.191167720851105 ], [ -45.133336167789835, -21.191437215436341 ], [ -45.133066673204596, -21.191437215436348 ], [ -45.133066673204596, -21.191167720851098 ], [ -45.133336167789835, -21.191167720851105 ] ], [ [ -45.130641221937474, -21.188742269583983 ], [ -45.130371727352241, -21.188742269583976 ], [ -45.130371727352241, -21.188472774998747 ], [ -45.130641221937474, -21.188472774998743 ], [ -45.130641221937474, -21.188742269583983 ] ], [ [ -45.128485265255598, -21.189011764169216 ], [ -45.128485265255598, -21.189281258754455 ], [ -45.128215770670352, -21.189281258754448 ], [ -45.128215770670352, -21.189011764169212 ], [ -45.128485265255598, -21.189011764169216 ] ], [ [ -45.126329308573709, -21.188742269583976 ], [ -45.126059813988469, -21.188742269583976 ], [ -45.126059813988469, -21.188472774998747 ], [ -45.126329308573709, -21.188472774998743 ], [ -45.126329308573709, -21.188742269583976 ] ], [ [ -45.13441414613078, -21.197096601726287 ], [ -45.13414465154554, -21.197096601726287 ], [ -45.13414465154554, -21.196827107141047 ], [ -45.13441414613078, -21.196827107141051 ], [ -45.13441414613078, -21.197096601726287 ] ], [ [ -45.131180211107946, -21.196557612555821 ], [ -45.131449705693186, -21.196557612555818 ], [ -45.131449705693186, -21.196827107141054 ], [ -45.131180211107946, -21.196827107141054 ], [ -45.131180211107946, -21.196557612555821 ] ], [ [ -45.130910716522713, -21.196557612555814 ], [ -45.130910716522713, -21.196288117970582 ], [ -45.131180211107946, -21.196288117970575 ], [ -45.131180211107946, -21.196557612555821 ], [ -45.130910716522713, -21.196557612555814 ] ], [ [ -45.130910716522713, -21.194940645044397 ], [ -45.130910716522713, -21.194671150459158 ], [ -45.131180211107946, -21.194671150459165 ], [ -45.131180211107946, -21.194940645044401 ], [ -45.131449705693186, -21.194940645044401 ], [ -45.131449705693186, -21.195210139629641 ], [ -45.130910716522713, -21.195210139629634 ], [ -45.130910716522713, -21.19547963421487 ], [ -45.130641221937474, -21.195479634214866 ], [ -45.130641221937474, -21.194940645044401 ], [ -45.130910716522713, -21.194940645044397 ] ], [ [ -45.131180211107946, -21.194132161288689 ], [ -45.130910716522713, -21.194132161288689 ], [ -45.130910716522713, -21.193593172118216 ], [ -45.131180211107946, -21.193593172118227 ], [ -45.131180211107946, -21.193323677532991 ], [ -45.131719200278418, -21.193323677532987 ], [ -45.131719200278418, -21.19359317211822 ], [ -45.131449705693186, -21.19359317211822 ], [ -45.131449705693186, -21.194671150459165 ], [ -45.131180211107946, -21.194671150459165 ], [ -45.131180211107946, -21.194132161288689 ] ], [ [ -45.127676781499879, -21.194671150459165 ], [ -45.127676781499879, -21.194940645044397 ], [ -45.127407286914654, -21.194940645044401 ], [ -45.127407286914654, -21.194671150459172 ], [ -45.127676781499879, -21.194671150459165 ] ], [ [ -45.128485265255598, -21.194671150459161 ], [ -45.128485265255598, -21.194132161288699 ], [ -45.129293749011296, -21.194132161288699 ], [ -45.129293749011296, -21.194401655873925 ], [ -45.128754759840824, -21.194401655873929 ], [ -45.128754759840824, -21.194671150459168 ], [ -45.128485265255598, -21.194671150459161 ] ], [ [ -45.127676781499879, -21.192515193777275 ], [ -45.127676781499879, -21.192784688362512 ], [ -45.127137792329407, -21.192784688362508 ], [ -45.127137792329407, -21.192515193777279 ], [ -45.127676781499879, -21.192515193777275 ] ], [ [ -45.129563243596529, -21.189550753339688 ], [ -45.129563243596529, -21.189820247924928 ], [ -45.129293749011296, -21.189820247924921 ], [ -45.129293749011296, -21.189550753339685 ], [ -45.129563243596529, -21.189550753339688 ] ] ] } },
{ "type": "Feature", "properties": { "id_feicao": "fogo_2025_543", "ano": 2025.0, "mes": 10, "codigo_original": 15, "classe": "Pastagem", "cor": "#edde8e", "area_ha": 0.50060180052985315 }, "geometry": { "type": "Polygon", "coordinates": [ [ [ -45.128215770670352, -21.1882032804135 ], [ -45.128215770670352, -21.187933785828278 ], [ -45.127407286914654, -21.187933785828267 ], [ -45.127407286914654, -21.1882032804135 ], [ -45.127676781499879, -21.188203280413507 ], [ -45.127676781499879, -21.18847277499875 ], [ -45.128485265255598, -21.188472774998733 ], [ -45.128485265255598, -21.188203280413507 ], [ -45.128215770670352, -21.1882032804135 ] ] ] } },
{ "type": "Feature", "properties": { "id_feicao": "fogo_2025_544", "ano": 2025.0, "mes": 10, "codigo_original": 15, "classe": "Pastagem", "cor": "#edde8e", "area_ha": 0.083357643234543505 }, "geometry": { "type": "Polygon", "coordinates": [ [ [ -45.022573893257899, -21.32510652971332 ], [ -45.022843387843132, -21.32510652971332 ], [ -45.022843387843132, -21.324837035128084 ], [ -45.022573893257899, -21.324837035128095 ], [ -45.022573893257899, -21.32510652971332 ] ] ] } },
{ "type": "Feature", "properties": { "id_feicao": "fogo_2025_545", "ano": 2025.0, "mes": 10, "codigo_original": 15, "classe": "Pastagem", "cor": "#edde8e", "area_ha": 0.58357105363942685 }, "geometry": { "type": "Polygon", "coordinates": [ [ [ -44.999936348098089, -21.307050392502525 ], [ -44.999397358927617, -21.307050392502511 ], [ -44.999397358927617, -21.307858876258223 ], [ -44.999666853512849, -21.307858876258226 ], [ -44.999666853512849, -21.308128370843455 ], [ -44.999936348098089, -21.308128370843463 ], [ -44.999936348098089, -21.307050392502525 ] ] ] } },
{ "type": "Feature", "properties": { "id_feicao": "fogo_2025_546", "ano": 2025.0, "mes": 10, "codigo_original": 15, "classe": "Pastagem", "cor": "#edde8e", "area_ha": 0.16673499004766346 }, "geometry": { "type": "Polygon", "coordinates": [ [ [ -44.998319380586672, -21.307319887087754 ], [ -44.998858369757144, -21.307319887087758 ], [ -44.998858369757144, -21.307050392502518 ], [ -44.998319380586672, -21.307050392502518 ], [ -44.998319380586672, -21.307319887087754 ] ] ] } },
{ "type": "Feature", "properties": { "id_feicao": "fogo_2025_547", "ano": 2025.0, "mes": 10, "codigo_original": 15, "classe": "Pastagem", "cor": "#edde8e", "area_ha": 0.1667565979522653 }, "geometry": { "type": "Polygon", "coordinates": [ [ [ -45.048714868025776, -21.287916276950771 ], [ -45.049253857196248, -21.287916276950767 ], [ -45.049253857196248, -21.287646782365535 ], [ -45.048714868025776, -21.287646782365535 ], [ -45.048714868025776, -21.287916276950771 ] ] ] } },
{ "type": "Feature", "properties": { "id_feicao": "fogo_2025_548", "ano": 2025.0, "mes": 10, "codigo_original": 15, "classe": "Pastagem", "cor": "#edde8e", "area_ha": 0.16675748881110922 }, "geometry": { "type": "Polygon", "coordinates": [ [ [ -45.047636889684831, -21.287107793195062 ], [ -45.048175878855304, -21.287107793195055 ], [ -45.048175878855304, -21.286838298609823 ], [ -45.047636889684831, -21.286838298609823 ], [ -45.047636889684831, -21.287107793195062 ] ] ] } },
{ "type": "Feature", "properties": { "id_feicao": "fogo_2025_549", "ano": 2025.0, "mes": 10, "codigo_original": 15, "classe": "Pastagem", "cor": "#edde8e", "area_ha": 0.416894303387776 }, "geometry": { "type": "Polygon", "coordinates": [ [ [ -45.048984362611016, -21.287107793195066 ], [ -45.049792846366721, -21.287107793195059 ], [ -45.049792846366721, -21.286568804024594 ], [ -45.049523351781488, -21.28656880402459 ], [ -45.049523351781488, -21.286838298609823 ], [ -45.049253857196248, -21.286838298609819 ], [ -45.049253857196248, -21.286568804024594 ], [ -45.048984362611016, -21.286568804024597 ], [ -45.048984362611016, -21.287107793195066 ] ] ] } },
{ "type": "Feature", "properties": { "id_feicao": "fogo_2025_550", "ano": 2025.0, "mes": 10, "codigo_original": 15, "classe": "Pastagem", "cor": "#edde8e", "area_ha": 0.083379046091064807 }, "geometry": { "type": "Polygon", "coordinates": [ [ [ -45.049253857196248, -21.286568804024594 ], [ -45.049523351781488, -21.28656880402459 ], [ -45.049523351781488, -21.286299309439354 ], [ -45.049253857196248, -21.286299309439361 ], [ -45.049253857196248, -21.286568804024594 ] ] ] } },
{ "type": "Feature", "properties": { "id_feicao": "fogo_2025_551", "ano": 2025.0, "mes": 10, "codigo_original": 15, "classe": "Pastagem", "cor": "#edde8e", "area_ha": 0.58365382468562055 }, "geometry": { "type": "Polygon", "coordinates": [ [ [ -45.048714868025776, -21.286299309439347 ], [ -45.048714868025776, -21.286029814854118 ], [ -45.048445373440543, -21.286029814854121 ], [ -45.048445373440543, -21.285760320268892 ], [ -45.048175878855304, -21.285760320268878 ], [ -45.048175878855304, -21.286838298609823 ], [ -45.048445373440543, -21.28683829860983 ], [ -45.048445373440543, -21.286568804024601 ], [ -45.048984362611016, -21.286568804024597 ], [ -45.048984362611016, -21.286299309439364 ], [ -45.048714868025776, -21.286299309439347 ] ] ] } },
{ "type": "Feature", "properties": { "id_feicao": "fogo_2025_552", "ano": 2025.0, "mes": 10, "codigo_original": 15, "classe": "Pastagem", "cor": "#edde8e", "area_ha": 0.16675823218551508 }, "geometry": { "type": "Polygon", "coordinates": [ [ [ -45.047367395099599, -21.286568804024594 ], [ -45.047367395099599, -21.286029814854121 ], [ -45.047097900514359, -21.286029814854118 ], [ -45.047097900514359, -21.286568804024597 ], [ -45.047367395099599, -21.286568804024594 ] ] ] } },
{ "type": "Feature", "properties": { "id_feicao": "fogo_2025_553", "ano": 2025.0, "mes": 10, "codigo_original": 15, "classe": "Pastagem", "cor": "#edde8e", "area_ha": 0.083383266171254217 }, "geometry": { "type": "Polygon", "coordinates": [ [ [ -45.065693026895637, -21.279022955637995 ], [ -45.06596252148087, -21.279022955637995 ], [ -45.06596252148087, -21.278753461052748 ], [ -45.065693026895637, -21.278753461052762 ], [ -45.065693026895637, -21.279022955637995 ] ] ] } },
{ "type": "Feature", "properties": { "id_feicao": "fogo_2025_554", "ano": 2025.0, "mes": 10, "codigo_original": 15, "classe": "Pastagem", "cor": "#edde8e", "area_ha": 0.083384169322066007 }, "geometry": { "type": "Polygon", "coordinates": [ [ [ -45.068387972747992, -21.277405988126574 ], [ -45.068657467333232, -21.277405988126574 ], [ -45.068657467333232, -21.277136493541335 ], [ -45.068387972747992, -21.277136493541327 ], [ -45.068387972747992, -21.277405988126574 ] ] ] } },
{ "type": "Feature", "properties": { "id_feicao": "fogo_2025_555", "ano": 2025.0, "mes": 10, "codigo_original": 15, "classe": "Pastagem", "cor": "#edde8e", "area_ha": 0.083384288991708314 }, "geometry": { "type": "Polygon", "coordinates": [ [ [ -45.057877683923792, -21.277136493541331 ], [ -45.058147178509032, -21.277136493541338 ], [ -45.058147178509032, -21.276866998956102 ], [ -45.057877683923792, -21.276866998956102 ], [ -45.057877683923792, -21.277136493541331 ] ] ] } },
{ "type": "Feature", "properties": { "id_feicao": "fogo_2025_556", "ano": 2025.0, "mes": 10, "codigo_original": 15, "classe": "Pastagem", "cor": "#edde8e", "area_ha": 2.1680122128331352 }, "geometry": { "type": "Polygon", "coordinates": [ [ [ -45.057069200168087, -21.276597504370866 ], [ -45.057069200168087, -21.274711042274213 ], [ -45.056799705582854, -21.27471104227422 ], [ -45.056799705582854, -21.27444154768898 ], [ -45.056260716412382, -21.274441547688987 ], [ -45.056260716412382, -21.275250031444688 ], [ -45.055991221827142, -21.275250031444688 ], [ -45.055991221827142, -21.276328009785633 ], [ -45.056530210997614, -21.27632800978564 ], [ -45.056530210997614, -21.276597504370876 ], [ -45.057069200168087, -21.276597504370866 ] ] ] } },
{ "type": "Feature", "properties": { "id_feicao": "fogo_2025_557", "ano": 2025.0, "mes": 10, "codigo_original": 15, "classe": "Pastagem", "cor": "#edde8e", "area_ha": 0.75072799277177871 }, "geometry": { "type": "Polygon", "coordinates": [ [ [ -45.053296275974795, -21.222429092738459 ], [ -45.053296275974795, -21.223237576494167 ], [ -45.054374254315725, -21.223237576494164 ], [ -45.054374254315725, -21.222698587323691 ], [ -45.05356577056002, -21.222698587323698 ], [ -45.05356577056002, -21.222429092738455 ], [ -45.053296275974795, -21.222429092738459 ] ] ] } },
{ "type": "Feature", "properties": { "id_feicao": "fogo_2025_558", "ano": 2025.0, "mes": 10, "codigo_original": 15, "classe": "Pastagem", "cor": "#edde8e", "area_ha": 6.1727304842188957 }, "geometry": { "type": "Polygon", "coordinates": [ [ [ -45.05006234095196, -21.221890103567997 ], [ -45.051679308463378, -21.221890103567997 ], [ -45.051679308463378, -21.222159598153233 ], [ -45.052757286804322, -21.222159598153223 ], [ -45.052757286804322, -21.221081619812281 ], [ -45.05356577056002, -21.221081619812278 ], [ -45.05356577056002, -21.220812125227049 ], [ -45.053296275974795, -21.220812125227049 ], [ -45.053296275974795, -21.220273136056569 ], [ -45.053026781389548, -21.220273136056569 ], [ -45.053026781389548, -21.2197341468861 ], [ -45.052757286804322, -21.219734146886097 ], [ -45.052757286804322, -21.219464652300861 ], [ -45.051679308463378, -21.219464652300864 ], [ -45.051679308463378, -21.220542630641816 ], [ -45.051409813878131, -21.220542630641816 ], [ -45.051409813878131, -21.220812125227052 ], [ -45.05006234095196, -21.220812125227052 ], [ -45.05006234095196, -21.221890103567997 ] ] ] } },
{ "type": "Feature", "properties": { "id_feicao": "fogo_2025_559", "ano": 2025.0, "mes": 10, "codigo_original": 15, "classe": "Pastagem", "cor": "#edde8e", "area_ha": 0.083427139209210868 }, "geometry": { "type": "Polygon", "coordinates": [ [ [ -45.122556384380403, -21.200061042163878 ], [ -45.122825878965635, -21.200061042163881 ], [ -45.122825878965635, -21.199791547578648 ], [ -45.122556384380403, -21.199791547578645 ], [ -45.122556384380403, -21.200061042163878 ] ] ] } },
{ "type": "Feature", "properties": { "id_feicao": "fogo_2025_560", "ano": 2025.0, "mes": 10, "codigo_original": 15, "classe": "Pastagem", "cor": "#edde8e", "area_ha": 2.0856927508691325 }, "geometry": { "type": "Polygon", "coordinates": [ [ [ -45.122556384380403, -21.199252558408183 ], [ -45.12201739520993, -21.199252558408183 ], [ -45.12201739520993, -21.198983063822933 ], [ -45.12174790062469, -21.19898306382294 ], [ -45.12174790062469, -21.198713569237704 ], [ -45.122286889795163, -21.198713569237704 ], [ -45.122286889795163, -21.198174580067239 ], [ -45.122556384380403, -21.198174580067228 ], [ -45.122556384380403, -21.197905085481995 ], [ -45.12201739520993, -21.197905085481995 ], [ -45.12201739520993, -21.198174580067231 ], [ -45.121208911454218, -21.198174580067235 ], [ -45.121208911454218, -21.199791547578652 ], [ -45.122556384380403, -21.199791547578645 ], [ -45.122556384380403, -21.199252558408183 ] ] ] } },
{ "type": "Feature", "properties": { "id_feicao": "fogo_2025_561", "ano": 2025.0, "mes": 10, "codigo_original": 15, "classe": "Pastagem", "cor": "#edde8e", "area_ha": 0.083440915330010829 }, "geometry": { "type": "Polygon", "coordinates": [ [ [ -45.115010535993797, -21.174998045736949 ], [ -45.115010535993797, -21.174728551151713 ], [ -45.114741041408557, -21.174728551151713 ], [ -45.114741041408557, -21.174998045736949 ], [ -45.115010535993797, -21.174998045736949 ] ] ] } },
{ "type": "Feature", "properties": { "id_feicao": "fogo_2025_562", "ano": 2025.0, "mes": 10, "codigo_original": 15, "classe": "Pastagem", "cor": "#edde8e", "area_ha": 0.083441065194833214 }, "geometry": { "type": "Polygon", "coordinates": [ [ [ -45.115280030579029, -21.174728551151716 ], [ -45.115280030579029, -21.174459056566473 ], [ -45.115010535993797, -21.174459056566473 ], [ -45.115010535993797, -21.174728551151713 ], [ -45.115280030579029, -21.174728551151716 ] ] ] } },
{ "type": "Feature", "properties": { "id_feicao": "fogo_2025_563", "ano": 2025.0, "mes": 10, "codigo_original": 21, "classe": "Mosaico de Usos", "cor": "#ffefc3", "area_ha": 0.58392206706571825 }, "geometry": { "type": "Polygon", "coordinates": [ [ [ -44.989426059273889, -21.216500211863266 ], [ -44.989426059273889, -21.216769706448506 ], [ -44.989156564688649, -21.216769706448503 ], [ -44.989156564688649, -21.217308695618978 ], [ -44.989695553859121, -21.217308695618971 ], [ -44.989695553859121, -21.217039201033742 ], [ -44.989965048444361, -21.217039201033735 ], [ -44.989965048444361, -21.216500211863277 ], [ -44.989426059273889, -21.216500211863266 ] ] ] } },
{ "type": "Feature", "properties": { "id_feicao": "fogo_2025_564", "ano": 2025.0, "mes": 10, "codigo_original": 41, "classe": "Outras Lavouras Temporárias", "cor": "#f54ca9", "area_ha": 4.1685542148576511 }, "geometry": { "type": "Polygon", "coordinates": [ [ [ -45.041708008809643, -21.300313027871621 ], [ -45.041708008809643, -21.300582522456853 ], [ -45.04143851422441, -21.300582522456857 ], [ -45.04143851422441, -21.301660500797801 ], [ -45.041977503394882, -21.301660500797801 ], [ -45.041977503394882, -21.301929995383034 ], [ -45.042785987150587, -21.301929995383038 ], [ -45.042785987150587, -21.301660500797798 ], [ -45.04332497632106, -21.301660500797801 ], [ -45.04332497632106, -21.300043533286384 ], [ -45.04305548173582, -21.300043533286388 ], [ -45.04305548173582, -21.299504544115909 ], [ -45.041977503394882, -21.299504544115919 ], [ -45.041977503394882, -21.300313027871631 ], [ -45.041708008809643, -21.300313027871621 ] ] ] } },
{ "type": "Feature", "properties": { "id_feicao": "fogo_2025_565", "ano": 2025.0, "mes": 10, "codigo_original": 41, "classe": "Outras Lavouras Temporárias", "cor": "#f54ca9", "area_ha": 3.0029335647955535 }, "geometry": { "type": "Polygon", "coordinates": [ [ [ -45.052757286804322, -21.222429092738459 ], [ -45.05356577056002, -21.222429092738455 ], [ -45.05356577056002, -21.222698587323698 ], [ -45.054374254315725, -21.222698587323691 ], [ -45.054374254315725, -21.220812125227045 ], [ -45.05356577056002, -21.220812125227049 ], [ -45.05356577056002, -21.221081619812278 ], [ -45.052757286804322, -21.221081619812281 ], [ -45.052757286804322, -21.222429092738459 ] ] ] } },
{ "type": "Feature", "properties": { "id_feicao": "fogo_2025_566", "ano": 2025.0, "mes": 10, "codigo_original": 41, "classe": "Outras Lavouras Temporárias", "cor": "#f54ca9", "area_ha": 2.0019826518006623 }, "geometry": { "type": "Polygon", "coordinates": [ [ [ -45.056799705582854, -21.218925663130392 ], [ -45.055721727241909, -21.218925663130392 ], [ -45.055721727241909, -21.220542630641805 ], [ -45.056799705582854, -21.220542630641816 ], [ -45.056799705582854, -21.218925663130392 ] ] ] } },
{ "type": "Feature", "properties": { "id_feicao": "fogo_2025_567", "ano": 2025.0, "mes": 10, "codigo_original": 41, "classe": "Outras Lavouras Temporárias", "cor": "#f54ca9", "area_ha": 1.4182690127373714 }, "geometry": { "type": "Polygon", "coordinates": [ [ [ -45.12174790062469, -21.198713569237704 ], [ -45.12174790062469, -21.19898306382294 ], [ -45.12201739520993, -21.198983063822933 ], [ -45.12201739520993, -21.199252558408183 ], [ -45.122556384380403, -21.199252558408183 ], [ -45.122556384380403, -21.199791547578645 ], [ -45.122825878965635, -21.199791547578648 ], [ -45.122825878965635, -21.200330536749121 ], [ -45.123095373550875, -21.200330536749121 ], [ -45.123095373550875, -21.199252558408173 ], [ -45.122825878965635, -21.19925255840818 ], [ -45.122825878965635, -21.198174580067231 ], [ -45.122286889795163, -21.198174580067239 ], [ -45.122286889795163, -21.198713569237704 ], [ -45.12174790062469, -21.198713569237704 ] ] ] } },
{ "type": "Feature", "properties": { "id_feicao": "fogo_2025_568", "ano": 2025.0, "mes": 10, "codigo_original": 41, "classe": "Outras Lavouras Temporárias", "cor": "#f54ca9", "area_ha": 1.001141705816798 }, "geometry": { "type": "Polygon", "coordinates": [ [ [ -45.124712341062292, -21.197905085481988 ], [ -45.124442846477052, -21.197905085481999 ], [ -45.124442846477052, -21.198444074652475 ], [ -45.124712341062292, -21.198444074652464 ], [ -45.124712341062292, -21.198174580067239 ], [ -45.124981835647525, -21.198174580067224 ], [ -45.124981835647525, -21.197635590896756 ], [ -45.125251330232764, -21.197635590896766 ], [ -45.125251330232764, -21.197366096311526 ], [ -45.124712341062292, -21.197366096311526 ], [ -45.124712341062292, -21.197096601726283 ], [ -45.124442846477052, -21.197096601726283 ], [ -45.124442846477052, -21.196557612555811 ], [ -45.12417335189182, -21.196557612555811 ], [ -45.12417335189182, -21.197635590896756 ], [ -45.124712341062292, -21.197635590896759 ], [ -45.124712341062292, -21.197905085481988 ] ] ] } },
{ "type": "Feature", "properties": { "id_feicao": "fogo_2025_569", "ano": 2025.0, "mes": 10, "codigo_original": 41, "classe": "Outras Lavouras Temporárias", "cor": "#f54ca9", "area_ha": 0.08344270384078846 }, "geometry": { "type": "Polygon", "coordinates": [ [ [ -44.988078586347704, -21.170955626958417 ], [ -44.987809091762472, -21.170955626958417 ], [ -44.987809091762472, -21.171225121543646 ], [ -44.988078586347704, -21.17122512154365 ], [ -44.988078586347704, -21.170955626958417 ] ] ] } },
{ "type": "Feature", "properties": { "id_feicao": "fogo_2025_570", "ano": 2025.0, "mes": 11, "codigo_original": 3, "classe": "Formação Florestal", "cor": "#1f8d49", "area_ha": 0.083350768324732774 }, "geometry": { "type": "Polygon", "coordinates": [ [ [ -45.026616312036438, -21.33723378604893 ], [ -45.026346817451198, -21.33723378604893 ], [ -45.026346817451198, -21.337503280634174 ], [ -45.026616312036438, -21.337503280634174 ], [ -45.026616312036438, -21.33723378604893 ] ] ] } },
{ "type": "Feature", "properties": { "id_feicao": "fogo_2025_571", "ano": 2025.0, "mes": 11, "codigo_original": 3, "classe": "Formação Florestal", "cor": "#1f8d49", "area_ha": 0.083350918223696085 }, "geometry": { "type": "Polygon", "coordinates": [ [ [ -45.026616312036438, -21.336964291463701 ], [ -45.026616312036438, -21.33723378604893 ], [ -45.026885806621671, -21.337233786048934 ], [ -45.026885806621671, -21.336964291463694 ], [ -45.026616312036438, -21.336964291463701 ] ] ] } },
{ "type": "Feature", "properties": { "id_feicao": "fogo_2025_572", "ano": 2025.0, "mes": 11, "codigo_original": 3, "classe": "Formação Florestal", "cor": "#1f8d49", "area_ha": 0.083350917590023915 }, "geometry": { "type": "Polygon", "coordinates": [ [ [ -45.026077322865966, -21.336964291463698 ], [ -45.026077322865966, -21.337233786048927 ], [ -45.026346817451198, -21.33723378604893 ], [ -45.026346817451198, -21.336964291463698 ], [ -45.026077322865966, -21.336964291463698 ] ] ] } },
{ "type": "Feature", "properties": { "id_feicao": "fogo_2025_573", "ano": 2025.0, "mes": 11, "codigo_original": 3, "classe": "Formação Florestal", "cor": "#1f8d49", "area_ha": 0.083355403068717235 }, "geometry": { "type": "Polygon", "coordinates": [ [ [ -45.024999344525021, -21.32887945390662 ], [ -45.024999344525021, -21.329148948491859 ], [ -45.025268839110254, -21.329148948491852 ], [ -45.025268839110254, -21.328879453906616 ], [ -45.024999344525021, -21.32887945390662 ] ] ] } },
{ "type": "Feature", "properties": { "id_feicao": "fogo_2025_574", "ano": 2025.0, "mes": 11, "codigo_original": 3, "classe": "Formação Florestal", "cor": "#1f8d49", "area_ha": 0.5001338778791754 }, "geometry": { "type": "Polygon", "coordinates": [ [ [ -45.029311257888793, -21.32887945390662 ], [ -45.029311257888793, -21.329148948491852 ], [ -45.029580752474033, -21.329148948491856 ], [ -45.029580752474033, -21.328340464736147 ], [ -45.029850247059265, -21.328340464736154 ], [ -45.029850247059265, -21.328070970150918 ], [ -45.029311257888793, -21.328070970150918 ], [ -45.029311257888793, -21.32860995932139 ], [ -45.02904176330356, -21.328609959321383 ], [ -45.02904176330356, -21.328879453906616 ], [ -45.029311257888793, -21.32887945390662 ] ] ] } },
{ "type": "Feature", "properties": { "id_feicao": "fogo_2025_575", "ano": 2025.0, "mes": 11, "codigo_original": 3, "classe": "Formação Florestal", "cor": "#1f8d49", "area_ha": 0.083356302068521182 }, "geometry": { "type": "Polygon", "coordinates": [ [ [ -45.026616312036438, -21.32726248639521 ], [ -45.026616312036438, -21.327531980980442 ], [ -45.026885806621671, -21.327531980980446 ], [ -45.026885806621671, -21.327262486395213 ], [ -45.026616312036438, -21.32726248639521 ] ] ] } },
{ "type": "Feature", "properties": { "id_feicao": "fogo_2025_576", "ano": 2025.0, "mes": 11, "codigo_original": 3, "classe": "Formação Florestal", "cor": "#1f8d49", "area_ha": 0.2500702106371509 }, "geometry": { "type": "Polygon", "coordinates": [ [ [ -45.009368658581337, -21.326454002639505 ], [ -45.009368658581337, -21.326723497224734 ], [ -45.010177142337049, -21.326723497224744 ], [ -45.010177142337049, -21.326454002639505 ], [ -45.009368658581337, -21.326454002639505 ] ] ] } },
{ "type": "Feature", "properties": { "id_feicao": "fogo_2025_577", "ano": 2025.0, "mes": 11, "codigo_original": 3, "classe": "Formação Florestal", "cor": "#1f8d49", "area_ha": 0.08343011048996804 }, "geometry": { "type": "Polygon", "coordinates": [ [ [ -45.147080391636862, -21.194671150459165 ], [ -45.147080391636862, -21.194940645044404 ], [ -45.147349886222102, -21.194940645044397 ], [ -45.147349886222102, -21.194671150459168 ], [ -45.147080391636862, -21.194671150459165 ] ] ] } },
{ "type": "Feature", "properties": { "id_feicao": "fogo_2025_578", "ano": 2025.0, "mes": 11, "codigo_original": 3, "classe": "Formação Florestal", "cor": "#1f8d49", "area_ha": 0.083353594910900164 }, "geometry": { "type": "Polygon", "coordinates": [ [ [ -45.003709272291395, -21.332113388929447 ], [ -45.003709272291395, -21.332382883514686 ], [ -45.003978766876621, -21.332382883514683 ], [ -45.003978766876621, -21.332113388929454 ], [ -45.003709272291395, -21.332113388929447 ] ] ] } },
{ "type": "Feature", "properties": { "id_feicao": "fogo_2025_579", "ano": 2025.0, "mes": 11, "codigo_original": 3, "classe": "Formação Florestal", "cor": "#1f8d49", "area_ha": 0.083353744273505448 }, "geometry": { "type": "Polygon", "coordinates": [ [ [ -45.002361799365211, -21.331843894344217 ], [ -45.002361799365211, -21.33211338892945 ], [ -45.002631293950451, -21.33211338892945 ], [ -45.002631293950451, -21.331843894344217 ], [ -45.002361799365211, -21.331843894344217 ] ] ] } },
{ "type": "Feature", "properties": { "id_feicao": "fogo_2025_580", "ano": 2025.0, "mes": 11, "codigo_original": 3, "classe": "Formação Florestal", "cor": "#1f8d49", "area_ha": 0.08335389400967054 }, "geometry": { "type": "Polygon", "coordinates": [ [ [ -45.003709272291395, -21.331574399758978 ], [ -45.003709272291395, -21.331843894344207 ], [ -45.003978766876621, -21.331843894344217 ], [ -45.003978766876621, -21.331574399758981 ], [ -45.003709272291395, -21.331574399758978 ] ] ] } },
{ "type": "Feature", "properties": { "id_feicao": "fogo_2025_581", "ano": 2025.0, "mes": 11, "codigo_original": 3, "classe": "Formação Florestal", "cor": "#1f8d49", "area_ha": 0.083355988196712916 }, "geometry": { "type": "Polygon", "coordinates": [ [ [ -45.006673712728983, -21.327801475565682 ], [ -45.006673712728983, -21.328070970150911 ], [ -45.006943207314215, -21.328070970150915 ], [ -45.006943207314215, -21.327801475565686 ], [ -45.006673712728983, -21.327801475565682 ] ] ] } },
{ "type": "Feature", "properties": { "id_feicao": "fogo_2025_582", "ano": 2025.0, "mes": 11, "codigo_original": 3, "classe": "Formação Florestal", "cor": "#1f8d49", "area_ha": 0.083356885950562329 }, "geometry": { "type": "Polygon", "coordinates": [ [ [ -45.008560174825632, -21.326184508054261 ], [ -45.008560174825632, -21.326454002639498 ], [ -45.008829669410872, -21.326454002639505 ], [ -45.008829669410872, -21.326184508054261 ], [ -45.008560174825632, -21.326184508054261 ] ] ] } },
{ "type": "Feature", "properties": { "id_feicao": "fogo_2025_583", "ano": 2025.0, "mes": 11, "codigo_original": 3, "classe": "Formação Florestal", "cor": "#1f8d49", "area_ha": 0.25007065668461292 }, "geometry": { "type": "Polygon", "coordinates": [ [ [ -45.007212701899455, -21.326184508054265 ], [ -45.007212701899455, -21.326454002639505 ], [ -45.00802118565516, -21.326454002639501 ], [ -45.00802118565516, -21.326184508054261 ], [ -45.007212701899455, -21.326184508054265 ] ] ] } },
{ "type": "Feature", "properties": { "id_feicao": "fogo_2025_584", "ano": 2025.0, "mes": 11, "codigo_original": 3, "classe": "Formação Florestal", "cor": "#1f8d49", "area_ha": 0.16671407061230661 }, "geometry": { "type": "Polygon", "coordinates": [ [ [ -45.00802118565516, -21.325915013469029 ], [ -45.00802118565516, -21.326184508054261 ], [ -45.008560174825632, -21.326184508054261 ], [ -45.008560174825632, -21.325915013469025 ], [ -45.00802118565516, -21.325915013469029 ] ] ] } },
{ "type": "Feature", "properties": { "id_feicao": "fogo_2025_585", "ano": 2025.0, "mes": 11, "codigo_original": 15, "classe": "Pastagem", "cor": "#edde8e", "area_ha": 2.0840224519968711 }, "geometry": { "type": "Polygon", "coordinates": [ [ [ -45.147619380807335, -21.319986132593844 ], [ -45.147619380807335, -21.320525121764319 ], [ -45.14842786456304, -21.320525121764312 ], [ -45.14842786456304, -21.320794616349549 ], [ -45.148966853733512, -21.320794616349549 ], [ -45.148966853733512, -21.319716638008607 ], [ -45.148158369977807, -21.3197166380086 ], [ -45.148158369977807, -21.319447143423368 ], [ -45.147619380807335, -21.319447143423368 ], [ -45.147619380807335, -21.319177648838131 ], [ -45.147349886222102, -21.319177648838135 ], [ -45.147349886222102, -21.318908154252892 ], [ -45.147080391636862, -21.318908154252895 ], [ -45.147080391636862, -21.319716638008604 ], [ -45.147349886222102, -21.319716638008611 ], [ -45.147349886222102, -21.319986132593836 ], [ -45.147619380807335, -21.319986132593844 ] ] ] } },
{ "type": "Feature", "properties": { "id_feicao": "fogo_2025_586", "ano": 2025.0, "mes": 11, "codigo_original": 15, "classe": "Pastagem", "cor": "#edde8e", "area_ha": 0.083361397282934832 }, "geometry": { "type": "Polygon", "coordinates": [ [ [ -45.14654140246639, -21.318908154252895 ], [ -45.14654140246639, -21.319177648838128 ], [ -45.14681089705163, -21.319177648838131 ], [ -45.14681089705163, -21.318908154252895 ], [ -45.14654140246639, -21.318908154252895 ] ] ] } },
{ "type": "Feature", "properties": { "id_feicao": "fogo_2025_587", "ano": 2025.0, "mes": 11, "codigo_original": 15, "classe": "Pastagem", "cor": "#edde8e", "area_ha": 0.16672311641602083 }, "geometry": { "type": "Polygon", "coordinates": [ [ [ -45.148158369977807, -21.318638659667666 ], [ -45.148158369977807, -21.318908154252902 ], [ -45.148697359148279, -21.318908154252906 ], [ -45.148697359148279, -21.318638659667663 ], [ -45.148158369977807, -21.318638659667666 ] ] ] } },
{ "type": "Feature", "properties": { "id_feicao": "fogo_2025_588", "ano": 2025.0, "mes": 11, "codigo_original": 15, "classe": "Pastagem", "cor": "#edde8e", "area_ha": 0.50056680061931602 }, "geometry": { "type": "Polygon", "coordinates": [ [ [ -45.134683640716013, -21.198983063822936 ], [ -45.134683640716013, -21.1987135692377 ], [ -45.134953135301252, -21.198713569237707 ], [ -45.134953135301252, -21.198444074652468 ], [ -45.133875156960308, -21.198444074652464 ], [ -45.133875156960308, -21.1987135692377 ], [ -45.13414465154554, -21.198713569237704 ], [ -45.13414465154554, -21.198983063822936 ], [ -45.134683640716013, -21.198983063822936 ] ] ] } },
{ "type": "Feature", "properties": { "id_feicao": "fogo_2025_589", "ano": 2025.0, "mes": 11, "codigo_original": 15, "classe": "Pastagem", "cor": "#edde8e", "area_ha": 0.083428840517571365 }, "geometry": { "type": "Polygon", "coordinates": [ [ [ -45.13414465154554, -21.196827107141047 ], [ -45.13414465154554, -21.197096601726287 ], [ -45.13441414613078, -21.197096601726287 ], [ -45.13441414613078, -21.196827107141051 ], [ -45.13414465154554, -21.196827107141047 ] ] ] } },
{ "type": "Feature", "properties": { "id_feicao": "fogo_2025_590", "ano": 2025.0, "mes": 11, "codigo_original": 15, "classe": "Pastagem", "cor": "#edde8e", "area_ha": 0.16686176876725711 }, "geometry": { "type": "Polygon", "coordinates": [ [ [ -45.127676781499879, -21.193054182947755 ], [ -45.127676781499879, -21.193323677532987 ], [ -45.128215770670352, -21.193323677532991 ], [ -45.128215770670352, -21.193054182947755 ], [ -45.127676781499879, -21.193054182947755 ] ] ] } },
{ "type": "Feature", "properties": { "id_feicao": "fogo_2025_591", "ano": 2025.0, "mes": 11, "codigo_original": 15, "classe": "Pastagem", "cor": "#edde8e", "area_ha": 0.083433425250242096 }, "geometry": { "type": "Polygon", "coordinates": [ [ [ -45.130371727352241, -21.188472774998747 ], [ -45.130371727352241, -21.188742269583976 ], [ -45.130641221937474, -21.188742269583983 ], [ -45.130641221937474, -21.188472774998743 ], [ -45.130371727352241, -21.188472774998747 ] ] ] } },
{ "type": "Feature", "properties": { "id_feicao": "fogo_2025_592", "ano": 2025.0, "mes": 11, "codigo_original": 15, "classe": "Pastagem", "cor": "#edde8e", "area_ha": 0.50060190966775331 }, "geometry": { "type": "Polygon", "coordinates": [ [ [ -45.127407286914654, -21.1882032804135 ], [ -45.127407286914654, -21.187933785828267 ], [ -45.128215770670352, -21.187933785828278 ], [ -45.128215770670352, -21.187664291243031 ], [ -45.126868297744181, -21.187664291243031 ], [ -45.126868297744181, -21.187933785828267 ], [ -45.127137792329407, -21.187933785828271 ], [ -45.127137792329407, -21.188203280413507 ], [ -45.127407286914654, -21.1882032804135 ] ] ] } },
{ "type": "Feature", "properties": { "id_feicao": "fogo_2025_593", "ano": 2025.0, "mes": 11, "codigo_original": 15, "classe": "Pastagem", "cor": "#edde8e", "area_ha": 0.91777251330391263 }, "geometry": { "type": "Polygon", "coordinates": [ [ [ -45.130371727352241, -21.187933785828271 ], [ -45.130371727352241, -21.1882032804135 ], [ -45.130641221937474, -21.188203280413507 ], [ -45.130641221937474, -21.188472774998743 ], [ -45.130910716522713, -21.188472774998743 ], [ -45.130910716522713, -21.188203280413504 ], [ -45.131180211107946, -21.188203280413504 ], [ -45.131180211107946, -21.187933785828264 ], [ -45.130910716522713, -21.187933785828267 ], [ -45.130910716522713, -21.187664291243031 ], [ -45.130641221937474, -21.187664291243031 ], [ -45.130641221937474, -21.187394796657792 ], [ -45.130102232767001, -21.187394796657799 ], [ -45.130102232767001, -21.187125302072555 ], [ -45.129832738181769, -21.187125302072563 ], [ -45.129832738181769, -21.187664291243038 ], [ -45.130102232767001, -21.187664291243035 ], [ -45.130102232767001, -21.187933785828275 ], [ -45.130371727352241, -21.187933785828271 ] ] ] } },
{ "type": "Feature", "properties": { "id_feicao": "fogo_2025_594", "ano": 2025.0, "mes": 11, "codigo_original": 15, "classe": "Pastagem", "cor": "#edde8e", "area_ha": 0.083355706990086043 }, "geometry": { "type": "Polygon", "coordinates": [ [ [ -45.02904176330356, -21.328340464736151 ], [ -45.02904176330356, -21.328609959321383 ], [ -45.029311257888793, -21.32860995932139 ], [ -45.029311257888793, -21.328340464736147 ], [ -45.02904176330356, -21.328340464736151 ] ] ] } },
{ "type": "Feature", "properties": { "id_feicao": "fogo_2025_595", "ano": 2025.0, "mes": 11, "codigo_original": 15, "classe": "Pastagem", "cor": "#edde8e", "area_ha": 0.3334242693094065 }, "geometry": { "type": "Polygon", "coordinates": [ [ [ -45.02904176330356, -21.327801475565682 ], [ -45.02904176330356, -21.327531980980446 ], [ -45.028233279547848, -21.327531980980442 ], [ -45.028233279547848, -21.328070970150918 ], [ -45.028502774133088, -21.328070970150922 ], [ -45.028502774133088, -21.327801475565682 ], [ -45.02904176330356, -21.327801475565682 ] ] ] } },
{ "type": "Feature", "properties": { "id_feicao": "fogo_2025_596", "ano": 2025.0, "mes": 11, "codigo_original": 15, "classe": "Pastagem", "cor": "#edde8e", "area_ha": 0.083356303042774929 }, "geometry": { "type": "Polygon", "coordinates": [ [ [ -45.027424795792143, -21.327262486395213 ], [ -45.027424795792143, -21.327531980980442 ], [ -45.027694290377376, -21.327531980980442 ], [ -45.027694290377376, -21.32726248639521 ], [ -45.027424795792143, -21.327262486395213 ] ] ] } },
{ "type": "Feature", "properties": { "id_feicao": "fogo_2025_597", "ano": 2025.0, "mes": 11, "codigo_original": 15, "classe": "Pastagem", "cor": "#edde8e", "area_ha": 0.33367663725731039 }, "geometry": { "type": "Polygon", "coordinates": [ [ [ -45.002361799365211, -21.214074760596148 ], [ -45.002361799365211, -21.213535771425672 ], [ -45.002092304779978, -21.213535771425672 ], [ -45.002092304779978, -21.213805266010912 ], [ -45.001553315609506, -21.213805266010915 ], [ -45.001553315609506, -21.214074760596148 ], [ -45.002361799365211, -21.214074760596148 ] ] ] } },
{ "type": "Feature", "properties": { "id_feicao": "fogo_2025_598", "ano": 2025.0, "mes": 11, "codigo_original": 15, "classe": "Pastagem", "cor": "#edde8e", "area_ha": 0.33367718109321293 }, "geometry": { "type": "Polygon", "coordinates": [ [ [ -45.001014326439034, -21.21326627684045 ], [ -45.001014326439034, -21.213805266010908 ], [ -45.001553315609506, -21.213805266010915 ], [ -45.001553315609506, -21.213266276840443 ], [ -45.001014326439034, -21.21326627684045 ] ] ] } },
{ "type": "Feature", "properties": { "id_feicao": "fogo_2025_599", "ano": 2025.0, "mes": 11, "codigo_original": 15, "classe": "Pastagem", "cor": "#edde8e", "area_ha": 0.083419518443616142 }, "geometry": { "type": "Polygon", "coordinates": [ [ [ -45.001822810194739, -21.21299678225521 ], [ -45.001822810194739, -21.213266276840447 ], [ -45.002092304779978, -21.213266276840439 ], [ -45.002092304779978, -21.212996782255207 ], [ -45.001822810194739, -21.21299678225521 ] ] ] } },
{ "type": "Feature", "properties": { "id_feicao": "fogo_2025_600", "ano": 2025.0, "mes": 11, "codigo_original": 15, "classe": "Pastagem", "cor": "#edde8e", "area_ha": 0.41709858236992731 }, "geometry": { "type": "Polygon", "coordinates": [ [ [ -45.002092304779978, -21.212457793084738 ], [ -45.001283821024266, -21.212457793084731 ], [ -45.001283821024266, -21.212996782255207 ], [ -45.001822810194739, -21.21299678225521 ], [ -45.001822810194739, -21.212727287669967 ], [ -45.002092304779978, -21.212727287669964 ], [ -45.002092304779978, -21.212457793084738 ] ] ] } },
{ "type": "Feature", "properties": { "id_feicao": "fogo_2025_601", "ano": 2025.0, "mes": 11, "codigo_original": 15, "classe": "Pastagem", "cor": "#edde8e", "area_ha": 0.08343340065116063 }, "geometry": { "type": "Polygon", "coordinates": [ [ [ -45.126059813988469, -21.188742269583976 ], [ -45.126329308573709, -21.188742269583976 ], [ -45.126329308573709, -21.188472774998743 ], [ -45.126059813988469, -21.188472774998747 ], [ -45.126059813988469, -21.188742269583976 ] ] ] } },
{ "type": "Feature", "properties": { "id_feicao": "fogo_2025_602", "ano": 2025.0, "mes": 11, "codigo_original": 41, "classe": "Outras Lavouras Temporárias", "cor": "#f54ca9", "area_ha": 1.5849701731684851 }, "geometry": { "type": "Polygon", "coordinates": [ [ [ -45.002092304779978, -21.212727287669964 ], [ -45.001822810194739, -21.212727287669967 ], [ -45.001822810194739, -21.21299678225521 ], [ -45.001283821024266, -21.212996782255207 ], [ -45.001283821024266, -21.212457793084731 ], [ -45.001014326439034, -21.212457793084727 ], [ -45.001014326439034, -21.21326627684045 ], [ -45.001553315609506, -21.213266276840443 ], [ -45.001553315609506, -21.213805266010915 ], [ -45.002092304779978, -21.213805266010912 ], [ -45.002092304779978, -21.213535771425672 ], [ -45.002361799365211, -21.213535771425672 ], [ -45.002361799365211, -21.214074760596148 ], [ -45.002631293950451, -21.214074760596141 ], [ -45.002631293950451, -21.212727287669974 ], [ -45.002361799365211, -21.212727287669978 ], [ -45.002361799365211, -21.212457793084731 ], [ -45.002092304779978, -21.212457793084738 ], [ -45.002092304779978, -21.212727287669964 ] ], [ [ -45.002092304779978, -21.212996782255207 ], [ -45.002092304779978, -21.213266276840439 ], [ -45.001822810194739, -21.213266276840447 ], [ -45.001822810194739, -21.21299678225521 ], [ -45.002092304779978, -21.212996782255207 ] ] ] } }
]
}
