{
"type": "FeatureCollection",
"name": "recurrence_2021_2025",
"crs": { "type": "name", "properties": { "name": "urn:ogc:def:crs:OGC:1.3:CRS84" } },
"features": [
{ "type": "Feature", "properties": { "anos_com_queima": 1, "area_ha": 0.81389851376060396, "inicio": 2021.0, "fim": 2025.0, "tipo": "recurrence", "id_feicao": "recurrence_2021_2025_1" }, "geometry": { "type": "Polygon", "coordinates": [ [ [ -45.131449705693186, -21.348013569458377 ], [ -45.131142300111421, -21.34801356967025 ], [ -45.131145, -21.348035 ], [ -45.131164, -21.348288 ], [ -45.131194999999899, -21.348565 ], [ -45.13125, -21.348911 ], [ -45.131293, -21.349222999999892 ], [ -45.131312, -21.349488 ], [ -45.131351886912526, -21.349630537157459 ], [ -45.131719200278418, -21.349630536969784 ], [ -45.131719200278418, -21.348283064043603 ], [ -45.131449705693186, -21.348283064043603 ], [ -45.131449705693186, -21.348013569458377 ] ] ] } },
{ "type": "Feature", "properties": { "anos_com_queima": 1, "area_ha": 11.418104675169056, "inicio": 2021.0, "fim": 2025.0, "tipo": "recurrence", "id_feicao": "recurrence_2021_2025_2" }, "geometry": { "type": "Polygon", "coordinates": [ [ [ -45.133605662375068, -21.349361042384551 ], [ -45.133605662374762, -21.349281873851929 ], [ -45.133491, -21.349274 ], [ -45.133233, -21.349235 ], [ -45.133127, -21.349014 ], [ -45.133206, -21.348796999999891 ], [ -45.13332, -21.348591999999897 ], [ -45.133495, -21.348445 ], [ -45.13373, -21.348381 ], [ -45.133986999999898, -21.348443 ], [ -45.134186, -21.348319999999898 ], [ -45.134227, -21.34809 ], [ -45.134391, -21.347919999999899 ], [ -45.134414146121557, -21.347903414033524 ], [ -45.13441414613078, -21.347205085702658 ], [ -45.135222629886485, -21.347205085702669 ], [ -45.135222629886485, -21.346396601946957 ], [ -45.13630060822743, -21.346396601946953 ], [ -45.13630060822743, -21.345318623606008 ], [ -45.134953135301252, -21.345318623606012 ], [ -45.134953135301252, -21.345049129020776 ], [ -45.133875156960308, -21.345049129020776 ], [ -45.133875156960308, -21.345318623606005 ], [ -45.132527684034123, -21.345318623606005 ], [ -45.132527684034123, -21.346666096532186 ], [ -45.132258189448891, -21.346666096532186 ], [ -45.132258189448891, -21.348552558628842 ], [ -45.132527684034123, -21.348552558628835 ], [ -45.132527684034123, -21.349361042384547 ], [ -45.133605662375068, -21.349361042384551 ] ] ] } },
{ "type": "Feature", "properties": { "anos_com_queima": 1, "area_ha": 22.671006562167147, "inicio": 2021.0, "fim": 2025.0, "tipo": "recurrence", "id_feicao": "recurrence_2021_2025_3" }, "geometry": { "type": "Polygon", "coordinates": [ [ [ -45.112046095556202, -21.34100671024223 ], [ -45.112046095556202, -21.342084688583178 ], [ -45.114202052238092, -21.342084688583174 ], [ -45.114202052238092, -21.342354183168421 ], [ -45.115010535993797, -21.34235418316841 ], [ -45.115010535993797, -21.34262367775365 ], [ -45.115819019749502, -21.342623677753657 ], [ -45.115819019749502, -21.34289317233889 ], [ -45.117435987260919, -21.342893172338886 ], [ -45.117435987260919, -21.341815193997935 ], [ -45.117166492675686, -21.341815193997949 ], [ -45.117166492675686, -21.34127620482748 ], [ -45.116896998090446, -21.341276204827469 ], [ -45.116896998090446, -21.339928731901299 ], [ -45.116627503505214, -21.339928731901299 ], [ -45.116627503505214, -21.33938974273082 ], [ -45.116358008919974, -21.339389742730813 ], [ -45.116358008919974, -21.339120248145587 ], [ -45.116088514334741, -21.339120248145591 ], [ -45.116088514334741, -21.338850753560347 ], [ -45.115819019749502, -21.338850753560351 ], [ -45.115819019749502, -21.338581258975115 ], [ -45.115549525164269, -21.338581258975108 ], [ -45.115549525164269, -21.338311764389879 ], [ -45.115280030579029, -21.338311764389875 ], [ -45.115280030579029, -21.338042269804635 ], [ -45.115010535993797, -21.338042269804639 ], [ -45.115010535993797, -21.33777277521941 ], [ -45.113932557652852, -21.337772775219396 ], [ -45.113932557652852, -21.338311764389879 ], [ -45.11339356848238, -21.338311764389879 ], [ -45.11339356848238, -21.339389742730823 ], [ -45.111237611800497, -21.33938974273082 ], [ -45.111237611800497, -21.340737215656997 ], [ -45.111776600970963, -21.340737215657001 ], [ -45.111776600970963, -21.341006710242237 ], [ -45.112046095556202, -21.34100671024223 ] ] ] } },
{ "type": "Feature", "properties": { "anos_com_queima": 1, "area_ha": 0.42689592819976285, "inicio": 2021.0, "fim": 2025.0, "tipo": "recurrence", "id_feicao": "recurrence_2021_2025_4" }, "geometry": { "type": "Polygon", "coordinates": [ [ [ -45.167022990944318, -21.335347323952284 ], [ -45.167022990944318, -21.334808334781808 ], [ -45.166552130729229, -21.334808334877241 ], [ -45.166562, -21.334822 ], [ -45.166717999999896, -21.334986 ], [ -45.166750456899102, -21.33507782936945 ], [ -45.166753496359078, -21.335077829367044 ], [ -45.166753496358908, -21.335086428819171 ], [ -45.1668, -21.335217999999898 ], [ -45.166832, -21.33546 ], [ -45.166913, -21.335703 ], [ -45.167080999999897, -21.335879 ], [ -45.167292485526367, -21.335945545030636 ], [ -45.167292485529551, -21.335347323952277 ], [ -45.167022990944318, -21.335347323952284 ] ] ] } },
{ "type": "Feature", "properties": { "anos_com_queima": 1, "area_ha": 0.015044048943252255, "inicio": 2021.0, "fim": 2025.0, "tipo": "recurrence", "id_feicao": "recurrence_2021_2025_5" }, "geometry": { "type": "Polygon", "coordinates": [ [ [ -45.166309851509823, -21.334538840245965 ], [ -45.166419, -21.334624 ], [ -45.166484001773426, -21.33471400253762 ], [ -45.166484001773846, -21.334538840196572 ], [ -45.166309851509823, -21.334538840245965 ] ] ] } },
{ "type": "Feature", "properties": { "anos_com_queima": 1, "area_ha": 1.6670575809465813, "inicio": 2021.0, "fim": 2025.0, "tipo": "recurrence", "id_feicao": "recurrence_2021_2025_6" }, "geometry": { "type": "Polygon", "coordinates": [ [ [ -45.12174790062469, -21.333460861855635 ], [ -45.12174790062469, -21.334808334781812 ], [ -45.122825878965635, -21.334808334781812 ], [ -45.122825878965635, -21.333460861855638 ], [ -45.12174790062469, -21.333460861855635 ] ] ] } },
{ "type": "Feature", "properties": { "anos_com_queima": 1, "area_ha": 4.6677877009106137, "inicio": 2021.0, "fim": 2025.0, "tipo": "recurrence", "id_feicao": "recurrence_2021_2025_7" }, "geometry": { "type": "Polygon", "coordinates": [ [ [ -45.129563243596529, -21.333999851026107 ], [ -45.129563243596529, -21.332382883514683 ], [ -45.127946276085126, -21.332382883514697 ], [ -45.127946276085126, -21.332652378099919 ], [ -45.127137792329407, -21.332652378099922 ], [ -45.127137792329407, -21.333999851026107 ], [ -45.127946276085126, -21.333999851026103 ], [ -45.127946276085126, -21.334269345611336 ], [ -45.129293749011296, -21.334269345611336 ], [ -45.129293749011296, -21.3339998510261 ], [ -45.129563243596529, -21.333999851026107 ] ] ] } },
{ "type": "Feature", "properties": { "anos_com_queima": 1, "area_ha": 2.0005094299089716, "inicio": 2021.0, "fim": 2025.0, "tipo": "recurrence", "id_feicao": "recurrence_2021_2025_8" }, "geometry": { "type": "Polygon", "coordinates": [ [ [ -45.131719200278418, -21.33184389434421 ], [ -45.131719200278418, -21.331574399758978 ], [ -45.131988694863658, -21.331574399758978 ], [ -45.131988694863658, -21.330496421418044 ], [ -45.130641221937474, -21.330496421418033 ], [ -45.130641221937474, -21.33184389434421 ], [ -45.131719200278418, -21.33184389434421 ] ] ] } },
{ "type": "Feature", "properties": { "anos_com_queima": 1, "area_ha": 9.5859043553761811, "inicio": 2021.0, "fim": 2025.0, "tipo": "recurrence", "id_feicao": "recurrence_2021_2025_9" }, "geometry": { "type": "Polygon", "coordinates": [ [ [ -45.151931294171106, -21.3302269268328 ], [ -45.151931294171106, -21.330496421418033 ], [ -45.152470283341579, -21.330496421418044 ], [ -45.152470283341579, -21.33076591600328 ], [ -45.154087250852996, -21.330765916003273 ], [ -45.154087250852996, -21.329957432247568 ], [ -45.154356745438228, -21.329957432247557 ], [ -45.154356745438228, -21.329687937662332 ], [ -45.154626240023468, -21.329687937662335 ], [ -45.154626240023468, -21.328340464736147 ], [ -45.154356745438228, -21.328340464736147 ], [ -45.154356745438228, -21.328070970150918 ], [ -45.151931294171106, -21.328070970150918 ], [ -45.151931294171106, -21.328340464736154 ], [ -45.150853315830162, -21.32834046473614 ], [ -45.150853315830162, -21.329687937662332 ], [ -45.151122810415401, -21.329687937662335 ], [ -45.151122810415401, -21.329957432247568 ], [ -45.151392305000634, -21.329957432247568 ], [ -45.151392305000634, -21.330226926832804 ], [ -45.151931294171106, -21.3302269268328 ] ] ] } },
{ "type": "Feature", "properties": { "anos_com_queima": 1, "area_ha": 3.0842070849106591, "inicio": 2021.0, "fim": 2025.0, "tipo": "recurrence", "id_feicao": "recurrence_2021_2025_10" }, "geometry": { "type": "Polygon", "coordinates": [ [ [ -45.129832738181769, -21.325915013469025 ], [ -45.129832738181769, -21.326454002639508 ], [ -45.129293749011296, -21.326454002639498 ], [ -45.129293749011296, -21.327531980980446 ], [ -45.129563243596529, -21.327531980980439 ], [ -45.129563243596529, -21.327801475565678 ], [ -45.130910716522713, -21.327801475565678 ], [ -45.130910716522713, -21.325915013469025 ], [ -45.129832738181769, -21.325915013469025 ] ] ] } },
{ "type": "Feature", "properties": { "anos_com_queima": 1, "area_ha": 2.5841106993408505, "inicio": 2021.0, "fim": 2025.0, "tipo": "recurrence", "id_feicao": "recurrence_2021_2025_11" }, "geometry": { "type": "Polygon", "coordinates": [ [ [ -45.157590680461063, -21.324028551372376 ], [ -45.157590680461063, -21.323759056787146 ], [ -45.156512702120118, -21.323759056787143 ], [ -45.156512702120118, -21.324837035128084 ], [ -45.15678219670535, -21.324837035128091 ], [ -45.15678219670535, -21.32510652971332 ], [ -45.15705169129059, -21.32510652971332 ], [ -45.15705169129059, -21.325376024298556 ], [ -45.158129669631535, -21.32537602429856 ], [ -45.158129669631535, -21.324028551372386 ], [ -45.157590680461063, -21.324028551372376 ] ] ] } },
{ "type": "Feature", "properties": { "anos_com_queima": 1, "area_ha": 2.3858565311731059, "inicio": 2021.0, "fim": 2025.0, "tipo": "recurrence", "id_feicao": "recurrence_2021_2025_12" }, "geometry": { "type": "Polygon", "coordinates": [ [ [ -45.167292485529551, -21.322950573031424 ], [ -45.167292485529551, -21.323220067616667 ], [ -45.166753496359078, -21.323220067616674 ], [ -45.166753496359078, -21.324837035128091 ], [ -45.167022990944318, -21.324837035128095 ], [ -45.167022990944318, -21.325106529713324 ], [ -45.167532901529299, -21.325106529757406 ], [ -45.167536, -21.324964 ], [ -45.167577999999899, -21.324712 ], [ -45.167631, -21.324494 ], [ -45.167722, -21.324265 ], [ -45.167848999999897, -21.324049 ], [ -45.168, -21.323856 ], [ -45.168042, -21.323626 ], [ -45.168047, -21.323362 ], [ -45.168002999999899, -21.323131 ], [ -45.167845999999898, -21.322955 ], [ -45.167841750509503, -21.322950573454772 ], [ -45.167292485529551, -21.322950573031424 ] ] ] } },
{ "type": "Feature", "properties": { "anos_com_queima": 1, "area_ha": 2.9175479133493756, "inicio": 2021.0, "fim": 2025.0, "tipo": "recurrence", "id_feicao": "recurrence_2021_2025_13" }, "geometry": { "type": "Polygon", "coordinates": [ [ [ -45.125790319403237, -21.323220067616667 ], [ -45.125790319403237, -21.324298045957612 ], [ -45.126598803158934, -21.324298045957612 ], [ -45.126598803158934, -21.32483703512808 ], [ -45.127676781499879, -21.324837035128084 ], [ -45.127676781499879, -21.323489562201914 ], [ -45.127407286914654, -21.3234895622019 ], [ -45.127407286914654, -21.323220067616667 ], [ -45.125790319403237, -21.323220067616667 ] ] ] } },
{ "type": "Feature", "properties": { "anos_com_queima": 1, "area_ha": 1.9172899720962941, "inicio": 2021.0, "fim": 2025.0, "tipo": "recurrence", "id_feicao": "recurrence_2021_2025_14" }, "geometry": { "type": "Polygon", "coordinates": [ [ [ -45.107734182192431, -21.3197166380086 ], [ -45.107734182192431, -21.320794616349552 ], [ -45.108003676777663, -21.320794616349556 ], [ -45.108003676777663, -21.321064110934778 ], [ -45.109081655118608, -21.321064110934781 ], [ -45.109081655118608, -21.319986132593844 ], [ -45.108812160533368, -21.319986132593836 ], [ -45.108812160533368, -21.319716638008604 ], [ -45.107734182192431, -21.3197166380086 ] ] ] } },
{ "type": "Feature", "properties": { "anos_com_queima": 1, "area_ha": 4.9183006451193085, "inicio": 2021.0, "fim": 2025.0, "tipo": "recurrence", "id_feicao": "recurrence_2021_2025_15" }, "geometry": { "type": "Polygon", "coordinates": [ [ [ -45.147619380807335, -21.320525121764319 ], [ -45.147619380807335, -21.320794616349552 ], [ -45.148966853733512, -21.320794616349549 ], [ -45.148966853733512, -21.319716638008607 ], [ -45.148697359148279, -21.319716638008597 ], [ -45.148697359148279, -21.318638659667663 ], [ -45.147080391636862, -21.318638659667656 ], [ -45.147080391636862, -21.318908154252895 ], [ -45.14654140246639, -21.318908154252895 ], [ -45.14654140246639, -21.319986132593844 ], [ -45.14681089705163, -21.319986132593833 ], [ -45.14681089705163, -21.320255627179083 ], [ -45.147080391636862, -21.320255627179076 ], [ -45.147080391636862, -21.320525121764316 ], [ -45.147619380807335, -21.320525121764319 ] ] ] } },
{ "type": "Feature", "properties": { "anos_com_queima": 1, "area_ha": 8.4197840219616893, "inicio": 2021.0, "fim": 2025.0, "tipo": "recurrence", "id_feicao": "recurrence_2021_2025_16" }, "geometry": { "type": "Polygon", "coordinates": [ [ [ -45.140882016176441, -21.314865735474356 ], [ -45.141421005346913, -21.314865735474363 ], [ -45.141421005346913, -21.315404724644843 ], [ -45.141690499932146, -21.315404724644836 ], [ -45.141690499932146, -21.315674219230075 ], [ -45.143037972858323, -21.315674219230068 ], [ -45.143037972858323, -21.314865735474356 ], [ -45.143307467443563, -21.314865735474353 ], [ -45.143307467443563, -21.314057251718644 ], [ -45.143846456614035, -21.314057251718651 ], [ -45.143846456614035, -21.313787757133415 ], [ -45.144115951199268, -21.313787757133412 ], [ -45.144115951199268, -21.312170789622005 ], [ -45.143037972858323, -21.312170789622009 ], [ -45.143037972858323, -21.31270977879247 ], [ -45.142498983687851, -21.312709778792474 ], [ -45.142498983687851, -21.312979273377714 ], [ -45.141421005346913, -21.312979273377703 ], [ -45.141421005346913, -21.313518262548182 ], [ -45.140882016176441, -21.313518262548179 ], [ -45.140882016176441, -21.314865735474356 ] ] ] } },
{ "type": "Feature", "properties": { "anos_com_queima": 1, "area_ha": 1.333838611161571, "inicio": 2021.0, "fim": 2025.0, "tipo": "recurrence", "id_feicao": "recurrence_2021_2025_17" }, "geometry": { "type": "Polygon", "coordinates": [ [ [ -45.12174790062469, -21.311901295036769 ], [ -45.12174790062469, -21.312979273377714 ], [ -45.122825878965635, -21.31297927337771 ], [ -45.122825878965635, -21.311901295036765 ], [ -45.12174790062469, -21.311901295036769 ] ] ] } },
{ "type": "Feature", "properties": { "anos_com_queima": 1, "area_ha": 17.423589328564653, "inicio": 2021.0, "fim": 2025.0, "tipo": "recurrence", "id_feicao": "recurrence_2021_2025_18" }, "geometry": { "type": "Polygon", "coordinates": [ [ [ -45.111776600970963, -21.308667360013931 ], [ -45.111776600970963, -21.309475843769629 ], [ -45.11150710638573, -21.309475843769633 ], [ -45.11150710638573, -21.310823316695814 ], [ -45.111776600970963, -21.310823316695821 ], [ -45.111776600970963, -21.311092811281046 ], [ -45.112046095556202, -21.311092811281057 ], [ -45.112046095556202, -21.311362305866282 ], [ -45.112585084726675, -21.311362305866293 ], [ -45.112585084726675, -21.311631800451519 ], [ -45.113124073897147, -21.311631800451526 ], [ -45.113124073897147, -21.311901295036758 ], [ -45.11339356848238, -21.311901295036762 ], [ -45.11339356848238, -21.312170789622005 ], [ -45.113663063067619, -21.312170789621998 ], [ -45.113663063067619, -21.312440284207234 ], [ -45.115010535993797, -21.312440284207231 ], [ -45.115010535993797, -21.312170789622002 ], [ -45.115280030579029, -21.312170789622002 ], [ -45.115280030579029, -21.311631800451529 ], [ -45.115549525164269, -21.311631800451526 ], [ -45.115549525164269, -21.309475843769633 ], [ -45.116088514334741, -21.309475843769636 ], [ -45.116088514334741, -21.308128370843452 ], [ -45.116896998090446, -21.308128370843459 ], [ -45.116896998090446, -21.307858876258223 ], [ -45.115819019749502, -21.307858876258226 ], [ -45.115819019749502, -21.308128370843466 ], [ -45.115280030579029, -21.308128370843455 ], [ -45.115280030579029, -21.310014832940112 ], [ -45.113663063067619, -21.310014832940109 ], [ -45.113663063067619, -21.30974533835488 ], [ -45.11339356848238, -21.309745338354883 ], [ -45.11339356848238, -21.306780897917285 ], [ -45.113124073897147, -21.306780897917282 ], [ -45.113124073897147, -21.304624941235389 ], [ -45.112854579311907, -21.304624941235396 ], [ -45.112854579311907, -21.305163930405861 ], [ -45.112585084726675, -21.305163930405865 ], [ -45.112585084726675, -21.30597241416158 ], [ -45.112315590141435, -21.30597241416158 ], [ -45.112315590141435, -21.306780897917278 ], [ -45.112046095556202, -21.306780897917282 ], [ -45.112046095556202, -21.308667360013935 ], [ -45.111776600970963, -21.308667360013931 ] ] ] } },
{ "type": "Feature", "properties": { "anos_com_queima": 1, "area_ha": 1.3338902284824063, "inicio": 2021.0, "fim": 2025.0, "tipo": "recurrence", "id_feicao": "recurrence_2021_2025_19" }, "geometry": { "type": "Polygon", "coordinates": [ [ [ -45.159746637142945, -21.306511403332042 ], [ -45.159746637142945, -21.307589381672987 ], [ -45.160824615483889, -21.307589381672997 ], [ -45.160824615483889, -21.306511403332042 ], [ -45.159746637142945, -21.306511403332042 ] ] ] } },
{ "type": "Feature", "properties": { "anos_com_queima": 1, "area_ha": 6.2526676483931674, "inicio": 2021.0, "fim": 2025.0, "tipo": "recurrence", "id_feicao": "recurrence_2021_2025_20" }, "geometry": { "type": "Polygon", "coordinates": [ [ [ -45.117435987260919, -21.306241908746795 ], [ -45.117435987260919, -21.305972414161577 ], [ -45.118513965601863, -21.30597241416158 ], [ -45.118513965601863, -21.305702919576337 ], [ -45.119591943942808, -21.305702919576337 ], [ -45.119591943942808, -21.304355446650153 ], [ -45.119052954772336, -21.30435544665016 ], [ -45.119052954772336, -21.303816457479691 ], [ -45.116896998090446, -21.303816457479691 ], [ -45.116896998090446, -21.304085952064924 ], [ -45.117166492675686, -21.304085952064916 ], [ -45.117166492675686, -21.305433424991104 ], [ -45.116896998090446, -21.305433424991101 ], [ -45.116896998090446, -21.307858876258223 ], [ -45.117166492675686, -21.307858876258226 ], [ -45.117166492675686, -21.306241908746806 ], [ -45.117435987260919, -21.306241908746795 ] ] ] } },
{ "type": "Feature", "properties": { "anos_com_queima": 1, "area_ha": 0.083369571847415141, "inicio": 2021.0, "fim": 2025.0, "tipo": "recurrence", "id_feicao": "recurrence_2021_2025_21" }, "geometry": { "type": "Polygon", "coordinates": [ [ [ -45.113124073897147, -21.303816457479687 ], [ -45.113124073897147, -21.304085952064916 ], [ -45.11339356848238, -21.30408595206492 ], [ -45.11339356848238, -21.303816457479691 ], [ -45.113124073897147, -21.303816457479687 ] ] ] } },
{ "type": "Feature", "properties": { "anos_com_queima": 1, "area_ha": 0.25010920056611846, "inicio": 2021.0, "fim": 2025.0, "tipo": "recurrence", "id_feicao": "recurrence_2021_2025_22" }, "geometry": { "type": "Polygon", "coordinates": [ [ [ -45.115280030579029, -21.303546962894458 ], [ -45.115280030579029, -21.303816457479687 ], [ -45.116088514334741, -21.303816457479687 ], [ -45.116088514334741, -21.303546962894458 ], [ -45.115280030579029, -21.303546962894458 ] ] ] } },
{ "type": "Feature", "properties": { "anos_com_queima": 1, "area_ha": 1.0004416621397425, "inicio": 2021.0, "fim": 2025.0, "tipo": "recurrence", "id_feicao": "recurrence_2021_2025_23" }, "geometry": { "type": "Polygon", "coordinates": [ [ [ -45.113663063067619, -21.303007973723982 ], [ -45.113663063067619, -21.303277468309219 ], [ -45.11339356848238, -21.303277468309219 ], [ -45.11339356848238, -21.303546962894455 ], [ -45.115280030579029, -21.303546962894458 ], [ -45.115280030579029, -21.303277468309215 ], [ -45.115010535993797, -21.303277468309219 ], [ -45.115010535993797, -21.303007973723982 ], [ -45.113663063067619, -21.303007973723982 ] ] ] } },
{ "type": "Feature", "properties": { "anos_com_queima": 1, "area_ha": 1.3340048649172946, "inicio": 2021.0, "fim": 2025.0, "tipo": "recurrence", "id_feicao": "recurrence_2021_2025_24" }, "geometry": { "type": "Polygon", "coordinates": [ [ [ -45.136570102812662, -21.293306168655494 ], [ -45.136570102812662, -21.294384146996432 ], [ -45.137648081153607, -21.294384146996432 ], [ -45.137648081153607, -21.293306168655494 ], [ -45.136570102812662, -21.293306168655494 ] ] ] } },
{ "type": "Feature", "properties": { "anos_com_queima": 1, "area_ha": 1.6675284252663296, "inicio": 2021.0, "fim": 2025.0, "tipo": "recurrence", "id_feicao": "recurrence_2021_2025_25" }, "geometry": { "type": "Polygon", "coordinates": [ [ [ -45.108812160533368, -21.290880717388362 ], [ -45.108812160533368, -21.292228190314543 ], [ -45.109890138874313, -21.292228190314539 ], [ -45.109890138874313, -21.290880717388365 ], [ -45.108812160533368, -21.290880717388362 ] ] ] } },
{ "type": "Feature", "properties": { "anos_com_queima": 1, "area_ha": 1.3340486946386945, "inicio": 2021.0, "fim": 2025.0, "tipo": "recurrence", "id_feicao": "recurrence_2021_2025_26" }, "geometry": { "type": "Polygon", "coordinates": [ [ [ -45.144924434954973, -21.288455266121254 ], [ -45.144924434954973, -21.289533244462184 ], [ -45.146002413295918, -21.289533244462191 ], [ -45.146002413295918, -21.288455266121243 ], [ -45.144924434954973, -21.288455266121254 ] ] ] } },
{ "type": "Feature", "properties": { "anos_com_queima": 1, "area_ha": 1.334103500493427, "inicio": 2021.0, "fim": 2025.0, "tipo": "recurrence", "id_feicao": "recurrence_2021_2025_27" }, "geometry": { "type": "Polygon", "coordinates": [ [ [ -45.118244471016624, -21.281987396075589 ], [ -45.118244471016624, -21.28306537441652 ], [ -45.119322449357568, -21.283065374416527 ], [ -45.119322449357568, -21.281987396075579 ], [ -45.118244471016624, -21.281987396075589 ] ] ] } },
{ "type": "Feature", "properties": { "anos_com_queima": 1, "area_ha": 1.3342422247169634, "inicio": 2021.0, "fim": 2025.0, "tipo": "recurrence", "id_feicao": "recurrence_2021_2025_28" }, "geometry": { "type": "Polygon", "coordinates": [ [ [ -45.12174790062469, -21.266356710131902 ], [ -45.12174790062469, -21.267434688472846 ], [ -45.122825878965635, -21.267434688472839 ], [ -45.122825878965635, -21.266356710131909 ], [ -45.12174790062469, -21.266356710131902 ] ] ] } },
{ "type": "Feature", "properties": { "anos_com_queima": 1, "area_ha": 1.3344960599610414, "inicio": 2021.0, "fim": 2025.0, "tipo": "recurrence", "id_feicao": "recurrence_2021_2025_29" }, "geometry": { "type": "Polygon", "coordinates": [ [ [ -45.133875156960308, -21.237790284096903 ], [ -45.133875156960308, -21.238868262437851 ], [ -45.134953135301252, -21.238868262437848 ], [ -45.134953135301252, -21.237790284096899 ], [ -45.133875156960308, -21.237790284096903 ] ] ] } },
{ "type": "Feature", "properties": { "anos_com_queima": 1, "area_ha": 1.6681344165341638, "inicio": 2021.0, "fim": 2025.0, "tipo": "recurrence", "id_feicao": "recurrence_2021_2025_30" }, "geometry": { "type": "Polygon", "coordinates": [ [ [ -45.152739777926818, -21.236712305755958 ], [ -45.152739777926818, -21.237790284096903 ], [ -45.154087250852996, -21.237790284096906 ], [ -45.154087250852996, -21.236712305755947 ], [ -45.152739777926818, -21.236712305755958 ] ] ] } },
{ "type": "Feature", "properties": { "anos_com_queima": 1, "area_ha": 1.334532757209614, "inicio": 2021.0, "fim": 2025.0, "tipo": "recurrence", "id_feicao": "recurrence_2021_2025_31" }, "geometry": { "type": "Polygon", "coordinates": [ [ [ -45.14465494036974, -21.233747865318364 ], [ -45.143576962028796, -21.23374786531836 ], [ -45.143576962028796, -21.234825843659308 ], [ -45.14465494036974, -21.234825843659305 ], [ -45.14465494036974, -21.233747865318364 ] ] ] } },
{ "type": "Feature", "properties": { "anos_com_queima": 1, "area_ha": 1.5847748844222145, "inicio": 2021.0, "fim": 2025.0, "tipo": "recurrence", "id_feicao": "recurrence_2021_2025_32" }, "geometry": { "type": "Polygon", "coordinates": [ [ [ -45.134953135301252, -21.232939381562659 ], [ -45.134953135301252, -21.233208876147895 ], [ -45.135761619056957, -21.233208876147888 ], [ -45.135761619056957, -21.231861403221711 ], [ -45.134683640716013, -21.231861403221721 ], [ -45.134683640716013, -21.232939381562655 ], [ -45.134953135301252, -21.232939381562659 ] ] ] } },
{ "type": "Feature", "properties": { "anos_com_queima": 1, "area_ha": 1.3345846658057796, "inicio": 2021.0, "fim": 2025.0, "tipo": "recurrence", "id_feicao": "recurrence_2021_2025_33" }, "geometry": { "type": "Polygon", "coordinates": [ [ [ -45.112046095556202, -21.227549489857946 ], [ -45.112046095556202, -21.228627468198887 ], [ -45.113124073897147, -21.228627468198887 ], [ -45.113124073897147, -21.227549489857946 ], [ -45.112046095556202, -21.227549489857946 ] ] ] } },
{ "type": "Feature", "properties": { "anos_com_queima": 1, "area_ha": 3.6704493902982431, "inicio": 2021.0, "fim": 2025.0, "tipo": "recurrence", "id_feicao": "recurrence_2021_2025_34" }, "geometry": { "type": "Polygon", "coordinates": [ [ [ -45.127407286914654, -21.213266276840436 ], [ -45.127407286914654, -21.214344255181373 ], [ -45.129024254426071, -21.214344255181384 ], [ -45.129024254426071, -21.21488324435186 ], [ -45.130641221937474, -21.214883244351856 ], [ -45.130641221937474, -21.213805266010919 ], [ -45.128485265255598, -21.213805266010919 ], [ -45.128485265255598, -21.213266276840443 ], [ -45.127407286914654, -21.213266276840436 ] ] ] } },
{ "type": "Feature", "properties": { "anos_com_queima": 1, "area_ha": 5.0051830424820949, "inicio": 2021.0, "fim": 2025.0, "tipo": "recurrence", "id_feicao": "recurrence_2021_2025_35" }, "geometry": { "type": "Polygon", "coordinates": [ [ [ -45.155973712949645, -21.214344255181384 ], [ -45.155973712949645, -21.214074760596141 ], [ -45.156243207534885, -21.214074760596144 ], [ -45.156243207534885, -21.212457793084727 ], [ -45.154626240023468, -21.212457793084734 ], [ -45.154626240023468, -21.212996782255207 ], [ -45.154356745438228, -21.212996782255203 ], [ -45.154356745438228, -21.214074760596155 ], [ -45.153817756267756, -21.214074760596144 ], [ -45.153817756267756, -21.215152738937089 ], [ -45.154895734608701, -21.215152738937096 ], [ -45.154895734608701, -21.214344255181377 ], [ -45.155973712949645, -21.214344255181384 ] ] ] } },
{ "type": "Feature", "properties": { "anos_com_queima": 1, "area_ha": 140.07203433612398, "inicio": 2021.0, "fim": 2025.0, "tipo": "recurrence", "id_feicao": "recurrence_2021_2025_36" }, "geometry": { "type": "Polygon", "coordinates": [ [ [ -45.105578225510541, -21.199522052993412 ], [ -45.105308730925309, -21.199522052993409 ], [ -45.105308730925309, -21.200600031334357 ], [ -45.105578225510541, -21.200600031334361 ], [ -45.105578225510541, -21.201408515090058 ], [ -45.107195193021958, -21.201408515090062 ], [ -45.107195193021958, -21.205720428453841 ], [ -45.106656203851486, -21.205720428453841 ], [ -45.106656203851486, -21.205989923039066 ], [ -45.106117214681014, -21.205989923039077 ], [ -45.106117214681014, -21.206259417624306 ], [ -45.105578225510541, -21.206259417624313 ], [ -45.105578225510541, -21.207337395965254 ], [ -45.105847720095774, -21.207337395965258 ], [ -45.105847720095774, -21.208684868891432 ], [ -45.106117214681014, -21.208684868891424 ], [ -45.106117214681014, -21.210301836402849 ], [ -45.106386709266246, -21.210301836402845 ], [ -45.106386709266246, -21.210571330988071 ], [ -45.107464687607191, -21.210571330988078 ], [ -45.107464687607191, -21.210840825573314 ], [ -45.108812160533368, -21.210840825573321 ], [ -45.108812160533368, -21.210301836402845 ], [ -45.109081655118608, -21.210301836402856 ], [ -45.109081655118608, -21.209762847232376 ], [ -45.109351149703841, -21.209762847232376 ], [ -45.109351149703841, -21.209493352647129 ], [ -45.109890138874313, -21.209493352647144 ], [ -45.109890138874313, -21.20760689055049 ], [ -45.109351149703841, -21.20760689055048 ], [ -45.109351149703841, -21.207337395965251 ], [ -45.109081655118608, -21.207337395965258 ], [ -45.109081655118608, -21.207067901380022 ], [ -45.108812160533368, -21.207067901380022 ], [ -45.108812160533368, -21.206528912209546 ], [ -45.108542665948136, -21.206528912209549 ], [ -45.108542665948136, -21.204103460942427 ], [ -45.108812160533368, -21.204103460942431 ], [ -45.108812160533368, -21.203833966357188 ], [ -45.112046095556202, -21.203833966357188 ], [ -45.112046095556202, -21.204642450112896 ], [ -45.113932557652852, -21.204642450112896 ], [ -45.113932557652852, -21.204372955527663 ], [ -45.114471546823324, -21.20437295552766 ], [ -45.114471546823324, -21.203833966357184 ], [ -45.116627503505214, -21.203833966357184 ], [ -45.116627503505214, -21.205450933868605 ], [ -45.116358008919974, -21.205450933868601 ], [ -45.116358008919974, -21.206259417624313 ], [ -45.116088514334741, -21.20625941762431 ], [ -45.116088514334741, -21.206528912209542 ], [ -45.112315590141435, -21.206528912209549 ], [ -45.112315590141435, -21.205989923039073 ], [ -45.112046095556202, -21.205989923039073 ], [ -45.112046095556202, -21.207337395965258 ], [ -45.112315590141435, -21.207337395965251 ], [ -45.112315590141435, -21.207606890550487 ], [ -45.112854579311907, -21.20760689055048 ], [ -45.112854579311907, -21.207876385135719 ], [ -45.114202052238092, -21.207876385135723 ], [ -45.114202052238092, -21.209493352647133 ], [ -45.114471546823324, -21.20949335264714 ], [ -45.114471546823324, -21.209762847232373 ], [ -45.114741041408557, -21.209762847232369 ], [ -45.114741041408557, -21.211379814743793 ], [ -45.116358008919974, -21.211379814743779 ], [ -45.116358008919974, -21.211110320158554 ], [ -45.116627503505214, -21.211110320158546 ], [ -45.116627503505214, -21.210840825573317 ], [ -45.116896998090446, -21.210840825573317 ], [ -45.116896998090446, -21.210301836402852 ], [ -45.117166492675686, -21.210301836402856 ], [ -45.117166492675686, -21.207067901380018 ], [ -45.118244471016624, -21.207067901380022 ], [ -45.118244471016624, -21.206798406794782 ], [ -45.120400427698513, -21.206798406794778 ], [ -45.120400427698513, -21.20572042845383 ], [ -45.12013093311328, -21.20572042845383 ], [ -45.12013093311328, -21.205181439283365 ], [ -45.118783460187096, -21.205181439283365 ], [ -45.118783460187096, -21.20248649343101 ], [ -45.118513965601863, -21.202486493431007 ], [ -45.118513965601863, -21.202216998845767 ], [ -45.118244471016624, -21.20221699884577 ], [ -45.118244471016624, -21.201408515090062 ], [ -45.117974976431391, -21.201408515090066 ], [ -45.117974976431391, -21.201139020504826 ], [ -45.117705481846151, -21.201139020504833 ], [ -45.117705481846151, -21.200600031334353 ], [ -45.116358008919974, -21.200600031334353 ], [ -45.116358008919974, -21.199522052993412 ], [ -45.115010535993797, -21.199522052993409 ], [ -45.115010535993797, -21.19898306382294 ], [ -45.114741041408557, -21.198983063822936 ], [ -45.114741041408557, -21.198444074652475 ], [ -45.114471546823324, -21.198444074652464 ], [ -45.114471546823324, -21.198174580067228 ], [ -45.112585084726675, -21.198174580067231 ], [ -45.112585084726675, -21.199252558408176 ], [ -45.110159633459553, -21.199252558408173 ], [ -45.110159633459553, -21.199791547578656 ], [ -45.108542665948136, -21.199791547578645 ], [ -45.108542665948136, -21.198444074652475 ], [ -45.11150710638573, -21.198444074652475 ], [ -45.11150710638573, -21.198174580067231 ], [ -45.111776600970963, -21.198174580067228 ], [ -45.111776600970963, -21.197905085481992 ], [ -45.111237611800497, -21.197905085482002 ], [ -45.111237611800497, -21.196827107141058 ], [ -45.110159633459553, -21.196827107141058 ], [ -45.110159633459553, -21.194671150459172 ], [ -45.110698622630025, -21.194671150459172 ], [ -45.110698622630025, -21.19386266670346 ], [ -45.111237611800497, -21.193862666703467 ], [ -45.111237611800497, -21.193323677532987 ], [ -45.110968117215258, -21.193323677532984 ], [ -45.110968117215258, -21.193054182947755 ], [ -45.110698622630025, -21.193054182947744 ], [ -45.110698622630025, -21.191976204606807 ], [ -45.108812160533368, -21.19197620460681 ], [ -45.108812160533368, -21.190898226265865 ], [ -45.107464687607191, -21.190898226265862 ], [ -45.107464687607191, -21.19197620460681 ], [ -45.108273171362903, -21.191976204606803 ], [ -45.108273171362903, -21.194671150459158 ], [ -45.107195193021958, -21.194671150459161 ], [ -45.107195193021958, -21.194940645044394 ], [ -45.106386709266246, -21.194940645044397 ], [ -45.106386709266246, -21.195479634214877 ], [ -45.105578225510541, -21.195479634214873 ], [ -45.105578225510541, -21.199522052993412 ] ], [ [ -45.108273171362903, -21.209762847232376 ], [ -45.106925698436719, -21.20976284723238 ], [ -45.106925698436719, -21.208145879720952 ], [ -45.106386709266246, -21.208145879720959 ], [ -45.106386709266246, -21.206798406794778 ], [ -45.107734182192431, -21.206798406794778 ], [ -45.107734182192431, -21.207067901380022 ], [ -45.108273171362903, -21.207067901380018 ], [ -45.108273171362903, -21.207606890550483 ], [ -45.108812160533368, -21.207606890550483 ], [ -45.108812160533368, -21.208954363476668 ], [ -45.108542665948136, -21.208954363476661 ], [ -45.108542665948136, -21.2092238580619 ], [ -45.108273171362903, -21.209223858061897 ], [ -45.108273171362903, -21.209762847232376 ] ], [ [ -45.107464687607191, -21.197096601726287 ], [ -45.106386709266246, -21.197096601726283 ], [ -45.106386709266246, -21.196018623385349 ], [ -45.107464687607191, -21.196018623385342 ], [ -45.107464687607191, -21.197096601726287 ] ] ] } },
{ "type": "Feature", "properties": { "anos_com_queima": 1, "area_ha": 14.599872232681548, "inicio": 2021.0, "fim": 2025.0, "tipo": "recurrence", "id_feicao": "recurrence_2021_2025_37" }, "geometry": { "type": "Polygon", "coordinates": [ [ [ -45.122286889795163, -21.199791547578648 ], [ -45.122286889795163, -21.200061042163888 ], [ -45.122825878965635, -21.200061042163881 ], [ -45.122825878965635, -21.200330536749121 ], [ -45.123095373550875, -21.200330536749121 ], [ -45.123095373550875, -21.200600031334353 ], [ -45.123364868136107, -21.200600031334353 ], [ -45.123364868136107, -21.201139020504829 ], [ -45.124442846477052, -21.201139020504826 ], [ -45.124442846477052, -21.20086952591959 ], [ -45.124712341062292, -21.20086952591959 ], [ -45.124712341062292, -21.200330536749117 ], [ -45.124981835647525, -21.200330536749114 ], [ -45.124981835647525, -21.197635590896756 ], [ -45.125520824817997, -21.197635590896763 ], [ -45.125520824817997, -21.197096601726283 ], [ -45.125790319403237, -21.197096601726294 ], [ -45.125790319403237, -21.196018623385342 ], [ -45.124712341062292, -21.196018623385346 ], [ -45.124712341062292, -21.196288117970575 ], [ -45.123634362721347, -21.196288117970575 ], [ -45.123634362721347, -21.197905085481992 ], [ -45.12201739520993, -21.197905085481995 ], [ -45.12201739520993, -21.198174580067231 ], [ -45.121208911454218, -21.198174580067235 ], [ -45.121208911454218, -21.199791547578652 ], [ -45.122286889795163, -21.199791547578648 ] ] ] } },
{ "type": "Feature", "properties": { "anos_com_queima": 1, "area_ha": 2.0856985400548793, "inicio": 2021.0, "fim": 2025.0, "tipo": "recurrence", "id_feicao": "recurrence_2021_2025_38" }, "geometry": { "type": "Polygon", "coordinates": [ [ [ -45.117705481846151, -21.19763559089677 ], [ -45.117705481846151, -21.197905085481995 ], [ -45.116358008919974, -21.197905085481988 ], [ -45.116358008919974, -21.199252558408173 ], [ -45.117166492675686, -21.19925255840818 ], [ -45.117166492675686, -21.198444074652468 ], [ -45.118244471016624, -21.198444074652468 ], [ -45.118244471016624, -21.197635590896766 ], [ -45.117705481846151, -21.19763559089677 ] ] ] } },
{ "type": "Feature", "properties": { "anos_com_queima": 1, "area_ha": 45.385613371955806, "inicio": 2021.0, "fim": 2025.0, "tipo": "recurrence", "id_feicao": "recurrence_2021_2025_39" }, "geometry": { "type": "Polygon", "coordinates": [ [ [ -45.143307467443563, -21.193862666703463 ], [ -45.143307467443563, -21.195749128800113 ], [ -45.141151510761674, -21.195749128800113 ], [ -45.141151510761674, -21.197366096311526 ], [ -45.145732918710685, -21.197366096311526 ], [ -45.145732918710685, -21.197905085481995 ], [ -45.146271907881157, -21.197905085482002 ], [ -45.146271907881157, -21.198174580067228 ], [ -45.147349886222102, -21.198174580067235 ], [ -45.147349886222102, -21.197905085481999 ], [ -45.147619380807335, -21.197905085481999 ], [ -45.147619380807335, -21.197635590896756 ], [ -45.149775337489224, -21.197635590896766 ], [ -45.149775337489224, -21.198713569237707 ], [ -45.151392305000634, -21.198713569237711 ], [ -45.151392305000634, -21.19898306382294 ], [ -45.152470283341579, -21.198983063822936 ], [ -45.152470283341579, -21.197635590896756 ], [ -45.152739777926818, -21.197635590896766 ], [ -45.152739777926818, -21.196557612555818 ], [ -45.153009272512051, -21.196557612555818 ], [ -45.153009272512051, -21.196288117970571 ], [ -45.153278767097291, -21.196288117970585 ], [ -45.153278767097291, -21.194940645044397 ], [ -45.152470283341579, -21.194940645044404 ], [ -45.152470283341579, -21.194671150459168 ], [ -45.149505842903984, -21.194671150459165 ], [ -45.149505842903984, -21.19359317211822 ], [ -45.148697359148279, -21.193593172118227 ], [ -45.148697359148279, -21.193054182947748 ], [ -45.147619380807335, -21.193054182947755 ], [ -45.147619380807335, -21.194671150459168 ], [ -45.145463424125445, -21.194671150459161 ], [ -45.145463424125445, -21.194401655873929 ], [ -45.144924434954973, -21.194401655873925 ], [ -45.144924434954973, -21.194132161288696 ], [ -45.14465494036974, -21.194132161288692 ], [ -45.14465494036974, -21.193862666703453 ], [ -45.143307467443563, -21.193862666703463 ] ] ] } },
{ "type": "Feature", "properties": { "anos_com_queima": 1, "area_ha": 4.7554554449628501, "inicio": 2021.0, "fim": 2025.0, "tipo": "recurrence", "id_feicao": "recurrence_2021_2025_40" }, "geometry": { "type": "Polygon", "coordinates": [ [ [ -45.116358008919974, -21.195210139629641 ], [ -45.116358008919974, -21.194401655873929 ], [ -45.112315590141435, -21.194401655873929 ], [ -45.112315590141435, -21.194671150459168 ], [ -45.114202052238092, -21.194671150459165 ], [ -45.114202052238092, -21.19709660172629 ], [ -45.114741041408557, -21.197096601726283 ], [ -45.114741041408557, -21.196827107141058 ], [ -45.115280030579029, -21.196827107141054 ], [ -45.115280030579029, -21.195210139629641 ], [ -45.116358008919974, -21.195210139629641 ] ] ] } },
{ "type": "Feature", "properties": { "anos_com_queima": 1, "area_ha": 126.64693511916263, "inicio": 2021.0, "fim": 2025.0, "tipo": "recurrence", "id_feicao": "recurrence_2021_2025_41" }, "geometry": { "type": "Polygon", "coordinates": [ [ [ -45.125251330232764, -21.189550753339685 ], [ -45.125251330232764, -21.190628731680629 ], [ -45.125520824817997, -21.190628731680626 ], [ -45.125520824817997, -21.190898226265865 ], [ -45.125790319403237, -21.190898226265869 ], [ -45.125790319403237, -21.191167720851098 ], [ -45.126598803158934, -21.191167720851105 ], [ -45.126598803158934, -21.19332367753298 ], [ -45.126329308573709, -21.193323677532987 ], [ -45.126329308573709, -21.195749128800109 ], [ -45.128215770670352, -21.195749128800113 ], [ -45.128215770670352, -21.19709660172629 ], [ -45.131180211107946, -21.197096601726283 ], [ -45.131180211107946, -21.198983063822936 ], [ -45.132527684034123, -21.198983063822936 ], [ -45.132527684034123, -21.201408515090069 ], [ -45.130371727352241, -21.201408515090066 ], [ -45.130371727352241, -21.202486493431007 ], [ -45.131180211107946, -21.20248649343101 ], [ -45.131180211107946, -21.203294977186708 ], [ -45.132258189448891, -21.203294977186715 ], [ -45.132258189448891, -21.203025482601479 ], [ -45.133336167789835, -21.203025482601479 ], [ -45.133336167789835, -21.202755988016243 ], [ -45.13414465154554, -21.202755988016239 ], [ -45.13414465154554, -21.202486493431007 ], [ -45.135492124471725, -21.20248649343101 ], [ -45.135492124471725, -21.202216998845767 ], [ -45.13630060822743, -21.20221699884577 ], [ -45.13630060822743, -21.201947504260534 ], [ -45.136839597397902, -21.201947504260531 ], [ -45.136839597397902, -21.201678009675295 ], [ -45.137109091983135, -21.201678009675295 ], [ -45.137109091983135, -21.201139020504819 ], [ -45.137378586568374, -21.201139020504826 ], [ -45.137378586568374, -21.200869525919593 ], [ -45.137648081153607, -21.200869525919593 ], [ -45.137648081153607, -21.200600031334364 ], [ -45.137917575738847, -21.200600031334361 ], [ -45.137917575738847, -21.199522052993412 ], [ -45.136570102812662, -21.199522052993416 ], [ -45.136570102812662, -21.199252558408176 ], [ -45.13630060822743, -21.199252558408173 ], [ -45.13630060822743, -21.195210139629637 ], [ -45.137378586568374, -21.195210139629641 ], [ -45.137378586568374, -21.19359317211822 ], [ -45.135492124471725, -21.19359317211822 ], [ -45.135492124471725, -21.191167720851094 ], [ -45.133605662375068, -21.191167720851098 ], [ -45.133605662375068, -21.190898226265858 ], [ -45.131449705693186, -21.190898226265865 ], [ -45.131449705693186, -21.188472774998747 ], [ -45.131180211107946, -21.188472774998747 ], [ -45.131180211107946, -21.187933785828264 ], [ -45.130910716522713, -21.187933785828267 ], [ -45.130910716522713, -21.187125302072566 ], [ -45.128485265255598, -21.187125302072563 ], [ -45.128485265255598, -21.186316818316858 ], [ -45.126868297744181, -21.186316818316865 ], [ -45.126868297744181, -21.186586312902079 ], [ -45.126598803158934, -21.18658631290209 ], [ -45.126598803158934, -21.186855807487326 ], [ -45.126329308573709, -21.186855807487326 ], [ -45.126329308573709, -21.187664291243031 ], [ -45.125790319403237, -21.187664291243035 ], [ -45.125790319403237, -21.189550753339681 ], [ -45.125251330232764, -21.189550753339685 ] ] ] } },
{ "type": "Feature", "properties": { "anos_com_queima": 1, "area_ha": 3.1703321442356041, "inicio": 2021.0, "fim": 2025.0, "tipo": "recurrence", "id_feicao": "recurrence_2021_2025_42" }, "geometry": { "type": "Polygon", "coordinates": [ [ [ -45.118244471016624, -21.195210139629637 ], [ -45.118244471016624, -21.194401655873932 ], [ -45.117974976431391, -21.194401655873929 ], [ -45.117974976431391, -21.194132161288692 ], [ -45.117705481846151, -21.194132161288692 ], [ -45.117705481846151, -21.19386266670346 ], [ -45.117435987260919, -21.193862666703456 ], [ -45.117435987260919, -21.193323677532991 ], [ -45.117166492675686, -21.193323677532984 ], [ -45.117166492675686, -21.195479634214866 ], [ -45.117435987260919, -21.19547963421487 ], [ -45.117435987260919, -21.196288117970578 ], [ -45.118783460187096, -21.196288117970575 ], [ -45.118783460187096, -21.195749128800109 ], [ -45.118513965601863, -21.195749128800113 ], [ -45.118513965601863, -21.195210139629637 ], [ -45.118244471016624, -21.195210139629637 ] ] ] } },
{ "type": "Feature", "properties": { "anos_com_queima": 1, "area_ha": 0.33371961544822043, "inicio": 2021.0, "fim": 2025.0, "tipo": "recurrence", "id_feicao": "recurrence_2021_2025_43" }, "geometry": { "type": "Polygon", "coordinates": [ [ [ -45.110698622630025, -21.194671150459172 ], [ -45.110698622630025, -21.194940645044401 ], [ -45.111776600970963, -21.194940645044397 ], [ -45.111776600970963, -21.194671150459165 ], [ -45.110698622630025, -21.194671150459172 ] ] ] } },
{ "type": "Feature", "properties": { "anos_com_queima": 1, "area_ha": 0.083431269391573276, "inicio": 2021.0, "fim": 2025.0, "tipo": "recurrence", "id_feicao": "recurrence_2021_2025_44" }, "geometry": { "type": "Polygon", "coordinates": [ [ [ -45.116627503505214, -21.192245699192046 ], [ -45.116627503505214, -21.192515193777282 ], [ -45.116896998090446, -21.192515193777275 ], [ -45.116896998090446, -21.192245699192043 ], [ -45.116627503505214, -21.192245699192046 ] ] ] } },
{ "type": "Feature", "properties": { "anos_com_queima": 1, "area_ha": 25.780968983483454, "inicio": 2021.0, "fim": 2025.0, "tipo": "recurrence", "id_feicao": "recurrence_2021_2025_45" }, "geometry": { "type": "Polygon", "coordinates": [ [ [ -45.112315590141435, -21.189011764169212 ], [ -45.112315590141435, -21.191437215436338 ], [ -45.11150710638573, -21.191437215436331 ], [ -45.11150710638573, -21.191976204606807 ], [ -45.114202052238092, -21.191976204606807 ], [ -45.114202052238092, -21.189281258754455 ], [ -45.115819019749502, -21.189281258754455 ], [ -45.115819019749502, -21.188203280413507 ], [ -45.116358008919974, -21.1882032804135 ], [ -45.116358008919974, -21.187394796657792 ], [ -45.116627503505214, -21.187394796657795 ], [ -45.116627503505214, -21.186855807487326 ], [ -45.116896998090446, -21.186855807487323 ], [ -45.116896998090446, -21.185508334561145 ], [ -45.114741041408557, -21.185508334561145 ], [ -45.114741041408557, -21.185777829146378 ], [ -45.111237611800497, -21.185777829146389 ], [ -45.111237611800497, -21.188742269583976 ], [ -45.112315590141435, -21.188742269583969 ], [ -45.112315590141435, -21.187933785828275 ], [ -45.11339356848238, -21.187933785828264 ], [ -45.11339356848238, -21.189011764169212 ], [ -45.112315590141435, -21.189011764169212 ] ] ] } },
{ "type": "Feature", "properties": { "anos_com_queima": 1, "area_ha": 1.6687933292074406, "inicio": 2021.0, "fim": 2025.0, "tipo": "recurrence", "id_feicao": "recurrence_2021_2025_46" }, "geometry": { "type": "Polygon", "coordinates": [ [ [ -45.130371727352241, -21.176615013248369 ], [ -45.130371727352241, -21.177962486174543 ], [ -45.131449705693186, -21.177962486174543 ], [ -45.131449705693186, -21.176615013248369 ], [ -45.130371727352241, -21.176615013248369 ] ] ] } },
{ "type": "Feature", "properties": { "anos_com_queima": 1, "area_ha": 8.3440632898367006, "inicio": 2021.0, "fim": 2025.0, "tipo": "recurrence", "id_feicao": "recurrence_2021_2025_47" }, "geometry": { "type": "Polygon", "coordinates": [ [ [ -45.123364868136107, -21.174728551151709 ], [ -45.123364868136107, -21.174459056566477 ], [ -45.120939416868985, -21.174459056566473 ], [ -45.120939416868985, -21.175537034907418 ], [ -45.121208911454218, -21.175537034907418 ], [ -45.121208911454218, -21.17634551866313 ], [ -45.12390385730658, -21.176345518663123 ], [ -45.12390385730658, -21.176615013248362 ], [ -45.124981835647525, -21.176615013248366 ], [ -45.124981835647525, -21.174728551151716 ], [ -45.123364868136107, -21.174728551151709 ] ] ] } },
{ "type": "Feature", "properties": { "anos_com_queima": 1, "area_ha": 20.359511097987845, "inicio": 2021.0, "fim": 2025.0, "tipo": "recurrence", "id_feicao": "recurrence_2021_2025_48" }, "geometry": { "type": "Polygon", "coordinates": [ [ [ -45.109081655118608, -21.176076024077894 ], [ -45.109081655118608, -21.176345518663126 ], [ -45.109890138874313, -21.176345518663133 ], [ -45.109890138874313, -21.176615013248359 ], [ -45.110429128044785, -21.176615013248369 ], [ -45.110429128044785, -21.176884507833595 ], [ -45.110968117215258, -21.176884507833599 ], [ -45.110968117215258, -21.177154002418838 ], [ -45.11339356848238, -21.177154002418835 ], [ -45.11339356848238, -21.176345518663126 ], [ -45.113932557652852, -21.176345518663126 ], [ -45.113932557652852, -21.176076024077894 ], [ -45.114202052238092, -21.176076024077901 ], [ -45.114202052238092, -21.175806529492661 ], [ -45.114471546823324, -21.175806529492654 ], [ -45.114471546823324, -21.175267540322189 ], [ -45.117166492675686, -21.175267540322182 ], [ -45.117166492675686, -21.174189561981244 ], [ -45.113932557652852, -21.174189561981237 ], [ -45.113932557652852, -21.173920067396008 ], [ -45.112585084726675, -21.173920067396008 ], [ -45.112585084726675, -21.174189561981247 ], [ -45.110429128044785, -21.174189561981244 ], [ -45.110429128044785, -21.173920067396011 ], [ -45.109081655118608, -21.173920067396008 ], [ -45.109081655118608, -21.174998045736945 ], [ -45.108812160533368, -21.174998045736945 ], [ -45.108812160533368, -21.17607602407789 ], [ -45.109081655118608, -21.176076024077894 ] ] ] } },
{ "type": "Feature", "properties": { "anos_com_queima": 1, "area_ha": 5.5070921468497147, "inicio": 2021.0, "fim": 2025.0, "tipo": "recurrence", "id_feicao": "recurrence_2021_2025_49" }, "geometry": { "type": "Polygon", "coordinates": [ [ [ -45.130102232767001, -21.175267540322185 ], [ -45.130102232767001, -21.173650572810772 ], [ -45.129024254426071, -21.173650572810772 ], [ -45.129024254426071, -21.175267540322189 ], [ -45.128754759840824, -21.175267540322182 ], [ -45.128754759840824, -21.175537034907418 ], [ -45.127946276085126, -21.175537034907418 ], [ -45.127946276085126, -21.176615013248369 ], [ -45.130371727352241, -21.176615013248369 ], [ -45.130371727352241, -21.175267540322182 ], [ -45.130102232767001, -21.175267540322185 ] ] ] } },
{ "type": "Feature", "properties": { "anos_com_queima": 1, "area_ha": 3.5045597747718102, "inicio": 2021.0, "fim": 2025.0, "tipo": "recurrence", "id_feicao": "recurrence_2021_2025_50" }, "geometry": { "type": "Polygon", "coordinates": [ [ [ -45.119052954772336, -21.172033605299362 ], [ -45.119052954772336, -21.173650572810779 ], [ -45.119322449357568, -21.173650572810772 ], [ -45.119322449357568, -21.17418956198124 ], [ -45.120669922283746, -21.174189561981251 ], [ -45.120669922283746, -21.173111583640303 ], [ -45.120400427698513, -21.173111583640299 ], [ -45.120400427698513, -21.172033605299358 ], [ -45.119052954772336, -21.172033605299362 ] ] ] } },
{ "type": "Feature", "properties": { "anos_com_queima": 1, "area_ha": 13.067650890918156, "inicio": 2021.0, "fim": 2025.0, "tipo": "recurrence", "id_feicao": "recurrence_2021_2025_51" }, "geometry": { "type": "Polygon", "coordinates": [ [ [ -45.102613785072947, -21.392749670607525 ], [ -45.102613785072947, -21.392480176022282 ], [ -45.104230752584364, -21.392480176022282 ], [ -45.104230752584364, -21.392210681437049 ], [ -45.105578225510541, -21.392210681437046 ], [ -45.105578225510541, -21.3903242193404 ], [ -45.106080504148267, -21.39032421979886 ], [ -45.10612, -21.390179999999894 ], [ -45.106211, -21.389928999999899 ], [ -45.10635, -21.389747 ], [ -45.106513999999898, -21.389554 ], [ -45.106701, -21.389407999999897 ], [ -45.106876999999898, -21.389239 ], [ -45.106925698435575, -21.389202258828096 ], [ -45.106925698436719, -21.388976746414219 ], [ -45.105847720095774, -21.388976746414222 ], [ -45.105847720095774, -21.389246240999459 ], [ -45.105578225510541, -21.389246240999455 ], [ -45.105578225510541, -21.39005472475516 ], [ -45.103422268828652, -21.390054724755164 ], [ -45.103422268828652, -21.389785230169924 ], [ -45.101535806732002, -21.38978523016992 ], [ -45.101535806732002, -21.392749670607525 ], [ -45.102613785072947, -21.392749670607525 ] ] ] } },
{ "type": "Feature", "properties": { "anos_com_queima": 1, "area_ha": 2.832956916492638, "inicio": 2021.0, "fim": 2025.0, "tipo": "recurrence", "id_feicao": "recurrence_2021_2025_52" }, "geometry": { "type": "Polygon", "coordinates": [ [ [ -45.085096637032613, -21.388437757243743 ], [ -45.085096637032613, -21.389785230169931 ], [ -45.08671360454403, -21.389785230169924 ], [ -45.08671360454403, -21.38816826265851 ], [ -45.085635626203086, -21.38816826265851 ], [ -45.085635626203086, -21.388437757243739 ], [ -45.085096637032613, -21.388437757243743 ] ] ] } },
{ "type": "Feature", "properties": { "anos_com_queima": 1, "area_ha": 2.2499040441120344, "inicio": 2021.0, "fim": 2025.0, "tipo": "recurrence", "id_feicao": "recurrence_2021_2025_53" }, "geometry": { "type": "Polygon", "coordinates": [ [ [ -45.095067936686341, -21.374693533396723 ], [ -45.095067936686341, -21.375771511737664 ], [ -45.095337431271581, -21.375771511737668 ], [ -45.095337431271581, -21.376310500908133 ], [ -45.096415409612518, -21.376310500908136 ], [ -45.096415409612518, -21.374963027981956 ], [ -45.096145915027286, -21.374963027981956 ], [ -45.096145915027286, -21.374693533396719 ], [ -45.095067936686341, -21.374693533396723 ] ] ] } },
{ "type": "Feature", "properties": { "anos_com_queima": 1, "area_ha": 1.3332885009813318, "inicio": 2021.0, "fim": 2025.0, "tipo": "recurrence", "id_feicao": "recurrence_2021_2025_54" }, "geometry": { "type": "Polygon", "coordinates": [ [ [ -45.097762882538703, -21.373615555055775 ], [ -45.097762882538703, -21.374693533396716 ], [ -45.098840860879648, -21.374693533396719 ], [ -45.098840860879648, -21.373615555055775 ], [ -45.097762882538703, -21.373615555055775 ] ] ] } },
{ "type": "Feature", "properties": { "anos_com_queima": 1, "area_ha": 10.832977773319191, "inicio": 2021.0, "fim": 2025.0, "tipo": "recurrence", "id_feicao": "recurrence_2021_2025_55" }, "geometry": { "type": "Polygon", "coordinates": [ [ [ -45.091025517907802, -21.37442403881148 ], [ -45.091025517907802, -21.373615555055775 ], [ -45.093720463760164, -21.373615555055778 ], [ -45.093720463760164, -21.372537576714826 ], [ -45.089139055811152, -21.372537576714834 ], [ -45.089139055811152, -21.373076565885302 ], [ -45.088330572055447, -21.373076565885302 ], [ -45.088330572055447, -21.373346060470542 ], [ -45.087252593714503, -21.373346060470535 ], [ -45.087252593714503, -21.374693533396719 ], [ -45.089947539566865, -21.374693533396719 ], [ -45.089947539566865, -21.37442403881148 ], [ -45.091025517907802, -21.37442403881148 ] ] ] } },
{ "type": "Feature", "properties": { "anos_com_queima": 1, "area_ha": 11.499929832319644, "inicio": 2021.0, "fim": 2025.0, "tipo": "recurrence", "id_feicao": "recurrence_2021_2025_56" }, "geometry": { "type": "Polygon", "coordinates": [ [ [ -45.084827142447381, -21.371190103788649 ], [ -45.084827142447381, -21.370920609203424 ], [ -45.084288153276908, -21.37092060920342 ], [ -45.084288153276908, -21.370651114618177 ], [ -45.082940680350731, -21.370651114618177 ], [ -45.082940680350731, -21.367956168765815 ], [ -45.083479669521203, -21.367956168765829 ], [ -45.083479669521203, -21.366878190424885 ], [ -45.081593207424547, -21.366878190424885 ], [ -45.081593207424547, -21.371190103788656 ], [ -45.083210174935964, -21.371190103788649 ], [ -45.083210174935964, -21.371729092959125 ], [ -45.083479669521203, -21.371729092959121 ], [ -45.083479669521203, -21.372807071300073 ], [ -45.085096637032613, -21.372807071300066 ], [ -45.085096637032613, -21.371190103788646 ], [ -45.084827142447381, -21.371190103788649 ] ] ] } },
{ "type": "Feature", "properties": { "anos_com_queima": 1, "area_ha": 27.583500857963674, "inicio": 2021.0, "fim": 2025.0, "tipo": "recurrence", "id_feicao": "recurrence_2021_2025_57" }, "geometry": { "type": "Polygon", "coordinates": [ [ [ -45.103691763413892, -21.366878190424877 ], [ -45.103691763413892, -21.368225663351062 ], [ -45.103152774243419, -21.368225663351062 ], [ -45.103152774243419, -21.368495157936295 ], [ -45.102613785072947, -21.368495157936291 ], [ -45.102613785072947, -21.369573136277236 ], [ -45.100457828391058, -21.369573136277232 ], [ -45.100457828391058, -21.37065111461818 ], [ -45.102074795902475, -21.370651114618187 ], [ -45.102074795902475, -21.370112125447704 ], [ -45.104230752584364, -21.370112125447712 ], [ -45.104230752584364, -21.369573136277229 ], [ -45.107195193021958, -21.369573136277232 ], [ -45.107195193021958, -21.369034147106767 ], [ -45.109351149703841, -21.369034147106767 ], [ -45.109351149703841, -21.368764652521527 ], [ -45.109890138874313, -21.368764652521527 ], [ -45.109890138874313, -21.368225663351055 ], [ -45.11150710638573, -21.368225663351058 ], [ -45.11150710638573, -21.367956168765826 ], [ -45.112315590141435, -21.367956168765822 ], [ -45.112315590141435, -21.366339201254405 ], [ -45.110429128044785, -21.366339201254416 ], [ -45.110429128044785, -21.366608695839641 ], [ -45.109081655118608, -21.366608695839645 ], [ -45.109081655118608, -21.366878190424877 ], [ -45.105308730925309, -21.366878190424877 ], [ -45.105308730925309, -21.366608695839645 ], [ -45.104230752584364, -21.366608695839648 ], [ -45.104230752584364, -21.366878190424877 ], [ -45.103691763413892, -21.366878190424877 ] ] ] } },
{ "type": "Feature", "properties": { "anos_com_queima": 1, "area_ha": 1.6666883548362332, "inicio": 2021.0, "fim": 2025.0, "tipo": "recurrence", "id_feicao": "recurrence_2021_2025_58" }, "geometry": { "type": "Polygon", "coordinates": [ [ [ -45.076203315719837, -21.366339201254405 ], [ -45.076203315719837, -21.367686674180593 ], [ -45.077281294060782, -21.367686674180593 ], [ -45.077281294060782, -21.366339201254409 ], [ -45.076203315719837, -21.366339201254405 ] ] ] } },
{ "type": "Feature", "properties": { "anos_com_queima": 1, "area_ha": 5.0841345981042068, "inicio": 2021.0, "fim": 2025.0, "tipo": "recurrence", "id_feicao": "recurrence_2021_2025_59" }, "geometry": { "type": "Polygon", "coordinates": [ [ [ -45.108273171362903, -21.345049129020772 ], [ -45.108273171362903, -21.343971150679831 ], [ -45.107195193021958, -21.343971150679828 ], [ -45.107195193021958, -21.346935591117429 ], [ -45.109081655118608, -21.346935591117425 ], [ -45.109081655118608, -21.345857612776477 ], [ -45.108812160533368, -21.345857612776477 ], [ -45.108812160533368, -21.345318623606005 ], [ -45.108542665948136, -21.345318623606005 ], [ -45.108542665948136, -21.345049129020776 ], [ -45.108273171362903, -21.345049129020772 ] ] ] } },
{ "type": "Feature", "properties": { "anos_com_queima": 1, "area_ha": 5.0841396289937588, "inicio": 2021.0, "fim": 2025.0, "tipo": "recurrence", "id_feicao": "recurrence_2021_2025_60" }, "geometry": { "type": "Polygon", "coordinates": [ [ [ -45.102344290487714, -21.346666096532186 ], [ -45.102344290487714, -21.346935591117422 ], [ -45.103422268828652, -21.346935591117422 ], [ -45.103422268828652, -21.345857612776484 ], [ -45.103152774243419, -21.345857612776491 ], [ -45.103152774243419, -21.345049129020783 ], [ -45.101805301317242, -21.345049129020769 ], [ -45.101805301317242, -21.343432161509359 ], [ -45.100727322976297, -21.343432161509362 ], [ -45.100727322976297, -21.344779634435533 ], [ -45.101535806732002, -21.344779634435536 ], [ -45.101535806732002, -21.34612710736172 ], [ -45.101805301317242, -21.346127107361717 ], [ -45.101805301317242, -21.34639660194695 ], [ -45.102074795902475, -21.346396601946942 ], [ -45.102074795902475, -21.346666096532193 ], [ -45.102344290487714, -21.346666096532186 ] ] ] } },
{ "type": "Feature", "properties": { "anos_com_queima": 1, "area_ha": 3.2505196755866321, "inicio": 2021.0, "fim": 2025.0, "tipo": "recurrence", "id_feicao": "recurrence_2021_2025_61" }, "geometry": { "type": "Polygon", "coordinates": [ [ [ -45.088061077470208, -21.345857612776488 ], [ -45.088061077470208, -21.34612710736172 ], [ -45.089139055811152, -21.346127107361717 ], [ -45.089139055811152, -21.343971150679831 ], [ -45.087791582884975, -21.343971150679831 ], [ -45.087791582884975, -21.345857612776484 ], [ -45.088061077470208, -21.345857612776488 ] ] ] } },
{ "type": "Feature", "properties": { "anos_com_queima": 1, "area_ha": 254.1387514102438, "inicio": 2021.0, "fim": 2025.0, "tipo": "recurrence", "id_feicao": "recurrence_2021_2025_62" }, "geometry": { "type": "Polygon", "coordinates": [ [ [ -45.095876420442053, -21.329957432247557 ], [ -45.095876420442053, -21.329418443077095 ], [ -45.095606925856814, -21.329418443077092 ], [ -45.095606925856814, -21.329148948491859 ], [ -45.094528947515869, -21.329148948491859 ], [ -45.094528947515869, -21.329957432247557 ], [ -45.093989958345396, -21.329957432247564 ], [ -45.093989958345396, -21.330765916003269 ], [ -45.091834001663514, -21.33076591600328 ], [ -45.091834001663514, -21.330496421418037 ], [ -45.090756023322569, -21.33049642141804 ], [ -45.090756023322569, -21.331843894344221 ], [ -45.08860006664068, -21.33184389434421 ], [ -45.08860006664068, -21.331574399758985 ], [ -45.086444109958798, -21.331574399758981 ], [ -45.086444109958798, -21.333730356440867 ], [ -45.085096637032613, -21.333730356440871 ], [ -45.085096637032613, -21.334269345611336 ], [ -45.082671185765491, -21.334269345611343 ], [ -45.082671185765491, -21.333999851026107 ], [ -45.082401691180259, -21.333999851026107 ], [ -45.082401691180259, -21.333730356440871 ], [ -45.080784723668842, -21.333730356440864 ], [ -45.080784723668842, -21.334808334781808 ], [ -45.081323712839314, -21.334808334781812 ], [ -45.081323712839314, -21.335077829367052 ], [ -45.082671185765491, -21.335077829367041 ], [ -45.082671185765491, -21.33561681853752 ], [ -45.083749164106436, -21.335616818537517 ], [ -45.083749164106436, -21.336155807707989 ], [ -45.084018658691676, -21.336155807707989 ], [ -45.084018658691676, -21.336694796878465 ], [ -45.085366131617853, -21.336694796878469 ], [ -45.085366131617853, -21.339389742730816 ], [ -45.085635626203086, -21.339389742730823 ], [ -45.085635626203086, -21.339928731901292 ], [ -45.087252593714503, -21.339928731901296 ], [ -45.087252593714503, -21.340467721071761 ], [ -45.088330572055447, -21.340467721071761 ], [ -45.088330572055447, -21.341276204827473 ], [ -45.089408550396392, -21.341276204827469 ], [ -45.089408550396392, -21.343701656094591 ], [ -45.091025517907802, -21.343701656094591 ], [ -45.091025517907802, -21.342354183168414 ], [ -45.093450969174924, -21.342354183168418 ], [ -45.093450969174924, -21.342623677753664 ], [ -45.093720463760164, -21.342623677753654 ], [ -45.093720463760164, -21.34289317233889 ], [ -45.093989958345396, -21.342893172338883 ], [ -45.093989958345396, -21.343162666924123 ], [ -45.095337431271581, -21.343162666924123 ], [ -45.095337431271581, -21.34424064526506 ], [ -45.096684904197758, -21.34424064526506 ], [ -45.096684904197758, -21.343971150679835 ], [ -45.097493387953463, -21.343971150679838 ], [ -45.097493387953463, -21.341006710242237 ], [ -45.099649344635353, -21.34100671024223 ], [ -45.099649344635353, -21.341276204827473 ], [ -45.100727322976297, -21.341276204827473 ], [ -45.100727322976297, -21.338581258975108 ], [ -45.103152774243419, -21.338581258975111 ], [ -45.103152774243419, -21.338850753560347 ], [ -45.105039236340069, -21.338850753560347 ], [ -45.105039236340069, -21.339389742730816 ], [ -45.105578225510541, -21.339389742730827 ], [ -45.105578225510541, -21.339659237316063 ], [ -45.105847720095774, -21.339659237316052 ], [ -45.105847720095774, -21.339928731901292 ], [ -45.106117214681014, -21.339928731901288 ], [ -45.106117214681014, -21.340198226486521 ], [ -45.106925698436719, -21.340198226486528 ], [ -45.106925698436719, -21.341815193997938 ], [ -45.108003676777663, -21.341815193997942 ], [ -45.108003676777663, -21.341545699412706 ], [ -45.108273171362903, -21.341545699412706 ], [ -45.108273171362903, -21.341006710242237 ], [ -45.108542665948136, -21.34100671024223 ], [ -45.108542665948136, -21.339120248145587 ], [ -45.110159633459553, -21.33912024814558 ], [ -45.110159633459553, -21.33723378604893 ], [ -45.110698622630025, -21.33723378604893 ], [ -45.110698622630025, -21.336425302293225 ], [ -45.110968117215258, -21.336425302293232 ], [ -45.110968117215258, -21.335347323952284 ], [ -45.108273171362903, -21.335347323952288 ], [ -45.108273171362903, -21.335077829367048 ], [ -45.106386709266246, -21.335077829367041 ], [ -45.106386709266246, -21.334269345611339 ], [ -45.106117214681014, -21.334269345611332 ], [ -45.106117214681014, -21.333999851026107 ], [ -45.105308730925309, -21.333999851026107 ], [ -45.105308730925309, -21.333460861855638 ], [ -45.103152774243419, -21.333460861855635 ], [ -45.103152774243419, -21.331304905173745 ], [ -45.103422268828652, -21.331304905173749 ], [ -45.103422268828652, -21.331035410588516 ], [ -45.103691763413892, -21.331035410588516 ], [ -45.103691763413892, -21.330226926832804 ], [ -45.104500247169597, -21.330226926832793 ], [ -45.104500247169597, -21.329148948491856 ], [ -45.104230752584364, -21.329148948491859 ], [ -45.104230752584364, -21.32887945390662 ], [ -45.10288327965818, -21.328879453906623 ], [ -45.10288327965818, -21.329148948491856 ], [ -45.100457828391058, -21.329148948491856 ], [ -45.100457828391058, -21.331035410588512 ], [ -45.098301871709175, -21.331035410588509 ], [ -45.098301871709175, -21.33049642141804 ], [ -45.096684904197758, -21.330496421418029 ], [ -45.096684904197758, -21.329957432247561 ], [ -45.095876420442053, -21.329957432247557 ] ], [ [ -45.100188333805825, -21.337233786048937 ], [ -45.099649344635353, -21.33723378604893 ], [ -45.099649344635353, -21.337772775219403 ], [ -45.095876420442053, -21.337772775219403 ], [ -45.095876420442053, -21.337503280634174 ], [ -45.095606925856814, -21.337503280634177 ], [ -45.095606925856814, -21.335077829367052 ], [ -45.095876420442053, -21.335077829367048 ], [ -45.095876420442053, -21.334538840196572 ], [ -45.096145915027286, -21.334538840196579 ], [ -45.096145915027286, -21.333191367270395 ], [ -45.09911035546488, -21.333191367270402 ], [ -45.09911035546488, -21.333460861855631 ], [ -45.099379850050113, -21.333460861855627 ], [ -45.099379850050113, -21.334269345611339 ], [ -45.099649344635353, -21.334269345611339 ], [ -45.099649344635353, -21.334538840196579 ], [ -45.100727322976297, -21.334538840196579 ], [ -45.100727322976297, -21.336964291463694 ], [ -45.100188333805825, -21.336964291463701 ], [ -45.100188333805825, -21.337233786048937 ] ] ] } },
{ "type": "Feature", "properties": { "anos_com_queima": 1, "area_ha": 4.1677497043736516, "inicio": 2021.0, "fim": 2025.0, "tipo": "recurrence", "id_feicao": "recurrence_2021_2025_63" }, "geometry": { "type": "Polygon", "coordinates": [ [ [ -45.078628766986952, -21.329687937662335 ], [ -45.078628766986952, -21.32887945390662 ], [ -45.077550788646015, -21.328879453906616 ], [ -45.077550788646015, -21.3302269268328 ], [ -45.079437250742671, -21.330226926832797 ], [ -45.079437250742671, -21.331035410588505 ], [ -45.080784723668842, -21.331035410588509 ], [ -45.080784723668842, -21.329957432247557 ], [ -45.080515229083616, -21.329957432247561 ], [ -45.080515229083616, -21.329687937662332 ], [ -45.078628766986952, -21.329687937662335 ] ] ] } },
{ "type": "Feature", "properties": { "anos_com_queima": 1, "area_ha": 1.3337105937938558, "inicio": 2021.0, "fim": 2025.0, "tipo": "recurrence", "id_feicao": "recurrence_2021_2025_64" }, "geometry": { "type": "Polygon", "coordinates": [ [ [ -45.106117214681014, -21.326184508054265 ], [ -45.106117214681014, -21.327262486395213 ], [ -45.107195193021958, -21.32726248639521 ], [ -45.107195193021958, -21.326184508054272 ], [ -45.106117214681014, -21.326184508054265 ] ] ] } },
{ "type": "Feature", "properties": { "anos_com_queima": 1, "area_ha": 1.3337116185846027, "inicio": 2021.0, "fim": 2025.0, "tipo": "recurrence", "id_feicao": "recurrence_2021_2025_65" }, "geometry": { "type": "Polygon", "coordinates": [ [ [ -45.086174615373558, -21.325915013469029 ], [ -45.086174615373558, -21.326992991809973 ], [ -45.087252593714503, -21.326992991809973 ], [ -45.087252593714503, -21.325915013469025 ], [ -45.086174615373558, -21.325915013469029 ] ] ] } },
{ "type": "Feature", "properties": { "anos_com_queima": 1, "area_ha": 8.1689595814411682, "inicio": 2021.0, "fim": 2025.0, "tipo": "recurrence", "id_feicao": "recurrence_2021_2025_66" }, "geometry": { "type": "Polygon", "coordinates": [ [ [ -45.068387972747992, -21.325376024298563 ], [ -45.068387972747992, -21.326454002639501 ], [ -45.070813424015114, -21.326454002639508 ], [ -45.070813424015114, -21.32726248639521 ], [ -45.075394831964125, -21.32726248639521 ], [ -45.075394831964125, -21.326184508054265 ], [ -45.070274434844642, -21.326184508054268 ], [ -45.070274434844642, -21.325376024298556 ], [ -45.068387972747992, -21.325376024298563 ] ] ] } },
{ "type": "Feature", "properties": { "anos_com_queima": 1, "area_ha": 2.00058294929942, "inicio": 2021.0, "fim": 2025.0, "tipo": "recurrence", "id_feicao": "recurrence_2021_2025_67" }, "geometry": { "type": "Polygon", "coordinates": [ [ [ -45.098032377123936, -21.324567540542859 ], [ -45.098032377123936, -21.326184508054268 ], [ -45.09911035546488, -21.326184508054265 ], [ -45.09911035546488, -21.324567540542848 ], [ -45.098032377123936, -21.324567540542859 ] ] ] } },
{ "type": "Feature", "properties": { "anos_com_queima": 1, "area_ha": 13.170677314274011, "inicio": 2021.0, "fim": 2025.0, "tipo": "recurrence", "id_feicao": "recurrence_2021_2025_68" }, "geometry": { "type": "Polygon", "coordinates": [ [ [ -45.082401691180259, -21.32537602429856 ], [ -45.082401691180259, -21.324837035128088 ], [ -45.082671185765491, -21.324837035128088 ], [ -45.082671185765491, -21.323220067616671 ], [ -45.082401691180259, -21.323220067616663 ], [ -45.082401691180259, -21.322681078446198 ], [ -45.082132196595019, -21.322681078446195 ], [ -45.082132196595019, -21.322411583860958 ], [ -45.081862702009786, -21.322411583860966 ], [ -45.081862702009786, -21.322142089275733 ], [ -45.081593207424547, -21.322142089275722 ], [ -45.081593207424547, -21.321603100105257 ], [ -45.081323712839314, -21.321603100105264 ], [ -45.081323712839314, -21.321064110934778 ], [ -45.078898261572199, -21.321064110934785 ], [ -45.078898261572199, -21.322142089275722 ], [ -45.079437250742671, -21.322142089275726 ], [ -45.079437250742671, -21.322681078446202 ], [ -45.079706745327897, -21.322681078446202 ], [ -45.079706745327897, -21.325106529713317 ], [ -45.081054218254089, -21.32510652971332 ], [ -45.081054218254089, -21.325376024298553 ], [ -45.082401691180259, -21.32537602429856 ] ] ] } },
{ "type": "Feature", "properties": { "anos_com_queima": 1, "area_ha": 7.0022365537580216, "inicio": 2021.0, "fim": 2025.0, "tipo": "recurrence", "id_feicao": "recurrence_2021_2025_69" }, "geometry": { "type": "Polygon", "coordinates": [ [ [ -45.105308730925309, -21.320794616349549 ], [ -45.105308730925309, -21.319986132593847 ], [ -45.103422268828652, -21.31998613259384 ], [ -45.103422268828652, -21.32160310010525 ], [ -45.105578225510541, -21.321603100105254 ], [ -45.105578225510541, -21.322142089275726 ], [ -45.106386709266246, -21.322142089275722 ], [ -45.106386709266246, -21.322411583860962 ], [ -45.107464687607191, -21.322411583860962 ], [ -45.107464687607191, -21.320794616349545 ], [ -45.105308730925309, -21.320794616349549 ] ] ] } },
{ "type": "Feature", "properties": { "anos_com_queima": 1, "area_ha": 2.3341090938203233, "inicio": 2021.0, "fim": 2025.0, "tipo": "recurrence", "id_feicao": "recurrence_2021_2025_70" }, "geometry": { "type": "Polygon", "coordinates": [ [ [ -45.101535806732002, -21.318908154252895 ], [ -45.101535806732002, -21.319986132593836 ], [ -45.103152774243419, -21.31998613259384 ], [ -45.103152774243419, -21.318638659667663 ], [ -45.102074795902475, -21.318638659667666 ], [ -45.102074795902475, -21.318908154252899 ], [ -45.101535806732002, -21.318908154252895 ] ] ] } },
{ "type": "Feature", "properties": { "anos_com_queima": 1, "area_ha": 1.917338431406294, "inicio": 2021.0, "fim": 2025.0, "tipo": "recurrence", "id_feicao": "recurrence_2021_2025_71" }, "geometry": { "type": "Polygon", "coordinates": [ [ [ -45.07458634820842, -21.315674219230068 ], [ -45.07458634820842, -21.316752197571002 ], [ -45.074855842793653, -21.316752197571009 ], [ -45.074855842793653, -21.317021692156242 ], [ -45.075933821134598, -21.317021692156242 ], [ -45.075933821134598, -21.315943713815301 ], [ -45.075664326549365, -21.315943713815308 ], [ -45.075664326549365, -21.315674219230061 ], [ -45.07458634820842, -21.315674219230068 ] ] ] } },
{ "type": "Feature", "properties": { "anos_com_queima": 1, "area_ha": 4.4182712269857713, "inicio": 2021.0, "fim": 2025.0, "tipo": "recurrence", "id_feicao": "recurrence_2021_2025_72" }, "geometry": { "type": "Polygon", "coordinates": [ [ [ -45.107195193021958, -21.313518262548172 ], [ -45.107195193021958, -21.314057251718651 ], [ -45.106117214681014, -21.314057251718648 ], [ -45.106117214681014, -21.315674219230061 ], [ -45.107464687607191, -21.315674219230061 ], [ -45.107464687607191, -21.315404724644836 ], [ -45.108273171362903, -21.315404724644821 ], [ -45.108273171362903, -21.313518262548175 ], [ -45.107195193021958, -21.313518262548172 ] ] ] } },
{ "type": "Feature", "properties": { "anos_com_queima": 1, "area_ha": 2.6676505327870053, "inicio": 2021.0, "fim": 2025.0, "tipo": "recurrence", "id_feicao": "recurrence_2021_2025_73" }, "geometry": { "type": "Polygon", "coordinates": [ [ [ -45.104500247169597, -21.312709778792481 ], [ -45.104500247169597, -21.314865735474356 ], [ -45.105578225510541, -21.314865735474363 ], [ -45.105578225510541, -21.312709778792478 ], [ -45.104500247169597, -21.312709778792481 ] ] ] } },
{ "type": "Feature", "properties": { "anos_com_queima": 1, "area_ha": 1.6673158492845044, "inicio": 2021.0, "fim": 2025.0, "tipo": "recurrence", "id_feicao": "recurrence_2021_2025_74" }, "geometry": { "type": "Polygon", "coordinates": [ [ [ -45.103422268828652, -21.310014832940116 ], [ -45.103422268828652, -21.311362305866293 ], [ -45.104500247169597, -21.311362305866297 ], [ -45.104500247169597, -21.310014832940116 ], [ -45.103422268828652, -21.310014832940116 ] ] ] } },
{ "type": "Feature", "properties": { "anos_com_queima": 1, "area_ha": 2.4176444933602079, "inicio": 2021.0, "fim": 2025.0, "tipo": "recurrence", "id_feicao": "recurrence_2021_2025_75" }, "geometry": { "type": "Polygon", "coordinates": [ [ [ -45.103422268828652, -21.308936854599175 ], [ -45.103422268828652, -21.309206349184407 ], [ -45.104500247169597, -21.3092063491844 ], [ -45.104500247169597, -21.307589381672987 ], [ -45.103152774243419, -21.307589381672987 ], [ -45.103152774243419, -21.308936854599171 ], [ -45.103422268828652, -21.308936854599175 ] ] ] } },
{ "type": "Feature", "properties": { "anos_com_queima": 1, "area_ha": 8.3367107358880421, "inicio": 2021.0, "fim": 2025.0, "tipo": "recurrence", "id_feicao": "recurrence_2021_2025_76" }, "geometry": { "type": "Polygon", "coordinates": [ [ [ -45.106656203851486, -21.310014832940109 ], [ -45.106656203851486, -21.310284327525345 ], [ -45.108003676777663, -21.310284327525352 ], [ -45.108003676777663, -21.309745338354873 ], [ -45.108273171362903, -21.309745338354887 ], [ -45.108273171362903, -21.306241908746816 ], [ -45.106656203851486, -21.306241908746806 ], [ -45.106656203851486, -21.308128370843455 ], [ -45.106386709266246, -21.308128370843466 ], [ -45.106386709266246, -21.308397865428692 ], [ -45.106117214681014, -21.308397865428695 ], [ -45.106117214681014, -21.309745338354876 ], [ -45.106386709266246, -21.309745338354883 ], [ -45.106386709266246, -21.310014832940116 ], [ -45.106656203851486, -21.310014832940109 ] ] ] } },
{ "type": "Feature", "properties": { "anos_com_queima": 1, "area_ha": 6.7528689572009011, "inicio": 2021.0, "fim": 2025.0, "tipo": "recurrence", "id_feicao": "recurrence_2021_2025_77" }, "geometry": { "type": "Polygon", "coordinates": [ [ [ -45.103691763413892, -21.304624941235399 ], [ -45.103691763413892, -21.302738479138746 ], [ -45.102613785072947, -21.30273847913875 ], [ -45.102613785072947, -21.305433424991104 ], [ -45.10126631214677, -21.305433424991101 ], [ -45.10126631214677, -21.307050392502514 ], [ -45.101805301317242, -21.307050392502514 ], [ -45.101805301317242, -21.307319887087758 ], [ -45.103152774243419, -21.30731988708775 ], [ -45.103152774243419, -21.304624941235389 ], [ -45.103691763413892, -21.304624941235399 ] ] ] } },
{ "type": "Feature", "properties": { "anos_com_queima": 1, "area_ha": 1.6674203952432971, "inicio": 2021.0, "fim": 2025.0, "tipo": "recurrence", "id_feicao": "recurrence_2021_2025_78" }, "geometry": { "type": "Polygon", "coordinates": [ [ [ -45.085366131617853, -21.300582522456853 ], [ -45.085366131617853, -21.301660500797801 ], [ -45.08671360454403, -21.301660500797801 ], [ -45.08671360454403, -21.30058252245686 ], [ -45.085366131617853, -21.300582522456853 ] ] ] } },
{ "type": "Feature", "properties": { "anos_com_queima": 1, "area_ha": 10.838482551982349, "inicio": 2021.0, "fim": 2025.0, "tipo": "recurrence", "id_feicao": "recurrence_2021_2025_79" }, "geometry": { "type": "Polygon", "coordinates": [ [ [ -45.098840860879648, -21.299235049530676 ], [ -45.098840860879648, -21.300043533286395 ], [ -45.100188333805825, -21.300043533286388 ], [ -45.100188333805825, -21.298696060360204 ], [ -45.100457828391058, -21.298696060360204 ], [ -45.100457828391058, -21.295731619922613 ], [ -45.098840860879648, -21.295731619922606 ], [ -45.098840860879648, -21.296001114507849 ], [ -45.098301871709175, -21.296001114507842 ], [ -45.098301871709175, -21.296270609093085 ], [ -45.097762882538703, -21.296270609093085 ], [ -45.097762882538703, -21.297348587434026 ], [ -45.098032377123936, -21.29734858743403 ], [ -45.098032377123936, -21.299235049530683 ], [ -45.098840860879648, -21.299235049530676 ] ] ] } },
{ "type": "Feature", "properties": { "anos_com_queima": 1, "area_ha": 3.5851168685849335, "inicio": 2021.0, "fim": 2025.0, "tipo": "recurrence", "id_feicao": "recurrence_2021_2025_80" }, "geometry": { "type": "Polygon", "coordinates": [ [ [ -45.10288327965818, -21.294923136166908 ], [ -45.10288327965818, -21.294653641581672 ], [ -45.103422268828652, -21.294653641581675 ], [ -45.103422268828652, -21.293575663240727 ], [ -45.10099681756153, -21.29357566324073 ], [ -45.10099681756153, -21.294923136166908 ], [ -45.10288327965818, -21.294923136166908 ] ] ] } },
{ "type": "Feature", "properties": { "anos_com_queima": 1, "area_ha": 3.0852068616613715, "inicio": 2021.0, "fim": 2025.0, "tipo": "recurrence", "id_feicao": "recurrence_2021_2025_81" }, "geometry": { "type": "Polygon", "coordinates": [ [ [ -45.068387972747992, -21.276597504370862 ], [ -45.068387972747992, -21.277136493541327 ], [ -45.069196456503697, -21.277136493541338 ], [ -45.069196456503697, -21.278753461052755 ], [ -45.070274434844642, -21.278753461052759 ], [ -45.070274434844642, -21.276866998956102 ], [ -45.070004940259409, -21.276866998956102 ], [ -45.070004940259409, -21.276597504370873 ], [ -45.068387972747992, -21.276597504370862 ] ] ] } },
{ "type": "Feature", "properties": { "anos_com_queima": 1, "area_ha": 0.25015205794601686, "inicio": 2021.0, "fim": 2025.0, "tipo": "recurrence", "id_feicao": "recurrence_2021_2025_82" }, "geometry": { "type": "Polygon", "coordinates": [ [ [ -45.068118478162759, -21.277136493541335 ], [ -45.068118478162759, -21.27794497729705 ], [ -45.068387972747992, -21.277944977297047 ], [ -45.068387972747992, -21.277136493541327 ], [ -45.068118478162759, -21.277136493541335 ] ] ] } },
{ "type": "Feature", "properties": { "anos_com_queima": 1, "area_ha": 2.0012321502462509, "inicio": 2021.0, "fim": 2025.0, "tipo": "recurrence", "id_feicao": "recurrence_2021_2025_83" }, "geometry": { "type": "Polygon", "coordinates": [ [ [ -45.102074795902475, -21.276058515200393 ], [ -45.102074795902475, -21.277136493541327 ], [ -45.103691763413892, -21.277136493541338 ], [ -45.103691763413892, -21.2760585152004 ], [ -45.102074795902475, -21.276058515200393 ] ] ] } },
{ "type": "Feature", "properties": { "anos_com_queima": 1, "area_ha": 2.2517189310772774, "inicio": 2021.0, "fim": 2025.0, "tipo": "recurrence", "id_feicao": "recurrence_2021_2025_84" }, "geometry": { "type": "Polygon", "coordinates": [ [ [ -45.088330572055447, -21.253420970040583 ], [ -45.088330572055447, -21.254498948381528 ], [ -45.08860006664068, -21.254498948381524 ], [ -45.08860006664068, -21.255037937552004 ], [ -45.089678044981625, -21.255037937551997 ], [ -45.089678044981625, -21.253690464625823 ], [ -45.089408550396392, -21.253690464625823 ], [ -45.089408550396392, -21.253420970040583 ], [ -45.088330572055447, -21.253420970040583 ] ] ] } },
{ "type": "Feature", "properties": { "anos_com_queima": 1, "area_ha": 1.0010417577295219, "inicio": 2021.0, "fim": 2025.0, "tipo": "recurrence", "id_feicao": "recurrence_2021_2025_85" }, "geometry": { "type": "Polygon", "coordinates": [ [ [ -45.083479669521203, -21.211379814743779 ], [ -45.083479669521203, -21.212457793084731 ], [ -45.083749164106436, -21.212457793084727 ], [ -45.083749164106436, -21.212727287669971 ], [ -45.084827142447381, -21.212727287669964 ], [ -45.084827142447381, -21.212188298499498 ], [ -45.083749164106436, -21.212188298499495 ], [ -45.083749164106436, -21.21137981474379 ], [ -45.083479669521203, -21.211379814743779 ] ] ] } },
{ "type": "Feature", "properties": { "anos_com_queima": 1, "area_ha": 0.33368169581024049, "inicio": 2021.0, "fim": 2025.0, "tipo": "recurrence", "id_feicao": "recurrence_2021_2025_86" }, "geometry": { "type": "Polygon", "coordinates": [ [ [ -45.084827142447381, -21.211649309329026 ], [ -45.084827142447381, -21.211918803914266 ], [ -45.085905120788325, -21.211918803914259 ], [ -45.085905120788325, -21.211649309329029 ], [ -45.084827142447381, -21.211649309329026 ] ] ] } },
{ "type": "Feature", "properties": { "anos_com_queima": 1, "area_ha": 0.33368375780425374, "inicio": 2021.0, "fim": 2025.0, "tipo": "recurrence", "id_feicao": "recurrence_2021_2025_87" }, "geometry": { "type": "Polygon", "coordinates": [ [ [ -45.083749164106436, -21.210571330988088 ], [ -45.083749164106436, -21.211110320158554 ], [ -45.084288153276908, -21.211110320158557 ], [ -45.084288153276908, -21.210571330988074 ], [ -45.083749164106436, -21.210571330988088 ] ] ] } },
{ "type": "Feature", "properties": { "anos_com_queima": 1, "area_ha": 1.4181575076950708, "inicio": 2021.0, "fim": 2025.0, "tipo": "recurrence", "id_feicao": "recurrence_2021_2025_88" }, "geometry": { "type": "Polygon", "coordinates": [ [ [ -45.085905120788325, -21.210571330988081 ], [ -45.085905120788325, -21.210840825573317 ], [ -45.09048652873733, -21.210840825573321 ], [ -45.09048652873733, -21.210571330988078 ], [ -45.085905120788325, -21.210571330988081 ] ] ] } },
{ "type": "Feature", "properties": { "anos_com_queima": 1, "area_ha": 10.594499590770953, "inicio": 2021.0, "fim": 2025.0, "tipo": "recurrence", "id_feicao": "recurrence_2021_2025_89" }, "geometry": { "type": "Polygon", "coordinates": [ [ [ -45.070274434844642, -21.211110320158554 ], [ -45.070543929429881, -21.211110320158554 ], [ -45.070543929429881, -21.211379814743793 ], [ -45.071352413185586, -21.211379814743786 ], [ -45.071352413185586, -21.212457793084731 ], [ -45.072430391526531, -21.212457793084738 ], [ -45.072430391526531, -21.211379814743793 ], [ -45.071621907770826, -21.211379814743786 ], [ -45.071621907770826, -21.211110320158543 ], [ -45.071891402356059, -21.211110320158557 ], [ -45.071891402356059, -21.21084082557331 ], [ -45.072430391526531, -21.210840825573321 ], [ -45.072430391526531, -21.210571330988081 ], [ -45.072699886111764, -21.210571330988085 ], [ -45.072699886111764, -21.210301836402856 ], [ -45.073238875282236, -21.210301836402845 ], [ -45.073238875282236, -21.210032341817605 ], [ -45.073777864452708, -21.210032341817602 ], [ -45.073777864452708, -21.208954363476668 ], [ -45.072969380697003, -21.208954363476671 ], [ -45.072969380697003, -21.208145879720959 ], [ -45.071891402356059, -21.208145879720956 ], [ -45.071891402356059, -21.208954363476661 ], [ -45.069465951088937, -21.208954363476668 ], [ -45.069465951088937, -21.2092238580619 ], [ -45.069196456503697, -21.209223858061904 ], [ -45.069196456503697, -21.210571330988081 ], [ -45.069735445674169, -21.210571330988078 ], [ -45.069735445674169, -21.210840825573325 ], [ -45.070274434844642, -21.210840825573317 ], [ -45.070274434844642, -21.211110320158554 ] ], [ [ -45.070543929429881, -21.209223858061904 ], [ -45.070543929429881, -21.210301836402845 ], [ -45.069465951088937, -21.210301836402849 ], [ -45.069465951088937, -21.2092238580619 ], [ -45.070543929429881, -21.209223858061904 ] ] ] } },
{ "type": "Feature", "properties": { "anos_com_queima": 1, "area_ha": 49.469300700528748, "inicio": 2021.0, "fim": 2025.0, "tipo": "recurrence", "id_feicao": "recurrence_2021_2025_90" }, "geometry": { "type": "Polygon", "coordinates": [ [ [ -45.091295012493042, -21.206798406794778 ], [ -45.091295012493042, -21.208954363476668 ], [ -45.091025517907802, -21.208954363476668 ], [ -45.091025517907802, -21.209223858061904 ], [ -45.091564507078274, -21.2092238580619 ], [ -45.091564507078274, -21.20949335264714 ], [ -45.092103496248747, -21.209493352647137 ], [ -45.092103496248747, -21.209762847232369 ], [ -45.092372990833987, -21.209762847232366 ], [ -45.092372990833987, -21.210571330988078 ], [ -45.094528947515869, -21.210571330988085 ], [ -45.094528947515869, -21.212996782255207 ], [ -45.094798442101109, -21.212996782255207 ], [ -45.094798442101109, -21.214344255181384 ], [ -45.097223893368231, -21.214344255181388 ], [ -45.097223893368231, -21.21326627684045 ], [ -45.096954398782991, -21.213266276840443 ], [ -45.096954398782991, -21.212727287669974 ], [ -45.096684904197758, -21.212727287669974 ], [ -45.096684904197758, -21.212188298499498 ], [ -45.096415409612518, -21.212188298499491 ], [ -45.096415409612518, -21.210032341817612 ], [ -45.098301871709175, -21.210032341817612 ], [ -45.098301871709175, -21.209762847232373 ], [ -45.098571366294408, -21.209762847232373 ], [ -45.098571366294408, -21.209493352647137 ], [ -45.098840860879648, -21.20949335264714 ], [ -45.098840860879648, -21.208954363476675 ], [ -45.09911035546488, -21.208954363476671 ], [ -45.09911035546488, -21.208415374306192 ], [ -45.099379850050113, -21.208415374306192 ], [ -45.099379850050113, -21.207067901380022 ], [ -45.098840860879648, -21.207067901380022 ], [ -45.098840860879648, -21.20625941762431 ], [ -45.098032377123936, -21.20625941762431 ], [ -45.098032377123936, -21.205181439283365 ], [ -45.096954398782991, -21.205181439283365 ], [ -45.096954398782991, -21.205720428453837 ], [ -45.093720463760164, -21.205720428453834 ], [ -45.093720463760164, -21.205181439283368 ], [ -45.092372990833987, -21.205181439283368 ], [ -45.092372990833987, -21.206259417624313 ], [ -45.091564507078274, -21.206259417624306 ], [ -45.091564507078274, -21.206798406794785 ], [ -45.091295012493042, -21.206798406794778 ] ] ] } },
{ "type": "Feature", "properties": { "anos_com_queima": 1, "area_ha": 0.33368829408262352, "inicio": 2021.0, "fim": 2025.0, "tipo": "recurrence", "id_feicao": "recurrence_2021_2025_91" }, "geometry": { "type": "Polygon", "coordinates": [ [ [ -45.088330572055447, -21.208684868891428 ], [ -45.088330572055447, -21.208954363476671 ], [ -45.089408550396392, -21.208954363476668 ], [ -45.089408550396392, -21.208684868891435 ], [ -45.088330572055447, -21.208684868891428 ] ] ] } },
{ "type": "Feature", "properties": { "anos_com_queima": 1, "area_ha": 3.0866159408742804, "inicio": 2021.0, "fim": 2025.0, "tipo": "recurrence", "id_feicao": "recurrence_2021_2025_92" }, "geometry": { "type": "Polygon", "coordinates": [ [ [ -45.085366131617853, -21.209223858061907 ], [ -45.085366131617853, -21.207606890550494 ], [ -45.084288153276908, -21.20760689055048 ], [ -45.084288153276908, -21.210032341817612 ], [ -45.084827142447381, -21.210032341817609 ], [ -45.084827142447381, -21.209762847232373 ], [ -45.085366131617853, -21.209762847232373 ], [ -45.085366131617853, -21.209493352647133 ], [ -45.086174615373558, -21.20949335264714 ], [ -45.086174615373558, -21.209223858061904 ], [ -45.085366131617853, -21.209223858061907 ] ] ] } },
{ "type": "Feature", "properties": { "anos_com_queima": 1, "area_ha": 2.6695578646630049, "inicio": 2021.0, "fim": 2025.0, "tipo": "recurrence", "id_feicao": "recurrence_2021_2025_93" }, "geometry": { "type": "Polygon", "coordinates": [ [ [ -45.083210174935964, -21.206798406794785 ], [ -45.084557647862141, -21.206798406794782 ], [ -45.084557647862141, -21.205720428453837 ], [ -45.084288153276908, -21.205720428453841 ], [ -45.084288153276908, -21.204911944698132 ], [ -45.083210174935964, -21.204911944698132 ], [ -45.083210174935964, -21.206798406794785 ] ] ] } },
{ "type": "Feature", "properties": { "anos_com_queima": 1, "area_ha": 62.735524607307802, "inicio": 2021.0, "fim": 2025.0, "tipo": "recurrence", "id_feicao": "recurrence_2021_2025_94" }, "geometry": { "type": "Polygon", "coordinates": [ [ [ -45.071621907770826, -21.201139020504833 ], [ -45.071621907770826, -21.201947504260534 ], [ -45.071352413185586, -21.201947504260534 ], [ -45.071352413185586, -21.203025482601479 ], [ -45.070004940259409, -21.203025482601479 ], [ -45.070004940259409, -21.204911944698129 ], [ -45.069196456503697, -21.204911944698132 ], [ -45.069196456503697, -21.206528912209546 ], [ -45.070274434844642, -21.206528912209549 ], [ -45.070274434844642, -21.204642450112896 ], [ -45.072969380697003, -21.204642450112896 ], [ -45.072969380697003, -21.204911944698132 ], [ -45.073508369867476, -21.204911944698132 ], [ -45.073508369867476, -21.205450933868605 ], [ -45.073777864452708, -21.205450933868605 ], [ -45.073777864452708, -21.205720428453834 ], [ -45.074047359037948, -21.205720428453834 ], [ -45.074047359037948, -21.205989923039077 ], [ -45.075125337378893, -21.205989923039066 ], [ -45.075125337378893, -21.207337395965254 ], [ -45.075394831964125, -21.207337395965247 ], [ -45.075394831964125, -21.208145879720956 ], [ -45.075664326549365, -21.208145879720949 ], [ -45.075664326549365, -21.208684868891432 ], [ -45.077281294060782, -21.208684868891435 ], [ -45.077281294060782, -21.208954363476668 ], [ -45.078628766986952, -21.208954363476668 ], [ -45.078628766986952, -21.208684868891424 ], [ -45.080515229083616, -21.208684868891432 ], [ -45.080515229083616, -21.207067901380022 ], [ -45.078898261572199, -21.207067901380011 ], [ -45.078898261572199, -21.206798406794782 ], [ -45.078359272401727, -21.206798406794782 ], [ -45.078359272401727, -21.205720428453834 ], [ -45.076203315719837, -21.205720428453837 ], [ -45.076203315719837, -21.202755988016239 ], [ -45.078359272401727, -21.202755988016236 ], [ -45.078359272401727, -21.203294977186719 ], [ -45.081054218254089, -21.203294977186715 ], [ -45.081054218254089, -21.201947504260538 ], [ -45.079706745327897, -21.201947504260534 ], [ -45.079706745327897, -21.201678009675298 ], [ -45.079167756157425, -21.201678009675291 ], [ -45.079167756157425, -21.201408515090066 ], [ -45.078089777816487, -21.201408515090066 ], [ -45.078089777816487, -21.200061042163888 ], [ -45.07674230489031, -21.200061042163888 ], [ -45.07674230489031, -21.199522052993409 ], [ -45.07647281030507, -21.199522052993419 ], [ -45.07647281030507, -21.197905085481995 ], [ -45.075125337378893, -21.197905085481992 ], [ -45.075125337378893, -21.199522052993409 ], [ -45.07458634820842, -21.199522052993412 ], [ -45.07458634820842, -21.200061042163885 ], [ -45.072430391526531, -21.200061042163885 ], [ -45.072430391526531, -21.200330536749117 ], [ -45.071891402356059, -21.200330536749114 ], [ -45.071891402356059, -21.201139020504829 ], [ -45.071621907770826, -21.201139020504833 ] ] ] } },
{ "type": "Feature", "properties": { "anos_com_queima": 1, "area_ha": 2.0022232441002306, "inicio": 2021.0, "fim": 2025.0, "tipo": "recurrence", "id_feicao": "recurrence_2021_2025_95" }, "geometry": { "type": "Polygon", "coordinates": [ [ [ -45.092911980004459, -21.202486493431007 ], [ -45.092911980004459, -21.201408515090062 ], [ -45.092642485419219, -21.201408515090066 ], [ -45.092642485419219, -21.201139020504822 ], [ -45.091564507078274, -21.201139020504829 ], [ -45.091564507078274, -21.20248649343101 ], [ -45.092911980004459, -21.202486493431007 ] ] ] } },
{ "type": "Feature", "properties": { "anos_com_queima": 1, "area_ha": 2.0022261245496362, "inicio": 2021.0, "fim": 2025.0, "tipo": "recurrence", "id_feicao": "recurrence_2021_2025_96" }, "geometry": { "type": "Polygon", "coordinates": [ [ [ -45.085635626203086, -21.202216998845778 ], [ -45.085635626203086, -21.201139020504826 ], [ -45.085366131617853, -21.201139020504822 ], [ -45.085366131617853, -21.20086952591959 ], [ -45.084288153276908, -21.20086952591959 ], [ -45.084288153276908, -21.202216998845778 ], [ -45.085635626203086, -21.202216998845778 ] ] ] } },
{ "type": "Feature", "properties": { "anos_com_queima": 1, "area_ha": 5.1725446149559877, "inicio": 2021.0, "fim": 2025.0, "tipo": "recurrence", "id_feicao": "recurrence_2021_2025_97" }, "geometry": { "type": "Polygon", "coordinates": [ [ [ -45.096415409612518, -21.1987135692377 ], [ -45.096415409612518, -21.197905085481992 ], [ -45.096684904197758, -21.197905085481992 ], [ -45.096684904197758, -21.196557612555814 ], [ -45.095337431271581, -21.196557612555814 ], [ -45.095337431271581, -21.197635590896756 ], [ -45.094259452930636, -21.197635590896759 ], [ -45.094259452930636, -21.197905085481995 ], [ -45.093989958345396, -21.197905085481995 ], [ -45.093989958345396, -21.198983063822936 ], [ -45.095606925856814, -21.198983063822944 ], [ -45.095606925856814, -21.1987135692377 ], [ -45.096415409612518, -21.1987135692377 ] ] ] } },
{ "type": "Feature", "properties": { "anos_com_queima": 1, "area_ha": 20.773882758458871, "inicio": 2021.0, "fim": 2025.0, "tipo": "recurrence", "id_feicao": "recurrence_2021_2025_98" }, "geometry": { "type": "Polygon", "coordinates": [ [ [ -45.084288153276908, -21.197635590896759 ], [ -45.084288153276908, -21.196557612555825 ], [ -45.087252593714503, -21.196557612555811 ], [ -45.087252593714503, -21.195210139629648 ], [ -45.08860006664068, -21.195210139629634 ], [ -45.08860006664068, -21.193862666703453 ], [ -45.087522088299735, -21.193862666703453 ], [ -45.087522088299735, -21.194940645044394 ], [ -45.085635626203086, -21.194940645044404 ], [ -45.085635626203086, -21.195210139629637 ], [ -45.083210174935964, -21.195210139629637 ], [ -45.083210174935964, -21.19359317211822 ], [ -45.082132196595019, -21.193593172118224 ], [ -45.082132196595019, -21.19332367753298 ], [ -45.081054218254089, -21.193323677532984 ], [ -45.081054218254089, -21.194401655873929 ], [ -45.081323712839314, -21.194401655873939 ], [ -45.081323712839314, -21.198444074652468 ], [ -45.082940680350731, -21.198444074652464 ], [ -45.082940680350731, -21.197905085481995 ], [ -45.083210174935964, -21.197905085481992 ], [ -45.083210174935964, -21.197635590896763 ], [ -45.084288153276908, -21.197635590896759 ] ] ] } },
{ "type": "Feature", "properties": { "anos_com_queima": 1, "area_ha": 0.0018700691279006491, "inicio": 2021.0, "fim": 2025.0, "tipo": "recurrence", "id_feicao": "recurrence_2021_2025_99" }, "geometry": { "type": "Polygon", "coordinates": [ [ [ -45.070004940259409, -21.195749128800106 ], [ -45.070004940259302, -21.195702586766878 ], [ -45.069934984379678, -21.195749128841413 ], [ -45.070004940259409, -21.195749128800106 ] ] ] } },
{ "type": "Feature", "properties": { "anos_com_queima": 1, "area_ha": 1.3348899658094699, "inicio": 2021.0, "fim": 2025.0, "tipo": "recurrence", "id_feicao": "recurrence_2021_2025_100" }, "geometry": { "type": "Polygon", "coordinates": [ [ [ -45.08860006664068, -21.192784688362512 ], [ -45.08860006664068, -21.193862666703453 ], [ -45.089678044981625, -21.193862666703456 ], [ -45.089678044981625, -21.192784688362515 ], [ -45.08860006664068, -21.192784688362512 ] ] ] } },
{ "type": "Feature", "properties": { "anos_com_queima": 1, "area_ha": 1.6664269865763697, "inicio": 2021.0, "fim": 2025.0, "tipo": "recurrence", "id_feicao": "recurrence_2021_2025_101" }, "geometry": { "type": "Polygon", "coordinates": [ [ [ -45.066771005236575, -21.38978523016992 ], [ -45.066771005236575, -21.391132703096115 ], [ -45.06784898357752, -21.391132703096105 ], [ -45.06784898357752, -21.389785230169924 ], [ -45.066771005236575, -21.38978523016992 ] ] ] } },
{ "type": "Feature", "properties": { "anos_com_queima": 1, "area_ha": 5.0439386030290514, "inicio": 2021.0, "fim": 2025.0, "tipo": "recurrence", "id_feicao": "recurrence_2021_2025_102" }, "geometry": { "type": "Polygon", "coordinates": [ [ [ -45.053296275974795, -21.37092060920342 ], [ -45.053296275974795, -21.370651114618177 ], [ -45.05356577056002, -21.370651114618177 ], [ -45.05356577056002, -21.369303641692003 ], [ -45.051140319292905, -21.369303641692007 ], [ -45.051140319292905, -21.369573136277239 ], [ -45.050870824707665, -21.369573136277236 ], [ -45.050870824707665, -21.37092060920342 ], [ -45.051140319292905, -21.370920609203417 ], [ -45.051140319292784, -21.370994749383154 ], [ -45.051271, -21.370982 ], [ -45.051516, -21.371028 ], [ -45.051738, -21.371107999999897 ], [ -45.051935229142615, -21.371190104458908 ], [ -45.05221829763385, -21.371190103788656 ], [ -45.05221829763385, -21.370920609203413 ], [ -45.053296275974795, -21.37092060920342 ] ] ] } },
{ "type": "Feature", "properties": { "anos_com_queima": 1, "area_ha": 1.3335636902280552, "inicio": 2021.0, "fim": 2025.0, "tipo": "recurrence", "id_feicao": "recurrence_2021_2025_103" }, "geometry": { "type": "Polygon", "coordinates": [ [ [ -45.044402954662004, -21.342354183168414 ], [ -45.044402954662004, -21.343432161509352 ], [ -45.045480933002942, -21.343432161509359 ], [ -45.045480933002942, -21.342354183168421 ], [ -45.044402954662004, -21.342354183168414 ] ] ] } },
{ "type": "Feature", "properties": { "anos_com_queima": 1, "area_ha": 3.3339286451616017, "inicio": 2021.0, "fim": 2025.0, "tipo": "recurrence", "id_feicao": "recurrence_2021_2025_104" }, "geometry": { "type": "Polygon", "coordinates": [ [ [ -45.023651871598844, -21.342354183168418 ], [ -45.023651871598844, -21.342893172338883 ], [ -45.024999344525021, -21.342893172338886 ], [ -45.024999344525021, -21.341006710242233 ], [ -45.023382377013604, -21.341006710242233 ], [ -45.023382377013604, -21.342354183168418 ], [ -45.023651871598844, -21.342354183168418 ] ] ] } },
{ "type": "Feature", "properties": { "anos_com_queima": 1, "area_ha": 6.0844935844524342, "inicio": 2021.0, "fim": 2025.0, "tipo": "recurrence", "id_feicao": "recurrence_2021_2025_105" }, "geometry": { "type": "Polygon", "coordinates": [ [ [ -45.03281468749686, -21.339659237316052 ], [ -45.03281468749686, -21.338581258975115 ], [ -45.032545192911627, -21.338581258975118 ], [ -45.032545192911627, -21.33885075356034 ], [ -45.03065873081497, -21.338850753560344 ], [ -45.03065873081497, -21.341545699412702 ], [ -45.032275698326387, -21.341545699412702 ], [ -45.032275698326387, -21.341276204827473 ], [ -45.032545192911627, -21.341276204827473 ], [ -45.032545192911627, -21.339659237316049 ], [ -45.03281468749686, -21.339659237316052 ] ] ] } },
{ "type": "Feature", "properties": { "anos_com_queima": 1, "area_ha": 0.33340161145500014, "inicio": 2021.0, "fim": 2025.0, "tipo": "recurrence", "id_feicao": "recurrence_2021_2025_106" }, "geometry": { "type": "Polygon", "coordinates": [ [ [ -45.03281468749686, -21.337503280634163 ], [ -45.03281468749686, -21.338581258975115 ], [ -45.033084182082092, -21.338581258975111 ], [ -45.033084182082092, -21.337503280634166 ], [ -45.03281468749686, -21.337503280634163 ] ] ] } },
{ "type": "Feature", "properties": { "anos_com_queima": 1, "area_ha": 14.336311661572179, "inicio": 2021.0, "fim": 2025.0, "tipo": "recurrence", "id_feicao": "recurrence_2021_2025_107" }, "geometry": { "type": "Polygon", "coordinates": [ [ [ -45.028233279547848, -21.337772775219406 ], [ -45.028233279547848, -21.337503280634174 ], [ -45.027424795792143, -21.337503280634177 ], [ -45.027424795792143, -21.336694796878465 ], [ -45.025268839110254, -21.336694796878461 ], [ -45.025268839110254, -21.336964291463708 ], [ -45.021765409502187, -21.336964291463701 ], [ -45.021765409502187, -21.335886313122757 ], [ -45.022304398672659, -21.33588631312276 ], [ -45.022304398672659, -21.334808334781808 ], [ -45.020956925746482, -21.334808334781808 ], [ -45.020956925746482, -21.335886313122746 ], [ -45.021226420331715, -21.335886313122749 ], [ -45.021226420331715, -21.340467721071764 ], [ -45.022304398672659, -21.340467721071761 ], [ -45.022304398672659, -21.338311764389882 ], [ -45.025538333695494, -21.338311764389875 ], [ -45.025538333695494, -21.337772775219406 ], [ -45.028233279547848, -21.337772775219406 ] ] ] } },
{ "type": "Feature", "properties": { "anos_com_queima": 1, "area_ha": 1.1669151746165991, "inicio": 2021.0, "fim": 2025.0, "tipo": "recurrence", "id_feicao": "recurrence_2021_2025_108" }, "geometry": { "type": "Polygon", "coordinates": [ [ [ -45.033623171252565, -21.337503280634166 ], [ -45.033623171252565, -21.337233786048927 ], [ -45.033892665837804, -21.337233786048927 ], [ -45.033892665837804, -21.336155807707989 ], [ -45.033084182082092, -21.336155807707993 ], [ -45.033084182082092, -21.337503280634166 ], [ -45.033623171252565, -21.337503280634166 ] ] ] } },
{ "type": "Feature", "properties": { "anos_com_queima": 1, "area_ha": 8.6687172166808484, "inicio": 2021.0, "fim": 2025.0, "tipo": "recurrence", "id_feicao": "recurrence_2021_2025_109" }, "geometry": { "type": "Polygon", "coordinates": [ [ [ -45.036048622519687, -21.336155807707993 ], [ -45.036048622519687, -21.334538840196569 ], [ -45.036587611690159, -21.334538840196579 ], [ -45.036587611690159, -21.331304905173745 ], [ -45.035509633349221, -21.331304905173749 ], [ -45.035509633349221, -21.333191367270402 ], [ -45.035240138763982, -21.333191367270398 ], [ -45.035240138763982, -21.333730356440871 ], [ -45.033892665837804, -21.333730356440874 ], [ -45.033892665837804, -21.333191367270398 ], [ -45.033353676667332, -21.333191367270391 ], [ -45.033353676667332, -21.330765916003266 ], [ -45.033084182082092, -21.330765916003273 ], [ -45.033084182082092, -21.332113388929454 ], [ -45.03281468749686, -21.332113388929457 ], [ -45.03281468749686, -21.334269345611343 ], [ -45.035240138763982, -21.334269345611336 ], [ -45.035240138763982, -21.334538840196572 ], [ -45.035509633349221, -21.334538840196579 ], [ -45.035509633349221, -21.336155807707989 ], [ -45.036048622519687, -21.336155807707993 ] ] ] } },
{ "type": "Feature", "properties": { "anos_com_queima": 1, "area_ha": 4.3344633185865318, "inicio": 2021.0, "fim": 2025.0, "tipo": "recurrence", "id_feicao": "recurrence_2021_2025_110" }, "geometry": { "type": "Polygon", "coordinates": [ [ [ -45.03281468749686, -21.328609959321387 ], [ -45.03281468749686, -21.329418443077088 ], [ -45.033353676667332, -21.329418443077095 ], [ -45.033353676667332, -21.330765916003266 ], [ -45.034970644178749, -21.330765916003276 ], [ -45.034970644178749, -21.32887945390662 ], [ -45.034431655008277, -21.328879453906623 ], [ -45.034431655008277, -21.328609959321383 ], [ -45.03281468749686, -21.328609959321387 ] ] ] } },
{ "type": "Feature", "properties": { "anos_com_queima": 1, "area_ha": 0.66684628781106614, "inicio": 2021.0, "fim": 2025.0, "tipo": "recurrence", "id_feicao": "recurrence_2021_2025_111" }, "geometry": { "type": "Polygon", "coordinates": [ [ [ -45.031736709155915, -21.328070970150918 ], [ -45.031736709155915, -21.32860995932139 ], [ -45.03281468749686, -21.328609959321387 ], [ -45.03281468749686, -21.328070970150918 ], [ -45.031736709155915, -21.328070970150918 ] ] ] } },
{ "type": "Feature", "properties": { "anos_com_queima": 1, "area_ha": 0.33342997995258145, "inicio": 2021.0, "fim": 2025.0, "tipo": "recurrence", "id_feicao": "recurrence_2021_2025_112" }, "geometry": { "type": "Polygon", "coordinates": [ [ [ -45.023382377013604, -21.32510652971332 ], [ -45.023382377013604, -21.325376024298556 ], [ -45.024460355354549, -21.325376024298556 ], [ -45.024460355354549, -21.325106529713317 ], [ -45.023382377013604, -21.32510652971332 ] ] ] } },
{ "type": "Feature", "properties": { "anos_com_queima": 1, "area_ha": 4.251925071707304, "inicio": 2021.0, "fim": 2025.0, "tipo": "recurrence", "id_feicao": "recurrence_2021_2025_113" }, "geometry": { "type": "Polygon", "coordinates": [ [ [ -45.04305548173582, -21.301929995383038 ], [ -45.04305548173582, -21.301660500797798 ], [ -45.04332497632106, -21.301660500797801 ], [ -45.04332497632106, -21.300043533286384 ], [ -45.04305548173582, -21.300043533286388 ], [ -45.04305548173582, -21.299504544115909 ], [ -45.041977503394882, -21.299504544115919 ], [ -45.041977503394882, -21.300313027871631 ], [ -45.041708008809643, -21.300313027871621 ], [ -45.041708008809643, -21.300582522456853 ], [ -45.04143851422441, -21.300582522456857 ], [ -45.04143851422441, -21.301660500797801 ], [ -45.041977503394882, -21.301660500797801 ], [ -45.041977503394882, -21.301929995383034 ], [ -45.04305548173582, -21.301929995383038 ] ] ] } },
{ "type": "Feature", "properties": { "anos_com_queima": 1, "area_ha": 2.5845233011217985, "inicio": 2021.0, "fim": 2025.0, "tipo": "recurrence", "id_feicao": "recurrence_2021_2025_114" }, "geometry": { "type": "Polygon", "coordinates": [ [ [ -45.026346817451198, -21.298965554945443 ], [ -45.026346817451198, -21.300043533286381 ], [ -45.026616312036438, -21.300043533286388 ], [ -45.026616312036438, -21.300313027871621 ], [ -45.028233279547848, -21.300313027871621 ], [ -45.028233279547848, -21.299235049530679 ], [ -45.027424795792143, -21.299235049530679 ], [ -45.027424795792143, -21.29896555494544 ], [ -45.026346817451198, -21.298965554945443 ] ] ] } },
{ "type": "Feature", "properties": { "anos_com_queima": 1, "area_ha": 3.3349111304167738, "inicio": 2021.0, "fim": 2025.0, "tipo": "recurrence", "id_feicao": "recurrence_2021_2025_115" }, "geometry": { "type": "Polygon", "coordinates": [ [ [ -45.04305548173582, -21.297348587434023 ], [ -45.04305548173582, -21.296809598263557 ], [ -45.041708008809643, -21.29680959826355 ], [ -45.041708008809643, -21.29707909284879 ], [ -45.04143851422441, -21.297079092848787 ], [ -45.04143851422441, -21.298157071189731 ], [ -45.042246997980115, -21.298157071189738 ], [ -45.042246997980115, -21.298696060360204 ], [ -45.04332497632106, -21.298696060360204 ], [ -45.04332497632106, -21.29734858743403 ], [ -45.04305548173582, -21.297348587434023 ] ] ] } },
{ "type": "Feature", "properties": { "anos_com_queima": 1, "area_ha": 8.2541472429517064, "inicio": 2021.0, "fim": 2025.0, "tipo": "recurrence", "id_feicao": "recurrence_2021_2025_116" }, "geometry": { "type": "Polygon", "coordinates": [ [ [ -45.034970644178749, -21.293845157825963 ], [ -45.034970644178749, -21.292228190314543 ], [ -45.033623171252565, -21.292228190314535 ], [ -45.033623171252565, -21.291958695729306 ], [ -45.032545192911627, -21.29195869572931 ], [ -45.032545192911627, -21.292767179485022 ], [ -45.031467214570682, -21.292767179485011 ], [ -45.031467214570682, -21.29357566324073 ], [ -45.031197719985443, -21.293575663240727 ], [ -45.031197719985443, -21.294923136166915 ], [ -45.03281468749686, -21.294923136166904 ], [ -45.03281468749686, -21.293845157825952 ], [ -45.034970644178749, -21.293845157825963 ] ] ] } },
{ "type": "Feature", "properties": { "anos_com_queima": 1, "area_ha": 2.0010190492514806, "inicio": 2021.0, "fim": 2025.0, "tipo": "recurrence", "id_feicao": "recurrence_2021_2025_117" }, "geometry": { "type": "Polygon", "coordinates": [ [ [ -45.067040499821815, -21.292767179485015 ], [ -45.067040499821815, -21.293036674070251 ], [ -45.068118478162759, -21.293036674070244 ], [ -45.068118478162759, -21.291689201144074 ], [ -45.066771005236575, -21.291689201144081 ], [ -45.066771005236575, -21.292767179485026 ], [ -45.067040499821815, -21.292767179485015 ] ] ] } },
{ "type": "Feature", "properties": { "anos_com_queima": 1, "area_ha": 1.3340225477146301, "inicio": 2021.0, "fim": 2025.0, "tipo": "recurrence", "id_feicao": "recurrence_2021_2025_118" }, "geometry": { "type": "Polygon", "coordinates": [ [ [ -45.035779127934454, -21.290611222803133 ], [ -45.035779127934454, -21.29168920114407 ], [ -45.036857106275399, -21.291689201144077 ], [ -45.036857106275399, -21.290611222803125 ], [ -45.035779127934454, -21.290611222803133 ] ] ] } },
{ "type": "Feature", "properties": { "anos_com_queima": 1, "area_ha": 4.0021309262197837, "inicio": 2021.0, "fim": 2025.0, "tipo": "recurrence", "id_feicao": "recurrence_2021_2025_119" }, "geometry": { "type": "Polygon", "coordinates": [ [ [ -45.051140319292905, -21.288724760706486 ], [ -45.051140319292905, -21.289802739047428 ], [ -45.053835265145267, -21.28980273904742 ], [ -45.053835265145267, -21.288185771536007 ], [ -45.052757286804322, -21.288185771536003 ], [ -45.052757286804322, -21.288724760706483 ], [ -45.051140319292905, -21.288724760706486 ] ] ] } },
{ "type": "Feature", "properties": { "anos_com_queima": 1, "area_ha": 6.6703139091175983, "inicio": 2021.0, "fim": 2025.0, "tipo": "recurrence", "id_feicao": "recurrence_2021_2025_120" }, "geometry": { "type": "Polygon", "coordinates": [ [ [ -45.047097900514359, -21.285760320268881 ], [ -45.047097900514359, -21.287916276950771 ], [ -45.05006234095196, -21.287916276950778 ], [ -45.05006234095196, -21.286299309439354 ], [ -45.049253857196248, -21.286299309439361 ], [ -45.049253857196248, -21.286029814854125 ], [ -45.048714868025776, -21.286029814854118 ], [ -45.048714868025776, -21.285760320268892 ], [ -45.047097900514359, -21.285760320268881 ] ] ] } },
{ "type": "Feature", "properties": { "anos_com_queima": 1, "area_ha": 1.3340679715701964, "inicio": 2021.0, "fim": 2025.0, "tipo": "recurrence", "id_feicao": "recurrence_2021_2025_121" }, "geometry": { "type": "Polygon", "coordinates": [ [ [ -45.037665590031104, -21.285490825683645 ], [ -45.037665590031104, -21.286568804024597 ], [ -45.038743568372048, -21.286568804024594 ], [ -45.038743568372048, -21.285490825683649 ], [ -45.037665590031104, -21.285490825683645 ] ] ] } },
{ "type": "Feature", "properties": { "anos_com_queima": 1, "area_ha": 1.6676281022990289, "inicio": 2021.0, "fim": 2025.0, "tipo": "recurrence", "id_feicao": "recurrence_2021_2025_122" }, "geometry": { "type": "Polygon", "coordinates": [ [ [ -45.066501510651342, -21.281717901490349 ], [ -45.066501510651342, -21.282795879831291 ], [ -45.06784898357752, -21.282795879831291 ], [ -45.06784898357752, -21.281717901490342 ], [ -45.066501510651342, -21.281717901490349 ] ] ] } },
{ "type": "Feature", "properties": { "anos_com_queima": 1, "area_ha": 20.678905236071031, "inicio": 2021.0, "fim": 2025.0, "tipo": "recurrence", "id_feicao": "recurrence_2021_2025_123" }, "geometry": { "type": "Polygon", "coordinates": [ [ [ -45.038743568372048, -21.281717901490346 ], [ -45.038743568372048, -21.282795879831298 ], [ -45.040630030468698, -21.282795879831291 ], [ -45.040630030468698, -21.280370428564169 ], [ -45.04143851422441, -21.280370428564162 ], [ -45.04143851422441, -21.280639923149401 ], [ -45.04332497632106, -21.280639923149405 ], [ -45.04332497632106, -21.280909417734637 ], [ -45.043594470906292, -21.280909417734637 ], [ -45.043594470906292, -21.281178912319881 ], [ -45.044672449247237, -21.281178912319881 ], [ -45.044672449247237, -21.279831439393696 ], [ -45.042785987150587, -21.2798314393937 ], [ -45.042785987150587, -21.277405988126574 ], [ -45.039282557542521, -21.277405988126574 ], [ -45.039282557542521, -21.277675482711814 ], [ -45.038474073786816, -21.277675482711814 ], [ -45.038474073786816, -21.279022955637991 ], [ -45.039282557542521, -21.279022955637991 ], [ -45.039282557542521, -21.281178912319881 ], [ -45.039013062957281, -21.281178912319877 ], [ -45.039013062957281, -21.281717901490349 ], [ -45.038743568372048, -21.281717901490346 ] ] ] } },
{ "type": "Feature", "properties": { "anos_com_queima": 1, "area_ha": 3.1685516250099988, "inicio": 2021.0, "fim": 2025.0, "tipo": "recurrence", "id_feicao": "recurrence_2021_2025_124" }, "geometry": { "type": "Polygon", "coordinates": [ [ [ -45.053026781389548, -21.279022955637991 ], [ -45.052487792219075, -21.279022955637991 ], [ -45.052487792219075, -21.280370428564165 ], [ -45.054104759730492, -21.280370428564162 ], [ -45.054104759730492, -21.278483966467515 ], [ -45.053026781389548, -21.278483966467515 ], [ -45.053026781389548, -21.279022955637991 ] ] ] } },
{ "type": "Feature", "properties": { "anos_com_queima": 1, "area_ha": 4.9196121859034756, "inicio": 2021.0, "fim": 2025.0, "tipo": "recurrence", "id_feicao": "recurrence_2021_2025_125" }, "geometry": { "type": "Polygon", "coordinates": [ [ [ -45.068118478162759, -21.278753461052755 ], [ -45.068118478162759, -21.27794497729705 ], [ -45.067309994407047, -21.277944977297047 ], [ -45.067309994407047, -21.278483966467519 ], [ -45.065693026895637, -21.278483966467519 ], [ -45.065693026895637, -21.27956194480846 ], [ -45.06784898357752, -21.27956194480846 ], [ -45.06784898357752, -21.279831439393703 ], [ -45.069196456503697, -21.279831439393703 ], [ -45.069196456503697, -21.278753461052755 ], [ -45.068118478162759, -21.278753461052755 ] ] ] } },
{ "type": "Feature", "properties": { "anos_com_queima": 1, "area_ha": 3.0852377944287932, "inicio": 2021.0, "fim": 2025.0, "tipo": "recurrence", "id_feicao": "recurrence_2021_2025_126" }, "geometry": { "type": "Polygon", "coordinates": [ [ [ -45.048714868025776, -21.275519526029928 ], [ -45.048714868025776, -21.275250031444685 ], [ -45.047636889684831, -21.275250031444688 ], [ -45.047636889684831, -21.275789020615161 ], [ -45.047367395099599, -21.275789020615157 ], [ -45.047367395099599, -21.276866998956098 ], [ -45.048984362611016, -21.276866998956102 ], [ -45.048984362611016, -21.276597504370873 ], [ -45.049253857196248, -21.276597504370869 ], [ -45.049253857196248, -21.275519526029921 ], [ -45.048714868025776, -21.275519526029928 ] ] ] } },
{ "type": "Feature", "properties": { "anos_com_queima": 1, "area_ha": 7.1711162086743281, "inicio": 2021.0, "fim": 2025.0, "tipo": "recurrence", "id_feicao": "recurrence_2021_2025_127" }, "geometry": { "type": "Polygon", "coordinates": [ [ [ -45.056260716412382, -21.276328009785637 ], [ -45.056260716412382, -21.276866998956102 ], [ -45.056530210997614, -21.276866998956102 ], [ -45.056530210997614, -21.277136493541338 ], [ -45.056799705582854, -21.277136493541335 ], [ -45.056799705582854, -21.277405988126574 ], [ -45.057877683923792, -21.277405988126578 ], [ -45.057877683923792, -21.277136493541331 ], [ -45.058147178509032, -21.277136493541338 ], [ -45.058147178509032, -21.276058515200393 ], [ -45.057877683923792, -21.276058515200397 ], [ -45.057877683923792, -21.273633063933268 ], [ -45.056799705582854, -21.273633063933268 ], [ -45.056799705582854, -21.273902558518508 ], [ -45.056530210997614, -21.273902558518504 ], [ -45.056530210997614, -21.27417205310374 ], [ -45.056260716412382, -21.27417205310374 ], [ -45.056260716412382, -21.275250031444688 ], [ -45.055991221827142, -21.275250031444688 ], [ -45.055991221827142, -21.276328009785633 ], [ -45.056260716412382, -21.276328009785637 ] ] ] } },
{ "type": "Feature", "properties": { "anos_com_queima": 1, "area_ha": 10.840283265022418, "inicio": 2021.0, "fim": 2025.0, "tipo": "recurrence", "id_feicao": "recurrence_2021_2025_128" }, "geometry": { "type": "Polygon", "coordinates": [ [ [ -45.03092822540021, -21.272555085592323 ], [ -45.03092822540021, -21.270399128910444 ], [ -45.028772268718321, -21.270399128910437 ], [ -45.028772268718321, -21.271477107251382 ], [ -45.02904176330356, -21.271477107251378 ], [ -45.02904176330356, -21.274172053103744 ], [ -45.030389236229738, -21.27417205310374 ], [ -45.030389236229738, -21.273633063933275 ], [ -45.033084182082092, -21.273633063933271 ], [ -45.033084182082092, -21.27255508559233 ], [ -45.03092822540021, -21.272555085592323 ] ] ] } },
{ "type": "Feature", "properties": { "anos_com_queima": 1, "area_ha": 3.2521670573861678, "inicio": 2021.0, "fim": 2025.0, "tipo": "recurrence", "id_feicao": "recurrence_2021_2025_129" }, "geometry": { "type": "Polygon", "coordinates": [ [ [ -45.036318117104926, -21.269051655984264 ], [ -45.036318117104926, -21.269321150569503 ], [ -45.037396095445871, -21.2693211505695 ], [ -45.037396095445871, -21.267704183058083 ], [ -45.035509633349221, -21.267704183058086 ], [ -45.035509633349221, -21.269051655984264 ], [ -45.036318117104926, -21.269051655984264 ] ] ] } },
{ "type": "Feature", "properties": { "anos_com_queima": 1, "area_ha": 1.6678843867174018, "inicio": 2021.0, "fim": 2025.0, "tipo": "recurrence", "id_feicao": "recurrence_2021_2025_130" }, "geometry": { "type": "Polygon", "coordinates": [ [ [ -45.024729849939781, -21.258271872574831 ], [ -45.024729849939781, -21.259619345501001 ], [ -45.025807828280726, -21.259619345501008 ], [ -45.025807828280726, -21.258271872574834 ], [ -45.024729849939781, -21.258271872574831 ] ] ] } },
{ "type": "Feature", "properties": { "anos_com_queima": 1, "area_ha": 0.33358016076419927, "inicio": 2021.0, "fim": 2025.0, "tipo": "recurrence", "id_feicao": "recurrence_2021_2025_131" }, "geometry": { "type": "Polygon", "coordinates": [ [ [ -45.026077322865966, -21.256924399648646 ], [ -45.026077322865966, -21.258002377989587 ], [ -45.026346817451198, -21.258002377989584 ], [ -45.026346817451198, -21.256924399648646 ], [ -45.026077322865966, -21.256924399648646 ] ] ] } },
{ "type": "Feature", "properties": { "anos_com_queima": 1, "area_ha": 2.8354312154700674, "inicio": 2021.0, "fim": 2025.0, "tipo": "recurrence", "id_feicao": "recurrence_2021_2025_132" }, "geometry": { "type": "Polygon", "coordinates": [ [ [ -45.024999344525021, -21.25692439964865 ], [ -45.024999344525021, -21.256654905063421 ], [ -45.023651871598844, -21.256654905063417 ], [ -45.023651871598844, -21.256924399648643 ], [ -45.023112882428372, -21.256924399648643 ], [ -45.023112882428372, -21.258002377989584 ], [ -45.023382377013604, -21.258002377989591 ], [ -45.023382377013604, -21.258271872574834 ], [ -45.024729849939781, -21.258271872574831 ], [ -45.024729849939781, -21.256924399648653 ], [ -45.024999344525021, -21.25692439964865 ] ] ] } },
{ "type": "Feature", "properties": { "anos_com_queima": 1, "area_ha": 0.16679082467725076, "inicio": 2021.0, "fim": 2025.0, "tipo": "recurrence", "id_feicao": "recurrence_2021_2025_133" }, "geometry": { "type": "Polygon", "coordinates": [ [ [ -45.025538333695494, -21.256654905063414 ], [ -45.025538333695494, -21.256924399648643 ], [ -45.026077322865966, -21.256924399648646 ], [ -45.026077322865966, -21.256654905063414 ], [ -45.025538333695494, -21.256654905063414 ] ] ] } },
{ "type": "Feature", "properties": { "anos_com_queima": 1, "area_ha": 2.0015112414599066, "inicio": 2021.0, "fim": 2025.0, "tipo": "recurrence", "id_feicao": "recurrence_2021_2025_134" }, "geometry": { "type": "Polygon", "coordinates": [ [ [ -45.034162160423037, -21.255846421307709 ], [ -45.034162160423037, -21.255576926722476 ], [ -45.034431655008277, -21.255576926722476 ], [ -45.034431655008277, -21.254498948381528 ], [ -45.033084182082092, -21.254498948381528 ], [ -45.033084182082092, -21.255846421307705 ], [ -45.034162160423037, -21.255846421307709 ] ] ] } },
{ "type": "Feature", "properties": { "anos_com_queima": 1, "area_ha": 1.334361181959056, "inicio": 2021.0, "fim": 2025.0, "tipo": "recurrence", "id_feicao": "recurrence_2021_2025_135" }, "geometry": { "type": "Polygon", "coordinates": [ [ [ -45.025807828280726, -21.252342991699635 ], [ -45.025807828280726, -21.253420970040583 ], [ -45.026885806621671, -21.25342097004058 ], [ -45.026885806621671, -21.252342991699642 ], [ -45.025807828280726, -21.252342991699635 ] ] ] } },
{ "type": "Feature", "properties": { "anos_com_queima": 1, "area_ha": 1.16766002055815, "inicio": 2021.0, "fim": 2025.0, "tipo": "recurrence", "id_feicao": "recurrence_2021_2025_136" }, "geometry": { "type": "Polygon", "coordinates": [ [ [ -45.028502774133088, -21.240485229949257 ], [ -45.028502774133088, -21.241293713704966 ], [ -45.029580752474033, -21.241293713704962 ], [ -45.029580752474033, -21.240215735364025 ], [ -45.02904176330356, -21.240215735364021 ], [ -45.02904176330356, -21.240485229949265 ], [ -45.028502774133088, -21.240485229949257 ] ] ] } },
{ "type": "Feature", "properties": { "anos_com_queima": 1, "area_ha": 4.2536549391146945, "inicio": 2021.0, "fim": 2025.0, "tipo": "recurrence", "id_feicao": "recurrence_2021_2025_137" }, "geometry": { "type": "Polygon", "coordinates": [ [ [ -45.027155301206903, -21.23940725160832 ], [ -45.027155301206903, -21.240485229949268 ], [ -45.028502774133088, -21.240485229949257 ], [ -45.028502774133088, -21.240215735364028 ], [ -45.02904176330356, -21.240215735364021 ], [ -45.02904176330356, -21.238598767852604 ], [ -45.028772268718321, -21.238598767852615 ], [ -45.028772268718321, -21.238329273267375 ], [ -45.027155301206903, -21.238329273267379 ], [ -45.027155301206903, -21.238598767852615 ], [ -45.027694290377376, -21.238598767852608 ], [ -45.027694290377376, -21.23886826243784 ], [ -45.027424795792143, -21.238868262437844 ], [ -45.027424795792143, -21.239137757023094 ], [ -45.026885806621671, -21.23913775702308 ], [ -45.026885806621671, -21.239407251608323 ], [ -45.027155301206903, -21.23940725160832 ] ] ] } },
{ "type": "Feature", "properties": { "anos_com_queima": 1, "area_ha": 4.9211638589770388, "inicio": 2021.0, "fim": 2025.0, "tipo": "recurrence", "id_feicao": "recurrence_2021_2025_138" }, "geometry": { "type": "Polygon", "coordinates": [ [ [ -45.02904176330356, -21.232400392392194 ], [ -45.02904176330356, -21.231861403221718 ], [ -45.029311257888793, -21.231861403221711 ], [ -45.029311257888793, -21.231052919466006 ], [ -45.029850247059265, -21.231052919466013 ], [ -45.029850247059265, -21.229705446539828 ], [ -45.028772268718321, -21.229705446539821 ], [ -45.028772268718321, -21.230783424880777 ], [ -45.027155301206903, -21.230783424880773 ], [ -45.027155301206903, -21.231861403221714 ], [ -45.027694290377376, -21.231861403221711 ], [ -45.027694290377376, -21.232130897806943 ], [ -45.027963784962616, -21.232130897806947 ], [ -45.027963784962616, -21.232400392392179 ], [ -45.02904176330356, -21.232400392392194 ] ] ] } },
{ "type": "Feature", "properties": { "anos_com_queima": 1, "area_ha": 47.96178212922203, "inicio": 2021.0, "fim": 2025.0, "tipo": "recurrence", "id_feicao": "recurrence_2021_2025_139" }, "geometry": { "type": "Polygon", "coordinates": [ [ [ -45.05545223265667, -21.229974941125068 ], [ -45.05545223265667, -21.230244435710304 ], [ -45.055721727241909, -21.230244435710301 ], [ -45.055721727241909, -21.23051393029553 ], [ -45.057877683923792, -21.230513930295537 ], [ -45.057877683923792, -21.231052919466006 ], [ -45.059225156849976, -21.231052919466002 ], [ -45.059225156849976, -21.230783424880769 ], [ -45.059494651435209, -21.230783424880777 ], [ -45.059494651435209, -21.227818984443175 ], [ -45.061650608117098, -21.227818984443172 ], [ -45.061650608117098, -21.228088479028418 ], [ -45.062998081043276, -21.228088479028418 ], [ -45.062998081043276, -21.225932522346529 ], [ -45.065693026895637, -21.225932522346525 ], [ -45.065693026895637, -21.225663027761289 ], [ -45.06596252148087, -21.225663027761296 ], [ -45.06596252148087, -21.224585049420345 ], [ -45.064884543139925, -21.224585049420345 ], [ -45.064884543139925, -21.224854544005581 ], [ -45.064615048554693, -21.224854544005588 ], [ -45.064615048554693, -21.22512403859082 ], [ -45.060572629776154, -21.22512403859082 ], [ -45.060572629776154, -21.224315554835108 ], [ -45.058955662264736, -21.224315554835115 ], [ -45.058955662264736, -21.226202016931762 ], [ -45.056530210997614, -21.226202016931762 ], [ -45.056530210997614, -21.224315554835115 ], [ -45.056260716412382, -21.224315554835108 ], [ -45.056260716412382, -21.224046060249872 ], [ -45.055721727241909, -21.224046060249869 ], [ -45.055721727241909, -21.223776565664636 ], [ -45.054374254315725, -21.223776565664632 ], [ -45.054374254315725, -21.228357973613651 ], [ -45.054104759730492, -21.228357973613651 ], [ -45.054104759730492, -21.229435951954596 ], [ -45.054913243486197, -21.229435951954589 ], [ -45.054913243486197, -21.229705446539828 ], [ -45.055182738071437, -21.229705446539825 ], [ -45.055182738071437, -21.229974941125068 ], [ -45.05545223265667, -21.229974941125068 ] ] ] } },
{ "type": "Feature", "properties": { "anos_com_queima": 1, "area_ha": 8.5915284470654232, "inicio": 2021.0, "fim": 2025.0, "tipo": "recurrence", "id_feicao": "recurrence_2021_2025_140" }, "geometry": { "type": "Polygon", "coordinates": [ [ [ -45.039282557542521, -21.226471511517001 ], [ -45.039282557542521, -21.22674100610223 ], [ -45.040899525053938, -21.22674100610223 ], [ -45.040899525053938, -21.222968081908927 ], [ -45.039821546712993, -21.222968081908931 ], [ -45.039821546712993, -21.224585049420352 ], [ -45.038204579201576, -21.224585049420345 ], [ -45.038204579201576, -21.225124038590817 ], [ -45.037935084616343, -21.225124038590824 ], [ -45.037935084616343, -21.226202016931754 ], [ -45.038474073786816, -21.226202016931762 ], [ -45.038474073786816, -21.226471511516998 ], [ -45.039282557542521, -21.226471511517001 ] ] ] } },
{ "type": "Feature", "properties": { "anos_com_queima": 1, "area_ha": 3.8370823421953295, "inicio": 2021.0, "fim": 2025.0, "tipo": "recurrence", "id_feicao": "recurrence_2021_2025_141" }, "geometry": { "type": "Polygon", "coordinates": [ [ [ -45.056530210997614, -21.22215959815323 ], [ -45.056530210997614, -21.22189010356799 ], [ -45.056799705582854, -21.22189010356799 ], [ -45.056799705582854, -21.220812125227042 ], [ -45.05545223265667, -21.220812125227045 ], [ -45.05545223265667, -21.221081619812274 ], [ -45.054643748900965, -21.221081619812285 ], [ -45.054643748900965, -21.222698587323691 ], [ -45.055721727241909, -21.222698587323695 ], [ -45.055721727241909, -21.222429092738455 ], [ -45.056260716412382, -21.222429092738455 ], [ -45.056260716412382, -21.222159598153223 ], [ -45.056530210997614, -21.22215959815323 ] ] ] } },
{ "type": "Feature", "properties": { "anos_com_queima": 1, "area_ha": 9.9263914290953394, "inicio": 2021.0, "fim": 2025.0, "tipo": "recurrence", "id_feicao": "recurrence_2021_2025_142" }, "geometry": { "type": "Polygon", "coordinates": [ [ [ -45.052757286804322, -21.222159598153223 ], [ -45.052757286804322, -21.222429092738459 ], [ -45.053296275974795, -21.222429092738459 ], [ -45.053296275974795, -21.223237576494167 ], [ -45.054374254315725, -21.223237576494164 ], [ -45.054374254315725, -21.220812125227045 ], [ -45.053296275974795, -21.220812125227049 ], [ -45.053296275974795, -21.220273136056569 ], [ -45.053026781389548, -21.220273136056569 ], [ -45.053026781389548, -21.2197341468861 ], [ -45.052757286804322, -21.219734146886097 ], [ -45.052757286804322, -21.219464652300861 ], [ -45.051679308463378, -21.219464652300864 ], [ -45.051679308463378, -21.220542630641816 ], [ -45.051409813878131, -21.220542630641816 ], [ -45.051409813878131, -21.220812125227052 ], [ -45.05006234095196, -21.220812125227052 ], [ -45.05006234095196, -21.221890103567997 ], [ -45.051679308463378, -21.221890103567997 ], [ -45.051679308463378, -21.222159598153233 ], [ -45.052757286804322, -21.222159598153223 ] ] ] } },
{ "type": "Feature", "properties": { "anos_com_queima": 1, "area_ha": 2.0019826518022943, "inicio": 2021.0, "fim": 2025.0, "tipo": "recurrence", "id_feicao": "recurrence_2021_2025_143" }, "geometry": { "type": "Polygon", "coordinates": [ [ [ -45.055721727241909, -21.218925663130392 ], [ -45.055721727241909, -21.220542630641805 ], [ -45.056799705582854, -21.220542630641816 ], [ -45.056799705582854, -21.218925663130392 ], [ -45.055721727241909, -21.218925663130392 ] ] ] } },
{ "type": "Feature", "properties": { "anos_com_queima": 1, "area_ha": 4.1709306842309237, "inicio": 2021.0, "fim": 2025.0, "tipo": "recurrence", "id_feicao": "recurrence_2021_2025_144" }, "geometry": { "type": "Polygon", "coordinates": [ [ [ -45.029850247059265, -21.21623071727803 ], [ -45.029850247059265, -21.21461374976661 ], [ -45.029580752474033, -21.21461374976662 ], [ -45.029580752474033, -21.213266276840443 ], [ -45.028502774133088, -21.213266276840436 ], [ -45.028502774133088, -21.216230717278044 ], [ -45.029850247059265, -21.21623071727803 ] ] ] } },
{ "type": "Feature", "properties": { "anos_com_queima": 1, "area_ha": 0.66735481693684728, "inicio": 2021.0, "fim": 2025.0, "tipo": "recurrence", "id_feicao": "recurrence_2021_2025_145" }, "geometry": { "type": "Polygon", "coordinates": [ [ [ -45.05006234095196, -21.213266276840439 ], [ -45.05006234095196, -21.213805266010915 ], [ -45.051140319292905, -21.213805266010901 ], [ -45.051140319292905, -21.213266276840439 ], [ -45.05006234095196, -21.213266276840439 ] ] ] } },
{ "type": "Feature", "properties": { "anos_com_queima": 1, "area_ha": 64.235913589403467, "inicio": 2021.0, "fim": 2025.0, "tipo": "recurrence", "id_feicao": "recurrence_2021_2025_146" }, "geometry": { "type": "Polygon", "coordinates": [ [ [ -45.063267575628508, -21.203564471771951 ], [ -45.063267575628508, -21.2046424501129 ], [ -45.062728586458043, -21.204642450112893 ], [ -45.062728586458043, -21.205989923039066 ], [ -45.059494651435209, -21.205989923039077 ], [ -45.059494651435209, -21.203833966357188 ], [ -45.057877683923792, -21.203833966357188 ], [ -45.057877683923792, -21.204103460942424 ], [ -45.057608189338559, -21.204103460942424 ], [ -45.057608189338559, -21.204372955527667 ], [ -45.057338694753319, -21.204372955527663 ], [ -45.057338694753319, -21.204642450112896 ], [ -45.055991221827142, -21.204642450112896 ], [ -45.055991221827142, -21.206798406794782 ], [ -45.055721727241909, -21.206798406794785 ], [ -45.055721727241909, -21.207067901380022 ], [ -45.055182738071437, -21.207067901380022 ], [ -45.055182738071437, -21.207337395965254 ], [ -45.054913243486197, -21.207337395965258 ], [ -45.054913243486197, -21.207606890550483 ], [ -45.052757286804322, -21.20760689055049 ], [ -45.052757286804322, -21.207067901380015 ], [ -45.051679308463378, -21.207067901380018 ], [ -45.051679308463378, -21.208145879720959 ], [ -45.050870824707665, -21.208145879720949 ], [ -45.050870824707665, -21.208954363476668 ], [ -45.050601330122433, -21.208954363476671 ], [ -45.050601330122433, -21.209223858061907 ], [ -45.050331835537193, -21.2092238580619 ], [ -45.050331835537193, -21.20949335264714 ], [ -45.05006234095196, -21.209493352647144 ], [ -45.05006234095196, -21.210840825573314 ], [ -45.049792846366721, -21.210840825573314 ], [ -45.049792846366721, -21.212457793084727 ], [ -45.05006234095196, -21.212457793084734 ], [ -45.05006234095196, -21.211918803914262 ], [ -45.051140319292905, -21.211918803914266 ], [ -45.051140319292905, -21.213266276840439 ], [ -45.051679308463378, -21.213266276840447 ], [ -45.051679308463378, -21.212457793084724 ], [ -45.051948803048603, -21.212457793084731 ], [ -45.051948803048603, -21.210571330988081 ], [ -45.053026781389548, -21.210571330988078 ], [ -45.053026781389548, -21.208954363476668 ], [ -45.056530210997614, -21.208954363476671 ], [ -45.056530210997614, -21.207876385135716 ], [ -45.058686167679504, -21.207876385135716 ], [ -45.058686167679504, -21.208415374306188 ], [ -45.060572629776154, -21.208415374306192 ], [ -45.060572629776154, -21.208145879720956 ], [ -45.060842124361386, -21.208145879720956 ], [ -45.060842124361386, -21.207606890550483 ], [ -45.061111618946626, -21.207606890550487 ], [ -45.061111618946626, -21.206528912209546 ], [ -45.065693026895637, -21.206528912209546 ], [ -45.065693026895637, -21.207606890550483 ], [ -45.06596252148087, -21.20760689055048 ], [ -45.06596252148087, -21.207876385135716 ], [ -45.067040499821815, -21.207876385135719 ], [ -45.067040499821815, -21.20437295552766 ], [ -45.068657467333232, -21.20437295552766 ], [ -45.068657467333232, -21.204103460942424 ], [ -45.068926961918464, -21.204103460942427 ], [ -45.068926961918464, -21.203294977186719 ], [ -45.069465951088937, -21.203294977186715 ], [ -45.069465951088937, -21.202216998845767 ], [ -45.065693026895637, -21.20221699884577 ], [ -45.065693026895637, -21.202486493431007 ], [ -45.065154037725165, -21.20248649343101 ], [ -45.065154037725165, -21.202755988016236 ], [ -45.064615048554693, -21.202755988016243 ], [ -45.064615048554693, -21.203025482601479 ], [ -45.064345553969453, -21.203025482601479 ], [ -45.064345553969453, -21.203564471771951 ], [ -45.063267575628508, -21.203564471771951 ] ] ] } },
{ "type": "Feature", "properties": { "anos_com_queima": 1, "area_ha": 1.3349042465563157, "inicio": 2021.0, "fim": 2025.0, "tipo": "recurrence", "id_feicao": "recurrence_2021_2025_147" }, "geometry": { "type": "Polygon", "coordinates": [ [ [ -45.035509633349221, -21.190898226265869 ], [ -45.035509633349221, -21.191976204606807 ], [ -45.036587611690159, -21.191976204606807 ], [ -45.036587611690159, -21.190898226265862 ], [ -45.035509633349221, -21.190898226265869 ] ] ] } },
{ "type": "Feature", "properties": { "anos_com_queima": 1, "area_ha": 0.33374069500421139, "inicio": 2021.0, "fim": 2025.0, "tipo": "recurrence", "id_feicao": "recurrence_2021_2025_148" }, "geometry": { "type": "Polygon", "coordinates": [ [ [ -45.045480933002942, -21.184699850805433 ], [ -45.045480933002942, -21.184969345390673 ], [ -45.046558911343887, -21.18496934539067 ], [ -45.046558911343887, -21.18469985080544 ], [ -45.045480933002942, -21.184699850805433 ] ] ] } },
{ "type": "Feature", "properties": { "anos_com_queima": 1, "area_ha": 0.3337421750209621, "inicio": 2021.0, "fim": 2025.0, "tipo": "recurrence", "id_feicao": "recurrence_2021_2025_149" }, "geometry": { "type": "Polygon", "coordinates": [ [ [ -45.045211438417709, -21.183621872464499 ], [ -45.045211438417709, -21.184699850805444 ], [ -45.045480933002942, -21.184699850805433 ], [ -45.045480933002942, -21.183621872464492 ], [ -45.045211438417709, -21.183621872464499 ] ] ] } },
{ "type": "Feature", "properties": { "anos_com_queima": 1, "area_ha": 61.328805564864609, "inicio": 2021.0, "fim": 2025.0, "tipo": "recurrence", "id_feicao": "recurrence_2021_2025_150" }, "geometry": { "type": "Polygon", "coordinates": [ [ [ -45.035509633349221, -21.170686132373174 ], [ -45.035509633349221, -21.173650572810779 ], [ -45.034701149593509, -21.173650572810764 ], [ -45.034701149593509, -21.175267540322182 ], [ -45.035240138763982, -21.175267540322182 ], [ -45.035240138763982, -21.177962486174547 ], [ -45.035779127934454, -21.17796248617454 ], [ -45.035779127934454, -21.178501475345016 ], [ -45.036048622519687, -21.178501475345016 ], [ -45.036048622519687, -21.179309959100724 ], [ -45.037126600860631, -21.179309959100721 ], [ -45.037126600860631, -21.180657432026901 ], [ -45.039552052127753, -21.180657432026898 ], [ -45.039552052127753, -21.180118442856433 ], [ -45.039821546712993, -21.180118442856433 ], [ -45.039821546712993, -21.179848948271196 ], [ -45.040091041298226, -21.179848948271196 ], [ -45.040091041298226, -21.178770969930248 ], [ -45.039821546712993, -21.178770969930248 ], [ -45.039821546712993, -21.178501475345016 ], [ -45.039282557542521, -21.178501475345016 ], [ -45.039282557542521, -21.176345518663126 ], [ -45.040899525053938, -21.176345518663126 ], [ -45.040899525053938, -21.176076024077897 ], [ -45.041977503394882, -21.17607602407789 ], [ -45.041977503394882, -21.175806529492654 ], [ -45.044133460076765, -21.175806529492654 ], [ -45.044133460076765, -21.174189561981247 ], [ -45.041708008809643, -21.174189561981247 ], [ -45.041708008809643, -21.173111583640303 ], [ -45.04143851422441, -21.173111583640299 ], [ -45.04143851422441, -21.172303099884591 ], [ -45.04116901963917, -21.172303099884591 ], [ -45.04116901963917, -21.172033605299358 ], [ -45.038204579201576, -21.172033605299351 ], [ -45.038204579201576, -21.170955626958413 ], [ -45.039013062957281, -21.170955626958417 ], [ -45.039013062957281, -21.168799670276528 ], [ -45.037396095445871, -21.16879967027652 ], [ -45.037396095445871, -21.169877648617469 ], [ -45.037665590031104, -21.169877648617465 ], [ -45.037665590031104, -21.170416637787937 ], [ -45.037935084616343, -21.170416637787934 ], [ -45.037935084616343, -21.17095562695841 ], [ -45.037126600860631, -21.170955626958413 ], [ -45.037126600860631, -21.170686132373174 ], [ -45.035509633349221, -21.170686132373174 ] ] ] } },
{ "type": "Feature", "properties": { "anos_com_queima": 1, "area_ha": 252.16879725279864, "inicio": 2021.0, "fim": 2025.0, "tipo": "recurrence", "id_feicao": "recurrence_2021_2025_151" }, "geometry": { "type": "Polygon", "coordinates": [ [ [ -44.998049886001432, -21.326454002639501 ], [ -44.994815950978605, -21.326454002639505 ], [ -44.994815950978605, -21.326184508054265 ], [ -44.993737972637661, -21.326184508054261 ], [ -44.993737972637774, -21.327434762609137 ], [ -44.993895, -21.327525 ], [ -44.993900931850781, -21.327531981032077 ], [ -44.994007467222893, -21.327531980980449 ], [ -44.994007467222914, -21.327657359433008 ], [ -44.994042, -21.327697999999899 ], [ -44.994190877998456, -21.327801475612635 ], [ -44.994276961808133, -21.327801475565682 ], [ -44.994276961808147, -21.327861306858033 ], [ -44.994323999999899, -21.327894 ], [ -44.994569, -21.328032 ], [ -44.994802, -21.328192999999899 ], [ -44.994991340313462, -21.328340466999961 ], [ -44.996702413075255, -21.328340464736154 ], [ -44.996702413075255, -21.329418443077092 ], [ -44.996971907660487, -21.329418443077088 ], [ -44.996971907660487, -21.329687937662328 ], [ -44.999397358927617, -21.329687937662325 ], [ -44.999397358927617, -21.330226926832804 ], [ -44.999666853512849, -21.3302269268328 ], [ -44.999666853512849, -21.330496421418044 ], [ -45.001014326439034, -21.330496421418037 ], [ -45.001014326439034, -21.330765916003269 ], [ -45.001283821024266, -21.330765916003276 ], [ -45.001283821024266, -21.332652378099919 ], [ -45.004517756047093, -21.332652378099922 ], [ -45.004517756047093, -21.332921872685162 ], [ -45.005595734388038, -21.332921872685169 ], [ -45.005595734388038, -21.332652378099926 ], [ -45.006404218143743, -21.332652378099926 ], [ -45.006404218143743, -21.331574399758985 ], [ -45.00613472355851, -21.331574399758974 ], [ -45.00613472355851, -21.331035410588509 ], [ -45.005865228973271, -21.331035410588516 ], [ -45.005865228973271, -21.330765916003273 ], [ -45.005595734388038, -21.330765916003276 ], [ -45.005595734388038, -21.328340464736154 ], [ -45.006404218143743, -21.328340464736154 ], [ -45.006404218143743, -21.328070970150918 ], [ -45.006943207314215, -21.328070970150915 ], [ -45.006943207314215, -21.326992991809973 ], [ -45.007212701899455, -21.326992991809977 ], [ -45.007212701899455, -21.326454002639505 ], [ -45.009368658581337, -21.326454002639505 ], [ -45.009368658581337, -21.326723497224734 ], [ -45.010985626092754, -21.326723497224734 ], [ -45.010985626092754, -21.327262486395206 ], [ -45.010716131507522, -21.32726248639521 ], [ -45.010716131507522, -21.327531980980446 ], [ -45.00990764775181, -21.327531980980449 ], [ -45.00990764775181, -21.330496421418044 ], [ -45.00802118565516, -21.330496421418044 ], [ -45.00802118565516, -21.332113388929457 ], [ -45.009638153166577, -21.332113388929454 ], [ -45.009638153166577, -21.332652378099926 ], [ -45.00990764775181, -21.332652378099922 ], [ -45.00990764775181, -21.332921872685159 ], [ -45.011255120677994, -21.332921872685162 ], [ -45.011255120677994, -21.332382883514686 ], [ -45.011524615263227, -21.332382883514676 ], [ -45.011524615263227, -21.331843894344221 ], [ -45.011794109848466, -21.331843894344217 ], [ -45.011794109848466, -21.331304905173749 ], [ -45.014219561115588, -21.331304905173745 ], [ -45.014219561115588, -21.333460861855635 ], [ -45.015297539456526, -21.333460861855635 ], [ -45.015297539456526, -21.332921872685166 ], [ -45.017453496138415, -21.332921872685159 ], [ -45.017453496138415, -21.330226926832797 ], [ -45.019609452820305, -21.330226926832804 ], [ -45.019609452820305, -21.331843894344217 ], [ -45.019878947405537, -21.33184389434421 ], [ -45.019878947405537, -21.332382883514683 ], [ -45.021495914916954, -21.332382883514693 ], [ -45.021495914916954, -21.332652378099922 ], [ -45.022304398672659, -21.332652378099919 ], [ -45.022304398672659, -21.334808334781808 ], [ -45.023651871598844, -21.334808334781808 ], [ -45.023651871598844, -21.334538840196583 ], [ -45.024460355354549, -21.334538840196572 ], [ -45.024460355354549, -21.334269345611336 ], [ -45.026077322865966, -21.334269345611347 ], [ -45.026077322865966, -21.336155807707986 ], [ -45.028772268718321, -21.336155807707986 ], [ -45.028772268718321, -21.337503280634166 ], [ -45.031467214570682, -21.337503280634174 ], [ -45.031467214570682, -21.338581258975115 ], [ -45.032545192911627, -21.338581258975118 ], [ -45.032545192911627, -21.335347323952284 ], [ -45.030119741644498, -21.335347323952281 ], [ -45.030119741644498, -21.335886313122746 ], [ -45.028772268718321, -21.335886313122753 ], [ -45.028772268718321, -21.332382883514693 ], [ -45.028502774133088, -21.332382883514679 ], [ -45.028502774133088, -21.332113388929454 ], [ -45.028233279547848, -21.33211338892945 ], [ -45.028233279547848, -21.331574399758974 ], [ -45.030389236229738, -21.331574399758981 ], [ -45.030389236229738, -21.329148948491849 ], [ -45.03065873081497, -21.329148948491849 ], [ -45.03065873081497, -21.32887945390662 ], [ -45.031736709155915, -21.328879453906612 ], [ -45.031736709155915, -21.32860995932139 ], [ -45.031467214570682, -21.328609959321383 ], [ -45.031467214570682, -21.328070970150911 ], [ -45.029580752474033, -21.328070970150915 ], [ -45.029580752474033, -21.327531980980446 ], [ -45.028772268718321, -21.327531980980439 ], [ -45.028772268718321, -21.326992991809977 ], [ -45.027155301206903, -21.326992991809973 ], [ -45.027155301206903, -21.324837035128095 ], [ -45.026077322865966, -21.324837035128091 ], [ -45.026077322865966, -21.325376024298556 ], [ -45.025807828280726, -21.325376024298556 ], [ -45.025807828280726, -21.326184508054268 ], [ -45.026077322865966, -21.326184508054268 ], [ -45.026077322865966, -21.327262486395213 ], [ -45.024460355354549, -21.327262486395213 ], [ -45.024460355354549, -21.329418443077092 ], [ -45.024729849939781, -21.329418443077088 ], [ -45.024729849939781, -21.329687937662325 ], [ -45.023382377013604, -21.329687937662332 ], [ -45.023382377013604, -21.328609959321387 ], [ -45.023112882428372, -21.32860995932139 ], [ -45.023112882428372, -21.32887945390662 ], [ -45.022843387843132, -21.32887945390662 ], [ -45.022843387843132, -21.329148948491856 ], [ -45.020687431161249, -21.329148948491856 ], [ -45.020687431161249, -21.327801475565686 ], [ -45.021226420331715, -21.327801475565678 ], [ -45.021226420331715, -21.326454002639501 ], [ -45.021765409502187, -21.326454002639501 ], [ -45.021765409502187, -21.326184508054265 ], [ -45.023382377013604, -21.326184508054261 ], [ -45.023382377013604, -21.325376024298556 ], [ -45.023112882428372, -21.325376024298553 ], [ -45.023112882428372, -21.321872594690493 ], [ -45.020687431161249, -21.32187259469049 ], [ -45.020687431161249, -21.322681078446195 ], [ -45.019339958235065, -21.322681078446195 ], [ -45.019339958235065, -21.322950573031427 ], [ -45.018800969064593, -21.322950573031427 ], [ -45.018800969064593, -21.323220067616667 ], [ -45.01826197989412, -21.323220067616667 ], [ -45.01826197989412, -21.323759056787143 ], [ -45.017992485308888, -21.323759056787139 ], [ -45.017992485308888, -21.324567540542848 ], [ -45.017722990723655, -21.324567540542851 ], [ -45.017722990723655, -21.324837035128088 ], [ -45.017453496138415, -21.324837035128088 ], [ -45.017453496138415, -21.325376024298556 ], [ -45.017184001553183, -21.325376024298556 ], [ -45.017184001553183, -21.325645518883789 ], [ -45.014758550286061, -21.325645518883789 ], [ -45.014758550286061, -21.323489562201903 ], [ -45.015028044871293, -21.323489562201907 ], [ -45.015028044871293, -21.322411583860958 ], [ -45.013950066530349, -21.322411583860962 ], [ -45.013950066530349, -21.322681078446195 ], [ -45.013680571945116, -21.322681078446202 ], [ -45.013680571945116, -21.323220067616674 ], [ -45.013141582774644, -21.323220067616671 ], [ -45.013141582774644, -21.324298045957612 ], [ -45.012872088189404, -21.324298045957612 ], [ -45.012872088189404, -21.32537602429856 ], [ -45.010716131507522, -21.325376024298556 ], [ -45.010716131507522, -21.325106529713313 ], [ -45.00802118565516, -21.32510652971332 ], [ -45.00802118565516, -21.324837035128084 ], [ -45.006943207314215, -21.324837035128088 ], [ -45.006943207314215, -21.32510652971332 ], [ -45.005865228973271, -21.32510652971332 ], [ -45.005865228973271, -21.32537602429856 ], [ -45.003978766876621, -21.325376024298556 ], [ -45.003978766876621, -21.326454002639505 ], [ -45.003439777706149, -21.326454002639501 ], [ -45.003439777706149, -21.328070970150918 ], [ -45.001283821024266, -21.328070970150911 ], [ -45.001283821024266, -21.324837035128098 ], [ -45.000205842683322, -21.324837035128084 ], [ -45.000205842683322, -21.322411583860966 ], [ -45.001014326439034, -21.322411583860969 ], [ -45.001014326439034, -21.321333605520017 ], [ -44.999936348098089, -21.321333605520014 ], [ -44.999936348098089, -21.322681078446195 ], [ -44.999127864342377, -21.322681078446198 ], [ -44.999127864342377, -21.322950573031434 ], [ -44.998588875171905, -21.322950573031434 ], [ -44.998588875171905, -21.324028551372376 ], [ -44.998319380586672, -21.324028551372386 ], [ -44.998319380586672, -21.324567540542848 ], [ -44.998049886001432, -21.324567540542848 ], [ -44.998049886001432, -21.326454002639501 ] ], [ [ -45.027155301206903, -21.331574399758978 ], [ -45.027155301206903, -21.331304905173738 ], [ -45.026885806621671, -21.331304905173745 ], [ -45.026885806621671, -21.331035410588516 ], [ -45.026077322865966, -21.331035410588512 ], [ -45.026077322865966, -21.33049642141804 ], [ -45.025807828280726, -21.33049642141804 ], [ -45.025807828280726, -21.330226926832804 ], [ -45.026346817451198, -21.330226926832804 ], [ -45.026346817451198, -21.330765916003276 ], [ -45.027694290377376, -21.330765916003269 ], [ -45.027694290377376, -21.331035410588512 ], [ -45.028233279547848, -21.331035410588516 ], [ -45.028233279547848, -21.331574399758974 ], [ -45.027155301206903, -21.331574399758978 ] ], [ [ -45.025807828280726, -21.329687937662328 ], [ -45.025807828280726, -21.329957432247557 ], [ -45.025538333695494, -21.329957432247561 ], [ -45.025538333695494, -21.329687937662328 ], [ -45.025807828280726, -21.329687937662328 ] ], [ [ -45.017453496138415, -21.327531980980442 ], [ -45.017453496138415, -21.327801475565678 ], [ -45.019878947405537, -21.327801475565678 ], [ -45.019878947405537, -21.328070970150922 ], [ -45.017992485308888, -21.328070970150918 ], [ -45.017992485308888, -21.328340464736144 ], [ -45.015028044871293, -21.328340464736144 ], [ -45.015028044871293, -21.328879453906623 ], [ -45.012333099018932, -21.328879453906627 ], [ -45.012333099018932, -21.329957432247557 ], [ -45.011255120677994, -21.329957432247557 ], [ -45.011255120677994, -21.326723497224741 ], [ -45.011794109848466, -21.326723497224734 ], [ -45.011794109848466, -21.326454002639501 ], [ -45.013141582774644, -21.326454002639501 ], [ -45.013141582774644, -21.326723497224734 ], [ -45.015028044871293, -21.326723497224734 ], [ -45.015028044871293, -21.326992991809973 ], [ -45.015836528626998, -21.326992991809973 ], [ -45.015836528626998, -21.327262486395213 ], [ -45.016914506967943, -21.327262486395217 ], [ -45.016914506967943, -21.327531980980442 ], [ -45.017453496138415, -21.327531980980442 ] ] ] } },
{ "type": "Feature", "properties": { "anos_com_queima": 1, "area_ha": 2.0005529639693171, "inicio": 2021.0, "fim": 2025.0, "tipo": "recurrence", "id_feicao": "recurrence_2021_2025_152" }, "geometry": { "type": "Polygon", "coordinates": [ [ [ -45.023382377013604, -21.326184508054261 ], [ -45.023382377013604, -21.328340464736144 ], [ -45.024190860769309, -21.328340464736154 ], [ -45.024190860769309, -21.326184508054265 ], [ -45.023382377013604, -21.326184508054261 ] ] ] } },
{ "type": "Feature", "properties": { "anos_com_queima": 1, "area_ha": 2.0008145021852846, "inicio": 2021.0, "fim": 2025.0, "tipo": "recurrence", "id_feicao": "recurrence_2021_2025_153" }, "geometry": { "type": "Polygon", "coordinates": [ [ [ -44.998319380586672, -21.307050392502518 ], [ -44.998319380586672, -21.308128370843452 ], [ -44.999936348098089, -21.308128370843463 ], [ -44.999936348098089, -21.307050392502525 ], [ -44.998319380586672, -21.307050392502518 ] ] ] } },
{ "type": "Feature", "properties": { "anos_com_queima": 1, "area_ha": 1.6674380205615387, "inicio": 2021.0, "fim": 2025.0, "tipo": "recurrence", "id_feicao": "recurrence_2021_2025_154" }, "geometry": { "type": "Polygon", "coordinates": [ [ [ -44.99751089683096, -21.298696060360207 ], [ -44.99751089683096, -21.299774038701152 ], [ -44.998858369757144, -21.299774038701148 ], [ -44.998858369757144, -21.298696060360196 ], [ -44.99751089683096, -21.298696060360207 ] ] ] } },
{ "type": "Feature", "properties": { "anos_com_queima": 1, "area_ha": 23.930527492329105, "inicio": 2021.0, "fim": 2025.0, "tipo": "recurrence", "id_feicao": "recurrence_2021_2025_155" }, "geometry": { "type": "Polygon", "coordinates": [ [ [ -44.988348080932944, -21.280639923149408 ], [ -44.988887070103416, -21.280639923149408 ], [ -44.988887070103416, -21.28117891231987 ], [ -44.989156564688649, -21.281178912319881 ], [ -44.989156564688649, -21.281448406905117 ], [ -44.989426059273889, -21.281448406905113 ], [ -44.989426059273889, -21.281987396075589 ], [ -44.989695553859121, -21.281987396075586 ], [ -44.989695553859121, -21.282256890660811 ], [ -44.990234543029594, -21.282256890660815 ], [ -44.990234543029594, -21.282526385246054 ], [ -44.991043026785299, -21.282526385246062 ], [ -44.991043026785299, -21.284412847342708 ], [ -44.991582015955771, -21.284412847342708 ], [ -44.991582015955771, -21.28468234192794 ], [ -44.991851510541011, -21.284682341927944 ], [ -44.991851510541011, -21.283604363586992 ], [ -44.993198983467188, -21.283604363586996 ], [ -44.993198983467188, -21.285760320268885 ], [ -44.993737972637661, -21.285760320268889 ], [ -44.993737972637661, -21.286029814854125 ], [ -44.994815950978605, -21.286029814854125 ], [ -44.994815950978605, -21.284682341927947 ], [ -44.993468478052428, -21.28468234192794 ], [ -44.993468478052428, -21.281987396075586 ], [ -44.994546456393365, -21.281987396075586 ], [ -44.994546456393365, -21.280909417734641 ], [ -44.992929488881956, -21.280909417734641 ], [ -44.992929488881956, -21.280639923149401 ], [ -44.992659994296716, -21.280639923149401 ], [ -44.992659994296716, -21.280100933978925 ], [ -44.990504037614834, -21.280100933978929 ], [ -44.990504037614834, -21.2798314393937 ], [ -44.990234543029594, -21.279831439393696 ], [ -44.990234543029594, -21.278753461052759 ], [ -44.989965048444361, -21.278753461052759 ], [ -44.989965048444361, -21.278214471882283 ], [ -44.988348080932944, -21.278214471882283 ], [ -44.988348080932944, -21.278483966467519 ], [ -44.987809091762472, -21.278483966467519 ], [ -44.987809091762472, -21.279561944808471 ], [ -44.988078586347704, -21.279561944808467 ], [ -44.988078586347704, -21.279831439393703 ], [ -44.988348080932944, -21.279831439393703 ], [ -44.988348080932944, -21.280639923149408 ] ] ] } },
{ "type": "Feature", "properties": { "anos_com_queima": 1, "area_ha": 1.6678246130406202, "inicio": 2021.0, "fim": 2025.0, "tipo": "recurrence", "id_feicao": "recurrence_2021_2025_156" }, "geometry": { "type": "Polygon", "coordinates": [ [ [ -45.017184001553183, -21.263661764279547 ], [ -45.017184001553183, -21.265009237205724 ], [ -45.01826197989412, -21.265009237205728 ], [ -45.01826197989412, -21.263661764279544 ], [ -45.017184001553183, -21.263661764279547 ] ] ] } },
{ "type": "Feature", "properties": { "anos_com_queima": 1, "area_ha": 0.41695690955694625, "inicio": 2021.0, "fim": 2025.0, "tipo": "recurrence", "id_feicao": "recurrence_2021_2025_157" }, "geometry": { "type": "Polygon", "coordinates": [ [ [ -45.019609452820305, -21.263931258864776 ], [ -45.019609452820305, -21.264200753450016 ], [ -45.020956925746482, -21.264200753450019 ], [ -45.020956925746482, -21.263931258864773 ], [ -45.019609452820305, -21.263931258864776 ] ] ] } },
{ "type": "Feature", "properties": { "anos_com_queima": 1, "area_ha": 0.083391828458523776, "inicio": 2021.0, "fim": 2025.0, "tipo": "recurrence", "id_feicao": "recurrence_2021_2025_158" }, "geometry": { "type": "Polygon", "coordinates": [ [ [ -45.019339958235065, -21.263122775109075 ], [ -45.019339958235065, -21.263392269694311 ], [ -45.019609452820305, -21.263392269694311 ], [ -45.019609452820305, -21.263122775109071 ], [ -45.019339958235065, -21.263122775109075 ] ] ] } },
{ "type": "Feature", "properties": { "anos_com_queima": 1, "area_ha": 0.1667839543938455, "inicio": 2021.0, "fim": 2025.0, "tipo": "recurrence", "id_feicao": "recurrence_2021_2025_159" }, "geometry": { "type": "Polygon", "coordinates": [ [ [ -45.018800969064593, -21.262853280523835 ], [ -45.018800969064593, -21.263122775109082 ], [ -45.019339958235065, -21.263122775109075 ], [ -45.019339958235065, -21.262853280523828 ], [ -45.018800969064593, -21.262853280523835 ] ] ] } },
{ "type": "Feature", "properties": { "anos_com_queima": 1, "area_ha": 3.7527001663679536, "inicio": 2021.0, "fim": 2025.0, "tipo": "recurrence", "id_feicao": "recurrence_2021_2025_160" }, "geometry": { "type": "Polygon", "coordinates": [ [ [ -45.021226420331715, -21.261236313012418 ], [ -45.021226420331715, -21.262583785938599 ], [ -45.021495914916954, -21.262583785938599 ], [ -45.021495914916954, -21.2609668184272 ], [ -45.022304398672659, -21.260966818427189 ], [ -45.022304398672659, -21.260697323841953 ], [ -45.022843387843132, -21.260697323841953 ], [ -45.022843387843132, -21.259619345501001 ], [ -45.022573893257899, -21.259619345501012 ], [ -45.022573893257899, -21.259888840086244 ], [ -45.021495914916954, -21.259888840086237 ], [ -45.021495914916954, -21.259080356330532 ], [ -45.021226420331715, -21.259080356330536 ], [ -45.021226420331715, -21.259349850915768 ], [ -45.020956925746482, -21.259349850915761 ], [ -45.020956925746482, -21.260697323841953 ], [ -45.02041793657601, -21.260697323841956 ], [ -45.02041793657601, -21.260966818427185 ], [ -45.019878947405537, -21.260966818427189 ], [ -45.019878947405537, -21.261236313012422 ], [ -45.021226420331715, -21.261236313012418 ] ] ] } },
{ "type": "Feature", "properties": { "anos_com_queima": 1, "area_ha": 4.2530867799126879, "inicio": 2021.0, "fim": 2025.0, "tipo": "recurrence", "id_feicao": "recurrence_2021_2025_161" }, "geometry": { "type": "Polygon", "coordinates": [ [ [ -45.019339958235065, -21.261236313012422 ], [ -45.019339958235065, -21.258541367160067 ], [ -45.019070463649832, -21.258541367160067 ], [ -45.019070463649832, -21.258002377989591 ], [ -45.017992485308888, -21.258002377989591 ], [ -45.017992485308888, -21.259349850915768 ], [ -45.01826197989412, -21.259349850915772 ], [ -45.01826197989412, -21.260697323841953 ], [ -45.017992485308888, -21.260697323841956 ], [ -45.017992485308888, -21.260966818427189 ], [ -45.01853147447936, -21.260966818427192 ], [ -45.01853147447936, -21.261236313012422 ], [ -45.019339958235065, -21.261236313012422 ] ] ] } },
{ "type": "Feature", "properties": { "anos_com_queima": 1, "area_ha": 6.4213389557291167, "inicio": 2021.0, "fim": 2025.0, "tipo": "recurrence", "id_feicao": "recurrence_2021_2025_162" }, "geometry": { "type": "Polygon", "coordinates": [ [ [ -45.015297539456526, -21.260427829256709 ], [ -45.015297539456526, -21.259349850915772 ], [ -45.013950066530349, -21.259349850915772 ], [ -45.013950066530349, -21.257193894233886 ], [ -45.012602593604171, -21.257193894233883 ], [ -45.012602593604171, -21.258271872574827 ], [ -45.013141582774644, -21.258271872574831 ], [ -45.013141582774644, -21.260966818427189 ], [ -45.014758550286061, -21.260966818427192 ], [ -45.014758550286061, -21.260697323841949 ], [ -45.015028044871293, -21.26069732384196 ], [ -45.015028044871293, -21.260427829256713 ], [ -45.015297539456526, -21.260427829256709 ] ] ] } },
{ "type": "Feature", "properties": { "anos_com_queima": 1, "area_ha": 0.33357686377509838, "inicio": 2021.0, "fim": 2025.0, "tipo": "recurrence", "id_feicao": "recurrence_2021_2025_163" }, "geometry": { "type": "Polygon", "coordinates": [ [ [ -45.021495914916954, -21.258810861745303 ], [ -45.021495914916954, -21.259080356330532 ], [ -45.022573893257899, -21.259080356330539 ], [ -45.022573893257899, -21.25881086174531 ], [ -45.021495914916954, -21.258810861745303 ] ] ] } },
{ "type": "Feature", "properties": { "anos_com_queima": 1, "area_ha": 0.083395553049607038, "inicio": 2021.0, "fim": 2025.0, "tipo": "recurrence", "id_feicao": "recurrence_2021_2025_164" }, "geometry": { "type": "Polygon", "coordinates": [ [ [ -45.016914506967943, -21.256385410478185 ], [ -45.016914506967943, -21.256654905063417 ], [ -45.017184001553183, -21.256654905063414 ], [ -45.017184001553183, -21.256385410478167 ], [ -45.016914506967943, -21.256385410478185 ] ] ] } },
{ "type": "Feature", "properties": { "anos_com_queima": 1, "area_ha": 2.5852823208140214, "inicio": 2021.0, "fim": 2025.0, "tipo": "recurrence", "id_feicao": "recurrence_2021_2025_165" }, "geometry": { "type": "Polygon", "coordinates": [ [ [ -45.017184001553183, -21.255037937552004 ], [ -45.017184001553183, -21.255307432137236 ], [ -45.016914506967943, -21.255307432137236 ], [ -45.016914506967943, -21.255576926722473 ], [ -45.01853147447936, -21.255576926722465 ], [ -45.01853147447936, -21.25665490506341 ], [ -45.017184001553183, -21.256654905063414 ], [ -45.017184001553183, -21.256924399648643 ], [ -45.018800969064593, -21.256924399648653 ], [ -45.018800969064593, -21.255846421307709 ], [ -45.019070463649832, -21.255846421307709 ], [ -45.019070463649832, -21.253959959211059 ], [ -45.017992485308888, -21.253959959211052 ], [ -45.017992485308888, -21.254229453796288 ], [ -45.018800969064593, -21.254229453796295 ], [ -45.018800969064593, -21.255307432137236 ], [ -45.017722990723655, -21.25530743213724 ], [ -45.017722990723655, -21.254498948381535 ], [ -45.017453496138415, -21.254498948381521 ], [ -45.017453496138415, -21.255037937552 ], [ -45.017184001553183, -21.255037937552004 ] ] ] } },
{ "type": "Feature", "properties": { "anos_com_queima": 1, "area_ha": 2.0015180126836123, "inicio": 2021.0, "fim": 2025.0, "tipo": "recurrence", "id_feicao": "recurrence_2021_2025_166" }, "geometry": { "type": "Polygon", "coordinates": [ [ [ -45.020956925746482, -21.255307432137229 ], [ -45.020956925746482, -21.255037937552004 ], [ -45.021226420331715, -21.255037937552004 ], [ -45.021226420331715, -21.253959959211048 ], [ -45.019878947405537, -21.253959959211059 ], [ -45.019878947405537, -21.25530743213724 ], [ -45.020956925746482, -21.255307432137229 ] ] ] } },
{ "type": "Feature", "properties": { "anos_com_queima": 1, "area_ha": 0.33362333536422323, "inicio": 2021.0, "fim": 2025.0, "tipo": "recurrence", "id_feicao": "recurrence_2021_2025_167" }, "geometry": { "type": "Polygon", "coordinates": [ [ [ -45.01826197989412, -21.237790284096906 ], [ -45.01826197989412, -21.238059778682146 ], [ -45.019339958235065, -21.238059778682135 ], [ -45.019339958235065, -21.237790284096913 ], [ -45.01826197989412, -21.237790284096906 ] ] ] } },
{ "type": "Feature", "properties": { "anos_com_queima": 1, "area_ha": 1.5847268489671036, "inicio": 2021.0, "fim": 2025.0, "tipo": "recurrence", "id_feicao": "recurrence_2021_2025_168" }, "geometry": { "type": "Polygon", "coordinates": [ [ [ -45.01826197989412, -21.236173316585486 ], [ -45.01826197989412, -21.236981800341201 ], [ -45.019609452820305, -21.236981800341201 ], [ -45.019609452820305, -21.23590382200025 ], [ -45.01853147447936, -21.235903822000253 ], [ -45.01853147447936, -21.236173316585493 ], [ -45.01826197989412, -21.236173316585486 ] ] ] } },
{ "type": "Feature", "properties": { "anos_com_queima": 1, "area_ha": 5.4216641085503037, "inicio": 2021.0, "fim": 2025.0, "tipo": "recurrence", "id_feicao": "recurrence_2021_2025_169" }, "geometry": { "type": "Polygon", "coordinates": [ [ [ -45.019609452820305, -21.231052919466013 ], [ -45.019609452820305, -21.229705446539832 ], [ -45.019339958235065, -21.229705446539832 ], [ -45.019339958235065, -21.229166457369359 ], [ -45.019070463649832, -21.229166457369359 ], [ -45.019070463649832, -21.228627468198891 ], [ -45.01853147447936, -21.228627468198887 ], [ -45.01853147447936, -21.22889696278412 ], [ -45.017992485308888, -21.228896962784116 ], [ -45.017992485308888, -21.229705446539832 ], [ -45.01664501238271, -21.229705446539828 ], [ -45.01664501238271, -21.230783424880777 ], [ -45.01826197989412, -21.230783424880773 ], [ -45.01826197989412, -21.231052919466013 ], [ -45.019609452820305, -21.231052919466013 ] ] ] } },
{ "type": "Feature", "properties": { "anos_com_queima": 1, "area_ha": 1.0843408107791406, "inicio": 2021.0, "fim": 2025.0, "tipo": "recurrence", "id_feicao": "recurrence_2021_2025_170" }, "geometry": { "type": "Polygon", "coordinates": [ [ [ -45.014758550286061, -21.229435951954589 ], [ -45.014758550286061, -21.229166457369356 ], [ -45.014489055700821, -21.229166457369359 ], [ -45.014489055700821, -21.228357973613651 ], [ -45.013680571945116, -21.228357973613647 ], [ -45.013680571945116, -21.229435951954592 ], [ -45.014758550286061, -21.229435951954589 ] ] ] } },
{ "type": "Feature", "properties": { "anos_com_queima": 1, "area_ha": 4.8378566000757335, "inicio": 2021.0, "fim": 2025.0, "tipo": "recurrence", "id_feicao": "recurrence_2021_2025_171" }, "geometry": { "type": "Polygon", "coordinates": [ [ [ -45.015836528626998, -21.228896962784123 ], [ -45.015836528626998, -21.229166457369359 ], [ -45.017184001553183, -21.229166457369356 ], [ -45.017184001553183, -21.228896962784123 ], [ -45.017992485308888, -21.228896962784116 ], [ -45.017992485308888, -21.228627468198884 ], [ -45.01853147447936, -21.228627468198887 ], [ -45.01853147447936, -21.227818984443179 ], [ -45.017992485308888, -21.227818984443172 ], [ -45.017992485308888, -21.22674100610223 ], [ -45.016106023212238, -21.22674100610223 ], [ -45.016106023212238, -21.22701050068747 ], [ -45.015836528626998, -21.227010500687474 ], [ -45.015836528626998, -21.227279995272706 ], [ -45.01664501238271, -21.227279995272703 ], [ -45.01664501238271, -21.228627468198891 ], [ -45.016106023212238, -21.228627468198887 ], [ -45.016106023212238, -21.228896962784116 ], [ -45.015836528626998, -21.228896962784123 ] ] ] } },
{ "type": "Feature", "properties": { "anos_com_queima": 1, "area_ha": 0.66729175419848274, "inicio": 2021.0, "fim": 2025.0, "tipo": "recurrence", "id_feicao": "recurrence_2021_2025_172" }, "geometry": { "type": "Polygon", "coordinates": [ [ [ -45.014489055700821, -21.227279995272706 ], [ -45.014489055700821, -21.228088479028415 ], [ -45.014758550286061, -21.228088479028415 ], [ -45.014758550286061, -21.227818984443179 ], [ -45.015297539456526, -21.227818984443179 ], [ -45.015297539456526, -21.227549489857939 ], [ -45.015567034041766, -21.227549489857942 ], [ -45.015567034041766, -21.227279995272706 ], [ -45.014489055700821, -21.227279995272706 ] ] ] } },
{ "type": "Feature", "properties": { "anos_com_queima": 1, "area_ha": 5.6720542365156152, "inicio": 2021.0, "fim": 2025.0, "tipo": "recurrence", "id_feicao": "recurrence_2021_2025_173" }, "geometry": { "type": "Polygon", "coordinates": [ [ [ -45.020687431161249, -21.226741006102234 ], [ -45.020687431161249, -21.225932522346525 ], [ -45.021226420331715, -21.225932522346525 ], [ -45.021226420331715, -21.224315554835108 ], [ -45.019609452820305, -21.224315554835108 ], [ -45.019609452820305, -21.22512403859082 ], [ -45.019070463649832, -21.225124038590824 ], [ -45.019070463649832, -21.226741006102234 ], [ -45.019339958235065, -21.226741006102234 ], [ -45.019339958235065, -21.227279995272706 ], [ -45.02041793657601, -21.22727999527271 ], [ -45.02041793657601, -21.226741006102237 ], [ -45.020687431161249, -21.226741006102234 ] ] ] } },
{ "type": "Feature", "properties": { "anos_com_queima": 1, "area_ha": 0.083415799300134763, "inicio": 2021.0, "fim": 2025.0, "tipo": "recurrence", "id_feicao": "recurrence_2021_2025_174" }, "geometry": { "type": "Polygon", "coordinates": [ [ [ -45.002631293950451, -21.219734146886104 ], [ -45.002631293950451, -21.22000364147133 ], [ -45.002900788535676, -21.220003641471337 ], [ -45.002900788535676, -21.2197341468861 ], [ -45.002631293950451, -21.219734146886104 ] ] ] } },
{ "type": "Feature", "properties": { "anos_com_queima": 1, "area_ha": 3.0864182924299226, "inicio": 2021.0, "fim": 2025.0, "tipo": "recurrence", "id_feicao": "recurrence_2021_2025_175" }, "geometry": { "type": "Polygon", "coordinates": [ [ [ -45.003170283120923, -21.218656168545163 ], [ -45.003170283120923, -21.218117179374687 ], [ -45.003709272291395, -21.21811717937468 ], [ -45.003709272291395, -21.217308695618978 ], [ -45.001822810194739, -21.217308695618975 ], [ -45.001822810194739, -21.217578190204218 ], [ -45.001553315609506, -21.217578190204218 ], [ -45.001553315609506, -21.218386673959923 ], [ -45.002092304779978, -21.218386673959913 ], [ -45.002092304779978, -21.219734146886097 ], [ -45.002361799365211, -21.219734146886097 ], [ -45.002361799365211, -21.218656168545156 ], [ -45.003170283120923, -21.218656168545163 ] ] ] } },
{ "type": "Feature", "properties": { "anos_com_queima": 1, "area_ha": 0.33366766739852, "inicio": 2021.0, "fim": 2025.0, "tipo": "recurrence", "id_feicao": "recurrence_2021_2025_176" }, "geometry": { "type": "Polygon", "coordinates": [ [ [ -44.990773532200066, -21.217308695618978 ], [ -44.990773532200066, -21.21838667395992 ], [ -44.991043026785299, -21.218386673959923 ], [ -44.991043026785299, -21.217308695618978 ], [ -44.990773532200066, -21.217308695618978 ] ] ] } },
{ "type": "Feature", "properties": { "anos_com_queima": 1, "area_ha": 0.33366945252802171, "inicio": 2021.0, "fim": 2025.0, "tipo": "recurrence", "id_feicao": "recurrence_2021_2025_177" }, "geometry": { "type": "Polygon", "coordinates": [ [ [ -45.008560174825632, -21.216769706448499 ], [ -45.008560174825632, -21.217039201033742 ], [ -45.008829669410872, -21.217039201033735 ], [ -45.008829669410872, -21.217308695618982 ], [ -45.009368658581337, -21.217308695618971 ], [ -45.009368658581337, -21.217039201033742 ], [ -45.009099163996105, -21.217039201033742 ], [ -45.009099163996105, -21.216769706448499 ], [ -45.008560174825632, -21.216769706448499 ] ] ] } },
{ "type": "Feature", "properties": { "anos_com_queima": 1, "area_ha": 19.936710654252739, "inicio": 2021.0, "fim": 2025.0, "tipo": "recurrence", "id_feicao": "recurrence_2021_2025_178" }, "geometry": { "type": "Polygon", "coordinates": [ [ [ -45.005056745217566, -21.217847684789454 ], [ -45.005056745217566, -21.218925663130396 ], [ -45.00478725063234, -21.218925663130399 ], [ -45.00478725063234, -21.219195157715621 ], [ -45.003978766876621, -21.219195157715628 ], [ -45.003978766876621, -21.22000364147133 ], [ -45.003439777706149, -21.220003641471333 ], [ -45.003439777706149, -21.220273136056569 ], [ -45.003709272291395, -21.220273136056573 ], [ -45.003709272291395, -21.220542630641809 ], [ -45.005326239802812, -21.220542630641813 ], [ -45.005326239802812, -21.219734146886097 ], [ -45.005865228973271, -21.2197341468861 ], [ -45.005865228973271, -21.219195157715635 ], [ -45.008560174825632, -21.219195157715635 ], [ -45.008560174825632, -21.218925663130399 ], [ -45.008829669410872, -21.218925663130399 ], [ -45.008829669410872, -21.219195157715628 ], [ -45.009368658581337, -21.219195157715625 ], [ -45.009368658581337, -21.218117179374683 ], [ -45.007482196484688, -21.218117179374691 ], [ -45.007482196484688, -21.216769706448503 ], [ -45.008560174825632, -21.216769706448499 ], [ -45.008560174825632, -21.216230717278034 ], [ -45.00802118565516, -21.216230717278041 ], [ -45.00802118565516, -21.215961222692798 ], [ -45.006404218143743, -21.215961222692801 ], [ -45.006404218143743, -21.214883244351864 ], [ -45.00613472355851, -21.214883244351853 ], [ -45.00613472355851, -21.214344255181384 ], [ -45.005056745217566, -21.214344255181377 ], [ -45.005056745217566, -21.213535771425676 ], [ -45.00478725063234, -21.213535771425676 ], [ -45.00478725063234, -21.21326627684045 ], [ -45.004517756047093, -21.213266276840436 ], [ -45.004517756047093, -21.214613749766617 ], [ -45.003978766876621, -21.21461374976662 ], [ -45.003978766876621, -21.214883244351856 ], [ -45.004517756047093, -21.214883244351849 ], [ -45.004517756047093, -21.217308695618975 ], [ -45.00478725063234, -21.217308695618975 ], [ -45.00478725063234, -21.217847684789451 ], [ -45.005056745217566, -21.217847684789454 ] ] ] } },
{ "type": "Feature", "properties": { "anos_com_queima": 1, "area_ha": 1.3346825673921754, "inicio": 2021.0, "fim": 2025.0, "tipo": "recurrence", "id_feicao": "recurrence_2021_2025_179" }, "geometry": { "type": "Polygon", "coordinates": [ [ [ -44.991043026785299, -21.21596122269279 ], [ -44.991043026785299, -21.217039201033742 ], [ -44.992121005126243, -21.217039201033742 ], [ -44.992121005126243, -21.215961222692798 ], [ -44.991043026785299, -21.21596122269279 ] ] ] } },
{ "type": "Feature", "properties": { "anos_com_queima": 1, "area_ha": 0.083418031254880093, "inicio": 2021.0, "fim": 2025.0, "tipo": "recurrence", "id_feicao": "recurrence_2021_2025_180" }, "geometry": { "type": "Polygon", "coordinates": [ [ [ -44.995354940149078, -21.215691728107565 ], [ -44.995354940149078, -21.215961222692801 ], [ -44.99562443473431, -21.215961222692798 ], [ -44.99562443473431, -21.215691728107565 ], [ -44.995354940149078, -21.215691728107565 ] ] ] } },
{ "type": "Feature", "properties": { "anos_com_queima": 1, "area_ha": 3.8372385361039982, "inicio": 2021.0, "fim": 2025.0, "tipo": "recurrence", "id_feicao": "recurrence_2021_2025_181" }, "geometry": { "type": "Polygon", "coordinates": [ [ [ -44.990504037614834, -21.214074760596155 ], [ -44.990504037614834, -21.213805266010912 ], [ -44.990234543029594, -21.213805266010901 ], [ -44.990234543029594, -21.215961222692794 ], [ -44.989426059273889, -21.215961222692798 ], [ -44.989426059273889, -21.217308695618978 ], [ -44.990504037614834, -21.217308695618986 ], [ -44.990504037614834, -21.214883244351856 ], [ -44.992121005126243, -21.214883244351856 ], [ -44.992121005126243, -21.214074760596141 ], [ -44.990504037614834, -21.214074760596155 ] ] ] } },
{ "type": "Feature", "properties": { "anos_com_queima": 1, "area_ha": 0.41709090162533946, "inicio": 2021.0, "fim": 2025.0, "tipo": "recurrence", "id_feicao": "recurrence_2021_2025_182" }, "geometry": { "type": "Polygon", "coordinates": [ [ [ -44.994007467222893, -21.214883244351856 ], [ -44.994007467222893, -21.21623071727803 ], [ -44.994276961808133, -21.216230717278044 ], [ -44.994276961808133, -21.214883244351856 ], [ -44.994007467222893, -21.214883244351856 ] ] ] } },
{ "type": "Feature", "properties": { "anos_com_queima": 1, "area_ha": 0.41709238650086089, "inicio": 2021.0, "fim": 2025.0, "tipo": "recurrence", "id_feicao": "recurrence_2021_2025_183" }, "geometry": { "type": "Polygon", "coordinates": [ [ [ -45.002361799365211, -21.214883244351849 ], [ -45.002361799365211, -21.215152738937093 ], [ -45.003709272291395, -21.215152738937096 ], [ -45.003709272291395, -21.21488324435186 ], [ -45.002361799365211, -21.214883244351849 ] ] ] } },
{ "type": "Feature", "properties": { "anos_com_queima": 1, "area_ha": 0.41709437282029632, "inicio": 2021.0, "fim": 2025.0, "tipo": "recurrence", "id_feicao": "recurrence_2021_2025_184" }, "geometry": { "type": "Polygon", "coordinates": [ [ [ -44.99562443473431, -21.214613749766624 ], [ -44.99562443473431, -21.214344255181388 ], [ -44.995354940149078, -21.214344255181384 ], [ -44.995354940149078, -21.214074760596144 ], [ -44.994815950978605, -21.214074760596141 ], [ -44.994815950978605, -21.214613749766627 ], [ -44.99562443473431, -21.214613749766624 ] ] ] } },
{ "type": "Feature", "properties": { "anos_com_queima": 1, "area_ha": 0.33367569364596583, "inicio": 2021.0, "fim": 2025.0, "tipo": "recurrence", "id_feicao": "recurrence_2021_2025_185" }, "geometry": { "type": "Polygon", "coordinates": [ [ [ -45.001283821024266, -21.213805266010908 ], [ -45.001283821024266, -21.214344255181377 ], [ -45.001553315609506, -21.214344255181384 ], [ -45.001553315609506, -21.214613749766617 ], [ -45.001822810194739, -21.214613749766624 ], [ -45.001822810194739, -21.214074760596148 ], [ -45.001553315609506, -21.214074760596148 ], [ -45.001553315609506, -21.213805266010915 ], [ -45.001283821024266, -21.213805266010908 ] ] ] } },
{ "type": "Feature", "properties": { "anos_com_queima": 1, "area_ha": 1.2512896920099854, "inicio": 2021.0, "fim": 2025.0, "tipo": "recurrence", "id_feicao": "recurrence_2021_2025_186" }, "geometry": { "type": "Polygon", "coordinates": [ [ [ -44.994276961808133, -21.213266276840432 ], [ -44.993198983467188, -21.213266276840447 ], [ -44.993198983467188, -21.214074760596144 ], [ -44.994815950978605, -21.214074760596141 ], [ -44.994815950978605, -21.213805266010908 ], [ -44.994546456393365, -21.213805266010905 ], [ -44.994546456393365, -21.213535771425676 ], [ -44.994276961808133, -21.213535771425672 ], [ -44.994276961808133, -21.213266276840432 ] ] ] } },
{ "type": "Feature", "properties": { "anos_com_queima": 1, "area_ha": 0.083419220892394508, "inicio": 2021.0, "fim": 2025.0, "tipo": "recurrence", "id_feicao": "recurrence_2021_2025_187" }, "geometry": { "type": "Polygon", "coordinates": [ [ [ -45.001014326439034, -21.213535771425672 ], [ -45.001014326439034, -21.213805266010908 ], [ -45.001283821024266, -21.213805266010908 ], [ -45.001283821024266, -21.213535771425668 ], [ -45.001014326439034, -21.213535771425672 ] ] ] } },
{ "type": "Feature", "properties": { "anos_com_queima": 1, "area_ha": 1.167872740205566, "inicio": 2021.0, "fim": 2025.0, "tipo": "recurrence", "id_feicao": "recurrence_2021_2025_188" }, "geometry": { "type": "Polygon", "coordinates": [ [ [ -44.999936348098089, -21.213266276840436 ], [ -44.999936348098089, -21.213535771425672 ], [ -45.001014326439034, -21.213535771425672 ], [ -45.001014326439034, -21.212727287669964 ], [ -44.999666853512849, -21.212727287669971 ], [ -44.999666853512849, -21.213266276840443 ], [ -44.999936348098089, -21.213266276840436 ] ] ] } },
{ "type": "Feature", "properties": { "anos_com_queima": 1, "area_ha": 0.16683918777136031, "inicio": 2021.0, "fim": 2025.0, "tipo": "recurrence", "id_feicao": "recurrence_2021_2025_189" }, "geometry": { "type": "Polygon", "coordinates": [ [ [ -44.992659994296716, -21.212727287669967 ], [ -44.992659994296716, -21.213266276840439 ], [ -44.992929488881956, -21.213266276840439 ], [ -44.992929488881956, -21.212727287669967 ], [ -44.992659994296716, -21.212727287669967 ] ] ] } },
{ "type": "Feature", "properties": { "anos_com_queima": 1, "area_ha": 0.25025945153975826, "inicio": 2021.0, "fim": 2025.0, "tipo": "recurrence", "id_feicao": "recurrence_2021_2025_190" }, "geometry": { "type": "Polygon", "coordinates": [ [ [ -44.991851510541011, -21.212457793084731 ], [ -44.991851510541011, -21.212727287669967 ], [ -44.992659994296716, -21.212727287669967 ], [ -44.992659994296716, -21.212457793084738 ], [ -44.991851510541011, -21.212457793084731 ] ] ] } },
{ "type": "Feature", "properties": { "anos_com_queima": 1, "area_ha": 0.083420114950998714, "inicio": 2021.0, "fim": 2025.0, "tipo": "recurrence", "id_feicao": "recurrence_2021_2025_191" }, "geometry": { "type": "Polygon", "coordinates": [ [ [ -44.991312521370538, -21.211918803914266 ], [ -44.991312521370538, -21.212188298499491 ], [ -44.991582015955771, -21.212188298499495 ], [ -44.991582015955771, -21.211918803914262 ], [ -44.991312521370538, -21.211918803914266 ] ] ] } },
{ "type": "Feature", "properties": { "anos_com_queima": 1, "area_ha": 4.8383738982339208, "inicio": 2021.0, "fim": 2025.0, "tipo": "recurrence", "id_feicao": "recurrence_2021_2025_192" }, "geometry": { "type": "Polygon", "coordinates": [ [ [ -45.004517756047093, -21.2129967822552 ], [ -45.004517756047093, -21.212727287669964 ], [ -45.005865228973271, -21.21272728766996 ], [ -45.005865228973271, -21.211110320158554 ], [ -45.005595734388038, -21.21111032015855 ], [ -45.005595734388038, -21.210840825573325 ], [ -45.005056745217566, -21.210840825573314 ], [ -45.005056745217566, -21.210571330988074 ], [ -45.004517756047093, -21.210571330988074 ], [ -45.004517756047093, -21.21111032015855 ], [ -45.003709272291395, -21.211110320158557 ], [ -45.003709272291395, -21.211918803914259 ], [ -45.003439777706149, -21.211918803914269 ], [ -45.003439777706149, -21.212188298499491 ], [ -45.003709272291395, -21.212188298499495 ], [ -45.003709272291395, -21.2129967822552 ], [ -45.004517756047093, -21.2129967822552 ] ] ] } },
{ "type": "Feature", "properties": { "anos_com_queima": 1, "area_ha": 0.3336810490396549, "inicio": 2021.0, "fim": 2025.0, "tipo": "recurrence", "id_feicao": "recurrence_2021_2025_193" }, "geometry": { "type": "Polygon", "coordinates": [ [ [ -45.002361799365211, -21.211649309329019 ], [ -45.002361799365211, -21.211918803914262 ], [ -45.003439777706149, -21.211918803914269 ], [ -45.003439777706149, -21.211649309329019 ], [ -45.002361799365211, -21.211649309329019 ] ] ] } },
{ "type": "Feature", "properties": { "anos_com_queima": 1, "area_ha": 2.0855084856600512, "inicio": 2021.0, "fim": 2025.0, "tipo": "recurrence", "id_feicao": "recurrence_2021_2025_194" }, "geometry": { "type": "Polygon", "coordinates": [ [ [ -44.999936348098089, -21.211110320158557 ], [ -44.999936348098089, -21.21137981474379 ], [ -44.999666853512849, -21.211379814743786 ], [ -44.999666853512849, -21.211649309329026 ], [ -44.999936348098089, -21.211649309329022 ], [ -44.999936348098089, -21.212188298499491 ], [ -45.001553315609506, -21.212188298499495 ], [ -45.001553315609506, -21.211110320158554 ], [ -44.999936348098089, -21.211110320158557 ] ] ] } },
{ "type": "Feature", "properties": { "anos_com_queima": 1, "area_ha": 0.83420981016120332, "inicio": 2021.0, "fim": 2025.0, "tipo": "recurrence", "id_feicao": "recurrence_2021_2025_195" }, "geometry": { "type": "Polygon", "coordinates": [ [ [ -45.003709272291395, -21.211110320158557 ], [ -45.003709272291395, -21.210571330988078 ], [ -45.004517756047093, -21.210571330988074 ], [ -45.004517756047093, -21.210032341817616 ], [ -45.003439777706149, -21.210032341817605 ], [ -45.003439777706149, -21.211110320158557 ], [ -45.003709272291395, -21.211110320158557 ] ] ] } },
{ "type": "Feature", "properties": { "anos_com_queima": 1, "area_ha": 1.4181656187428171, "inicio": 2021.0, "fim": 2025.0, "tipo": "recurrence", "id_feicao": "recurrence_2021_2025_196" }, "geometry": { "type": "Polygon", "coordinates": [ [ [ -44.998049886001432, -21.210032341817609 ], [ -44.998049886001432, -21.209762847232373 ], [ -44.998858369757144, -21.20976284723238 ], [ -44.998858369757144, -21.208954363476675 ], [ -44.99751089683096, -21.208954363476671 ], [ -44.99751089683096, -21.21003234181762 ], [ -44.998049886001432, -21.210032341817609 ] ] ] } },
{ "type": "Feature", "properties": { "anos_com_queima": 1, "area_ha": 9.593712676913297, "inicio": 2021.0, "fim": 2025.0, "tipo": "recurrence", "id_feicao": "recurrence_2021_2025_197" }, "geometry": { "type": "Polygon", "coordinates": [ [ [ -45.002361799365211, -21.206798406794785 ], [ -45.002361799365211, -21.206528912209549 ], [ -45.002631293950451, -21.206528912209549 ], [ -45.002631293950451, -21.205989923039066 ], [ -45.002900788535676, -21.20598992303907 ], [ -45.002900788535676, -21.20437295552766 ], [ -45.002631293950451, -21.20437295552766 ], [ -45.002631293950451, -21.204103460942431 ], [ -45.001553315609506, -21.204103460942424 ], [ -45.001553315609506, -21.205181439283368 ], [ -45.000205842683322, -21.205181439283358 ], [ -45.000205842683322, -21.205450933868608 ], [ -44.998588875171905, -21.205450933868608 ], [ -44.998588875171905, -21.207067901380018 ], [ -45.001283821024266, -21.207067901380018 ], [ -45.001283821024266, -21.206798406794778 ], [ -45.002361799365211, -21.206798406794785 ] ] ] } },
{ "type": "Feature", "properties": { "anos_com_queima": 1, "area_ha": 24.528921912012581, "inicio": 2021.0, "fim": 2025.0, "tipo": "recurrence", "id_feicao": "recurrence_2021_2025_198" }, "geometry": { "type": "Polygon", "coordinates": [ [ [ -45.002092304779978, -21.191167720851105 ], [ -45.002092304779978, -21.192515193777272 ], [ -45.005056745217566, -21.192515193777275 ], [ -45.005056745217566, -21.193323677532991 ], [ -45.006673712728983, -21.193323677532987 ], [ -45.006673712728983, -21.193593172118227 ], [ -45.00802118565516, -21.193593172118224 ], [ -45.00802118565516, -21.189281258754448 ], [ -45.005865228973271, -21.189281258754452 ], [ -45.005865228973271, -21.1882032804135 ], [ -45.004517756047093, -21.188203280413507 ], [ -45.004517756047093, -21.189281258754448 ], [ -45.003439777706149, -21.189281258754455 ], [ -45.003439777706149, -21.190628731680626 ], [ -45.002631293950451, -21.190628731680633 ], [ -45.002631293950451, -21.190898226265862 ], [ -45.002361799365211, -21.190898226265858 ], [ -45.002361799365211, -21.191167720851091 ], [ -45.002092304779978, -21.191167720851105 ] ] ] } },
{ "type": "Feature", "properties": { "anos_com_queima": 1, "area_ha": 10.512431732369771, "inicio": 2021.0, "fim": 2025.0, "tipo": "recurrence", "id_feicao": "recurrence_2021_2025_199" }, "geometry": { "type": "Polygon", "coordinates": [ [ [ -44.996971907660487, -21.192245699192046 ], [ -44.996971907660487, -21.192515193777275 ], [ -44.997241402245727, -21.192515193777268 ], [ -44.997241402245727, -21.192784688362515 ], [ -44.998588875171905, -21.192784688362508 ], [ -44.998588875171905, -21.189281258754441 ], [ -44.998319380586672, -21.189281258754452 ], [ -44.998319380586672, -21.188742269583976 ], [ -44.998049886001432, -21.188742269583972 ], [ -44.998049886001432, -21.187933785828278 ], [ -44.996971907660487, -21.187933785828275 ], [ -44.996971907660487, -21.188203280413511 ], [ -44.996702413075255, -21.188203280413514 ], [ -44.996702413075255, -21.1903592370954 ], [ -44.996163423904783, -21.190359237095393 ], [ -44.996163423904783, -21.19197620460681 ], [ -44.996702413075255, -21.191976204606814 ], [ -44.996702413075255, -21.19224569919205 ], [ -44.996971907660487, -21.192245699192046 ] ] ] } },
{ "type": "Feature", "properties": { "anos_com_queima": 1, "area_ha": 3.1704689642320862, "inicio": 2021.0, "fim": 2025.0, "tipo": "recurrence", "id_feicao": "recurrence_2021_2025_200" }, "geometry": { "type": "Polygon", "coordinates": [ [ [ -44.999936348098089, -21.187125302072555 ], [ -44.999936348098089, -21.187664291243031 ], [ -44.998319380586672, -21.187664291243031 ], [ -44.998319380586672, -21.188742269583976 ], [ -44.999666853512849, -21.188742269583972 ], [ -44.999666853512849, -21.188203280413504 ], [ -45.001014326439034, -21.188203280413507 ], [ -45.001014326439034, -21.187125302072563 ], [ -44.999936348098089, -21.187125302072555 ] ] ] } },
{ "type": "Feature", "properties": { "anos_com_queima": 1, "area_ha": 0.043440082792188764, "inicio": 2021.0, "fim": 2025.0, "tipo": "recurrence", "id_feicao": "recurrence_2021_2025_201" }, "geometry": { "type": "Polygon", "coordinates": [ [ [ -44.947384903977095, -21.347744074873134 ], [ -44.947384903977664, -21.348055483323385 ], [ -44.947483, -21.347948 ], [ -44.947606357654152, -21.347744074904792 ], [ -44.947384903977095, -21.347744074873134 ] ] ] } },
{ "type": "Feature", "properties": { "anos_com_queima": 1, "area_ha": 0.30766836217833798, "inicio": 2021.0, "fim": 2025.0, "tipo": "recurrence", "id_feicao": "recurrence_2021_2025_202" }, "geometry": { "type": "Polygon", "coordinates": [ [ [ -44.965171546602662, -21.34639660194695 ], [ -44.965171546602662, -21.345857612776491 ], [ -44.964219793666189, -21.345857613133987 ], [ -44.964246, -21.345875 ], [ -44.964467, -21.346002 ], [ -44.964761, -21.346186999999894 ], [ -44.965019, -21.346325 ], [ -44.965148944141774, -21.346396601981688 ], [ -44.965171546602662, -21.34639660194695 ] ] ] } },
{ "type": "Feature", "properties": { "anos_com_queima": 1, "area_ha": 0.027084624951320278, "inicio": 2021.0, "fim": 2025.0, "tipo": "recurrence", "id_feicao": "recurrence_2021_2025_203" }, "geometry": { "type": "Polygon", "coordinates": [ [ [ -44.960320644068418, -21.345049129020779 ], [ -44.960320644068418, -21.345318623606008 ], [ -44.96033549169023, -21.345318623617263 ], [ -44.960442, -21.34512 ], [ -44.960483598205194, -21.345049129072443 ], [ -44.960320644068418, -21.345049129020779 ] ] ] } },
{ "type": "Feature", "properties": { "anos_com_queima": 1, "area_ha": 2.438638589995727, "inicio": 2021.0, "fim": 2025.0, "tipo": "recurrence", "id_feicao": "recurrence_2021_2025_204" }, "geometry": { "type": "Polygon", "coordinates": [ [ [ -44.923130391305868, -21.343432161509355 ], [ -44.922860896720628, -21.343432161509359 ], [ -44.922860896720628, -21.343162666924126 ], [ -44.922591402135396, -21.343162666924119 ], [ -44.922591402135396, -21.342893172338883 ], [ -44.920704940038746, -21.342893172338886 ], [ -44.920704940038746, -21.343162666924123 ], [ -44.919357467112562, -21.343162666924119 ], [ -44.919357467112739, -21.343359091463483 ], [ -44.919452, -21.343346999999898 ], [ -44.919796, -21.343336 ], [ -44.920029, -21.343405 ], [ -44.920118662308759, -21.34343216161647 ], [ -44.920165950868274, -21.343432161509362 ], [ -44.920165950868316, -21.343446486828981 ], [ -44.920336, -21.343498 ], [ -44.921134, -21.343499999999899 ], [ -44.921379, -21.343512 ], [ -44.921612, -21.343547 ], [ -44.921882, -21.343638999999897 ], [ -44.922299, -21.34387 ], [ -44.922557, -21.34394 ], [ -44.922827, -21.344009 ], [ -44.92306, -21.344033 ], [ -44.923130391307325, -21.344033168762092 ], [ -44.923130391305868, -21.343432161509355 ] ] ] } },
{ "type": "Feature", "properties": { "anos_com_queima": 1, "area_ha": 1.828146029945463, "inicio": 2021.0, "fim": 2025.0, "tipo": "recurrence", "id_feicao": "recurrence_2021_2025_205" }, "geometry": { "type": "Polygon", "coordinates": [ [ [ -44.916123532089735, -21.34262367775365 ], [ -44.914776059163557, -21.342623677753661 ], [ -44.914776059163557, -21.343162666924119 ], [ -44.914047712251744, -21.343162667097801 ], [ -44.914308, -21.343266 ], [ -44.914553, -21.343392999999899 ], [ -44.914786, -21.343509 ], [ -44.915031999999897, -21.343579 ], [ -44.915265, -21.343682999999892 ], [ -44.91551, -21.343764 ], [ -44.915756, -21.343822 ], [ -44.916062, -21.343857 ], [ -44.916123532091525, -21.34385700004275 ], [ -44.916123532089735, -21.34262367775365 ] ] ] } },
{ "type": "Feature", "properties": { "anos_com_queima": 1, "area_ha": 1.66770130649684, "inicio": 2021.0, "fim": 2025.0, "tipo": "recurrence", "id_feicao": "recurrence_2021_2025_206" }, "geometry": { "type": "Polygon", "coordinates": [ [ [ -44.910194651214546, -21.342354183168421 ], [ -44.908038694532657, -21.342354183168418 ], [ -44.908038694532657, -21.342623677753654 ], [ -44.907769199947424, -21.342623677753657 ], [ -44.907769199947424, -21.342893172338893 ], [ -44.907289284879894, -21.342893172423253 ], [ -44.907299, -21.342894 ], [ -44.907556999999898, -21.342917999999894 ], [ -44.907801999999897, -21.342942 ], [ -44.908084, -21.342977 ], [ -44.908575, -21.343047 ], [ -44.909177, -21.343048 ], [ -44.909484, -21.343014 ], [ -44.909791, -21.342945999999891 ], [ -44.910037, -21.342807999999899 ], [ -44.910185, -21.342624999999892 ], [ -44.910194651215534, -21.342622418869166 ], [ -44.910194651214546, -21.342354183168421 ] ] ] } },
{ "type": "Feature", "properties": { "anos_com_queima": 1, "area_ha": 7.4181370370614692, "inicio": 2021.0, "fim": 2025.0, "tipo": "recurrence", "id_feicao": "recurrence_2021_2025_207" }, "geometry": { "type": "Polygon", "coordinates": [ [ [ -44.914776059163557, -21.339928731901303 ], [ -44.914776059163557, -21.338581258975118 ], [ -44.911542124140723, -21.338581258975115 ], [ -44.911542124140723, -21.338311764389868 ], [ -44.910464145799779, -21.338311764389868 ], [ -44.910464145799779, -21.338581258975115 ], [ -44.910194651214546, -21.338581258975104 ], [ -44.910194651214546, -21.339659237316056 ], [ -44.913428586237373, -21.339659237316063 ], [ -44.913428586237373, -21.340737215656993 ], [ -44.914506564578318, -21.340737215656993 ], [ -44.914506564578318, -21.339928731901299 ], [ -44.914776059163557, -21.339928731901303 ] ] ] } },
{ "type": "Feature", "properties": { "anos_com_queima": 1, "area_ha": 26.505377632515049, "inicio": 2021.0, "fim": 2025.0, "tipo": "recurrence", "id_feicao": "recurrence_2021_2025_208" }, "geometry": { "type": "Polygon", "coordinates": [ [ [ -44.927172810084407, -21.33723378604893 ], [ -44.927172810084407, -21.33750328063417 ], [ -44.927981293840119, -21.33750328063417 ], [ -44.927981293840119, -21.339928731901292 ], [ -44.928250788425345, -21.339928731901299 ], [ -44.928250788425345, -21.340198226486528 ], [ -44.928520283010592, -21.340198226486528 ], [ -44.928520283010592, -21.340467721071754 ], [ -44.929059272181064, -21.340467721071764 ], [ -44.929059272181064, -21.342623677753643 ], [ -44.928789777595817, -21.342623677753657 ], [ -44.928789777595817, -21.343701656094591 ], [ -44.930137250522009, -21.343701656094588 ], [ -44.930137250522009, -21.34100671024224 ], [ -44.930676239692467, -21.341006710242226 ], [ -44.930676239692467, -21.339120248145587 ], [ -44.930945734277707, -21.339120248145587 ], [ -44.930945734277707, -21.338042269804642 ], [ -44.931484723448179, -21.338042269804635 ], [ -44.931484723448179, -21.337503280634163 ], [ -44.933640680130061, -21.337503280634166 ], [ -44.933640680130061, -21.336964291463694 ], [ -44.934988153056246, -21.336964291463701 ], [ -44.934988153056246, -21.33588631312276 ], [ -44.934179669300534, -21.335886313122764 ], [ -44.934179669300534, -21.33561681853752 ], [ -44.933910174715301, -21.335616818537517 ], [ -44.933910174715301, -21.335347323952284 ], [ -44.932562701789124, -21.335347323952277 ], [ -44.932562701789124, -21.336694796878469 ], [ -44.930137250522009, -21.336694796878465 ], [ -44.930137250522009, -21.335886313122749 ], [ -44.929059272181064, -21.335886313122757 ], [ -44.929059272181064, -21.336155807707986 ], [ -44.926903315499167, -21.336155807707986 ], [ -44.926903315499167, -21.337233786048927 ], [ -44.927172810084407, -21.33723378604893 ] ] ] } },
{ "type": "Feature", "properties": { "anos_com_queima": 1, "area_ha": 1.3336012636835599, "inicio": 2021.0, "fim": 2025.0, "tipo": "recurrence", "id_feicao": "recurrence_2021_2025_209" }, "geometry": { "type": "Polygon", "coordinates": [ [ [ -44.917471005015912, -21.338311764389875 ], [ -44.917471005015912, -21.33938974273082 ], [ -44.918548983356857, -21.33938974273083 ], [ -44.918548983356857, -21.338311764389882 ], [ -44.917471005015912, -21.338311764389875 ] ] ] } },
{ "type": "Feature", "properties": { "anos_com_queima": 1, "area_ha": 1.3335991656944248, "inicio": 2021.0, "fim": 2025.0, "tipo": "recurrence", "id_feicao": "recurrence_2021_2025_210" }, "geometry": { "type": "Polygon", "coordinates": [ [ [ -44.97110042747785, -21.338311764389868 ], [ -44.97110042747785, -21.339389742730816 ], [ -44.972178405818795, -21.339389742730813 ], [ -44.972178405818795, -21.338311764389864 ], [ -44.97110042747785, -21.338311764389868 ] ] ] } },
{ "type": "Feature", "properties": { "anos_com_queima": 1, "area_ha": 10.880337334527258, "inicio": 2021.0, "fim": 2025.0, "tipo": "recurrence", "id_feicao": "recurrence_2021_2025_211" }, "geometry": { "type": "Polygon", "coordinates": [ [ [ -44.987809091762472, -21.334538840196569 ], [ -44.987809091763857, -21.337520997918709 ], [ -44.988743999999897, -21.337523 ], [ -44.989112, -21.337535 ], [ -44.989345, -21.337511999999894 ], [ -44.989426059273896, -21.337512227123234 ], [ -44.989426059273889, -21.337503280634174 ], [ -44.989859253840642, -21.337503282159727 ], [ -44.990058, -21.337490999999893 ], [ -44.990377, -21.337434 ], [ -44.990647, -21.337388 ], [ -44.990879999999898, -21.337342 ], [ -44.991043026785391, -21.337225775210854 ], [ -44.991043026785299, -21.336964291463698 ], [ -44.991204476109203, -21.336964291645025 ], [ -44.991335999999897, -21.336791 ], [ -44.991532999999897, -21.336331 ], [ -44.991582999999899, -21.336113 ], [ -44.99162, -21.335837 ], [ -44.991633, -21.335572 ], [ -44.991644999999899, -21.335342 ], [ -44.991670999999897, -21.335066 ], [ -44.991708, -21.334756 ], [ -44.991745, -21.33448 ], [ -44.991795, -21.334261 ], [ -44.991869, -21.333986 ], [ -44.991913382536694, -21.333730356645518 ], [ -44.991582015955771, -21.333730356440871 ], [ -44.991582015955771, -21.333999851026103 ], [ -44.991312521370538, -21.3339998510261 ], [ -44.991312521370538, -21.334269345611343 ], [ -44.991043026785299, -21.334269345611336 ], [ -44.991043026785299, -21.335347323952291 ], [ -44.988887070103416, -21.335347323952274 ], [ -44.988887070103416, -21.334538840196579 ], [ -44.987809091762472, -21.334538840196569 ] ] ] } },
{ "type": "Feature", "properties": { "anos_com_queima": 1, "area_ha": 1.3336908360315862, "inicio": 2021.0, "fim": 2025.0, "tipo": "recurrence", "id_feicao": "recurrence_2021_2025_212" }, "geometry": { "type": "Polygon", "coordinates": [ [ [ -44.945767936465678, -21.328070970150915 ], [ -44.945767936465678, -21.329148948491859 ], [ -44.946845914806623, -21.329148948491845 ], [ -44.946845914806623, -21.328070970150915 ], [ -44.945767936465678, -21.328070970150915 ] ] ] } },
{ "type": "Feature", "properties": { "anos_com_queima": 1, "area_ha": 1.3336922791824639, "inicio": 2021.0, "fim": 2025.0, "tipo": "recurrence", "id_feicao": "recurrence_2021_2025_213" }, "geometry": { "type": "Polygon", "coordinates": [ [ [ -44.98511414591011, -21.327801475565682 ], [ -44.98511414591011, -21.32887945390662 ], [ -44.986192124251055, -21.328879453906623 ], [ -44.986192124251055, -21.327801475565682 ], [ -44.98511414591011, -21.327801475565682 ] ] ] } },
{ "type": "Feature", "properties": { "anos_com_queima": 1, "area_ha": 4.335006312246696, "inicio": 2021.0, "fim": 2025.0, "tipo": "recurrence", "id_feicao": "recurrence_2021_2025_214" }, "geometry": { "type": "Polygon", "coordinates": [ [ [ -44.900492846146051, -21.31270977879247 ], [ -44.900492846146051, -21.311631800451536 ], [ -44.899953856975586, -21.311631800451536 ], [ -44.899953856975586, -21.310284327525345 ], [ -44.899684362390346, -21.310284327525348 ], [ -44.899684362390346, -21.310553822110581 ], [ -44.898606384049401, -21.310553822110581 ], [ -44.898606384049401, -21.309475843769633 ], [ -44.899145373219874, -21.309475843769636 ], [ -44.899145373219874, -21.309206349184404 ], [ -44.898067394878929, -21.309206349184407 ], [ -44.898067394878929, -21.310284327525345 ], [ -44.898336889464169, -21.310284327525345 ], [ -44.898336889464169, -21.311092811281064 ], [ -44.898606384049401, -21.31109281128106 ], [ -44.898606384049401, -21.3113623058663 ], [ -44.899145373219874, -21.311362305866286 ], [ -44.899145373219874, -21.312709778792474 ], [ -44.900492846146051, -21.31270977879247 ] ] ] } },
{ "type": "Feature", "properties": { "anos_com_queima": 1, "area_ha": 0.16673274954117331, "inicio": 2021.0, "fim": 2025.0, "tipo": "recurrence", "id_feicao": "recurrence_2021_2025_215" }, "geometry": { "type": "Polygon", "coordinates": [ [ [ -44.899145373219874, -21.309475843769636 ], [ -44.899145373219874, -21.309745338354876 ], [ -44.899684362390346, -21.309745338354883 ], [ -44.899684362390346, -21.309475843769633 ], [ -44.899145373219874, -21.309475843769636 ] ] ] } },
{ "type": "Feature", "properties": { "anos_com_queima": 1, "area_ha": 4.5851844874223691, "inicio": 2021.0, "fim": 2025.0, "tipo": "recurrence", "id_feicao": "recurrence_2021_2025_216" }, "geometry": { "type": "Polygon", "coordinates": [ [ [ -44.929598261351536, -21.309475843769643 ], [ -44.929598261351536, -21.308128370843466 ], [ -44.929867755936762, -21.308128370843455 ], [ -44.929867755936762, -21.307050392502511 ], [ -44.928789777595817, -21.307050392502518 ], [ -44.928789777595817, -21.307589381672987 ], [ -44.927711799254872, -21.307589381672987 ], [ -44.927711799254872, -21.308936854599168 ], [ -44.927981293840119, -21.308936854599171 ], [ -44.927981293840119, -21.3092063491844 ], [ -44.928520283010592, -21.3092063491844 ], [ -44.928520283010592, -21.309475843769629 ], [ -44.929598261351536, -21.309475843769643 ] ] ] } },
{ "type": "Feature", "properties": { "anos_com_queima": 1, "area_ha": 8.0868179012032222, "inicio": 2021.0, "fim": 2025.0, "tipo": "recurrence", "id_feicao": "recurrence_2021_2025_217" }, "geometry": { "type": "Polygon", "coordinates": [ [ [ -44.899145373219874, -21.304085952064927 ], [ -44.898875878634641, -21.30408595206492 ], [ -44.898875878634641, -21.305163930405868 ], [ -44.899145373219874, -21.305163930405872 ], [ -44.899145373219874, -21.305433424991101 ], [ -44.900223351560818, -21.305433424991104 ], [ -44.900223351560818, -21.305702919576333 ], [ -44.901301329901763, -21.305702919576344 ], [ -44.901301329901763, -21.305433424991104 ], [ -44.902109813657468, -21.305433424991104 ], [ -44.902109813657468, -21.303546962894455 ], [ -44.901570824486996, -21.303546962894455 ], [ -44.901570824486996, -21.303007973723982 ], [ -44.899953856975586, -21.303007973723979 ], [ -44.899953856975586, -21.303277468309211 ], [ -44.899684362390346, -21.303277468309219 ], [ -44.899684362390346, -21.303546962894462 ], [ -44.899414867805113, -21.303546962894455 ], [ -44.899414867805113, -21.303816457479691 ], [ -44.899145373219874, -21.303816457479691 ], [ -44.899145373219874, -21.304085952064927 ] ] ] } },
{ "type": "Feature", "properties": { "anos_com_queima": 1, "area_ha": 9.3374234236367695, "inicio": 2021.0, "fim": 2025.0, "tipo": "recurrence", "id_feicao": "recurrence_2021_2025_218" }, "geometry": { "type": "Polygon", "coordinates": [ [ [ -44.971639416648323, -21.305433424991097 ], [ -44.971639416648323, -21.305163930405861 ], [ -44.971908911233555, -21.305163930405861 ], [ -44.971908911233555, -21.30408595206492 ], [ -44.972178405818795, -21.30408595206492 ], [ -44.972178405818795, -21.303277468309208 ], [ -44.9729868895745, -21.303277468309219 ], [ -44.9729868895745, -21.302738479138743 ], [ -44.973795373330205, -21.302738479138746 ], [ -44.973795373330205, -21.30246898455351 ], [ -44.974064867915445, -21.30246898455351 ], [ -44.974064867915445, -21.302199489968274 ], [ -44.974603857085917, -21.302199489968274 ], [ -44.974603857085917, -21.301121511627336 ], [ -44.974334362500677, -21.301121511627329 ], [ -44.974334362500677, -21.300852017042093 ], [ -44.9729868895745, -21.300852017042093 ], [ -44.9729868895745, -21.301121511627336 ], [ -44.972447900404028, -21.301121511627329 ], [ -44.972447900404028, -21.302199489968277 ], [ -44.971908911233555, -21.302199489968267 ], [ -44.971908911233555, -21.302738479138746 ], [ -44.970561438307378, -21.302738479138743 ], [ -44.970561438307378, -21.305433424991104 ], [ -44.971639416648323, -21.305433424991097 ] ] ] } },
{ "type": "Feature", "properties": { "anos_com_queima": 1, "area_ha": 3.8352618422307962, "inicio": 2021.0, "fim": 2025.0, "tipo": "recurrence", "id_feicao": "recurrence_2021_2025_219" }, "geometry": { "type": "Polygon", "coordinates": [ [ [ -44.934449163885773, -21.293036674070244 ], [ -44.934449163885773, -21.291958695729306 ], [ -44.933371185544829, -21.29195869572931 ], [ -44.933371185544829, -21.29357566324073 ], [ -44.933640680130061, -21.293575663240723 ], [ -44.933640680130061, -21.294653641581668 ], [ -44.934988153056246, -21.294653641581672 ], [ -44.934988153056246, -21.293575663240723 ], [ -44.934718658471006, -21.29357566324073 ], [ -44.934718658471006, -21.293036674070247 ], [ -44.934449163885773, -21.293036674070244 ] ] ] } },
{ "type": "Feature", "properties": { "anos_com_queima": 1, "area_ha": 14.924283115059469, "inicio": 2021.0, "fim": 2025.0, "tipo": "recurrence", "id_feicao": "recurrence_2021_2025_220" }, "geometry": { "type": "Polygon", "coordinates": [ [ [ -44.902109813657468, -21.295731619922613 ], [ -44.902109813657468, -21.295192630752144 ], [ -44.902379308242708, -21.295192630752133 ], [ -44.902379308242708, -21.294653641581668 ], [ -44.90264880282794, -21.294653641581665 ], [ -44.90264880282794, -21.291689201144081 ], [ -44.90480475950983, -21.291689201144074 ], [ -44.90480475950983, -21.290611222803133 ], [ -44.901840319072235, -21.290611222803125 ], [ -44.901840319072235, -21.289802739047417 ], [ -44.900492846146051, -21.289802739047424 ], [ -44.900492846146051, -21.291689201144081 ], [ -44.900223351560818, -21.291689201144074 ], [ -44.900223351560818, -21.292767179485022 ], [ -44.900492846146051, -21.292767179485022 ], [ -44.900492846146051, -21.293306168655494 ], [ -44.901031835316523, -21.293306168655491 ], [ -44.901031835316523, -21.295731619922606 ], [ -44.902109813657468, -21.295731619922613 ] ] ] } },
{ "type": "Feature", "properties": { "anos_com_queima": 1, "area_ha": 1.3340456269041503, "inicio": 2021.0, "fim": 2025.0, "tipo": "recurrence", "id_feicao": "recurrence_2021_2025_221" }, "geometry": { "type": "Polygon", "coordinates": [ [ [ -44.923399885891101, -21.288185771536007 ], [ -44.923399885891101, -21.289263749876945 ], [ -44.924477864232045, -21.289263749876948 ], [ -44.924477864232045, -21.288185771536003 ], [ -44.923399885891101, -21.288185771536007 ] ] ] } },
{ "type": "Feature", "properties": { "anos_com_queima": 1, "area_ha": 1.6676811145015653, "inicio": 2021.0, "fim": 2025.0, "tipo": "recurrence", "id_feicao": "recurrence_2021_2025_222" }, "geometry": { "type": "Polygon", "coordinates": [ [ [ -44.901031835316523, -21.277136493541338 ], [ -44.901031835316523, -21.278214471882283 ], [ -44.902379308242708, -21.278214471882283 ], [ -44.902379308242708, -21.277136493541335 ], [ -44.901031835316523, -21.277136493541338 ] ] ] } },
{ "type": "Feature", "properties": { "anos_com_queima": 1, "area_ha": 5.2532038787123438, "inicio": 2021.0, "fim": 2025.0, "tipo": "recurrence", "id_feicao": "recurrence_2021_2025_223" }, "geometry": { "type": "Polygon", "coordinates": [ [ [ -44.924208369646813, -21.27632800978563 ], [ -44.924208369646813, -21.278214471882286 ], [ -44.926633820913935, -21.278214471882283 ], [ -44.926633820913935, -21.27632800978563 ], [ -44.924208369646813, -21.27632800978563 ] ] ] } },
{ "type": "Feature", "properties": { "anos_com_queima": 1, "area_ha": 1.334186852182778, "inicio": 2021.0, "fim": 2025.0, "tipo": "recurrence", "id_feicao": "recurrence_2021_2025_224" }, "geometry": { "type": "Polygon", "coordinates": [ [ [ -44.988348080932944, -21.272016096421858 ], [ -44.988348080932944, -21.27309407476281 ], [ -44.989426059273889, -21.273094074762803 ], [ -44.989426059273889, -21.272016096421851 ], [ -44.988348080932944, -21.272016096421858 ] ] ] } },
{ "type": "Feature", "properties": { "anos_com_queima": 1, "area_ha": 2.8351876360687762, "inicio": 2021.0, "fim": 2025.0, "tipo": "recurrence", "id_feicao": "recurrence_2021_2025_225" }, "geometry": { "type": "Polygon", "coordinates": [ [ [ -44.987539597177239, -21.269590645154736 ], [ -44.987539597177239, -21.271207612666156 ], [ -44.988887070103416, -21.271207612666142 ], [ -44.988887070103416, -21.27093811808091 ], [ -44.989156564688649, -21.270938118080913 ], [ -44.989156564688649, -21.269860139739972 ], [ -44.988887070103416, -21.269860139739961 ], [ -44.988887070103416, -21.269590645154732 ], [ -44.987539597177239, -21.269590645154736 ] ] ] } },
{ "type": "Feature", "properties": { "anos_com_queima": 1, "area_ha": 1.3342990972731186, "inicio": 2021.0, "fim": 2025.0, "tipo": "recurrence", "id_feicao": "recurrence_2021_2025_226" }, "geometry": { "type": "Polygon", "coordinates": [ [ [ -44.978107286693984, -21.259349850915768 ], [ -44.978107286693984, -21.26042782925672 ], [ -44.979185265034921, -21.260427829256717 ], [ -44.979185265034921, -21.259349850915772 ], [ -44.978107286693984, -21.259349850915768 ] ] ] } },
{ "type": "Feature", "properties": { "anos_com_queima": 1, "area_ha": 3.0021952286971247, "inicio": 2021.0, "fim": 2025.0, "tipo": "recurrence", "id_feicao": "recurrence_2021_2025_227" }, "geometry": { "type": "Polygon", "coordinates": [ [ [ -44.969752954551666, -21.258002377989595 ], [ -44.969752954551666, -21.258271872574831 ], [ -44.969213965381201, -21.258271872574827 ], [ -44.969213965381201, -21.259619345501005 ], [ -44.970561438307378, -21.259619345501005 ], [ -44.970561438307378, -21.259080356330532 ], [ -44.97110042747785, -21.259080356330539 ], [ -44.97110042747785, -21.258002377989598 ], [ -44.969752954551666, -21.258002377989595 ] ] ] } },
{ "type": "Feature", "properties": { "anos_com_queima": 1, "area_ha": 7.3390274951443057, "inicio": 2021.0, "fim": 2025.0, "tipo": "recurrence", "id_feicao": "recurrence_2021_2025_228" }, "geometry": { "type": "Polygon", "coordinates": [ [ [ -44.974603857085917, -21.253690464625823 ], [ -44.974603857085917, -21.253420970040576 ], [ -44.975142846256389, -21.253420970040587 ], [ -44.975142846256389, -21.251534507943926 ], [ -44.974603857085917, -21.25153450794393 ], [ -44.974603857085917, -21.251265013358694 ], [ -44.974334362500677, -21.251265013358697 ], [ -44.974334362500677, -21.250456529602985 ], [ -44.9729868895745, -21.250456529602985 ], [ -44.9729868895745, -21.250995518773465 ], [ -44.972178405818795, -21.250995518773461 ], [ -44.972178405818795, -21.252073497114406 ], [ -44.973256384159733, -21.252073497114406 ], [ -44.973256384159733, -21.253420970040587 ], [ -44.973525878744972, -21.253420970040587 ], [ -44.973525878744972, -21.253690464625823 ], [ -44.974603857085917, -21.253690464625823 ] ] ] } },
{ "type": "Feature", "properties": { "anos_com_queima": 1, "area_ha": 1.3344346676812733, "inicio": 2021.0, "fim": 2025.0, "tipo": "recurrence", "id_feicao": "recurrence_2021_2025_229" }, "geometry": { "type": "Polygon", "coordinates": [ [ [ -44.920435445453506, -21.244258154142557 ], [ -44.920435445453506, -21.245336132483509 ], [ -44.921513423794451, -21.245336132483509 ], [ -44.921513423794451, -21.24425815414256 ], [ -44.920435445453506, -21.244258154142557 ] ] ] } },
{ "type": "Feature", "properties": { "anos_com_queima": 1, "area_ha": 1.3344340648394206, "inicio": 2021.0, "fim": 2025.0, "tipo": "recurrence", "id_feicao": "recurrence_2021_2025_230" }, "geometry": { "type": "Polygon", "coordinates": [ [ [ -44.932023712618651, -21.24425815414256 ], [ -44.932023712618651, -21.245336132483512 ], [ -44.933101690959596, -21.245336132483505 ], [ -44.933101690959596, -21.244258154142553 ], [ -44.932023712618651, -21.24425815414256 ] ] ] } },
{ "type": "Feature", "properties": { "anos_com_queima": 1, "area_ha": 0.12364769664659093, "inicio": 2021.0, "fim": 2025.0, "tipo": "recurrence", "id_feicao": "recurrence_2021_2025_231" }, "geometry": { "type": "Polygon", "coordinates": [ [ [ -44.960320644068418, -21.240485229949261 ], [ -44.960320644068418, -21.240754724534501 ], [ -44.961393823565992, -21.24075472454976 ], [ -44.961250999999898, -21.240749999999899 ], [ -44.960945, -21.240703 ], [ -44.960754999999899, -21.2406397 ], [ -44.960663, -21.240609 ], [ -44.96037, -21.240504999999892 ], [ -44.960332158884789, -21.240485229985651 ], [ -44.960320644068418, -21.240485229949261 ] ] ] } },
{ "type": "Feature", "properties": { "anos_com_queima": 1, "area_ha": 1.6681155735400097, "inicio": 2021.0, "fim": 2025.0, "tipo": "recurrence", "id_feicao": "recurrence_2021_2025_232" }, "geometry": { "type": "Polygon", "coordinates": [ [ [ -44.96436306284695, -21.237520789511674 ], [ -44.96436306284695, -21.238598767852615 ], [ -44.965710535773134, -21.238598767852611 ], [ -44.965710535773134, -21.237520789511667 ], [ -44.96436306284695, -21.237520789511674 ] ] ] } },
{ "type": "Feature", "properties": { "anos_com_queima": 1, "area_ha": 0.034797519979490724, "inicio": 2021.0, "fim": 2025.0, "tipo": "recurrence", "id_feicao": "recurrence_2021_2025_233" }, "geometry": { "type": "Polygon", "coordinates": [ [ [ -44.961191666249029, -21.23671230579431 ], [ -44.9613057, -21.236861299999894 ], [ -44.961398622409767, -21.237032632771079 ], [ -44.961398622409355, -21.236712305755951 ], [ -44.961191666249029, -21.23671230579431 ] ] ] } },
{ "type": "Feature", "properties": { "anos_com_queima": 1, "area_ha": 0.091895105770975358, "inicio": 2021.0, "fim": 2025.0, "tipo": "recurrence", "id_feicao": "recurrence_2021_2025_234" }, "geometry": { "type": "Polygon", "coordinates": [ [ [ -44.961129127824123, -21.236173316585493 ], [ -44.96077914968123, -21.236173316781528 ], [ -44.961129127824343, -21.236630594185645 ], [ -44.961129127824123, -21.236173316585493 ] ] ] } },
{ "type": "Feature", "properties": { "anos_com_queima": 1, "area_ha": 1.6681439925459374, "inicio": 2021.0, "fim": 2025.0, "tipo": "recurrence", "id_feicao": "recurrence_2021_2025_235" }, "geometry": { "type": "Polygon", "coordinates": [ [ [ -44.96274609533554, -21.236442811170718 ], [ -44.96274609533554, -21.235364832829784 ], [ -44.962207106165067, -21.235364832829774 ], [ -44.962207106165067, -21.234556349074069 ], [ -44.961398622409355, -21.234556349074083 ], [ -44.961398622409355, -21.235095338244545 ], [ -44.961668116994595, -21.235095338244545 ], [ -44.961668116994595, -21.235634327415013 ], [ -44.961937611579827, -21.235634327415013 ], [ -44.961937611579827, -21.236173316585482 ], [ -44.962207106165067, -21.236173316585489 ], [ -44.962207106165067, -21.236442811170726 ], [ -44.96274609533554, -21.236442811170718 ] ] ] } },
{ "type": "Feature", "properties": { "anos_com_queima": 1, "area_ha": 24.107172838970769, "inicio": 2021.0, "fim": 2025.0, "tipo": "recurrence", "id_feicao": "recurrence_2021_2025_236" }, "geometry": { "type": "Polygon", "coordinates": [ [ [ -44.98511414591011, -21.220542630641813 ], [ -44.98511414591011, -21.221890103567993 ], [ -44.987809091762472, -21.221890103567993 ], [ -44.987809091762472, -21.223237576494167 ], [ -44.989156564688649, -21.223237576494167 ], [ -44.989156564688649, -21.221890103568001 ], [ -44.988887070103416, -21.221890103567986 ], [ -44.988887070103416, -21.220003641471337 ], [ -44.989426059273889, -21.220003641471333 ], [ -44.989426059273889, -21.220273136056569 ], [ -44.989695553859121, -21.220273136056569 ], [ -44.989695553859121, -21.220542630641805 ], [ -44.990234543029594, -21.220542630641809 ], [ -44.990234543029594, -21.220812125227038 ], [ -44.991043026785299, -21.220812125227042 ], [ -44.991043026785299, -21.220542630641805 ], [ -44.991582015955771, -21.220542630641813 ], [ -44.991582015955771, -21.220273136056573 ], [ -44.991851510541011, -21.220273136056566 ], [ -44.991851510541011, -21.219195157715628 ], [ -44.990773532200066, -21.219195157715625 ], [ -44.990773532200066, -21.21838667395992 ], [ -44.988887070103416, -21.218386673959927 ], [ -44.988887070103416, -21.2197341468861 ], [ -44.988617575518177, -21.219734146886093 ], [ -44.988617575518177, -21.215961222692805 ], [ -44.986461618836294, -21.215961222692798 ], [ -44.986461618836294, -21.21623071727803 ], [ -44.986731113421527, -21.216230717278027 ], [ -44.986731113421527, -21.21650021186327 ], [ -44.987270102591999, -21.216500211863274 ], [ -44.987270102591999, -21.219464652300868 ], [ -44.98538364049535, -21.219464652300861 ], [ -44.98538364049535, -21.220542630641802 ], [ -44.98511414591011, -21.220542630641813 ] ] ] } },
{ "type": "Feature", "properties": { "anos_com_queima": 1, "area_ha": 0.99183780712067326, "inicio": 2021.0, "fim": 2025.0, "tipo": "recurrence", "id_feicao": "recurrence_2021_2025_237" }, "geometry": { "type": "Polygon", "coordinates": [ [ [ -44.899953856975586, -21.218117179374687 ], [ -44.899953856975657, -21.218098125917621 ], [ -44.899937, -21.218091 ], [ -44.899704, -21.218021 ], [ -44.899684362392684, -21.218017038779461 ], [ -44.899684362390346, -21.218925663130388 ], [ -44.900762340731291, -21.218925663130388 ], [ -44.900762340733777, -21.218032983902148 ], [ -44.90066, -21.218139999999899 ], [ -44.900402, -21.218162 ], [ -44.900157, -21.218184 ], [ -44.89999892976298, -21.218117179440608 ], [ -44.899953856975586, -21.218117179374687 ] ] ] } },
{ "type": "Feature", "properties": { "anos_com_queima": 1, "area_ha": 7.5077226038940443, "inicio": 2021.0, "fim": 2025.0, "tipo": "recurrence", "id_feicao": "recurrence_2021_2025_238" }, "geometry": { "type": "Polygon", "coordinates": [ [ [ -44.986192124251055, -21.212996782255207 ], [ -44.986192124251055, -21.213266276840439 ], [ -44.984844651324877, -21.213266276840443 ], [ -44.984844651324877, -21.213535771425672 ], [ -44.984305662154405, -21.213535771425683 ], [ -44.984305662154405, -21.213805266010908 ], [ -44.9834971783987, -21.213805266010915 ], [ -44.9834971783987, -21.214883244351853 ], [ -44.98538364049535, -21.21488324435186 ], [ -44.98538364049535, -21.215152738937093 ], [ -44.985653135080582, -21.215152738937089 ], [ -44.985653135080582, -21.215422233522329 ], [ -44.986192124251055, -21.215422233522329 ], [ -44.986192124251055, -21.21461374976662 ], [ -44.986461618836294, -21.214613749766624 ], [ -44.986461618836294, -21.214074760596155 ], [ -44.987539597177239, -21.214074760596141 ], [ -44.987539597177239, -21.212457793084734 ], [ -44.987809091762472, -21.212457793084731 ], [ -44.987809091762472, -21.211649309329022 ], [ -44.987539597177239, -21.211649309329015 ], [ -44.987539597177239, -21.212188298499498 ], [ -44.987270102591999, -21.212188298499491 ], [ -44.987270102591999, -21.212457793084734 ], [ -44.986731113421527, -21.212457793084731 ], [ -44.986731113421527, -21.212727287669971 ], [ -44.986461618836294, -21.212727287669967 ], [ -44.986461618836294, -21.212996782255196 ], [ -44.986192124251055, -21.212996782255207 ] ] ] } },
{ "type": "Feature", "properties": { "anos_com_queima": 1, "area_ha": 0.083420412749143927, "inicio": 2021.0, "fim": 2025.0, "tipo": "recurrence", "id_feicao": "recurrence_2021_2025_239" }, "geometry": { "type": "Polygon", "coordinates": [ [ [ -44.990504037614834, -21.21137981474379 ], [ -44.990504037614834, -21.211649309329029 ], [ -44.990773532200066, -21.211649309329019 ], [ -44.990773532200066, -21.211379814743793 ], [ -44.990504037614834, -21.21137981474379 ] ] ] } },
{ "type": "Feature", "properties": { "anos_com_queima": 1, "area_ha": 0.5005233745466714, "inicio": 2021.0, "fim": 2025.0, "tipo": "recurrence", "id_feicao": "recurrence_2021_2025_240" }, "geometry": { "type": "Polygon", "coordinates": [ [ [ -44.987809091762472, -21.211110320158557 ], [ -44.987809091762472, -21.21137981474379 ], [ -44.989426059273889, -21.211379814743797 ], [ -44.989426059273889, -21.21111032015855 ], [ -44.987809091762472, -21.211110320158557 ] ] ] } },
{ "type": "Feature", "properties": { "anos_com_queima": 1, "area_ha": 0.16684112354808509, "inicio": 2021.0, "fim": 2025.0, "tipo": "recurrence", "id_feicao": "recurrence_2021_2025_241" }, "geometry": { "type": "Polygon", "coordinates": [ [ [ -44.989695553859121, -21.211110320158557 ], [ -44.989695553859121, -21.211379814743786 ], [ -44.990234543029594, -21.21137981474379 ], [ -44.990234543029594, -21.211110320158557 ], [ -44.989695553859121, -21.211110320158557 ] ] ] } },
{ "type": "Feature", "properties": { "anos_com_queima": 1, "area_ha": 1.3347920451382849, "inicio": 2021.0, "fim": 2025.0, "tipo": "recurrence", "id_feicao": "recurrence_2021_2025_242" }, "geometry": { "type": "Polygon", "coordinates": [ [ [ -44.988887070103416, -21.203564471771951 ], [ -44.988887070103416, -21.204642450112896 ], [ -44.989965048444361, -21.204642450112893 ], [ -44.989965048444361, -21.203564471771951 ], [ -44.988887070103416, -21.203564471771951 ] ] ] } },
{ "type": "Feature", "properties": { "anos_com_queima": 1, "area_ha": 3.9209802623958967, "inicio": 2021.0, "fim": 2025.0, "tipo": "recurrence", "id_feicao": "recurrence_2021_2025_243" }, "geometry": { "type": "Polygon", "coordinates": [ [ [ -44.988078586347704, -21.203564471771948 ], [ -44.988078586347704, -21.20221699884577 ], [ -44.987000608006767, -21.20221699884577 ], [ -44.987000608006767, -21.202486493431007 ], [ -44.985653135080582, -21.202486493431014 ], [ -44.985653135080582, -21.203564471771951 ], [ -44.985922629665822, -21.203564471771951 ], [ -44.985922629665822, -21.203833966357188 ], [ -44.987809091762472, -21.203833966357184 ], [ -44.987809091762472, -21.203564471771951 ], [ -44.988078586347704, -21.203564471771948 ] ] ] } },
{ "type": "Feature", "properties": { "anos_com_queima": 1, "area_ha": 4.1721065431579989, "inicio": 2021.0, "fim": 2025.0, "tipo": "recurrence", "id_feicao": "recurrence_2021_2025_244" }, "geometry": { "type": "Polygon", "coordinates": [ [ [ -44.987809091762472, -21.173381078225535 ], [ -44.987809091762472, -21.173111583640299 ], [ -44.988078586347704, -21.173111583640299 ], [ -44.988078586347704, -21.172303099884591 ], [ -44.988617575518177, -21.172303099884584 ], [ -44.988617575518177, -21.172033605299351 ], [ -44.988887070103416, -21.172033605299358 ], [ -44.988887070103416, -21.170955626958417 ], [ -44.987809091762472, -21.170955626958417 ], [ -44.987809091762472, -21.171225121543646 ], [ -44.987539597177239, -21.171225121543639 ], [ -44.987539597177239, -21.171494616128886 ], [ -44.987000608006767, -21.171494616128886 ], [ -44.987000608006767, -21.171764110714118 ], [ -44.986731113421527, -21.171764110714118 ], [ -44.986731113421527, -21.173381078225539 ], [ -44.987809091762472, -21.173381078225535 ] ] ] } },
{ "type": "Feature", "properties": { "anos_com_queima": 1, "area_ha": 1.6689416688871344, "inicio": 2021.0, "fim": 2025.0, "tipo": "recurrence", "id_feicao": "recurrence_2021_2025_245" }, "geometry": { "type": "Polygon", "coordinates": [ [ [ -44.985922629665822, -21.162601294816099 ], [ -44.985922629665822, -21.16367927315704 ], [ -44.987270102591999, -21.163679273157037 ], [ -44.987270102591999, -21.162601294816099 ], [ -44.985922629665822, -21.162601294816099 ] ] ] } },
{ "type": "Feature", "properties": { "anos_com_queima": 1, "area_ha": 12.768077756254083, "inicio": 2021.0, "fim": 2025.0, "tipo": "recurrence", "id_feicao": "recurrence_2021_2025_246" }, "geometry": { "type": "Polygon", "coordinates": [ [ [ -44.986461618836294, -21.154785951844261 ], [ -44.986461618836294, -21.155863930185205 ], [ -44.986731113421527, -21.155863930185205 ], [ -44.986731113421527, -21.156402919355671 ], [ -44.988078586347704, -21.156402919355671 ], [ -44.988078586347704, -21.156941908526147 ], [ -44.989965048444361, -21.156941908526143 ], [ -44.989965048444361, -21.156672413940907 ], [ -44.990234543029594, -21.156672413940896 ], [ -44.990234543029594, -21.156133424770442 ], [ -44.990504037614834, -21.156133424770442 ], [ -44.990504037614834, -21.1550554464295 ], [ -44.989965048444361, -21.1550554464295 ], [ -44.989965048444361, -21.154516457259028 ], [ -44.989695553859121, -21.154516457259021 ], [ -44.989695553859121, -21.153707973503316 ], [ -44.988887070103416, -21.153707973503312 ], [ -44.988887070103416, -21.153168984332847 ], [ -44.987539597177239, -21.153168984332844 ], [ -44.987539597177239, -21.15343847891808 ], [ -44.987270102591999, -21.15343847891808 ], [ -44.987270102591999, -21.153707973503316 ], [ -44.987000608006767, -21.153707973503316 ], [ -44.987000608006767, -21.154516457259025 ], [ -44.986731113421527, -21.154516457259025 ], [ -44.986731113421527, -21.154785951844261 ], [ -44.986461618836294, -21.154785951844261 ] ] ] } },
{ "type": "Feature", "properties": { "anos_com_queima": 1, "area_ha": 0.560943337466421, "inicio": 2021.0, "fim": 2025.0, "tipo": "recurrence", "id_feicao": "recurrence_2021_2025_247" }, "geometry": { "type": "Polygon", "coordinates": [ [ [ -44.986721347326672, -21.152360500584628 ], [ -44.986567, -21.152537999999893 ], [ -44.986443, -21.152779 ], [ -44.986331999999898, -21.152997 ], [ -44.986269, -21.15325 ], [ -44.986207, -21.15356 ], [ -44.986153191359151, -21.15370797389695 ], [ -44.986731113421527, -21.153707973503316 ], [ -44.986731113421527, -21.152360500577135 ], [ -44.986721347326672, -21.152360500584628 ] ] ] } },
{ "type": "Feature", "properties": { "anos_com_queima": 2, "area_ha": 0.33340011012377219, "inicio": 2021.0, "fim": 2025.0, "tipo": "recurrence", "id_feicao": "recurrence_2021_2025_248" }, "geometry": { "type": "Polygon", "coordinates": [ [ [ -45.031467214570682, -21.338850753560351 ], [ -45.032545192911627, -21.33885075356034 ], [ -45.032545192911627, -21.338581258975118 ], [ -45.031467214570682, -21.338581258975115 ], [ -45.031467214570682, -21.338850753560351 ] ] ] } },
{ "type": "Feature", "properties": { "anos_com_queima": 2, "area_ha": 34.924971756501265, "inicio": 2021.0, "fim": 2025.0, "tipo": "recurrence", "id_feicao": "recurrence_2021_2025_249" }, "geometry": { "type": "Polygon", "coordinates": [ [ [ -45.028233279547848, -21.331574399758974 ], [ -45.028233279547848, -21.33211338892945 ], [ -45.028502774133088, -21.332113388929454 ], [ -45.028502774133088, -21.332382883514679 ], [ -45.028772268718321, -21.332382883514693 ], [ -45.028772268718321, -21.335886313122753 ], [ -45.030119741644498, -21.335886313122746 ], [ -45.030119741644498, -21.335347323952281 ], [ -45.032545192911627, -21.335347323952284 ], [ -45.032545192911627, -21.338581258975118 ], [ -45.03281468749686, -21.338581258975115 ], [ -45.03281468749686, -21.337503280634163 ], [ -45.033084182082092, -21.337503280634166 ], [ -45.033084182082092, -21.336155807707993 ], [ -45.035509633349221, -21.336155807707989 ], [ -45.035509633349221, -21.334538840196579 ], [ -45.035240138763982, -21.334538840196572 ], [ -45.035240138763982, -21.334269345611336 ], [ -45.03281468749686, -21.334269345611343 ], [ -45.03281468749686, -21.332113388929457 ], [ -45.033084182082092, -21.332113388929454 ], [ -45.033084182082092, -21.330765916003273 ], [ -45.033353676667332, -21.330765916003266 ], [ -45.033353676667332, -21.329418443077095 ], [ -45.03281468749686, -21.329418443077088 ], [ -45.03281468749686, -21.328609959321387 ], [ -45.031736709155915, -21.32860995932139 ], [ -45.031736709155915, -21.328879453906612 ], [ -45.03065873081497, -21.32887945390662 ], [ -45.03065873081497, -21.329148948491849 ], [ -45.030389236229738, -21.329148948491849 ], [ -45.030389236229738, -21.331574399758981 ], [ -45.028233279547848, -21.331574399758974 ] ] ] } },
{ "type": "Feature", "properties": { "anos_com_queima": 2, "area_ha": 22.842892831010079, "inicio": 2021.0, "fim": 2025.0, "tipo": "recurrence", "id_feicao": "recurrence_2021_2025_250" }, "geometry": { "type": "Polygon", "coordinates": [ [ [ -45.113663063067619, -21.30974533835488 ], [ -45.113663063067619, -21.310014832940109 ], [ -45.115280030579029, -21.310014832940112 ], [ -45.115280030579029, -21.308128370843455 ], [ -45.115819019749502, -21.308128370843466 ], [ -45.115819019749502, -21.307858876258226 ], [ -45.116896998090446, -21.307858876258223 ], [ -45.116896998090446, -21.305433424991101 ], [ -45.117166492675686, -21.305433424991104 ], [ -45.117166492675686, -21.304085952064916 ], [ -45.116896998090446, -21.304085952064924 ], [ -45.116896998090446, -21.303816457479691 ], [ -45.115280030579029, -21.303816457479687 ], [ -45.115280030579029, -21.303546962894458 ], [ -45.11339356848238, -21.303546962894455 ], [ -45.11339356848238, -21.30408595206492 ], [ -45.113124073897147, -21.304085952064916 ], [ -45.113124073897147, -21.306780897917282 ], [ -45.11339356848238, -21.306780897917285 ], [ -45.11339356848238, -21.309745338354883 ], [ -45.113663063067619, -21.30974533835488 ] ] ] } },
{ "type": "Feature", "properties": { "anos_com_queima": 2, "area_ha": 1.751059458374232, "inicio": 2021.0, "fim": 2025.0, "tipo": "recurrence", "id_feicao": "recurrence_2021_2025_251" }, "geometry": { "type": "Polygon", "coordinates": [ [ [ -45.069196456503697, -21.277136493541338 ], [ -45.068387972747992, -21.277136493541327 ], [ -45.068387972747992, -21.277944977297047 ], [ -45.068118478162759, -21.27794497729705 ], [ -45.068118478162759, -21.278753461052755 ], [ -45.069196456503697, -21.278753461052755 ], [ -45.069196456503697, -21.277136493541338 ] ] ] } },
{ "type": "Feature", "properties": { "anos_com_queima": 2, "area_ha": 1.6683974544595821, "inicio": 2021.0, "fim": 2025.0, "tipo": "recurrence", "id_feicao": "recurrence_2021_2025_252" }, "geometry": { "type": "Polygon", "coordinates": [ [ [ -45.051140319292905, -21.213266276840439 ], [ -45.051140319292905, -21.211918803914266 ], [ -45.05006234095196, -21.211918803914262 ], [ -45.05006234095196, -21.213266276840439 ], [ -45.051140319292905, -21.213266276840439 ] ] ] } },
{ "type": "Feature", "properties": { "anos_com_queima": 2, "area_ha": 16.517454404011094, "inicio": 2021.0, "fim": 2025.0, "tipo": "recurrence", "id_feicao": "recurrence_2021_2025_253" }, "geometry": { "type": "Polygon", "coordinates": [ [ [ -45.084827142447381, -21.209762847232373 ], [ -45.084827142447381, -21.210032341817609 ], [ -45.084288153276908, -21.210032341817612 ], [ -45.084288153276908, -21.211110320158557 ], [ -45.083749164106436, -21.211110320158554 ], [ -45.083749164106436, -21.212188298499495 ], [ -45.084827142447381, -21.212188298499498 ], [ -45.084827142447381, -21.211649309329026 ], [ -45.085905120788325, -21.211649309329029 ], [ -45.085905120788325, -21.210571330988081 ], [ -45.09048652873733, -21.210571330988078 ], [ -45.09048652873733, -21.210840825573321 ], [ -45.090756023322569, -21.210840825573314 ], [ -45.090756023322569, -21.211379814743797 ], [ -45.092372990833987, -21.21137981474379 ], [ -45.092372990833987, -21.209762847232366 ], [ -45.092103496248747, -21.209762847232369 ], [ -45.092103496248747, -21.209493352647137 ], [ -45.091564507078274, -21.20949335264714 ], [ -45.091564507078274, -21.2092238580619 ], [ -45.091025517907802, -21.209223858061904 ], [ -45.091025517907802, -21.208954363476668 ], [ -45.088330572055447, -21.208954363476671 ], [ -45.088330572055447, -21.209223858061904 ], [ -45.086174615373558, -21.209223858061904 ], [ -45.086174615373558, -21.20949335264714 ], [ -45.085366131617853, -21.209493352647133 ], [ -45.085366131617853, -21.209762847232373 ], [ -45.084827142447381, -21.209762847232373 ] ] ] } },
{ "type": "Feature", "properties": { "anos_com_queima": 2, "area_ha": 1.3347437826100736, "inicio": 2021.0, "fim": 2025.0, "tipo": "recurrence", "id_feicao": "recurrence_2021_2025_254" }, "geometry": { "type": "Polygon", "coordinates": [ [ [ -45.069465951088937, -21.210301836402849 ], [ -45.070543929429881, -21.210301836402845 ], [ -45.070543929429881, -21.209223858061904 ], [ -45.069465951088937, -21.2092238580619 ], [ -45.069465951088937, -21.210301836402849 ] ] ] } },
{ "type": "Feature", "properties": { "anos_com_queima": 2, "area_ha": 6.1732639734355468, "inicio": 2021.0, "fim": 2025.0, "tipo": "recurrence", "id_feicao": "recurrence_2021_2025_255" }, "geometry": { "type": "Polygon", "coordinates": [ [ [ -45.108542665948136, -21.2092238580619 ], [ -45.108542665948136, -21.208954363476661 ], [ -45.108812160533368, -21.208954363476668 ], [ -45.108812160533368, -21.207606890550483 ], [ -45.108273171362903, -21.207606890550483 ], [ -45.108273171362903, -21.207067901380018 ], [ -45.107734182192431, -21.207067901380022 ], [ -45.107734182192431, -21.206798406794778 ], [ -45.106386709266246, -21.206798406794778 ], [ -45.106386709266246, -21.208145879720959 ], [ -45.106925698436719, -21.208145879720952 ], [ -45.106925698436719, -21.20976284723238 ], [ -45.108273171362903, -21.209762847232376 ], [ -45.108273171362903, -21.209223858061897 ], [ -45.108542665948136, -21.2092238580619 ] ] ] } },
{ "type": "Feature", "properties": { "anos_com_queima": 2, "area_ha": 11.512550395699297, "inicio": 2021.0, "fim": 2025.0, "tipo": "recurrence", "id_feicao": "recurrence_2021_2025_256" }, "geometry": { "type": "Polygon", "coordinates": [ [ [ -45.112315590141435, -21.205989923039073 ], [ -45.112315590141435, -21.206528912209549 ], [ -45.116088514334741, -21.206528912209542 ], [ -45.116088514334741, -21.20625941762431 ], [ -45.116358008919974, -21.206259417624313 ], [ -45.116358008919974, -21.205450933868601 ], [ -45.116627503505214, -21.205450933868605 ], [ -45.116627503505214, -21.203833966357184 ], [ -45.114471546823324, -21.203833966357184 ], [ -45.114471546823324, -21.20437295552766 ], [ -45.113932557652852, -21.204372955527663 ], [ -45.113932557652852, -21.204642450112896 ], [ -45.112046095556202, -21.204642450112896 ], [ -45.112046095556202, -21.205989923039073 ], [ -45.112315590141435, -21.205989923039073 ] ] ] } },
{ "type": "Feature", "properties": { "anos_com_queima": 2, "area_ha": 0.83427473743142833, "inicio": 2021.0, "fim": 2025.0, "tipo": "recurrence", "id_feicao": "recurrence_2021_2025_257" }, "geometry": { "type": "Polygon", "coordinates": [ [ [ -45.116358008919974, -21.199522052993412 ], [ -45.116358008919974, -21.198983063822936 ], [ -45.115010535993797, -21.19898306382294 ], [ -45.115010535993797, -21.199522052993409 ], [ -45.116358008919974, -21.199522052993412 ] ] ] } },
{ "type": "Feature", "properties": { "anos_com_queima": 2, "area_ha": 5.08907963216729, "inicio": 2021.0, "fim": 2025.0, "tipo": "recurrence", "id_feicao": "recurrence_2021_2025_258" }, "geometry": { "type": "Polygon", "coordinates": [ [ [ -45.112585084726675, -21.199252558408176 ], [ -45.112585084726675, -21.198174580067231 ], [ -45.11150710638573, -21.198174580067231 ], [ -45.11150710638573, -21.198444074652475 ], [ -45.108542665948136, -21.198444074652475 ], [ -45.108542665948136, -21.199791547578645 ], [ -45.110159633459553, -21.199791547578656 ], [ -45.110159633459553, -21.199252558408173 ], [ -45.112585084726675, -21.199252558408176 ] ] ] } },
{ "type": "Feature", "properties": { "anos_com_queima": 2, "area_ha": 1.7519944760435937, "inicio": 2021.0, "fim": 2025.0, "tipo": "recurrence", "id_feicao": "recurrence_2021_2025_259" }, "geometry": { "type": "Polygon", "coordinates": [ [ [ -45.114741041408557, -21.198444074652475 ], [ -45.114741041408557, -21.198983063822936 ], [ -45.115010535993797, -21.19898306382294 ], [ -45.115010535993797, -21.197905085481992 ], [ -45.115280030579029, -21.197905085482002 ], [ -45.115280030579029, -21.196827107141054 ], [ -45.114741041408557, -21.196827107141058 ], [ -45.114741041408557, -21.197096601726283 ], [ -45.114202052238092, -21.19709660172629 ], [ -45.114202052238092, -21.198174580067235 ], [ -45.114471546823324, -21.198174580067228 ], [ -45.114471546823324, -21.198444074652464 ], [ -45.114741041408557, -21.198444074652475 ] ] ] } },
{ "type": "Feature", "properties": { "anos_com_queima": 2, "area_ha": 3.2537169344781542, "inicio": 2021.0, "fim": 2025.0, "tipo": "recurrence", "id_feicao": "recurrence_2021_2025_260" }, "geometry": { "type": "Polygon", "coordinates": [ [ [ -45.118244471016624, -21.197635590896766 ], [ -45.118244471016624, -21.19709660172629 ], [ -45.118513965601863, -21.197096601726294 ], [ -45.118513965601863, -21.196827107141047 ], [ -45.119052954772336, -21.196827107141061 ], [ -45.119052954772336, -21.196288117970578 ], [ -45.117435987260919, -21.196288117970578 ], [ -45.117435987260919, -21.196827107141058 ], [ -45.116358008919974, -21.196827107141047 ], [ -45.116358008919974, -21.197905085481988 ], [ -45.117705481846151, -21.197905085481995 ], [ -45.117705481846151, -21.19763559089677 ], [ -45.118244471016624, -21.197635590896766 ] ] ] } },
{ "type": "Feature", "properties": { "anos_com_queima": 2, "area_ha": 1.3348626698173582, "inicio": 2021.0, "fim": 2025.0, "tipo": "recurrence", "id_feicao": "recurrence_2021_2025_261" }, "geometry": { "type": "Polygon", "coordinates": [ [ [ -45.106386709266246, -21.197096601726283 ], [ -45.107464687607191, -21.197096601726287 ], [ -45.107464687607191, -21.196018623385342 ], [ -45.106386709266246, -21.196018623385349 ], [ -45.106386709266246, -21.197096601726283 ] ] ] } },
{ "type": "Feature", "properties": { "anos_com_queima": 2, "area_ha": 0.83430301704264453, "inicio": 2021.0, "fim": 2025.0, "tipo": "recurrence", "id_feicao": "recurrence_2021_2025_262" }, "geometry": { "type": "Polygon", "coordinates": [ [ [ -45.110698622630025, -21.19386266670346 ], [ -45.110698622630025, -21.194671150459172 ], [ -45.112315590141435, -21.194671150459168 ], [ -45.112315590141435, -21.194401655873929 ], [ -45.111237611800497, -21.194401655873936 ], [ -45.111237611800497, -21.193862666703467 ], [ -45.110698622630025, -21.19386266670346 ] ] ] } },
{ "type": "Feature", "properties": { "anos_com_queima": 2, "area_ha": 23.777830717207756, "inicio": 2021.0, "fim": 2025.0, "tipo": "recurrence", "id_feicao": "recurrence_2021_2025_263" }, "geometry": { "type": "Polygon", "coordinates": [ [ [ -45.112315590141435, -21.193323677532987 ], [ -45.112315590141435, -21.194401655873929 ], [ -45.116358008919974, -21.194401655873929 ], [ -45.116358008919974, -21.195210139629641 ], [ -45.115280030579029, -21.195210139629641 ], [ -45.115280030579029, -21.196827107141054 ], [ -45.116358008919974, -21.196827107141047 ], [ -45.116358008919974, -21.195749128800109 ], [ -45.117435987260919, -21.195749128800109 ], [ -45.117435987260919, -21.19547963421487 ], [ -45.117166492675686, -21.195479634214866 ], [ -45.117166492675686, -21.193054182947744 ], [ -45.116896998090446, -21.193054182947751 ], [ -45.116896998090446, -21.192515193777275 ], [ -45.116627503505214, -21.192515193777282 ], [ -45.116627503505214, -21.191976204606807 ], [ -45.115819019749502, -21.191976204606814 ], [ -45.115819019749502, -21.189281258754455 ], [ -45.114202052238092, -21.189281258754455 ], [ -45.114202052238092, -21.191976204606807 ], [ -45.110698622630025, -21.191976204606807 ], [ -45.110698622630025, -21.193054182947744 ], [ -45.110968117215258, -21.193054182947755 ], [ -45.110968117215258, -21.193323677532984 ], [ -45.112315590141435, -21.193323677532987 ] ] ] } },
{ "type": "Feature", "properties": { "anos_com_queima": 2, "area_ha": 1.334934465155678, "inicio": 2021.0, "fim": 2025.0, "tipo": "recurrence", "id_feicao": "recurrence_2021_2025_264" }, "geometry": { "type": "Polygon", "coordinates": [ [ [ -45.11339356848238, -21.189011764169212 ], [ -45.11339356848238, -21.187933785828264 ], [ -45.112315590141435, -21.187933785828275 ], [ -45.112315590141435, -21.189011764169212 ], [ -45.11339356848238, -21.189011764169212 ] ] ] } },
{ "type": "Feature", "properties": { "anos_com_queima": 2, "area_ha": 2.0024566481813699, "inicio": 2021.0, "fim": 2025.0, "tipo": "recurrence", "id_feicao": "recurrence_2021_2025_265" }, "geometry": { "type": "Polygon", "coordinates": [ [ [ -45.046558911343887, -21.18469985080544 ], [ -45.046558911343887, -21.183082883294031 ], [ -45.045480933002942, -21.18308288329402 ], [ -45.045480933002942, -21.184699850805433 ], [ -45.046558911343887, -21.18469985080544 ] ] ] } },
{ "type": "Feature", "properties": { "anos_com_queima": 2, "area_ha": 13.919725730842273, "inicio": 2021.0, "fim": 2025.0, "tipo": "recurrence", "id_feicao": "recurrence_2021_2025_266" }, "geometry": { "type": "Polygon", "coordinates": [ [ [ -45.021765409502187, -21.335886313122757 ], [ -45.021765409502187, -21.336964291463701 ], [ -45.025268839110254, -21.336964291463708 ], [ -45.025268839110254, -21.336694796878461 ], [ -45.027424795792143, -21.336694796878465 ], [ -45.027424795792143, -21.337503280634177 ], [ -45.028772268718321, -21.337503280634166 ], [ -45.028772268718321, -21.336155807707986 ], [ -45.026077322865966, -21.336155807707986 ], [ -45.026077322865966, -21.334269345611347 ], [ -45.024460355354549, -21.334269345611336 ], [ -45.024460355354549, -21.334538840196572 ], [ -45.023651871598844, -21.334538840196583 ], [ -45.023651871598844, -21.334808334781808 ], [ -45.022304398672659, -21.334808334781808 ], [ -45.022304398672659, -21.33588631312276 ], [ -45.021765409502187, -21.335886313122757 ] ] ] } },
{ "type": "Feature", "properties": { "anos_com_queima": 2, "area_ha": 1.5003767244866093, "inicio": 2021.0, "fim": 2025.0, "tipo": "recurrence", "id_feicao": "recurrence_2021_2025_267" }, "geometry": { "type": "Polygon", "coordinates": [ [ [ -45.027155301206903, -21.331304905173738 ], [ -45.027155301206903, -21.331574399758978 ], [ -45.028233279547848, -21.331574399758974 ], [ -45.028233279547848, -21.331035410588516 ], [ -45.027694290377376, -21.331035410588512 ], [ -45.027694290377376, -21.330765916003269 ], [ -45.026346817451198, -21.330765916003276 ], [ -45.026346817451198, -21.330226926832804 ], [ -45.025807828280726, -21.330226926832804 ], [ -45.025807828280726, -21.33049642141804 ], [ -45.026077322865966, -21.33049642141804 ], [ -45.026077322865966, -21.331035410588512 ], [ -45.026885806621671, -21.331035410588516 ], [ -45.026885806621671, -21.331304905173745 ], [ -45.027155301206903, -21.331304905173738 ] ] ] } },
{ "type": "Feature", "properties": { "anos_com_queima": 2, "area_ha": 15.087452543225885, "inicio": 2021.0, "fim": 2025.0, "tipo": "recurrence", "id_feicao": "recurrence_2021_2025_268" }, "geometry": { "type": "Polygon", "coordinates": [ [ [ -45.012333099018932, -21.328879453906627 ], [ -45.015028044871293, -21.328879453906623 ], [ -45.015028044871293, -21.328340464736144 ], [ -45.017992485308888, -21.328340464736144 ], [ -45.017992485308888, -21.328070970150918 ], [ -45.019878947405537, -21.328070970150922 ], [ -45.019878947405537, -21.327801475565678 ], [ -45.017453496138415, -21.327801475565678 ], [ -45.017453496138415, -21.327531980980442 ], [ -45.016914506967943, -21.327531980980442 ], [ -45.016914506967943, -21.327262486395217 ], [ -45.015836528626998, -21.327262486395213 ], [ -45.015836528626998, -21.326992991809973 ], [ -45.015028044871293, -21.326992991809973 ], [ -45.015028044871293, -21.326723497224734 ], [ -45.013141582774644, -21.326723497224734 ], [ -45.013141582774644, -21.326454002639501 ], [ -45.011794109848466, -21.326454002639501 ], [ -45.011794109848466, -21.326723497224734 ], [ -45.011255120677994, -21.326723497224741 ], [ -45.011255120677994, -21.329957432247557 ], [ -45.012333099018932, -21.329957432247557 ], [ -45.012333099018932, -21.328879453906627 ] ] ] } },
{ "type": "Feature", "properties": { "anos_com_queima": 2, "area_ha": 6.6685142809958196, "inicio": 2021.0, "fim": 2025.0, "tipo": "recurrence", "id_feicao": "recurrence_2021_2025_269" }, "geometry": { "type": "Polygon", "coordinates": [ [ [ -45.024729849939781, -21.329687937662325 ], [ -45.024729849939781, -21.329418443077088 ], [ -45.024460355354549, -21.329418443077092 ], [ -45.024460355354549, -21.327262486395213 ], [ -45.026077322865966, -21.327262486395213 ], [ -45.026077322865966, -21.326184508054268 ], [ -45.025807828280726, -21.326184508054268 ], [ -45.025807828280726, -21.325376024298556 ], [ -45.023382377013604, -21.325376024298556 ], [ -45.023382377013604, -21.326184508054261 ], [ -45.024190860769309, -21.326184508054265 ], [ -45.024190860769309, -21.328340464736154 ], [ -45.023382377013604, -21.328340464736144 ], [ -45.023382377013604, -21.329687937662332 ], [ -45.024729849939781, -21.329687937662325 ] ] ] } },
{ "type": "Feature", "properties": { "anos_com_queima": 2, "area_ha": 1.7512260696755577, "inicio": 2021.0, "fim": 2025.0, "tipo": "recurrence", "id_feicao": "recurrence_2021_2025_270" }, "geometry": { "type": "Polygon", "coordinates": [ [ [ -45.019339958235065, -21.262853280523828 ], [ -45.019339958235065, -21.263122775109075 ], [ -45.019609452820305, -21.263122775109071 ], [ -45.019609452820305, -21.263931258864776 ], [ -45.020956925746482, -21.263931258864773 ], [ -45.020956925746482, -21.262853280523832 ], [ -45.019339958235065, -21.262853280523828 ] ] ] } },
{ "type": "Feature", "properties": { "anos_com_queima": 2, "area_ha": 0.33357113695701029, "inicio": 2021.0, "fim": 2025.0, "tipo": "recurrence", "id_feicao": "recurrence_2021_2025_271" }, "geometry": { "type": "Polygon", "coordinates": [ [ [ -45.01853147447936, -21.261236313012422 ], [ -45.01853147447936, -21.26177530218289 ], [ -45.018800969064593, -21.26177530218289 ], [ -45.018800969064593, -21.261505807597665 ], [ -45.019339958235065, -21.261505807597658 ], [ -45.019339958235065, -21.261236313012422 ], [ -45.01853147447936, -21.261236313012422 ] ] ] } },
{ "type": "Feature", "properties": { "anos_com_queima": 2, "area_ha": 1.0007270139576969, "inicio": 2021.0, "fim": 2025.0, "tipo": "recurrence", "id_feicao": "recurrence_2021_2025_272" }, "geometry": { "type": "Polygon", "coordinates": [ [ [ -45.022573893257899, -21.259888840086244 ], [ -45.022573893257899, -21.259080356330539 ], [ -45.021495914916954, -21.259080356330532 ], [ -45.021495914916954, -21.259888840086237 ], [ -45.022573893257899, -21.259888840086244 ] ] ] } },
{ "type": "Feature", "properties": { "anos_com_queima": 2, "area_ha": 2.1682708089942895, "inicio": 2021.0, "fim": 2025.0, "tipo": "recurrence", "id_feicao": "recurrence_2021_2025_273" }, "geometry": { "type": "Polygon", "coordinates": [ [ [ -45.026077322865966, -21.258002377989587 ], [ -45.026077322865966, -21.256924399648646 ], [ -45.025538333695494, -21.256924399648643 ], [ -45.025538333695494, -21.256654905063414 ], [ -45.024999344525021, -21.256654905063421 ], [ -45.024999344525021, -21.25692439964865 ], [ -45.024729849939781, -21.256924399648653 ], [ -45.024729849939781, -21.258271872574831 ], [ -45.025807828280726, -21.258271872574834 ], [ -45.025807828280726, -21.258002377989595 ], [ -45.026077322865966, -21.258002377989587 ] ] ] } },
{ "type": "Feature", "properties": { "anos_com_queima": 2, "area_ha": 1.9181020978992587, "inicio": 2021.0, "fim": 2025.0, "tipo": "recurrence", "id_feicao": "recurrence_2021_2025_274" }, "geometry": { "type": "Polygon", "coordinates": [ [ [ -45.016914506967943, -21.255576926722473 ], [ -45.016914506967943, -21.256385410478185 ], [ -45.017184001553183, -21.256385410478167 ], [ -45.017184001553183, -21.256654905063414 ], [ -45.01853147447936, -21.25665490506341 ], [ -45.01853147447936, -21.255576926722465 ], [ -45.016914506967943, -21.255576926722473 ] ] ] } },
{ "type": "Feature", "properties": { "anos_com_queima": 2, "area_ha": 1.33434436349459, "inicio": 2021.0, "fim": 2025.0, "tipo": "recurrence", "id_feicao": "recurrence_2021_2025_275" }, "geometry": { "type": "Polygon", "coordinates": [ [ [ -45.017722990723655, -21.25530743213724 ], [ -45.018800969064593, -21.255307432137236 ], [ -45.018800969064593, -21.254229453796295 ], [ -45.017722990723655, -21.254229453796281 ], [ -45.017722990723655, -21.25530743213724 ] ] ] } },
{ "type": "Feature", "properties": { "anos_com_queima": 2, "area_ha": 0.16680900814481855, "inicio": 2021.0, "fim": 2025.0, "tipo": "recurrence", "id_feicao": "recurrence_2021_2025_276" }, "geometry": { "type": "Polygon", "coordinates": [ [ [ -45.02904176330356, -21.240485229949265 ], [ -45.02904176330356, -21.240215735364021 ], [ -45.028502774133088, -21.240215735364028 ], [ -45.028502774133088, -21.240485229949257 ], [ -45.02904176330356, -21.240485229949265 ] ] ] } },
{ "type": "Feature", "properties": { "anos_com_queima": 2, "area_ha": 1.000873579975831, "inicio": 2021.0, "fim": 2025.0, "tipo": "recurrence", "id_feicao": "recurrence_2021_2025_277" }, "geometry": { "type": "Polygon", "coordinates": [ [ [ -45.019339958235065, -21.237790284096913 ], [ -45.019339958235065, -21.236981800341194 ], [ -45.01826197989412, -21.236981800341201 ], [ -45.01826197989412, -21.237790284096906 ], [ -45.019339958235065, -21.237790284096913 ] ] ] } },
{ "type": "Feature", "properties": { "anos_com_queima": 2, "area_ha": 0.083410744632408024, "inicio": 2021.0, "fim": 2025.0, "tipo": "recurrence", "id_feicao": "recurrence_2021_2025_278" }, "geometry": { "type": "Polygon", "coordinates": [ [ [ -45.015567034041766, -21.229166457369359 ], [ -45.015836528626998, -21.229166457369359 ], [ -45.015836528626998, -21.228896962784123 ], [ -45.015567034041766, -21.22889696278412 ], [ -45.015567034041766, -21.229166457369359 ] ] ] } },
{ "type": "Feature", "properties": { "anos_com_queima": 2, "area_ha": 0.16682179083233389, "inicio": 2021.0, "fim": 2025.0, "tipo": "recurrence", "id_feicao": "recurrence_2021_2025_279" }, "geometry": { "type": "Polygon", "coordinates": [ [ [ -45.01853147447936, -21.22889696278412 ], [ -45.01853147447936, -21.228627468198887 ], [ -45.017992485308888, -21.228627468198884 ], [ -45.017992485308888, -21.228896962784116 ], [ -45.01853147447936, -21.22889696278412 ] ] ] } },
{ "type": "Feature", "properties": { "anos_com_queima": 2, "area_ha": 0.33364386873232249, "inicio": 2021.0, "fim": 2025.0, "tipo": "recurrence", "id_feicao": "recurrence_2021_2025_280" }, "geometry": { "type": "Polygon", "coordinates": [ [ [ -45.014758550286061, -21.229166457369356 ], [ -45.014758550286061, -21.228088479028415 ], [ -45.014489055700821, -21.228088479028415 ], [ -45.014489055700821, -21.229166457369359 ], [ -45.014758550286061, -21.229166457369356 ] ] ] } },
{ "type": "Feature", "properties": { "anos_com_queima": 2, "area_ha": 1.5848150818303228, "inicio": 2021.0, "fim": 2025.0, "tipo": "recurrence", "id_feicao": "recurrence_2021_2025_281" }, "geometry": { "type": "Polygon", "coordinates": [ [ [ -45.015836528626998, -21.228896962784123 ], [ -45.016106023212238, -21.228896962784116 ], [ -45.016106023212238, -21.228627468198887 ], [ -45.01664501238271, -21.228627468198891 ], [ -45.01664501238271, -21.227279995272703 ], [ -45.015567034041766, -21.227279995272706 ], [ -45.015567034041766, -21.227549489857942 ], [ -45.015297539456526, -21.227549489857939 ], [ -45.015297539456526, -21.227818984443179 ], [ -45.015836528626998, -21.227818984443175 ], [ -45.015836528626998, -21.228896962784123 ] ] ] } },
{ "type": "Feature", "properties": { "anos_com_queima": 2, "area_ha": 0.08341624598124095, "inicio": 2021.0, "fim": 2025.0, "tipo": "recurrence", "id_feicao": "recurrence_2021_2025_282" }, "geometry": { "type": "Polygon", "coordinates": [ [ [ -45.00478725063234, -21.219195157715621 ], [ -45.00478725063234, -21.218925663130399 ], [ -45.004517756047093, -21.218925663130388 ], [ -45.004517756047093, -21.219195157715635 ], [ -45.00478725063234, -21.219195157715621 ] ] ] } },
{ "type": "Feature", "properties": { "anos_com_queima": 2, "area_ha": 2.5025159979718645, "inicio": 2021.0, "fim": 2025.0, "tipo": "recurrence", "id_feicao": "recurrence_2021_2025_283" }, "geometry": { "type": "Polygon", "coordinates": [ [ [ -45.008560174825632, -21.217039201033742 ], [ -45.008560174825632, -21.216769706448499 ], [ -45.007482196484688, -21.216769706448503 ], [ -45.007482196484688, -21.218117179374691 ], [ -45.009368658581337, -21.218117179374683 ], [ -45.009368658581337, -21.217308695618971 ], [ -45.008829669410872, -21.217308695618982 ], [ -45.008829669410872, -21.217039201033735 ], [ -45.008560174825632, -21.217039201033742 ] ] ] } },
{ "type": "Feature", "properties": { "anos_com_queima": 2, "area_ha": 1.1671262124862092, "inicio": 2021.0, "fim": 2025.0, "tipo": "recurrence", "id_feicao": "recurrence_2021_2025_284" }, "geometry": { "type": "Polygon", "coordinates": [ [ [ -44.898606384049401, -21.309475843769633 ], [ -44.898606384049401, -21.310553822110581 ], [ -44.899684362390346, -21.310553822110581 ], [ -44.899684362390346, -21.309745338354883 ], [ -44.899145373219874, -21.309745338354876 ], [ -44.899145373219874, -21.309475843769636 ], [ -44.898606384049401, -21.309475843769633 ] ] ] } },
{ "type": "Feature", "properties": { "anos_com_queima": 2, "area_ha": 2.0011241218606419, "inicio": 2021.0, "fim": 2025.0, "tipo": "recurrence", "id_feicao": "recurrence_2021_2025_285" }, "geometry": { "type": "Polygon", "coordinates": [ [ [ -44.991851510541011, -21.283604363586992 ], [ -44.991851510541011, -21.284682341927944 ], [ -44.992121005126243, -21.28468234192794 ], [ -44.992121005126243, -21.284951836513184 ], [ -44.993198983467188, -21.28495183651318 ], [ -44.993198983467188, -21.283604363586996 ], [ -44.991851510541011, -21.283604363586992 ] ] ] } },
{ "type": "Feature", "properties": { "anos_com_queima": 2, "area_ha": 2.5024855394134833, "inicio": 2021.0, "fim": 2025.0, "tipo": "recurrence", "id_feicao": "recurrence_2021_2025_286" }, "geometry": { "type": "Polygon", "coordinates": [ [ [ -45.003978766876621, -21.22000364147133 ], [ -45.003978766876621, -21.219195157715628 ], [ -45.003709272291395, -21.219195157715625 ], [ -45.003709272291395, -21.21811717937468 ], [ -45.003170283120923, -21.218117179374687 ], [ -45.003170283120923, -21.218656168545163 ], [ -45.002361799365211, -21.218656168545156 ], [ -45.002361799365211, -21.219734146886097 ], [ -45.002900788535676, -21.2197341468861 ], [ -45.002900788535676, -21.220003641471337 ], [ -45.003978766876621, -21.22000364147133 ] ] ] } },
{ "type": "Feature", "properties": { "anos_com_queima": 2, "area_ha": 1.3346703496494712, "inicio": 2021.0, "fim": 2025.0, "tipo": "recurrence", "id_feicao": "recurrence_2021_2025_287" }, "geometry": { "type": "Polygon", "coordinates": [ [ [ -45.00478725063234, -21.217847684789451 ], [ -45.00478725063234, -21.217308695618975 ], [ -45.003709272291395, -21.217308695618978 ], [ -45.003709272291395, -21.21811717937468 ], [ -45.00478725063234, -21.21811717937468 ], [ -45.00478725063234, -21.218925663130399 ], [ -45.005056745217566, -21.218925663130396 ], [ -45.005056745217566, -21.217847684789454 ], [ -45.00478725063234, -21.217847684789451 ] ] ] } },
{ "type": "Feature", "properties": { "anos_com_queima": 2, "area_ha": 4.3376885201957078, "inicio": 2021.0, "fim": 2025.0, "tipo": "recurrence", "id_feicao": "recurrence_2021_2025_288" }, "geometry": { "type": "Polygon", "coordinates": [ [ [ -44.990773532200066, -21.217308695618978 ], [ -44.989426059273889, -21.217308695618978 ], [ -44.989426059273889, -21.215961222692798 ], [ -44.988617575518177, -21.215961222692805 ], [ -44.988617575518177, -21.219734146886093 ], [ -44.988887070103416, -21.2197341468861 ], [ -44.988887070103416, -21.218386673959927 ], [ -44.990773532200066, -21.21838667395992 ], [ -44.990773532200066, -21.217308695618978 ] ] ] } },
{ "type": "Feature", "properties": { "anos_com_queima": 2, "area_ha": 0.66734365617951807, "inicio": 2021.0, "fim": 2025.0, "tipo": "recurrence", "id_feicao": "recurrence_2021_2025_289" }, "geometry": { "type": "Polygon", "coordinates": [ [ [ -44.995354940149078, -21.216230717278044 ], [ -44.995354940149078, -21.215691728107565 ], [ -44.994276961808133, -21.215691728107561 ], [ -44.994276961808133, -21.216230717278044 ], [ -44.995354940149078, -21.216230717278044 ] ] ] } },
{ "type": "Feature", "properties": { "anos_com_queima": 2, "area_ha": 0.33367361242467064, "inicio": 2021.0, "fim": 2025.0, "tipo": "recurrence", "id_feicao": "recurrence_2021_2025_290" }, "geometry": { "type": "Polygon", "coordinates": [ [ [ -44.99589392931955, -21.215691728107561 ], [ -44.99589392931955, -21.21461374976662 ], [ -44.99562443473431, -21.214613749766624 ], [ -44.99562443473431, -21.215691728107565 ], [ -44.99589392931955, -21.215691728107561 ] ] ] } },
{ "type": "Feature", "properties": { "anos_com_queima": 2, "area_ha": 1.5015319376556431, "inicio": 2021.0, "fim": 2025.0, "tipo": "recurrence", "id_feicao": "recurrence_2021_2025_291" }, "geometry": { "type": "Polygon", "coordinates": [ [ [ -44.989965048444361, -21.213805266010908 ], [ -44.989965048444361, -21.214613749766617 ], [ -44.989426059273889, -21.214613749766617 ], [ -44.989426059273889, -21.215961222692798 ], [ -44.990234543029594, -21.215961222692794 ], [ -44.990234543029594, -21.213805266010901 ], [ -44.989965048444361, -21.213805266010908 ] ] ] } },
{ "type": "Feature", "properties": { "anos_com_queima": 2, "area_ha": 1.5849575844559174, "inicio": 2021.0, "fim": 2025.0, "tipo": "recurrence", "id_feicao": "recurrence_2021_2025_292" }, "geometry": { "type": "Polygon", "coordinates": [ [ [ -44.994815950978605, -21.214613749766627 ], [ -44.994815950978605, -21.214074760596141 ], [ -44.993198983467188, -21.214074760596144 ], [ -44.993198983467188, -21.214613749766617 ], [ -44.992121005126243, -21.214613749766613 ], [ -44.992121005126243, -21.214883244351856 ], [ -44.994007467222893, -21.214883244351856 ], [ -44.994007467222893, -21.21461374976662 ], [ -44.994815950978605, -21.214613749766627 ] ] ] } },
{ "type": "Feature", "properties": { "anos_com_queima": 2, "area_ha": 0.50051444277822033, "inicio": 2021.0, "fim": 2025.0, "tipo": "recurrence", "id_feicao": "recurrence_2021_2025_293" }, "geometry": { "type": "Polygon", "coordinates": [ [ [ -44.992121005126243, -21.214074760596141 ], [ -44.992121005126243, -21.213805266010905 ], [ -44.990504037614834, -21.213805266010912 ], [ -44.990504037614834, -21.214074760596155 ], [ -44.992121005126243, -21.214074760596141 ] ] ] } },
{ "type": "Feature", "properties": { "anos_com_queima": 2, "area_ha": 10.761100109349178, "inicio": 2021.0, "fim": 2025.0, "tipo": "recurrence", "id_feicao": "recurrence_2021_2025_294" }, "geometry": { "type": "Polygon", "coordinates": [ [ [ -44.986192124251055, -21.21461374976662 ], [ -44.986192124251055, -21.215961222692798 ], [ -44.988617575518177, -21.215961222692805 ], [ -44.988617575518177, -21.215422233522325 ], [ -44.988078586347704, -21.215422233522329 ], [ -44.988078586347704, -21.215152738937089 ], [ -44.987809091762472, -21.215152738937093 ], [ -44.987809091762472, -21.213535771425676 ], [ -44.990234543029594, -21.213535771425665 ], [ -44.990234543029594, -21.211918803914262 ], [ -44.991043026785299, -21.211918803914255 ], [ -44.991043026785299, -21.211649309329015 ], [ -44.990504037614834, -21.211649309329029 ], [ -44.990504037614834, -21.21137981474379 ], [ -44.987809091762472, -21.21137981474379 ], [ -44.987809091762472, -21.212457793084731 ], [ -44.987539597177239, -21.212457793084734 ], [ -44.987539597177239, -21.214074760596141 ], [ -44.986461618836294, -21.214074760596155 ], [ -44.986461618836294, -21.214613749766624 ], [ -44.986192124251055, -21.21461374976662 ] ] ] } },
{ "type": "Feature", "properties": { "anos_com_queima": 2, "area_ha": 0.083419222922250624, "inicio": 2021.0, "fim": 2025.0, "tipo": "recurrence", "id_feicao": "recurrence_2021_2025_295" }, "geometry": { "type": "Polygon", "coordinates": [ [ [ -44.990234543029594, -21.213805266010901 ], [ -44.990504037614834, -21.213805266010912 ], [ -44.990504037614834, -21.213535771425679 ], [ -44.990234543029594, -21.213535771425665 ], [ -44.990234543029594, -21.213805266010901 ] ] ] } },
{ "type": "Feature", "properties": { "anos_com_queima": 2, "area_ha": 0.33367718538891228, "inicio": 2021.0, "fim": 2025.0, "tipo": "recurrence", "id_feicao": "recurrence_2021_2025_296" }, "geometry": { "type": "Polygon", "coordinates": [ [ [ -44.993198983467188, -21.213805266010912 ], [ -44.993198983467188, -21.213266276840447 ], [ -44.992659994296716, -21.213266276840439 ], [ -44.992659994296716, -21.213805266010912 ], [ -44.993198983467188, -21.213805266010912 ] ] ] } },
{ "type": "Feature", "properties": { "anos_com_queima": 2, "area_ha": 6.339868159027171, "inicio": 2021.0, "fim": 2025.0, "tipo": "recurrence", "id_feicao": "recurrence_2021_2025_297" }, "geometry": { "type": "Polygon", "coordinates": [ [ [ -45.002631293950451, -21.212727287669974 ], [ -45.002631293950451, -21.214074760596141 ], [ -45.001822810194739, -21.214074760596148 ], [ -45.001822810194739, -21.214613749766624 ], [ -45.002092304779978, -21.214613749766617 ], [ -45.002092304779978, -21.21488324435186 ], [ -45.003978766876621, -21.214883244351856 ], [ -45.003978766876621, -21.21461374976662 ], [ -45.004517756047093, -21.214613749766617 ], [ -45.004517756047093, -21.2129967822552 ], [ -45.003709272291395, -21.2129967822552 ], [ -45.003709272291395, -21.212188298499495 ], [ -45.003439777706149, -21.212188298499491 ], [ -45.003439777706149, -21.211918803914269 ], [ -45.002361799365211, -21.211918803914262 ], [ -45.002361799365211, -21.212188298499495 ], [ -45.001553315609506, -21.212188298499495 ], [ -45.001553315609506, -21.212457793084731 ], [ -45.002361799365211, -21.212457793084731 ], [ -45.002361799365211, -21.212727287669978 ], [ -45.002631293950451, -21.212727287669974 ] ] ] } },
{ "type": "Feature", "properties": { "anos_com_queima": 2, "area_ha": 1.6683924261923524, "inicio": 2021.0, "fim": 2025.0, "tipo": "recurrence", "id_feicao": "recurrence_2021_2025_298" }, "geometry": { "type": "Polygon", "coordinates": [ [ [ -45.001553315609506, -21.213805266010915 ], [ -45.001553315609506, -21.214074760596148 ], [ -45.001822810194739, -21.214074760596148 ], [ -45.001822810194739, -21.213266276840447 ], [ -45.001283821024266, -21.213266276840432 ], [ -45.001283821024266, -21.212188298499495 ], [ -44.999666853512849, -21.212188298499498 ], [ -44.999666853512849, -21.212727287669971 ], [ -45.001014326439034, -21.212727287669964 ], [ -45.001014326439034, -21.213535771425672 ], [ -45.001283821024266, -21.213535771425668 ], [ -45.001283821024266, -21.213805266010908 ], [ -45.001553315609506, -21.213805266010915 ] ] ] } },
{ "type": "Feature", "properties": { "anos_com_queima": 2, "area_ha": 0.50051756438248041, "inicio": 2021.0, "fim": 2025.0, "tipo": "recurrence", "id_feicao": "recurrence_2021_2025_299" }, "geometry": { "type": "Polygon", "coordinates": [ [ [ -44.992659994296716, -21.213266276840439 ], [ -44.992659994296716, -21.212727287669967 ], [ -44.991851510541011, -21.212727287669967 ], [ -44.991851510541011, -21.213266276840436 ], [ -44.992659994296716, -21.213266276840439 ] ] ] } },
{ "type": "Feature", "properties": { "anos_com_queima": 2, "area_ha": 0.083419966115901717, "inicio": 2021.0, "fim": 2025.0, "tipo": "recurrence", "id_feicao": "recurrence_2021_2025_300" }, "geometry": { "type": "Polygon", "coordinates": [ [ [ -44.991851510541011, -21.212457793084731 ], [ -44.991851510541011, -21.212188298499498 ], [ -44.991582015955771, -21.212188298499495 ], [ -44.991582015955771, -21.212457793084731 ], [ -44.991851510541011, -21.212457793084731 ] ] ] } },
{ "type": "Feature", "properties": { "anos_com_queima": 2, "area_ha": 0.50052469807968392, "inicio": 2021.0, "fim": 2025.0, "tipo": "recurrence", "id_feicao": "recurrence_2021_2025_301" }, "geometry": { "type": "Polygon", "coordinates": [ [ [ -45.004517756047093, -21.21111032015855 ], [ -45.004517756047093, -21.210571330988074 ], [ -45.003709272291395, -21.210571330988078 ], [ -45.003709272291395, -21.211110320158557 ], [ -45.004517756047093, -21.21111032015855 ] ] ] } },
{ "type": "Feature", "properties": { "anos_com_queima": 3, "area_ha": 4.6699858426623049, "inicio": 2021.0, "fim": 2025.0, "tipo": "recurrence", "id_feicao": "recurrence_2021_2025_302" }, "geometry": { "type": "Polygon", "coordinates": [ [ [ -45.018800969064593, -21.26177530218289 ], [ -45.01853147447936, -21.26177530218289 ], [ -45.01853147447936, -21.262853280523839 ], [ -45.021226420331715, -21.262853280523832 ], [ -45.021226420331715, -21.261236313012418 ], [ -45.019339958235065, -21.261236313012422 ], [ -45.019339958235065, -21.261505807597658 ], [ -45.018800969064593, -21.261505807597665 ], [ -45.018800969064593, -21.26177530218289 ] ] ] } },
{ "type": "Feature", "properties": { "anos_com_queima": 3, "area_ha": 1.5848096974192487, "inicio": 2021.0, "fim": 2025.0, "tipo": "recurrence", "id_feicao": "recurrence_2021_2025_303" }, "geometry": { "type": "Polygon", "coordinates": [ [ [ -45.015836528626998, -21.228896962784123 ], [ -45.015836528626998, -21.227818984443175 ], [ -45.014758550286061, -21.227818984443179 ], [ -45.014758550286061, -21.229166457369356 ], [ -45.015567034041766, -21.229166457369359 ], [ -45.015567034041766, -21.22889696278412 ], [ -45.015836528626998, -21.228896962784123 ] ] ] } },
{ "type": "Feature", "properties": { "anos_com_queima": 3, "area_ha": 0.25024873763118965, "inicio": 2021.0, "fim": 2025.0, "tipo": "recurrence", "id_feicao": "recurrence_2021_2025_304" }, "geometry": { "type": "Polygon", "coordinates": [ [ [ -45.003709272291395, -21.218925663130392 ], [ -45.003709272291395, -21.219195157715625 ], [ -45.004517756047093, -21.219195157715635 ], [ -45.004517756047093, -21.218925663130388 ], [ -45.003709272291395, -21.218925663130392 ] ] ] } },
{ "type": "Feature", "properties": { "anos_com_queima": 3, "area_ha": 0.25024963064938782, "inicio": 2021.0, "fim": 2025.0, "tipo": "recurrence", "id_feicao": "recurrence_2021_2025_305" }, "geometry": { "type": "Polygon", "coordinates": [ [ [ -45.00478725063234, -21.21811717937468 ], [ -45.004517756047093, -21.218117179374687 ], [ -45.004517756047093, -21.218925663130388 ], [ -45.00478725063234, -21.218925663130399 ], [ -45.00478725063234, -21.21811717937468 ] ] ] } },
{ "type": "Feature", "properties": { "anos_com_queima": 3, "area_ha": 3.0034152733342308, "inicio": 2021.0, "fim": 2025.0, "tipo": "recurrence", "id_feicao": "recurrence_2021_2025_306" }, "geometry": { "type": "Polygon", "coordinates": [ [ [ -45.116358008919974, -21.198983063822936 ], [ -45.116358008919974, -21.196827107141047 ], [ -45.115280030579029, -21.196827107141054 ], [ -45.115280030579029, -21.197905085482002 ], [ -45.115010535993797, -21.197905085481992 ], [ -45.115010535993797, -21.19898306382294 ], [ -45.116358008919974, -21.198983063822936 ] ] ] } },
{ "type": "Feature", "properties": { "anos_com_queima": 3, "area_ha": 1.3348658414561687, "inicio": 2021.0, "fim": 2025.0, "tipo": "recurrence", "id_feicao": "recurrence_2021_2025_307" }, "geometry": { "type": "Polygon", "coordinates": [ [ [ -45.116358008919974, -21.195749128800109 ], [ -45.116358008919974, -21.196827107141047 ], [ -45.117435987260919, -21.196827107141058 ], [ -45.117435987260919, -21.195749128800109 ], [ -45.116358008919974, -21.195749128800109 ] ] ] } },
{ "type": "Feature", "properties": { "anos_com_queima": 3, "area_ha": 1.3348868272595107, "inicio": 2021.0, "fim": 2025.0, "tipo": "recurrence", "id_feicao": "recurrence_2021_2025_308" }, "geometry": { "type": "Polygon", "coordinates": [ [ [ -45.112315590141435, -21.193323677532987 ], [ -45.111237611800497, -21.193323677532987 ], [ -45.111237611800497, -21.194401655873936 ], [ -45.112315590141435, -21.194401655873929 ], [ -45.112315590141435, -21.193323677532987 ] ] ] } },
{ "type": "Feature", "properties": { "anos_com_queima": 3, "area_ha": 1.2512745223242674, "inicio": 2021.0, "fim": 2025.0, "tipo": "recurrence", "id_feicao": "recurrence_2021_2025_309" }, "geometry": { "type": "Polygon", "coordinates": [ [ [ -44.994815950978605, -21.215691728107561 ], [ -44.994815950978605, -21.214883244351864 ], [ -44.995354940149078, -21.214883244351849 ], [ -44.995354940149078, -21.215691728107565 ], [ -44.99562443473431, -21.215691728107565 ], [ -44.99562443473431, -21.214613749766624 ], [ -44.994007467222893, -21.21461374976662 ], [ -44.994007467222893, -21.214883244351856 ], [ -44.994276961808133, -21.214883244351856 ], [ -44.994276961808133, -21.215691728107561 ], [ -44.994815950978605, -21.215691728107561 ] ] ] } },
{ "type": "Feature", "properties": { "anos_com_queima": 3, "area_ha": 4.6714426046349518, "inicio": 2021.0, "fim": 2025.0, "tipo": "recurrence", "id_feicao": "recurrence_2021_2025_310" }, "geometry": { "type": "Polygon", "coordinates": [ [ [ -44.988617575518177, -21.215422233522325 ], [ -44.988617575518177, -21.215961222692805 ], [ -44.989426059273889, -21.215961222692798 ], [ -44.989426059273889, -21.214613749766617 ], [ -44.989965048444361, -21.214613749766617 ], [ -44.989965048444361, -21.213805266010908 ], [ -44.990234543029594, -21.213805266010901 ], [ -44.990234543029594, -21.213535771425665 ], [ -44.987809091762472, -21.213535771425676 ], [ -44.987809091762472, -21.215152738937093 ], [ -44.988078586347704, -21.215152738937089 ], [ -44.988078586347704, -21.215422233522329 ], [ -44.988617575518177, -21.215422233522325 ] ] ] } },
{ "type": "Feature", "properties": { "anos_com_queima": 3, "area_ha": 1.918640318432447, "inicio": 2021.0, "fim": 2025.0, "tipo": "recurrence", "id_feicao": "recurrence_2021_2025_311" }, "geometry": { "type": "Polygon", "coordinates": [ [ [ -44.992121005126243, -21.213805266010905 ], [ -44.992121005126243, -21.214613749766613 ], [ -44.993198983467188, -21.214613749766617 ], [ -44.993198983467188, -21.213805266010912 ], [ -44.992659994296716, -21.213805266010912 ], [ -44.992659994296716, -21.213266276840439 ], [ -44.991851510541011, -21.213266276840436 ], [ -44.991851510541011, -21.213535771425676 ], [ -44.990504037614834, -21.213535771425679 ], [ -44.990504037614834, -21.213805266010912 ], [ -44.992121005126243, -21.213805266010905 ] ] ] } },
{ "type": "Feature", "properties": { "anos_com_queima": 3, "area_ha": 0.16683889208648878, "inicio": 2021.0, "fim": 2025.0, "tipo": "recurrence", "id_feicao": "recurrence_2021_2025_312" }, "geometry": { "type": "Polygon", "coordinates": [ [ [ -44.990234543029594, -21.212996782255214 ], [ -44.990234543029594, -21.213535771425665 ], [ -44.990504037614834, -21.213535771425679 ], [ -44.990504037614834, -21.21299678225521 ], [ -44.990234543029594, -21.212996782255214 ] ] ] } },
{ "type": "Feature", "properties": { "anos_com_queima": 3, "area_ha": 2.0020682117424466, "inicio": 2021.0, "fim": 2025.0, "tipo": "recurrence", "id_feicao": "recurrence_2021_2025_313" }, "geometry": { "type": "Polygon", "coordinates": [ [ [ -45.002631293950451, -21.214074760596141 ], [ -45.002631293950451, -21.212727287669974 ], [ -45.002361799365211, -21.212727287669978 ], [ -45.002361799365211, -21.212457793084731 ], [ -45.001553315609506, -21.212457793084731 ], [ -45.001553315609506, -21.212188298499495 ], [ -45.001283821024266, -21.212188298499495 ], [ -45.001283821024266, -21.213266276840432 ], [ -45.001822810194739, -21.213266276840447 ], [ -45.001822810194739, -21.214074760596148 ], [ -45.002631293950451, -21.214074760596141 ] ] ] } },
{ "type": "Feature", "properties": { "anos_com_queima": 3, "area_ha": 0.083420115061337882, "inicio": 2021.0, "fim": 2025.0, "tipo": "recurrence", "id_feicao": "recurrence_2021_2025_314" }, "geometry": { "type": "Polygon", "coordinates": [ [ [ -44.991043026785299, -21.211918803914255 ], [ -44.991043026785299, -21.212188298499495 ], [ -44.991312521370538, -21.212188298499491 ], [ -44.991312521370538, -21.211918803914266 ], [ -44.991043026785299, -21.211918803914255 ] ] ] } },
{ "type": "Feature", "properties": { "anos_com_queima": 4, "area_ha": 0.75074889099150899, "inicio": 2021.0, "fim": 2025.0, "tipo": "recurrence", "id_feicao": "recurrence_2021_2025_315" }, "geometry": { "type": "Polygon", "coordinates": [ [ [ -45.003709272291395, -21.218925663130392 ], [ -45.004517756047093, -21.218925663130388 ], [ -45.004517756047093, -21.218117179374687 ], [ -45.003709272291395, -21.21811717937468 ], [ -45.003709272291395, -21.218925663130392 ] ] ] } },
{ "type": "Feature", "properties": { "anos_com_queima": 4, "area_ha": 0.50050997319204993, "inicio": 2021.0, "fim": 2025.0, "tipo": "recurrence", "id_feicao": "recurrence_2021_2025_316" }, "geometry": { "type": "Polygon", "coordinates": [ [ [ -44.995354940149078, -21.215691728107565 ], [ -44.995354940149078, -21.214883244351849 ], [ -44.994815950978605, -21.214883244351864 ], [ -44.994815950978605, -21.215691728107561 ], [ -44.995354940149078, -21.215691728107565 ] ] ] } },
{ "type": "Feature", "properties": { "anos_com_queima": 4, "area_ha": 2.5025925527044048, "inicio": 2021.0, "fim": 2025.0, "tipo": "recurrence", "id_feicao": "recurrence_2021_2025_317" }, "geometry": { "type": "Polygon", "coordinates": [ [ [ -44.990504037614834, -21.21299678225521 ], [ -44.990504037614834, -21.213535771425679 ], [ -44.991851510541011, -21.213535771425676 ], [ -44.991851510541011, -21.212457793084731 ], [ -44.991582015955771, -21.212457793084731 ], [ -44.991582015955771, -21.212188298499495 ], [ -44.991043026785299, -21.212188298499495 ], [ -44.991043026785299, -21.211918803914255 ], [ -44.990234543029594, -21.211918803914262 ], [ -44.990234543029594, -21.212996782255214 ], [ -44.990504037614834, -21.21299678225521 ] ] ] } }
]
}
