{
"type": "FeatureCollection",
"name": "recurrence_2011_2025",
"crs": { "type": "name", "properties": { "name": "urn:ogc:def:crs:OGC:1.3:CRS84" } },
"features": [
{ "type": "Feature", "properties": { "anos_com_queima": 1, "area_ha": 6.8297716192997058, "inicio": 2011.0, "fim": 2025.0, "tipo": "recurrence", "id_feicao": "recurrence_2011_2025_1" }, "geometry": { "type": "Polygon", "coordinates": [ [ [ -45.121208911454218, -21.357176385356389 ], [ -45.121478406039458, -21.357176385356393 ], [ -45.121478406039458, -21.35690689077115 ], [ -45.12174790062469, -21.35690689077115 ], [ -45.12174790062469, -21.356637396185917 ], [ -45.122220041978913, -21.356637396279879 ], [ -45.122286889792136, -21.356529007357757 ], [ -45.122286889795163, -21.355020428674504 ], [ -45.12013093311328, -21.355020428674504 ], [ -45.12013093311328, -21.355559417844965 ], [ -45.119322449357568, -21.355559417844965 ], [ -45.119322449357568, -21.355828912430205 ], [ -45.119052954772336, -21.355828912430216 ], [ -45.119052954772336, -21.35690689077115 ], [ -45.12013093311328, -21.35690689077115 ], [ -45.12013093311328, -21.357445879941626 ], [ -45.121208911454218, -21.357445879941622 ], [ -45.121208911454218, -21.357176385356389 ] ] ] } },
{ "type": "Feature", "properties": { "anos_com_queima": 1, "area_ha": 0.81389851376045497, "inicio": 2011.0, "fim": 2025.0, "tipo": "recurrence", "id_feicao": "recurrence_2011_2025_2" }, "geometry": { "type": "Polygon", "coordinates": [ [ [ -45.131719200278418, -21.349630536969784 ], [ -45.131719200278418, -21.348283064043603 ], [ -45.131449705693186, -21.348283064043603 ], [ -45.131449705693186, -21.348013569458377 ], [ -45.131142300111421, -21.34801356967025 ], [ -45.131145, -21.348035 ], [ -45.131164, -21.348288 ], [ -45.131194999999899, -21.348565 ], [ -45.13125, -21.348911 ], [ -45.131293, -21.349222999999892 ], [ -45.131312, -21.349488 ], [ -45.131351886912526, -21.349630537157459 ], [ -45.131719200278418, -21.349630536969784 ] ] ] } },
{ "type": "Feature", "properties": { "anos_com_queima": 1, "area_ha": 1.666897537373379, "inicio": 2011.0, "fim": 2025.0, "tipo": "recurrence", "id_feicao": "recurrence_2011_2025_3" }, "geometry": { "type": "Polygon", "coordinates": [ [ [ -45.12201739520993, -21.349091547799311 ], [ -45.123364868136107, -21.349091547799322 ], [ -45.123364868136107, -21.348013569458377 ], [ -45.12201739520993, -21.34801356945837 ], [ -45.12201739520993, -21.349091547799311 ] ] ] } },
{ "type": "Feature", "properties": { "anos_com_queima": 1, "area_ha": 11.418104675165937, "inicio": 2011.0, "fim": 2025.0, "tipo": "recurrence", "id_feicao": "recurrence_2011_2025_4" }, "geometry": { "type": "Polygon", "coordinates": [ [ [ -45.13441414613078, -21.347205085702658 ], [ -45.135222629886485, -21.347205085702669 ], [ -45.135222629886485, -21.346396601946957 ], [ -45.13630060822743, -21.346396601946953 ], [ -45.13630060822743, -21.345318623606008 ], [ -45.134953135301252, -21.345318623606012 ], [ -45.134953135301252, -21.345049129020776 ], [ -45.133875156960308, -21.345049129020776 ], [ -45.133875156960308, -21.345318623606005 ], [ -45.132527684034123, -21.345318623606005 ], [ -45.132527684034123, -21.346666096532186 ], [ -45.132258189448891, -21.346666096532186 ], [ -45.132258189448891, -21.348552558628842 ], [ -45.132527684034123, -21.348552558628835 ], [ -45.132527684034123, -21.349361042384547 ], [ -45.133605662375068, -21.349361042384551 ], [ -45.133605662374762, -21.349281873851929 ], [ -45.133491, -21.349274 ], [ -45.133233, -21.349235 ], [ -45.133127, -21.349014 ], [ -45.133206, -21.348796999999891 ], [ -45.13332, -21.348591999999897 ], [ -45.133495, -21.348445 ], [ -45.13373, -21.348381 ], [ -45.133986999999898, -21.348443 ], [ -45.134186, -21.348319999999898 ], [ -45.134227, -21.34809 ], [ -45.134391, -21.347919999999899 ], [ -45.134414146121557, -21.347903414033524 ], [ -45.13441414613078, -21.347205085702658 ] ] ] } },
{ "type": "Feature", "properties": { "anos_com_queima": 1, "area_ha": 4.0006911729303818, "inicio": 2011.0, "fim": 2025.0, "tipo": "recurrence", "id_feicao": "recurrence_2011_2025_5" }, "geometry": { "type": "Polygon", "coordinates": [ [ [ -45.127676781499879, -21.342354183168425 ], [ -45.127676781499879, -21.344240645265067 ], [ -45.128215770670352, -21.344240645265064 ], [ -45.128215770670352, -21.344510139850307 ], [ -45.129563243596529, -21.344510139850303 ], [ -45.129563243596529, -21.343432161509348 ], [ -45.129293749011296, -21.343432161509355 ], [ -45.129293749011296, -21.342893172338883 ], [ -45.129024254426071, -21.342893172338893 ], [ -45.129024254426071, -21.342354183168425 ], [ -45.127676781499879, -21.342354183168425 ] ] ] } },
{ "type": "Feature", "properties": { "anos_com_queima": 1, "area_ha": 0.42689592819977551, "inicio": 2011.0, "fim": 2025.0, "tipo": "recurrence", "id_feicao": "recurrence_2011_2025_6" }, "geometry": { "type": "Polygon", "coordinates": [ [ [ -45.167022990944318, -21.334808334781808 ], [ -45.166552130729229, -21.334808334877241 ], [ -45.166562, -21.334822 ], [ -45.166717999999896, -21.334986 ], [ -45.166750456899102, -21.33507782936945 ], [ -45.166753496359078, -21.335077829367044 ], [ -45.166753496358908, -21.335086428819171 ], [ -45.1668, -21.335217999999898 ], [ -45.166832, -21.33546 ], [ -45.166913, -21.335703 ], [ -45.167080999999897, -21.335879 ], [ -45.167292485526367, -21.335945545030636 ], [ -45.167292485529551, -21.335347323952277 ], [ -45.167022990944318, -21.335347323952284 ], [ -45.167022990944318, -21.334808334781808 ] ] ] } },
{ "type": "Feature", "properties": { "anos_com_queima": 1, "area_ha": 0.015044048943184316, "inicio": 2011.0, "fim": 2025.0, "tipo": "recurrence", "id_feicao": "recurrence_2011_2025_7" }, "geometry": { "type": "Polygon", "coordinates": [ [ [ -45.166484001773846, -21.334538840196572 ], [ -45.166309851509823, -21.334538840245965 ], [ -45.166419, -21.334624 ], [ -45.166484001773426, -21.33471400253762 ], [ -45.166484001773846, -21.334538840196572 ] ] ] } },
{ "type": "Feature", "properties": { "anos_com_queima": 1, "area_ha": 1.6670575809471764, "inicio": 2011.0, "fim": 2025.0, "tipo": "recurrence", "id_feicao": "recurrence_2011_2025_8" }, "geometry": { "type": "Polygon", "coordinates": [ [ [ -45.122825878965635, -21.334808334781812 ], [ -45.122825878965635, -21.333460861855638 ], [ -45.12174790062469, -21.333460861855635 ], [ -45.12174790062469, -21.334808334781812 ], [ -45.122825878965635, -21.334808334781812 ] ] ] } },
{ "type": "Feature", "properties": { "anos_com_queima": 1, "area_ha": 4.6677877009093764, "inicio": 2011.0, "fim": 2025.0, "tipo": "recurrence", "id_feicao": "recurrence_2011_2025_9" }, "geometry": { "type": "Polygon", "coordinates": [ [ [ -45.129563243596529, -21.332382883514683 ], [ -45.127946276085126, -21.332382883514697 ], [ -45.127946276085126, -21.332652378099919 ], [ -45.127137792329407, -21.332652378099922 ], [ -45.127137792329407, -21.333999851026107 ], [ -45.127946276085126, -21.333999851026103 ], [ -45.127946276085126, -21.334269345611336 ], [ -45.129293749011296, -21.334269345611336 ], [ -45.129293749011296, -21.3339998510261 ], [ -45.129563243596529, -21.333999851026107 ], [ -45.129563243596529, -21.332382883514683 ] ] ] } },
{ "type": "Feature", "properties": { "anos_com_queima": 1, "area_ha": 2.0005094299081585, "inicio": 2011.0, "fim": 2025.0, "tipo": "recurrence", "id_feicao": "recurrence_2011_2025_10" }, "geometry": { "type": "Polygon", "coordinates": [ [ [ -45.131988694863658, -21.331574399758978 ], [ -45.131988694863658, -21.330496421418044 ], [ -45.130641221937474, -21.330496421418033 ], [ -45.130641221937474, -21.33184389434421 ], [ -45.131719200278418, -21.33184389434421 ], [ -45.131719200278418, -21.331574399758978 ], [ -45.131988694863658, -21.331574399758978 ] ] ] } },
{ "type": "Feature", "properties": { "anos_com_queima": 1, "area_ha": 4.1677737929990499, "inicio": 2011.0, "fim": 2025.0, "tipo": "recurrence", "id_feicao": "recurrence_2011_2025_11" }, "geometry": { "type": "Polygon", "coordinates": [ [ [ -45.145463424125445, -21.330496421418044 ], [ -45.145463424125445, -21.329418443077095 ], [ -45.145193929540213, -21.329418443077088 ], [ -45.145193929540213, -21.329148948491859 ], [ -45.144924434954973, -21.329148948491859 ], [ -45.144924434954973, -21.32887945390662 ], [ -45.144385445784508, -21.328879453906623 ], [ -45.144385445784508, -21.32860995932138 ], [ -45.143307467443563, -21.328609959321383 ], [ -45.143307467443563, -21.329957432247564 ], [ -45.143576962028796, -21.329957432247554 ], [ -45.143576962028796, -21.3302269268328 ], [ -45.143846456614035, -21.330226926832793 ], [ -45.143846456614035, -21.330496421418044 ], [ -45.144115951199268, -21.33049642141804 ], [ -45.144115951199268, -21.330765916003276 ], [ -45.145193929540213, -21.330765916003273 ], [ -45.145193929540213, -21.330496421418044 ], [ -45.145463424125445, -21.330496421418044 ] ] ] } },
{ "type": "Feature", "properties": { "anos_com_queima": 1, "area_ha": 0.10265506818255653, "inicio": 2011.0, "fim": 2025.0, "tipo": "recurrence", "id_feicao": "recurrence_2011_2025_12" }, "geometry": { "type": "Polygon", "coordinates": [ [ [ -45.171065409722857, -21.329148948491852 ], [ -45.171065409721123, -21.329493609479691 ], [ -45.171067999999899, -21.329493 ], [ -45.171279, -21.329358 ], [ -45.171479, -21.329211999999892 ], [ -45.171573778113704, -21.329148948538144 ], [ -45.171065409722857, -21.329148948491852 ] ] ] } },
{ "type": "Feature", "properties": { "anos_com_queima": 1, "area_ha": 9.5859043553756553, "inicio": 2011.0, "fim": 2025.0, "tipo": "recurrence", "id_feicao": "recurrence_2011_2025_13" }, "geometry": { "type": "Polygon", "coordinates": [ [ [ -45.151931294171106, -21.330496421418033 ], [ -45.152470283341579, -21.330496421418044 ], [ -45.152470283341579, -21.33076591600328 ], [ -45.154087250852996, -21.330765916003273 ], [ -45.154087250852996, -21.329957432247568 ], [ -45.154356745438228, -21.329957432247557 ], [ -45.154356745438228, -21.329687937662332 ], [ -45.154626240023468, -21.329687937662335 ], [ -45.154626240023468, -21.328340464736147 ], [ -45.154356745438228, -21.328340464736147 ], [ -45.154356745438228, -21.328070970150918 ], [ -45.151931294171106, -21.328070970150918 ], [ -45.151931294171106, -21.328340464736154 ], [ -45.150853315830162, -21.32834046473614 ], [ -45.150853315830162, -21.329687937662332 ], [ -45.151122810415401, -21.329687937662335 ], [ -45.151122810415401, -21.329957432247568 ], [ -45.151392305000634, -21.329957432247568 ], [ -45.151392305000634, -21.330226926832804 ], [ -45.151931294171106, -21.3302269268328 ], [ -45.151931294171106, -21.330496421418033 ] ] ] } },
{ "type": "Feature", "properties": { "anos_com_queima": 1, "area_ha": 7.8353967641197144, "inicio": 2011.0, "fim": 2025.0, "tipo": "recurrence", "id_feicao": "recurrence_2011_2025_14" }, "geometry": { "type": "Polygon", "coordinates": [ [ [ -45.168639958455735, -21.32887945390662 ], [ -45.170795915137617, -21.328879453906627 ], [ -45.170795915137617, -21.329148948491856 ], [ -45.171065409722857, -21.329148948491852 ], [ -45.171065409722857, -21.328070970150918 ], [ -45.17133490430809, -21.328070970150915 ], [ -45.17133490430809, -21.327801475565686 ], [ -45.172143388063802, -21.327801475565675 ], [ -45.172143388063802, -21.327531980980446 ], [ -45.171065409722857, -21.327531980980439 ], [ -45.171065409722857, -21.327801475565675 ], [ -45.170256925967145, -21.327801475565675 ], [ -45.170256925967145, -21.328340464736147 ], [ -45.164597539677196, -21.328340464736144 ], [ -45.164597539677196, -21.329418443077088 ], [ -45.16756198011479, -21.329418443077092 ], [ -45.16756198011479, -21.329687937662335 ], [ -45.168639958455735, -21.329687937662325 ], [ -45.168639958455735, -21.32887945390662 ] ] ] } },
{ "type": "Feature", "properties": { "anos_com_queima": 1, "area_ha": 14.670672629629436, "inicio": 2011.0, "fim": 2025.0, "tipo": "recurrence", "id_feicao": "recurrence_2011_2025_15" }, "geometry": { "type": "Polygon", "coordinates": [ [ [ -45.131180211107946, -21.329687937662332 ], [ -45.131180211107946, -21.329957432247568 ], [ -45.131719200278418, -21.329957432247568 ], [ -45.131719200278418, -21.3302269268328 ], [ -45.131988694863658, -21.330226926832797 ], [ -45.131988694863658, -21.330496421418044 ], [ -45.133336167789835, -21.330496421418037 ], [ -45.133336167789835, -21.329418443077095 ], [ -45.133605662375068, -21.329418443077099 ], [ -45.133605662375068, -21.329148948491863 ], [ -45.133875156960308, -21.329148948491863 ], [ -45.133875156960308, -21.326992991809973 ], [ -45.132527684034123, -21.326992991809973 ], [ -45.132527684034123, -21.326723497224737 ], [ -45.131449705693186, -21.326723497224734 ], [ -45.131449705693186, -21.326454002639508 ], [ -45.130910716522713, -21.326454002639501 ], [ -45.130910716522713, -21.327801475565678 ], [ -45.129563243596529, -21.327801475565678 ], [ -45.129563243596529, -21.327531980980439 ], [ -45.128754759840824, -21.327531980980442 ], [ -45.128754759840824, -21.328879453906612 ], [ -45.129024254426071, -21.328879453906623 ], [ -45.129024254426071, -21.329148948491852 ], [ -45.130910716522713, -21.329148948491852 ], [ -45.130910716522713, -21.329687937662332 ], [ -45.131180211107946, -21.329687937662332 ] ] ] } },
{ "type": "Feature", "properties": { "anos_com_queima": 1, "area_ha": 1.3337099606725686, "inicio": 2011.0, "fim": 2025.0, "tipo": "recurrence", "id_feicao": "recurrence_2011_2025_16" }, "geometry": { "type": "Polygon", "coordinates": [ [ [ -45.152470283341579, -21.327801475565682 ], [ -45.152470283341579, -21.326723497224737 ], [ -45.151392305000634, -21.326723497224741 ], [ -45.151392305000634, -21.327801475565682 ], [ -45.152470283341579, -21.327801475565682 ] ] ] } },
{ "type": "Feature", "properties": { "anos_com_queima": 1, "area_ha": 0.41678486963566391, "inicio": 2011.0, "fim": 2025.0, "tipo": "recurrence", "id_feicao": "recurrence_2011_2025_17" }, "geometry": { "type": "Polygon", "coordinates": [ [ [ -45.129563243596529, -21.326992991809973 ], [ -45.129832738181769, -21.326992991809973 ], [ -45.129832738181769, -21.326454002639508 ], [ -45.129293749011296, -21.326454002639498 ], [ -45.129293749011296, -21.327262486395213 ], [ -45.129563243596529, -21.32726248639521 ], [ -45.129563243596529, -21.326992991809973 ] ] ] } },
{ "type": "Feature", "properties": { "anos_com_queima": 1, "area_ha": 0.66685868579346641, "inicio": 2011.0, "fim": 2025.0, "tipo": "recurrence", "id_feicao": "recurrence_2011_2025_18" }, "geometry": { "type": "Polygon", "coordinates": [ [ [ -45.130910716522713, -21.326454002639501 ], [ -45.130910716522713, -21.325915013469025 ], [ -45.129832738181769, -21.325915013469025 ], [ -45.129832738181769, -21.326454002639508 ], [ -45.130910716522713, -21.326454002639501 ] ] ] } },
{ "type": "Feature", "properties": { "anos_com_queima": 1, "area_ha": 1.3337238704744054, "inicio": 2011.0, "fim": 2025.0, "tipo": "recurrence", "id_feicao": "recurrence_2011_2025_19" }, "geometry": { "type": "Polygon", "coordinates": [ [ [ -45.123364868136107, -21.325915013469029 ], [ -45.123364868136107, -21.324837035128091 ], [ -45.122286889795163, -21.324837035128088 ], [ -45.122286889795163, -21.325915013469029 ], [ -45.123364868136107, -21.325915013469029 ] ] ] } },
{ "type": "Feature", "properties": { "anos_com_queima": 1, "area_ha": 2.5841106993415393, "inicio": 2011.0, "fim": 2025.0, "tipo": "recurrence", "id_feicao": "recurrence_2011_2025_20" }, "geometry": { "type": "Polygon", "coordinates": [ [ [ -45.157590680461063, -21.323759056787146 ], [ -45.156512702120118, -21.323759056787143 ], [ -45.156512702120118, -21.324837035128084 ], [ -45.15678219670535, -21.324837035128091 ], [ -45.15678219670535, -21.32510652971332 ], [ -45.15705169129059, -21.32510652971332 ], [ -45.15705169129059, -21.325376024298556 ], [ -45.158129669631535, -21.32537602429856 ], [ -45.158129669631535, -21.324028551372386 ], [ -45.157590680461063, -21.324028551372376 ], [ -45.157590680461063, -21.323759056787146 ] ] ] } },
{ "type": "Feature", "properties": { "anos_com_queima": 1, "area_ha": 1.0836601657578455, "inicio": 2011.0, "fim": 2025.0, "tipo": "recurrence", "id_feicao": "recurrence_2011_2025_21" }, "geometry": { "type": "Polygon", "coordinates": [ [ [ -45.126598803158934, -21.324567540542848 ], [ -45.126598803158934, -21.32483703512808 ], [ -45.127676781499879, -21.324837035128084 ], [ -45.127676781499879, -21.323489562201914 ], [ -45.127407286914654, -21.3234895622019 ], [ -45.127407286914654, -21.323220067616667 ], [ -45.127137792329407, -21.323220067616671 ], [ -45.127137792329407, -21.324567540542851 ], [ -45.126598803158934, -21.324567540542848 ] ] ] } },
{ "type": "Feature", "properties": { "anos_com_queima": 1, "area_ha": 1.6218558883748029, "inicio": 2011.0, "fim": 2025.0, "tipo": "recurrence", "id_feicao": "recurrence_2011_2025_22" }, "geometry": { "type": "Polygon", "coordinates": [ [ [ -45.166753496359078, -21.323220067616674 ], [ -45.166753496359078, -21.324837035128091 ], [ -45.167022990944318, -21.324837035128095 ], [ -45.167022990944318, -21.324028551372379 ], [ -45.167864998228566, -21.324028551963163 ], [ -45.168, -21.323856 ], [ -45.168042, -21.323626 ], [ -45.168047, -21.323362 ], [ -45.168002999999899, -21.323131 ], [ -45.167845999999898, -21.322955 ], [ -45.167841750509503, -21.322950573454772 ], [ -45.167292485529551, -21.322950573031424 ], [ -45.167292485529551, -21.323220067616667 ], [ -45.166753496359078, -21.323220067616674 ] ] ] } },
{ "type": "Feature", "properties": { "anos_com_queima": 1, "area_ha": 1.5838182642441243, "inicio": 2011.0, "fim": 2025.0, "tipo": "recurrence", "id_feicao": "recurrence_2011_2025_23" }, "geometry": { "type": "Polygon", "coordinates": [ [ [ -45.127137792329407, -21.322681078446195 ], [ -45.125790319403237, -21.322681078446195 ], [ -45.125790319403237, -21.322950573031427 ], [ -45.125520824817997, -21.322950573031431 ], [ -45.125520824817997, -21.324567540542855 ], [ -45.126598803158934, -21.324567540542848 ], [ -45.126598803158934, -21.324298045957612 ], [ -45.125790319403237, -21.324298045957612 ], [ -45.125790319403237, -21.323220067616667 ], [ -45.127137792329407, -21.323220067616671 ], [ -45.127137792329407, -21.322681078446195 ] ] ] } },
{ "type": "Feature", "properties": { "anos_com_queima": 1, "area_ha": 1.6671923594161868, "inicio": 2011.0, "fim": 2025.0, "tipo": "recurrence", "id_feicao": "recurrence_2011_2025_24" }, "geometry": { "type": "Polygon", "coordinates": [ [ [ -45.123634362721347, -21.322681078446202 ], [ -45.124712341062292, -21.322681078446202 ], [ -45.124712341062292, -21.32133360552001 ], [ -45.123634362721347, -21.321333605520024 ], [ -45.123634362721347, -21.322681078446202 ] ] ] } },
{ "type": "Feature", "properties": { "anos_com_queima": 1, "area_ha": 4.9183006451188582, "inicio": 2011.0, "fim": 2025.0, "tipo": "recurrence", "id_feicao": "recurrence_2011_2025_25" }, "geometry": { "type": "Polygon", "coordinates": [ [ [ -45.147619380807335, -21.320794616349552 ], [ -45.148966853733512, -21.320794616349549 ], [ -45.148966853733512, -21.319716638008607 ], [ -45.148697359148279, -21.319716638008597 ], [ -45.148697359148279, -21.318638659667663 ], [ -45.147080391636862, -21.318638659667656 ], [ -45.147080391636862, -21.318908154252895 ], [ -45.14654140246639, -21.318908154252895 ], [ -45.14654140246639, -21.319986132593844 ], [ -45.14681089705163, -21.319986132593833 ], [ -45.14681089705163, -21.320255627179083 ], [ -45.147080391636862, -21.320255627179076 ], [ -45.147080391636862, -21.320525121764316 ], [ -45.147619380807335, -21.320525121764319 ], [ -45.147619380807335, -21.320794616349552 ] ] ] } },
{ "type": "Feature", "properties": { "anos_com_queima": 1, "area_ha": 8.4197840219657909, "inicio": 2011.0, "fim": 2025.0, "tipo": "recurrence", "id_feicao": "recurrence_2011_2025_26" }, "geometry": { "type": "Polygon", "coordinates": [ [ [ -45.141690499932146, -21.315404724644836 ], [ -45.141690499932146, -21.315674219230075 ], [ -45.143037972858323, -21.315674219230068 ], [ -45.143037972858323, -21.314865735474356 ], [ -45.143307467443563, -21.314865735474353 ], [ -45.143307467443563, -21.314057251718644 ], [ -45.143846456614035, -21.314057251718651 ], [ -45.143846456614035, -21.313787757133415 ], [ -45.144115951199268, -21.313787757133412 ], [ -45.144115951199268, -21.312170789622005 ], [ -45.143037972858323, -21.312170789622009 ], [ -45.143037972858323, -21.31270977879247 ], [ -45.142498983687851, -21.312709778792474 ], [ -45.142498983687851, -21.312979273377714 ], [ -45.141421005346913, -21.312979273377703 ], [ -45.141421005346913, -21.313518262548182 ], [ -45.140882016176441, -21.313518262548179 ], [ -45.140882016176441, -21.314865735474356 ], [ -45.141421005346913, -21.314865735474363 ], [ -45.141421005346913, -21.315404724644843 ], [ -45.141690499932146, -21.315404724644836 ] ] ] } },
{ "type": "Feature", "properties": { "anos_com_queima": 1, "area_ha": 4.751789273567506, "inicio": 2011.0, "fim": 2025.0, "tipo": "recurrence", "id_feicao": "recurrence_2011_2025_27" }, "geometry": { "type": "Polygon", "coordinates": [ [ [ -45.144385445784508, -21.311901295036758 ], [ -45.144385445784508, -21.313248767962939 ], [ -45.14465494036974, -21.313248767962943 ], [ -45.14465494036974, -21.313518262548172 ], [ -45.145732918710685, -21.313518262548179 ], [ -45.145732918710685, -21.313248767962943 ], [ -45.14681089705163, -21.313248767962943 ], [ -45.14681089705163, -21.312979273377707 ], [ -45.147349886222102, -21.312979273377707 ], [ -45.147349886222102, -21.311901295036758 ], [ -45.144385445784508, -21.311901295036758 ] ] ] } },
{ "type": "Feature", "properties": { "anos_com_queima": 1, "area_ha": 8.5032527081397298, "inicio": 2011.0, "fim": 2025.0, "tipo": "recurrence", "id_feicao": "recurrence_2011_2025_28" }, "geometry": { "type": "Polygon", "coordinates": [ [ [ -45.12174790062469, -21.313248767962943 ], [ -45.12174790062469, -21.312979273377714 ], [ -45.121208911454218, -21.31297927337771 ], [ -45.121208911454218, -21.314057251718651 ], [ -45.124712341062292, -21.314057251718648 ], [ -45.124712341062292, -21.31270977879247 ], [ -45.124442846477052, -21.312709778792474 ], [ -45.124442846477052, -21.312440284207238 ], [ -45.12417335189182, -21.312440284207227 ], [ -45.12417335189182, -21.312170789622002 ], [ -45.12390385730658, -21.312170789621995 ], [ -45.12390385730658, -21.311901295036758 ], [ -45.123634362721347, -21.311901295036755 ], [ -45.123634362721347, -21.310284327525341 ], [ -45.123364868136107, -21.310284327525345 ], [ -45.123364868136107, -21.31109281128105 ], [ -45.123095373550875, -21.311092811281057 ], [ -45.123095373550875, -21.31136230586629 ], [ -45.12201739520993, -21.311362305866297 ], [ -45.12201739520993, -21.311092811281046 ], [ -45.12174790062469, -21.311092811281053 ], [ -45.12174790062469, -21.309745338354883 ], [ -45.122825878965635, -21.309745338354876 ], [ -45.122825878965635, -21.309475843769629 ], [ -45.121478406039458, -21.309475843769636 ], [ -45.121478406039458, -21.310014832940109 ], [ -45.121208911454218, -21.310014832940112 ], [ -45.121208911454218, -21.31136230586629 ], [ -45.120939416868985, -21.31136230586629 ], [ -45.120939416868985, -21.312440284207241 ], [ -45.12174790062469, -21.312440284207245 ], [ -45.12174790062469, -21.311901295036769 ], [ -45.122825878965635, -21.311901295036765 ], [ -45.122825878965635, -21.313248767962932 ], [ -45.12174790062469, -21.313248767962943 ] ], [ [ -45.12417335189182, -21.313518262548179 ], [ -45.123095373550875, -21.313518262548172 ], [ -45.123095373550875, -21.312440284207241 ], [ -45.12417335189182, -21.312440284207227 ], [ -45.12417335189182, -21.313518262548179 ] ] ] } },
{ "type": "Feature", "properties": { "anos_com_queima": 1, "area_ha": 5.4188277119460295, "inicio": 2011.0, "fim": 2025.0, "tipo": "recurrence", "id_feicao": "recurrence_2011_2025_29" }, "geometry": { "type": "Polygon", "coordinates": [ [ [ -45.143576962028796, -21.310014832940116 ], [ -45.143576962028796, -21.308128370843466 ], [ -45.141421005346913, -21.30812837084347 ], [ -45.141421005346913, -21.3092063491844 ], [ -45.142229489102618, -21.309206349184404 ], [ -45.142229489102618, -21.30947584376964 ], [ -45.143037972858323, -21.30947584376964 ], [ -45.143037972858323, -21.31109281128106 ], [ -45.143307467443563, -21.31109281128106 ], [ -45.143307467443563, -21.31136230586629 ], [ -45.144385445784508, -21.311362305866286 ], [ -45.144385445784508, -21.310014832940105 ], [ -45.143576962028796, -21.310014832940116 ] ] ] } },
{ "type": "Feature", "properties": { "anos_com_queima": 1, "area_ha": 2.2509051759558618, "inicio": 2011.0, "fim": 2025.0, "tipo": "recurrence", "id_feicao": "recurrence_2011_2025_30" }, "geometry": { "type": "Polygon", "coordinates": [ [ [ -45.160016131728185, -21.30974533835488 ], [ -45.160016131728185, -21.310014832940112 ], [ -45.161094110069129, -21.310014832940112 ], [ -45.161094110069129, -21.308936854599168 ], [ -45.160824615483889, -21.308936854599164 ], [ -45.160824615483889, -21.308667360013931 ], [ -45.159477142557712, -21.308667360013935 ], [ -45.159477142557712, -21.30974533835488 ], [ -45.160016131728185, -21.30974533835488 ] ] ] } },
{ "type": "Feature", "properties": { "anos_com_queima": 1, "area_ha": 1.3338902284815908, "inicio": 2011.0, "fim": 2025.0, "tipo": "recurrence", "id_feicao": "recurrence_2011_2025_31" }, "geometry": { "type": "Polygon", "coordinates": [ [ [ -45.159746637142945, -21.307589381672987 ], [ -45.160824615483889, -21.307589381672997 ], [ -45.160824615483889, -21.306511403332042 ], [ -45.159746637142945, -21.306511403332042 ], [ -45.159746637142945, -21.307589381672987 ] ] ] } },
{ "type": "Feature", "properties": { "anos_com_queima": 1, "area_ha": 0.33347940449307106, "inicio": 2011.0, "fim": 2025.0, "tipo": "recurrence", "id_feicao": "recurrence_2011_2025_32" }, "geometry": { "type": "Polygon", "coordinates": [ [ [ -45.12390385730658, -21.304085952064924 ], [ -45.12390385730658, -21.303007973723986 ], [ -45.123634362721347, -21.303007973723979 ], [ -45.123634362721347, -21.30408595206492 ], [ -45.12390385730658, -21.304085952064924 ] ] ] } },
{ "type": "Feature", "properties": { "anos_com_queima": 1, "area_ha": 2.7512515817402625, "inicio": 2011.0, "fim": 2025.0, "tipo": "recurrence", "id_feicao": "recurrence_2011_2025_33" }, "geometry": { "type": "Polygon", "coordinates": [ [ [ -45.12201739520993, -21.300313027871628 ], [ -45.12201739520993, -21.300852017042104 ], [ -45.121208911454218, -21.300852017042097 ], [ -45.121208911454218, -21.301391006212572 ], [ -45.120669922283746, -21.301391006212565 ], [ -45.120669922283746, -21.301660500797801 ], [ -45.122556384380403, -21.301660500797805 ], [ -45.122556384380403, -21.301929995383038 ], [ -45.123095373550875, -21.301929995383038 ], [ -45.123095373550875, -21.300313027871621 ], [ -45.12201739520993, -21.300313027871628 ] ] ] } },
{ "type": "Feature", "properties": { "anos_com_queima": 1, "area_ha": 0.83375254404153676, "inicio": 2011.0, "fim": 2025.0, "tipo": "recurrence", "id_feicao": "recurrence_2011_2025_34" }, "geometry": { "type": "Polygon", "coordinates": [ [ [ -45.137648081153607, -21.29384515782596 ], [ -45.136839597397902, -21.29384515782596 ], [ -45.136839597397902, -21.293306168655487 ], [ -45.136570102812662, -21.293306168655494 ], [ -45.136570102812662, -21.294384146996432 ], [ -45.137648081153607, -21.294384146996432 ], [ -45.137648081153607, -21.29384515782596 ] ] ] } },
{ "type": "Feature", "properties": { "anos_com_queima": 1, "area_ha": 4.7524351035475325, "inicio": 2011.0, "fim": 2025.0, "tipo": "recurrence", "id_feicao": "recurrence_2011_2025_35" }, "geometry": { "type": "Polygon", "coordinates": [ [ [ -45.138456564909319, -21.293036674070258 ], [ -45.138456564909319, -21.29195869572931 ], [ -45.137917575738847, -21.291958695729299 ], [ -45.137917575738847, -21.291689201144074 ], [ -45.137648081153607, -21.291689201144074 ], [ -45.137648081153607, -21.291419706558845 ], [ -45.13630060822743, -21.291419706558848 ], [ -45.13630060822743, -21.291689201144081 ], [ -45.13603111364219, -21.291689201144074 ], [ -45.13603111364219, -21.293036674070255 ], [ -45.136839597397902, -21.293036674070251 ], [ -45.136839597397902, -21.293306168655487 ], [ -45.137648081153607, -21.293306168655494 ], [ -45.137648081153607, -21.29384515782596 ], [ -45.138187070324079, -21.29384515782596 ], [ -45.138187070324079, -21.293036674070251 ], [ -45.138456564909319, -21.293036674070258 ] ] ] } },
{ "type": "Feature", "properties": { "anos_com_queima": 1, "area_ha": 1.7509348995081375, "inicio": 2011.0, "fim": 2025.0, "tipo": "recurrence", "id_feicao": "recurrence_2011_2025_36" }, "geometry": { "type": "Polygon", "coordinates": [ [ [ -45.144924434954973, -21.289533244462184 ], [ -45.144924434954973, -21.290072233632653 ], [ -45.14681089705163, -21.29007223363266 ], [ -45.14681089705163, -21.288994255291712 ], [ -45.146271907881157, -21.288994255291719 ], [ -45.146271907881157, -21.288724760706483 ], [ -45.146002413295918, -21.28872476070649 ], [ -45.146002413295918, -21.289533244462191 ], [ -45.144924434954973, -21.289533244462184 ] ] ] } },
{ "type": "Feature", "properties": { "anos_com_queima": 1, "area_ha": 2.0010736767757682, "inicio": 2011.0, "fim": 2025.0, "tipo": "recurrence", "id_feicao": "recurrence_2011_2025_37" }, "geometry": { "type": "Polygon", "coordinates": [ [ [ -45.148697359148279, -21.289533244462184 ], [ -45.150314326659696, -21.289533244462181 ], [ -45.150314326659696, -21.28845526612125 ], [ -45.148697359148279, -21.288455266121243 ], [ -45.148697359148279, -21.289533244462184 ] ] ] } },
{ "type": "Feature", "properties": { "anos_com_queima": 1, "area_ha": 0.33351306923233531, "inicio": 2011.0, "fim": 2025.0, "tipo": "recurrence", "id_feicao": "recurrence_2011_2025_38" }, "geometry": { "type": "Polygon", "coordinates": [ [ [ -45.146002413295918, -21.28872476070649 ], [ -45.146002413295918, -21.288455266121243 ], [ -45.144924434954973, -21.288455266121254 ], [ -45.144924434954973, -21.288724760706476 ], [ -45.146002413295918, -21.28872476070649 ] ] ] } },
{ "type": "Feature", "properties": { "anos_com_queima": 1, "area_ha": 25.515481175596779, "inicio": 2011.0, "fim": 2025.0, "tipo": "recurrence", "id_feicao": "recurrence_2011_2025_39" }, "geometry": { "type": "Polygon", "coordinates": [ [ [ -45.123364868136107, -21.27767548271181 ], [ -45.123364868136107, -21.277944977297047 ], [ -45.12417335189182, -21.277944977297047 ], [ -45.12417335189182, -21.278214471882286 ], [ -45.126598803158934, -21.278214471882283 ], [ -45.126598803158934, -21.279022955637991 ], [ -45.127137792329407, -21.279022955637991 ], [ -45.127137792329407, -21.279292450223235 ], [ -45.127407286914654, -21.279292450223227 ], [ -45.127407286914654, -21.279561944808464 ], [ -45.127946276085126, -21.27956194480846 ], [ -45.127946276085126, -21.2798314393937 ], [ -45.128485265255598, -21.279831439393703 ], [ -45.128485265255598, -21.280100933978929 ], [ -45.129563243596529, -21.280100933978925 ], [ -45.129563243596529, -21.280370428564169 ], [ -45.132527684034123, -21.280370428564165 ], [ -45.132527684034123, -21.280639923149401 ], [ -45.132797178619363, -21.280639923149408 ], [ -45.132797178619363, -21.280909417734641 ], [ -45.133875156960308, -21.280909417734641 ], [ -45.133875156960308, -21.279831439393696 ], [ -45.133605662375068, -21.2798314393937 ], [ -45.133605662375068, -21.279022955637991 ], [ -45.132527684034123, -21.279022955637991 ], [ -45.132527684034123, -21.279292450223231 ], [ -45.130102232767001, -21.279292450223227 ], [ -45.130102232767001, -21.277675482711814 ], [ -45.127946276085126, -21.27767548271181 ], [ -45.127946276085126, -21.277136493541335 ], [ -45.127676781499879, -21.277136493541338 ], [ -45.127676781499879, -21.276597504370873 ], [ -45.127407286914654, -21.276597504370869 ], [ -45.127407286914654, -21.275250031444688 ], [ -45.126059813988469, -21.275250031444685 ], [ -45.126059813988469, -21.275789020615157 ], [ -45.125251330232764, -21.275789020615161 ], [ -45.125251330232764, -21.2760585152004 ], [ -45.124981835647525, -21.276058515200397 ], [ -45.124981835647525, -21.276328009785633 ], [ -45.124442846477052, -21.27632800978563 ], [ -45.124442846477052, -21.276597504370876 ], [ -45.122556384380403, -21.276597504370873 ], [ -45.122556384380403, -21.277675482711807 ], [ -45.123364868136107, -21.27767548271181 ] ] ] } },
{ "type": "Feature", "properties": { "anos_com_queima": 1, "area_ha": 15.509997248589247, "inicio": 2011.0, "fim": 2025.0, "tipo": "recurrence", "id_feicao": "recurrence_2011_2025_40" }, "geometry": { "type": "Polygon", "coordinates": [ [ [ -45.138726059494552, -21.273902558518504 ], [ -45.140882016176441, -21.2739025585185 ], [ -45.140882016176441, -21.273633063933271 ], [ -45.143037972858323, -21.273633063933271 ], [ -45.143037972858323, -21.272824580177573 ], [ -45.143307467443563, -21.272824580177559 ], [ -45.143307467443563, -21.271207612666142 ], [ -45.140073532420729, -21.271207612666149 ], [ -45.140073532420729, -21.271477107251375 ], [ -45.137648081153607, -21.271477107251389 ], [ -45.137648081153607, -21.271746601836622 ], [ -45.137378586568374, -21.271746601836629 ], [ -45.137378586568374, -21.272016096421851 ], [ -45.137109091983135, -21.272016096421851 ], [ -45.137109091983135, -21.273094074762803 ], [ -45.138726059494552, -21.273094074762799 ], [ -45.138726059494552, -21.273902558518504 ] ] ] } },
{ "type": "Feature", "properties": { "anos_com_queima": 1, "area_ha": 1.334242224717294, "inicio": 2011.0, "fim": 2025.0, "tipo": "recurrence", "id_feicao": "recurrence_2011_2025_41" }, "geometry": { "type": "Polygon", "coordinates": [ [ [ -45.122825878965635, -21.267434688472839 ], [ -45.122825878965635, -21.266356710131909 ], [ -45.12174790062469, -21.266356710131902 ], [ -45.12174790062469, -21.267434688472846 ], [ -45.122825878965635, -21.267434688472839 ] ] ] } },
{ "type": "Feature", "properties": { "anos_com_queima": 1, "area_ha": 1.3342757168628174, "inicio": 2011.0, "fim": 2025.0, "tipo": "recurrence", "id_feicao": "recurrence_2011_2025_42" }, "geometry": { "type": "Polygon", "coordinates": [ [ [ -45.12390385730658, -21.263661764279551 ], [ -45.12390385730658, -21.262583785938606 ], [ -45.122825878965635, -21.262583785938602 ], [ -45.122825878965635, -21.263661764279547 ], [ -45.12390385730658, -21.263661764279551 ] ] ] } },
{ "type": "Feature", "properties": { "anos_com_queima": 1, "area_ha": 4.9204144523844127, "inicio": 2011.0, "fim": 2025.0, "tipo": "recurrence", "id_feicao": "recurrence_2011_2025_43" }, "geometry": { "type": "Polygon", "coordinates": [ [ [ -45.134953135301252, -21.255846421307709 ], [ -45.135492124471725, -21.255846421307698 ], [ -45.135492124471725, -21.256385410478167 ], [ -45.136570102812662, -21.256385410478167 ], [ -45.136570102812662, -21.254229453796292 ], [ -45.13630060822743, -21.254229453796285 ], [ -45.13630060822743, -21.253420970040583 ], [ -45.134953135301252, -21.253420970040583 ], [ -45.134953135301252, -21.255846421307709 ] ] ] } },
{ "type": "Feature", "properties": { "anos_com_queima": 1, "area_ha": 19.850643043047622, "inicio": 2011.0, "fim": 2025.0, "tipo": "recurrence", "id_feicao": "recurrence_2011_2025_44" }, "geometry": { "type": "Polygon", "coordinates": [ [ [ -45.164867034262429, -21.238598767852608 ], [ -45.164867034262429, -21.240485229949265 ], [ -45.165406023432901, -21.240485229949265 ], [ -45.165406023432901, -21.240754724534497 ], [ -45.166484001773846, -21.240754724534497 ], [ -45.166484001773846, -21.241563208290195 ], [ -45.167831474700023, -21.241563208290199 ], [ -45.167831474700023, -21.241024219119733 ], [ -45.168100969285263, -21.241024219119737 ], [ -45.168100969285263, -21.240754724534497 ], [ -45.168370463870495, -21.240754724534497 ], [ -45.168370463870495, -21.238598767852608 ], [ -45.168639958455735, -21.238598767852611 ], [ -45.168639958455735, -21.238059778682146 ], [ -45.168909453040968, -21.238059778682143 ], [ -45.168909453040968, -21.23590382200025 ], [ -45.167831474700023, -21.235903822000253 ], [ -45.167831474700023, -21.236173316585486 ], [ -45.166484001773846, -21.236173316585482 ], [ -45.166484001773846, -21.236442811170729 ], [ -45.165675518018141, -21.236442811170718 ], [ -45.165675518018141, -21.236712305755958 ], [ -45.165406023432901, -21.236712305755958 ], [ -45.165406023432901, -21.236981800341191 ], [ -45.165136528847668, -21.236981800341198 ], [ -45.165136528847668, -21.238598767852608 ], [ -45.164867034262429, -21.238598767852608 ] ] ] } },
{ "type": "Feature", "properties": { "anos_com_queima": 1, "area_ha": 1.3344960599614468, "inicio": 2011.0, "fim": 2025.0, "tipo": "recurrence", "id_feicao": "recurrence_2011_2025_45" }, "geometry": { "type": "Polygon", "coordinates": [ [ [ -45.134953135301252, -21.238868262437848 ], [ -45.134953135301252, -21.237790284096899 ], [ -45.133875156960308, -21.237790284096903 ], [ -45.133875156960308, -21.238868262437851 ], [ -45.134953135301252, -21.238868262437848 ] ] ] } },
{ "type": "Feature", "properties": { "anos_com_queima": 1, "area_ha": 1.668134416533634, "inicio": 2011.0, "fim": 2025.0, "tipo": "recurrence", "id_feicao": "recurrence_2011_2025_46" }, "geometry": { "type": "Polygon", "coordinates": [ [ [ -45.152739777926818, -21.237790284096903 ], [ -45.154087250852996, -21.237790284096906 ], [ -45.154087250852996, -21.236712305755947 ], [ -45.152739777926818, -21.236712305755958 ], [ -45.152739777926818, -21.237790284096903 ] ] ] } },
{ "type": "Feature", "properties": { "anos_com_queima": 1, "area_ha": 1.3345092679038644, "inicio": 2011.0, "fim": 2025.0, "tipo": "recurrence", "id_feicao": "recurrence_2011_2025_47" }, "geometry": { "type": "Polygon", "coordinates": [ [ [ -45.14681089705163, -21.237520789511674 ], [ -45.147888875392567, -21.23752078951167 ], [ -45.147888875392567, -21.236442811170726 ], [ -45.14681089705163, -21.236442811170726 ], [ -45.14681089705163, -21.237520789511674 ] ] ] } },
{ "type": "Feature", "properties": { "anos_com_queima": 1, "area_ha": 1.3345264905206859, "inicio": 2011.0, "fim": 2025.0, "tipo": "recurrence", "id_feicao": "recurrence_2011_2025_48" }, "geometry": { "type": "Polygon", "coordinates": [ [ [ -45.151931294171106, -21.235634327415021 ], [ -45.153009272512051, -21.235634327415013 ], [ -45.153009272512051, -21.234556349074069 ], [ -45.151931294171106, -21.234556349074072 ], [ -45.151931294171106, -21.235634327415021 ] ] ] } },
{ "type": "Feature", "properties": { "anos_com_queima": 1, "area_ha": 40.119500621764921, "inicio": 2011.0, "fim": 2025.0, "tipo": "recurrence", "id_feicao": "recurrence_2011_2025_49" }, "geometry": { "type": "Polygon", "coordinates": [ [ [ -45.127676781499879, -21.233478370733124 ], [ -45.127137792329407, -21.233478370733135 ], [ -45.127137792329407, -21.235364832829784 ], [ -45.126868297744181, -21.235364832829784 ], [ -45.126868297744181, -21.236981800341194 ], [ -45.127137792329407, -21.236981800341198 ], [ -45.127137792329407, -21.23725129492643 ], [ -45.127676781499879, -21.237251294926427 ], [ -45.127676781499879, -21.23752078951167 ], [ -45.127946276085126, -21.237520789511674 ], [ -45.127946276085126, -21.237790284096906 ], [ -45.128215770670352, -21.23779028409691 ], [ -45.128215770670352, -21.238059778682143 ], [ -45.128485265255598, -21.238059778682139 ], [ -45.128485265255598, -21.238598767852608 ], [ -45.129563243596529, -21.238598767852608 ], [ -45.129563243596529, -21.236981800341191 ], [ -45.129832738181769, -21.236981800341191 ], [ -45.129832738181769, -21.235903822000246 ], [ -45.132527684034123, -21.23590382200025 ], [ -45.132527684034123, -21.235634327415021 ], [ -45.132797178619363, -21.235634327415017 ], [ -45.132797178619363, -21.235095338244548 ], [ -45.133066673204596, -21.235095338244545 ], [ -45.133066673204596, -21.233747865318367 ], [ -45.133605662375068, -21.23374786531836 ], [ -45.133605662375068, -21.233478370733128 ], [ -45.13414465154554, -21.233478370733128 ], [ -45.13414465154554, -21.231861403221714 ], [ -45.133875156960308, -21.231861403221714 ], [ -45.133875156960308, -21.230783424880777 ], [ -45.133605662375068, -21.230783424880773 ], [ -45.133605662375068, -21.23051393029554 ], [ -45.132797178619363, -21.23051393029554 ], [ -45.132797178619363, -21.230244435710304 ], [ -45.131180211107946, -21.230244435710301 ], [ -45.131180211107946, -21.23051393029554 ], [ -45.130102232767001, -21.230513930295533 ], [ -45.130102232767001, -21.231322414051249 ], [ -45.128485265255598, -21.231322414051249 ], [ -45.128485265255598, -21.231591908636481 ], [ -45.128215770670352, -21.231591908636481 ], [ -45.128215770670352, -21.231861403221714 ], [ -45.127946276085126, -21.231861403221718 ], [ -45.127946276085126, -21.232669886977419 ], [ -45.127676781499879, -21.232669886977423 ], [ -45.127676781499879, -21.233478370733124 ] ], [ [ -45.128215770670352, -21.236981800341198 ], [ -45.128215770670352, -21.23563432741501 ], [ -45.129563243596529, -21.235634327415013 ], [ -45.129563243596529, -21.236981800341191 ], [ -45.128215770670352, -21.236981800341198 ] ] ] } },
{ "type": "Feature", "properties": { "anos_com_queima": 1, "area_ha": 1.334532757209532, "inicio": 2011.0, "fim": 2025.0, "tipo": "recurrence", "id_feicao": "recurrence_2011_2025_50" }, "geometry": { "type": "Polygon", "coordinates": [ [ [ -45.14465494036974, -21.234825843659305 ], [ -45.14465494036974, -21.233747865318364 ], [ -45.143576962028796, -21.23374786531836 ], [ -45.143576962028796, -21.234825843659308 ], [ -45.14465494036974, -21.234825843659305 ] ] ] } },
{ "type": "Feature", "properties": { "anos_com_queima": 1, "area_ha": 2.8359026626916601, "inicio": 2011.0, "fim": 2025.0, "tipo": "recurrence", "id_feicao": "recurrence_2011_2025_51" }, "geometry": { "type": "Polygon", "coordinates": [ [ [ -45.14681089705163, -21.2340173599036 ], [ -45.148158369977807, -21.234017359903596 ], [ -45.148158369977807, -21.232400392392183 ], [ -45.14654140246639, -21.232400392392186 ], [ -45.14654140246639, -21.233478370733135 ], [ -45.14681089705163, -21.233478370733138 ], [ -45.14681089705163, -21.2340173599036 ] ] ] } },
{ "type": "Feature", "properties": { "anos_com_queima": 1, "area_ha": 1.5847748844210698, "inicio": 2011.0, "fim": 2025.0, "tipo": "recurrence", "id_feicao": "recurrence_2011_2025_52" }, "geometry": { "type": "Polygon", "coordinates": [ [ [ -45.135761619056957, -21.233208876147888 ], [ -45.135761619056957, -21.231861403221711 ], [ -45.134683640716013, -21.231861403221721 ], [ -45.134683640716013, -21.232939381562655 ], [ -45.134953135301252, -21.232939381562659 ], [ -45.134953135301252, -21.233208876147895 ], [ -45.135761619056957, -21.233208876147888 ] ] ] } },
{ "type": "Feature", "properties": { "anos_com_queima": 1, "area_ha": 1.3346006157426087, "inicio": 2011.0, "fim": 2025.0, "tipo": "recurrence", "id_feicao": "recurrence_2011_2025_53" }, "geometry": { "type": "Polygon", "coordinates": [ [ [ -45.132258189448891, -21.22701050068747 ], [ -45.132258189448891, -21.225932522346529 ], [ -45.131180211107946, -21.225932522346525 ], [ -45.131180211107946, -21.22701050068747 ], [ -45.132258189448891, -21.22701050068747 ] ] ] } },
{ "type": "Feature", "properties": { "anos_com_queima": 1, "area_ha": 1.3346691220086069, "inicio": 2011.0, "fim": 2025.0, "tipo": "recurrence", "id_feicao": "recurrence_2011_2025_54" }, "geometry": { "type": "Polygon", "coordinates": [ [ [ -45.125251330232764, -21.219195157715632 ], [ -45.126329308573709, -21.219195157715628 ], [ -45.126329308573709, -21.218117179374687 ], [ -45.125251330232764, -21.218117179374687 ], [ -45.125251330232764, -21.219195157715632 ] ] ] } },
{ "type": "Feature", "properties": { "anos_com_queima": 1, "area_ha": 4.6713913349407896, "inicio": 2011.0, "fim": 2025.0, "tipo": "recurrence", "id_feicao": "recurrence_2011_2025_55" }, "geometry": { "type": "Polygon", "coordinates": [ [ [ -45.147888875392567, -21.216500211863274 ], [ -45.147888875392567, -21.216230717278037 ], [ -45.14654140246639, -21.216230717278037 ], [ -45.14654140246639, -21.216500211863277 ], [ -45.146271907881157, -21.216500211863277 ], [ -45.146271907881157, -21.217847684789451 ], [ -45.14654140246639, -21.217847684789447 ], [ -45.14654140246639, -21.21811717937468 ], [ -45.147349886222102, -21.218117179374687 ], [ -45.147349886222102, -21.218386673959923 ], [ -45.14842786456304, -21.218386673959923 ], [ -45.14842786456304, -21.216500211863274 ], [ -45.147888875392567, -21.216500211863274 ] ] ] } },
{ "type": "Feature", "properties": { "anos_com_queima": 1, "area_ha": 3.67044939029886, "inicio": 2011.0, "fim": 2025.0, "tipo": "recurrence", "id_feicao": "recurrence_2011_2025_56" }, "geometry": { "type": "Polygon", "coordinates": [ [ [ -45.129024254426071, -21.214344255181384 ], [ -45.129024254426071, -21.21488324435186 ], [ -45.130641221937474, -21.214883244351856 ], [ -45.130641221937474, -21.213805266010919 ], [ -45.128485265255598, -21.213805266010919 ], [ -45.128485265255598, -21.213266276840443 ], [ -45.127407286914654, -21.213266276840436 ], [ -45.127407286914654, -21.214344255181373 ], [ -45.129024254426071, -21.214344255181384 ] ] ] } },
{ "type": "Feature", "properties": { "anos_com_queima": 1, "area_ha": 3.3367852869560943, "inicio": 2011.0, "fim": 2025.0, "tipo": "recurrence", "id_feicao": "recurrence_2011_2025_57" }, "geometry": { "type": "Polygon", "coordinates": [ [ [ -45.155973712949645, -21.214074760596141 ], [ -45.15516522919394, -21.214074760596141 ], [ -45.15516522919394, -21.212727287669974 ], [ -45.156243207534885, -21.212727287669967 ], [ -45.156243207534885, -21.212457793084727 ], [ -45.154626240023468, -21.212457793084734 ], [ -45.154626240023468, -21.212996782255207 ], [ -45.154356745438228, -21.212996782255203 ], [ -45.154356745438228, -21.214074760596155 ], [ -45.153817756267756, -21.214074760596144 ], [ -45.153817756267756, -21.215152738937089 ], [ -45.154895734608701, -21.215152738937096 ], [ -45.154895734608701, -21.214344255181377 ], [ -45.155973712949645, -21.214344255181384 ], [ -45.155973712949645, -21.214074760596141 ] ] ] } },
{ "type": "Feature", "properties": { "anos_com_queima": 1, "area_ha": 8.2589023227088152, "inicio": 2011.0, "fim": 2025.0, "tipo": "recurrence", "id_feicao": "recurrence_2011_2025_58" }, "geometry": { "type": "Polygon", "coordinates": [ [ [ -45.150314326659696, -21.206798406794782 ], [ -45.149775337489224, -21.206798406794778 ], [ -45.149775337489224, -21.206528912209546 ], [ -45.148158369977807, -21.206528912209549 ], [ -45.148158369977807, -21.206798406794782 ], [ -45.145463424125445, -21.206798406794778 ], [ -45.145463424125445, -21.208415374306195 ], [ -45.14654140246639, -21.208415374306195 ], [ -45.14654140246639, -21.208145879720959 ], [ -45.150044832074457, -21.208145879720949 ], [ -45.150044832074457, -21.207876385135719 ], [ -45.150314326659696, -21.207876385135723 ], [ -45.150314326659696, -21.206798406794782 ] ] ] } },
{ "type": "Feature", "properties": { "anos_com_queima": 1, "area_ha": 4.0878165753282607, "inicio": 2011.0, "fim": 2025.0, "tipo": "recurrence", "id_feicao": "recurrence_2011_2025_59" }, "geometry": { "type": "Polygon", "coordinates": [ [ [ -45.161363604654362, -21.203564471771955 ], [ -45.160016131728185, -21.203564471771948 ], [ -45.160016131728185, -21.204103460942427 ], [ -45.159477142557712, -21.204103460942424 ], [ -45.159477142557712, -21.204372955527663 ], [ -45.15893815338724, -21.204372955527667 ], [ -45.15893815338724, -21.205450933868605 ], [ -45.160285626313417, -21.205450933868605 ], [ -45.160285626313417, -21.205181439283368 ], [ -45.161363604654362, -21.205181439283365 ], [ -45.161363604654362, -21.203564471771955 ] ] ] } },
{ "type": "Feature", "properties": { "anos_com_queima": 1, "area_ha": 1.6685155453693183, "inicio": 2011.0, "fim": 2025.0, "tipo": "recurrence", "id_feicao": "recurrence_2011_2025_60" }, "geometry": { "type": "Polygon", "coordinates": [ [ [ -45.165945012603373, -21.203564471771951 ], [ -45.165945012603373, -21.20221699884577 ], [ -45.164867034262429, -21.20221699884577 ], [ -45.164867034262429, -21.203564471771951 ], [ -45.165945012603373, -21.203564471771951 ] ] ] } },
{ "type": "Feature", "properties": { "anos_com_queima": 1, "area_ha": 5.3392706762366684, "inicio": 2011.0, "fim": 2025.0, "tipo": "recurrence", "id_feicao": "recurrence_2011_2025_61" }, "geometry": { "type": "Polygon", "coordinates": [ [ [ -45.153817756267756, -21.203294977186715 ], [ -45.153817756267756, -21.203025482601483 ], [ -45.154087250852996, -21.203025482601472 ], [ -45.154087250852996, -21.201947504260534 ], [ -45.154356745438228, -21.201947504260534 ], [ -45.154356745438228, -21.200869525919597 ], [ -45.152200788756346, -21.200869525919597 ], [ -45.152200788756346, -21.201408515090062 ], [ -45.152470283341579, -21.201408515090066 ], [ -45.152470283341579, -21.20248649343101 ], [ -45.152200788756346, -21.20248649343101 ], [ -45.152200788756346, -21.202755988016243 ], [ -45.151122810415401, -21.202755988016243 ], [ -45.151122810415401, -21.203025482601479 ], [ -45.152739777926818, -21.203025482601479 ], [ -45.152739777926818, -21.203294977186715 ], [ -45.153817756267756, -21.203294977186715 ] ] ] } },
{ "type": "Feature", "properties": { "anos_com_queima": 1, "area_ha": 2.5027865652412178, "inicio": 2011.0, "fim": 2025.0, "tipo": "recurrence", "id_feicao": "recurrence_2011_2025_62" }, "geometry": { "type": "Polygon", "coordinates": [ [ [ -45.150853315830162, -21.201139020504826 ], [ -45.149775337489224, -21.201139020504822 ], [ -45.149775337489224, -21.201408515090066 ], [ -45.149505842903984, -21.201408515090069 ], [ -45.149505842903984, -21.202486493431007 ], [ -45.150583821244929, -21.202486493431007 ], [ -45.150583821244929, -21.202755988016236 ], [ -45.151122810415401, -21.202755988016243 ], [ -45.151122810415401, -21.201408515090062 ], [ -45.150853315830162, -21.201408515090062 ], [ -45.150853315830162, -21.201139020504826 ] ] ] } },
{ "type": "Feature", "properties": { "anos_com_queima": 1, "area_ha": 4.6718969272438651, "inicio": 2011.0, "fim": 2025.0, "tipo": "recurrence", "id_feicao": "recurrence_2011_2025_63" }, "geometry": { "type": "Polygon", "coordinates": [ [ [ -45.164597539677196, -21.202216998845763 ], [ -45.164597539677196, -21.200061042163878 ], [ -45.162711077580539, -21.200061042163885 ], [ -45.162711077580539, -21.202216998845774 ], [ -45.164597539677196, -21.202216998845763 ] ] ] } },
{ "type": "Feature", "properties": { "anos_com_queima": 1, "area_ha": 1.3348441099701591, "inicio": 2011.0, "fim": 2025.0, "tipo": "recurrence", "id_feicao": "recurrence_2011_2025_64" }, "geometry": { "type": "Polygon", "coordinates": [ [ [ -45.162172088410074, -21.199791547578652 ], [ -45.162172088410074, -21.1987135692377 ], [ -45.161094110069129, -21.1987135692377 ], [ -45.161094110069129, -21.199791547578648 ], [ -45.162172088410074, -21.199791547578652 ] ] ] } },
{ "type": "Feature", "properties": { "anos_com_queima": 1, "area_ha": 14.599872232681326, "inicio": 2011.0, "fim": 2025.0, "tipo": "recurrence", "id_feicao": "recurrence_2011_2025_65" }, "geometry": { "type": "Polygon", "coordinates": [ [ [ -45.122286889795163, -21.200061042163888 ], [ -45.122825878965635, -21.200061042163881 ], [ -45.122825878965635, -21.200330536749121 ], [ -45.123095373550875, -21.200330536749121 ], [ -45.123095373550875, -21.200600031334353 ], [ -45.123364868136107, -21.200600031334353 ], [ -45.123364868136107, -21.201139020504829 ], [ -45.124442846477052, -21.201139020504826 ], [ -45.124442846477052, -21.20086952591959 ], [ -45.124712341062292, -21.20086952591959 ], [ -45.124712341062292, -21.200330536749117 ], [ -45.124981835647525, -21.200330536749114 ], [ -45.124981835647525, -21.197635590896756 ], [ -45.125520824817997, -21.197635590896763 ], [ -45.125520824817997, -21.197096601726283 ], [ -45.125790319403237, -21.197096601726294 ], [ -45.125790319403237, -21.196018623385342 ], [ -45.124712341062292, -21.196018623385346 ], [ -45.124712341062292, -21.196288117970575 ], [ -45.123634362721347, -21.196288117970575 ], [ -45.123634362721347, -21.197905085481992 ], [ -45.12201739520993, -21.197905085481995 ], [ -45.12201739520993, -21.198174580067231 ], [ -45.121208911454218, -21.198174580067235 ], [ -45.121208911454218, -21.199791547578652 ], [ -45.122286889795163, -21.199791547578648 ], [ -45.122286889795163, -21.200061042163888 ] ] ] } },
{ "type": "Feature", "properties": { "anos_com_queima": 1, "area_ha": 21.785036014474716, "inicio": 2011.0, "fim": 2025.0, "tipo": "recurrence", "id_feicao": "recurrence_2011_2025_66" }, "geometry": { "type": "Polygon", "coordinates": [ [ [ -45.1691789476262, -21.198174580067231 ], [ -45.1691789476262, -21.198444074652468 ], [ -45.172143388063802, -21.198444074652468 ], [ -45.172143388063802, -21.198713569237704 ], [ -45.172622830136824, -21.198713569704562 ], [ -45.172637, -21.198676 ], [ -45.172746, -21.198352999999898 ], [ -45.172818, -21.19803 ], [ -45.172891, -21.197753 ], [ -45.172988, -21.197545 ], [ -45.173122, -21.197302 ], [ -45.173293, -21.197128 ], [ -45.173538, -21.19707 ], [ -45.174067, -21.197066999999898 ], [ -45.174325, -21.197043 ], [ -45.174557999999898, -21.196960999999899 ], [ -45.174568839327314, -21.196949956172865 ], [ -45.174568839323619, -21.196438689617906 ], [ -45.174505, -21.19635 ], [ -45.174295, -21.196144 ], [ -45.174073, -21.19603 ], [ -45.173899999999897, -21.195869 ], [ -45.173779431842298, -21.195749128829458 ], [ -45.173760355575219, -21.195749128800109 ], [ -45.173760355574956, -21.195730162813366 ], [ -45.173727, -21.195697 ], [ -45.173541999999898, -21.195456 ], [ -45.173516, -21.195237 ], [ -45.173515839158931, -21.19521013964771 ], [ -45.173490860989979, -21.195210139629641 ], [ -45.173490860989979, -21.194940645044401 ], [ -45.172951871819507, -21.194940645044401 ], [ -45.172951871819507, -21.194401655873925 ], [ -45.170256925967145, -21.194401655873921 ], [ -45.170256925967145, -21.195479634214877 ], [ -45.168909453040968, -21.195479634214873 ], [ -45.168909453040968, -21.195749128800113 ], [ -45.168370463870495, -21.195749128800106 ], [ -45.168370463870495, -21.196288117970575 ], [ -45.168100969285263, -21.196288117970578 ], [ -45.168100969285263, -21.197905085481992 ], [ -45.168639958455735, -21.197905085481995 ], [ -45.168639958455735, -21.198174580067231 ], [ -45.1691789476262, -21.198174580067231 ] ] ] } },
{ "type": "Feature", "properties": { "anos_com_queima": 1, "area_ha": 1.668585395344512, "inicio": 2011.0, "fim": 2025.0, "tipo": "recurrence", "id_feicao": "recurrence_2011_2025_67" }, "geometry": { "type": "Polygon", "coordinates": [ [ [ -45.165945012603373, -21.197096601726287 ], [ -45.165945012603373, -21.196018623385349 ], [ -45.164597539677196, -21.196018623385346 ], [ -45.164597539677196, -21.197096601726287 ], [ -45.165945012603373, -21.197096601726287 ] ] ] } },
{ "type": "Feature", "properties": { "anos_com_queima": 1, "area_ha": 43.716996822415666, "inicio": 2011.0, "fim": 2025.0, "tipo": "recurrence", "id_feicao": "recurrence_2011_2025_68" }, "geometry": { "type": "Polygon", "coordinates": [ [ [ -45.14465494036974, -21.193862666703453 ], [ -45.143307467443563, -21.193862666703463 ], [ -45.143307467443563, -21.195749128800113 ], [ -45.141151510761674, -21.195749128800113 ], [ -45.141151510761674, -21.197366096311526 ], [ -45.145732918710685, -21.197366096311526 ], [ -45.145732918710685, -21.197905085481995 ], [ -45.146271907881157, -21.197905085482002 ], [ -45.146271907881157, -21.198174580067228 ], [ -45.147349886222102, -21.198174580067235 ], [ -45.147349886222102, -21.197905085481999 ], [ -45.147619380807335, -21.197905085481999 ], [ -45.147619380807335, -21.197635590896756 ], [ -45.149775337489224, -21.197635590896766 ], [ -45.149775337489224, -21.198713569237707 ], [ -45.151392305000634, -21.198713569237711 ], [ -45.151392305000634, -21.19898306382294 ], [ -45.152470283341579, -21.198983063822936 ], [ -45.152470283341579, -21.197635590896756 ], [ -45.152739777926818, -21.197635590896766 ], [ -45.152739777926818, -21.196557612555818 ], [ -45.153009272512051, -21.196557612555818 ], [ -45.153009272512051, -21.196288117970571 ], [ -45.153278767097291, -21.196288117970585 ], [ -45.153278767097291, -21.194940645044397 ], [ -45.152470283341579, -21.194940645044404 ], [ -45.152470283341579, -21.194671150459168 ], [ -45.149505842903984, -21.194671150459165 ], [ -45.149505842903984, -21.19359317211822 ], [ -45.149236348318752, -21.193593172118227 ], [ -45.149236348318752, -21.194132161288692 ], [ -45.147619380807335, -21.194132161288699 ], [ -45.147619380807335, -21.194671150459168 ], [ -45.145463424125445, -21.194671150459161 ], [ -45.145463424125445, -21.194401655873929 ], [ -45.144924434954973, -21.194401655873925 ], [ -45.144924434954973, -21.194132161288696 ], [ -45.14465494036974, -21.194132161288692 ], [ -45.14465494036974, -21.193862666703453 ] ] ] } },
{ "type": "Feature", "properties": { "anos_com_queima": 1, "area_ha": 126.64693511918075, "inicio": 2011.0, "fim": 2025.0, "tipo": "recurrence", "id_feicao": "recurrence_2011_2025_69" }, "geometry": { "type": "Polygon", "coordinates": [ [ [ -45.125251330232764, -21.190628731680629 ], [ -45.125520824817997, -21.190628731680626 ], [ -45.125520824817997, -21.190898226265865 ], [ -45.125790319403237, -21.190898226265869 ], [ -45.125790319403237, -21.191167720851098 ], [ -45.126598803158934, -21.191167720851105 ], [ -45.126598803158934, -21.19332367753298 ], [ -45.126329308573709, -21.193323677532987 ], [ -45.126329308573709, -21.195749128800109 ], [ -45.128215770670352, -21.195749128800113 ], [ -45.128215770670352, -21.19709660172629 ], [ -45.131180211107946, -21.197096601726283 ], [ -45.131180211107946, -21.198983063822936 ], [ -45.132527684034123, -21.198983063822936 ], [ -45.132527684034123, -21.201408515090069 ], [ -45.130371727352241, -21.201408515090066 ], [ -45.130371727352241, -21.202486493431007 ], [ -45.131180211107946, -21.20248649343101 ], [ -45.131180211107946, -21.203294977186708 ], [ -45.132258189448891, -21.203294977186715 ], [ -45.132258189448891, -21.203025482601479 ], [ -45.133336167789835, -21.203025482601479 ], [ -45.133336167789835, -21.202755988016243 ], [ -45.13414465154554, -21.202755988016239 ], [ -45.13414465154554, -21.202486493431007 ], [ -45.135492124471725, -21.20248649343101 ], [ -45.135492124471725, -21.202216998845767 ], [ -45.13630060822743, -21.20221699884577 ], [ -45.13630060822743, -21.201947504260534 ], [ -45.136839597397902, -21.201947504260531 ], [ -45.136839597397902, -21.201678009675295 ], [ -45.137109091983135, -21.201678009675295 ], [ -45.137109091983135, -21.201139020504819 ], [ -45.137378586568374, -21.201139020504826 ], [ -45.137378586568374, -21.200869525919593 ], [ -45.137648081153607, -21.200869525919593 ], [ -45.137648081153607, -21.200600031334364 ], [ -45.137917575738847, -21.200600031334361 ], [ -45.137917575738847, -21.199522052993412 ], [ -45.136570102812662, -21.199522052993416 ], [ -45.136570102812662, -21.199252558408176 ], [ -45.13630060822743, -21.199252558408173 ], [ -45.13630060822743, -21.195210139629637 ], [ -45.137378586568374, -21.195210139629641 ], [ -45.137378586568374, -21.19359317211822 ], [ -45.135492124471725, -21.19359317211822 ], [ -45.135492124471725, -21.191167720851094 ], [ -45.133605662375068, -21.191167720851098 ], [ -45.133605662375068, -21.190898226265858 ], [ -45.131449705693186, -21.190898226265865 ], [ -45.131449705693186, -21.188472774998747 ], [ -45.131180211107946, -21.188472774998747 ], [ -45.131180211107946, -21.187933785828264 ], [ -45.130910716522713, -21.187933785828267 ], [ -45.130910716522713, -21.187125302072566 ], [ -45.128485265255598, -21.187125302072563 ], [ -45.128485265255598, -21.186316818316858 ], [ -45.126868297744181, -21.186316818316865 ], [ -45.126868297744181, -21.186586312902079 ], [ -45.126598803158934, -21.18658631290209 ], [ -45.126598803158934, -21.186855807487326 ], [ -45.126329308573709, -21.186855807487326 ], [ -45.126329308573709, -21.187664291243031 ], [ -45.125790319403237, -21.187664291243035 ], [ -45.125790319403237, -21.189550753339681 ], [ -45.125251330232764, -21.189550753339685 ], [ -45.125251330232764, -21.190628731680629 ] ] ] } },
{ "type": "Feature", "properties": { "anos_com_queima": 1, "area_ha": 4.0881442685380582, "inicio": 2011.0, "fim": 2025.0, "tipo": "recurrence", "id_feicao": "recurrence_2011_2025_70" }, "geometry": { "type": "Polygon", "coordinates": [ [ [ -45.149236348318752, -21.191976204606817 ], [ -45.148697359148279, -21.191976204606814 ], [ -45.148697359148279, -21.190898226265865 ], [ -45.147619380807335, -21.190898226265862 ], [ -45.147619380807335, -21.192245699192043 ], [ -45.147349886222102, -21.192245699192043 ], [ -45.147349886222102, -21.193593172118216 ], [ -45.147619380807335, -21.193593172118213 ], [ -45.147619380807335, -21.193054182947755 ], [ -45.148697359148279, -21.193054182947748 ], [ -45.148697359148279, -21.193593172118227 ], [ -45.149236348318752, -21.193593172118227 ], [ -45.149236348318752, -21.191976204606817 ] ] ] } },
{ "type": "Feature", "properties": { "anos_com_queima": 1, "area_ha": 1.6686474176845505, "inicio": 2011.0, "fim": 2025.0, "tipo": "recurrence", "id_feicao": "recurrence_2011_2025_71" }, "geometry": { "type": "Polygon", "coordinates": [ [ [ -45.141151510761674, -21.191167720851098 ], [ -45.141151510761674, -21.190089742510157 ], [ -45.139804037835496, -21.190089742510153 ], [ -45.139804037835496, -21.191167720851094 ], [ -45.141151510761674, -21.191167720851098 ] ] ] } },
{ "type": "Feature", "properties": { "anos_com_queima": 1, "area_ha": 1.66873141563748, "inicio": 2011.0, "fim": 2025.0, "tipo": "recurrence", "id_feicao": "recurrence_2011_2025_72" }, "geometry": { "type": "Polygon", "coordinates": [ [ [ -45.168639958455735, -21.183891367049728 ], [ -45.168639958455735, -21.182813388708784 ], [ -45.167292485529551, -21.182813388708784 ], [ -45.167292485529551, -21.183891367049721 ], [ -45.168639958455735, -21.183891367049728 ] ] ] } },
{ "type": "Feature", "properties": { "anos_com_queima": 1, "area_ha": 28.36871625339575, "inicio": 2011.0, "fim": 2025.0, "tipo": "recurrence", "id_feicao": "recurrence_2011_2025_73" }, "geometry": { "type": "Polygon", "coordinates": [ [ [ -45.12390385730658, -21.183621872464499 ], [ -45.125790319403237, -21.183621872464489 ], [ -45.125790319403237, -21.183352377879263 ], [ -45.126059813988469, -21.183352377879267 ], [ -45.126059813988469, -21.18308288329402 ], [ -45.126598803158934, -21.18308288329402 ], [ -45.126598803158934, -21.182813388708787 ], [ -45.126868297744181, -21.182813388708791 ], [ -45.126868297744181, -21.182543894123548 ], [ -45.127137792329407, -21.182543894123551 ], [ -45.127137792329407, -21.182274399538318 ], [ -45.127407286914654, -21.182274399538315 ], [ -45.127407286914654, -21.180118442856436 ], [ -45.127676781499879, -21.180118442856433 ], [ -45.127676781499879, -21.179040464515488 ], [ -45.127407286914654, -21.179040464515484 ], [ -45.127407286914654, -21.178501475345016 ], [ -45.127137792329407, -21.178501475345012 ], [ -45.127137792329407, -21.177692991589311 ], [ -45.126059813988469, -21.177692991589304 ], [ -45.126059813988469, -21.179040464515488 ], [ -45.125520824817997, -21.179040464515488 ], [ -45.125520824817997, -21.179309959100724 ], [ -45.12201739520993, -21.179309959100717 ], [ -45.12201739520993, -21.179848948271196 ], [ -45.122286889795163, -21.179848948271193 ], [ -45.122286889795163, -21.184430356220204 ], [ -45.12390385730658, -21.184430356220201 ], [ -45.12390385730658, -21.183621872464499 ] ] ] } },
{ "type": "Feature", "properties": { "anos_com_queima": 1, "area_ha": 1.6687933292074686, "inicio": 2011.0, "fim": 2025.0, "tipo": "recurrence", "id_feicao": "recurrence_2011_2025_74" }, "geometry": { "type": "Polygon", "coordinates": [ [ [ -45.131449705693186, -21.177962486174543 ], [ -45.131449705693186, -21.176615013248369 ], [ -45.130371727352241, -21.176615013248369 ], [ -45.130371727352241, -21.177962486174543 ], [ -45.131449705693186, -21.177962486174543 ] ] ] } },
{ "type": "Feature", "properties": { "anos_com_queima": 1, "area_ha": 1.335030149136355, "inicio": 2011.0, "fim": 2025.0, "tipo": "recurrence", "id_feicao": "recurrence_2011_2025_75" }, "geometry": { "type": "Polygon", "coordinates": [ [ [ -45.124981835647525, -21.176615013248366 ], [ -45.124981835647525, -21.17607602407789 ], [ -45.12174790062469, -21.17607602407789 ], [ -45.12174790062469, -21.176345518663126 ], [ -45.12390385730658, -21.176345518663123 ], [ -45.12390385730658, -21.176615013248362 ], [ -45.124981835647525, -21.176615013248366 ] ] ] } },
{ "type": "Feature", "properties": { "anos_com_queima": 1, "area_ha": 0.083440205369610346, "inicio": 2011.0, "fim": 2025.0, "tipo": "recurrence", "id_feicao": "recurrence_2011_2025_76" }, "geometry": { "type": "Polygon", "coordinates": [ [ [ -45.120939416868985, -21.17634551866313 ], [ -45.121208911454218, -21.17634551866313 ], [ -45.121208911454218, -21.176076024077894 ], [ -45.120939416868985, -21.176076024077894 ], [ -45.120939416868985, -21.17634551866313 ] ] ] } },
{ "type": "Feature", "properties": { "anos_com_queima": 1, "area_ha": 5.5070921468532497, "inicio": 2011.0, "fim": 2025.0, "tipo": "recurrence", "id_feicao": "recurrence_2011_2025_77" }, "geometry": { "type": "Polygon", "coordinates": [ [ [ -45.129024254426071, -21.173650572810772 ], [ -45.129024254426071, -21.175267540322189 ], [ -45.128754759840824, -21.175267540322182 ], [ -45.128754759840824, -21.175537034907418 ], [ -45.127946276085126, -21.175537034907418 ], [ -45.127946276085126, -21.176615013248369 ], [ -45.130371727352241, -21.176615013248369 ], [ -45.130371727352241, -21.175267540322182 ], [ -45.130102232767001, -21.175267540322185 ], [ -45.130102232767001, -21.173650572810772 ], [ -45.129024254426071, -21.173650572810772 ] ] ] } },
{ "type": "Feature", "properties": { "anos_com_queima": 1, "area_ha": 0.75096991956763226, "inicio": 2011.0, "fim": 2025.0, "tipo": "recurrence", "id_feicao": "recurrence_2011_2025_78" }, "geometry": { "type": "Polygon", "coordinates": [ [ [ -45.123364868136107, -21.174728551151709 ], [ -45.123364868136107, -21.174459056566477 ], [ -45.120939416868985, -21.174459056566473 ], [ -45.120939416868985, -21.174728551151709 ], [ -45.123364868136107, -21.174728551151709 ] ] ] } },
{ "type": "Feature", "properties": { "anos_com_queima": 1, "area_ha": 4.3389792329996828, "inicio": 2011.0, "fim": 2025.0, "tipo": "recurrence", "id_feicao": "recurrence_2011_2025_79" }, "geometry": { "type": "Polygon", "coordinates": [ [ [ -45.124981835647525, -21.172842089055063 ], [ -45.125520824817997, -21.172842089055056 ], [ -45.125520824817997, -21.171764110714118 ], [ -45.12390385730658, -21.171764110714118 ], [ -45.12390385730658, -21.174728551151716 ], [ -45.124981835647525, -21.174728551151716 ], [ -45.124981835647525, -21.172842089055063 ] ] ] } },
{ "type": "Feature", "properties": { "anos_com_queima": 1, "area_ha": 26.118689504775951, "inicio": 2011.0, "fim": 2025.0, "tipo": "recurrence", "id_feicao": "recurrence_2011_2025_80" }, "geometry": { "type": "Polygon", "coordinates": [ [ [ -45.17133490430809, -21.166104724424162 ], [ -45.17133490430809, -21.16745219735034 ], [ -45.171604398893329, -21.16745219735034 ], [ -45.171604398893329, -21.167991186520808 ], [ -45.174299344745691, -21.167991186520823 ], [ -45.174299344745691, -21.168530175691281 ], [ -45.175916312257108, -21.168530175691291 ], [ -45.175916312257108, -21.166643713594635 ], [ -45.17645530142758, -21.166643713594635 ], [ -45.17645530142758, -21.166374219009398 ], [ -45.176724796012806, -21.166374219009402 ], [ -45.176724796012806, -21.165026746083225 ], [ -45.174838333916163, -21.165026746083225 ], [ -45.174838333916163, -21.162331800230866 ], [ -45.173760355575219, -21.16233180023087 ], [ -45.173760355575219, -21.16367927315704 ], [ -45.171873893478562, -21.163679273157037 ], [ -45.171873893478562, -21.163948767742284 ], [ -45.17133490430809, -21.163948767742276 ], [ -45.17133490430809, -21.164487756912745 ], [ -45.171065409722857, -21.164487756912745 ], [ -45.171065409722857, -21.164757251497981 ], [ -45.170526420552385, -21.164757251497988 ], [ -45.170526420552385, -21.166104724424162 ], [ -45.17133490430809, -21.166104724424162 ] ] ] } },
{ "type": "Feature", "properties": { "anos_com_queima": 1, "area_ha": 3.75516376012314, "inicio": 2011.0, "fim": 2025.0, "tipo": "recurrence", "id_feicao": "recurrence_2011_2025_81" }, "geometry": { "type": "Polygon", "coordinates": [ [ [ -45.178611258109456, -21.163140283986579 ], [ -45.178611258109456, -21.162870789401332 ], [ -45.178880752694695, -21.162870789401328 ], [ -45.178880752694695, -21.161523316475158 ], [ -45.177802774353751, -21.161523316475158 ], [ -45.177802774353751, -21.161792811060394 ], [ -45.177533279768525, -21.161792811060394 ], [ -45.177533279768525, -21.162062305645627 ], [ -45.177263785183278, -21.16206230564563 ], [ -45.177263785183278, -21.16233180023087 ], [ -45.176994290598053, -21.162331800230859 ], [ -45.176994290598053, -21.16367927315704 ], [ -45.178341763524223, -21.163679273157037 ], [ -45.178341763524223, -21.163140283986575 ], [ -45.178611258109456, -21.163140283986579 ] ] ] } },
{ "type": "Feature", "properties": { "anos_com_queima": 1, "area_ha": 0.10577342455405742, "inicio": 2011.0, "fim": 2025.0, "tipo": "recurrence", "id_feicao": "recurrence_2011_2025_82" }, "geometry": { "type": "Polygon", "coordinates": [ [ [ -45.104500247169526, -21.393810678285053 ], [ -45.104719, -21.393723 ], [ -45.104967, -21.393646999999898 ], [ -45.105202, -21.393582 ], [ -45.105308730925266, -21.393568984079263 ], [ -45.105308730925309, -21.393558154363237 ], [ -45.104500247169597, -21.393558154363234 ], [ -45.104500247169526, -21.393810678285053 ] ] ] } },
{ "type": "Feature", "properties": { "anos_com_queima": 1, "area_ha": 0.16664059733901104, "inicio": 2011.0, "fim": 2025.0, "tipo": "recurrence", "id_feicao": "recurrence_2011_2025_83" }, "geometry": { "type": "Polygon", "coordinates": [ [ [ -45.106386709266246, -21.392749670607522 ], [ -45.106386709266246, -21.392480176022286 ], [ -45.105847720095774, -21.392480176022282 ], [ -45.105847720095774, -21.392749670607525 ], [ -45.106386709266246, -21.392749670607522 ] ] ] } },
{ "type": "Feature", "properties": { "anos_com_queima": 1, "area_ha": 0.91652949673914919, "inicio": 2011.0, "fim": 2025.0, "tipo": "recurrence", "id_feicao": "recurrence_2011_2025_84" }, "geometry": { "type": "Polygon", "coordinates": [ [ [ -45.105847720095774, -21.392480176022282 ], [ -45.105847720095774, -21.390324219340396 ], [ -45.105578225510541, -21.3903242193404 ], [ -45.105578225510541, -21.392210681437046 ], [ -45.104769741754836, -21.392210681437049 ], [ -45.104769741754836, -21.392480176022278 ], [ -45.105847720095774, -21.392480176022282 ] ] ] } },
{ "type": "Feature", "properties": { "anos_com_queima": 1, "area_ha": 1.9998315112039446, "inicio": 2011.0, "fim": 2025.0, "tipo": "recurrence", "id_feicao": "recurrence_2011_2025_85" }, "geometry": { "type": "Polygon", "coordinates": [ [ [ -45.107195193021958, -21.381430898027617 ], [ -45.106925698436719, -21.381430898027606 ], [ -45.106925698436719, -21.38116140344238 ], [ -45.105847720095774, -21.38116140344238 ], [ -45.105847720095774, -21.382508876368551 ], [ -45.107195193021958, -21.382508876368558 ], [ -45.107195193021958, -21.381430898027617 ] ] ] } },
{ "type": "Feature", "properties": { "anos_com_queima": 1, "area_ha": 27.583500857962527, "inicio": 2011.0, "fim": 2025.0, "tipo": "recurrence", "id_feicao": "recurrence_2011_2025_86" }, "geometry": { "type": "Polygon", "coordinates": [ [ [ -45.103152774243419, -21.368225663351062 ], [ -45.103152774243419, -21.368495157936295 ], [ -45.102613785072947, -21.368495157936291 ], [ -45.102613785072947, -21.369573136277236 ], [ -45.100457828391058, -21.369573136277232 ], [ -45.100457828391058, -21.37065111461818 ], [ -45.102074795902475, -21.370651114618187 ], [ -45.102074795902475, -21.370112125447704 ], [ -45.104230752584364, -21.370112125447712 ], [ -45.104230752584364, -21.369573136277229 ], [ -45.107195193021958, -21.369573136277232 ], [ -45.107195193021958, -21.369034147106767 ], [ -45.109351149703841, -21.369034147106767 ], [ -45.109351149703841, -21.368764652521527 ], [ -45.109890138874313, -21.368764652521527 ], [ -45.109890138874313, -21.368225663351055 ], [ -45.11150710638573, -21.368225663351058 ], [ -45.11150710638573, -21.367956168765826 ], [ -45.112315590141435, -21.367956168765822 ], [ -45.112315590141435, -21.366339201254405 ], [ -45.110429128044785, -21.366339201254416 ], [ -45.110429128044785, -21.366608695839641 ], [ -45.109081655118608, -21.366608695839645 ], [ -45.109081655118608, -21.366878190424877 ], [ -45.105308730925309, -21.366878190424877 ], [ -45.105308730925309, -21.366608695839645 ], [ -45.104230752584364, -21.366608695839648 ], [ -45.104230752584364, -21.366878190424877 ], [ -45.103691763413892, -21.366878190424877 ], [ -45.103691763413892, -21.368225663351062 ], [ -45.103152774243419, -21.368225663351062 ] ] ] } },
{ "type": "Feature", "properties": { "anos_com_queima": 1, "area_ha": 8.9248782431804035, "inicio": 2011.0, "fim": 2025.0, "tipo": "recurrence", "id_feicao": "recurrence_2011_2025_87" }, "geometry": { "type": "Polygon", "coordinates": [ [ [ -45.117822139385602, -21.360140825847068 ], [ -45.117874, -21.360075999999896 ], [ -45.117964, -21.359859 ], [ -45.117974976427234, -21.359843005802137 ], [ -45.117974976431391, -21.359062847453036 ], [ -45.117166492675686, -21.359062847453039 ], [ -45.117166492675686, -21.358793352867806 ], [ -45.116896998090446, -21.358793352867792 ], [ -45.116896998090446, -21.35852385828256 ], [ -45.116627503505214, -21.358523858282563 ], [ -45.116627503505214, -21.358254363697331 ], [ -45.114741041408557, -21.358254363697331 ], [ -45.114741041408557, -21.360679814964453 ], [ -45.115010535993797, -21.360679814964453 ], [ -45.115010535993797, -21.361488298720161 ], [ -45.116021749919447, -21.361488298921195 ], [ -45.116054, -21.361367 ], [ -45.116088514333576, -21.361298571664683 ], [ -45.116088514334741, -21.360949309549682 ], [ -45.116657113516823, -21.360949309955821 ], [ -45.116863, -21.360840999999898 ], [ -45.116896998090127, -21.360819510675526 ], [ -45.116896998090446, -21.360679814964453 ], [ -45.117138883982442, -21.360679815372535 ], [ -45.11731, -21.360607 ], [ -45.117522, -21.36045 ], [ -45.117705481845135, -21.360285061539678 ], [ -45.117705481846151, -21.36014082579398 ], [ -45.117822139385602, -21.360140825847068 ] ] ] } },
{ "type": "Feature", "properties": { "anos_com_queima": 1, "area_ha": 2.4170015640445985, "inicio": 2011.0, "fim": 2025.0, "tipo": "recurrence", "id_feicao": "recurrence_2011_2025_88" }, "geometry": { "type": "Polygon", "coordinates": [ [ [ -45.11339356848238, -21.349091547799315 ], [ -45.114741041408557, -21.349091547799315 ], [ -45.114741041408557, -21.347744074873134 ], [ -45.113124073897147, -21.347744074873134 ], [ -45.113124073897147, -21.348822053214075 ], [ -45.11339356848238, -21.348822053214075 ], [ -45.11339356848238, -21.349091547799315 ] ] ] } },
{ "type": "Feature", "properties": { "anos_com_queima": 1, "area_ha": 5.084134598103117, "inicio": 2011.0, "fim": 2025.0, "tipo": "recurrence", "id_feicao": "recurrence_2011_2025_89" }, "geometry": { "type": "Polygon", "coordinates": [ [ [ -45.107195193021958, -21.343971150679828 ], [ -45.107195193021958, -21.346935591117429 ], [ -45.109081655118608, -21.346935591117425 ], [ -45.109081655118608, -21.345857612776477 ], [ -45.108812160533368, -21.345857612776477 ], [ -45.108812160533368, -21.345318623606005 ], [ -45.108542665948136, -21.345318623606005 ], [ -45.108542665948136, -21.345049129020776 ], [ -45.108273171362903, -21.345049129020772 ], [ -45.108273171362903, -21.343971150679831 ], [ -45.107195193021958, -21.343971150679828 ] ] ] } },
{ "type": "Feature", "properties": { "anos_com_queima": 1, "area_ha": 2.667172277481352, "inicio": 2011.0, "fim": 2025.0, "tipo": "recurrence", "id_feicao": "recurrence_2011_2025_90" }, "geometry": { "type": "Polygon", "coordinates": [ [ [ -45.108003676777663, -21.339120248145584 ], [ -45.108003676777663, -21.340737215656997 ], [ -45.106925698436719, -21.340737215657001 ], [ -45.106925698436719, -21.341815193997938 ], [ -45.108003676777663, -21.341815193997942 ], [ -45.108003676777663, -21.341545699412706 ], [ -45.108273171362903, -21.341545699412706 ], [ -45.108273171362903, -21.341006710242237 ], [ -45.108542665948136, -21.34100671024223 ], [ -45.108542665948136, -21.339120248145587 ], [ -45.108003676777663, -21.339120248145584 ] ] ] } },
{ "type": "Feature", "properties": { "anos_com_queima": 1, "area_ha": 22.67100656217076, "inicio": 2011.0, "fim": 2025.0, "tipo": "recurrence", "id_feicao": "recurrence_2011_2025_91" }, "geometry": { "type": "Polygon", "coordinates": [ [ [ -45.112046095556202, -21.342084688583178 ], [ -45.114202052238092, -21.342084688583174 ], [ -45.114202052238092, -21.342354183168421 ], [ -45.115010535993797, -21.34235418316841 ], [ -45.115010535993797, -21.34262367775365 ], [ -45.115819019749502, -21.342623677753657 ], [ -45.115819019749502, -21.34289317233889 ], [ -45.117435987260919, -21.342893172338886 ], [ -45.117435987260919, -21.341815193997935 ], [ -45.117166492675686, -21.341815193997949 ], [ -45.117166492675686, -21.34127620482748 ], [ -45.116896998090446, -21.341276204827469 ], [ -45.116896998090446, -21.339928731901299 ], [ -45.116627503505214, -21.339928731901299 ], [ -45.116627503505214, -21.33938974273082 ], [ -45.116358008919974, -21.339389742730813 ], [ -45.116358008919974, -21.339120248145587 ], [ -45.116088514334741, -21.339120248145591 ], [ -45.116088514334741, -21.338850753560347 ], [ -45.115819019749502, -21.338850753560351 ], [ -45.115819019749502, -21.338581258975115 ], [ -45.115549525164269, -21.338581258975108 ], [ -45.115549525164269, -21.338311764389879 ], [ -45.115280030579029, -21.338311764389875 ], [ -45.115280030579029, -21.338042269804635 ], [ -45.115010535993797, -21.338042269804639 ], [ -45.115010535993797, -21.33777277521941 ], [ -45.113932557652852, -21.337772775219396 ], [ -45.113932557652852, -21.338311764389879 ], [ -45.11339356848238, -21.338311764389879 ], [ -45.11339356848238, -21.339389742730823 ], [ -45.111237611800497, -21.33938974273082 ], [ -45.111237611800497, -21.340737215656997 ], [ -45.111776600970963, -21.340737215657001 ], [ -45.111776600970963, -21.341006710242237 ], [ -45.112046095556202, -21.34100671024223 ], [ -45.112046095556202, -21.342084688583178 ] ] ] } },
{ "type": "Feature", "properties": { "anos_com_queima": 1, "area_ha": 0.25004852471668271, "inicio": 2011.0, "fim": 2025.0, "tipo": "recurrence", "id_feicao": "recurrence_2011_2025_92" }, "geometry": { "type": "Polygon", "coordinates": [ [ [ -45.106117214681014, -21.340198226486521 ], [ -45.106925698436719, -21.340198226486528 ], [ -45.106925698436719, -21.339928731901292 ], [ -45.106117214681014, -21.339928731901288 ], [ -45.106117214681014, -21.340198226486521 ] ] ] } },
{ "type": "Feature", "properties": { "anos_com_queima": 1, "area_ha": 0.25004917638497426, "inicio": 2011.0, "fim": 2025.0, "tipo": "recurrence", "id_feicao": "recurrence_2011_2025_93" }, "geometry": { "type": "Polygon", "coordinates": [ [ [ -45.105847720095774, -21.339659237316052 ], [ -45.105578225510541, -21.339659237316063 ], [ -45.105578225510541, -21.339389742730827 ], [ -45.105308730925309, -21.339389742730823 ], [ -45.105308730925309, -21.339928731901299 ], [ -45.105847720095774, -21.339928731901292 ], [ -45.105847720095774, -21.339659237316052 ] ] ] } },
{ "type": "Feature", "properties": { "anos_com_queima": 1, "area_ha": 0.83350421985436352, "inicio": 2011.0, "fim": 2025.0, "tipo": "recurrence", "id_feicao": "recurrence_2011_2025_94" }, "geometry": { "type": "Polygon", "coordinates": [ [ [ -45.110159633459553, -21.33912024814558 ], [ -45.110159633459553, -21.337772775219399 ], [ -45.10962064428908, -21.33777277521941 ], [ -45.10962064428908, -21.33912024814558 ], [ -45.110159633459553, -21.33912024814558 ] ] ] } },
{ "type": "Feature", "properties": { "anos_com_queima": 1, "area_ha": 1.0835646693816707, "inicio": 2011.0, "fim": 2025.0, "tipo": "recurrence", "id_feicao": "recurrence_2011_2025_95" }, "geometry": { "type": "Polygon", "coordinates": [ [ [ -45.110159633459553, -21.33723378604893 ], [ -45.110159633459553, -21.337772775219399 ], [ -45.111237611800497, -21.337772775219406 ], [ -45.111237611800497, -21.336694796878469 ], [ -45.110968117215258, -21.336694796878469 ], [ -45.110968117215258, -21.336425302293232 ], [ -45.110698622630025, -21.336425302293225 ], [ -45.110698622630025, -21.33723378604893 ], [ -45.110159633459553, -21.33723378604893 ] ] ] } },
{ "type": "Feature", "properties": { "anos_com_queima": 1, "area_ha": 0.16670442094579338, "inicio": 2011.0, "fim": 2025.0, "tipo": "recurrence", "id_feicao": "recurrence_2011_2025_96" }, "geometry": { "type": "Polygon", "coordinates": [ [ [ -45.108273171362903, -21.335347323952288 ], [ -45.108812160533368, -21.335347323952281 ], [ -45.108812160533368, -21.335077829367044 ], [ -45.108273171362903, -21.335077829367048 ], [ -45.108273171362903, -21.335347323952288 ] ] ] } },
{ "type": "Feature", "properties": { "anos_com_queima": 1, "area_ha": 0.58346647977950195, "inicio": 2011.0, "fim": 2025.0, "tipo": "recurrence", "id_feicao": "recurrence_2011_2025_97" }, "geometry": { "type": "Polygon", "coordinates": [ [ [ -45.108273171362903, -21.335077829367048 ], [ -45.108273171362903, -21.334808334781808 ], [ -45.106386709266246, -21.334808334781812 ], [ -45.106386709266246, -21.335077829367041 ], [ -45.108273171362903, -21.335077829367048 ] ] ] } },
{ "type": "Feature", "properties": { "anos_com_queima": 1, "area_ha": 0.25005883464168638, "inicio": 2011.0, "fim": 2025.0, "tipo": "recurrence", "id_feicao": "recurrence_2011_2025_98" }, "geometry": { "type": "Polygon", "coordinates": [ [ [ -45.106117214681014, -21.333999851026107 ], [ -45.106117214681014, -21.333730356440864 ], [ -45.105308730925309, -21.333730356440867 ], [ -45.105308730925309, -21.333999851026107 ], [ -45.106117214681014, -21.333999851026107 ] ] ] } },
{ "type": "Feature", "properties": { "anos_com_queima": 1, "area_ha": 2.2506320958980357, "inicio": 2011.0, "fim": 2025.0, "tipo": "recurrence", "id_feicao": "recurrence_2011_2025_99" }, "geometry": { "type": "Polygon", "coordinates": [ [ [ -45.119591943942808, -21.326723497224737 ], [ -45.119322449357568, -21.326723497224737 ], [ -45.119322449357568, -21.327801475565682 ], [ -45.120400427698513, -21.327801475565682 ], [ -45.120400427698513, -21.327531980980446 ], [ -45.120939416868985, -21.327531980980442 ], [ -45.120939416868985, -21.326454002639505 ], [ -45.119591943942808, -21.326454002639494 ], [ -45.119591943942808, -21.326723497224737 ] ] ] } },
{ "type": "Feature", "properties": { "anos_com_queima": 1, "area_ha": 1.3337105937945031, "inicio": 2011.0, "fim": 2025.0, "tipo": "recurrence", "id_feicao": "recurrence_2011_2025_100" }, "geometry": { "type": "Polygon", "coordinates": [ [ [ -45.107195193021958, -21.32726248639521 ], [ -45.107195193021958, -21.326184508054272 ], [ -45.106117214681014, -21.326184508054265 ], [ -45.106117214681014, -21.327262486395213 ], [ -45.107195193021958, -21.32726248639521 ] ] ] } },
{ "type": "Feature", "properties": { "anos_com_queima": 1, "area_ha": 7.0022365537569407, "inicio": 2011.0, "fim": 2025.0, "tipo": "recurrence", "id_feicao": "recurrence_2011_2025_101" }, "geometry": { "type": "Polygon", "coordinates": [ [ [ -45.103422268828652, -21.31998613259384 ], [ -45.103422268828652, -21.32160310010525 ], [ -45.105578225510541, -21.321603100105254 ], [ -45.105578225510541, -21.322142089275726 ], [ -45.106386709266246, -21.322142089275722 ], [ -45.106386709266246, -21.322411583860962 ], [ -45.107464687607191, -21.322411583860962 ], [ -45.107464687607191, -21.320794616349545 ], [ -45.105308730925309, -21.320794616349549 ], [ -45.105308730925309, -21.319986132593847 ], [ -45.103422268828652, -21.31998613259384 ] ] ] } },
{ "type": "Feature", "properties": { "anos_com_queima": 1, "area_ha": 1.9172899720970542, "inicio": 2011.0, "fim": 2025.0, "tipo": "recurrence", "id_feicao": "recurrence_2011_2025_102" }, "geometry": { "type": "Polygon", "coordinates": [ [ [ -45.107734182192431, -21.320794616349552 ], [ -45.108003676777663, -21.320794616349556 ], [ -45.108003676777663, -21.321064110934778 ], [ -45.109081655118608, -21.321064110934781 ], [ -45.109081655118608, -21.319986132593844 ], [ -45.108812160533368, -21.319986132593836 ], [ -45.108812160533368, -21.319716638008604 ], [ -45.107734182192431, -21.3197166380086 ], [ -45.107734182192431, -21.320794616349552 ] ] ] } },
{ "type": "Feature", "properties": { "anos_com_queima": 1, "area_ha": 0.083362696589622642, "inicio": 2011.0, "fim": 2025.0, "tipo": "recurrence", "id_feicao": "recurrence_2011_2025_103" }, "geometry": { "type": "Polygon", "coordinates": [ [ [ -45.112585084726675, -21.316482702985773 ], [ -45.112854579311907, -21.31648270298577 ], [ -45.112854579311907, -21.316213208400537 ], [ -45.112585084726675, -21.316213208400537 ], [ -45.112585084726675, -21.316482702985773 ] ] ] } },
{ "type": "Feature", "properties": { "anos_com_queima": 1, "area_ha": 1.0837287976004184, "inicio": 2011.0, "fim": 2025.0, "tipo": "recurrence", "id_feicao": "recurrence_2011_2025_104" }, "geometry": { "type": "Polygon", "coordinates": [ [ [ -45.113663063067619, -21.314057251718644 ], [ -45.113932557652852, -21.314057251718641 ], [ -45.113932557652852, -21.313787757133412 ], [ -45.114202052238092, -21.313787757133415 ], [ -45.114202052238092, -21.313518262548182 ], [ -45.113663063067619, -21.313518262548182 ], [ -45.113663063067619, -21.313787757133412 ], [ -45.11339356848238, -21.313787757133415 ], [ -45.11339356848238, -21.314057251718641 ], [ -45.113124073897147, -21.314057251718648 ], [ -45.113124073897147, -21.315674219230061 ], [ -45.11339356848238, -21.315674219230058 ], [ -45.11339356848238, -21.314865735474353 ], [ -45.113663063067619, -21.314865735474349 ], [ -45.113663063067619, -21.314057251718644 ] ] ] } },
{ "type": "Feature", "properties": { "anos_com_queima": 1, "area_ha": 4.4182712269876738, "inicio": 2011.0, "fim": 2025.0, "tipo": "recurrence", "id_feicao": "recurrence_2011_2025_105" }, "geometry": { "type": "Polygon", "coordinates": [ [ [ -45.106117214681014, -21.314057251718648 ], [ -45.106117214681014, -21.315674219230061 ], [ -45.107464687607191, -21.315674219230061 ], [ -45.107464687607191, -21.315404724644836 ], [ -45.108273171362903, -21.315404724644821 ], [ -45.108273171362903, -21.313518262548175 ], [ -45.107195193021958, -21.313518262548172 ], [ -45.107195193021958, -21.314057251718651 ], [ -45.106117214681014, -21.314057251718648 ] ] ] } },
{ "type": "Feature", "properties": { "anos_com_queima": 1, "area_ha": 3.834748779027966, "inicio": 2011.0, "fim": 2025.0, "tipo": "recurrence", "id_feicao": "recurrence_2011_2025_106" }, "geometry": { "type": "Polygon", "coordinates": [ [ [ -45.11150710638573, -21.316482702985766 ], [ -45.11150710638573, -21.311901295036762 ], [ -45.109351149703841, -21.311901295036758 ], [ -45.109351149703841, -21.312440284207231 ], [ -45.110968117215258, -21.312440284207234 ], [ -45.110968117215258, -21.316482702985777 ], [ -45.11150710638573, -21.316482702985766 ] ] ] } },
{ "type": "Feature", "properties": { "anos_com_queima": 1, "area_ha": 2.6676505327887834, "inicio": 2011.0, "fim": 2025.0, "tipo": "recurrence", "id_feicao": "recurrence_2011_2025_107" }, "geometry": { "type": "Polygon", "coordinates": [ [ [ -45.104500247169597, -21.314865735474356 ], [ -45.105578225510541, -21.314865735474363 ], [ -45.105578225510541, -21.312709778792478 ], [ -45.104500247169597, -21.312709778792481 ], [ -45.104500247169597, -21.314865735474356 ] ] ] } },
{ "type": "Feature", "properties": { "anos_com_queima": 1, "area_ha": 0.83364720100722867, "inicio": 2011.0, "fim": 2025.0, "tipo": "recurrence", "id_feicao": "recurrence_2011_2025_108" }, "geometry": { "type": "Polygon", "coordinates": [ [ [ -45.107464687607191, -21.312709778792474 ], [ -45.107464687607191, -21.312979273377703 ], [ -45.108542665948136, -21.31297927337771 ], [ -45.108542665948136, -21.312440284207245 ], [ -45.107464687607191, -21.312440284207241 ], [ -45.107464687607191, -21.312170789622005 ], [ -45.107195193021958, -21.312170789622005 ], [ -45.107195193021958, -21.312709778792474 ], [ -45.107464687607191, -21.312709778792474 ] ] ] } },
{ "type": "Feature", "properties": { "anos_com_queima": 1, "area_ha": 1.0837511876972032, "inicio": 2011.0, "fim": 2025.0, "tipo": "recurrence", "id_feicao": "recurrence_2011_2025_109" }, "geometry": { "type": "Polygon", "coordinates": [ [ [ -45.105847720095774, -21.310553822110577 ], [ -45.105847720095774, -21.311362305866286 ], [ -45.106117214681014, -21.311362305866293 ], [ -45.106117214681014, -21.311901295036765 ], [ -45.106386709266246, -21.311901295036755 ], [ -45.106386709266246, -21.312170789621998 ], [ -45.106656203851486, -21.312170789622002 ], [ -45.106656203851486, -21.310823316695817 ], [ -45.106386709266246, -21.310823316695824 ], [ -45.106386709266246, -21.310553822110581 ], [ -45.105847720095774, -21.310553822110577 ] ] ] } },
{ "type": "Feature", "properties": { "anos_com_queima": 1, "area_ha": 2.4176177292585375, "inicio": 2011.0, "fim": 2025.0, "tipo": "recurrence", "id_feicao": "recurrence_2011_2025_110" }, "geometry": { "type": "Polygon", "coordinates": [ [ [ -45.119322449357568, -21.308936854599175 ], [ -45.119052954772336, -21.308936854599175 ], [ -45.119052954772336, -21.310014832940109 ], [ -45.118513965601863, -21.310014832940105 ], [ -45.118513965601863, -21.310553822110592 ], [ -45.116358008919974, -21.310553822110585 ], [ -45.116358008919974, -21.31109281128105 ], [ -45.119052954772336, -21.311092811281057 ], [ -45.119052954772336, -21.310284327525345 ], [ -45.119322449357568, -21.310284327525345 ], [ -45.119322449357568, -21.308936854599175 ] ] ] } },
{ "type": "Feature", "properties": { "anos_com_queima": 1, "area_ha": 6.4192228755419221, "inicio": 2011.0, "fim": 2025.0, "tipo": "recurrence", "id_feicao": "recurrence_2011_2025_111" }, "geometry": { "type": "Polygon", "coordinates": [ [ [ -45.111776600970963, -21.308667360013931 ], [ -45.112046095556202, -21.308667360013935 ], [ -45.112046095556202, -21.307858876258219 ], [ -45.110429128044785, -21.307858876258226 ], [ -45.110429128044785, -21.308128370843455 ], [ -45.110159633459553, -21.308128370843455 ], [ -45.110159633459553, -21.308667360013931 ], [ -45.109890138874313, -21.308667360013931 ], [ -45.109890138874313, -21.31109281128106 ], [ -45.111776600970963, -21.311092811281046 ], [ -45.111776600970963, -21.310823316695821 ], [ -45.11150710638573, -21.310823316695814 ], [ -45.11150710638573, -21.309475843769633 ], [ -45.111776600970963, -21.309475843769629 ], [ -45.111776600970963, -21.308667360013931 ] ], [ [ -45.110968117215258, -21.30947584376964 ], [ -45.110968117215258, -21.309745338354883 ], [ -45.110698622630025, -21.309745338354876 ], [ -45.110698622630025, -21.309475843769633 ], [ -45.110968117215258, -21.30947584376964 ] ] ] } },
{ "type": "Feature", "properties": { "anos_com_queima": 1, "area_ha": 4.4185146558105366, "inicio": 2011.0, "fim": 2025.0, "tipo": "recurrence", "id_feicao": "recurrence_2011_2025_112" }, "geometry": { "type": "Polygon", "coordinates": [ [ [ -45.108273171362903, -21.306241908746816 ], [ -45.108273171362903, -21.30758938167299 ], [ -45.108812160533368, -21.307589381672994 ], [ -45.108812160533368, -21.307050392502521 ], [ -45.109351149703841, -21.307050392502518 ], [ -45.109351149703841, -21.305433424991104 ], [ -45.107734182192431, -21.305433424991097 ], [ -45.107734182192431, -21.305702919576333 ], [ -45.106656203851486, -21.305702919576341 ], [ -45.106656203851486, -21.30597241416158 ], [ -45.106386709266246, -21.305972414161573 ], [ -45.106386709266246, -21.306241908746806 ], [ -45.106117214681014, -21.306241908746813 ], [ -45.106117214681014, -21.30758938167299 ], [ -45.106656203851486, -21.307589381672987 ], [ -45.106656203851486, -21.306241908746806 ], [ -45.108273171362903, -21.306241908746816 ] ] ] } },
{ "type": "Feature", "properties": { "anos_com_queima": 1, "area_ha": 0.75032113620229068, "inicio": 2011.0, "fim": 2025.0, "tipo": "recurrence", "id_feicao": "recurrence_2011_2025_113" }, "geometry": { "type": "Polygon", "coordinates": [ [ [ -45.119861438528041, -21.305163930405861 ], [ -45.120669922283746, -21.305163930405872 ], [ -45.120669922283746, -21.304624941235389 ], [ -45.119591943942808, -21.304624941235392 ], [ -45.119591943942808, -21.305433424991108 ], [ -45.119861438528041, -21.305433424991108 ], [ -45.119861438528041, -21.305163930405861 ] ] ] } },
{ "type": "Feature", "properties": { "anos_com_queima": 1, "area_ha": 0.083369882880616933, "inicio": 2011.0, "fim": 2025.0, "tipo": "recurrence", "id_feicao": "recurrence_2011_2025_114" }, "geometry": { "type": "Polygon", "coordinates": [ [ [ -45.115549525164269, -21.303546962894458 ], [ -45.115819019749502, -21.303546962894458 ], [ -45.115819019749502, -21.303277468309219 ], [ -45.115549525164269, -21.303277468309219 ], [ -45.115549525164269, -21.303546962894458 ] ] ] } },
{ "type": "Feature", "properties": { "anos_com_queima": 1, "area_ha": 0.083369871923699976, "inicio": 2011.0, "fim": 2025.0, "tipo": "recurrence", "id_feicao": "recurrence_2011_2025_115" }, "geometry": { "type": "Polygon", "coordinates": [ [ [ -45.11339356848238, -21.303546962894455 ], [ -45.113663063067619, -21.303546962894451 ], [ -45.113663063067619, -21.303277468309219 ], [ -45.11339356848238, -21.303277468309219 ], [ -45.11339356848238, -21.303546962894455 ] ] ] } },
{ "type": "Feature", "properties": { "anos_com_queima": 1, "area_ha": 1.0838112709143872, "inicio": 2011.0, "fim": 2025.0, "tipo": "recurrence", "id_feicao": "recurrence_2011_2025_116" }, "geometry": { "type": "Polygon", "coordinates": [ [ [ -45.116088514334741, -21.303546962894458 ], [ -45.116088514334741, -21.303816457479687 ], [ -45.118244471016624, -21.303816457479691 ], [ -45.118244471016624, -21.303007973723982 ], [ -45.117974976431391, -21.303007973723986 ], [ -45.117974976431391, -21.30273847913875 ], [ -45.117705481846151, -21.302738479138746 ], [ -45.117705481846151, -21.303546962894462 ], [ -45.116088514334741, -21.303546962894458 ] ] ] } },
{ "type": "Feature", "properties": { "anos_com_queima": 1, "area_ha": 7.9201386283893926, "inicio": 2011.0, "fim": 2025.0, "tipo": "recurrence", "id_feicao": "recurrence_2011_2025_117" }, "geometry": { "type": "Polygon", "coordinates": [ [ [ -45.113124073897147, -21.304355446650153 ], [ -45.113124073897147, -21.303816457479687 ], [ -45.11339356848238, -21.303816457479691 ], [ -45.11339356848238, -21.303546962894455 ], [ -45.11150710638573, -21.303546962894455 ], [ -45.11150710638573, -21.303277468309222 ], [ -45.110429128044785, -21.303277468309215 ], [ -45.110429128044785, -21.301121511627333 ], [ -45.109081655118608, -21.301121511627336 ], [ -45.109081655118608, -21.30219948996827 ], [ -45.109351149703841, -21.302199489968274 ], [ -45.109351149703841, -21.305433424991104 ], [ -45.110159633459553, -21.305433424991101 ], [ -45.110159633459553, -21.304355446650149 ], [ -45.110429128044785, -21.304355446650156 ], [ -45.110429128044785, -21.304085952064916 ], [ -45.11150710638573, -21.304085952064916 ], [ -45.11150710638573, -21.304355446650156 ], [ -45.113124073897147, -21.304355446650153 ] ] ] } },
{ "type": "Feature", "properties": { "anos_com_queima": 1, "area_ha": 0.083370029478147631, "inicio": 2011.0, "fim": 2025.0, "tipo": "recurrence", "id_feicao": "recurrence_2011_2025_118" }, "geometry": { "type": "Polygon", "coordinates": [ [ [ -45.115010535993797, -21.303277468309219 ], [ -45.115280030579029, -21.303277468309215 ], [ -45.115280030579029, -21.303007973723979 ], [ -45.115010535993797, -21.303007973723982 ], [ -45.115010535993797, -21.303277468309219 ] ] ] } },
{ "type": "Feature", "properties": { "anos_com_queima": 1, "area_ha": 0.16674004664294026, "inicio": 2011.0, "fim": 2025.0, "tipo": "recurrence", "id_feicao": "recurrence_2011_2025_119" }, "geometry": { "type": "Polygon", "coordinates": [ [ [ -45.114202052238092, -21.303277468309219 ], [ -45.114202052238092, -21.303007973723986 ], [ -45.113663063067619, -21.303007973723982 ], [ -45.113663063067619, -21.303277468309219 ], [ -45.114202052238092, -21.303277468309219 ] ] ] } },
{ "type": "Feature", "properties": { "anos_com_queima": 1, "area_ha": 6.4195531530379579, "inicio": 2011.0, "fim": 2025.0, "tipo": "recurrence", "id_feicao": "recurrence_2011_2025_120" }, "geometry": { "type": "Polygon", "coordinates": [ [ [ -45.119052954772336, -21.302199489968274 ], [ -45.119052954772336, -21.301929995383041 ], [ -45.12013093311328, -21.301929995383034 ], [ -45.12013093311328, -21.301391006212565 ], [ -45.120400427698513, -21.301391006212569 ], [ -45.120400427698513, -21.301121511627329 ], [ -45.119591943942808, -21.301121511627333 ], [ -45.119591943942808, -21.300852017042093 ], [ -45.116627503505214, -21.300852017042093 ], [ -45.116627503505214, -21.300582522456853 ], [ -45.115549525164269, -21.300582522456857 ], [ -45.115549525164269, -21.301660500797798 ], [ -45.116358008919974, -21.301660500797801 ], [ -45.116358008919974, -21.301929995383038 ], [ -45.116896998090446, -21.301929995383041 ], [ -45.116896998090446, -21.302199489968274 ], [ -45.117435987260919, -21.30219948996827 ], [ -45.117435987260919, -21.302468984553514 ], [ -45.117705481846151, -21.30246898455351 ], [ -45.117705481846151, -21.30219948996827 ], [ -45.119052954772336, -21.302199489968274 ] ] ] } },
{ "type": "Feature", "properties": { "anos_com_queima": 1, "area_ha": 1.6675284252673388, "inicio": 2011.0, "fim": 2025.0, "tipo": "recurrence", "id_feicao": "recurrence_2011_2025_121" }, "geometry": { "type": "Polygon", "coordinates": [ [ [ -45.108812160533368, -21.292228190314543 ], [ -45.109890138874313, -21.292228190314539 ], [ -45.109890138874313, -21.290880717388365 ], [ -45.108812160533368, -21.290880717388362 ], [ -45.108812160533368, -21.292228190314543 ] ] ] } },
{ "type": "Feature", "properties": { "anos_com_queima": 1, "area_ha": 1.3341035004936301, "inicio": 2011.0, "fim": 2025.0, "tipo": "recurrence", "id_feicao": "recurrence_2011_2025_122" }, "geometry": { "type": "Polygon", "coordinates": [ [ [ -45.119322449357568, -21.283065374416527 ], [ -45.119322449357568, -21.281987396075579 ], [ -45.118244471016624, -21.281987396075589 ], [ -45.118244471016624, -21.28306537441652 ], [ -45.119322449357568, -21.283065374416527 ] ] ] } },
{ "type": "Feature", "properties": { "anos_com_queima": 1, "area_ha": 4.9204682196189218, "inicio": 2011.0, "fim": 2025.0, "tipo": "recurrence", "id_feicao": "recurrence_2011_2025_123" }, "geometry": { "type": "Polygon", "coordinates": [ [ [ -45.110698622630025, -21.251265013358697 ], [ -45.110698622630025, -21.252612486284878 ], [ -45.110968117215258, -21.252612486284878 ], [ -45.110968117215258, -21.254498948381528 ], [ -45.112046095556202, -21.254498948381528 ], [ -45.112046095556202, -21.253959959211056 ], [ -45.112854579311907, -21.253959959211052 ], [ -45.112854579311907, -21.252881980870107 ], [ -45.111776600970963, -21.252881980870104 ], [ -45.111776600970963, -21.251265013358701 ], [ -45.110698622630025, -21.251265013358697 ] ] ] } },
{ "type": "Feature", "properties": { "anos_com_queima": 1, "area_ha": 2.0018456783767791, "inicio": 2011.0, "fim": 2025.0, "tipo": "recurrence", "id_feicao": "recurrence_2011_2025_124" }, "geometry": { "type": "Polygon", "coordinates": [ [ [ -45.118513965601863, -21.231052919466009 ], [ -45.12013093311328, -21.231052919466013 ], [ -45.12013093311328, -21.229974941125064 ], [ -45.118513965601863, -21.229974941125064 ], [ -45.118513965601863, -21.231052919466009 ] ] ] } },
{ "type": "Feature", "properties": { "anos_com_queima": 1, "area_ha": 3.7534931471144133, "inicio": 2011.0, "fim": 2025.0, "tipo": "recurrence", "id_feicao": "recurrence_2011_2025_125" }, "geometry": { "type": "Polygon", "coordinates": [ [ [ -45.119322449357568, -21.229435951954596 ], [ -45.119322449357568, -21.228357973613655 ], [ -45.117705481846151, -21.228357973613651 ], [ -45.117705481846151, -21.22862746819888 ], [ -45.117435987260919, -21.228627468198887 ], [ -45.117435987260919, -21.228896962784123 ], [ -45.116627503505214, -21.228896962784123 ], [ -45.116627503505214, -21.229974941125064 ], [ -45.117705481846151, -21.229974941125061 ], [ -45.117705481846151, -21.229705446539832 ], [ -45.118783460187096, -21.229705446539832 ], [ -45.118783460187096, -21.229435951954596 ], [ -45.119322449357568, -21.229435951954596 ] ] ] } },
{ "type": "Feature", "properties": { "anos_com_queima": 1, "area_ha": 1.3345846658058864, "inicio": 2011.0, "fim": 2025.0, "tipo": "recurrence", "id_feicao": "recurrence_2011_2025_126" }, "geometry": { "type": "Polygon", "coordinates": [ [ [ -45.113124073897147, -21.228627468198887 ], [ -45.113124073897147, -21.227549489857946 ], [ -45.112046095556202, -21.227549489857946 ], [ -45.112046095556202, -21.228627468198887 ], [ -45.113124073897147, -21.228627468198887 ] ] ] } },
{ "type": "Feature", "properties": { "anos_com_queima": 1, "area_ha": 0.083420859603956343, "inicio": 2011.0, "fim": 2025.0, "tipo": "recurrence", "id_feicao": "recurrence_2011_2025_127" }, "geometry": { "type": "Polygon", "coordinates": [ [ [ -45.116088514334741, -21.21137981474379 ], [ -45.116358008919974, -21.211379814743779 ], [ -45.116358008919974, -21.211110320158554 ], [ -45.116088514334741, -21.211110320158546 ], [ -45.116088514334741, -21.21137981474379 ] ] ] } },
{ "type": "Feature", "properties": { "anos_com_queima": 1, "area_ha": 3.5871139470290769, "inicio": 2011.0, "fim": 2025.0, "tipo": "recurrence", "id_feicao": "recurrence_2011_2025_128" }, "geometry": { "type": "Polygon", "coordinates": [ [ [ -45.112585084726675, -21.210032341817609 ], [ -45.112585084726675, -21.211379814743786 ], [ -45.114741041408557, -21.211379814743793 ], [ -45.114741041408557, -21.209762847232369 ], [ -45.114471546823324, -21.209762847232373 ], [ -45.114471546823324, -21.20949335264714 ], [ -45.114202052238092, -21.209493352647133 ], [ -45.114202052238092, -21.210032341817612 ], [ -45.112585084726675, -21.210032341817609 ] ] ] } },
{ "type": "Feature", "properties": { "anos_com_queima": 1, "area_ha": 5.0052986985000354, "inicio": 2011.0, "fim": 2025.0, "tipo": "recurrence", "id_feicao": "recurrence_2011_2025_129" }, "geometry": { "type": "Polygon", "coordinates": [ [ [ -45.109081655118608, -21.210301836402856 ], [ -45.109081655118608, -21.209762847232376 ], [ -45.106925698436719, -21.20976284723238 ], [ -45.106925698436719, -21.208145879720952 ], [ -45.106386709266246, -21.208145879720959 ], [ -45.106386709266246, -21.207606890550483 ], [ -45.105847720095774, -21.207606890550487 ], [ -45.105847720095774, -21.208684868891432 ], [ -45.106117214681014, -21.208684868891424 ], [ -45.106117214681014, -21.210301836402849 ], [ -45.106386709266246, -21.210301836402845 ], [ -45.106386709266246, -21.210571330988071 ], [ -45.107464687607191, -21.210571330988078 ], [ -45.107464687607191, -21.210840825573314 ], [ -45.108812160533368, -21.210840825573321 ], [ -45.108812160533368, -21.210301836402845 ], [ -45.109081655118608, -21.210301836402856 ] ] ] } },
{ "type": "Feature", "properties": { "anos_com_queima": 1, "area_ha": 12.429980543926824, "inicio": 2011.0, "fim": 2025.0, "tipo": "recurrence", "id_feicao": "recurrence_2011_2025_130" }, "geometry": { "type": "Polygon", "coordinates": [ [ [ -45.112854579311907, -21.207876385135719 ], [ -45.114202052238092, -21.207876385135723 ], [ -45.114202052238092, -21.209223858061897 ], [ -45.115280030579029, -21.2092238580619 ], [ -45.115280030579029, -21.208684868891428 ], [ -45.116358008919974, -21.208684868891424 ], [ -45.116358008919974, -21.208954363476668 ], [ -45.116627503505214, -21.208954363476668 ], [ -45.116627503505214, -21.210840825573317 ], [ -45.116896998090446, -21.210840825573317 ], [ -45.116896998090446, -21.210301836402852 ], [ -45.117166492675686, -21.210301836402856 ], [ -45.117166492675686, -21.207067901380018 ], [ -45.118244471016624, -21.207067901380022 ], [ -45.118244471016624, -21.206798406794782 ], [ -45.120400427698513, -21.206798406794778 ], [ -45.120400427698513, -21.206528912209553 ], [ -45.118513965601863, -21.206528912209549 ], [ -45.118513965601863, -21.206259417624313 ], [ -45.116358008919974, -21.206259417624313 ], [ -45.116358008919974, -21.206528912209535 ], [ -45.115010535993797, -21.206528912209549 ], [ -45.115010535993797, -21.207067901380018 ], [ -45.112046095556202, -21.207067901380022 ], [ -45.112046095556202, -21.207337395965258 ], [ -45.112315590141435, -21.207337395965251 ], [ -45.112315590141435, -21.207606890550487 ], [ -45.112854579311907, -21.20760689055048 ], [ -45.112854579311907, -21.207876385135719 ] ] ] } },
{ "type": "Feature", "properties": { "anos_com_queima": 1, "area_ha": 1.4181818852401216, "inicio": 2011.0, "fim": 2025.0, "tipo": "recurrence", "id_feicao": "recurrence_2011_2025_131" }, "geometry": { "type": "Polygon", "coordinates": [ [ [ -45.109081655118608, -21.207067901380022 ], [ -45.109081655118608, -21.207337395965258 ], [ -45.109351149703841, -21.207337395965251 ], [ -45.109351149703841, -21.20760689055048 ], [ -45.109890138874313, -21.20760689055049 ], [ -45.109890138874313, -21.209493352647144 ], [ -45.109351149703841, -21.209493352647129 ], [ -45.109351149703841, -21.209762847232376 ], [ -45.110159633459553, -21.20976284723238 ], [ -45.110159633459553, -21.207067901380022 ], [ -45.109081655118608, -21.207067901380022 ] ] ] } },
{ "type": "Feature", "properties": { "anos_com_queima": 1, "area_ha": 0.16684655156436201, "inicio": 2011.0, "fim": 2025.0, "tipo": "recurrence", "id_feicao": "recurrence_2011_2025_132" }, "geometry": { "type": "Polygon", "coordinates": [ [ [ -45.108812160533368, -21.207067901380022 ], [ -45.108812160533368, -21.206528912209546 ], [ -45.108542665948136, -21.206528912209549 ], [ -45.108542665948136, -21.207067901380022 ], [ -45.108812160533368, -21.207067901380022 ] ] ] } },
{ "type": "Feature", "properties": { "anos_com_queima": 1, "area_ha": 0.16684697070997209, "inicio": 2011.0, "fim": 2025.0, "tipo": "recurrence", "id_feicao": "recurrence_2011_2025_133" }, "geometry": { "type": "Polygon", "coordinates": [ [ [ -45.105578225510541, -21.206528912209549 ], [ -45.106117214681014, -21.206528912209549 ], [ -45.106117214681014, -21.206259417624306 ], [ -45.105578225510541, -21.206259417624313 ], [ -45.105578225510541, -21.206528912209549 ] ] ] } },
{ "type": "Feature", "properties": { "anos_com_queima": 1, "area_ha": 0.16684727319484902, "inicio": 2011.0, "fim": 2025.0, "tipo": "recurrence", "id_feicao": "recurrence_2011_2025_134" }, "geometry": { "type": "Polygon", "coordinates": [ [ [ -45.106656203851486, -21.20625941762431 ], [ -45.106656203851486, -21.205989923039066 ], [ -45.106117214681014, -21.205989923039077 ], [ -45.106117214681014, -21.206259417624306 ], [ -45.106656203851486, -21.20625941762431 ] ] ] } },
{ "type": "Feature", "properties": { "anos_com_queima": 1, "area_ha": 0.083424003878975334, "inicio": 2011.0, "fim": 2025.0, "tipo": "recurrence", "id_feicao": "recurrence_2011_2025_135" }, "geometry": { "type": "Polygon", "coordinates": [ [ [ -45.120400427698513, -21.20572042845383 ], [ -45.120400427698513, -21.205450933868601 ], [ -45.12013093311328, -21.205450933868605 ], [ -45.12013093311328, -21.20572042845383 ], [ -45.120400427698513, -21.20572042845383 ] ] ] } },
{ "type": "Feature", "properties": { "anos_com_queima": 1, "area_ha": 5.0054419460549955, "inicio": 2011.0, "fim": 2025.0, "tipo": "recurrence", "id_feicao": "recurrence_2011_2025_136" }, "geometry": { "type": "Polygon", "coordinates": [ [ [ -45.110698622630025, -21.207067901380018 ], [ -45.112046095556202, -21.207067901380022 ], [ -45.112046095556202, -21.203833966357188 ], [ -45.110698622630025, -21.203833966357184 ], [ -45.110698622630025, -21.207067901380018 ] ] ] } },
{ "type": "Feature", "properties": { "anos_com_queima": 1, "area_ha": 5.8398405496772376, "inicio": 2011.0, "fim": 2025.0, "tipo": "recurrence", "id_feicao": "recurrence_2011_2025_137" }, "geometry": { "type": "Polygon", "coordinates": [ [ [ -45.118244471016624, -21.20221699884577 ], [ -45.118513965601863, -21.202216998845767 ], [ -45.118513965601863, -21.202486493431007 ], [ -45.118783460187096, -21.20248649343101 ], [ -45.118783460187096, -21.205181439283365 ], [ -45.119591943942808, -21.205181439283368 ], [ -45.119591943942808, -21.204103460942424 ], [ -45.119052954772336, -21.204103460942431 ], [ -45.119052954772336, -21.201678009675291 ], [ -45.118783460187096, -21.201678009675298 ], [ -45.118783460187096, -21.201408515090062 ], [ -45.118513965601863, -21.201408515090069 ], [ -45.118513965601863, -21.201139020504822 ], [ -45.118244471016624, -21.201139020504826 ], [ -45.118244471016624, -21.198983063822936 ], [ -45.117974976431391, -21.19898306382294 ], [ -45.117974976431391, -21.19925255840818 ], [ -45.116358008919974, -21.199252558408173 ], [ -45.116358008919974, -21.200600031334353 ], [ -45.117705481846151, -21.200600031334353 ], [ -45.117705481846151, -21.201139020504833 ], [ -45.117974976431391, -21.201139020504826 ], [ -45.117974976431391, -21.201408515090066 ], [ -45.118244471016624, -21.201408515090062 ], [ -45.118244471016624, -21.20221699884577 ] ] ] } },
{ "type": "Feature", "properties": { "anos_com_queima": 1, "area_ha": 21.607627196530313, "inicio": 2011.0, "fim": 2025.0, "tipo": "recurrence", "id_feicao": "recurrence_2011_2025_138" }, "geometry": { "type": "Polygon", "coordinates": [ [ [ -45.107734182192431, -21.205720428453841 ], [ -45.107734182192431, -21.206528912209549 ], [ -45.108542665948136, -21.206528912209549 ], [ -45.108542665948136, -21.204103460942427 ], [ -45.108812160533368, -21.204103460942431 ], [ -45.108812160533368, -21.203833966357188 ], [ -45.108273171362903, -21.203833966357184 ], [ -45.108273171362903, -21.201408515090062 ], [ -45.107734182192431, -21.201408515090062 ], [ -45.107734182192431, -21.201139020504822 ], [ -45.107464687607191, -21.201139020504826 ], [ -45.107464687607191, -21.200600031334361 ], [ -45.106117214681014, -21.200600031334353 ], [ -45.106117214681014, -21.19925255840818 ], [ -45.107734182192431, -21.19925255840818 ], [ -45.107734182192431, -21.1987135692377 ], [ -45.108273171362903, -21.1987135692377 ], [ -45.108273171362903, -21.197635590896763 ], [ -45.108812160533368, -21.197635590896766 ], [ -45.108812160533368, -21.195479634214866 ], [ -45.107195193021958, -21.195479634214873 ], [ -45.107195193021958, -21.194940645044394 ], [ -45.106386709266246, -21.194940645044397 ], [ -45.106386709266246, -21.195479634214877 ], [ -45.105578225510541, -21.195479634214873 ], [ -45.105578225510541, -21.199522052993412 ], [ -45.105308730925309, -21.199522052993409 ], [ -45.105308730925309, -21.200600031334357 ], [ -45.105578225510541, -21.200600031334361 ], [ -45.105578225510541, -21.201408515090058 ], [ -45.107195193021958, -21.201408515090062 ], [ -45.107195193021958, -21.205720428453841 ], [ -45.107734182192431, -21.205720428453841 ] ], [ [ -45.106386709266246, -21.196018623385349 ], [ -45.107464687607191, -21.196018623385342 ], [ -45.107464687607191, -21.197096601726287 ], [ -45.106386709266246, -21.197096601726283 ], [ -45.106386709266246, -21.196018623385349 ] ] ] } },
{ "type": "Feature", "properties": { "anos_com_queima": 1, "area_ha": 5.9233459042484462, "inicio": 2011.0, "fim": 2025.0, "tipo": "recurrence", "id_feicao": "recurrence_2011_2025_139" }, "geometry": { "type": "Polygon", "coordinates": [ [ [ -45.114471546823324, -21.198444074652464 ], [ -45.114471546823324, -21.198174580067228 ], [ -45.112585084726675, -21.198174580067231 ], [ -45.112585084726675, -21.200600031334353 ], [ -45.114741041408557, -21.200600031334357 ], [ -45.114741041408557, -21.198444074652475 ], [ -45.114471546823324, -21.198444074652464 ] ] ] } },
{ "type": "Feature", "properties": { "anos_com_queima": 1, "area_ha": 0.75085573563942365, "inicio": 2011.0, "fim": 2025.0, "tipo": "recurrence", "id_feicao": "recurrence_2011_2025_140" }, "geometry": { "type": "Polygon", "coordinates": [ [ [ -45.110968117215258, -21.197366096311526 ], [ -45.110968117215258, -21.198174580067239 ], [ -45.111776600970963, -21.198174580067228 ], [ -45.111776600970963, -21.197905085481992 ], [ -45.111237611800497, -21.197905085482002 ], [ -45.111237611800497, -21.196827107141058 ], [ -45.110698622630025, -21.196827107141047 ], [ -45.110698622630025, -21.197366096311534 ], [ -45.110968117215258, -21.197366096311526 ] ] ] } },
{ "type": "Feature", "properties": { "anos_com_queima": 1, "area_ha": 4.4217376789800822, "inicio": 2011.0, "fim": 2025.0, "tipo": "recurrence", "id_feicao": "recurrence_2011_2025_141" }, "geometry": { "type": "Polygon", "coordinates": [ [ [ -45.115280030579029, -21.195210139629641 ], [ -45.115819019749502, -21.195210139629637 ], [ -45.115819019749502, -21.194940645044394 ], [ -45.116358008919974, -21.194940645044404 ], [ -45.116358008919974, -21.194401655873929 ], [ -45.112315590141435, -21.194401655873929 ], [ -45.112315590141435, -21.194671150459168 ], [ -45.114202052238092, -21.194671150459165 ], [ -45.114202052238092, -21.19709660172629 ], [ -45.114471546823324, -21.197096601726294 ], [ -45.114471546823324, -21.196827107141047 ], [ -45.115010535993797, -21.196827107141047 ], [ -45.115010535993797, -21.196557612555811 ], [ -45.115280030579029, -21.196557612555814 ], [ -45.115280030579029, -21.195210139629641 ] ] ] } },
{ "type": "Feature", "properties": { "anos_com_queima": 1, "area_ha": 1.6685891141377498, "inicio": 2011.0, "fim": 2025.0, "tipo": "recurrence", "id_feicao": "recurrence_2011_2025_142" }, "geometry": { "type": "Polygon", "coordinates": [ [ [ -45.110698622630025, -21.196827107141047 ], [ -45.110698622630025, -21.195210139629637 ], [ -45.111776600970963, -21.195210139629634 ], [ -45.111776600970963, -21.194940645044397 ], [ -45.110698622630025, -21.194940645044401 ], [ -45.110698622630025, -21.194671150459172 ], [ -45.110159633459553, -21.194671150459172 ], [ -45.110159633459553, -21.196827107141058 ], [ -45.110698622630025, -21.196827107141047 ] ] ] } },
{ "type": "Feature", "properties": { "anos_com_queima": 1, "area_ha": 3.1703321442370669, "inicio": 2011.0, "fim": 2025.0, "tipo": "recurrence", "id_feicao": "recurrence_2011_2025_143" }, "geometry": { "type": "Polygon", "coordinates": [ [ [ -45.117974976431391, -21.194401655873929 ], [ -45.117974976431391, -21.194132161288692 ], [ -45.117705481846151, -21.194132161288692 ], [ -45.117705481846151, -21.19386266670346 ], [ -45.117435987260919, -21.193862666703456 ], [ -45.117435987260919, -21.193323677532991 ], [ -45.117166492675686, -21.193323677532984 ], [ -45.117166492675686, -21.195479634214866 ], [ -45.117435987260919, -21.19547963421487 ], [ -45.117435987260919, -21.196288117970578 ], [ -45.118783460187096, -21.196288117970575 ], [ -45.118783460187096, -21.195749128800109 ], [ -45.118513965601863, -21.195749128800113 ], [ -45.118513965601863, -21.195210139629637 ], [ -45.118244471016624, -21.195210139629637 ], [ -45.118244471016624, -21.194401655873932 ], [ -45.117974976431391, -21.194401655873929 ] ] ] } },
{ "type": "Feature", "properties": { "anos_com_queima": 1, "area_ha": 0.16685981574486941, "inicio": 2011.0, "fim": 2025.0, "tipo": "recurrence", "id_feicao": "recurrence_2011_2025_144" }, "geometry": { "type": "Polygon", "coordinates": [ [ [ -45.111776600970963, -21.194940645044397 ], [ -45.112315590141435, -21.194940645044404 ], [ -45.112315590141435, -21.194671150459168 ], [ -45.111776600970963, -21.194671150459165 ], [ -45.111776600970963, -21.194940645044397 ] ] ] } },
{ "type": "Feature", "properties": { "anos_com_queima": 1, "area_ha": 10.428851251034866, "inicio": 2011.0, "fim": 2025.0, "tipo": "recurrence", "id_feicao": "recurrence_2011_2025_145" }, "geometry": { "type": "Polygon", "coordinates": [ [ [ -45.108542665948136, -21.191976204606807 ], [ -45.108542665948136, -21.192245699192043 ], [ -45.108273171362903, -21.192245699192046 ], [ -45.108273171362903, -21.191976204606803 ], [ -45.107464687607191, -21.19197620460681 ], [ -45.107464687607191, -21.190898226265862 ], [ -45.107195193021958, -21.190898226265858 ], [ -45.107195193021958, -21.194671150459161 ], [ -45.108273171362903, -21.194671150459158 ], [ -45.108273171362903, -21.194401655873929 ], [ -45.110698622630025, -21.194401655873925 ], [ -45.110698622630025, -21.193323677532991 ], [ -45.110968117215258, -21.193323677532984 ], [ -45.110968117215258, -21.193054182947755 ], [ -45.110698622630025, -21.193054182947744 ], [ -45.110698622630025, -21.191976204606807 ], [ -45.108542665948136, -21.191976204606807 ] ] ] } },
{ "type": "Feature", "properties": { "anos_com_queima": 1, "area_ha": 0.083431269391672044, "inicio": 2011.0, "fim": 2025.0, "tipo": "recurrence", "id_feicao": "recurrence_2011_2025_146" }, "geometry": { "type": "Polygon", "coordinates": [ [ [ -45.116896998090446, -21.192515193777275 ], [ -45.116896998090446, -21.192245699192043 ], [ -45.116627503505214, -21.192245699192046 ], [ -45.116627503505214, -21.192515193777282 ], [ -45.116896998090446, -21.192515193777275 ] ] ] } },
{ "type": "Feature", "properties": { "anos_com_queima": 1, "area_ha": 3.0035521108385175, "inicio": 2011.0, "fim": 2025.0, "tipo": "recurrence", "id_feicao": "recurrence_2011_2025_147" }, "geometry": { "type": "Polygon", "coordinates": [ [ [ -45.112315590141435, -21.191437215436338 ], [ -45.11150710638573, -21.191437215436331 ], [ -45.11150710638573, -21.191976204606807 ], [ -45.114202052238092, -21.191976204606807 ], [ -45.114202052238092, -21.190898226265858 ], [ -45.112585084726675, -21.190898226265862 ], [ -45.112585084726675, -21.190359237095389 ], [ -45.112315590141435, -21.190359237095389 ], [ -45.112315590141435, -21.191437215436338 ] ] ] } },
{ "type": "Feature", "properties": { "anos_com_queima": 1, "area_ha": 0.66746260947751601, "inicio": 2011.0, "fim": 2025.0, "tipo": "recurrence", "id_feicao": "recurrence_2011_2025_148" }, "geometry": { "type": "Polygon", "coordinates": [ [ [ -45.116358008919974, -21.190089742510153 ], [ -45.116358008919974, -21.189011764169216 ], [ -45.115819019749502, -21.189011764169212 ], [ -45.115819019749502, -21.19008974251016 ], [ -45.116358008919974, -21.190089742510153 ] ] ] } },
{ "type": "Feature", "properties": { "anos_com_queima": 1, "area_ha": 0.16686803664245953, "inicio": 2011.0, "fim": 2025.0, "tipo": "recurrence", "id_feicao": "recurrence_2011_2025_149" }, "geometry": { "type": "Polygon", "coordinates": [ [ [ -45.116896998090446, -21.187664291243035 ], [ -45.116896998090446, -21.187125302072559 ], [ -45.116627503505214, -21.187125302072559 ], [ -45.116627503505214, -21.187664291243031 ], [ -45.116896998090446, -21.187664291243035 ] ] ] } },
{ "type": "Feature", "properties": { "anos_com_queima": 1, "area_ha": 18.10519321923293, "inicio": 2011.0, "fim": 2025.0, "tipo": "recurrence", "id_feicao": "recurrence_2011_2025_150" }, "geometry": { "type": "Polygon", "coordinates": [ [ [ -45.106386709266246, -21.186855807487323 ], [ -45.106117214681014, -21.186855807487323 ], [ -45.106117214681014, -21.187125302072566 ], [ -45.106925698436719, -21.187125302072555 ], [ -45.106925698436719, -21.188203280413507 ], [ -45.107195193021958, -21.188203280413514 ], [ -45.107195193021958, -21.188472774998743 ], [ -45.108542665948136, -21.188472774998743 ], [ -45.108542665948136, -21.188203280413511 ], [ -45.108812160533368, -21.188203280413504 ], [ -45.108812160533368, -21.18793378582826 ], [ -45.110968117215258, -21.187933785828271 ], [ -45.110968117215258, -21.189281258754455 ], [ -45.11150710638573, -21.189281258754452 ], [ -45.11150710638573, -21.189550753339681 ], [ -45.112315590141435, -21.189550753339681 ], [ -45.112315590141435, -21.188742269583969 ], [ -45.111237611800497, -21.188742269583976 ], [ -45.111237611800497, -21.185777829146389 ], [ -45.11339356848238, -21.185777829146385 ], [ -45.11339356848238, -21.184969345390666 ], [ -45.108273171362903, -21.184969345390673 ], [ -45.108273171362903, -21.185777829146385 ], [ -45.107464687607191, -21.185777829146378 ], [ -45.107464687607191, -21.186047323731618 ], [ -45.106925698436719, -21.186047323731621 ], [ -45.106925698436719, -21.186316818316854 ], [ -45.106656203851486, -21.186316818316858 ], [ -45.106656203851486, -21.18658631290209 ], [ -45.106386709266246, -21.186586312902094 ], [ -45.106386709266246, -21.186855807487323 ] ] ] } },
{ "type": "Feature", "properties": { "anos_com_queima": 1, "area_ha": 2.2527363123706925, "inicio": 2011.0, "fim": 2025.0, "tipo": "recurrence", "id_feicao": "recurrence_2011_2025_151" }, "geometry": { "type": "Polygon", "coordinates": [ [ [ -45.105578225510541, -21.185508334561156 ], [ -45.105578225510541, -21.184699850805437 ], [ -45.105308730925309, -21.184699850805433 ], [ -45.105308730925309, -21.185238839975909 ], [ -45.103152774243419, -21.185238839975906 ], [ -45.103152774243419, -21.186586312902087 ], [ -45.103422268828652, -21.186586312902083 ], [ -45.103422268828652, -21.186855807487323 ], [ -45.103961257999124, -21.186855807487319 ], [ -45.103961257999124, -21.185777829146378 ], [ -45.104500247169597, -21.185777829146385 ], [ -45.104500247169597, -21.185508334561156 ], [ -45.105578225510541, -21.185508334561156 ] ] ] } },
{ "type": "Feature", "properties": { "anos_com_queima": 1, "area_ha": 10.095743716634262, "inicio": 2011.0, "fim": 2025.0, "tipo": "recurrence", "id_feicao": "recurrence_2011_2025_152" }, "geometry": { "type": "Polygon", "coordinates": [ [ [ -45.116896998090446, -21.181735410367835 ], [ -45.116896998090446, -21.182813388708787 ], [ -45.116358008919974, -21.182813388708784 ], [ -45.116358008919974, -21.18308288329402 ], [ -45.113932557652852, -21.183082883294031 ], [ -45.113932557652852, -21.185508334561149 ], [ -45.116896998090446, -21.185508334561145 ], [ -45.116896998090446, -21.184430356220197 ], [ -45.117435987260919, -21.184430356220201 ], [ -45.117435987260919, -21.181735410367835 ], [ -45.116896998090446, -21.181735410367835 ] ] ] } },
{ "type": "Feature", "properties": { "anos_com_queima": 1, "area_ha": 0.08343736781245098, "inicio": 2011.0, "fim": 2025.0, "tipo": "recurrence", "id_feicao": "recurrence_2011_2025_153" }, "geometry": { "type": "Polygon", "coordinates": [ [ [ -45.117974976431391, -21.181465915782614 ], [ -45.118244471016624, -21.181465915782614 ], [ -45.118244471016624, -21.181196421197377 ], [ -45.117974976431391, -21.181196421197377 ], [ -45.117974976431391, -21.181465915782614 ] ] ] } },
{ "type": "Feature", "properties": { "anos_com_queima": 1, "area_ha": 0.5840643206702858, "inicio": 2011.0, "fim": 2025.0, "tipo": "recurrence", "id_feicao": "recurrence_2011_2025_154" }, "geometry": { "type": "Polygon", "coordinates": [ [ [ -45.119052954772336, -21.181196421197377 ], [ -45.119052954772336, -21.179848948271196 ], [ -45.118783460187096, -21.179848948271196 ], [ -45.118783460187096, -21.180926926612134 ], [ -45.118244471016624, -21.180926926612131 ], [ -45.118244471016624, -21.181196421197377 ], [ -45.119052954772336, -21.181196421197377 ] ] ] } },
{ "type": "Feature", "properties": { "anos_com_queima": 1, "area_ha": 144.93228410628802, "inicio": 2011.0, "fim": 2025.0, "tipo": "recurrence", "id_feicao": "recurrence_2011_2025_155" }, "geometry": { "type": "Polygon", "coordinates": [ [ [ -45.101805301317242, -21.177154002418831 ], [ -45.09911035546488, -21.177154002418838 ], [ -45.09911035546488, -21.177423497004071 ], [ -45.097762882538703, -21.177423497004071 ], [ -45.097762882538703, -21.177692991589311 ], [ -45.098571366294408, -21.177692991589304 ], [ -45.098571366294408, -21.177962486174547 ], [ -45.098840860879648, -21.177962486174543 ], [ -45.098840860879648, -21.180387937441665 ], [ -45.098301871709175, -21.180387937441658 ], [ -45.098301871709175, -21.180657432026901 ], [ -45.097762882538703, -21.180657432026901 ], [ -45.097762882538703, -21.181196421197377 ], [ -45.097493387953463, -21.181196421197374 ], [ -45.097493387953463, -21.181465915782606 ], [ -45.096954398782991, -21.181465915782617 ], [ -45.096954398782991, -21.182274399538315 ], [ -45.095876420442053, -21.182274399538318 ], [ -45.095876420442053, -21.182543894123551 ], [ -45.096684904197758, -21.182543894123555 ], [ -45.096684904197758, -21.185508334561149 ], [ -45.096954398782991, -21.185508334561153 ], [ -45.096954398782991, -21.186316818316858 ], [ -45.099649344635353, -21.186316818316858 ], [ -45.099649344635353, -21.186047323731628 ], [ -45.10099681756153, -21.186047323731625 ], [ -45.10099681756153, -21.187664291243035 ], [ -45.10126631214677, -21.187664291243031 ], [ -45.10126631214677, -21.186855807487326 ], [ -45.101535806732002, -21.186855807487326 ], [ -45.101535806732002, -21.186047323731614 ], [ -45.101805301317242, -21.186047323731625 ], [ -45.101805301317242, -21.18335237787926 ], [ -45.105578225510541, -21.183352377879263 ], [ -45.105578225510541, -21.184699850805437 ], [ -45.106386709266246, -21.184699850805444 ], [ -45.106386709266246, -21.183082883294023 ], [ -45.107464687607191, -21.183082883294023 ], [ -45.107464687607191, -21.181735410367846 ], [ -45.109890138874313, -21.18173541036785 ], [ -45.109890138874313, -21.180657432026905 ], [ -45.114202052238092, -21.180657432026905 ], [ -45.114202052238092, -21.180387937441658 ], [ -45.114741041408557, -21.180387937441669 ], [ -45.114741041408557, -21.180118442856433 ], [ -45.115010535993797, -21.180118442856426 ], [ -45.115010535993797, -21.179848948271196 ], [ -45.115280030579029, -21.1798489482712 ], [ -45.115280030579029, -21.179040464515488 ], [ -45.115819019749502, -21.179040464515488 ], [ -45.115819019749502, -21.178501475345019 ], [ -45.116358008919974, -21.178501475345008 ], [ -45.116358008919974, -21.176345518663126 ], [ -45.11339356848238, -21.176345518663126 ], [ -45.11339356848238, -21.177154002418835 ], [ -45.112046095556202, -21.177154002418835 ], [ -45.112046095556202, -21.177962486174543 ], [ -45.110698622630025, -21.177962486174543 ], [ -45.110698622630025, -21.176884507833599 ], [ -45.110429128044785, -21.176884507833595 ], [ -45.110429128044785, -21.176615013248369 ], [ -45.109890138874313, -21.176615013248359 ], [ -45.109890138874313, -21.176345518663133 ], [ -45.109081655118608, -21.176345518663126 ], [ -45.109081655118608, -21.176076024077894 ], [ -45.108003676777663, -21.176076024077897 ], [ -45.108003676777663, -21.176345518663126 ], [ -45.106656203851486, -21.176345518663123 ], [ -45.106656203851486, -21.175267540322192 ], [ -45.108003676777663, -21.175267540322185 ], [ -45.108003676777663, -21.172303099884584 ], [ -45.106117214681014, -21.172303099884584 ], [ -45.106117214681014, -21.172033605299347 ], [ -45.105308730925309, -21.172033605299362 ], [ -45.105308730925309, -21.172303099884591 ], [ -45.102613785072947, -21.172303099884587 ], [ -45.102613785072947, -21.172572594469827 ], [ -45.102344290487714, -21.172572594469827 ], [ -45.102344290487714, -21.17284208905507 ], [ -45.102074795902475, -21.17284208905507 ], [ -45.102074795902475, -21.173920067396004 ], [ -45.102344290487714, -21.173920067396011 ], [ -45.102344290487714, -21.176076024077897 ], [ -45.101805301317242, -21.17607602407789 ], [ -45.101805301317242, -21.177154002418831 ] ], [ [ -45.103961257999124, -21.18119642119737 ], [ -45.105039236340069, -21.181196421197363 ], [ -45.105039236340069, -21.182274399538315 ], [ -45.103961257999124, -21.182274399538315 ], [ -45.103961257999124, -21.18119642119737 ] ], [ [ -45.105578225510541, -21.180118442856426 ], [ -45.105578225510541, -21.179040464515491 ], [ -45.106656203851486, -21.179040464515488 ], [ -45.106656203851486, -21.180118442856429 ], [ -45.105578225510541, -21.180118442856426 ] ], [ [ -45.103422268828652, -21.176345518663126 ], [ -45.103422268828652, -21.173650572810775 ], [ -45.106386709266246, -21.173650572810764 ], [ -45.106386709266246, -21.176345518663126 ], [ -45.103422268828652, -21.176345518663126 ] ] ] } },
{ "type": "Feature", "properties": { "anos_com_queima": 1, "area_ha": 0.83438271143641318, "inicio": 2011.0, "fim": 2025.0, "tipo": "recurrence", "id_feicao": "recurrence_2011_2025_156" }, "geometry": { "type": "Polygon", "coordinates": [ [ [ -45.119052954772336, -21.179848948271196 ], [ -45.12174790062469, -21.179848948271196 ], [ -45.12174790062469, -21.17957945368596 ], [ -45.119052954772336, -21.17957945368596 ], [ -45.119052954772336, -21.179848948271196 ] ] ] } },
{ "type": "Feature", "properties": { "anos_com_queima": 1, "area_ha": 2.9203849496088341, "inicio": 2011.0, "fim": 2025.0, "tipo": "recurrence", "id_feicao": "recurrence_2011_2025_157" }, "geometry": { "type": "Polygon", "coordinates": [ [ [ -45.119591943942808, -21.178501475345019 ], [ -45.119591943942808, -21.176345518663123 ], [ -45.118783460187096, -21.17634551866313 ], [ -45.118783460187096, -21.178770969930259 ], [ -45.12174790062469, -21.178770969930252 ], [ -45.12174790062469, -21.178501475345019 ], [ -45.119591943942808, -21.178501475345019 ] ] ] } },
{ "type": "Feature", "properties": { "anos_com_queima": 1, "area_ha": 0.25032344577900606, "inicio": 2011.0, "fim": 2025.0, "tipo": "recurrence", "id_feicao": "recurrence_2011_2025_158" }, "geometry": { "type": "Polygon", "coordinates": [ [ [ -45.117435987260919, -21.174459056566466 ], [ -45.117435987260919, -21.174189561981247 ], [ -45.117166492675686, -21.174189561981244 ], [ -45.117166492675686, -21.174728551151713 ], [ -45.117705481846151, -21.174728551151709 ], [ -45.117705481846151, -21.174459056566473 ], [ -45.117435987260919, -21.174459056566466 ] ] ] } },
{ "type": "Feature", "properties": { "anos_com_queima": 1, "area_ha": 3.0039269076347352, "inicio": 2011.0, "fim": 2025.0, "tipo": "recurrence", "id_feicao": "recurrence_2011_2025_159" }, "geometry": { "type": "Polygon", "coordinates": [ [ [ -45.110159633459553, -21.173920067396015 ], [ -45.114741041408557, -21.173920067396004 ], [ -45.114741041408557, -21.173650572810775 ], [ -45.114471546823324, -21.173650572810768 ], [ -45.114471546823324, -21.173381078225539 ], [ -45.110968117215258, -21.173381078225528 ], [ -45.110968117215258, -21.173111583640292 ], [ -45.110159633459553, -21.173111583640303 ], [ -45.110159633459553, -21.173920067396015 ] ] ] } },
{ "type": "Feature", "properties": { "anos_com_queima": 1, "area_ha": 3.5045597747713328, "inicio": 2011.0, "fim": 2025.0, "tipo": "recurrence", "id_feicao": "recurrence_2011_2025_160" }, "geometry": { "type": "Polygon", "coordinates": [ [ [ -45.119052954772336, -21.173650572810779 ], [ -45.119322449357568, -21.173650572810772 ], [ -45.119322449357568, -21.17418956198124 ], [ -45.120669922283746, -21.174189561981251 ], [ -45.120669922283746, -21.173111583640303 ], [ -45.120400427698513, -21.173111583640299 ], [ -45.120400427698513, -21.172033605299358 ], [ -45.119052954772336, -21.172033605299362 ], [ -45.119052954772336, -21.173650572810779 ] ] ] } },
{ "type": "Feature", "properties": { "anos_com_queima": 1, "area_ha": 6.8422549178242686, "inicio": 2011.0, "fim": 2025.0, "tipo": "recurrence", "id_feicao": "recurrence_2011_2025_161" }, "geometry": { "type": "Polygon", "coordinates": [ [ [ -45.117166492675686, -21.171225121543646 ], [ -45.116088514334741, -21.171225121543642 ], [ -45.116088514334741, -21.171494616128879 ], [ -45.115280030579029, -21.171494616128886 ], [ -45.115280030579029, -21.172303099884587 ], [ -45.115010535993797, -21.172303099884591 ], [ -45.115010535993797, -21.173920067396011 ], [ -45.114741041408557, -21.173920067396004 ], [ -45.114741041408557, -21.174189561981244 ], [ -45.117166492675686, -21.174189561981244 ], [ -45.117166492675686, -21.171225121543646 ] ] ] } },
{ "type": "Feature", "properties": { "anos_com_queima": 1, "area_ha": 1.3350788218699039, "inicio": 2011.0, "fim": 2025.0, "tipo": "recurrence", "id_feicao": "recurrence_2011_2025_162" }, "geometry": { "type": "Polygon", "coordinates": [ [ [ -45.108003676777663, -21.171764110714118 ], [ -45.108003676777663, -21.172303099884584 ], [ -45.10962064428908, -21.172303099884587 ], [ -45.10962064428908, -21.172572594469823 ], [ -45.109890138874313, -21.172572594469827 ], [ -45.109890138874313, -21.172842089055059 ], [ -45.110159633459553, -21.17284208905507 ], [ -45.110159633459553, -21.172033605299355 ], [ -45.109351149703841, -21.172033605299351 ], [ -45.109351149703841, -21.171764110714118 ], [ -45.108003676777663, -21.171764110714118 ] ] ] } },
{ "type": "Feature", "properties": { "anos_com_queima": 1, "area_ha": 1.666390363993381, "inicio": 2011.0, "fim": 2025.0, "tipo": "recurrence", "id_feicao": "recurrence_2011_2025_163" }, "geometry": { "type": "Polygon", "coordinates": [ [ [ -45.099918839220585, -21.394636132704175 ], [ -45.099918839220585, -21.393288659778001 ], [ -45.098840860879648, -21.393288659778001 ], [ -45.098840860879648, -21.394636132704168 ], [ -45.099918839220585, -21.394636132704175 ] ] ] } },
{ "type": "Feature", "properties": { "anos_com_queima": 1, "area_ha": 4.2264598511613904, "inicio": 2011.0, "fim": 2025.0, "tipo": "recurrence", "id_feicao": "recurrence_2011_2025_164" }, "geometry": { "type": "Polygon", "coordinates": [ [ [ -45.103422268828652, -21.392480176022289 ], [ -45.102613785072947, -21.392480176022282 ], [ -45.102613785072947, -21.392749670607525 ], [ -45.101535806732002, -21.392749670607525 ], [ -45.101535806732002, -21.394636132704168 ], [ -45.101805301317242, -21.394636132704175 ], [ -45.101805301317242, -21.394905627289408 ], [ -45.102026995643698, -21.394905627677247 ], [ -45.102213999999897, -21.394816999999897 ], [ -45.102451, -21.394683 ], [ -45.102688, -21.394515 ], [ -45.102999, -21.394336 ], [ -45.103282, -21.394272 ], [ -45.103422268825248, -21.394243406794221 ], [ -45.103422268828652, -21.392480176022289 ] ] ] } },
{ "type": "Feature", "properties": { "anos_com_queima": 1, "area_ha": 22.218041677260867, "inicio": 2011.0, "fim": 2025.0, "tipo": "recurrence", "id_feicao": "recurrence_2011_2025_165" }, "geometry": { "type": "Polygon", "coordinates": [ [ [ -45.100188333805825, -21.387898768073274 ], [ -45.100188333805825, -21.388168262658517 ], [ -45.100457828391058, -21.388168262658514 ], [ -45.100457828391058, -21.388437757243747 ], [ -45.101535806732002, -21.388437757243736 ], [ -45.101535806732002, -21.38978523016992 ], [ -45.103422268828652, -21.389785230169924 ], [ -45.103422268828652, -21.390054724755164 ], [ -45.105578225510541, -21.39005472475516 ], [ -45.105578225510541, -21.389246240999455 ], [ -45.105847720095774, -21.389246240999459 ], [ -45.105847720095774, -21.388976746414222 ], [ -45.106925698436719, -21.388976746414219 ], [ -45.106925698436562, -21.389202258827357 ], [ -45.107101, -21.38907 ], [ -45.107278, -21.388866 ], [ -45.107405, -21.388673 ], [ -45.107458, -21.388455 ], [ -45.107458374843432, -21.388437757248695 ], [ -45.107195193021958, -21.388437757243739 ], [ -45.107195193021958, -21.385473316806152 ], [ -45.105847720095774, -21.385473316806149 ], [ -45.105847720095774, -21.386551295147104 ], [ -45.104769741754836, -21.38655129514709 ], [ -45.104769741754836, -21.387359778902798 ], [ -45.101805301317242, -21.387359778902805 ], [ -45.101805301317242, -21.387090284317569 ], [ -45.10126631214677, -21.387090284317569 ], [ -45.10126631214677, -21.3865512951471 ], [ -45.099918839220585, -21.386551295147093 ], [ -45.099918839220585, -21.387898768073278 ], [ -45.100188333805825, -21.387898768073274 ] ] ] } },
{ "type": "Feature", "properties": { "anos_com_queima": 1, "area_ha": 6.3328932064533525, "inicio": 2011.0, "fim": 2025.0, "tipo": "recurrence", "id_feicao": "recurrence_2011_2025_166" }, "geometry": { "type": "Polygon", "coordinates": [ [ [ -45.103422268828652, -21.378466457590019 ], [ -45.103422268828652, -21.378735952175262 ], [ -45.103152774243419, -21.378735952175262 ], [ -45.103152774243419, -21.380083425101425 ], [ -45.103422268828652, -21.380083425101429 ], [ -45.103422268828652, -21.380352919686672 ], [ -45.103691763413892, -21.380352919686668 ], [ -45.103691763413892, -21.380622414271908 ], [ -45.105847720095774, -21.380622414271901 ], [ -45.105847720095774, -21.378466457590026 ], [ -45.103422268828652, -21.378466457590019 ] ] ] } },
{ "type": "Feature", "properties": { "anos_com_queima": 1, "area_ha": 1.7499191588371992, "inicio": 2011.0, "fim": 2025.0, "tipo": "recurrence", "id_feicao": "recurrence_2011_2025_167" }, "geometry": { "type": "Polygon", "coordinates": [ [ [ -45.091834001663514, -21.375771511737668 ], [ -45.091025517907802, -21.375771511737664 ], [ -45.091025517907802, -21.37442403881148 ], [ -45.090756023322569, -21.374424038811483 ], [ -45.090756023322569, -21.376849490078609 ], [ -45.091834001663514, -21.376849490078602 ], [ -45.091834001663514, -21.375771511737668 ] ] ] } },
{ "type": "Feature", "properties": { "anos_com_queima": 1, "area_ha": 2.2499040441128209, "inicio": 2011.0, "fim": 2025.0, "tipo": "recurrence", "id_feicao": "recurrence_2011_2025_168" }, "geometry": { "type": "Polygon", "coordinates": [ [ [ -45.095337431271581, -21.375771511737668 ], [ -45.095337431271581, -21.376310500908133 ], [ -45.096415409612518, -21.376310500908136 ], [ -45.096415409612518, -21.374963027981956 ], [ -45.096145915027286, -21.374963027981956 ], [ -45.096145915027286, -21.374693533396719 ], [ -45.095067936686341, -21.374693533396723 ], [ -45.095067936686341, -21.375771511737664 ], [ -45.095337431271581, -21.375771511737668 ] ] ] } },
{ "type": "Feature", "properties": { "anos_com_queima": 1, "area_ha": 1.3332885009807964, "inicio": 2011.0, "fim": 2025.0, "tipo": "recurrence", "id_feicao": "recurrence_2011_2025_169" }, "geometry": { "type": "Polygon", "coordinates": [ [ [ -45.098840860879648, -21.374693533396719 ], [ -45.098840860879648, -21.373615555055775 ], [ -45.097762882538703, -21.373615555055775 ], [ -45.097762882538703, -21.374693533396716 ], [ -45.098840860879648, -21.374693533396719 ] ] ] } },
{ "type": "Feature", "properties": { "anos_com_queima": 1, "area_ha": 7.9997313317871654, "inicio": 2011.0, "fim": 2025.0, "tipo": "recurrence", "id_feicao": "recurrence_2011_2025_170" }, "geometry": { "type": "Polygon", "coordinates": [ [ [ -45.089678044981625, -21.374154544226247 ], [ -45.089408550396392, -21.374154544226247 ], [ -45.089408550396392, -21.372807071300073 ], [ -45.090756023322569, -21.372807071300066 ], [ -45.090756023322569, -21.373076565885302 ], [ -45.091025517907802, -21.373076565885313 ], [ -45.091025517907802, -21.373615555055775 ], [ -45.093720463760164, -21.373615555055778 ], [ -45.093720463760164, -21.372537576714826 ], [ -45.089139055811152, -21.372537576714834 ], [ -45.089139055811152, -21.373076565885302 ], [ -45.088330572055447, -21.373076565885302 ], [ -45.088330572055447, -21.373346060470542 ], [ -45.087252593714503, -21.373346060470535 ], [ -45.087252593714503, -21.374693533396719 ], [ -45.089947539566865, -21.374693533396719 ], [ -45.089947539566865, -21.37442403881148 ], [ -45.089678044981625, -21.374424038811487 ], [ -45.089678044981625, -21.374154544226247 ] ] ] } },
{ "type": "Feature", "properties": { "anos_com_queima": 1, "area_ha": 1.3333502483378086, "inicio": 2011.0, "fim": 2025.0, "tipo": "recurrence", "id_feicao": "recurrence_2011_2025_171" }, "geometry": { "type": "Polygon", "coordinates": [ [ [ -45.090217034152097, -21.367686674180586 ], [ -45.090217034152097, -21.366608695839638 ], [ -45.089139055811152, -21.366608695839638 ], [ -45.089139055811152, -21.367686674180582 ], [ -45.090217034152097, -21.367686674180586 ] ] ] } },
{ "type": "Feature", "properties": { "anos_com_queima": 1, "area_ha": 2.0000292810968987, "inicio": 2011.0, "fim": 2025.0, "tipo": "recurrence", "id_feicao": "recurrence_2011_2025_172" }, "geometry": { "type": "Polygon", "coordinates": [ [ [ -45.093450969174924, -21.36768667418059 ], [ -45.093450969174924, -21.366069706669172 ], [ -45.092372990833987, -21.366069706669162 ], [ -45.092372990833987, -21.367686674180582 ], [ -45.093450969174924, -21.36768667418059 ] ] ] } },
{ "type": "Feature", "properties": { "anos_com_queima": 1, "area_ha": 2.9170381033413113, "inicio": 2011.0, "fim": 2025.0, "tipo": "recurrence", "id_feicao": "recurrence_2011_2025_173" }, "geometry": { "type": "Polygon", "coordinates": [ [ [ -45.087791582884975, -21.350439020725492 ], [ -45.088061077470208, -21.350439020725492 ], [ -45.088061077470208, -21.349091547799318 ], [ -45.086444109958798, -21.349091547799311 ], [ -45.086444109958798, -21.350708515310728 ], [ -45.087791582884975, -21.350708515310728 ], [ -45.087791582884975, -21.350439020725492 ] ] ] } },
{ "type": "Feature", "properties": { "anos_com_queima": 1, "area_ha": 4.4173677185818949, "inicio": 2011.0, "fim": 2025.0, "tipo": "recurrence", "id_feicao": "recurrence_2011_2025_174" }, "geometry": { "type": "Polygon", "coordinates": [ [ [ -45.103422268828652, -21.346935591117422 ], [ -45.103422268828652, -21.345857612776484 ], [ -45.103152774243419, -21.345857612776491 ], [ -45.103152774243419, -21.345588118191245 ], [ -45.102074795902475, -21.345588118191248 ], [ -45.102074795902475, -21.345049129020769 ], [ -45.101805301317242, -21.345049129020769 ], [ -45.101805301317242, -21.343432161509359 ], [ -45.100727322976297, -21.343432161509362 ], [ -45.100727322976297, -21.344779634435533 ], [ -45.101535806732002, -21.344779634435536 ], [ -45.101535806732002, -21.34612710736172 ], [ -45.101805301317242, -21.346127107361717 ], [ -45.101805301317242, -21.34639660194695 ], [ -45.102074795902475, -21.346396601946942 ], [ -45.102074795902475, -21.346666096532193 ], [ -45.102344290487714, -21.346666096532186 ], [ -45.102344290487714, -21.346935591117422 ], [ -45.103422268828652, -21.346935591117422 ] ] ] } },
{ "type": "Feature", "properties": { "anos_com_queima": 1, "area_ha": 3.2505196755857315, "inicio": 2011.0, "fim": 2025.0, "tipo": "recurrence", "id_feicao": "recurrence_2011_2025_175" }, "geometry": { "type": "Polygon", "coordinates": [ [ [ -45.089139055811152, -21.346127107361717 ], [ -45.089139055811152, -21.343971150679831 ], [ -45.087791582884975, -21.343971150679831 ], [ -45.087791582884975, -21.345857612776484 ], [ -45.088061077470208, -21.345857612776488 ], [ -45.088061077470208, -21.34612710736172 ], [ -45.089139055811152, -21.346127107361717 ] ] ] } },
{ "type": "Feature", "properties": { "anos_com_queima": 1, "area_ha": 0.66677497408930209, "inicio": 2011.0, "fim": 2025.0, "tipo": "recurrence", "id_feicao": "recurrence_2011_2025_176" }, "geometry": { "type": "Polygon", "coordinates": [ [ [ -45.102074795902475, -21.345049129020769 ], [ -45.103152774243419, -21.345049129020783 ], [ -45.103152774243419, -21.344510139850311 ], [ -45.102074795902475, -21.344510139850303 ], [ -45.102074795902475, -21.345049129020769 ] ] ] } },
{ "type": "Feature", "properties": { "anos_com_queima": 1, "area_ha": 1.4169059652370584, "inicio": 2011.0, "fim": 2025.0, "tipo": "recurrence", "id_feicao": "recurrence_2011_2025_177" }, "geometry": { "type": "Polygon", "coordinates": [ [ [ -45.095337431271581, -21.34424064526506 ], [ -45.095337431271581, -21.343162666924123 ], [ -45.093989958345396, -21.343162666924123 ], [ -45.093989958345396, -21.343432161509352 ], [ -45.094259452930636, -21.343432161509355 ], [ -45.094259452930636, -21.344240645265071 ], [ -45.095337431271581, -21.34424064526506 ] ] ] } },
{ "type": "Feature", "properties": { "anos_com_queima": 1, "area_ha": 2.4170841684097675, "inicio": 2011.0, "fim": 2025.0, "tipo": "recurrence", "id_feicao": "recurrence_2011_2025_178" }, "geometry": { "type": "Polygon", "coordinates": [ [ [ -45.089408550396392, -21.343162666924119 ], [ -45.089408550396392, -21.343701656094591 ], [ -45.091025517907802, -21.343701656094591 ], [ -45.091025517907802, -21.342354183168414 ], [ -45.093450969174924, -21.342354183168418 ], [ -45.093450969174924, -21.342084688583178 ], [ -45.09048652873733, -21.342084688583178 ], [ -45.09048652873733, -21.343162666924115 ], [ -45.089408550396392, -21.343162666924119 ] ] ] } },
{ "type": "Feature", "properties": { "anos_com_queima": 1, "area_ha": 0.083347954742796715, "inicio": 2011.0, "fim": 2025.0, "tipo": "recurrence", "id_feicao": "recurrence_2011_2025_179" }, "geometry": { "type": "Polygon", "coordinates": [ [ [ -45.093450969174924, -21.342893172338883 ], [ -45.093720463760164, -21.34289317233889 ], [ -45.093720463760164, -21.342623677753654 ], [ -45.093450969174924, -21.342623677753664 ], [ -45.093450969174924, -21.342893172338883 ] ] ] } },
{ "type": "Feature", "properties": { "anos_com_queima": 1, "area_ha": 4.8341767301440299, "inicio": 2011.0, "fim": 2025.0, "tipo": "recurrence", "id_feicao": "recurrence_2011_2025_180" }, "geometry": { "type": "Polygon", "coordinates": [ [ [ -45.096684904197758, -21.34424064526506 ], [ -45.096684904197758, -21.343971150679835 ], [ -45.097493387953463, -21.343971150679838 ], [ -45.097493387953463, -21.341006710242237 ], [ -45.097223893368231, -21.341006710242233 ], [ -45.097223893368231, -21.341545699412702 ], [ -45.096684904197758, -21.341545699412706 ], [ -45.096684904197758, -21.341815193997938 ], [ -45.096415409612518, -21.341815193997942 ], [ -45.096415409612518, -21.342354183168418 ], [ -45.095876420442053, -21.342354183168418 ], [ -45.095876420442053, -21.34262367775365 ], [ -45.095606925856814, -21.342623677753654 ], [ -45.095606925856814, -21.344240645265067 ], [ -45.096684904197758, -21.34424064526506 ] ] ] } },
{ "type": "Feature", "properties": { "anos_com_queima": 1, "area_ha": 4.2507712437892682, "inicio": 2011.0, "fim": 2025.0, "tipo": "recurrence", "id_feicao": "recurrence_2011_2025_181" }, "geometry": { "type": "Polygon", "coordinates": [ [ [ -45.088330572055447, -21.341276204827473 ], [ -45.088330572055447, -21.340467721071761 ], [ -45.087252593714503, -21.340467721071761 ], [ -45.087252593714503, -21.341545699412709 ], [ -45.087522088299735, -21.341545699412709 ], [ -45.087522088299735, -21.341815193997945 ], [ -45.087791582884975, -21.341815193997952 ], [ -45.087791582884975, -21.342354183168421 ], [ -45.088330572055447, -21.342354183168418 ], [ -45.088330572055447, -21.343162666924123 ], [ -45.089408550396392, -21.343162666924119 ], [ -45.089408550396392, -21.341276204827469 ], [ -45.088330572055447, -21.341276204827473 ] ] ] } },
{ "type": "Feature", "properties": { "anos_com_queima": 1, "area_ha": 0.91684285434223711, "inicio": 2011.0, "fim": 2025.0, "tipo": "recurrence", "id_feicao": "recurrence_2011_2025_182" }, "geometry": { "type": "Polygon", "coordinates": [ [ [ -45.085366131617853, -21.340198226486532 ], [ -45.08671360454403, -21.340198226486518 ], [ -45.08671360454403, -21.340467721071757 ], [ -45.087252593714503, -21.340467721071761 ], [ -45.087252593714503, -21.339928731901296 ], [ -45.085635626203086, -21.339928731901292 ], [ -45.085635626203086, -21.339389742730823 ], [ -45.085366131617853, -21.339389742730816 ], [ -45.085366131617853, -21.340198226486532 ] ] ] } },
{ "type": "Feature", "properties": { "anos_com_queima": 1, "area_ha": 1.583654654613696, "inicio": 2011.0, "fim": 2025.0, "tipo": "recurrence", "id_feicao": "recurrence_2011_2025_183" }, "geometry": { "type": "Polygon", "coordinates": [ [ [ -45.100727322976297, -21.33885075356034 ], [ -45.102344290487714, -21.338850753560351 ], [ -45.102344290487714, -21.339120248145584 ], [ -45.105039236340069, -21.33912024814558 ], [ -45.105039236340069, -21.338850753560347 ], [ -45.103152774243419, -21.338850753560347 ], [ -45.103152774243419, -21.338581258975111 ], [ -45.100727322976297, -21.338581258975108 ], [ -45.100727322976297, -21.33885075356034 ] ] ] } },
{ "type": "Feature", "properties": { "anos_com_queima": 1, "area_ha": 33.007087939014404, "inicio": 2011.0, "fim": 2025.0, "tipo": "recurrence", "id_feicao": "recurrence_2011_2025_184" }, "geometry": { "type": "Polygon", "coordinates": [ [ [ -45.097493387953463, -21.340198226486528 ], [ -45.097493387953463, -21.341006710242237 ], [ -45.099649344635353, -21.34100671024223 ], [ -45.099649344635353, -21.341276204827473 ], [ -45.100727322976297, -21.341276204827473 ], [ -45.100727322976297, -21.33885075356034 ], [ -45.100188333805825, -21.338850753560347 ], [ -45.100188333805825, -21.336964291463701 ], [ -45.100727322976297, -21.336964291463694 ], [ -45.100727322976297, -21.334538840196579 ], [ -45.099649344635353, -21.334538840196579 ], [ -45.099649344635353, -21.334269345611339 ], [ -45.099379850050113, -21.334269345611339 ], [ -45.099379850050113, -21.333460861855627 ], [ -45.09911035546488, -21.333460861855631 ], [ -45.09911035546488, -21.333191367270402 ], [ -45.096145915027286, -21.333191367270395 ], [ -45.096145915027286, -21.334538840196579 ], [ -45.095876420442053, -21.334538840196572 ], [ -45.095876420442053, -21.335077829367048 ], [ -45.095606925856814, -21.335077829367052 ], [ -45.095606925856814, -21.337503280634177 ], [ -45.095876420442053, -21.337503280634174 ], [ -45.095876420442053, -21.337772775219403 ], [ -45.097762882538703, -21.337772775219406 ], [ -45.097762882538703, -21.340198226486525 ], [ -45.097493387953463, -21.340198226486528 ] ], [ [ -45.097762882538703, -21.337233786048937 ], [ -45.099649344635353, -21.33723378604893 ], [ -45.099649344635353, -21.337772775219403 ], [ -45.097762882538703, -21.337772775219406 ], [ -45.097762882538703, -21.337233786048937 ] ] ] } },
{ "type": "Feature", "properties": { "anos_com_queima": 1, "area_ha": 1.8337813256134381, "inicio": 2011.0, "fim": 2025.0, "tipo": "recurrence", "id_feicao": "recurrence_2011_2025_185" }, "geometry": { "type": "Polygon", "coordinates": [ [ [ -45.087522088299735, -21.332652378099922 ], [ -45.087522088299735, -21.331574399758981 ], [ -45.086444109958798, -21.331574399758981 ], [ -45.086444109958798, -21.333191367270398 ], [ -45.087252593714503, -21.333191367270405 ], [ -45.087252593714503, -21.332652378099922 ], [ -45.087522088299735, -21.332652378099922 ] ] ] } },
{ "type": "Feature", "properties": { "anos_com_queima": 1, "area_ha": 0.66683257530052542, "inicio": 2011.0, "fim": 2025.0, "tipo": "recurrence", "id_feicao": "recurrence_2011_2025_186" }, "geometry": { "type": "Polygon", "coordinates": [ [ [ -45.090756023322569, -21.331843894344221 ], [ -45.090756023322569, -21.331574399758978 ], [ -45.08860006664068, -21.331574399758985 ], [ -45.08860006664068, -21.33184389434421 ], [ -45.090756023322569, -21.331843894344221 ] ] ] } },
{ "type": "Feature", "properties": { "anos_com_queima": 1, "area_ha": 25.506459850838965, "inicio": 2011.0, "fim": 2025.0, "tipo": "recurrence", "id_feicao": "recurrence_2011_2025_187" }, "geometry": { "type": "Polygon", "coordinates": [ [ [ -45.095876420442053, -21.329418443077095 ], [ -45.095606925856814, -21.329418443077092 ], [ -45.095606925856814, -21.329148948491859 ], [ -45.095337431271581, -21.329148948491859 ], [ -45.095337431271581, -21.330765916003269 ], [ -45.095606925856814, -21.330765916003273 ], [ -45.095606925856814, -21.331304905173742 ], [ -45.096415409612518, -21.331304905173749 ], [ -45.096415409612518, -21.33211338892945 ], [ -45.098301871709175, -21.332113388929457 ], [ -45.098301871709175, -21.332382883514679 ], [ -45.099649344635353, -21.332382883514683 ], [ -45.099649344635353, -21.332652378099926 ], [ -45.100188333805825, -21.332652378099922 ], [ -45.100188333805825, -21.332921872685159 ], [ -45.101805301317242, -21.332921872685162 ], [ -45.101805301317242, -21.333730356440878 ], [ -45.105308730925309, -21.333730356440867 ], [ -45.105308730925309, -21.333460861855638 ], [ -45.103152774243419, -21.333460861855635 ], [ -45.103152774243419, -21.331304905173745 ], [ -45.103422268828652, -21.331304905173749 ], [ -45.103422268828652, -21.331035410588516 ], [ -45.103691763413892, -21.331035410588516 ], [ -45.103691763413892, -21.330226926832804 ], [ -45.104500247169597, -21.330226926832793 ], [ -45.104500247169597, -21.329148948491856 ], [ -45.104230752584364, -21.329148948491859 ], [ -45.104230752584364, -21.32887945390662 ], [ -45.10288327965818, -21.328879453906623 ], [ -45.10288327965818, -21.329148948491856 ], [ -45.100457828391058, -21.329148948491856 ], [ -45.100457828391058, -21.331035410588512 ], [ -45.098301871709175, -21.331035410588509 ], [ -45.098301871709175, -21.33049642141804 ], [ -45.096684904197758, -21.330496421418029 ], [ -45.096684904197758, -21.329957432247561 ], [ -45.095876420442053, -21.329957432247557 ], [ -45.095876420442053, -21.329418443077095 ] ] ] } },
{ "type": "Feature", "properties": { "anos_com_queima": 1, "area_ha": 0.33341870627203118, "inicio": 2011.0, "fim": 2025.0, "tipo": "recurrence", "id_feicao": "recurrence_2011_2025_188" }, "geometry": { "type": "Polygon", "coordinates": [ [ [ -45.091834001663514, -21.33076591600328 ], [ -45.091834001663514, -21.330496421418037 ], [ -45.090756023322569, -21.33049642141804 ], [ -45.090756023322569, -21.330765916003269 ], [ -45.091834001663514, -21.33076591600328 ] ] ] } },
{ "type": "Feature", "properties": { "anos_com_queima": 1, "area_ha": 10.002715892902298, "inicio": 2011.0, "fim": 2025.0, "tipo": "recurrence", "id_feicao": "recurrence_2011_2025_189" }, "geometry": { "type": "Polygon", "coordinates": [ [ [ -45.094528947515869, -21.329957432247557 ], [ -45.094528947515869, -21.329148948491859 ], [ -45.095337431271581, -21.329148948491859 ], [ -45.095337431271581, -21.328070970150907 ], [ -45.095606925856814, -21.328070970150918 ], [ -45.095606925856814, -21.326992991809973 ], [ -45.095337431271581, -21.326992991809973 ], [ -45.095337431271581, -21.326184508054261 ], [ -45.095067936686341, -21.326184508054268 ], [ -45.095067936686341, -21.325645518883789 ], [ -45.093989958345396, -21.325645518883793 ], [ -45.093989958345396, -21.327531980980446 ], [ -45.093720463760164, -21.327531980980442 ], [ -45.093720463760164, -21.327801475565682 ], [ -45.093450969174924, -21.327801475565686 ], [ -45.093450969174924, -21.328609959321387 ], [ -45.092642485419219, -21.328609959321387 ], [ -45.092642485419219, -21.33076591600328 ], [ -45.093989958345396, -21.330765916003269 ], [ -45.093989958345396, -21.329957432247564 ], [ -45.094528947515869, -21.329957432247557 ] ] ] } },
{ "type": "Feature", "properties": { "anos_com_queima": 1, "area_ha": 1.3337116185851394, "inicio": 2011.0, "fim": 2025.0, "tipo": "recurrence", "id_feicao": "recurrence_2011_2025_190" }, "geometry": { "type": "Polygon", "coordinates": [ [ [ -45.086174615373558, -21.326992991809973 ], [ -45.087252593714503, -21.326992991809973 ], [ -45.087252593714503, -21.325915013469025 ], [ -45.086174615373558, -21.325915013469029 ], [ -45.086174615373558, -21.326992991809973 ] ] ] } },
{ "type": "Feature", "properties": { "anos_com_queima": 1, "area_ha": 2.000582949298388, "inicio": 2011.0, "fim": 2025.0, "tipo": "recurrence", "id_feicao": "recurrence_2011_2025_191" }, "geometry": { "type": "Polygon", "coordinates": [ [ [ -45.09911035546488, -21.326184508054265 ], [ -45.09911035546488, -21.324567540542848 ], [ -45.098032377123936, -21.324567540542859 ], [ -45.098032377123936, -21.326184508054268 ], [ -45.09911035546488, -21.326184508054265 ] ] ] } },
{ "type": "Feature", "properties": { "anos_com_queima": 1, "area_ha": 2.3341090938203548, "inicio": 2011.0, "fim": 2025.0, "tipo": "recurrence", "id_feicao": "recurrence_2011_2025_192" }, "geometry": { "type": "Polygon", "coordinates": [ [ [ -45.103152774243419, -21.31998613259384 ], [ -45.103152774243419, -21.318638659667663 ], [ -45.102074795902475, -21.318638659667666 ], [ -45.102074795902475, -21.318908154252899 ], [ -45.101535806732002, -21.318908154252895 ], [ -45.101535806732002, -21.319986132593836 ], [ -45.103152774243419, -21.31998613259384 ] ] ] } },
{ "type": "Feature", "properties": { "anos_com_queima": 1, "area_ha": 1.3338145570009947, "inicio": 2011.0, "fim": 2025.0, "tipo": "recurrence", "id_feicao": "recurrence_2011_2025_193" }, "geometry": { "type": "Polygon", "coordinates": [ [ [ -45.087791582884975, -21.315404724644829 ], [ -45.08886956122592, -21.315404724644836 ], [ -45.08886956122592, -21.314326746303887 ], [ -45.087791582884975, -21.314326746303887 ], [ -45.087791582884975, -21.315404724644829 ] ] ] } },
{ "type": "Feature", "properties": { "anos_com_queima": 1, "area_ha": 1.6673158492848277, "inicio": 2011.0, "fim": 2025.0, "tipo": "recurrence", "id_feicao": "recurrence_2011_2025_194" }, "geometry": { "type": "Polygon", "coordinates": [ [ [ -45.103422268828652, -21.311362305866293 ], [ -45.104500247169597, -21.311362305866297 ], [ -45.104500247169597, -21.310014832940116 ], [ -45.103422268828652, -21.310014832940116 ], [ -45.103422268828652, -21.311362305866293 ] ] ] } },
{ "type": "Feature", "properties": { "anos_com_queima": 1, "area_ha": 2.4176444933609105, "inicio": 2011.0, "fim": 2025.0, "tipo": "recurrence", "id_feicao": "recurrence_2011_2025_195" }, "geometry": { "type": "Polygon", "coordinates": [ [ [ -45.103422268828652, -21.309206349184407 ], [ -45.104500247169597, -21.3092063491844 ], [ -45.104500247169597, -21.307589381672987 ], [ -45.103152774243419, -21.307589381672987 ], [ -45.103152774243419, -21.308936854599171 ], [ -45.103422268828652, -21.308936854599175 ], [ -45.103422268828652, -21.309206349184407 ] ] ] } },
{ "type": "Feature", "properties": { "anos_com_queima": 1, "area_ha": 1.3338873189374989, "inicio": 2011.0, "fim": 2025.0, "tipo": "recurrence", "id_feicao": "recurrence_2011_2025_196" }, "geometry": { "type": "Polygon", "coordinates": [ [ [ -45.104230752584364, -21.307319887087747 ], [ -45.104230752584364, -21.306241908746816 ], [ -45.103152774243419, -21.306241908746813 ], [ -45.103152774243419, -21.30731988708775 ], [ -45.104230752584364, -21.307319887087747 ] ] ] } },
{ "type": "Feature", "properties": { "anos_com_queima": 1, "area_ha": 1.5006234199655279, "inicio": 2011.0, "fim": 2025.0, "tipo": "recurrence", "id_feicao": "recurrence_2011_2025_197" }, "geometry": { "type": "Polygon", "coordinates": [ [ [ -45.10126631214677, -21.307050392502514 ], [ -45.10126631214677, -21.305702919576337 ], [ -45.100727322976297, -21.305702919576341 ], [ -45.100727322976297, -21.30758938167299 ], [ -45.101805301317242, -21.307589381672994 ], [ -45.101805301317242, -21.307050392502514 ], [ -45.10126631214677, -21.307050392502514 ] ] ] } },
{ "type": "Feature", "properties": { "anos_com_queima": 1, "area_ha": 4.0017222488045689, "inicio": 2011.0, "fim": 2025.0, "tipo": "recurrence", "id_feicao": "recurrence_2011_2025_198" }, "geometry": { "type": "Polygon", "coordinates": [ [ [ -45.103152774243419, -21.304624941235389 ], [ -45.103691763413892, -21.304624941235399 ], [ -45.103691763413892, -21.302738479138746 ], [ -45.102613785072947, -21.30273847913875 ], [ -45.102613785072947, -21.305433424991104 ], [ -45.10126631214677, -21.305433424991101 ], [ -45.10126631214677, -21.305702919576337 ], [ -45.102074795902475, -21.305702919576344 ], [ -45.102074795902475, -21.30597241416157 ], [ -45.102344290487714, -21.305972414161573 ], [ -45.102344290487714, -21.306241908746806 ], [ -45.103152774243419, -21.306241908746813 ], [ -45.103152774243419, -21.304624941235389 ] ] ] } },
{ "type": "Feature", "properties": { "anos_com_queima": 1, "area_ha": 10.838482551979002, "inicio": 2011.0, "fim": 2025.0, "tipo": "recurrence", "id_feicao": "recurrence_2011_2025_199" }, "geometry": { "type": "Polygon", "coordinates": [ [ [ -45.100188333805825, -21.300043533286388 ], [ -45.100188333805825, -21.298696060360204 ], [ -45.100457828391058, -21.298696060360204 ], [ -45.100457828391058, -21.295731619922613 ], [ -45.098840860879648, -21.295731619922606 ], [ -45.098840860879648, -21.296001114507849 ], [ -45.098301871709175, -21.296001114507842 ], [ -45.098301871709175, -21.296270609093085 ], [ -45.097762882538703, -21.296270609093085 ], [ -45.097762882538703, -21.297348587434026 ], [ -45.098032377123936, -21.29734858743403 ], [ -45.098032377123936, -21.299235049530683 ], [ -45.098840860879648, -21.299235049530676 ], [ -45.098840860879648, -21.300043533286395 ], [ -45.100188333805825, -21.300043533286388 ] ] ] } },
{ "type": "Feature", "properties": { "anos_com_queima": 1, "area_ha": 0.25012399189452883, "inicio": 2011.0, "fim": 2025.0, "tipo": "recurrence", "id_feicao": "recurrence_2011_2025_200" }, "geometry": { "type": "Polygon", "coordinates": [ [ [ -45.10126631214677, -21.294653641581668 ], [ -45.10126631214677, -21.294384146996435 ], [ -45.10099681756153, -21.294384146996435 ], [ -45.10099681756153, -21.294923136166908 ], [ -45.101535806732002, -21.294923136166908 ], [ -45.101535806732002, -21.294653641581672 ], [ -45.10126631214677, -21.294653641581668 ] ] ] } },
{ "type": "Feature", "properties": { "anos_com_queima": 1, "area_ha": 0.8337491356827319, "inicio": 2011.0, "fim": 2025.0, "tipo": "recurrence", "id_feicao": "recurrence_2011_2025_201" }, "geometry": { "type": "Polygon", "coordinates": [ [ [ -45.10288327965818, -21.294384146996432 ], [ -45.102613785072947, -21.294384146996435 ], [ -45.102613785072947, -21.294923136166911 ], [ -45.10288327965818, -21.294923136166908 ], [ -45.10288327965818, -21.294653641581672 ], [ -45.103422268828652, -21.294653641581675 ], [ -45.103422268828652, -21.293575663240727 ], [ -45.10288327965818, -21.293575663240727 ], [ -45.10288327965818, -21.294384146996432 ] ] ] } },
{ "type": "Feature", "properties": { "anos_com_queima": 1, "area_ha": 1.834262372109003, "inicio": 2011.0, "fim": 2025.0, "tipo": "recurrence", "id_feicao": "recurrence_2011_2025_202" }, "geometry": { "type": "Polygon", "coordinates": [ [ [ -45.10126631214677, -21.292767179485026 ], [ -45.10126631214677, -21.293036674070244 ], [ -45.100727322976297, -21.293036674070244 ], [ -45.100727322976297, -21.294114652411189 ], [ -45.10099681756153, -21.294114652411199 ], [ -45.10099681756153, -21.29357566324073 ], [ -45.10288327965818, -21.293575663240727 ], [ -45.10288327965818, -21.293036674070247 ], [ -45.102344290487714, -21.293036674070244 ], [ -45.102344290487714, -21.292767179485026 ], [ -45.10126631214677, -21.292767179485026 ] ] ] } },
{ "type": "Feature", "properties": { "anos_com_queima": 1, "area_ha": 3.5852338113321798, "inicio": 2011.0, "fim": 2025.0, "tipo": "recurrence", "id_feicao": "recurrence_2011_2025_203" }, "geometry": { "type": "Polygon", "coordinates": [ [ [ -45.101805301317242, -21.288994255291719 ], [ -45.101805301317242, -21.288724760706486 ], [ -45.10126631214677, -21.28872476070649 ], [ -45.10126631214677, -21.288455266121243 ], [ -45.100188333805825, -21.288455266121247 ], [ -45.100188333805825, -21.289533244462188 ], [ -45.100457828391058, -21.289533244462191 ], [ -45.100457828391058, -21.289802739047428 ], [ -45.100727322976297, -21.289802739047417 ], [ -45.100727322976297, -21.290072233632664 ], [ -45.10099681756153, -21.29007223363266 ], [ -45.10099681756153, -21.290611222803129 ], [ -45.102074795902475, -21.290611222803136 ], [ -45.102074795902475, -21.288994255291716 ], [ -45.101805301317242, -21.288994255291719 ] ] ] } },
{ "type": "Feature", "properties": { "anos_com_queima": 1, "area_ha": 2.0012321502465755, "inicio": 2011.0, "fim": 2025.0, "tipo": "recurrence", "id_feicao": "recurrence_2011_2025_204" }, "geometry": { "type": "Polygon", "coordinates": [ [ [ -45.102074795902475, -21.277136493541327 ], [ -45.103691763413892, -21.277136493541338 ], [ -45.103691763413892, -21.2760585152004 ], [ -45.102074795902475, -21.276058515200393 ], [ -45.102074795902475, -21.277136493541327 ] ] ] } },
{ "type": "Feature", "properties": { "anos_com_queima": 1, "area_ha": 1.9180091198564506, "inicio": 2011.0, "fim": 2025.0, "tipo": "recurrence", "id_feicao": "recurrence_2011_2025_205" }, "geometry": { "type": "Polygon", "coordinates": [ [ [ -45.089408550396392, -21.263392269694307 ], [ -45.089139055811152, -21.263392269694307 ], [ -45.089139055811152, -21.264470248035252 ], [ -45.090217034152097, -21.264470248035249 ], [ -45.090217034152097, -21.264200753450019 ], [ -45.09048652873733, -21.264200753450009 ], [ -45.09048652873733, -21.263122775109075 ], [ -45.089408550396392, -21.263122775109071 ], [ -45.089408550396392, -21.263392269694307 ] ] ] } },
{ "type": "Feature", "properties": { "anos_com_queima": 1, "area_ha": 1.3342804988708348, "inicio": 2011.0, "fim": 2025.0, "tipo": "recurrence", "id_feicao": "recurrence_2011_2025_206" }, "geometry": { "type": "Polygon", "coordinates": [ [ [ -45.091834001663514, -21.262853280523832 ], [ -45.092911980004459, -21.262853280523839 ], [ -45.092911980004459, -21.261775302182894 ], [ -45.091834001663514, -21.261775302182897 ], [ -45.091834001663514, -21.262853280523832 ] ] ] } },
{ "type": "Feature", "properties": { "anos_com_queima": 1, "area_ha": 6.5881053722259724, "inicio": 2011.0, "fim": 2025.0, "tipo": "recurrence", "id_feicao": "recurrence_2011_2025_207" }, "geometry": { "type": "Polygon", "coordinates": [ [ [ -45.095876420442053, -21.258810861745307 ], [ -45.095876420442053, -21.259080356330539 ], [ -45.094798442101109, -21.259080356330536 ], [ -45.094798442101109, -21.26204479676813 ], [ -45.095876420442053, -21.262044796768137 ], [ -45.095876420442053, -21.260427829256717 ], [ -45.097223893368231, -21.260427829256724 ], [ -45.097223893368231, -21.26015833467148 ], [ -45.097493387953463, -21.26015833467148 ], [ -45.097493387953463, -21.258810861745303 ], [ -45.095876420442053, -21.258810861745307 ] ] ] } },
{ "type": "Feature", "properties": { "anos_com_queima": 1, "area_ha": 16.511941558023896, "inicio": 2011.0, "fim": 2025.0, "tipo": "recurrence", "id_feicao": "recurrence_2011_2025_208" }, "geometry": { "type": "Polygon", "coordinates": [ [ [ -45.08671360454403, -21.26204479676813 ], [ -45.08671360454403, -21.261775302182897 ], [ -45.087252593714503, -21.261775302182894 ], [ -45.087252593714503, -21.261505807597658 ], [ -45.08886956122592, -21.261505807597661 ], [ -45.08886956122592, -21.260697323841956 ], [ -45.089678044981625, -21.260697323841956 ], [ -45.089678044981625, -21.259080356330539 ], [ -45.088330572055447, -21.259080356330536 ], [ -45.088330572055447, -21.258810861745296 ], [ -45.086444109958798, -21.258810861745292 ], [ -45.086444109958798, -21.25854136716006 ], [ -45.085366131617853, -21.25854136716006 ], [ -45.085366131617853, -21.259080356330536 ], [ -45.084557647862141, -21.259080356330543 ], [ -45.084557647862141, -21.259349850915775 ], [ -45.084288153276908, -21.259349850915772 ], [ -45.084288153276908, -21.260427829256717 ], [ -45.084557647862141, -21.260427829256724 ], [ -45.084557647862141, -21.261775302182894 ], [ -45.084827142447381, -21.261775302182894 ], [ -45.084827142447381, -21.262044796768127 ], [ -45.08671360454403, -21.26204479676813 ] ] ] } },
{ "type": "Feature", "properties": { "anos_com_queima": 1, "area_ha": 2.2517189310770482, "inicio": 2011.0, "fim": 2025.0, "tipo": "recurrence", "id_feicao": "recurrence_2011_2025_209" }, "geometry": { "type": "Polygon", "coordinates": [ [ [ -45.088330572055447, -21.254498948381528 ], [ -45.08860006664068, -21.254498948381524 ], [ -45.08860006664068, -21.255037937552004 ], [ -45.089678044981625, -21.255037937551997 ], [ -45.089678044981625, -21.253690464625823 ], [ -45.089408550396392, -21.253690464625823 ], [ -45.089408550396392, -21.253420970040583 ], [ -45.088330572055447, -21.253420970040583 ], [ -45.088330572055447, -21.254498948381528 ] ] ] } },
{ "type": "Feature", "properties": { "anos_com_queima": 1, "area_ha": 2.2517956342593637, "inicio": 2011.0, "fim": 2025.0, "tipo": "recurrence", "id_feicao": "recurrence_2011_2025_210" }, "geometry": { "type": "Polygon", "coordinates": [ [ [ -45.091025517907802, -21.249378551262044 ], [ -45.091025517907802, -21.249917540432513 ], [ -45.092103496248747, -21.249917540432516 ], [ -45.092103496248747, -21.248570067506336 ], [ -45.091834001663514, -21.248570067506336 ], [ -45.091834001663514, -21.248300572921099 ], [ -45.090756023322569, -21.248300572921107 ], [ -45.090756023322569, -21.249378551262041 ], [ -45.091025517907802, -21.249378551262044 ] ] ] } },
{ "type": "Feature", "properties": { "anos_com_queima": 1, "area_ha": 2.4189459143752656, "inicio": 2011.0, "fim": 2025.0, "tipo": "recurrence", "id_feicao": "recurrence_2011_2025_211" }, "geometry": { "type": "Polygon", "coordinates": [ [ [ -45.08860006664068, -21.227549489857942 ], [ -45.08860006664068, -21.226471511516998 ], [ -45.08698309912927, -21.226471511516994 ], [ -45.08698309912927, -21.227818984443175 ], [ -45.088330572055447, -21.227818984443182 ], [ -45.088330572055447, -21.227549489857946 ], [ -45.08860006664068, -21.227549489857942 ] ] ] } },
{ "type": "Feature", "properties": { "anos_com_queima": 1, "area_ha": 15.015317244534939, "inicio": 2011.0, "fim": 2025.0, "tipo": "recurrence", "id_feicao": "recurrence_2011_2025_212" }, "geometry": { "type": "Polygon", "coordinates": [ [ [ -45.092103496248747, -21.214883244351849 ], [ -45.090217034152097, -21.21488324435186 ], [ -45.090217034152097, -21.214613749766613 ], [ -45.089947539566865, -21.214613749766617 ], [ -45.089947539566865, -21.213535771425672 ], [ -45.087791582884975, -21.213535771425679 ], [ -45.087791582884975, -21.212727287669964 ], [ -45.087522088299735, -21.212727287669964 ], [ -45.087522088299735, -21.215961222692801 ], [ -45.087252593714503, -21.215961222692798 ], [ -45.087252593714503, -21.217039201033739 ], [ -45.08860006664068, -21.217039201033739 ], [ -45.08860006664068, -21.216769706448506 ], [ -45.091025517907802, -21.216769706448499 ], [ -45.091025517907802, -21.217039201033742 ], [ -45.092103496248747, -21.217039201033742 ], [ -45.092103496248747, -21.214883244351849 ] ] ] } },
{ "type": "Feature", "properties": { "anos_com_queima": 1, "area_ha": 1.3347188608068754, "inicio": 2011.0, "fim": 2025.0, "tipo": "recurrence", "id_feicao": "recurrence_2011_2025_213" }, "geometry": { "type": "Polygon", "coordinates": [ [ [ -45.092103496248747, -21.213805266010905 ], [ -45.092103496248747, -21.211649309329019 ], [ -45.091564507078274, -21.211649309329022 ], [ -45.091564507078274, -21.213805266010908 ], [ -45.092103496248747, -21.213805266010905 ] ] ] } },
{ "type": "Feature", "properties": { "anos_com_queima": 1, "area_ha": 2.836280855215207, "inicio": 2011.0, "fim": 2025.0, "tipo": "recurrence", "id_feicao": "recurrence_2011_2025_214" }, "geometry": { "type": "Polygon", "coordinates": [ [ [ -45.094528947515869, -21.210571330988085 ], [ -45.094528947515869, -21.212996782255207 ], [ -45.094798442101109, -21.212996782255207 ], [ -45.094798442101109, -21.214344255181384 ], [ -45.097223893368231, -21.214344255181388 ], [ -45.097223893368231, -21.21326627684045 ], [ -45.096954398782991, -21.213266276840443 ], [ -45.096954398782991, -21.214074760596148 ], [ -45.095067936686341, -21.214074760596144 ], [ -45.095067936686341, -21.210571330988078 ], [ -45.094528947515869, -21.210571330988085 ] ] ] } },
{ "type": "Feature", "properties": { "anos_com_queima": 1, "area_ha": 0.667364982265234, "inicio": 2011.0, "fim": 2025.0, "tipo": "recurrence", "id_feicao": "recurrence_2011_2025_215" }, "geometry": { "type": "Polygon", "coordinates": [ [ [ -45.087252593714503, -21.211649309329022 ], [ -45.086174615373558, -21.211649309329022 ], [ -45.086174615373558, -21.210840825573317 ], [ -45.085905120788325, -21.210840825573317 ], [ -45.085905120788325, -21.211918803914259 ], [ -45.087252593714503, -21.211918803914259 ], [ -45.087252593714503, -21.211649309329022 ] ] ] } },
{ "type": "Feature", "properties": { "anos_com_queima": 1, "area_ha": 0.75078658149539534, "inicio": 2011.0, "fim": 2025.0, "tipo": "recurrence", "id_feicao": "recurrence_2011_2025_216" }, "geometry": { "type": "Polygon", "coordinates": [ [ [ -45.088330572055447, -21.211649309329022 ], [ -45.088330572055447, -21.210840825573317 ], [ -45.087522088299735, -21.210840825573321 ], [ -45.087522088299735, -21.211649309329022 ], [ -45.088330572055447, -21.211649309329022 ] ] ] } },
{ "type": "Feature", "properties": { "anos_com_queima": 1, "area_ha": 0.41710396048965642, "inicio": 2011.0, "fim": 2025.0, "tipo": "recurrence", "id_feicao": "recurrence_2011_2025_217" }, "geometry": { "type": "Polygon", "coordinates": [ [ [ -45.092642485419219, -21.211649309329026 ], [ -45.092642485419219, -21.210571330988078 ], [ -45.092372990833987, -21.210571330988078 ], [ -45.092372990833987, -21.21137981474379 ], [ -45.092103496248747, -21.211379814743793 ], [ -45.092103496248747, -21.211649309329019 ], [ -45.092642485419219, -21.211649309329026 ] ] ] } },
{ "type": "Feature", "properties": { "anos_com_queima": 1, "area_ha": 0.41710512282764539, "inicio": 2011.0, "fim": 2025.0, "tipo": "recurrence", "id_feicao": "recurrence_2011_2025_218" }, "geometry": { "type": "Polygon", "coordinates": [ [ [ -45.086174615373558, -21.210840825573317 ], [ -45.087522088299735, -21.210840825573321 ], [ -45.087522088299735, -21.210571330988078 ], [ -45.086174615373558, -21.210571330988074 ], [ -45.086174615373558, -21.210840825573317 ] ] ] } },
{ "type": "Feature", "properties": { "anos_com_queima": 1, "area_ha": 26.778218203460728, "inicio": 2011.0, "fim": 2025.0, "tipo": "recurrence", "id_feicao": "recurrence_2011_2025_219" }, "geometry": { "type": "Polygon", "coordinates": [ [ [ -45.09911035546488, -21.208954363476671 ], [ -45.09911035546488, -21.208415374306192 ], [ -45.099379850050113, -21.208415374306192 ], [ -45.099379850050113, -21.207337395965258 ], [ -45.098571366294408, -21.207337395965254 ], [ -45.098571366294408, -21.209762847232373 ], [ -45.098301871709175, -21.209762847232373 ], [ -45.098301871709175, -21.210032341817612 ], [ -45.096415409612518, -21.210032341817612 ], [ -45.096415409612518, -21.212188298499491 ], [ -45.096684904197758, -21.212188298499498 ], [ -45.096684904197758, -21.212727287669974 ], [ -45.09911035546488, -21.21272728766996 ], [ -45.09911035546488, -21.213266276840447 ], [ -45.10099681756153, -21.213266276840443 ], [ -45.10099681756153, -21.212457793084727 ], [ -45.10126631214677, -21.212457793084738 ], [ -45.10126631214677, -21.212188298499505 ], [ -45.101535806732002, -21.212188298499495 ], [ -45.101535806732002, -21.211649309329019 ], [ -45.101805301317242, -21.211649309329026 ], [ -45.101805301317242, -21.210571330988078 ], [ -45.10288327965818, -21.210571330988074 ], [ -45.10288327965818, -21.210301836402845 ], [ -45.103422268828652, -21.210301836402849 ], [ -45.103422268828652, -21.207876385135723 ], [ -45.104230752584364, -21.207876385135727 ], [ -45.104230752584364, -21.207606890550487 ], [ -45.105847720095774, -21.207606890550487 ], [ -45.105847720095774, -21.207337395965258 ], [ -45.105578225510541, -21.207337395965254 ], [ -45.105578225510541, -21.206528912209549 ], [ -45.10288327965818, -21.206528912209546 ], [ -45.10288327965818, -21.209223858061904 ], [ -45.102074795902475, -21.209223858061897 ], [ -45.102074795902475, -21.209493352647133 ], [ -45.101805301317242, -21.209493352647137 ], [ -45.101805301317242, -21.209762847232369 ], [ -45.09911035546488, -21.209762847232376 ], [ -45.09911035546488, -21.209493352647133 ], [ -45.098840860879648, -21.20949335264714 ], [ -45.098840860879648, -21.208954363476675 ], [ -45.09911035546488, -21.208954363476671 ] ] ] } },
{ "type": "Feature", "properties": { "anos_com_queima": 1, "area_ha": 0.16684384324481571, "inicio": 2011.0, "fim": 2025.0, "tipo": "recurrence", "id_feicao": "recurrence_2011_2025_220" }, "geometry": { "type": "Polygon", "coordinates": [ [ [ -45.088330572055447, -21.209223858061904 ], [ -45.088330572055447, -21.208954363476671 ], [ -45.087791582884975, -21.208954363476668 ], [ -45.087791582884975, -21.209223858061907 ], [ -45.088330572055447, -21.209223858061904 ] ] ] } },
{ "type": "Feature", "properties": { "anos_com_queima": 1, "area_ha": 0.50053601670004433, "inicio": 2011.0, "fim": 2025.0, "tipo": "recurrence", "id_feicao": "recurrence_2011_2025_221" }, "geometry": { "type": "Polygon", "coordinates": [ [ [ -45.088330572055447, -21.207876385135723 ], [ -45.089947539566865, -21.207876385135719 ], [ -45.089947539566865, -21.207606890550487 ], [ -45.088330572055447, -21.207606890550487 ], [ -45.088330572055447, -21.207876385135723 ] ] ] } },
{ "type": "Feature", "properties": { "anos_com_queima": 1, "area_ha": 9.3434847573393789, "inicio": 2011.0, "fim": 2025.0, "tipo": "recurrence", "id_feicao": "recurrence_2011_2025_222" }, "geometry": { "type": "Polygon", "coordinates": [ [ [ -45.089947539566865, -21.205181439283368 ], [ -45.089947539566865, -21.205450933868605 ], [ -45.090217034152097, -21.205450933868605 ], [ -45.090217034152097, -21.207876385135719 ], [ -45.089947539566865, -21.207876385135719 ], [ -45.089947539566865, -21.208954363476668 ], [ -45.091295012493042, -21.208954363476668 ], [ -45.091295012493042, -21.207067901380011 ], [ -45.09048652873733, -21.207067901380022 ], [ -45.09048652873733, -21.205181439283365 ], [ -45.091834001663514, -21.205181439283368 ], [ -45.091834001663514, -21.204103460942427 ], [ -45.091564507078274, -21.204103460942424 ], [ -45.091564507078274, -21.201678009675298 ], [ -45.091295012493042, -21.201678009675295 ], [ -45.091295012493042, -21.203294977186715 ], [ -45.090217034152097, -21.203294977186712 ], [ -45.090217034152097, -21.203564471771951 ], [ -45.089408550396392, -21.203564471771951 ], [ -45.089408550396392, -21.203833966357184 ], [ -45.089139055811152, -21.203833966357184 ], [ -45.089139055811152, -21.204103460942431 ], [ -45.08886956122592, -21.204103460942431 ], [ -45.08886956122592, -21.205181439283365 ], [ -45.089947539566865, -21.205181439283368 ] ] ] } },
{ "type": "Feature", "properties": { "anos_com_queima": 1, "area_ha": 0.25028434357044954, "inicio": 2011.0, "fim": 2025.0, "tipo": "recurrence", "id_feicao": "recurrence_2011_2025_223" }, "geometry": { "type": "Polygon", "coordinates": [ [ [ -45.094528947515869, -21.198174580067231 ], [ -45.094528947515869, -21.197635590896756 ], [ -45.094259452930636, -21.197635590896759 ], [ -45.094259452930636, -21.197905085481995 ], [ -45.093989958345396, -21.197905085481995 ], [ -45.093989958345396, -21.198174580067231 ], [ -45.094528947515869, -21.198174580067231 ] ] ] } },
{ "type": "Feature", "properties": { "anos_com_queima": 1, "area_ha": 0.50057050295136873, "inicio": 2011.0, "fim": 2025.0, "tipo": "recurrence", "id_feicao": "recurrence_2011_2025_224" }, "geometry": { "type": "Polygon", "coordinates": [ [ [ -45.094528947515869, -21.197635590896756 ], [ -45.095337431271581, -21.197635590896756 ], [ -45.095337431271581, -21.197096601726287 ], [ -45.094528947515869, -21.197096601726283 ], [ -45.094528947515869, -21.197635590896756 ] ] ] } },
{ "type": "Feature", "properties": { "anos_com_queima": 1, "area_ha": 271.89048014592152, "inicio": 2011.0, "fim": 2025.0, "tipo": "recurrence", "id_feicao": "recurrence_2011_2025_225" }, "geometry": { "type": "Polygon", "coordinates": [ [ [ -45.080784723668842, -21.190359237095397 ], [ -45.080515229083616, -21.190359237095393 ], [ -45.080515229083616, -21.190898226265858 ], [ -45.079167756157425, -21.190898226265862 ], [ -45.079167756157425, -21.192784688362515 ], [ -45.077820283231254, -21.192784688362512 ], [ -45.077820283231254, -21.193054182947748 ], [ -45.077550788646015, -21.193054182947744 ], [ -45.077550788646015, -21.193323677532995 ], [ -45.077281294060782, -21.193323677532984 ], [ -45.077281294060782, -21.194940645044394 ], [ -45.077011799475542, -21.194940645044394 ], [ -45.077011799475542, -21.196018623385342 ], [ -45.077281294060782, -21.196018623385349 ], [ -45.077281294060782, -21.196288117970575 ], [ -45.077820283231254, -21.196288117970589 ], [ -45.077820283231254, -21.198174580067228 ], [ -45.078089777816487, -21.198174580067231 ], [ -45.078089777816487, -21.200061042163888 ], [ -45.07674230489031, -21.200061042163888 ], [ -45.07674230489031, -21.199522052993409 ], [ -45.07647281030507, -21.199522052993419 ], [ -45.07647281030507, -21.197905085481995 ], [ -45.075125337378893, -21.197905085481992 ], [ -45.075125337378893, -21.199522052993409 ], [ -45.07458634820842, -21.199522052993412 ], [ -45.07458634820842, -21.200061042163885 ], [ -45.072969380697003, -21.200061042163885 ], [ -45.072969380697003, -21.202486493431014 ], [ -45.075394831964125, -21.20248649343101 ], [ -45.075394831964125, -21.202216998845774 ], [ -45.075664326549365, -21.20221699884577 ], [ -45.075664326549365, -21.201408515090062 ], [ -45.075933821134598, -21.201408515090069 ], [ -45.075933821134598, -21.200330536749117 ], [ -45.078089777816487, -21.200330536749124 ], [ -45.078089777816487, -21.201408515090066 ], [ -45.079167756157425, -21.201408515090066 ], [ -45.079167756157425, -21.201678009675291 ], [ -45.079706745327897, -21.201678009675298 ], [ -45.079706745327897, -21.201947504260534 ], [ -45.081054218254089, -21.201947504260538 ], [ -45.081054218254089, -21.203294977186715 ], [ -45.078359272401727, -21.203294977186719 ], [ -45.078359272401727, -21.202755988016236 ], [ -45.076203315719837, -21.202755988016239 ], [ -45.076203315719837, -21.205720428453837 ], [ -45.078359272401727, -21.205720428453834 ], [ -45.078359272401727, -21.206798406794782 ], [ -45.078898261572199, -21.206798406794782 ], [ -45.078898261572199, -21.207067901380011 ], [ -45.080515229083616, -21.207067901380022 ], [ -45.080515229083616, -21.208684868891432 ], [ -45.078628766986952, -21.208684868891424 ], [ -45.078628766986952, -21.208954363476668 ], [ -45.077281294060782, -21.208954363476668 ], [ -45.077281294060782, -21.208684868891435 ], [ -45.076203315719837, -21.208684868891428 ], [ -45.076203315719837, -21.209493352647137 ], [ -45.07647281030507, -21.209493352647137 ], [ -45.07647281030507, -21.209762847232373 ], [ -45.07674230489031, -21.20976284723238 ], [ -45.07674230489031, -21.210301836402845 ], [ -45.080515229083616, -21.210301836402849 ], [ -45.080515229083616, -21.208954363476668 ], [ -45.082671185765491, -21.208954363476671 ], [ -45.082671185765491, -21.2092238580619 ], [ -45.082940680350731, -21.209223858061893 ], [ -45.082940680350731, -21.209493352647137 ], [ -45.083210174935964, -21.209493352647137 ], [ -45.083210174935964, -21.209762847232373 ], [ -45.084288153276908, -21.209762847232369 ], [ -45.084288153276908, -21.20760689055048 ], [ -45.085366131617853, -21.207606890550494 ], [ -45.085366131617853, -21.209223858061907 ], [ -45.086174615373558, -21.209223858061904 ], [ -45.086174615373558, -21.208954363476668 ], [ -45.087791582884975, -21.208954363476668 ], [ -45.087791582884975, -21.207876385135723 ], [ -45.08671360454403, -21.207876385135716 ], [ -45.08671360454403, -21.207337395965258 ], [ -45.085905120788325, -21.207337395965254 ], [ -45.085905120788325, -21.20437295552766 ], [ -45.085635626203086, -21.204372955527656 ], [ -45.085635626203086, -21.202216998845778 ], [ -45.084288153276908, -21.202216998845778 ], [ -45.084288153276908, -21.20086952591959 ], [ -45.085366131617853, -21.20086952591959 ], [ -45.085366131617853, -21.201139020504822 ], [ -45.085635626203086, -21.201139020504826 ], [ -45.085635626203086, -21.201678009675295 ], [ -45.086174615373558, -21.201678009675298 ], [ -45.086174615373558, -21.201408515090069 ], [ -45.086444109958798, -21.201408515090066 ], [ -45.086444109958798, -21.201139020504826 ], [ -45.08671360454403, -21.201139020504833 ], [ -45.08671360454403, -21.199791547578645 ], [ -45.087522088299735, -21.199791547578645 ], [ -45.087522088299735, -21.199522052993416 ], [ -45.087791582884975, -21.199522052993409 ], [ -45.087791582884975, -21.199252558408176 ], [ -45.091564507078274, -21.199252558408183 ], [ -45.091564507078274, -21.201139020504829 ], [ -45.092911980004459, -21.201139020504833 ], [ -45.092911980004459, -21.200061042163881 ], [ -45.093181474589692, -21.200061042163881 ], [ -45.093181474589692, -21.199791547578645 ], [ -45.094528947515869, -21.199791547578645 ], [ -45.094528947515869, -21.200061042163881 ], [ -45.095337431271581, -21.200061042163885 ], [ -45.095337431271581, -21.201139020504826 ], [ -45.095067936686341, -21.201139020504826 ], [ -45.095067936686341, -21.20437295552766 ], [ -45.094798442101109, -21.20437295552766 ], [ -45.094798442101109, -21.204642450112893 ], [ -45.093450969174924, -21.204642450112896 ], [ -45.093450969174924, -21.205181439283365 ], [ -45.093720463760164, -21.205181439283368 ], [ -45.093720463760164, -21.205720428453834 ], [ -45.096954398782991, -21.205720428453837 ], [ -45.096954398782991, -21.205181439283365 ], [ -45.098032377123936, -21.205181439283365 ], [ -45.098032377123936, -21.20625941762431 ], [ -45.098840860879648, -21.20625941762431 ], [ -45.098840860879648, -21.207067901380022 ], [ -45.099379850050113, -21.207067901380022 ], [ -45.099379850050113, -21.207337395965258 ], [ -45.100727322976297, -21.207337395965258 ], [ -45.100727322976297, -21.20625941762431 ], [ -45.102344290487714, -21.206259417624313 ], [ -45.102344290487714, -21.204911944698132 ], [ -45.101805301317242, -21.204911944698132 ], [ -45.101805301317242, -21.203564471771951 ], [ -45.098032377123936, -21.203564471771951 ], [ -45.098032377123936, -21.203294977186722 ], [ -45.095606925856814, -21.203294977186715 ], [ -45.095606925856814, -21.200869525919593 ], [ -45.096415409612518, -21.20086952591959 ], [ -45.096415409612518, -21.199791547578641 ], [ -45.096684904197758, -21.199791547578652 ], [ -45.096684904197758, -21.199522052993409 ], [ -45.098032377123936, -21.199522052993409 ], [ -45.098032377123936, -21.199252558408176 ], [ -45.10099681756153, -21.19925255840818 ], [ -45.10099681756153, -21.199791547578652 ], [ -45.102344290487714, -21.199791547578659 ], [ -45.102344290487714, -21.198713569237704 ], [ -45.099649344635353, -21.1987135692377 ], [ -45.099649344635353, -21.196288117970585 ], [ -45.10288327965818, -21.196288117970578 ], [ -45.10288327965818, -21.194940645044401 ], [ -45.100188333805825, -21.194940645044404 ], [ -45.100188333805825, -21.193862666703463 ], [ -45.098840860879648, -21.193862666703453 ], [ -45.098840860879648, -21.194132161288696 ], [ -45.098571366294408, -21.194132161288699 ], [ -45.098571366294408, -21.194401655873939 ], [ -45.097762882538703, -21.194401655873925 ], [ -45.097762882538703, -21.194671150459161 ], [ -45.097493387953463, -21.194671150459168 ], [ -45.097493387953463, -21.194940645044394 ], [ -45.097223893368231, -21.194940645044394 ], [ -45.097223893368231, -21.195210139629641 ], [ -45.096415409612518, -21.195210139629644 ], [ -45.096415409612518, -21.19547963421487 ], [ -45.095876420442053, -21.195479634214873 ], [ -45.095876420442053, -21.196557612555811 ], [ -45.096684904197758, -21.196557612555814 ], [ -45.096684904197758, -21.197905085481992 ], [ -45.096415409612518, -21.197905085481992 ], [ -45.096415409612518, -21.1987135692377 ], [ -45.095606925856814, -21.1987135692377 ], [ -45.095606925856814, -21.198983063822944 ], [ -45.093989958345396, -21.198983063822936 ], [ -45.093989958345396, -21.198174580067231 ], [ -45.091834001663514, -21.198174580067235 ], [ -45.091834001663514, -21.197635590896766 ], [ -45.08860006664068, -21.197635590896759 ], [ -45.08860006664068, -21.196018623385342 ], [ -45.088330572055447, -21.196018623385342 ], [ -45.088330572055447, -21.19709660172629 ], [ -45.087791582884975, -21.197096601726283 ], [ -45.087791582884975, -21.197366096311534 ], [ -45.08671360454403, -21.197366096311523 ], [ -45.08671360454403, -21.197635590896766 ], [ -45.085366131617853, -21.197635590896763 ], [ -45.085366131617853, -21.197096601726287 ], [ -45.085096637032613, -21.197096601726283 ], [ -45.085096637032613, -21.196827107141051 ], [ -45.084827142447381, -21.196827107141051 ], [ -45.084827142447381, -21.196557612555814 ], [ -45.084288153276908, -21.196557612555825 ], [ -45.084288153276908, -21.197635590896759 ], [ -45.083210174935964, -21.197635590896763 ], [ -45.083210174935964, -21.197905085481992 ], [ -45.082940680350731, -21.197905085481995 ], [ -45.082940680350731, -21.198444074652464 ], [ -45.081323712839314, -21.198444074652468 ], [ -45.081323712839314, -21.194940645044394 ], [ -45.083210174935964, -21.194940645044404 ], [ -45.083210174935964, -21.195210139629637 ], [ -45.084827142447381, -21.195210139629641 ], [ -45.084827142447381, -21.194940645044394 ], [ -45.085096637032613, -21.194940645044397 ], [ -45.085096637032613, -21.194671150459165 ], [ -45.085366131617853, -21.194671150459158 ], [ -45.085366131617853, -21.194401655873932 ], [ -45.085635626203086, -21.194401655873932 ], [ -45.085635626203086, -21.194132161288689 ], [ -45.085905120788325, -21.194132161288692 ], [ -45.085905120788325, -21.192515193777275 ], [ -45.086174615373558, -21.192515193777275 ], [ -45.086174615373558, -21.192245699192043 ], [ -45.08671360454403, -21.192245699192039 ], [ -45.08671360454403, -21.19008974251015 ], [ -45.085366131617853, -21.19008974251016 ], [ -45.085366131617853, -21.189011764169209 ], [ -45.085905120788325, -21.189011764169209 ], [ -45.085905120788325, -21.188472774998747 ], [ -45.08671360454403, -21.188472774998743 ], [ -45.08671360454403, -21.188203280413507 ], [ -45.08860006664068, -21.188203280413511 ], [ -45.08860006664068, -21.187933785828271 ], [ -45.089947539566865, -21.187933785828271 ], [ -45.089947539566865, -21.184160861634968 ], [ -45.089678044981625, -21.184160861634965 ], [ -45.089678044981625, -21.184699850805437 ], [ -45.089408550396392, -21.18469985080544 ], [ -45.089408550396392, -21.185508334561145 ], [ -45.084018658691676, -21.185508334561156 ], [ -45.084018658691676, -21.187125302072566 ], [ -45.081323712839314, -21.187125302072559 ], [ -45.081323712839314, -21.187394796657795 ], [ -45.081054218254089, -21.187394796657799 ], [ -45.081054218254089, -21.188203280413504 ], [ -45.080784723668842, -21.188203280413507 ], [ -45.080784723668842, -21.190359237095397 ] ], [ [ -45.080784723668842, -21.194940645044397 ], [ -45.080784723668842, -21.191976204606807 ], [ -45.083749164106436, -21.191976204606807 ], [ -45.083749164106436, -21.194671150459172 ], [ -45.083210174935964, -21.194671150459172 ], [ -45.083210174935964, -21.19359317211822 ], [ -45.082132196595019, -21.193593172118224 ], [ -45.082132196595019, -21.19332367753298 ], [ -45.081054218254089, -21.193323677532984 ], [ -45.081054218254089, -21.194401655873929 ], [ -45.081323712839314, -21.194401655873939 ], [ -45.081323712839314, -21.194940645044394 ], [ -45.080784723668842, -21.194940645044397 ] ], [ [ -45.083210174935964, -21.204911944698132 ], [ -45.084288153276908, -21.204911944698132 ], [ -45.084288153276908, -21.205720428453841 ], [ -45.084557647862141, -21.205720428453837 ], [ -45.084557647862141, -21.206798406794782 ], [ -45.083210174935964, -21.206798406794785 ], [ -45.083210174935964, -21.204911944698132 ] ] ] } },
{ "type": "Feature", "properties": { "anos_com_queima": 1, "area_ha": 0.083428791032034405, "inicio": 2011.0, "fim": 2025.0, "tipo": "recurrence", "id_feicao": "recurrence_2011_2025_226" }, "geometry": { "type": "Polygon", "coordinates": [ [ [ -45.095606925856814, -21.196827107141058 ], [ -45.095606925856814, -21.196557612555818 ], [ -45.095337431271581, -21.196557612555814 ], [ -45.095337431271581, -21.196827107141058 ], [ -45.095606925856814, -21.196827107141058 ] ] ] } },
{ "type": "Feature", "properties": { "anos_com_queima": 1, "area_ha": 0.50057796805538235, "inicio": 2011.0, "fim": 2025.0, "tipo": "recurrence", "id_feicao": "recurrence_2011_2025_227" }, "geometry": { "type": "Polygon", "coordinates": [ [ [ -45.08860006664068, -21.195479634214877 ], [ -45.08886956122592, -21.195479634214877 ], [ -45.08886956122592, -21.195210139629644 ], [ -45.089139055811152, -21.195210139629644 ], [ -45.089139055811152, -21.194940645044401 ], [ -45.089408550396392, -21.194940645044404 ], [ -45.089408550396392, -21.194671150459172 ], [ -45.08860006664068, -21.194671150459165 ], [ -45.08860006664068, -21.195479634214877 ] ] ] } },
{ "type": "Feature", "properties": { "anos_com_queima": 1, "area_ha": 0.083429955686256288, "inicio": 2011.0, "fim": 2025.0, "tipo": "recurrence", "id_feicao": "recurrence_2011_2025_228" }, "geometry": { "type": "Polygon", "coordinates": [ [ [ -45.089408550396392, -21.194671150459172 ], [ -45.089678044981625, -21.194671150459165 ], [ -45.089678044981625, -21.194401655873936 ], [ -45.089408550396392, -21.194401655873939 ], [ -45.089408550396392, -21.194671150459172 ] ] ] } },
{ "type": "Feature", "properties": { "anos_com_queima": 1, "area_ha": 1.5851711776692421, "inicio": 2011.0, "fim": 2025.0, "tipo": "recurrence", "id_feicao": "recurrence_2011_2025_229" }, "geometry": { "type": "Polygon", "coordinates": [ [ [ -45.091025517907802, -21.194940645044401 ], [ -45.092372990833987, -21.194940645044394 ], [ -45.092372990833987, -21.193862666703453 ], [ -45.091295012493042, -21.193862666703456 ], [ -45.091295012493042, -21.194132161288692 ], [ -45.091025517907802, -21.194132161288689 ], [ -45.091025517907802, -21.194940645044401 ] ] ] } },
{ "type": "Feature", "properties": { "anos_com_queima": 1, "area_ha": 1.3348886056382729, "inicio": 2011.0, "fim": 2025.0, "tipo": "recurrence", "id_feicao": "recurrence_2011_2025_230" }, "geometry": { "type": "Polygon", "coordinates": [ [ [ -45.104500247169597, -21.194132161288689 ], [ -45.104500247169597, -21.193054182947751 ], [ -45.103422268828652, -21.193054182947748 ], [ -45.103422268828652, -21.194132161288692 ], [ -45.104500247169597, -21.194132161288689 ] ] ] } },
{ "type": "Feature", "properties": { "anos_com_queima": 1, "area_ha": 0.33372526351481863, "inicio": 2011.0, "fim": 2025.0, "tipo": "recurrence", "id_feicao": "recurrence_2011_2025_231" }, "geometry": { "type": "Polygon", "coordinates": [ [ [ -45.095606925856814, -21.192245699192046 ], [ -45.095606925856814, -21.191976204606807 ], [ -45.094528947515869, -21.191976204606814 ], [ -45.094528947515869, -21.192245699192046 ], [ -45.095606925856814, -21.192245699192046 ] ] ] } },
{ "type": "Feature", "properties": { "anos_com_queima": 1, "area_ha": 0.50058920889552683, "inicio": 2011.0, "fim": 2025.0, "tipo": "recurrence", "id_feicao": "recurrence_2011_2025_232" }, "geometry": { "type": "Polygon", "coordinates": [ [ [ -45.093720463760164, -21.191976204606803 ], [ -45.094528947515869, -21.191976204606814 ], [ -45.094528947515869, -21.191437215436338 ], [ -45.093720463760164, -21.191437215436338 ], [ -45.093720463760164, -21.191976204606803 ] ] ] } },
{ "type": "Feature", "properties": { "anos_com_queima": 1, "area_ha": 18.939085173069202, "inicio": 2011.0, "fim": 2025.0, "tipo": "recurrence", "id_feicao": "recurrence_2011_2025_233" }, "geometry": { "type": "Polygon", "coordinates": [ [ [ -45.091295012493042, -21.193862666703456 ], [ -45.091295012493042, -21.192515193777282 ], [ -45.091834001663514, -21.192515193777275 ], [ -45.091834001663514, -21.191976204606817 ], [ -45.092372990833987, -21.191976204606817 ], [ -45.092372990833987, -21.191437215436338 ], [ -45.093720463760164, -21.191437215436338 ], [ -45.093720463760164, -21.190089742510153 ], [ -45.092911980004459, -21.190089742510157 ], [ -45.092911980004459, -21.187664291243038 ], [ -45.090217034152097, -21.187664291243035 ], [ -45.090217034152097, -21.190359237095389 ], [ -45.089947539566865, -21.1903592370954 ], [ -45.089947539566865, -21.192784688362512 ], [ -45.089678044981625, -21.192784688362515 ], [ -45.089678044981625, -21.194401655873936 ], [ -45.090217034152097, -21.194401655873925 ], [ -45.090217034152097, -21.194132161288692 ], [ -45.091025517907802, -21.194132161288689 ], [ -45.091025517907802, -21.193862666703463 ], [ -45.091295012493042, -21.193862666703456 ] ] ] } },
{ "type": "Feature", "properties": { "anos_com_queima": 1, "area_ha": 1.001185652995437, "inicio": 2011.0, "fim": 2025.0, "tipo": "recurrence", "id_feicao": "recurrence_2011_2025_234" }, "geometry": { "type": "Polygon", "coordinates": [ [ [ -45.096415409612518, -21.191437215436338 ], [ -45.096415409612518, -21.189820247924914 ], [ -45.095876420442053, -21.189820247924924 ], [ -45.095876420442053, -21.191437215436341 ], [ -45.096415409612518, -21.191437215436338 ] ] ] } },
{ "type": "Feature", "properties": { "anos_com_queima": 1, "area_ha": 6.0071979051530358, "inicio": 2011.0, "fim": 2025.0, "tipo": "recurrence", "id_feicao": "recurrence_2011_2025_235" }, "geometry": { "type": "Polygon", "coordinates": [ [ [ -45.099918839220585, -21.187664291243038 ], [ -45.096684904197758, -21.187664291243035 ], [ -45.096684904197758, -21.187933785828267 ], [ -45.096415409612518, -21.187933785828278 ], [ -45.096415409612518, -21.189011764169216 ], [ -45.09911035546488, -21.189011764169216 ], [ -45.09911035546488, -21.189281258754455 ], [ -45.10126631214677, -21.189281258754455 ], [ -45.10126631214677, -21.189011764169219 ], [ -45.099918839220585, -21.189011764169209 ], [ -45.099918839220585, -21.187664291243038 ] ] ] } },
{ "type": "Feature", "properties": { "anos_com_queima": 1, "area_ha": 0.33373399243149682, "inicio": 2011.0, "fim": 2025.0, "tipo": "recurrence", "id_feicao": "recurrence_2011_2025_236" }, "geometry": { "type": "Polygon", "coordinates": [ [ [ -45.101535806732002, -21.188742269583972 ], [ -45.101535806732002, -21.187664291243031 ], [ -45.10126631214677, -21.187664291243031 ], [ -45.10126631214677, -21.188742269583976 ], [ -45.101535806732002, -21.188742269583972 ] ] ] } },
{ "type": "Feature", "properties": { "anos_com_queima": 1, "area_ha": 0.16687121153548351, "inicio": 2011.0, "fim": 2025.0, "tipo": "recurrence", "id_feicao": "recurrence_2011_2025_237" }, "geometry": { "type": "Polygon", "coordinates": [ [ [ -45.090756023322569, -21.184430356220204 ], [ -45.090756023322569, -21.184160861634961 ], [ -45.090217034152097, -21.184160861634972 ], [ -45.090217034152097, -21.184430356220197 ], [ -45.090756023322569, -21.184430356220204 ] ] ] } },
{ "type": "Feature", "properties": { "anos_com_queima": 1, "area_ha": 3.6711949505624362, "inicio": 2011.0, "fim": 2025.0, "tipo": "recurrence", "id_feicao": "recurrence_2011_2025_238" }, "geometry": { "type": "Polygon", "coordinates": [ [ [ -45.095337431271581, -21.182274399538322 ], [ -45.094259452930636, -21.182274399538315 ], [ -45.094259452930636, -21.182543894123548 ], [ -45.093989958345396, -21.182543894123551 ], [ -45.093989958345396, -21.184430356220197 ], [ -45.091834001663514, -21.184430356220204 ], [ -45.091834001663514, -21.184699850805437 ], [ -45.095067936686341, -21.184699850805437 ], [ -45.095067936686341, -21.182543894123551 ], [ -45.095337431271581, -21.182543894123551 ], [ -45.095337431271581, -21.182274399538322 ] ] ] } },
{ "type": "Feature", "properties": { "anos_com_queima": 1, "area_ha": 1.8355963907783921, "inicio": 2011.0, "fim": 2025.0, "tipo": "recurrence", "id_feicao": "recurrence_2011_2025_239" }, "geometry": { "type": "Polygon", "coordinates": [ [ [ -45.090217034152097, -21.184160861634972 ], [ -45.090217034152097, -21.182543894123548 ], [ -45.08886956122592, -21.182543894123551 ], [ -45.08886956122592, -21.183621872464496 ], [ -45.089947539566865, -21.183621872464499 ], [ -45.089947539566865, -21.184160861634968 ], [ -45.090217034152097, -21.184160861634972 ] ] ] } },
{ "type": "Feature", "properties": { "anos_com_queima": 1, "area_ha": 0.50063807425672158, "inicio": 2011.0, "fim": 2025.0, "tipo": "recurrence", "id_feicao": "recurrence_2011_2025_240" }, "geometry": { "type": "Polygon", "coordinates": [ [ [ -45.096954398782991, -21.176884507833599 ], [ -45.096954398782991, -21.176345518663123 ], [ -45.096684904197758, -21.176345518663126 ], [ -45.096684904197758, -21.177423497004071 ], [ -45.097223893368231, -21.177423497004071 ], [ -45.097223893368231, -21.176884507833591 ], [ -45.096954398782991, -21.176884507833599 ] ] ] } },
{ "type": "Feature", "properties": { "anos_com_queima": 1, "area_ha": 0.66752080208100384, "inicio": 2011.0, "fim": 2025.0, "tipo": "recurrence", "id_feicao": "recurrence_2011_2025_241" }, "geometry": { "type": "Polygon", "coordinates": [ [ [ -45.098571366294408, -21.176345518663123 ], [ -45.100727322976297, -21.17634551866313 ], [ -45.100727322976297, -21.17607602407789 ], [ -45.098571366294408, -21.176076024077897 ], [ -45.098571366294408, -21.176345518663123 ] ] ] } },
{ "type": "Feature", "properties": { "anos_com_queima": 1, "area_ha": 0.91784438756521014, "inicio": 2011.0, "fim": 2025.0, "tipo": "recurrence", "id_feicao": "recurrence_2011_2025_242" }, "geometry": { "type": "Polygon", "coordinates": [ [ [ -45.098571366294408, -21.176076024077897 ], [ -45.098571366294408, -21.175537034907418 ], [ -45.097223893368231, -21.175537034907421 ], [ -45.097223893368231, -21.175806529492654 ], [ -45.096954398782991, -21.175806529492661 ], [ -45.096954398782991, -21.176076024077894 ], [ -45.098571366294408, -21.176076024077897 ] ] ] } },
{ "type": "Feature", "properties": { "anos_com_queima": 1, "area_ha": 1.6688145193037875, "inicio": 2011.0, "fim": 2025.0, "tipo": "recurrence", "id_feicao": "recurrence_2011_2025_243" }, "geometry": { "type": "Polygon", "coordinates": [ [ [ -45.090217034152097, -21.175537034907418 ], [ -45.090217034152097, -21.174459056566477 ], [ -45.08886956122592, -21.174459056566477 ], [ -45.08886956122592, -21.175537034907428 ], [ -45.090217034152097, -21.175537034907418 ] ] ] } },
{ "type": "Feature", "properties": { "anos_com_queima": 1, "area_ha": 115.62539455938139, "inicio": 2011.0, "fim": 2025.0, "tipo": "recurrence", "id_feicao": "recurrence_2011_2025_244" }, "geometry": { "type": "Polygon", "coordinates": [ [ [ -45.079437250742671, -21.390054724755164 ], [ -45.079437250742671, -21.390324219340389 ], [ -45.079167756157425, -21.390324219340403 ], [ -45.079167756157425, -21.393019165192751 ], [ -45.075394831964125, -21.393019165192758 ], [ -45.075394831964125, -21.392749670607525 ], [ -45.072969380697003, -21.392749670607515 ], [ -45.072969380697003, -21.392480176022282 ], [ -45.071891402356059, -21.392480176022278 ], [ -45.071891402356059, -21.393827648948463 ], [ -45.074316853623181, -21.393827648948459 ], [ -45.074316853623181, -21.394097143533703 ], [ -45.075933821134598, -21.394097143533703 ], [ -45.075933821134598, -21.395983605630349 ], [ -45.083210174935964, -21.395983605630349 ], [ -45.083210174935964, -21.395714111045109 ], [ -45.083749164106436, -21.395714111045109 ], [ -45.083749164106436, -21.394636132704168 ], [ -45.086174615373558, -21.394636132704171 ], [ -45.086174615373558, -21.3949056272894 ], [ -45.08671360454403, -21.394905627289408 ], [ -45.08671360454403, -21.39517512187464 ], [ -45.087522088299735, -21.395175121874637 ], [ -45.087522088299735, -21.395983605630345 ], [ -45.087791582884975, -21.395983605630349 ], [ -45.087791582884975, -21.396792089386061 ], [ -45.088061077470208, -21.396792089386061 ], [ -45.088061077470208, -21.397061583971301 ], [ -45.089408550396392, -21.397061583971293 ], [ -45.089408550396392, -21.39571411104512 ], [ -45.091564507078274, -21.395714111045116 ], [ -45.091564507076086, -21.396617346092786 ], [ -45.091633, -21.396604 ], [ -45.091892, -21.396550999999896 ], [ -45.092174999999898, -21.39651 ], [ -45.092496, -21.39647 ], [ -45.092962999999898, -21.396432999999895 ], [ -45.09321, -21.396414 ], [ -45.093542, -21.396374 ], [ -45.09385, -21.396344999999897 ], [ -45.094108999999897, -21.396315 ], [ -45.094355, -21.396285 ], [ -45.094528947515798, -21.396272272170812 ], [ -45.094528947515869, -21.396253100215585 ], [ -45.094705754902108, -21.396253100548577 ], [ -45.09491, -21.396226 ], [ -45.095156, -21.396196 ], [ -45.095337431271076, -21.396177441106392 ], [ -45.095337431271581, -21.395714111045109 ], [ -45.093989958345396, -21.395714111045109 ], [ -45.093989958345396, -21.3949056272894 ], [ -45.093720463760164, -21.3949056272894 ], [ -45.093720463760164, -21.393827648948463 ], [ -45.093450969174924, -21.393827648948459 ], [ -45.093450969174924, -21.39355815436323 ], [ -45.093181474589692, -21.393558154363223 ], [ -45.093181474589692, -21.393288659777991 ], [ -45.092103496248747, -21.393288659777991 ], [ -45.092103496248747, -21.393827648948466 ], [ -45.091834001663514, -21.393827648948463 ], [ -45.091834001663514, -21.394097143533699 ], [ -45.091564507078274, -21.394097143533703 ], [ -45.091564507078274, -21.394366638118939 ], [ -45.089408550396392, -21.394366638118939 ], [ -45.089408550396392, -21.394097143533699 ], [ -45.089139055811152, -21.394097143533696 ], [ -45.089139055811152, -21.393827648948463 ], [ -45.087791582884975, -21.393827648948466 ], [ -45.087791582884975, -21.393288659777994 ], [ -45.087252593714503, -21.393288659777998 ], [ -45.087252593714503, -21.390863208510879 ], [ -45.090217034152097, -21.390863208510879 ], [ -45.090217034152097, -21.391671692266574 ], [ -45.091834001663514, -21.391671692266581 ], [ -45.091834001663514, -21.388976746414212 ], [ -45.091295012493042, -21.388976746414212 ], [ -45.091295012493042, -21.387898768073267 ], [ -45.091025517907802, -21.387898768073274 ], [ -45.091025517907802, -21.387359778902802 ], [ -45.085635626203086, -21.387359778902805 ], [ -45.085635626203086, -21.38816826265851 ], [ -45.083210174935964, -21.388168262658517 ], [ -45.083210174935964, -21.387898768073274 ], [ -45.082132196595019, -21.387898768073278 ], [ -45.082132196595019, -21.389515735584688 ], [ -45.080245734498369, -21.389515735584695 ], [ -45.080245734498369, -21.389785230169924 ], [ -45.079976239913144, -21.389785230169931 ], [ -45.079976239913144, -21.390054724755164 ], [ -45.079437250742671, -21.390054724755164 ] ], [ [ -45.08671360454403, -21.38816826265851 ], [ -45.08671360454403, -21.389785230169924 ], [ -45.085096637032613, -21.389785230169931 ], [ -45.085096637032613, -21.388437757243743 ], [ -45.085635626203086, -21.388437757243739 ], [ -45.085635626203086, -21.38816826265851 ], [ -45.08671360454403, -21.38816826265851 ] ] ] } },
{ "type": "Feature", "properties": { "anos_com_queima": 1, "area_ha": 1.6664269865778192, "inicio": 2011.0, "fim": 2025.0, "tipo": "recurrence", "id_feicao": "recurrence_2011_2025_245" }, "geometry": { "type": "Polygon", "coordinates": [ [ [ -45.06784898357752, -21.391132703096105 ], [ -45.06784898357752, -21.389785230169924 ], [ -45.066771005236575, -21.38978523016992 ], [ -45.066771005236575, -21.391132703096115 ], [ -45.06784898357752, -21.391132703096105 ] ] ] } },
{ "type": "Feature", "properties": { "anos_com_queima": 1, "area_ha": 1.3331792680402641, "inicio": 2011.0, "fim": 2025.0, "tipo": "recurrence", "id_feicao": "recurrence_2011_2025_246" }, "geometry": { "type": "Polygon", "coordinates": [ [ [ -45.077550788646015, -21.386820789732329 ], [ -45.077550788646015, -21.385742811391388 ], [ -45.07647281030507, -21.385742811391388 ], [ -45.07647281030507, -21.386820789732333 ], [ -45.077550788646015, -21.386820789732329 ] ] ] } },
{ "type": "Feature", "properties": { "anos_com_queima": 1, "area_ha": 2.6664256635962267, "inicio": 2011.0, "fim": 2025.0, "tipo": "recurrence", "id_feicao": "recurrence_2011_2025_247" }, "geometry": { "type": "Polygon", "coordinates": [ [ [ -45.079167756157425, -21.381430898027617 ], [ -45.079167756157425, -21.381161403442384 ], [ -45.078089777816487, -21.381161403442384 ], [ -45.078089777816487, -21.383586854709502 ], [ -45.079437250742671, -21.383586854709499 ], [ -45.079437250742671, -21.381430898027624 ], [ -45.079167756157425, -21.381430898027617 ] ], [ [ -45.079167756157425, -21.382508876368551 ], [ -45.078359272401727, -21.382508876368558 ], [ -45.078359272401727, -21.38143089802761 ], [ -45.079167756157425, -21.381430898027617 ], [ -45.079167756157425, -21.382508876368551 ] ] ] } },
{ "type": "Feature", "properties": { "anos_com_queima": 1, "area_ha": 1.6665602058676348, "inicio": 2011.0, "fim": 2025.0, "tipo": "recurrence", "id_feicao": "recurrence_2011_2025_248" }, "geometry": { "type": "Polygon", "coordinates": [ [ [ -45.064615048554693, -21.379005446760495 ], [ -45.064615048554693, -21.377927468419553 ], [ -45.063267575628508, -21.37792746841955 ], [ -45.063267575628508, -21.379005446760498 ], [ -45.064615048554693, -21.379005446760495 ] ] ] } },
{ "type": "Feature", "properties": { "anos_com_queima": 1, "area_ha": 5.6316921942853089, "inicio": 2011.0, "fim": 2025.0, "tipo": "recurrence", "id_feicao": "recurrence_2011_2025_249" }, "geometry": { "type": "Polygon", "coordinates": [ [ [ -45.058955662264736, -21.377118984663838 ], [ -45.058955662264736, -21.374693533396719 ], [ -45.058686167679504, -21.374693533396719 ], [ -45.058686167679504, -21.375232522567192 ], [ -45.057069200168087, -21.375232522567192 ], [ -45.057069200168087, -21.375502017152428 ], [ -45.056799705582854, -21.375502017152428 ], [ -45.056799705582854, -21.376849490078605 ], [ -45.057069200168087, -21.376849490078609 ], [ -45.057069200166893, -21.377413629425618 ], [ -45.057122, -21.377416 ], [ -45.057233, -21.377610999999888 ], [ -45.057290935464458, -21.377657974756065 ], [ -45.058686167679504, -21.377657973834317 ], [ -45.058686167679504, -21.377118984663845 ], [ -45.058955662264736, -21.377118984663838 ] ] ] } },
{ "type": "Feature", "properties": { "anos_com_queima": 1, "area_ha": 0.49998147323839365, "inicio": 2011.0, "fim": 2025.0, "tipo": "recurrence", "id_feicao": "recurrence_2011_2025_250" }, "geometry": { "type": "Polygon", "coordinates": [ [ [ -45.058955662264736, -21.374693533396719 ], [ -45.059764146020449, -21.374693533396719 ], [ -45.059764146020449, -21.374154544226251 ], [ -45.058955662264736, -21.374154544226247 ], [ -45.058955662264736, -21.374693533396719 ] ] ] } },
{ "type": "Feature", "properties": { "anos_com_queima": 1, "area_ha": 2.166610648152139, "inicio": 2011.0, "fim": 2025.0, "tipo": "recurrence", "id_feicao": "recurrence_2011_2025_251" }, "geometry": { "type": "Polygon", "coordinates": [ [ [ -45.059764146020449, -21.372268082129594 ], [ -45.059494651435209, -21.372268082129594 ], [ -45.059494651435209, -21.371998587544361 ], [ -45.058416673094264, -21.371998587544361 ], [ -45.058416673094264, -21.373615555055775 ], [ -45.058686167679504, -21.373615555055775 ], [ -45.058686167679504, -21.373076565885299 ], [ -45.059764146020449, -21.373076565885302 ], [ -45.059764146020449, -21.373885049641011 ], [ -45.060033640605681, -21.373885049641011 ], [ -45.060033640605681, -21.37253757671483 ], [ -45.059764146020449, -21.37253757671483 ], [ -45.059764146020449, -21.372268082129594 ] ] ] } },
{ "type": "Feature", "properties": { "anos_com_queima": 1, "area_ha": 5.043938603030238, "inicio": 2011.0, "fim": 2025.0, "tipo": "recurrence", "id_feicao": "recurrence_2011_2025_252" }, "geometry": { "type": "Polygon", "coordinates": [ [ [ -45.053296275974795, -21.370651114618177 ], [ -45.05356577056002, -21.370651114618177 ], [ -45.05356577056002, -21.369303641692003 ], [ -45.051140319292905, -21.369303641692007 ], [ -45.051140319292905, -21.369573136277239 ], [ -45.050870824707665, -21.369573136277236 ], [ -45.050870824707665, -21.37092060920342 ], [ -45.051140319292905, -21.370920609203417 ], [ -45.051140319292784, -21.370994749383154 ], [ -45.051271, -21.370982 ], [ -45.051516, -21.371028 ], [ -45.051738, -21.371107999999897 ], [ -45.051935229142615, -21.371190104458908 ], [ -45.05221829763385, -21.371190103788656 ], [ -45.05221829763385, -21.370920609203413 ], [ -45.053296275974795, -21.37092060920342 ], [ -45.053296275974795, -21.370651114618177 ] ] ] } },
{ "type": "Feature", "properties": { "anos_com_queima": 1, "area_ha": 10.166620662717149, "inicio": 2011.0, "fim": 2025.0, "tipo": "recurrence", "id_feicao": "recurrence_2011_2025_253" }, "geometry": { "type": "Polygon", "coordinates": [ [ [ -45.084288153276908, -21.370651114618177 ], [ -45.082940680350731, -21.370651114618177 ], [ -45.082940680350731, -21.367956168765815 ], [ -45.083479669521203, -21.367956168765829 ], [ -45.083479669521203, -21.366878190424885 ], [ -45.081593207424547, -21.366878190424885 ], [ -45.081593207424547, -21.371190103788656 ], [ -45.083210174935964, -21.371190103788649 ], [ -45.083210174935964, -21.371729092959125 ], [ -45.083479669521203, -21.371729092959121 ], [ -45.083479669521203, -21.372807071300073 ], [ -45.085096637032613, -21.372807071300066 ], [ -45.085096637032613, -21.371190103788646 ], [ -45.084827142447381, -21.371190103788649 ], [ -45.084827142447381, -21.370920609203424 ], [ -45.084288153276908, -21.37092060920342 ], [ -45.084288153276908, -21.370651114618177 ] ], [ [ -45.084827142447381, -21.372268082129597 ], [ -45.083749164106436, -21.372268082129587 ], [ -45.083749164106436, -21.37119010378866 ], [ -45.084827142447381, -21.371190103788649 ], [ -45.084827142447381, -21.372268082129597 ] ] ] } },
{ "type": "Feature", "properties": { "anos_com_queima": 1, "area_ha": 1.7500141520355543, "inicio": 2011.0, "fim": 2025.0, "tipo": "recurrence", "id_feicao": "recurrence_2011_2025_254" }, "geometry": { "type": "Polygon", "coordinates": [ [ [ -45.075933821134598, -21.366608695839638 ], [ -45.075933821134598, -21.366878190424881 ], [ -45.075664326549365, -21.366878190424874 ], [ -45.075664326549365, -21.368225663351065 ], [ -45.075933821134598, -21.368225663351051 ], [ -45.075933821134598, -21.368495157936291 ], [ -45.077011799475542, -21.368495157936295 ], [ -45.077011799475542, -21.36768667418059 ], [ -45.076203315719837, -21.367686674180593 ], [ -45.076203315719837, -21.366608695839641 ], [ -45.075933821134598, -21.366608695839638 ] ] ] } },
{ "type": "Feature", "properties": { "anos_com_queima": 1, "area_ha": 0.83334420500919226, "inicio": 2011.0, "fim": 2025.0, "tipo": "recurrence", "id_feicao": "recurrence_2011_2025_255" }, "geometry": { "type": "Polygon", "coordinates": [ [ [ -45.077281294060782, -21.367686674180593 ], [ -45.077820283231254, -21.367686674180586 ], [ -45.077820283231254, -21.366339201254416 ], [ -45.077281294060782, -21.366339201254409 ], [ -45.077281294060782, -21.367686674180593 ] ] ] } },
{ "type": "Feature", "properties": { "anos_com_queima": 1, "area_ha": 6.3335319810827437, "inicio": 2011.0, "fim": 2025.0, "tipo": "recurrence", "id_feicao": "recurrence_2011_2025_256" }, "geometry": { "type": "Polygon", "coordinates": [ [ [ -45.078628766986952, -21.36364425540205 ], [ -45.078628766986952, -21.36391374998729 ], [ -45.078359272401727, -21.36391374998729 ], [ -45.078359272401727, -21.364183244572526 ], [ -45.078089777816487, -21.364183244572523 ], [ -45.078089777816487, -21.365530717498697 ], [ -45.081323712839314, -21.3655307174987 ], [ -45.081323712839314, -21.363913749987283 ], [ -45.079976239913144, -21.363913749987287 ], [ -45.079976239913144, -21.363644255402054 ], [ -45.078628766986952, -21.36364425540205 ] ] ] } },
{ "type": "Feature", "properties": { "anos_com_queima": 1, "area_ha": 20.084059695065431, "inicio": 2011.0, "fim": 2025.0, "tipo": "recurrence", "id_feicao": "recurrence_2011_2025_257" }, "geometry": { "type": "Polygon", "coordinates": [ [ [ -45.085366131617853, -21.366339201254409 ], [ -45.085366131617853, -21.367147685010121 ], [ -45.086444109958798, -21.367147685010114 ], [ -45.086444109958798, -21.366069706669162 ], [ -45.087252593714503, -21.366069706669165 ], [ -45.087252593714503, -21.363105266231582 ], [ -45.087522088299735, -21.363105266231578 ], [ -45.087522088299735, -21.361218804134925 ], [ -45.085905120788325, -21.361218804134918 ], [ -45.085905120788325, -21.360949309549682 ], [ -45.084557647862141, -21.360949309549696 ], [ -45.084557647862141, -21.362027287890641 ], [ -45.083210174935964, -21.362027287890637 ], [ -45.083210174935964, -21.36229678247587 ], [ -45.082401691180259, -21.362296782475873 ], [ -45.082401691180259, -21.363374760816818 ], [ -45.083749164106436, -21.363374760816814 ], [ -45.083749164106436, -21.363644255402043 ], [ -45.084827142447381, -21.36364425540205 ], [ -45.084827142447381, -21.366339201254405 ], [ -45.085366131617853, -21.366339201254409 ] ] ] } },
{ "type": "Feature", "properties": { "anos_com_queima": 1, "area_ha": 2.666760471526906, "inicio": 2011.0, "fim": 2025.0, "tipo": "recurrence", "id_feicao": "recurrence_2011_2025_258" }, "geometry": { "type": "Polygon", "coordinates": [ [ [ -45.06784898357752, -21.364183244572512 ], [ -45.070004940259409, -21.364183244572512 ], [ -45.070004940259409, -21.363105266231571 ], [ -45.06784898357752, -21.363105266231575 ], [ -45.06784898357752, -21.364183244572512 ] ] ] } },
{ "type": "Feature", "properties": { "anos_com_queima": 1, "area_ha": 8.0004118267496782, "inicio": 2011.0, "fim": 2025.0, "tipo": "recurrence", "id_feicao": "recurrence_2011_2025_259" }, "geometry": { "type": "Polygon", "coordinates": [ [ [ -45.063806564798981, -21.362027287890637 ], [ -45.063806564798981, -21.36229678247588 ], [ -45.06407605938422, -21.36229678247587 ], [ -45.06407605938422, -21.362566277061106 ], [ -45.064615048554693, -21.362566277061109 ], [ -45.064615048554693, -21.362835771646342 ], [ -45.065693026895637, -21.362835771646342 ], [ -45.065693026895637, -21.361218804134925 ], [ -45.065154037725165, -21.361218804134932 ], [ -45.065154037725165, -21.360949309549685 ], [ -45.064884543139925, -21.360949309549682 ], [ -45.064884543139925, -21.360679814964453 ], [ -45.064615048554693, -21.360679814964467 ], [ -45.064615048554693, -21.360140825793984 ], [ -45.064345553969453, -21.360140825793984 ], [ -45.064345553969453, -21.359871331208744 ], [ -45.063537070213748, -21.35987133120874 ], [ -45.063537070213748, -21.359601836623511 ], [ -45.062189597287571, -21.359601836623511 ], [ -45.062189597287571, -21.360679814964456 ], [ -45.062459091872803, -21.360679814964456 ], [ -45.062459091872803, -21.361218804134925 ], [ -45.062728586458043, -21.361218804134925 ], [ -45.062728586458043, -21.361488298720161 ], [ -45.062998081043276, -21.361488298720161 ], [ -45.062998081043276, -21.361757793305401 ], [ -45.063537070213748, -21.361757793305394 ], [ -45.063537070213748, -21.36202728789063 ], [ -45.063806564798981, -21.362027287890637 ] ] ] } },
{ "type": "Feature", "properties": { "anos_com_queima": 1, "area_ha": 2.0834940382292353, "inicio": 2011.0, "fim": 2025.0, "tipo": "recurrence", "id_feicao": "recurrence_2011_2025_260" }, "geometry": { "type": "Polygon", "coordinates": [ [ [ -45.061920102702331, -21.357984869112098 ], [ -45.061920102702331, -21.35663739618591 ], [ -45.060572629776154, -21.356637396185906 ], [ -45.060572629776154, -21.357984869112087 ], [ -45.061920102702331, -21.357984869112098 ] ] ] } },
{ "type": "Feature", "properties": { "anos_com_queima": 1, "area_ha": 1.6669227979369461, "inicio": 2011.0, "fim": 2025.0, "tipo": "recurrence", "id_feicao": "recurrence_2011_2025_261" }, "geometry": { "type": "Polygon", "coordinates": [ [ [ -45.066501510651342, -21.34639660194695 ], [ -45.06784898357752, -21.34639660194695 ], [ -45.06784898357752, -21.345318623606012 ], [ -45.066501510651342, -21.345318623606005 ], [ -45.066501510651342, -21.34639660194695 ] ] ] } },
{ "type": "Feature", "properties": { "anos_com_queima": 1, "area_ha": 1.3335636902279266, "inicio": 2011.0, "fim": 2025.0, "tipo": "recurrence", "id_feicao": "recurrence_2011_2025_262" }, "geometry": { "type": "Polygon", "coordinates": [ [ [ -45.045480933002942, -21.343432161509359 ], [ -45.045480933002942, -21.342354183168421 ], [ -45.044402954662004, -21.342354183168414 ], [ -45.044402954662004, -21.343432161509352 ], [ -45.045480933002942, -21.343432161509359 ] ] ] } },
{ "type": "Feature", "properties": { "anos_com_queima": 1, "area_ha": 4.8344076916244738, "inicio": 2011.0, "fim": 2025.0, "tipo": "recurrence", "id_feicao": "recurrence_2011_2025_263" }, "geometry": { "type": "Polygon", "coordinates": [ [ [ -45.077011799475542, -21.335616818537513 ], [ -45.077011799475542, -21.334808334781805 ], [ -45.075394831964125, -21.334808334781805 ], [ -45.075394831964125, -21.336694796878465 ], [ -45.078089777816487, -21.336694796878461 ], [ -45.078089777816487, -21.33561681853752 ], [ -45.077011799475542, -21.335616818537513 ] ] ] } },
{ "type": "Feature", "properties": { "anos_com_queima": 1, "area_ha": 28.923374698259309, "inicio": 2011.0, "fim": 2025.0, "tipo": "recurrence", "id_feicao": "recurrence_2011_2025_264" }, "geometry": { "type": "Polygon", "coordinates": [ [ [ -45.079437250742671, -21.331843894344221 ], [ -45.082401691180259, -21.331843894344214 ], [ -45.082401691180259, -21.333730356440871 ], [ -45.080784723668842, -21.333730356440864 ], [ -45.080784723668842, -21.334808334781808 ], [ -45.079706745327897, -21.334808334781808 ], [ -45.079706745327897, -21.336155807707982 ], [ -45.079976239913144, -21.336155807707989 ], [ -45.079976239913144, -21.336425302293225 ], [ -45.080515229083616, -21.336425302293222 ], [ -45.080515229083616, -21.336694796878465 ], [ -45.081862702009786, -21.336694796878469 ], [ -45.081862702009786, -21.337233786048927 ], [ -45.082671185765491, -21.33723378604893 ], [ -45.082671185765491, -21.337772775219406 ], [ -45.083210174935964, -21.337772775219403 ], [ -45.083210174935964, -21.338850753560351 ], [ -45.083479669521203, -21.338850753560347 ], [ -45.083479669521203, -21.339120248145584 ], [ -45.085366131617853, -21.339120248145587 ], [ -45.085366131617853, -21.336694796878469 ], [ -45.084018658691676, -21.336694796878465 ], [ -45.084018658691676, -21.336155807707989 ], [ -45.083749164106436, -21.336155807707989 ], [ -45.083749164106436, -21.335616818537517 ], [ -45.082671185765491, -21.33561681853752 ], [ -45.082671185765491, -21.335077829367041 ], [ -45.081323712839314, -21.335077829367052 ], [ -45.081323712839314, -21.334808334781812 ], [ -45.081054218254089, -21.334808334781808 ], [ -45.081054218254089, -21.334269345611332 ], [ -45.081323712839314, -21.334269345611339 ], [ -45.081323712839314, -21.33399985102611 ], [ -45.082671185765491, -21.333999851026107 ], [ -45.082671185765491, -21.334269345611343 ], [ -45.085096637032613, -21.334269345611336 ], [ -45.085096637032613, -21.333730356440871 ], [ -45.084018658691676, -21.333730356440871 ], [ -45.084018658691676, -21.331574399758985 ], [ -45.085096637032613, -21.331574399758978 ], [ -45.085096637032613, -21.330496421418037 ], [ -45.084557647862141, -21.330496421418044 ], [ -45.084557647862141, -21.329957432247571 ], [ -45.084018658691676, -21.329957432247557 ], [ -45.084018658691676, -21.329687937662325 ], [ -45.083749164106436, -21.329687937662332 ], [ -45.083749164106436, -21.329418443077088 ], [ -45.082671185765491, -21.329418443077092 ], [ -45.082671185765491, -21.330226926832804 ], [ -45.081862702009786, -21.330226926832797 ], [ -45.081862702009786, -21.330765916003273 ], [ -45.080784723668842, -21.330765916003273 ], [ -45.080784723668842, -21.331574399758981 ], [ -45.079706745327897, -21.331574399758974 ], [ -45.079706745327897, -21.331035410588509 ], [ -45.079437250742671, -21.331035410588505 ], [ -45.079437250742671, -21.331843894344221 ] ] ] } },
{ "type": "Feature", "properties": { "anos_com_queima": 1, "area_ha": 2.000467269481645, "inicio": 2011.0, "fim": 2025.0, "tipo": "recurrence", "id_feicao": "recurrence_2011_2025_265" }, "geometry": { "type": "Polygon", "coordinates": [ [ [ -45.07458634820842, -21.334538840196576 ], [ -45.07458634820842, -21.333191367270398 ], [ -45.073238875282236, -21.333191367270391 ], [ -45.073238875282236, -21.334269345611336 ], [ -45.073508369867476, -21.334269345611336 ], [ -45.073508369867476, -21.334538840196579 ], [ -45.07458634820842, -21.334538840196576 ] ] ] } },
{ "type": "Feature", "properties": { "anos_com_queima": 1, "area_ha": 1.2503194401275284, "inicio": 2011.0, "fim": 2025.0, "tipo": "recurrence", "id_feicao": "recurrence_2011_2025_266" }, "geometry": { "type": "Polygon", "coordinates": [ [ [ -45.079437250742671, -21.331035410588505 ], [ -45.079437250742671, -21.330226926832797 ], [ -45.078089777816487, -21.330226926832797 ], [ -45.078089777816487, -21.331035410588505 ], [ -45.079437250742671, -21.331035410588505 ] ] ] } },
{ "type": "Feature", "properties": { "anos_com_queima": 1, "area_ha": 1.000259199877549, "inicio": 2011.0, "fim": 2025.0, "tipo": "recurrence", "id_feicao": "recurrence_2011_2025_267" }, "geometry": { "type": "Polygon", "coordinates": [ [ [ -45.079437250742671, -21.329957432247564 ], [ -45.079706745327897, -21.329957432247568 ], [ -45.079706745327897, -21.33049642141804 ], [ -45.080784723668842, -21.330496421418037 ], [ -45.080784723668842, -21.329957432247557 ], [ -45.080515229083616, -21.329957432247561 ], [ -45.080515229083616, -21.329687937662332 ], [ -45.079437250742671, -21.329687937662328 ], [ -45.079437250742671, -21.329957432247564 ] ] ] } },
{ "type": "Feature", "properties": { "anos_com_queima": 1, "area_ha": 11.503103007331077, "inicio": 2011.0, "fim": 2025.0, "tipo": "recurrence", "id_feicao": "recurrence_2011_2025_268" }, "geometry": { "type": "Polygon", "coordinates": [ [ [ -45.078628766986952, -21.329687937662335 ], [ -45.078628766986952, -21.32887945390662 ], [ -45.077550788646015, -21.328879453906616 ], [ -45.077550788646015, -21.327531980980439 ], [ -45.07674230489031, -21.327531980980446 ], [ -45.07674230489031, -21.326723497224737 ], [ -45.075933821134598, -21.326723497224737 ], [ -45.075933821134598, -21.326454002639508 ], [ -45.075664326549365, -21.326454002639498 ], [ -45.075664326549365, -21.326184508054265 ], [ -45.075394831964125, -21.326184508054265 ], [ -45.075394831964125, -21.32726248639521 ], [ -45.074316853623181, -21.327262486395206 ], [ -45.074316853623181, -21.327801475565682 ], [ -45.07458634820842, -21.327801475565682 ], [ -45.07458634820842, -21.328340464736154 ], [ -45.074855842793653, -21.328340464736147 ], [ -45.074855842793653, -21.3302269268328 ], [ -45.077550788646015, -21.3302269268328 ], [ -45.077550788646015, -21.329687937662321 ], [ -45.078628766986952, -21.329687937662335 ] ] ] } },
{ "type": "Feature", "properties": { "anos_com_queima": 1, "area_ha": 6.1684088051708041, "inicio": 2011.0, "fim": 2025.0, "tipo": "recurrence", "id_feicao": "recurrence_2011_2025_269" }, "geometry": { "type": "Polygon", "coordinates": [ [ [ -45.070813424015114, -21.326454002639508 ], [ -45.070813424015114, -21.32726248639521 ], [ -45.073777864452708, -21.327262486395213 ], [ -45.073777864452708, -21.326184508054265 ], [ -45.070274434844642, -21.326184508054268 ], [ -45.070274434844642, -21.325376024298556 ], [ -45.068387972747992, -21.325376024298563 ], [ -45.068387972747992, -21.326454002639501 ], [ -45.070813424015114, -21.326454002639508 ] ] ] } },
{ "type": "Feature", "properties": { "anos_com_queima": 1, "area_ha": 0.41678578763362018, "inicio": 2011.0, "fim": 2025.0, "tipo": "recurrence", "id_feicao": "recurrence_2011_2025_270" }, "geometry": { "type": "Polygon", "coordinates": [ [ [ -45.074047359037948, -21.326184508054272 ], [ -45.075394831964125, -21.326184508054265 ], [ -45.075394831964125, -21.325915013469032 ], [ -45.074047359037948, -21.325915013469029 ], [ -45.074047359037948, -21.326184508054272 ] ] ] } },
{ "type": "Feature", "properties": { "anos_com_queima": 1, "area_ha": 13.170677314276647, "inicio": 2011.0, "fim": 2025.0, "tipo": "recurrence", "id_feicao": "recurrence_2011_2025_271" }, "geometry": { "type": "Polygon", "coordinates": [ [ [ -45.082671185765491, -21.324837035128088 ], [ -45.082671185765491, -21.323220067616671 ], [ -45.082401691180259, -21.323220067616663 ], [ -45.082401691180259, -21.322681078446198 ], [ -45.082132196595019, -21.322681078446195 ], [ -45.082132196595019, -21.322411583860958 ], [ -45.081862702009786, -21.322411583860966 ], [ -45.081862702009786, -21.322142089275733 ], [ -45.081593207424547, -21.322142089275722 ], [ -45.081593207424547, -21.321603100105257 ], [ -45.081323712839314, -21.321603100105264 ], [ -45.081323712839314, -21.321064110934778 ], [ -45.078898261572199, -21.321064110934785 ], [ -45.078898261572199, -21.322142089275722 ], [ -45.079437250742671, -21.322142089275726 ], [ -45.079437250742671, -21.322681078446202 ], [ -45.079706745327897, -21.322681078446202 ], [ -45.079706745327897, -21.325106529713317 ], [ -45.081054218254089, -21.32510652971332 ], [ -45.081054218254089, -21.325376024298553 ], [ -45.082401691180259, -21.32537602429856 ], [ -45.082401691180259, -21.324837035128088 ], [ -45.082671185765491, -21.324837035128088 ] ] ] } },
{ "type": "Feature", "properties": { "anos_com_queima": 1, "area_ha": 1.9173384314056729, "inicio": 2011.0, "fim": 2025.0, "tipo": "recurrence", "id_feicao": "recurrence_2011_2025_272" }, "geometry": { "type": "Polygon", "coordinates": [ [ [ -45.074855842793653, -21.316752197571009 ], [ -45.074855842793653, -21.317021692156242 ], [ -45.075933821134598, -21.317021692156242 ], [ -45.075933821134598, -21.315943713815301 ], [ -45.075664326549365, -21.315943713815308 ], [ -45.075664326549365, -21.315674219230061 ], [ -45.07458634820842, -21.315674219230068 ], [ -45.07458634820842, -21.316752197571002 ], [ -45.074855842793653, -21.316752197571009 ] ] ] } },
{ "type": "Feature", "properties": { "anos_com_queima": 1, "area_ha": 1.6674203952435405, "inicio": 2011.0, "fim": 2025.0, "tipo": "recurrence", "id_feicao": "recurrence_2011_2025_273" }, "geometry": { "type": "Polygon", "coordinates": [ [ [ -45.085366131617853, -21.301660500797801 ], [ -45.08671360454403, -21.301660500797801 ], [ -45.08671360454403, -21.30058252245686 ], [ -45.085366131617853, -21.300582522456853 ], [ -45.085366131617853, -21.301660500797801 ] ] ] } },
{ "type": "Feature", "properties": { "anos_com_queima": 1, "area_ha": 1.3339370267346502, "inicio": 2011.0, "fim": 2025.0, "tipo": "recurrence", "id_feicao": "recurrence_2011_2025_274" }, "geometry": { "type": "Polygon", "coordinates": [ [ [ -45.051140319292905, -21.301391006212569 ], [ -45.05221829763385, -21.301391006212562 ], [ -45.05221829763385, -21.300313027871628 ], [ -45.051140319292905, -21.300313027871621 ], [ -45.051140319292905, -21.301391006212569 ] ] ] } },
{ "type": "Feature", "properties": { "anos_com_queima": 1, "area_ha": 2.0842824202351271, "inicio": 2011.0, "fim": 2025.0, "tipo": "recurrence", "id_feicao": "recurrence_2011_2025_275" }, "geometry": { "type": "Polygon", "coordinates": [ [ [ -45.054643748900965, -21.301121511627326 ], [ -45.055991221827142, -21.301121511627326 ], [ -45.055991221827142, -21.299774038701152 ], [ -45.054643748900965, -21.299774038701148 ], [ -45.054643748900965, -21.301121511627326 ] ] ] } },
{ "type": "Feature", "properties": { "anos_com_queima": 1, "area_ha": 2.0010190492526805, "inicio": 2011.0, "fim": 2025.0, "tipo": "recurrence", "id_feicao": "recurrence_2011_2025_276" }, "geometry": { "type": "Polygon", "coordinates": [ [ [ -45.068118478162759, -21.293036674070244 ], [ -45.068118478162759, -21.291689201144074 ], [ -45.066771005236575, -21.291689201144081 ], [ -45.066771005236575, -21.292767179485026 ], [ -45.067040499821815, -21.292767179485015 ], [ -45.067040499821815, -21.293036674070251 ], [ -45.068118478162759, -21.293036674070244 ] ] ] } },
{ "type": "Feature", "properties": { "anos_com_queima": 1, "area_ha": 4.0021309262196869, "inicio": 2011.0, "fim": 2025.0, "tipo": "recurrence", "id_feicao": "recurrence_2011_2025_277" }, "geometry": { "type": "Polygon", "coordinates": [ [ [ -45.053835265145267, -21.28980273904742 ], [ -45.053835265145267, -21.288185771536007 ], [ -45.052757286804322, -21.288185771536003 ], [ -45.052757286804322, -21.288724760706483 ], [ -45.051140319292905, -21.288724760706486 ], [ -45.051140319292905, -21.289802739047428 ], [ -45.053835265145267, -21.28980273904742 ] ] ] } },
{ "type": "Feature", "properties": { "anos_com_queima": 1, "area_ha": 4.6692170406573448, "inicio": 2011.0, "fim": 2025.0, "tipo": "recurrence", "id_feicao": "recurrence_2011_2025_278" }, "geometry": { "type": "Polygon", "coordinates": [ [ [ -45.048714868025776, -21.285760320268892 ], [ -45.047097900514359, -21.285760320268881 ], [ -45.047097900514359, -21.287916276950771 ], [ -45.05006234095196, -21.287916276950778 ], [ -45.05006234095196, -21.286299309439354 ], [ -45.049253857196248, -21.286299309439361 ], [ -45.049253857196248, -21.287107793195052 ], [ -45.047636889684831, -21.287107793195062 ], [ -45.047636889684831, -21.286029814854125 ], [ -45.048714868025776, -21.286029814854118 ], [ -45.048714868025776, -21.285760320268892 ] ] ] } },
{ "type": "Feature", "properties": { "anos_com_queima": 1, "area_ha": 1.5008363159468943, "inicio": 2011.0, "fim": 2025.0, "tipo": "recurrence", "id_feicao": "recurrence_2011_2025_279" }, "geometry": { "type": "Polygon", "coordinates": [ [ [ -45.05006234095196, -21.285490825683656 ], [ -45.05006234095196, -21.284412847342704 ], [ -45.048984362611016, -21.284412847342704 ], [ -45.048984362611016, -21.286029814854121 ], [ -45.049253857196248, -21.286029814854125 ], [ -45.049253857196248, -21.285490825683656 ], [ -45.05006234095196, -21.285490825683656 ] ] ] } },
{ "type": "Feature", "properties": { "anos_com_queima": 1, "area_ha": 1.3340968570066689, "inicio": 2011.0, "fim": 2025.0, "tipo": "recurrence", "id_feicao": "recurrence_2011_2025_280" }, "geometry": { "type": "Polygon", "coordinates": [ [ [ -45.046558911343887, -21.283334869001767 ], [ -45.046558911343887, -21.282256890660818 ], [ -45.045480933002942, -21.282256890660822 ], [ -45.045480933002942, -21.283334869001759 ], [ -45.046558911343887, -21.283334869001767 ] ] ] } },
{ "type": "Feature", "properties": { "anos_com_queima": 1, "area_ha": 1.667628102298826, "inicio": 2011.0, "fim": 2025.0, "tipo": "recurrence", "id_feicao": "recurrence_2011_2025_281" }, "geometry": { "type": "Polygon", "coordinates": [ [ [ -45.066501510651342, -21.282795879831291 ], [ -45.06784898357752, -21.282795879831291 ], [ -45.06784898357752, -21.281717901490342 ], [ -45.066501510651342, -21.281717901490349 ], [ -45.066501510651342, -21.282795879831291 ] ] ] } },
{ "type": "Feature", "properties": { "anos_com_queima": 1, "area_ha": 2.0011817289188074, "inicio": 2011.0, "fim": 2025.0, "tipo": "recurrence", "id_feicao": "recurrence_2011_2025_282" }, "geometry": { "type": "Polygon", "coordinates": [ [ [ -45.045211438417709, -21.280639923149408 ], [ -45.045211438417709, -21.279292450223227 ], [ -45.042785987150587, -21.279292450223231 ], [ -45.042785987150587, -21.2798314393937 ], [ -45.044672449247237, -21.279831439393696 ], [ -45.044672449247237, -21.280639923149405 ], [ -45.045211438417709, -21.280639923149408 ] ] ] } },
{ "type": "Feature", "properties": { "anos_com_queima": 1, "area_ha": 1.0005934471303159, "inicio": 2011.0, "fim": 2025.0, "tipo": "recurrence", "id_feicao": "recurrence_2011_2025_283" }, "geometry": { "type": "Polygon", "coordinates": [ [ [ -45.054104759730492, -21.280370428564162 ], [ -45.054104759730492, -21.280100933978925 ], [ -45.053026781389548, -21.280100933978929 ], [ -45.053026781389548, -21.279561944808464 ], [ -45.052757286804322, -21.279561944808467 ], [ -45.052757286804322, -21.279022955637991 ], [ -45.052487792219075, -21.279022955637991 ], [ -45.052487792219075, -21.280370428564165 ], [ -45.054104759730492, -21.280370428564162 ] ] ] } },
{ "type": "Feature", "properties": { "anos_com_queima": 1, "area_ha": 4.919612185903266, "inicio": 2011.0, "fim": 2025.0, "tipo": "recurrence", "id_feicao": "recurrence_2011_2025_284" }, "geometry": { "type": "Polygon", "coordinates": [ [ [ -45.068118478162759, -21.27794497729705 ], [ -45.067309994407047, -21.277944977297047 ], [ -45.067309994407047, -21.278483966467519 ], [ -45.065693026895637, -21.278483966467519 ], [ -45.065693026895637, -21.27956194480846 ], [ -45.06784898357752, -21.27956194480846 ], [ -45.06784898357752, -21.279831439393703 ], [ -45.069196456503697, -21.279831439393703 ], [ -45.069196456503697, -21.278753461052755 ], [ -45.068118478162759, -21.278753461052755 ], [ -45.068118478162759, -21.27794497729705 ] ] ] } },
{ "type": "Feature", "properties": { "anos_com_queima": 1, "area_ha": 3.0852068616602568, "inicio": 2011.0, "fim": 2025.0, "tipo": "recurrence", "id_feicao": "recurrence_2011_2025_285" }, "geometry": { "type": "Polygon", "coordinates": [ [ [ -45.068387972747992, -21.277136493541327 ], [ -45.069196456503697, -21.277136493541338 ], [ -45.069196456503697, -21.278753461052755 ], [ -45.070274434844642, -21.278753461052759 ], [ -45.070274434844642, -21.276866998956102 ], [ -45.070004940259409, -21.276866998956102 ], [ -45.070004940259409, -21.276597504370873 ], [ -45.068387972747992, -21.276597504370862 ], [ -45.068387972747992, -21.277136493541327 ] ] ] } },
{ "type": "Feature", "properties": { "anos_com_queima": 1, "area_ha": 0.25015205794610085, "inicio": 2011.0, "fim": 2025.0, "tipo": "recurrence", "id_feicao": "recurrence_2011_2025_286" }, "geometry": { "type": "Polygon", "coordinates": [ [ [ -45.068118478162759, -21.27794497729705 ], [ -45.068387972747992, -21.277944977297047 ], [ -45.068387972747992, -21.277136493541327 ], [ -45.068118478162759, -21.277136493541335 ], [ -45.068118478162759, -21.27794497729705 ] ] ] } },
{ "type": "Feature", "properties": { "anos_com_queima": 1, "area_ha": 3.0852377944295948, "inicio": 2011.0, "fim": 2025.0, "tipo": "recurrence", "id_feicao": "recurrence_2011_2025_287" }, "geometry": { "type": "Polygon", "coordinates": [ [ [ -45.047636889684831, -21.275250031444688 ], [ -45.047636889684831, -21.275789020615161 ], [ -45.047367395099599, -21.275789020615157 ], [ -45.047367395099599, -21.276866998956098 ], [ -45.048984362611016, -21.276866998956102 ], [ -45.048984362611016, -21.276597504370873 ], [ -45.049253857196248, -21.276597504370869 ], [ -45.049253857196248, -21.275519526029921 ], [ -45.048714868025776, -21.275519526029928 ], [ -45.048714868025776, -21.275250031444685 ], [ -45.047636889684831, -21.275250031444688 ] ] ] } },
{ "type": "Feature", "properties": { "anos_com_queima": 1, "area_ha": 7.1711162086748272, "inicio": 2011.0, "fim": 2025.0, "tipo": "recurrence", "id_feicao": "recurrence_2011_2025_288" }, "geometry": { "type": "Polygon", "coordinates": [ [ [ -45.056530210997614, -21.276866998956102 ], [ -45.056530210997614, -21.277136493541338 ], [ -45.056799705582854, -21.277136493541335 ], [ -45.056799705582854, -21.277405988126574 ], [ -45.057877683923792, -21.277405988126578 ], [ -45.057877683923792, -21.277136493541331 ], [ -45.058147178509032, -21.277136493541338 ], [ -45.058147178509032, -21.276058515200393 ], [ -45.057877683923792, -21.276058515200397 ], [ -45.057877683923792, -21.273633063933268 ], [ -45.056799705582854, -21.273633063933268 ], [ -45.056799705582854, -21.273902558518508 ], [ -45.056530210997614, -21.273902558518504 ], [ -45.056530210997614, -21.27417205310374 ], [ -45.056260716412382, -21.27417205310374 ], [ -45.056260716412382, -21.275250031444688 ], [ -45.055991221827142, -21.275250031444688 ], [ -45.055991221827142, -21.276328009785633 ], [ -45.056260716412382, -21.276328009785637 ], [ -45.056260716412382, -21.276866998956102 ], [ -45.056530210997614, -21.276866998956102 ] ] ] } },
{ "type": "Feature", "properties": { "anos_com_queima": 1, "area_ha": 51.45292540384829, "inicio": 2011.0, "fim": 2025.0, "tipo": "recurrence", "id_feicao": "recurrence_2011_2025_289" }, "geometry": { "type": "Polygon", "coordinates": [ [ [ -45.040360535883465, -21.266087215546666 ], [ -45.039821546712993, -21.266087215546673 ], [ -45.039821546712993, -21.26743468847285 ], [ -45.04143851422441, -21.267434688472846 ], [ -45.04143851422441, -21.266356710131905 ], [ -45.041708008809643, -21.266356710131909 ], [ -45.041708008809643, -21.266087215546666 ], [ -45.041977503394882, -21.266087215546658 ], [ -45.041977503394882, -21.265817720961429 ], [ -45.042516492565348, -21.265817720961426 ], [ -45.042516492565348, -21.264470248035256 ], [ -45.042785987150587, -21.264470248035249 ], [ -45.042785987150587, -21.262583785938599 ], [ -45.044941943832477, -21.262583785938595 ], [ -45.044941943832477, -21.262853280523828 ], [ -45.045211438417709, -21.262853280523835 ], [ -45.045211438417709, -21.26366176427954 ], [ -45.045480933002942, -21.263661764279544 ], [ -45.045480933002942, -21.264200753450019 ], [ -45.046019922173414, -21.264200753450019 ], [ -45.046019922173414, -21.264739742620488 ], [ -45.046289416758654, -21.264739742620492 ], [ -45.046289416758654, -21.265009237205724 ], [ -45.046558911343887, -21.265009237205721 ], [ -45.046558911343887, -21.265278731790964 ], [ -45.046828405929126, -21.265278731790961 ], [ -45.046828405929126, -21.2655482263762 ], [ -45.047097900514359, -21.265548226376197 ], [ -45.047097900514359, -21.265817720961426 ], [ -45.047367395099599, -21.265817720961422 ], [ -45.047367395099599, -21.266087215546666 ], [ -45.048714868025776, -21.266087215546662 ], [ -45.048714868025776, -21.265817720961422 ], [ -45.049792846366721, -21.265817720961422 ], [ -45.049792846366721, -21.264200753450012 ], [ -45.051140319292905, -21.264200753450012 ], [ -45.051140319292905, -21.261236313012422 ], [ -45.050601330122433, -21.261236313012425 ], [ -45.050601330122433, -21.260427829256717 ], [ -45.050331835537193, -21.260427829256724 ], [ -45.050331835537193, -21.260158334671484 ], [ -45.05006234095196, -21.260158334671488 ], [ -45.05006234095196, -21.259888840086244 ], [ -45.049792846366721, -21.259888840086241 ], [ -45.049792846366721, -21.259619345501008 ], [ -45.049523351781488, -21.259619345501001 ], [ -45.049523351781488, -21.259349850915768 ], [ -45.048984362611016, -21.259349850915772 ], [ -45.048984362611016, -21.2588108617453 ], [ -45.048445373440543, -21.258810861745296 ], [ -45.048445373440543, -21.260158334671484 ], [ -45.047367395099599, -21.260158334671477 ], [ -45.047367395099599, -21.260697323841949 ], [ -45.048175878855304, -21.260697323841953 ], [ -45.048175878855304, -21.26204479676813 ], [ -45.047636889684831, -21.26204479676813 ], [ -45.047636889684831, -21.262314291353366 ], [ -45.047367395099599, -21.262314291353366 ], [ -45.047367395099599, -21.262583785938599 ], [ -45.047097900514359, -21.262583785938599 ], [ -45.047097900514359, -21.262853280523832 ], [ -45.046019922173414, -21.262853280523839 ], [ -45.046019922173414, -21.262044796768137 ], [ -45.044672449247237, -21.26204479676813 ], [ -45.044672449247237, -21.260966818427185 ], [ -45.044941943832477, -21.260966818427192 ], [ -45.044941943832477, -21.260158334671473 ], [ -45.046019922173414, -21.260158334671473 ], [ -45.046019922173414, -21.258002377989587 ], [ -45.043594470906292, -21.258002377989587 ], [ -45.043594470906292, -21.260158334671484 ], [ -45.044133460076765, -21.260158334671477 ], [ -45.044133460076765, -21.262044796768127 ], [ -45.040899525053938, -21.26204479676813 ], [ -45.040899525053938, -21.260966818427189 ], [ -45.039552052127753, -21.260966818427192 ], [ -45.039552052127753, -21.262044796768137 ], [ -45.040360535883465, -21.26204479676813 ], [ -45.040360535883465, -21.266087215546666 ] ] ] } },
{ "type": "Feature", "properties": { "anos_com_queima": 1, "area_ha": 1.334284556880196, "inicio": 2011.0, "fim": 2025.0, "tipo": "recurrence", "id_feicao": "recurrence_2011_2025_290" }, "geometry": { "type": "Polygon", "coordinates": [ [ [ -45.081323712839314, -21.262314291353363 ], [ -45.081323712839314, -21.261236313012425 ], [ -45.080245734498369, -21.261236313012429 ], [ -45.080245734498369, -21.262314291353366 ], [ -45.081323712839314, -21.262314291353363 ] ] ] } },
{ "type": "Feature", "properties": { "anos_com_queima": 1, "area_ha": 16.344959485063281, "inicio": 2011.0, "fim": 2025.0, "tipo": "recurrence", "id_feicao": "recurrence_2011_2025_291" }, "geometry": { "type": "Polygon", "coordinates": [ [ [ -45.077011799475542, -21.263661764279544 ], [ -45.077011799475542, -21.263392269694307 ], [ -45.079976239913144, -21.263392269694304 ], [ -45.079976239913144, -21.262314291353363 ], [ -45.077011799475542, -21.262314291353363 ], [ -45.077011799475542, -21.261505807597668 ], [ -45.07674230489031, -21.261505807597665 ], [ -45.07674230489031, -21.261236313012418 ], [ -45.07647281030507, -21.261236313012418 ], [ -45.07647281030507, -21.260697323841953 ], [ -45.076203315719837, -21.260697323841949 ], [ -45.076203315719837, -21.259349850915765 ], [ -45.075125337378893, -21.259349850915765 ], [ -45.075125337378893, -21.259888840086237 ], [ -45.073777864452708, -21.259888840086241 ], [ -45.073777864452708, -21.260966818427185 ], [ -45.074047359037948, -21.260966818427192 ], [ -45.074047359037948, -21.263392269694307 ], [ -45.075394831964125, -21.2633922696943 ], [ -45.075394831964125, -21.263931258864776 ], [ -45.07674230489031, -21.263931258864773 ], [ -45.07674230489031, -21.263661764279547 ], [ -45.077011799475542, -21.263661764279544 ] ] ] } },
{ "type": "Feature", "properties": { "anos_com_queima": 1, "area_ha": 1.3342940360929818, "inicio": 2011.0, "fim": 2025.0, "tipo": "recurrence", "id_feicao": "recurrence_2011_2025_292" }, "geometry": { "type": "Polygon", "coordinates": [ [ [ -45.079167756157425, -21.261236313012425 ], [ -45.080245734498369, -21.261236313012429 ], [ -45.080245734498369, -21.260158334671473 ], [ -45.079167756157425, -21.260158334671477 ], [ -45.079167756157425, -21.261236313012425 ] ] ] } },
{ "type": "Feature", "properties": { "anos_com_queima": 1, "area_ha": 0.16678895764946172, "inicio": 2011.0, "fim": 2025.0, "tipo": "recurrence", "id_feicao": "recurrence_2011_2025_293" }, "geometry": { "type": "Polygon", "coordinates": [ [ [ -45.047636889684831, -21.2588108617453 ], [ -45.047636889684831, -21.258271872574831 ], [ -45.047367395099599, -21.258271872574827 ], [ -45.047367395099599, -21.2588108617453 ], [ -45.047636889684831, -21.2588108617453 ] ] ] } },
{ "type": "Feature", "properties": { "anos_com_queima": 1, "area_ha": 18.01353778345965, "inicio": 2011.0, "fim": 2025.0, "tipo": "recurrence", "id_feicao": "recurrence_2011_2025_294" }, "geometry": { "type": "Polygon", "coordinates": [ [ [ -45.047367395099599, -21.258271872574827 ], [ -45.047367395099599, -21.25638541047817 ], [ -45.049523351781488, -21.256385410478174 ], [ -45.049523351781488, -21.256654905063414 ], [ -45.049792846366721, -21.256654905063417 ], [ -45.049792846366721, -21.257193894233886 ], [ -45.050870824707665, -21.257193894233883 ], [ -45.050870824707665, -21.25692439964865 ], [ -45.052487792219075, -21.256924399648653 ], [ -45.052487792219075, -21.255846421307705 ], [ -45.05221829763385, -21.255846421307705 ], [ -45.05221829763385, -21.255576926722476 ], [ -45.050601330122433, -21.255576926722476 ], [ -45.050601330122433, -21.255307432137233 ], [ -45.050331835537193, -21.255307432137233 ], [ -45.050331835537193, -21.255037937552 ], [ -45.049792846366721, -21.255037937552004 ], [ -45.049792846366721, -21.254768442966764 ], [ -45.049253857196248, -21.254768442966757 ], [ -45.049253857196248, -21.254498948381531 ], [ -45.048445373440543, -21.254498948381531 ], [ -45.048445373440543, -21.254229453796285 ], [ -45.048175878855304, -21.254229453796292 ], [ -45.048175878855304, -21.253959959211048 ], [ -45.044672449247237, -21.253959959211059 ], [ -45.044672449247237, -21.254229453796288 ], [ -45.044941943832477, -21.254229453796281 ], [ -45.044941943832477, -21.254768442966764 ], [ -45.045211438417709, -21.254768442966764 ], [ -45.045211438417709, -21.256115915892941 ], [ -45.045480933002942, -21.256115915892934 ], [ -45.045480933002942, -21.256385410478174 ], [ -45.046828405929126, -21.256385410478167 ], [ -45.046828405929126, -21.258271872574831 ], [ -45.047367395099599, -21.258271872574827 ] ] ] } },
{ "type": "Feature", "properties": { "anos_com_queima": 1, "area_ha": 3.836424627035111, "inicio": 2011.0, "fim": 2025.0, "tipo": "recurrence", "id_feicao": "recurrence_2011_2025_295" }, "geometry": { "type": "Polygon", "coordinates": [ [ [ -45.082132196595019, -21.247222594580158 ], [ -45.082401691180259, -21.247222594580155 ], [ -45.082401691180259, -21.249378551262051 ], [ -45.083479669521203, -21.249378551262044 ], [ -45.083479669521203, -21.247761583750627 ], [ -45.083210174935964, -21.247761583750634 ], [ -45.083210174935964, -21.24614461623921 ], [ -45.082132196595019, -21.24614461623921 ], [ -45.082132196595019, -21.247222594580158 ] ] ] } },
{ "type": "Feature", "properties": { "anos_com_queima": 1, "area_ha": 8.3408573863510043, "inicio": 2011.0, "fim": 2025.0, "tipo": "recurrence", "id_feicao": "recurrence_2011_2025_296" }, "geometry": { "type": "Polygon", "coordinates": [ [ [ -45.061381113531858, -21.232939381562648 ], [ -45.059764146020449, -21.232939381562655 ], [ -45.059764146020449, -21.232400392392176 ], [ -45.058955662264736, -21.232400392392183 ], [ -45.058955662264736, -21.232130897806947 ], [ -45.057069200168087, -21.23213089780694 ], [ -45.057069200168087, -21.232939381562655 ], [ -45.056799705582854, -21.232939381562659 ], [ -45.056799705582854, -21.234017359903593 ], [ -45.057069200168087, -21.234017359903593 ], [ -45.057069200168087, -21.234286854488843 ], [ -45.058416673094264, -21.23428685448884 ], [ -45.058416673094264, -21.2340173599036 ], [ -45.061381113531858, -21.234017359903589 ], [ -45.061381113531858, -21.232939381562648 ] ] ] } },
{ "type": "Feature", "properties": { "anos_com_queima": 1, "area_ha": 45.125744767968499, "inicio": 2011.0, "fim": 2025.0, "tipo": "recurrence", "id_feicao": "recurrence_2011_2025_297" }, "geometry": { "type": "Polygon", "coordinates": [ [ [ -45.055721727241909, -21.230244435710301 ], [ -45.055721727241909, -21.23051393029553 ], [ -45.057877683923792, -21.230513930295537 ], [ -45.057877683923792, -21.231052919466006 ], [ -45.059225156849976, -21.231052919466002 ], [ -45.059225156849976, -21.230783424880769 ], [ -45.059494651435209, -21.230783424880777 ], [ -45.059494651435209, -21.227818984443175 ], [ -45.061650608117098, -21.227818984443172 ], [ -45.061650608117098, -21.228088479028418 ], [ -45.062998081043276, -21.228088479028418 ], [ -45.062998081043276, -21.225932522346529 ], [ -45.065693026895637, -21.225932522346525 ], [ -45.065693026895637, -21.225663027761289 ], [ -45.06596252148087, -21.225663027761296 ], [ -45.06596252148087, -21.224585049420345 ], [ -45.064884543139925, -21.224585049420345 ], [ -45.064884543139925, -21.224854544005581 ], [ -45.064615048554693, -21.224854544005588 ], [ -45.064615048554693, -21.22512403859082 ], [ -45.060842124361386, -21.225124038590817 ], [ -45.060842124361386, -21.224046060249876 ], [ -45.060572629776154, -21.224046060249872 ], [ -45.060572629776154, -21.225393533176053 ], [ -45.059494651435209, -21.225393533176053 ], [ -45.059494651435209, -21.22512403859082 ], [ -45.058955662264736, -21.22512403859082 ], [ -45.058955662264736, -21.226202016931762 ], [ -45.056530210997614, -21.226202016931762 ], [ -45.056530210997614, -21.224315554835115 ], [ -45.056260716412382, -21.224315554835108 ], [ -45.056260716412382, -21.224046060249872 ], [ -45.055721727241909, -21.224046060249869 ], [ -45.055721727241909, -21.223776565664636 ], [ -45.054374254315725, -21.223776565664632 ], [ -45.054374254315725, -21.228357973613651 ], [ -45.054104759730492, -21.228357973613651 ], [ -45.054104759730492, -21.229435951954596 ], [ -45.054913243486197, -21.229435951954589 ], [ -45.054913243486197, -21.229705446539828 ], [ -45.055182738071437, -21.229705446539825 ], [ -45.055182738071437, -21.229974941125068 ], [ -45.05545223265667, -21.229974941125068 ], [ -45.05545223265667, -21.230244435710304 ], [ -45.055721727241909, -21.230244435710301 ] ], [ [ -45.056260716412382, -21.225393533176057 ], [ -45.055182738071437, -21.225393533176053 ], [ -45.055182738071437, -21.224315554835108 ], [ -45.056260716412382, -21.224315554835108 ], [ -45.056260716412382, -21.225393533176057 ] ] ] } },
{ "type": "Feature", "properties": { "anos_com_queima": 1, "area_ha": 0.083413495777073465, "inicio": 2011.0, "fim": 2025.0, "tipo": "recurrence", "id_feicao": "recurrence_2011_2025_298" }, "geometry": { "type": "Polygon", "coordinates": [ [ [ -45.059225156849976, -21.224315554835115 ], [ -45.059225156849976, -21.224046060249872 ], [ -45.058955662264736, -21.224046060249872 ], [ -45.058955662264736, -21.224315554835115 ], [ -45.059225156849976, -21.224315554835115 ] ] ] } },
{ "type": "Feature", "properties": { "anos_com_queima": 1, "area_ha": 6.7565802044281558, "inicio": 2011.0, "fim": 2025.0, "tipo": "recurrence", "id_feicao": "recurrence_2011_2025_299" }, "geometry": { "type": "Polygon", "coordinates": [ [ [ -45.057877683923792, -21.221620608982757 ], [ -45.057877683923792, -21.222968081908927 ], [ -45.059225156849976, -21.222968081908927 ], [ -45.059225156849976, -21.224046060249872 ], [ -45.060303135190914, -21.224046060249872 ], [ -45.060303135190914, -21.220542630641816 ], [ -45.058955662264736, -21.220542630641805 ], [ -45.058955662264736, -21.22162060898275 ], [ -45.057877683923792, -21.221620608982757 ] ] ] } },
{ "type": "Feature", "properties": { "anos_com_queima": 1, "area_ha": 3.8370823421952314, "inicio": 2011.0, "fim": 2025.0, "tipo": "recurrence", "id_feicao": "recurrence_2011_2025_300" }, "geometry": { "type": "Polygon", "coordinates": [ [ [ -45.056530210997614, -21.22189010356799 ], [ -45.056799705582854, -21.22189010356799 ], [ -45.056799705582854, -21.220812125227042 ], [ -45.05545223265667, -21.220812125227045 ], [ -45.05545223265667, -21.221081619812274 ], [ -45.054643748900965, -21.221081619812285 ], [ -45.054643748900965, -21.222698587323691 ], [ -45.055721727241909, -21.222698587323695 ], [ -45.055721727241909, -21.222429092738455 ], [ -45.056260716412382, -21.222429092738455 ], [ -45.056260716412382, -21.222159598153223 ], [ -45.056530210997614, -21.22215959815323 ], [ -45.056530210997614, -21.22189010356799 ] ] ] } },
{ "type": "Feature", "properties": { "anos_com_queima": 1, "area_ha": 9.9263914290919324, "inicio": 2011.0, "fim": 2025.0, "tipo": "recurrence", "id_feicao": "recurrence_2011_2025_301" }, "geometry": { "type": "Polygon", "coordinates": [ [ [ -45.053296275974795, -21.222429092738459 ], [ -45.053296275974795, -21.223237576494167 ], [ -45.054374254315725, -21.223237576494164 ], [ -45.054374254315725, -21.220812125227045 ], [ -45.053296275974795, -21.220812125227049 ], [ -45.053296275974795, -21.220273136056569 ], [ -45.053026781389548, -21.220273136056569 ], [ -45.053026781389548, -21.2197341468861 ], [ -45.052757286804322, -21.219734146886097 ], [ -45.052757286804322, -21.219464652300861 ], [ -45.051679308463378, -21.219464652300864 ], [ -45.051679308463378, -21.220542630641816 ], [ -45.051409813878131, -21.220542630641816 ], [ -45.051409813878131, -21.220812125227052 ], [ -45.05006234095196, -21.220812125227052 ], [ -45.05006234095196, -21.221890103567997 ], [ -45.051679308463378, -21.221890103567997 ], [ -45.051679308463378, -21.222159598153233 ], [ -45.052757286804322, -21.222159598153223 ], [ -45.052757286804322, -21.222429092738459 ], [ -45.053296275974795, -21.222429092738459 ] ] ] } },
{ "type": "Feature", "properties": { "anos_com_queima": 1, "area_ha": 45.878919049293742, "inicio": 2011.0, "fim": 2025.0, "tipo": "recurrence", "id_feicao": "recurrence_2011_2025_302" }, "geometry": { "type": "Polygon", "coordinates": [ [ [ -45.06596252148087, -21.217308695618986 ], [ -45.06596252148087, -21.218386673959923 ], [ -45.065154037725165, -21.218386673959916 ], [ -45.065154037725165, -21.218925663130388 ], [ -45.064884543139925, -21.218925663130392 ], [ -45.064884543139925, -21.220542630641805 ], [ -45.065154037725165, -21.220542630641802 ], [ -45.065154037725165, -21.221081619812281 ], [ -45.065423532310398, -21.221081619812278 ], [ -45.065423532310398, -21.221351114397514 ], [ -45.065693026895637, -21.221351114397518 ], [ -45.065693026895637, -21.222159598153226 ], [ -45.066771005236575, -21.222159598153219 ], [ -45.066771005236575, -21.224315554835115 ], [ -45.068118478162759, -21.224315554835108 ], [ -45.068118478162759, -21.224046060249879 ], [ -45.068387972747992, -21.224046060249872 ], [ -45.068387972747992, -21.223507071079403 ], [ -45.069465951088937, -21.2235070710794 ], [ -45.069465951088937, -21.223237576494171 ], [ -45.069735445674169, -21.223237576494164 ], [ -45.069735445674169, -21.22189010356799 ], [ -45.068926961918464, -21.22189010356799 ], [ -45.068926961918464, -21.219734146886097 ], [ -45.072160896941298, -21.219734146886093 ], [ -45.072160896941298, -21.219195157715628 ], [ -45.072430391526531, -21.219195157715628 ], [ -45.072430391526531, -21.216230717278034 ], [ -45.073238875282236, -21.216230717278041 ], [ -45.073238875282236, -21.215152738937086 ], [ -45.071621907770826, -21.215152738937096 ], [ -45.071621907770826, -21.215961222692805 ], [ -45.067309994407047, -21.215961222692798 ], [ -45.067309994407047, -21.21650021186327 ], [ -45.067040499821815, -21.21650021186327 ], [ -45.067040499821815, -21.216769706448499 ], [ -45.066771005236575, -21.216769706448506 ], [ -45.066771005236575, -21.217039201033742 ], [ -45.066501510651342, -21.217039201033739 ], [ -45.066501510651342, -21.217308695618978 ], [ -45.06596252148087, -21.217308695618986 ] ] ] } },
{ "type": "Feature", "properties": { "anos_com_queima": 1, "area_ha": 2.0019826518014074, "inicio": 2011.0, "fim": 2025.0, "tipo": "recurrence", "id_feicao": "recurrence_2011_2025_303" }, "geometry": { "type": "Polygon", "coordinates": [ [ [ -45.055721727241909, -21.220542630641805 ], [ -45.056799705582854, -21.220542630641816 ], [ -45.056799705582854, -21.218925663130392 ], [ -45.055721727241909, -21.218925663130392 ], [ -45.055721727241909, -21.220542630641805 ] ] ] } },
{ "type": "Feature", "properties": { "anos_com_queima": 1, "area_ha": 3.6703009523237968, "inicio": 2011.0, "fim": 2025.0, "tipo": "recurrence", "id_feicao": "recurrence_2011_2025_304" }, "geometry": { "type": "Polygon", "coordinates": [ [ [ -45.044672449247237, -21.218656168545159 ], [ -45.044672449247237, -21.218925663130392 ], [ -45.044402954662004, -21.218925663130396 ], [ -45.044402954662004, -21.220812125227042 ], [ -45.045750427588182, -21.220812125227045 ], [ -45.045750427588182, -21.220273136056569 ], [ -45.046019922173414, -21.22027313605658 ], [ -45.046019922173414, -21.218925663130392 ], [ -45.045750427588182, -21.218925663130396 ], [ -45.045750427588182, -21.218656168545156 ], [ -45.044672449247237, -21.218656168545159 ] ] ] } },
{ "type": "Feature", "properties": { "anos_com_queima": 1, "area_ha": 0.66735481693678012, "inicio": 2011.0, "fim": 2025.0, "tipo": "recurrence", "id_feicao": "recurrence_2011_2025_305" }, "geometry": { "type": "Polygon", "coordinates": [ [ [ -45.051140319292905, -21.213805266010901 ], [ -45.051140319292905, -21.213266276840439 ], [ -45.05006234095196, -21.213266276840439 ], [ -45.05006234095196, -21.213805266010915 ], [ -45.051140319292905, -21.213805266010901 ] ] ] } },
{ "type": "Feature", "properties": { "anos_com_queima": 1, "area_ha": 7.924848649801314, "inicio": 2011.0, "fim": 2025.0, "tipo": "recurrence", "id_feicao": "recurrence_2011_2025_306" }, "geometry": { "type": "Polygon", "coordinates": [ [ [ -45.05006234095196, -21.212457793084734 ], [ -45.049792846366721, -21.212457793084727 ], [ -45.049792846366721, -21.211649309329026 ], [ -45.046828405929126, -21.211649309329026 ], [ -45.046828405929126, -21.213266276840436 ], [ -45.047367395099599, -21.213266276840436 ], [ -45.047367395099599, -21.213535771425676 ], [ -45.047906384270071, -21.213535771425668 ], [ -45.047906384270071, -21.215422233522329 ], [ -45.048984362611016, -21.215422233522332 ], [ -45.048984362611016, -21.212727287669974 ], [ -45.05006234095196, -21.212727287669964 ], [ -45.05006234095196, -21.212457793084734 ] ] ] } },
{ "type": "Feature", "properties": { "anos_com_queima": 1, "area_ha": 1.0010417577304638, "inicio": 2011.0, "fim": 2025.0, "tipo": "recurrence", "id_feicao": "recurrence_2011_2025_307" }, "geometry": { "type": "Polygon", "coordinates": [ [ [ -45.083749164106436, -21.212457793084727 ], [ -45.083749164106436, -21.212727287669971 ], [ -45.084827142447381, -21.212727287669964 ], [ -45.084827142447381, -21.212188298499498 ], [ -45.083749164106436, -21.212188298499495 ], [ -45.083749164106436, -21.21137981474379 ], [ -45.083479669521203, -21.211379814743779 ], [ -45.083479669521203, -21.212457793084731 ], [ -45.083749164106436, -21.212457793084727 ] ] ] } },
{ "type": "Feature", "properties": { "anos_com_queima": 1, "area_ha": 1.3347237558989959, "inicio": 2011.0, "fim": 2025.0, "tipo": "recurrence", "id_feicao": "recurrence_2011_2025_308" }, "geometry": { "type": "Polygon", "coordinates": [ [ [ -45.046558911343887, -21.212457793084727 ], [ -45.046558911343887, -21.211379814743786 ], [ -45.045480933002942, -21.211379814743786 ], [ -45.045480933002942, -21.212457793084727 ], [ -45.046558911343887, -21.212457793084727 ] ] ] } },
{ "type": "Feature", "properties": { "anos_com_queima": 1, "area_ha": 0.25026184473335744, "inicio": 2011.0, "fim": 2025.0, "tipo": "recurrence", "id_feicao": "recurrence_2011_2025_309" }, "geometry": { "type": "Polygon", "coordinates": [ [ [ -45.049792846366721, -21.211649309329026 ], [ -45.05006234095196, -21.211649309329022 ], [ -45.05006234095196, -21.210840825573314 ], [ -45.049792846366721, -21.210840825573314 ], [ -45.049792846366721, -21.211649309329026 ] ] ] } },
{ "type": "Feature", "properties": { "anos_com_queima": 1, "area_ha": 0.333683757804217, "inicio": 2011.0, "fim": 2025.0, "tipo": "recurrence", "id_feicao": "recurrence_2011_2025_310" }, "geometry": { "type": "Polygon", "coordinates": [ [ [ -45.084288153276908, -21.211110320158557 ], [ -45.084288153276908, -21.210571330988074 ], [ -45.083749164106436, -21.210571330988088 ], [ -45.083749164106436, -21.211110320158554 ], [ -45.084288153276908, -21.211110320158557 ] ] ] } },
{ "type": "Feature", "properties": { "anos_com_queima": 1, "area_ha": 10.594499590773188, "inicio": 2011.0, "fim": 2025.0, "tipo": "recurrence", "id_feicao": "recurrence_2011_2025_311" }, "geometry": { "type": "Polygon", "coordinates": [ [ [ -45.070543929429881, -21.211379814743793 ], [ -45.071352413185586, -21.211379814743786 ], [ -45.071352413185586, -21.212457793084731 ], [ -45.072430391526531, -21.212457793084738 ], [ -45.072430391526531, -21.211379814743793 ], [ -45.071621907770826, -21.211379814743786 ], [ -45.071621907770826, -21.211110320158543 ], [ -45.071891402356059, -21.211110320158557 ], [ -45.071891402356059, -21.21084082557331 ], [ -45.072430391526531, -21.210840825573321 ], [ -45.072430391526531, -21.210571330988081 ], [ -45.072699886111764, -21.210571330988085 ], [ -45.072699886111764, -21.210301836402856 ], [ -45.073238875282236, -21.210301836402845 ], [ -45.073238875282236, -21.210032341817605 ], [ -45.073777864452708, -21.210032341817602 ], [ -45.073777864452708, -21.208954363476668 ], [ -45.072969380697003, -21.208954363476671 ], [ -45.072969380697003, -21.208145879720959 ], [ -45.071891402356059, -21.208145879720956 ], [ -45.071891402356059, -21.208954363476661 ], [ -45.069465951088937, -21.208954363476668 ], [ -45.069465951088937, -21.2092238580619 ], [ -45.069196456503697, -21.209223858061904 ], [ -45.069196456503697, -21.210571330988081 ], [ -45.069735445674169, -21.210571330988078 ], [ -45.069735445674169, -21.210840825573325 ], [ -45.070274434844642, -21.210840825573317 ], [ -45.070274434844642, -21.211110320158554 ], [ -45.070543929429881, -21.211110320158554 ], [ -45.070543929429881, -21.211379814743793 ] ], [ [ -45.070543929429881, -21.209223858061904 ], [ -45.070543929429881, -21.210301836402845 ], [ -45.069465951088937, -21.210301836402849 ], [ -45.069465951088937, -21.2092238580619 ], [ -45.070543929429881, -21.209223858061904 ] ] ] } },
{ "type": "Feature", "properties": { "anos_com_queima": 1, "area_ha": 5.5892497579023246, "inicio": 2011.0, "fim": 2025.0, "tipo": "recurrence", "id_feicao": "recurrence_2011_2025_312" }, "geometry": { "type": "Polygon", "coordinates": [ [ [ -45.044402954662004, -21.209762847232373 ], [ -45.044672449247237, -21.209762847232373 ], [ -45.044672449247237, -21.210840825573321 ], [ -45.046289416758654, -21.210840825573317 ], [ -45.046289416758654, -21.208415374306195 ], [ -45.045480933002942, -21.208415374306188 ], [ -45.045480933002942, -21.207876385135723 ], [ -45.044402954662004, -21.207876385135719 ], [ -45.044402954662004, -21.209762847232373 ] ] ] } },
{ "type": "Feature", "properties": { "anos_com_queima": 1, "area_ha": 48.468796301865318, "inicio": 2011.0, "fim": 2025.0, "tipo": "recurrence", "id_feicao": "recurrence_2011_2025_313" }, "geometry": { "type": "Polygon", "coordinates": [ [ [ -45.064345553969453, -21.205450933868605 ], [ -45.064345553969453, -21.204911944698132 ], [ -45.063537070213748, -21.204911944698122 ], [ -45.063537070213748, -21.204642450112893 ], [ -45.062728586458043, -21.204642450112893 ], [ -45.062728586458043, -21.205989923039066 ], [ -45.059494651435209, -21.205989923039077 ], [ -45.059494651435209, -21.203833966357188 ], [ -45.057877683923792, -21.203833966357188 ], [ -45.057877683923792, -21.204103460942424 ], [ -45.057608189338559, -21.204103460942424 ], [ -45.057608189338559, -21.204372955527667 ], [ -45.057338694753319, -21.204372955527663 ], [ -45.057338694753319, -21.204642450112896 ], [ -45.055991221827142, -21.204642450112896 ], [ -45.055991221827142, -21.206798406794782 ], [ -45.055721727241909, -21.206798406794785 ], [ -45.055721727241909, -21.207067901380022 ], [ -45.055182738071437, -21.207067901380022 ], [ -45.055182738071437, -21.207337395965254 ], [ -45.054913243486197, -21.207337395965258 ], [ -45.054913243486197, -21.207606890550483 ], [ -45.052757286804322, -21.20760689055049 ], [ -45.052757286804322, -21.207067901380015 ], [ -45.051679308463378, -21.207067901380018 ], [ -45.051679308463378, -21.208145879720959 ], [ -45.050870824707665, -21.208145879720949 ], [ -45.050870824707665, -21.208954363476668 ], [ -45.050601330122433, -21.208954363476671 ], [ -45.050601330122433, -21.209223858061907 ], [ -45.050331835537193, -21.2092238580619 ], [ -45.050331835537193, -21.20949335264714 ], [ -45.05006234095196, -21.209493352647144 ], [ -45.05006234095196, -21.210571330988074 ], [ -45.051679308463378, -21.210571330988081 ], [ -45.051679308463378, -21.211918803914269 ], [ -45.051409813878131, -21.211918803914266 ], [ -45.051409813878131, -21.212188298499491 ], [ -45.051140319292905, -21.212188298499502 ], [ -45.051140319292905, -21.213266276840439 ], [ -45.051679308463378, -21.213266276840447 ], [ -45.051679308463378, -21.212457793084724 ], [ -45.051948803048603, -21.212457793084731 ], [ -45.051948803048603, -21.210571330988081 ], [ -45.053026781389548, -21.210571330988078 ], [ -45.053026781389548, -21.208954363476668 ], [ -45.056530210997614, -21.208954363476671 ], [ -45.056530210997614, -21.207876385135716 ], [ -45.058686167679504, -21.207876385135716 ], [ -45.058686167679504, -21.208415374306188 ], [ -45.060572629776154, -21.208415374306192 ], [ -45.060572629776154, -21.208145879720956 ], [ -45.060842124361386, -21.208145879720956 ], [ -45.060842124361386, -21.207606890550483 ], [ -45.061111618946626, -21.207606890550487 ], [ -45.061111618946626, -21.206528912209546 ], [ -45.065693026895637, -21.206528912209546 ], [ -45.065693026895637, -21.207606890550483 ], [ -45.06596252148087, -21.20760689055048 ], [ -45.06596252148087, -21.207876385135716 ], [ -45.067040499821815, -21.207876385135719 ], [ -45.067040499821815, -21.20437295552766 ], [ -45.068657467333232, -21.20437295552766 ], [ -45.068657467333232, -21.204103460942424 ], [ -45.068926961918464, -21.204103460942427 ], [ -45.068926961918464, -21.203294977186719 ], [ -45.069465951088937, -21.203294977186715 ], [ -45.069465951088937, -21.203025482601475 ], [ -45.068387972747992, -21.203025482601479 ], [ -45.068387972747992, -21.203833966357184 ], [ -45.066501510651342, -21.203833966357184 ], [ -45.066501510651342, -21.204642450112896 ], [ -45.066232016066103, -21.204642450112896 ], [ -45.066232016066103, -21.204911944698132 ], [ -45.065693026895637, -21.204911944698129 ], [ -45.065693026895637, -21.205181439283358 ], [ -45.065423532310398, -21.205181439283361 ], [ -45.065423532310398, -21.205450933868597 ], [ -45.064345553969453, -21.205450933868605 ] ] ] } },
{ "type": "Feature", "properties": { "anos_com_queima": 1, "area_ha": 2.0021518370237565, "inicio": 2011.0, "fim": 2025.0, "tipo": "recurrence", "id_feicao": "recurrence_2011_2025_314" }, "geometry": { "type": "Polygon", "coordinates": [ [ [ -45.074316853623181, -21.20598992303907 ], [ -45.074316853623181, -21.207606890550476 ], [ -45.07458634820842, -21.207606890550487 ], [ -45.07458634820842, -21.207876385135719 ], [ -45.074855842793653, -21.207876385135727 ], [ -45.074855842793653, -21.208145879720956 ], [ -45.075394831964125, -21.208145879720956 ], [ -45.075394831964125, -21.207337395965247 ], [ -45.075125337378893, -21.207337395965254 ], [ -45.075125337378893, -21.205989923039066 ], [ -45.074316853623181, -21.20598992303907 ] ] ] } },
{ "type": "Feature", "properties": { "anos_com_queima": 1, "area_ha": 2.5861173816394061, "inicio": 2011.0, "fim": 2025.0, "tipo": "recurrence", "id_feicao": "recurrence_2011_2025_315" }, "geometry": { "type": "Polygon", "coordinates": [ [ [ -45.048714868025776, -21.206259417624313 ], [ -45.048445373440543, -21.20625941762431 ], [ -45.048445373440543, -21.20760689055048 ], [ -45.049523351781488, -21.207606890550487 ], [ -45.049523351781488, -21.207067901380022 ], [ -45.049792846366721, -21.207067901380022 ], [ -45.049792846366721, -21.205720428453841 ], [ -45.048714868025776, -21.20572042845383 ], [ -45.048714868025776, -21.206259417624313 ] ] ] } },
{ "type": "Feature", "properties": { "anos_com_queima": 1, "area_ha": 0.16684805038339859, "inicio": 2011.0, "fim": 2025.0, "tipo": "recurrence", "id_feicao": "recurrence_2011_2025_316" }, "geometry": { "type": "Polygon", "coordinates": [ [ [ -45.073508369867476, -21.205450933868605 ], [ -45.073508369867476, -21.204911944698132 ], [ -45.073238875282236, -21.204911944698132 ], [ -45.073238875282236, -21.205450933868605 ], [ -45.073508369867476, -21.205450933868605 ] ] ] } },
{ "type": "Feature", "properties": { "anos_com_queima": 1, "area_ha": 0.66740029473489249, "inicio": 2011.0, "fim": 2025.0, "tipo": "recurrence", "id_feicao": "recurrence_2011_2025_317" }, "geometry": { "type": "Polygon", "coordinates": [ [ [ -45.064345553969453, -21.203564471771951 ], [ -45.064345553969453, -21.203025482601479 ], [ -45.063267575628508, -21.203025482601479 ], [ -45.063267575628508, -21.203564471771951 ], [ -45.064345553969453, -21.203564471771951 ] ] ] } },
{ "type": "Feature", "properties": { "anos_com_queima": 1, "area_ha": 23.69289392248476, "inicio": 2011.0, "fim": 2025.0, "tipo": "recurrence", "id_feicao": "recurrence_2011_2025_318" }, "geometry": { "type": "Polygon", "coordinates": [ [ [ -45.065693026895637, -21.20221699884577 ], [ -45.069465951088937, -21.202216998845767 ], [ -45.069465951088937, -21.203025482601475 ], [ -45.070004940259409, -21.203025482601479 ], [ -45.070004940259409, -21.204911944698129 ], [ -45.069196456503697, -21.204911944698132 ], [ -45.069196456503697, -21.206528912209546 ], [ -45.070274434844642, -21.206528912209549 ], [ -45.070274434844642, -21.204642450112896 ], [ -45.072969380697003, -21.204642450112896 ], [ -45.072969380697003, -21.204911944698132 ], [ -45.073238875282236, -21.204911944698132 ], [ -45.073238875282236, -21.204372955527663 ], [ -45.071891402356059, -21.20437295552766 ], [ -45.071891402356059, -21.204103460942424 ], [ -45.071082918600354, -21.204103460942424 ], [ -45.071082918600354, -21.203025482601475 ], [ -45.071352413185586, -21.203025482601479 ], [ -45.071352413185586, -21.201947504260534 ], [ -45.071621907770826, -21.201947504260534 ], [ -45.071621907770826, -21.201139020504833 ], [ -45.071891402356059, -21.201139020504829 ], [ -45.071891402356059, -21.200330536749114 ], [ -45.072430391526531, -21.200330536749117 ], [ -45.072430391526531, -21.200061042163885 ], [ -45.072969380697003, -21.200061042163885 ], [ -45.072969380697003, -21.199791547578652 ], [ -45.070813424015114, -21.199791547578659 ], [ -45.070813424015114, -21.199522052993412 ], [ -45.070543929429881, -21.199522052993409 ], [ -45.070543929429881, -21.19925255840818 ], [ -45.069465951088937, -21.199252558408173 ], [ -45.069465951088937, -21.200600031334353 ], [ -45.064884543139925, -21.200600031334353 ], [ -45.064884543139925, -21.201408515090066 ], [ -45.064615048554693, -21.201408515090066 ], [ -45.064615048554693, -21.202755988016243 ], [ -45.065154037725165, -21.202755988016236 ], [ -45.065154037725165, -21.20248649343101 ], [ -45.065693026895637, -21.202486493431007 ], [ -45.065693026895637, -21.20221699884577 ] ] ] } },
{ "type": "Feature", "properties": { "anos_com_queima": 1, "area_ha": 0.083425261777359996, "inicio": 2011.0, "fim": 2025.0, "tipo": "recurrence", "id_feicao": "recurrence_2011_2025_319" }, "geometry": { "type": "Polygon", "coordinates": [ [ [ -45.064345553969453, -21.203025482601479 ], [ -45.064615048554693, -21.203025482601479 ], [ -45.064615048554693, -21.202755988016243 ], [ -45.064345553969453, -21.202755988016239 ], [ -45.064345553969453, -21.203025482601479 ] ] ] } },
{ "type": "Feature", "properties": { "anos_com_queima": 1, "area_ha": 0.0018700691279006491, "inicio": 2011.0, "fim": 2025.0, "tipo": "recurrence", "id_feicao": "recurrence_2011_2025_320" }, "geometry": { "type": "Polygon", "coordinates": [ [ [ -45.070004940259409, -21.195749128800106 ], [ -45.070004940259302, -21.195702586766878 ], [ -45.069934984379678, -21.195749128841413 ], [ -45.070004940259409, -21.195749128800106 ] ] ] } },
{ "type": "Feature", "properties": { "anos_com_queima": 1, "area_ha": 1.3349119169708619, "inicio": 2011.0, "fim": 2025.0, "tipo": "recurrence", "id_feicao": "recurrence_2011_2025_321" }, "geometry": { "type": "Polygon", "coordinates": [ [ [ -45.05356577056002, -21.191167720851102 ], [ -45.05356577056002, -21.19008974251016 ], [ -45.052487792219075, -21.190089742510164 ], [ -45.052487792219075, -21.191167720851091 ], [ -45.05356577056002, -21.191167720851102 ] ] ] } },
{ "type": "Feature", "properties": { "anos_com_queima": 1, "area_ha": 0.33374069500433068, "inicio": 2011.0, "fim": 2025.0, "tipo": "recurrence", "id_feicao": "recurrence_2011_2025_322" }, "geometry": { "type": "Polygon", "coordinates": [ [ [ -45.046558911343887, -21.18496934539067 ], [ -45.046558911343887, -21.18469985080544 ], [ -45.045480933002942, -21.184699850805433 ], [ -45.045480933002942, -21.184969345390673 ], [ -45.046558911343887, -21.18496934539067 ] ] ] } },
{ "type": "Feature", "properties": { "anos_com_queima": 1, "area_ha": 0.33374217502102255, "inicio": 2011.0, "fim": 2025.0, "tipo": "recurrence", "id_feicao": "recurrence_2011_2025_323" }, "geometry": { "type": "Polygon", "coordinates": [ [ [ -45.045211438417709, -21.184699850805444 ], [ -45.045480933002942, -21.184699850805433 ], [ -45.045480933002942, -21.183621872464492 ], [ -45.045211438417709, -21.183621872464499 ], [ -45.045211438417709, -21.184699850805444 ] ] ] } },
{ "type": "Feature", "properties": { "anos_com_queima": 1, "area_ha": 12.472407586048972, "inicio": 2011.0, "fim": 2025.0, "tipo": "recurrence", "id_feicao": "recurrence_2011_2025_324" }, "geometry": { "type": "Polygon", "coordinates": [ [ [ -45.080515229083616, -21.173920067396008 ], [ -45.080515229083616, -21.174998045736945 ], [ -45.080784723668842, -21.174998045736949 ], [ -45.080784723668842, -21.175806529492661 ], [ -45.081054218254089, -21.175806529492654 ], [ -45.081054218253882, -21.175899528921825 ], [ -45.081637, -21.175897 ], [ -45.082006, -21.175919 ], [ -45.082132196594792, -21.175951474120051 ], [ -45.082132196595019, -21.175806529492657 ], [ -45.082671185765491, -21.175806529492654 ], [ -45.082671185765491, -21.175267540322182 ], [ -45.082940680350731, -21.175267540322192 ], [ -45.082940680350731, -21.174998045736952 ], [ -45.083479669521203, -21.174998045736952 ], [ -45.083479669521203, -21.173650572810764 ], [ -45.085096637032613, -21.173650572810772 ], [ -45.085096637032613, -21.173381078225539 ], [ -45.085366131617853, -21.173381078225535 ], [ -45.085366131617853, -21.172033605299347 ], [ -45.085096637032613, -21.172033605299355 ], [ -45.085096637032613, -21.171764110714118 ], [ -45.084018658691676, -21.171764110714111 ], [ -45.084018658691676, -21.173381078225539 ], [ -45.081593207424547, -21.173381078225535 ], [ -45.081593207424547, -21.172842089055067 ], [ -45.081323712839314, -21.172842089055056 ], [ -45.081323712839314, -21.172572594469823 ], [ -45.079706745327897, -21.172572594469823 ], [ -45.079706745327897, -21.173650572810772 ], [ -45.079976239913144, -21.173650572810779 ], [ -45.079976239913144, -21.173920067396001 ], [ -45.080515229083616, -21.173920067396008 ] ] ] } },
{ "type": "Feature", "properties": { "anos_com_queima": 1, "area_ha": 2.6671191111700217, "inicio": 2011.0, "fim": 2025.0, "tipo": "recurrence", "id_feicao": "recurrence_2011_2025_325" }, "geometry": { "type": "Polygon", "coordinates": [ [ [ -45.029311257888793, -21.343162666924123 ], [ -45.029311257888793, -21.34424064526506 ], [ -45.030389236229738, -21.344240645265067 ], [ -45.030389236229738, -21.343701656094595 ], [ -45.03092822540021, -21.343701656094595 ], [ -45.03092822540021, -21.342354183168414 ], [ -45.029850247059265, -21.342354183168414 ], [ -45.029850247059265, -21.343162666924126 ], [ -45.029311257888793, -21.343162666924123 ] ] ] } },
{ "type": "Feature", "properties": { "anos_com_queima": 1, "area_ha": 0.83347848628703503, "inicio": 2011.0, "fim": 2025.0, "tipo": "recurrence", "id_feicao": "recurrence_2011_2025_326" }, "geometry": { "type": "Polygon", "coordinates": [ [ [ -45.023651871598844, -21.342893172338883 ], [ -45.024999344525021, -21.342893172338886 ], [ -45.024999344525021, -21.342354183168414 ], [ -45.023651871598844, -21.342354183168418 ], [ -45.023651871598844, -21.342893172338883 ] ] ] } },
{ "type": "Feature", "properties": { "anos_com_queima": 1, "area_ha": 0.83348421304895493, "inicio": 2011.0, "fim": 2025.0, "tipo": "recurrence", "id_feicao": "recurrence_2011_2025_327" }, "geometry": { "type": "Polygon", "coordinates": [ [ [ -45.024999344525021, -21.341276204827469 ], [ -45.024999344525021, -21.341006710242233 ], [ -45.023382377013604, -21.341006710242233 ], [ -45.023382377013604, -21.342354183168418 ], [ -45.023651871598844, -21.342354183168418 ], [ -45.023651871598844, -21.341276204827469 ], [ -45.024999344525021, -21.341276204827469 ] ] ] } },
{ "type": "Feature", "properties": { "anos_com_queima": 1, "area_ha": 0.083348532063808559, "inicio": 2011.0, "fim": 2025.0, "tipo": "recurrence", "id_feicao": "recurrence_2011_2025_328" }, "geometry": { "type": "Polygon", "coordinates": [ [ [ -45.032545192911627, -21.341545699412709 ], [ -45.032545192911627, -21.341276204827473 ], [ -45.032275698326387, -21.341276204827473 ], [ -45.032275698326387, -21.341545699412702 ], [ -45.032545192911627, -21.341545699412709 ] ] ] } },
{ "type": "Feature", "properties": { "anos_com_queima": 1, "area_ha": 0.83349203018546103, "inicio": 2011.0, "fim": 2025.0, "tipo": "recurrence", "id_feicao": "recurrence_2011_2025_329" }, "geometry": { "type": "Polygon", "coordinates": [ [ [ -45.03065873081497, -21.341545699412702 ], [ -45.03092822540021, -21.341545699412706 ], [ -45.03092822540021, -21.338850753560351 ], [ -45.03065873081497, -21.338850753560344 ], [ -45.03065873081497, -21.341545699412702 ] ] ] } },
{ "type": "Feature", "properties": { "anos_com_queima": 1, "area_ha": 4.5008618611002476, "inicio": 2011.0, "fim": 2025.0, "tipo": "recurrence", "id_feicao": "recurrence_2011_2025_330" }, "geometry": { "type": "Polygon", "coordinates": [ [ [ -45.036857106275399, -21.340467721071761 ], [ -45.036857106275399, -21.33885075356034 ], [ -45.035509633349221, -21.338850753560354 ], [ -45.035509633349221, -21.339120248145594 ], [ -45.035240138763982, -21.339120248145591 ], [ -45.035240138763982, -21.339659237316056 ], [ -45.034970644178749, -21.339659237316056 ], [ -45.034970644178749, -21.340737215657004 ], [ -45.035240138763982, -21.340737215657004 ], [ -45.035240138763982, -21.341276204827473 ], [ -45.036587611690159, -21.341276204827466 ], [ -45.036587611690159, -21.340467721071757 ], [ -45.036857106275399, -21.340467721071761 ] ] ] } },
{ "type": "Feature", "properties": { "anos_com_queima": 1, "area_ha": 1.6669930470107763, "inicio": 2011.0, "fim": 2025.0, "tipo": "recurrence", "id_feicao": "recurrence_2011_2025_331" }, "geometry": { "type": "Polygon", "coordinates": [ [ [ -45.033353676667332, -21.338850753560351 ], [ -45.033353676667332, -21.338581258975111 ], [ -45.033892665837804, -21.338581258975108 ], [ -45.033892665837804, -21.338042269804642 ], [ -45.033084182082092, -21.338042269804632 ], [ -45.033084182082092, -21.338581258975111 ], [ -45.03281468749686, -21.338581258975115 ], [ -45.03281468749686, -21.339659237316052 ], [ -45.032545192911627, -21.339659237316049 ], [ -45.032545192911627, -21.341006710242237 ], [ -45.03281468749686, -21.341006710242226 ], [ -45.03281468749686, -21.340737215657001 ], [ -45.033084182082092, -21.340737215656997 ], [ -45.033084182082092, -21.338850753560347 ], [ -45.033353676667332, -21.338850753560351 ] ] ] } },
{ "type": "Feature", "properties": { "anos_com_queima": 1, "area_ha": 0.83350325578525664, "inicio": 2011.0, "fim": 2025.0, "tipo": "recurrence", "id_feicao": "recurrence_2011_2025_332" }, "geometry": { "type": "Polygon", "coordinates": [ [ [ -45.03092822540021, -21.338850753560351 ], [ -45.031467214570682, -21.338850753560351 ], [ -45.031467214570682, -21.337503280634174 ], [ -45.03092822540021, -21.337503280634174 ], [ -45.03092822540021, -21.338850753560351 ] ] ] } },
{ "type": "Feature", "properties": { "anos_com_queima": 1, "area_ha": 0.25005094633541214, "inicio": 2011.0, "fim": 2025.0, "tipo": "recurrence", "id_feicao": "recurrence_2011_2025_333" }, "geometry": { "type": "Polygon", "coordinates": [ [ [ -45.023112882428372, -21.338311764389868 ], [ -45.023112882428372, -21.338042269804642 ], [ -45.022304398672659, -21.338042269804646 ], [ -45.022304398672659, -21.338311764389882 ], [ -45.023112882428372, -21.338311764389868 ] ] ] } },
{ "type": "Feature", "properties": { "anos_com_queima": 1, "area_ha": 0.5001027236711556, "inicio": 2011.0, "fim": 2025.0, "tipo": "recurrence", "id_feicao": "recurrence_2011_2025_334" }, "geometry": { "type": "Polygon", "coordinates": [ [ [ -45.024460355354549, -21.338042269804642 ], [ -45.024460355354549, -21.337772775219399 ], [ -45.024190860769309, -21.33777277521941 ], [ -45.024190860769309, -21.338311764389879 ], [ -45.025538333695494, -21.338311764389875 ], [ -45.025538333695494, -21.338042269804646 ], [ -45.024460355354549, -21.338042269804642 ] ] ] } },
{ "type": "Feature", "properties": { "anos_com_queima": 1, "area_ha": 0.83350619235876944, "inicio": 2011.0, "fim": 2025.0, "tipo": "recurrence", "id_feicao": "recurrence_2011_2025_335" }, "geometry": { "type": "Polygon", "coordinates": [ [ [ -45.025538333695494, -21.337772775219406 ], [ -45.028233279547848, -21.337772775219406 ], [ -45.028233279547848, -21.337503280634174 ], [ -45.025538333695494, -21.337503280634166 ], [ -45.025538333695494, -21.337772775219406 ] ] ] } },
{ "type": "Feature", "properties": { "anos_com_queima": 1, "area_ha": 0.08335077885040737, "inicio": 2011.0, "fim": 2025.0, "tipo": "recurrence", "id_feicao": "recurrence_2011_2025_336" }, "geometry": { "type": "Polygon", "coordinates": [ [ [ -45.034431655008277, -21.33750328063417 ], [ -45.034431655008277, -21.337233786048923 ], [ -45.034162160423037, -21.337233786048934 ], [ -45.034162160423037, -21.337503280634166 ], [ -45.034431655008277, -21.33750328063417 ] ] ] } },
{ "type": "Feature", "properties": { "anos_com_queima": 1, "area_ha": 3.3340428681649255, "inicio": 2011.0, "fim": 2025.0, "tipo": "recurrence", "id_feicao": "recurrence_2011_2025_337" }, "geometry": { "type": "Polygon", "coordinates": [ [ [ -45.03092822540021, -21.337503280634174 ], [ -45.03092822540021, -21.336155807707993 ], [ -45.028772268718321, -21.336155807707986 ], [ -45.028772268718321, -21.337503280634166 ], [ -45.03092822540021, -21.337503280634174 ] ] ] } },
{ "type": "Feature", "properties": { "anos_com_queima": 1, "area_ha": 0.16670291156452149, "inicio": 2011.0, "fim": 2025.0, "tipo": "recurrence", "id_feicao": "recurrence_2011_2025_338" }, "geometry": { "type": "Polygon", "coordinates": [ [ [ -45.036587611690159, -21.336425302293225 ], [ -45.036857106275399, -21.336425302293229 ], [ -45.036857106275399, -21.335886313122753 ], [ -45.036587611690159, -21.335886313122757 ], [ -45.036587611690159, -21.336425302293225 ] ] ] } },
{ "type": "Feature", "properties": { "anos_com_queima": 1, "area_ha": 22.755261475608787, "inicio": 2011.0, "fim": 2025.0, "tipo": "recurrence", "id_feicao": "recurrence_2011_2025_339" }, "geometry": { "type": "Polygon", "coordinates": [ [ [ -45.039013062957281, -21.335886313122753 ], [ -45.039013062957281, -21.336694796878465 ], [ -45.039282557542521, -21.336694796878465 ], [ -45.039282557542521, -21.336964291463705 ], [ -45.040899525053938, -21.336964291463705 ], [ -45.040899525053938, -21.336694796878461 ], [ -45.04116901963917, -21.336694796878461 ], [ -45.04116901963917, -21.336425302293225 ], [ -45.04143851422441, -21.336425302293229 ], [ -45.04143851422441, -21.336155807707986 ], [ -45.041977503394882, -21.336155807707993 ], [ -45.041977503394882, -21.334808334781808 ], [ -45.041708008809643, -21.334808334781801 ], [ -45.041708008809643, -21.334538840196579 ], [ -45.04116901963917, -21.334538840196583 ], [ -45.04116901963917, -21.332652378099926 ], [ -45.040899525053938, -21.332652378099922 ], [ -45.040899525053938, -21.332113388929454 ], [ -45.040630030468698, -21.332113388929454 ], [ -45.040630030468698, -21.331843894344214 ], [ -45.038474073786816, -21.331843894344217 ], [ -45.038474073786816, -21.331574399758981 ], [ -45.037935084616343, -21.331574399758985 ], [ -45.037935084616343, -21.330226926832804 ], [ -45.037396095445871, -21.330226926832804 ], [ -45.037396095445871, -21.332113388929443 ], [ -45.036587611690159, -21.332113388929447 ], [ -45.036587611690159, -21.332921872685166 ], [ -45.037665590031104, -21.332921872685155 ], [ -45.037665590031104, -21.335077829367052 ], [ -45.037126600860631, -21.335077829367041 ], [ -45.037126600860631, -21.335616818537517 ], [ -45.036857106275399, -21.335616818537513 ], [ -45.036857106275399, -21.335886313122753 ], [ -45.039013062957281, -21.335886313122753 ] ] ] } },
{ "type": "Feature", "properties": { "anos_com_queima": 1, "area_ha": 16.670934835257842, "inicio": 2011.0, "fim": 2025.0, "tipo": "recurrence", "id_feicao": "recurrence_2011_2025_340" }, "geometry": { "type": "Polygon", "coordinates": [ [ [ -45.035240138763982, -21.333730356440871 ], [ -45.035240138763982, -21.333191367270398 ], [ -45.035509633349221, -21.333191367270402 ], [ -45.035509633349221, -21.331035410588512 ], [ -45.036048622519687, -21.331035410588516 ], [ -45.036048622519687, -21.330765916003266 ], [ -45.036318117104926, -21.330765916003269 ], [ -45.036318117104926, -21.33049642141804 ], [ -45.036857106275399, -21.33049642141804 ], [ -45.036857106275399, -21.330226926832808 ], [ -45.037396095445871, -21.330226926832804 ], [ -45.037396095445871, -21.329148948491856 ], [ -45.038204579201576, -21.329148948491849 ], [ -45.038204579201576, -21.328879453906623 ], [ -45.038474073786816, -21.328879453906627 ], [ -45.038474073786816, -21.32860995932139 ], [ -45.038743568372048, -21.32860995932139 ], [ -45.038743568372048, -21.326992991809973 ], [ -45.038474073786816, -21.326992991809973 ], [ -45.038474073786816, -21.326723497224734 ], [ -45.037126600860631, -21.326723497224741 ], [ -45.037126600860631, -21.328609959321383 ], [ -45.034431655008277, -21.328609959321383 ], [ -45.034431655008277, -21.328879453906623 ], [ -45.034970644178749, -21.32887945390662 ], [ -45.034970644178749, -21.330765916003276 ], [ -45.033353676667332, -21.330765916003266 ], [ -45.033353676667332, -21.333191367270391 ], [ -45.033892665837804, -21.333191367270398 ], [ -45.033892665837804, -21.333730356440874 ], [ -45.035240138763982, -21.333730356440871 ] ] ] } },
{ "type": "Feature", "properties": { "anos_com_queima": 1, "area_ha": 2.5006613325899467, "inicio": 2011.0, "fim": 2025.0, "tipo": "recurrence", "id_feicao": "recurrence_2011_2025_341" }, "geometry": { "type": "Polygon", "coordinates": [ [ [ -45.031736709155915, -21.328070970150918 ], [ -45.03281468749686, -21.328070970150918 ], [ -45.03281468749686, -21.328609959321387 ], [ -45.033892665837804, -21.328609959321387 ], [ -45.033892665837804, -21.328340464736147 ], [ -45.033623171252565, -21.328340464736151 ], [ -45.033623171252565, -21.328070970150922 ], [ -45.033353676667332, -21.328070970150918 ], [ -45.033353676667332, -21.327801475565682 ], [ -45.029850247059265, -21.327801475565678 ], [ -45.029850247059265, -21.326723497224737 ], [ -45.029580752474033, -21.326723497224737 ], [ -45.029580752474033, -21.327262486395213 ], [ -45.028772268718321, -21.32726248639521 ], [ -45.028772268718321, -21.327531980980439 ], [ -45.029580752474033, -21.327531980980446 ], [ -45.029580752474033, -21.328070970150915 ], [ -45.031467214570682, -21.328070970150911 ], [ -45.031467214570682, -21.328609959321383 ], [ -45.031736709155915, -21.32860995932139 ], [ -45.031736709155915, -21.328070970150918 ] ] ] } },
{ "type": "Feature", "properties": { "anos_com_queima": 1, "area_ha": 0.33342640899382531, "inicio": 2011.0, "fim": 2025.0, "tipo": "recurrence", "id_feicao": "recurrence_2011_2025_342" }, "geometry": { "type": "Polygon", "coordinates": [ [ [ -45.027155301206903, -21.326992991809973 ], [ -45.028233279547848, -21.326992991809973 ], [ -45.028233279547848, -21.326723497224737 ], [ -45.027155301206903, -21.326723497224737 ], [ -45.027155301206903, -21.326992991809973 ] ] ] } },
{ "type": "Feature", "properties": { "anos_com_queima": 1, "area_ha": 1.3337054480414838, "inicio": 2011.0, "fim": 2025.0, "tipo": "recurrence", "id_feicao": "recurrence_2011_2025_343" }, "geometry": { "type": "Polygon", "coordinates": [ [ [ -45.022573893257899, -21.327531980980449 ], [ -45.023382377013604, -21.327531980980446 ], [ -45.023382377013604, -21.326184508054261 ], [ -45.022304398672659, -21.326184508054265 ], [ -45.022304398672659, -21.326454002639505 ], [ -45.022573893257899, -21.326454002639505 ], [ -45.022573893257899, -21.327531980980449 ] ] ] } },
{ "type": "Feature", "properties": { "anos_com_queima": 1, "area_ha": 0.25007116004830288, "inicio": 2011.0, "fim": 2025.0, "tipo": "recurrence", "id_feicao": "recurrence_2011_2025_344" }, "geometry": { "type": "Polygon", "coordinates": [ [ [ -45.029850247059265, -21.326454002639505 ], [ -45.029850247059265, -21.325645518883793 ], [ -45.029580752474033, -21.325645518883796 ], [ -45.029580752474033, -21.326454002639501 ], [ -45.029850247059265, -21.326454002639505 ] ] ] } },
{ "type": "Feature", "properties": { "anos_com_queima": 1, "area_ha": 0.83357149253770368, "inicio": 2011.0, "fim": 2025.0, "tipo": "recurrence", "id_feicao": "recurrence_2011_2025_345" }, "geometry": { "type": "Polygon", "coordinates": [ [ [ -45.029311257888793, -21.325376024298556 ], [ -45.029311257888793, -21.32510652971332 ], [ -45.027155301206903, -21.32510652971332 ], [ -45.027155301206903, -21.325645518883793 ], [ -45.027694290377376, -21.325645518883793 ], [ -45.027694290377376, -21.325376024298556 ], [ -45.029311257888793, -21.325376024298556 ] ] ] } },
{ "type": "Feature", "properties": { "anos_com_queima": 1, "area_ha": 0.16671529564876109, "inicio": 2011.0, "fim": 2025.0, "tipo": "recurrence", "id_feicao": "recurrence_2011_2025_346" }, "geometry": { "type": "Polygon", "coordinates": [ [ [ -45.026616312036438, -21.32510652971332 ], [ -45.027155301206903, -21.32510652971332 ], [ -45.027155301206903, -21.324837035128095 ], [ -45.026616312036438, -21.324837035128084 ], [ -45.026616312036438, -21.32510652971332 ] ] ] } },
{ "type": "Feature", "properties": { "anos_com_queima": 1, "area_ha": 5.5016185234241393, "inicio": 2011.0, "fim": 2025.0, "tipo": "recurrence", "id_feicao": "recurrence_2011_2025_347" }, "geometry": { "type": "Polygon", "coordinates": [ [ [ -45.025538333695494, -21.324567540542848 ], [ -45.025538333695494, -21.323489562201903 ], [ -45.023112882428372, -21.323489562201903 ], [ -45.023112882428372, -21.325376024298553 ], [ -45.023382377013604, -21.325376024298556 ], [ -45.023382377013604, -21.32510652971332 ], [ -45.024729849939781, -21.32510652971332 ], [ -45.024729849939781, -21.325376024298553 ], [ -45.026077322865966, -21.325376024298556 ], [ -45.026077322865966, -21.324837035128091 ], [ -45.026616312036438, -21.324837035128084 ], [ -45.026616312036438, -21.324567540542848 ], [ -45.025538333695494, -21.324567540542848 ] ] ] } },
{ "type": "Feature", "properties": { "anos_com_queima": 1, "area_ha": 4.2519250717077215, "inicio": 2011.0, "fim": 2025.0, "tipo": "recurrence", "id_feicao": "recurrence_2011_2025_348" }, "geometry": { "type": "Polygon", "coordinates": [ [ [ -45.04332497632106, -21.301660500797801 ], [ -45.04332497632106, -21.300043533286384 ], [ -45.04305548173582, -21.300043533286388 ], [ -45.04305548173582, -21.299504544115909 ], [ -45.041977503394882, -21.299504544115919 ], [ -45.041977503394882, -21.300313027871631 ], [ -45.041708008809643, -21.300313027871621 ], [ -45.041708008809643, -21.300582522456853 ], [ -45.04143851422441, -21.300582522456857 ], [ -45.04143851422441, -21.301660500797801 ], [ -45.041977503394882, -21.301660500797801 ], [ -45.041977503394882, -21.301929995383034 ], [ -45.04305548173582, -21.301929995383038 ], [ -45.04305548173582, -21.301660500797798 ], [ -45.04332497632106, -21.301660500797801 ] ] ] } },
{ "type": "Feature", "properties": { "anos_com_queima": 1, "area_ha": 2.5845233011238276, "inicio": 2011.0, "fim": 2025.0, "tipo": "recurrence", "id_feicao": "recurrence_2011_2025_349" }, "geometry": { "type": "Polygon", "coordinates": [ [ [ -45.026346817451198, -21.300043533286381 ], [ -45.026616312036438, -21.300043533286388 ], [ -45.026616312036438, -21.300313027871621 ], [ -45.028233279547848, -21.300313027871621 ], [ -45.028233279547848, -21.299235049530679 ], [ -45.027424795792143, -21.299235049530679 ], [ -45.027424795792143, -21.29896555494544 ], [ -45.026346817451198, -21.298965554945443 ], [ -45.026346817451198, -21.300043533286381 ] ] ] } },
{ "type": "Feature", "properties": { "anos_com_queima": 1, "area_ha": 3.3349111304164047, "inicio": 2011.0, "fim": 2025.0, "tipo": "recurrence", "id_feicao": "recurrence_2011_2025_350" }, "geometry": { "type": "Polygon", "coordinates": [ [ [ -45.041708008809643, -21.29680959826355 ], [ -45.041708008809643, -21.29707909284879 ], [ -45.04143851422441, -21.297079092848787 ], [ -45.04143851422441, -21.298157071189731 ], [ -45.042246997980115, -21.298157071189738 ], [ -45.042246997980115, -21.298696060360204 ], [ -45.04332497632106, -21.298696060360204 ], [ -45.04332497632106, -21.29734858743403 ], [ -45.04305548173582, -21.297348587434023 ], [ -45.04305548173582, -21.296809598263557 ], [ -45.041708008809643, -21.29680959826355 ] ] ] } },
{ "type": "Feature", "properties": { "anos_com_queima": 1, "area_ha": 0.08337438639284557, "inicio": 2011.0, "fim": 2025.0, "tipo": "recurrence", "id_feicao": "recurrence_2011_2025_351" }, "geometry": { "type": "Polygon", "coordinates": [ [ [ -45.031467214570682, -21.294923136166908 ], [ -45.031467214570682, -21.294653641581668 ], [ -45.031197719985443, -21.294653641581675 ], [ -45.031197719985443, -21.294923136166915 ], [ -45.031467214570682, -21.294923136166908 ] ] ] } },
{ "type": "Feature", "properties": { "anos_com_queima": 1, "area_ha": 0.25012406185753644, "inicio": 2011.0, "fim": 2025.0, "tipo": "recurrence", "id_feicao": "recurrence_2011_2025_352" }, "geometry": { "type": "Polygon", "coordinates": [ [ [ -45.03281468749686, -21.294653641581675 ], [ -45.033084182082092, -21.294653641581672 ], [ -45.033084182082092, -21.293845157825967 ], [ -45.03281468749686, -21.293845157825952 ], [ -45.03281468749686, -21.294653641581675 ] ] ] } },
{ "type": "Feature", "properties": { "anos_com_queima": 1, "area_ha": 10.338534779325775, "inicio": 2011.0, "fim": 2025.0, "tipo": "recurrence", "id_feicao": "recurrence_2011_2025_353" }, "geometry": { "type": "Polygon", "coordinates": [ [ [ -45.028233279547848, -21.294384146996439 ], [ -45.028233279547848, -21.29546212533738 ], [ -45.029311257888793, -21.295462125337373 ], [ -45.029311257888793, -21.294384146996439 ], [ -45.028772268718321, -21.294384146996439 ], [ -45.028772268718321, -21.293306168655484 ], [ -45.028233279547848, -21.293306168655491 ], [ -45.028233279547848, -21.293036674070247 ], [ -45.027694290377376, -21.293036674070255 ], [ -45.027694290377376, -21.292228190314543 ], [ -45.027424795792143, -21.292228190314546 ], [ -45.027424795792143, -21.291689201144081 ], [ -45.026077322865966, -21.291689201144074 ], [ -45.026077322865966, -21.291150211973605 ], [ -45.024999344525021, -21.291150211973601 ], [ -45.024999344525021, -21.292228190314546 ], [ -45.025268839110254, -21.292228190314546 ], [ -45.025268839110254, -21.293306168655491 ], [ -45.025538333695494, -21.293306168655491 ], [ -45.025538333695494, -21.293575663240727 ], [ -45.025807828280726, -21.293575663240727 ], [ -45.025807828280726, -21.294114652411192 ], [ -45.026077322865966, -21.294114652411196 ], [ -45.026077322865966, -21.294384146996432 ], [ -45.028233279547848, -21.294384146996439 ] ] ] } },
{ "type": "Feature", "properties": { "anos_com_queima": 1, "area_ha": 3.418387194039616, "inicio": 2011.0, "fim": 2025.0, "tipo": "recurrence", "id_feicao": "recurrence_2011_2025_354" }, "geometry": { "type": "Polygon", "coordinates": [ [ [ -45.036318117104926, -21.292497684899782 ], [ -45.036318117104926, -21.292228190314546 ], [ -45.035240138763982, -21.292228190314539 ], [ -45.035240138763982, -21.293575663240723 ], [ -45.035509633349221, -21.293575663240723 ], [ -45.035509633349221, -21.294114652411203 ], [ -45.036587611690159, -21.294114652411196 ], [ -45.036587611690159, -21.293845157825956 ], [ -45.036857106275399, -21.293845157825952 ], [ -45.036857106275399, -21.293575663240727 ], [ -45.037126600860631, -21.29357566324072 ], [ -45.037126600860631, -21.292497684899779 ], [ -45.036318117104926, -21.292497684899782 ] ] ] } },
{ "type": "Feature", "properties": { "anos_com_queima": 1, "area_ha": 1.0005043406151235, "inicio": 2011.0, "fim": 2025.0, "tipo": "recurrence", "id_feicao": "recurrence_2011_2025_355" }, "geometry": { "type": "Polygon", "coordinates": [ [ [ -45.034431655008277, -21.293845157825963 ], [ -45.034970644178749, -21.293845157825963 ], [ -45.034970644178749, -21.292228190314543 ], [ -45.034431655008277, -21.292228190314546 ], [ -45.034431655008277, -21.293845157825963 ] ] ] } },
{ "type": "Feature", "properties": { "anos_com_queima": 1, "area_ha": 0.50025444164792443, "inicio": 2011.0, "fim": 2025.0, "tipo": "recurrence", "id_feicao": "recurrence_2011_2025_356" }, "geometry": { "type": "Polygon", "coordinates": [ [ [ -45.033623171252565, -21.292228190314535 ], [ -45.033623171252565, -21.291958695729306 ], [ -45.032545192911627, -21.29195869572931 ], [ -45.032545192911627, -21.292767179485022 ], [ -45.03281468749686, -21.292767179485018 ], [ -45.03281468749686, -21.292228190314539 ], [ -45.033623171252565, -21.292228190314535 ] ] ] } },
{ "type": "Feature", "properties": { "anos_com_queima": 1, "area_ha": 1.3340225477151231, "inicio": 2011.0, "fim": 2025.0, "tipo": "recurrence", "id_feicao": "recurrence_2011_2025_357" }, "geometry": { "type": "Polygon", "coordinates": [ [ [ -45.036857106275399, -21.291689201144077 ], [ -45.036857106275399, -21.290611222803125 ], [ -45.035779127934454, -21.290611222803133 ], [ -45.035779127934454, -21.29168920114407 ], [ -45.036857106275399, -21.291689201144077 ] ] ] } },
{ "type": "Feature", "properties": { "anos_com_queima": 1, "area_ha": 34.1856834740396, "inicio": 2011.0, "fim": 2025.0, "tipo": "recurrence", "id_feicao": "recurrence_2011_2025_358" }, "geometry": { "type": "Polygon", "coordinates": [ [ [ -45.042246997980115, -21.288724760706483 ], [ -45.042246997980115, -21.288455266121247 ], [ -45.044133460076765, -21.288455266121254 ], [ -45.044133460076765, -21.288185771536014 ], [ -45.044672449247237, -21.288185771536007 ], [ -45.044672449247237, -21.287107793195055 ], [ -45.04332497632106, -21.287107793195066 ], [ -45.04332497632106, -21.285760320268892 ], [ -45.04305548173582, -21.285760320268878 ], [ -45.04305548173582, -21.285490825683649 ], [ -45.042785987150587, -21.285490825683645 ], [ -45.042785987150587, -21.285221331098413 ], [ -45.042516492565348, -21.285221331098416 ], [ -45.042516492565348, -21.280639923149408 ], [ -45.04143851422441, -21.280639923149401 ], [ -45.04143851422441, -21.280370428564162 ], [ -45.040630030468698, -21.280370428564169 ], [ -45.040630030468698, -21.282795879831291 ], [ -45.038743568372048, -21.282795879831298 ], [ -45.038743568372048, -21.285490825683649 ], [ -45.037665590031104, -21.285490825683645 ], [ -45.037665590031104, -21.286568804024597 ], [ -45.037935084616343, -21.286568804024601 ], [ -45.037935084616343, -21.287377287780302 ], [ -45.040360535883465, -21.287377287780291 ], [ -45.040360535883465, -21.288724760706483 ], [ -45.042246997980115, -21.288724760706483 ] ], [ [ -45.037935084616343, -21.286299309439354 ], [ -45.038204579201576, -21.286299309439361 ], [ -45.038204579201576, -21.285760320268889 ], [ -45.038743568372048, -21.285760320268881 ], [ -45.038743568372048, -21.286568804024594 ], [ -45.037935084616343, -21.286568804024601 ], [ -45.037935084616343, -21.286299309439354 ] ] ] } },
{ "type": "Feature", "properties": { "anos_com_queima": 1, "area_ha": 0.75043825451260782, "inicio": 2011.0, "fim": 2025.0, "tipo": "recurrence", "id_feicao": "recurrence_2011_2025_359" }, "geometry": { "type": "Polygon", "coordinates": [ [ [ -45.044672449247237, -21.281178912319881 ], [ -45.044672449247237, -21.280639923149405 ], [ -45.04332497632106, -21.280639923149405 ], [ -45.04332497632106, -21.280909417734637 ], [ -45.043594470906292, -21.280909417734637 ], [ -45.043594470906292, -21.281178912319881 ], [ -45.044672449247237, -21.281178912319881 ] ] ] } },
{ "type": "Feature", "properties": { "anos_com_queima": 1, "area_ha": 6.6705813747835547, "inicio": 2011.0, "fim": 2025.0, "tipo": "recurrence", "id_feicao": "recurrence_2011_2025_360" }, "geometry": { "type": "Polygon", "coordinates": [ [ [ -45.037126600860631, -21.280639923149405 ], [ -45.037126600860631, -21.281717901490349 ], [ -45.039013062957281, -21.281717901490349 ], [ -45.039013062957281, -21.281178912319877 ], [ -45.039282557542521, -21.281178912319881 ], [ -45.039282557542521, -21.279292450223235 ], [ -45.036587611690159, -21.279292450223231 ], [ -45.036587611690159, -21.280639923149401 ], [ -45.037126600860631, -21.280639923149405 ] ] ] } },
{ "type": "Feature", "properties": { "anos_com_queima": 1, "area_ha": 8.0048029008470483, "inicio": 2011.0, "fim": 2025.0, "tipo": "recurrence", "id_feicao": "recurrence_2011_2025_361" }, "geometry": { "type": "Polygon", "coordinates": [ [ [ -45.042785987150587, -21.277405988126574 ], [ -45.039282557542521, -21.277405988126574 ], [ -45.039282557542521, -21.277675482711814 ], [ -45.038474073786816, -21.277675482711814 ], [ -45.038474073786816, -21.279022955637991 ], [ -45.039282557542521, -21.279022955637991 ], [ -45.039282557542521, -21.278753461052752 ], [ -45.040630030468698, -21.278753461052752 ], [ -45.040630030468698, -21.279292450223224 ], [ -45.042785987150587, -21.279292450223231 ], [ -45.042785987150587, -21.277405988126574 ] ] ] } },
{ "type": "Feature", "properties": { "anos_com_queima": 1, "area_ha": 1.6676936324506231, "inicio": 2011.0, "fim": 2025.0, "tipo": "recurrence", "id_feicao": "recurrence_2011_2025_362" }, "geometry": { "type": "Polygon", "coordinates": [ [ [ -45.030389236229738, -21.276866998956098 ], [ -45.030389236229738, -21.275519526029928 ], [ -45.029311257888793, -21.275519526029928 ], [ -45.029311257888793, -21.276866998956102 ], [ -45.030389236229738, -21.276866998956098 ] ] ] } },
{ "type": "Feature", "properties": { "anos_com_queima": 1, "area_ha": 10.840283265019529, "inicio": 2011.0, "fim": 2025.0, "tipo": "recurrence", "id_feicao": "recurrence_2011_2025_363" }, "geometry": { "type": "Polygon", "coordinates": [ [ [ -45.028772268718321, -21.270399128910437 ], [ -45.028772268718321, -21.271477107251382 ], [ -45.02904176330356, -21.271477107251378 ], [ -45.02904176330356, -21.274172053103744 ], [ -45.030389236229738, -21.27417205310374 ], [ -45.030389236229738, -21.273633063933275 ], [ -45.033084182082092, -21.273633063933271 ], [ -45.033084182082092, -21.27255508559233 ], [ -45.03092822540021, -21.272555085592323 ], [ -45.03092822540021, -21.270399128910444 ], [ -45.028772268718321, -21.270399128910437 ] ] ] } },
{ "type": "Feature", "properties": { "anos_com_queima": 1, "area_ha": 0.41693537859991192, "inicio": 2011.0, "fim": 2025.0, "tipo": "recurrence", "id_feicao": "recurrence_2011_2025_364" }, "geometry": { "type": "Polygon", "coordinates": [ [ [ -45.034970644178749, -21.272555085592327 ], [ -45.035240138763982, -21.272555085592323 ], [ -45.035240138763982, -21.271207612666153 ], [ -45.034970644178749, -21.271207612666149 ], [ -45.034970644178749, -21.272555085592327 ] ] ] } },
{ "type": "Feature", "properties": { "anos_com_queima": 1, "area_ha": 4.5862937993409112, "inicio": 2011.0, "fim": 2025.0, "tipo": "recurrence", "id_feicao": "recurrence_2011_2025_365" }, "geometry": { "type": "Polygon", "coordinates": [ [ [ -45.035240138763982, -21.273094074762795 ], [ -45.035509633349221, -21.273094074762803 ], [ -45.035509633349221, -21.273363569348039 ], [ -45.036587611690159, -21.273363569348032 ], [ -45.036587611690159, -21.273094074762806 ], [ -45.037126600860631, -21.273094074762795 ], [ -45.037126600860631, -21.272285591007087 ], [ -45.037396095445871, -21.27228559100709 ], [ -45.037396095445871, -21.271746601836615 ], [ -45.037665590031104, -21.271746601836622 ], [ -45.037665590031104, -21.271477107251389 ], [ -45.037935084616343, -21.271477107251378 ], [ -45.037935084616343, -21.270938118080913 ], [ -45.038204579201576, -21.27093811808092 ], [ -45.038204579201576, -21.269860139739965 ], [ -45.037126600860631, -21.269860139739972 ], [ -45.037126600860631, -21.27093811808091 ], [ -45.036857106275399, -21.27093811808091 ], [ -45.036857106275399, -21.271477107251382 ], [ -45.036587611690159, -21.271477107251386 ], [ -45.036587611690159, -21.272285591007094 ], [ -45.036318117104926, -21.272285591007087 ], [ -45.036318117104926, -21.272555085592323 ], [ -45.035240138763982, -21.272555085592323 ], [ -45.035240138763982, -21.273094074762795 ] ] ] } },
{ "type": "Feature", "properties": { "anos_com_queima": 1, "area_ha": 1.3341965802311897, "inicio": 2011.0, "fim": 2025.0, "tipo": "recurrence", "id_feicao": "recurrence_2011_2025_366" }, "geometry": { "type": "Polygon", "coordinates": [ [ [ -45.024729849939781, -21.272016096421861 ], [ -45.025807828280726, -21.272016096421851 ], [ -45.025807828280726, -21.270938118080917 ], [ -45.024729849939781, -21.27093811808091 ], [ -45.024729849939781, -21.272016096421861 ] ] ] } },
{ "type": "Feature", "properties": { "anos_com_queima": 1, "area_ha": 0.50032716425772561, "inicio": 2011.0, "fim": 2025.0, "tipo": "recurrence", "id_feicao": "recurrence_2011_2025_367" }, "geometry": { "type": "Polygon", "coordinates": [ [ [ -45.035779127934454, -21.270129634325212 ], [ -45.035779127934454, -21.269860139739976 ], [ -45.035240138763982, -21.269860139739972 ], [ -45.035240138763982, -21.271207612666153 ], [ -45.035509633349221, -21.271207612666149 ], [ -45.035509633349221, -21.270129634325208 ], [ -45.035779127934454, -21.270129634325212 ] ] ] } },
{ "type": "Feature", "properties": { "anos_com_queima": 1, "area_ha": 3.2521670573877177, "inicio": 2011.0, "fim": 2025.0, "tipo": "recurrence", "id_feicao": "recurrence_2011_2025_368" }, "geometry": { "type": "Polygon", "coordinates": [ [ [ -45.037396095445871, -21.2693211505695 ], [ -45.037396095445871, -21.267704183058083 ], [ -45.035509633349221, -21.267704183058086 ], [ -45.035509633349221, -21.269051655984264 ], [ -45.036318117104926, -21.269051655984264 ], [ -45.036318117104926, -21.269321150569503 ], [ -45.037396095445871, -21.2693211505695 ] ] ] } },
{ "type": "Feature", "properties": { "anos_com_queima": 1, "area_ha": 0.66714821561854332, "inicio": 2011.0, "fim": 2025.0, "tipo": "recurrence", "id_feicao": "recurrence_2011_2025_369" }, "geometry": { "type": "Polygon", "coordinates": [ [ [ -45.022573893257899, -21.259888840086244 ], [ -45.022034904087427, -21.259888840086251 ], [ -45.022034904087427, -21.260158334671491 ], [ -45.022304398672659, -21.260158334671488 ], [ -45.022304398672659, -21.260697323841953 ], [ -45.022843387843132, -21.260697323841953 ], [ -45.022843387843132, -21.259619345501001 ], [ -45.022573893257899, -21.259619345501012 ], [ -45.022573893257899, -21.259888840086244 ] ] ] } },
{ "type": "Feature", "properties": { "anos_com_queima": 1, "area_ha": 1.6678843867177944, "inicio": 2011.0, "fim": 2025.0, "tipo": "recurrence", "id_feicao": "recurrence_2011_2025_370" }, "geometry": { "type": "Polygon", "coordinates": [ [ [ -45.025807828280726, -21.259619345501008 ], [ -45.025807828280726, -21.258271872574834 ], [ -45.024729849939781, -21.258271872574831 ], [ -45.024729849939781, -21.259619345501001 ], [ -45.025807828280726, -21.259619345501008 ] ] ] } },
{ "type": "Feature", "properties": { "anos_com_queima": 1, "area_ha": 0.33358016076425351, "inicio": 2011.0, "fim": 2025.0, "tipo": "recurrence", "id_feicao": "recurrence_2011_2025_371" }, "geometry": { "type": "Polygon", "coordinates": [ [ [ -45.026346817451198, -21.258002377989584 ], [ -45.026346817451198, -21.256924399648646 ], [ -45.026077322865966, -21.256924399648646 ], [ -45.026077322865966, -21.258002377989587 ], [ -45.026346817451198, -21.258002377989584 ] ] ] } },
{ "type": "Feature", "properties": { "anos_com_queima": 1, "area_ha": 2.8354312154712153, "inicio": 2011.0, "fim": 2025.0, "tipo": "recurrence", "id_feicao": "recurrence_2011_2025_372" }, "geometry": { "type": "Polygon", "coordinates": [ [ [ -45.024999344525021, -21.256654905063421 ], [ -45.023651871598844, -21.256654905063417 ], [ -45.023651871598844, -21.256924399648643 ], [ -45.023112882428372, -21.256924399648643 ], [ -45.023112882428372, -21.258002377989584 ], [ -45.023382377013604, -21.258002377989591 ], [ -45.023382377013604, -21.258271872574834 ], [ -45.024729849939781, -21.258271872574831 ], [ -45.024729849939781, -21.256924399648653 ], [ -45.024999344525021, -21.25692439964865 ], [ -45.024999344525021, -21.256654905063421 ] ] ] } },
{ "type": "Feature", "properties": { "anos_com_queima": 1, "area_ha": 3.8362007043807025, "inicio": 2011.0, "fim": 2025.0, "tipo": "recurrence", "id_feicao": "recurrence_2011_2025_373" }, "geometry": { "type": "Polygon", "coordinates": [ [ [ -45.04332497632106, -21.256924399648653 ], [ -45.04332497632106, -21.258002377989591 ], [ -45.043594470906292, -21.258002377989587 ], [ -45.043594470906292, -21.25638541047817 ], [ -45.04332497632106, -21.256385410478167 ], [ -45.04332497632106, -21.255576926722465 ], [ -45.04116901963917, -21.255576926722473 ], [ -45.04116901963917, -21.256924399648657 ], [ -45.04332497632106, -21.256924399648653 ] ] ] } },
{ "type": "Feature", "properties": { "anos_com_queima": 1, "area_ha": 0.16679082467725215, "inicio": 2011.0, "fim": 2025.0, "tipo": "recurrence", "id_feicao": "recurrence_2011_2025_374" }, "geometry": { "type": "Polygon", "coordinates": [ [ [ -45.026077322865966, -21.256924399648646 ], [ -45.026077322865966, -21.256654905063414 ], [ -45.025538333695494, -21.256654905063414 ], [ -45.025538333695494, -21.256924399648643 ], [ -45.026077322865966, -21.256924399648646 ] ] ] } },
{ "type": "Feature", "properties": { "anos_com_queima": 1, "area_ha": 2.0015112414595673, "inicio": 2011.0, "fim": 2025.0, "tipo": "recurrence", "id_feicao": "recurrence_2011_2025_375" }, "geometry": { "type": "Polygon", "coordinates": [ [ [ -45.034162160423037, -21.255576926722476 ], [ -45.034431655008277, -21.255576926722476 ], [ -45.034431655008277, -21.254498948381528 ], [ -45.033084182082092, -21.254498948381528 ], [ -45.033084182082092, -21.255846421307705 ], [ -45.034162160423037, -21.255846421307709 ], [ -45.034162160423037, -21.255576926722476 ] ] ] } },
{ "type": "Feature", "properties": { "anos_com_queima": 1, "area_ha": 0.33358563281632958, "inicio": 2011.0, "fim": 2025.0, "tipo": "recurrence", "id_feicao": "recurrence_2011_2025_376" }, "geometry": { "type": "Polygon", "coordinates": [ [ [ -45.04332497632106, -21.255576926722465 ], [ -45.043594470906292, -21.255576926722476 ], [ -45.043594470906292, -21.254498948381531 ], [ -45.04332497632106, -21.254498948381531 ], [ -45.04332497632106, -21.255576926722465 ] ] ] } },
{ "type": "Feature", "properties": { "anos_com_queima": 1, "area_ha": 3.0856826432870004, "inicio": 2011.0, "fim": 2025.0, "tipo": "recurrence", "id_feicao": "recurrence_2011_2025_377" }, "geometry": { "type": "Polygon", "coordinates": [ [ [ -45.024460355354549, -21.25530743213724 ], [ -45.024460355354549, -21.254229453796292 ], [ -45.024729849939781, -21.254229453796281 ], [ -45.024729849939781, -21.253151475455347 ], [ -45.024460355354549, -21.253151475455347 ], [ -45.024460355354549, -21.252881980870114 ], [ -45.023112882428372, -21.252881980870104 ], [ -45.023112882428372, -21.25530743213724 ], [ -45.024460355354549, -21.25530743213724 ] ], [ [ -45.024460355354549, -21.253959959211059 ], [ -45.023382377013604, -21.253959959211059 ], [ -45.023382377013604, -21.253151475455343 ], [ -45.024460355354549, -21.253151475455347 ], [ -45.024460355354549, -21.253959959211059 ] ] ] } },
{ "type": "Feature", "properties": { "anos_com_queima": 1, "area_ha": 1.0841681895969766, "inicio": 2011.0, "fim": 2025.0, "tipo": "recurrence", "id_feicao": "recurrence_2011_2025_378" }, "geometry": { "type": "Polygon", "coordinates": [ [ [ -45.026885806621671, -21.25342097004058 ], [ -45.026885806621671, -21.252342991699642 ], [ -45.026616312036438, -21.252342991699642 ], [ -45.026616312036438, -21.252612486284882 ], [ -45.025807828280726, -21.252612486284878 ], [ -45.025807828280726, -21.253420970040583 ], [ -45.026885806621671, -21.25342097004058 ] ] ] } },
{ "type": "Feature", "properties": { "anos_com_queima": 1, "area_ha": 1.8347579831150389, "inicio": 2011.0, "fim": 2025.0, "tipo": "recurrence", "id_feicao": "recurrence_2011_2025_379" }, "geometry": { "type": "Polygon", "coordinates": [ [ [ -45.026616312036438, -21.252342991699642 ], [ -45.026616312036438, -21.251265013358694 ], [ -45.025268839110254, -21.251265013358701 ], [ -45.025268839110254, -21.252612486284875 ], [ -45.025807828280726, -21.252612486284878 ], [ -45.025807828280726, -21.252342991699635 ], [ -45.026616312036438, -21.252342991699642 ] ] ] } },
{ "type": "Feature", "properties": { "anos_com_queima": 1, "area_ha": 3.3360549233455212, "inicio": 2011.0, "fim": 2025.0, "tipo": "recurrence", "id_feicao": "recurrence_2011_2025_380" }, "geometry": { "type": "Polygon", "coordinates": [ [ [ -45.028502774133088, -21.246953099994922 ], [ -45.029580752474033, -21.246953099994929 ], [ -45.029580752474033, -21.245066637898276 ], [ -45.027694290377376, -21.245066637898269 ], [ -45.027694290377376, -21.246144616239214 ], [ -45.028502774133088, -21.24614461623921 ], [ -45.028502774133088, -21.246953099994922 ] ] ] } },
{ "type": "Feature", "properties": { "anos_com_queima": 1, "area_ha": 3.0024567417298189, "inicio": 2011.0, "fim": 2025.0, "tipo": "recurrence", "id_feicao": "recurrence_2011_2025_381" }, "geometry": { "type": "Polygon", "coordinates": [ [ [ -45.035240138763982, -21.245875121653977 ], [ -45.035240138763982, -21.246414110824446 ], [ -45.036318117104926, -21.24641411082445 ], [ -45.036318117104926, -21.245875121653985 ], [ -45.036857106275399, -21.245875121653985 ], [ -45.036857106275399, -21.244797143313033 ], [ -45.034970644178749, -21.244797143313029 ], [ -45.034970644178749, -21.245875121653977 ], [ -45.035240138763982, -21.245875121653977 ] ] ] } },
{ "type": "Feature", "properties": { "anos_com_queima": 1, "area_ha": 8.8406283587032863, "inicio": 2011.0, "fim": 2025.0, "tipo": "recurrence", "id_feicao": "recurrence_2011_2025_382" }, "geometry": { "type": "Polygon", "coordinates": [ [ [ -45.039821546712993, -21.245605627068748 ], [ -45.039821546712993, -21.245875121653988 ], [ -45.040360535883465, -21.245875121653981 ], [ -45.040360535883465, -21.246144616239217 ], [ -45.041708008809643, -21.246144616239221 ], [ -45.041708008809643, -21.245875121653981 ], [ -45.041977503394882, -21.245875121653981 ], [ -45.041977503394882, -21.245066637898276 ], [ -45.042246997980115, -21.245066637898269 ], [ -45.042246997980115, -21.244527648727789 ], [ -45.042516492565348, -21.244527648727797 ], [ -45.042516492565348, -21.244258154142557 ], [ -45.04305548173582, -21.244258154142557 ], [ -45.04305548173582, -21.243180175801616 ], [ -45.04116901963917, -21.243180175801619 ], [ -45.04116901963917, -21.243449670386859 ], [ -45.040630030468698, -21.243449670386855 ], [ -45.040630030468698, -21.243719164972088 ], [ -45.039821546712993, -21.243719164972088 ], [ -45.039821546712993, -21.24425815414256 ], [ -45.039282557542521, -21.244258154142564 ], [ -45.039282557542521, -21.245336132483505 ], [ -45.039552052127753, -21.245336132483502 ], [ -45.039552052127753, -21.245605627068741 ], [ -45.039821546712993, -21.245605627068748 ] ] ] } },
{ "type": "Feature", "properties": { "anos_com_queima": 1, "area_ha": 2.7522896481106058, "inicio": 2011.0, "fim": 2025.0, "tipo": "recurrence", "id_feicao": "recurrence_2011_2025_383" }, "geometry": { "type": "Polygon", "coordinates": [ [ [ -45.027963784962616, -21.243180175801623 ], [ -45.027694290377376, -21.243180175801623 ], [ -45.027694290377376, -21.244258154142553 ], [ -45.029311257888793, -21.244258154142564 ], [ -45.029311257888793, -21.243988659557317 ], [ -45.029580752474033, -21.243988659557324 ], [ -45.029580752474033, -21.242910681216383 ], [ -45.027963784962616, -21.24291068121639 ], [ -45.027963784962616, -21.243180175801623 ] ] ] } },
{ "type": "Feature", "properties": { "anos_com_queima": 1, "area_ha": 0.25021172657506868, "inicio": 2011.0, "fim": 2025.0, "tipo": "recurrence", "id_feicao": "recurrence_2011_2025_384" }, "geometry": { "type": "Polygon", "coordinates": [ [ [ -45.029580752474033, -21.241563208290213 ], [ -45.029580752474033, -21.241293713704962 ], [ -45.028772268718321, -21.241293713704962 ], [ -45.028772268718321, -21.241563208290199 ], [ -45.029580752474033, -21.241563208290213 ] ] ] } },
{ "type": "Feature", "properties": { "anos_com_queima": 1, "area_ha": 0.41702052928857719, "inicio": 2011.0, "fim": 2025.0, "tipo": "recurrence", "id_feicao": "recurrence_2011_2025_385" }, "geometry": { "type": "Polygon", "coordinates": [ [ [ -45.028502774133088, -21.241293713704966 ], [ -45.028502774133088, -21.240754724534497 ], [ -45.027694290377376, -21.240754724534497 ], [ -45.027694290377376, -21.241024219119733 ], [ -45.027963784962616, -21.24102421911973 ], [ -45.027963784962616, -21.24129371370497 ], [ -45.028502774133088, -21.241293713704966 ] ] ] } },
{ "type": "Feature", "properties": { "anos_com_queima": 1, "area_ha": 0.083404353294055905, "inicio": 2011.0, "fim": 2025.0, "tipo": "recurrence", "id_feicao": "recurrence_2011_2025_386" }, "geometry": { "type": "Polygon", "coordinates": [ [ [ -45.027155301206903, -21.240754724534494 ], [ -45.027424795792143, -21.240754724534497 ], [ -45.027424795792143, -21.240485229949265 ], [ -45.027155301206903, -21.240485229949268 ], [ -45.027155301206903, -21.240754724534494 ] ] ] } },
{ "type": "Feature", "properties": { "anos_com_queima": 1, "area_ha": 2.0017207628687843, "inicio": 2011.0, "fim": 2025.0, "tipo": "recurrence", "id_feicao": "recurrence_2011_2025_387" }, "geometry": { "type": "Polygon", "coordinates": [ [ [ -45.027155301206903, -21.239946240778789 ], [ -45.026885806621671, -21.239946240778789 ], [ -45.026885806621671, -21.238868262437848 ], [ -45.027694290377376, -21.23886826243784 ], [ -45.027694290377376, -21.238329273267372 ], [ -45.027155301206903, -21.238329273267379 ], [ -45.027155301206903, -21.238598767852615 ], [ -45.026346817451198, -21.238598767852604 ], [ -45.026346817451198, -21.239137757023087 ], [ -45.026077322865966, -21.239137757023084 ], [ -45.026077322865966, -21.240215735364028 ], [ -45.026616312036438, -21.240215735364032 ], [ -45.026616312036438, -21.240485229949261 ], [ -45.027155301206903, -21.240485229949268 ], [ -45.027155301206903, -21.239946240778789 ] ] ] } },
{ "type": "Feature", "properties": { "anos_com_queima": 1, "area_ha": 0.75065130330417307, "inicio": 2011.0, "fim": 2025.0, "tipo": "recurrence", "id_feicao": "recurrence_2011_2025_388" }, "geometry": { "type": "Polygon", "coordinates": [ [ [ -45.028772268718321, -21.238598767852615 ], [ -45.02904176330356, -21.238598767852604 ], [ -45.02904176330356, -21.237790284096906 ], [ -45.027963784962616, -21.237790284096899 ], [ -45.027963784962616, -21.238329273267368 ], [ -45.028772268718321, -21.238329273267375 ], [ -45.028772268718321, -21.238598767852615 ] ] ] } },
{ "type": "Feature", "properties": { "anos_com_queima": 1, "area_ha": 2.5856601167018689, "inicio": 2011.0, "fim": 2025.0, "tipo": "recurrence", "id_feicao": "recurrence_2011_2025_389" }, "geometry": { "type": "Polygon", "coordinates": [ [ [ -45.031467214570682, -21.232400392392179 ], [ -45.031467214570682, -21.232669886977419 ], [ -45.031197719985443, -21.232669886977419 ], [ -45.031197719985443, -21.233747865318371 ], [ -45.031467214570682, -21.233747865318364 ], [ -45.031467214570682, -21.234017359903593 ], [ -45.031736709155915, -21.234017359903604 ], [ -45.031736709155915, -21.23428685448884 ], [ -45.032545192911627, -21.234286854488833 ], [ -45.032545192911627, -21.232400392392179 ], [ -45.031467214570682, -21.232400392392179 ] ] ] } },
{ "type": "Feature", "properties": { "anos_com_queima": 1, "area_ha": 4.9211638589754347, "inicio": 2011.0, "fim": 2025.0, "tipo": "recurrence", "id_feicao": "recurrence_2011_2025_390" }, "geometry": { "type": "Polygon", "coordinates": [ [ [ -45.029311257888793, -21.231861403221711 ], [ -45.029311257888793, -21.231052919466006 ], [ -45.029850247059265, -21.231052919466013 ], [ -45.029850247059265, -21.229705446539828 ], [ -45.028772268718321, -21.229705446539821 ], [ -45.028772268718321, -21.230783424880777 ], [ -45.027155301206903, -21.230783424880773 ], [ -45.027155301206903, -21.231861403221714 ], [ -45.027694290377376, -21.231861403221711 ], [ -45.027694290377376, -21.232130897806943 ], [ -45.027963784962616, -21.232130897806947 ], [ -45.027963784962616, -21.232400392392179 ], [ -45.02904176330356, -21.232400392392194 ], [ -45.02904176330356, -21.231861403221718 ], [ -45.029311257888793, -21.231861403221711 ] ] ] } },
{ "type": "Feature", "properties": { "anos_com_queima": 1, "area_ha": 5.2549933032572271, "inicio": 2011.0, "fim": 2025.0, "tipo": "recurrence", "id_feicao": "recurrence_2011_2025_391" }, "geometry": { "type": "Polygon", "coordinates": [ [ [ -45.040899525053938, -21.225663027761289 ], [ -45.039821546712993, -21.225663027761289 ], [ -45.039821546712993, -21.224585049420352 ], [ -45.038204579201576, -21.224585049420345 ], [ -45.038204579201576, -21.225124038590817 ], [ -45.037935084616343, -21.225124038590824 ], [ -45.037935084616343, -21.226202016931754 ], [ -45.038474073786816, -21.226202016931762 ], [ -45.038474073786816, -21.226471511516998 ], [ -45.039282557542521, -21.226471511517001 ], [ -45.039282557542521, -21.22674100610223 ], [ -45.040899525053938, -21.22674100610223 ], [ -45.040899525053938, -21.225663027761289 ] ] ] } },
{ "type": "Feature", "properties": { "anos_com_queima": 1, "area_ha": 2.0019282631591575, "inicio": 2011.0, "fim": 2025.0, "tipo": "recurrence", "id_feicao": "recurrence_2011_2025_392" }, "geometry": { "type": "Polygon", "coordinates": [ [ [ -45.040899525053938, -21.224585049420348 ], [ -45.040899525053938, -21.222968081908927 ], [ -45.039821546712993, -21.222968081908931 ], [ -45.039821546712993, -21.224585049420352 ], [ -45.040899525053938, -21.224585049420348 ] ] ] } },
{ "type": "Feature", "properties": { "anos_com_queima": 1, "area_ha": 87.752915114385914, "inicio": 2011.0, "fim": 2025.0, "tipo": "recurrence", "id_feicao": "recurrence_2011_2025_393" }, "geometry": { "type": "Polygon", "coordinates": [ [ [ -45.019878947405537, -21.219734146886104 ], [ -45.019609452820305, -21.219734146886104 ], [ -45.019609452820305, -21.220273136056566 ], [ -45.019070463649832, -21.220273136056569 ], [ -45.019070463649832, -21.220542630641805 ], [ -45.01853147447936, -21.220542630641805 ], [ -45.01853147447936, -21.222159598153219 ], [ -45.017992485308888, -21.222159598153226 ], [ -45.017992485308888, -21.223237576494171 ], [ -45.01826197989412, -21.223237576494164 ], [ -45.01826197989412, -21.225124038590824 ], [ -45.018800969064593, -21.22512403859082 ], [ -45.018800969064593, -21.22377656566464 ], [ -45.019609452820305, -21.223776565664636 ], [ -45.019609452820305, -21.222968081908927 ], [ -45.022573893257899, -21.222968081908931 ], [ -45.022573893257899, -21.22350707107941 ], [ -45.021226420331715, -21.2235070710794 ], [ -45.021226420331715, -21.224854544005577 ], [ -45.024999344525021, -21.224854544005581 ], [ -45.024999344525021, -21.224046060249872 ], [ -45.027694290377376, -21.224046060249879 ], [ -45.027694290377376, -21.226202016931762 ], [ -45.02904176330356, -21.226202016931762 ], [ -45.02904176330356, -21.223237576494167 ], [ -45.029311257888793, -21.223237576494167 ], [ -45.029311257888793, -21.222698587323691 ], [ -45.032006203741155, -21.222698587323695 ], [ -45.032006203741155, -21.222159598153223 ], [ -45.032545192911627, -21.222159598153223 ], [ -45.032545192911627, -21.221081619812271 ], [ -45.032006203741155, -21.221081619812278 ], [ -45.032006203741155, -21.220542630641805 ], [ -45.031736709155915, -21.220542630641816 ], [ -45.031736709155915, -21.218386673959913 ], [ -45.031467214570682, -21.218386673959927 ], [ -45.031467214570682, -21.218117179374683 ], [ -45.03065873081497, -21.21811717937468 ], [ -45.03065873081497, -21.217847684789454 ], [ -45.029850247059265, -21.217847684789444 ], [ -45.029850247059265, -21.21623071727803 ], [ -45.028502774133088, -21.216230717278044 ], [ -45.028502774133088, -21.213535771425665 ], [ -45.027694290377376, -21.213535771425672 ], [ -45.027694290377376, -21.217308695618971 ], [ -45.024460355354549, -21.217308695618975 ], [ -45.024460355354549, -21.217039201033739 ], [ -45.023382377013604, -21.217039201033742 ], [ -45.023382377013604, -21.21838667395992 ], [ -45.023112882428372, -21.218386673959927 ], [ -45.023112882428372, -21.218656168545159 ], [ -45.02041793657601, -21.218656168545159 ], [ -45.02041793657601, -21.218925663130388 ], [ -45.019878947405537, -21.218925663130388 ], [ -45.019878947405537, -21.219734146886104 ] ], [ [ -45.023382377013604, -21.223507071079403 ], [ -45.023382377013604, -21.223776565664636 ], [ -45.022573893257899, -21.223776565664636 ], [ -45.022573893257899, -21.22350707107941 ], [ -45.023382377013604, -21.223507071079403 ] ], [ [ -45.026616312036438, -21.220542630641809 ], [ -45.026616312036438, -21.220273136056573 ], [ -45.027694290377376, -21.220273136056573 ], [ -45.027694290377376, -21.221351114397525 ], [ -45.027424795792143, -21.221351114397521 ], [ -45.027424795792143, -21.22162060898275 ], [ -45.026885806621671, -21.221620608982747 ], [ -45.026885806621671, -21.22189010356799 ], [ -45.025538333695494, -21.221890103567983 ], [ -45.025538333695494, -21.221620608982754 ], [ -45.024999344525021, -21.221620608982757 ], [ -45.024999344525021, -21.220542630641805 ], [ -45.026616312036438, -21.220542630641809 ] ], [ [ -45.021765409502187, -21.222159598153223 ], [ -45.021765409502187, -21.219464652300864 ], [ -45.023921366184076, -21.219464652300864 ], [ -45.023921366184076, -21.222159598153219 ], [ -45.021765409502187, -21.222159598153223 ] ] ] } },
{ "type": "Feature", "properties": { "anos_com_queima": 1, "area_ha": 36.286225283367187, "inicio": 2011.0, "fim": 2025.0, "tipo": "recurrence", "id_feicao": "recurrence_2011_2025_394" }, "geometry": { "type": "Polygon", "coordinates": [ [ [ -45.038204579201576, -21.217308695618986 ], [ -45.035240138763982, -21.217308695618978 ], [ -45.035240138763982, -21.217578190204211 ], [ -45.034431655008277, -21.217578190204215 ], [ -45.034431655008277, -21.219464652300857 ], [ -45.034701149593509, -21.219464652300864 ], [ -45.034701149593509, -21.220273136056573 ], [ -45.034970644178749, -21.22027313605658 ], [ -45.034970644178749, -21.220542630641809 ], [ -45.035240138763982, -21.220542630641809 ], [ -45.035240138763982, -21.220812125227042 ], [ -45.036857106275399, -21.220812125227035 ], [ -45.036857106275399, -21.221081619812278 ], [ -45.038204579201576, -21.221081619812288 ], [ -45.038204579201576, -21.221620608982747 ], [ -45.038474073786816, -21.221620608982754 ], [ -45.038474073786816, -21.22189010356799 ], [ -45.039552052127753, -21.22189010356799 ], [ -45.039552052127753, -21.221620608982754 ], [ -45.039821546712993, -21.221620608982754 ], [ -45.039821546712993, -21.219195157715635 ], [ -45.04143851422441, -21.219195157715625 ], [ -45.04143851422441, -21.218925663130392 ], [ -45.041708008809643, -21.218925663130396 ], [ -45.041708008809643, -21.218656168545156 ], [ -45.041977503394882, -21.218656168545156 ], [ -45.041977503394882, -21.218117179374687 ], [ -45.042246997980115, -21.218117179374683 ], [ -45.042246997980115, -21.217578190204215 ], [ -45.042516492565348, -21.217578190204208 ], [ -45.042516492565348, -21.215422233522325 ], [ -45.041708008809643, -21.215422233522336 ], [ -45.041708008809643, -21.215152738937089 ], [ -45.04143851422441, -21.215152738937096 ], [ -45.04143851422441, -21.214883244351864 ], [ -45.040899525053938, -21.21488324435186 ], [ -45.040899525053938, -21.214613749766617 ], [ -45.040630030468698, -21.214613749766613 ], [ -45.040630030468698, -21.215152738937093 ], [ -45.039821546712993, -21.215152738937089 ], [ -45.039821546712993, -21.215961222692794 ], [ -45.039013062957281, -21.215961222692801 ], [ -45.039013062957281, -21.216230717278034 ], [ -45.038743568372048, -21.216230717278034 ], [ -45.038743568372048, -21.217039201033742 ], [ -45.038204579201576, -21.217039201033742 ], [ -45.038204579201576, -21.217308695618986 ] ] ] } },
{ "type": "Feature", "properties": { "anos_com_queima": 1, "area_ha": 0.083418645461057372, "inicio": 2011.0, "fim": 2025.0, "tipo": "recurrence", "id_feicao": "recurrence_2011_2025_395" }, "geometry": { "type": "Polygon", "coordinates": [ [ [ -45.029850247059265, -21.214883244351856 ], [ -45.029850247059265, -21.21461374976661 ], [ -45.029580752474033, -21.21461374976662 ], [ -45.029580752474033, -21.214883244351853 ], [ -45.029850247059265, -21.214883244351856 ] ] ] } },
{ "type": "Feature", "properties": { "anos_com_queima": 1, "area_ha": 1.1678632990385545, "inicio": 2011.0, "fim": 2025.0, "tipo": "recurrence", "id_feicao": "recurrence_2011_2025_396" }, "geometry": { "type": "Polygon", "coordinates": [ [ [ -45.042246997980115, -21.214074760596151 ], [ -45.042246997980115, -21.213805266010915 ], [ -45.041708008809643, -21.213805266010908 ], [ -45.041708008809643, -21.215152738937089 ], [ -45.042516492565348, -21.215152738937096 ], [ -45.042516492565348, -21.214074760596144 ], [ -45.042246997980115, -21.214074760596151 ] ] ] } },
{ "type": "Feature", "properties": { "anos_com_queima": 1, "area_ha": 0.5839344275142998, "inicio": 2011.0, "fim": 2025.0, "tipo": "recurrence", "id_feicao": "recurrence_2011_2025_397" }, "geometry": { "type": "Polygon", "coordinates": [ [ [ -45.029311257888793, -21.214344255181388 ], [ -45.029580752474033, -21.214344255181384 ], [ -45.029580752474033, -21.213266276840443 ], [ -45.028502774133088, -21.213266276840436 ], [ -45.028502774133088, -21.213535771425665 ], [ -45.029311257888793, -21.213535771425676 ], [ -45.029311257888793, -21.214344255181388 ] ] ] } },
{ "type": "Feature", "properties": { "anos_com_queima": 1, "area_ha": 3.0865342398856841, "inicio": 2011.0, "fim": 2025.0, "tipo": "recurrence", "id_feicao": "recurrence_2011_2025_398" }, "geometry": { "type": "Polygon", "coordinates": [ [ [ -45.039282557542521, -21.211649309329019 ], [ -45.039282557542521, -21.211918803914259 ], [ -45.039013062957281, -21.211918803914259 ], [ -45.039013062957281, -21.212188298499491 ], [ -45.038743568372048, -21.212188298499495 ], [ -45.038743568372048, -21.213266276840443 ], [ -45.039282557542521, -21.213266276840447 ], [ -45.039282557542521, -21.213535771425676 ], [ -45.040360535883465, -21.213535771425676 ], [ -45.040360535883465, -21.211649309329019 ], [ -45.039282557542521, -21.211649309329019 ] ] ] } },
{ "type": "Feature", "properties": { "anos_com_queima": 1, "area_ha": 13.514705803815282, "inicio": 2011.0, "fim": 2025.0, "tipo": "recurrence", "id_feicao": "recurrence_2011_2025_399" }, "geometry": { "type": "Polygon", "coordinates": [ [ [ -45.033892665837804, -21.20625941762431 ], [ -45.033892665837804, -21.206798406794785 ], [ -45.034970644178749, -21.206798406794782 ], [ -45.034970644178749, -21.204911944698125 ], [ -45.033084182082092, -21.204911944698125 ], [ -45.033084182082092, -21.204642450112896 ], [ -45.03281468749686, -21.204642450112885 ], [ -45.03281468749686, -21.203025482601479 ], [ -45.031467214570682, -21.203025482601479 ], [ -45.031467214570682, -21.203294977186712 ], [ -45.03065873081497, -21.203294977186712 ], [ -45.03065873081497, -21.203833966357184 ], [ -45.02904176330356, -21.203833966357184 ], [ -45.02904176330356, -21.205181439283368 ], [ -45.031197719985443, -21.205181439283368 ], [ -45.031197719985443, -21.205989923039073 ], [ -45.031736709155915, -21.205989923039077 ], [ -45.031736709155915, -21.206259417624302 ], [ -45.033892665837804, -21.20625941762431 ] ] ] } },
{ "type": "Feature", "properties": { "anos_com_queima": 1, "area_ha": 11.26239195377091, "inicio": 2011.0, "fim": 2025.0, "tipo": "recurrence", "id_feicao": "recurrence_2011_2025_400" }, "geometry": { "type": "Polygon", "coordinates": [ [ [ -45.022034904087427, -21.2046424501129 ], [ -45.022573893257899, -21.204642450112893 ], [ -45.022573893257899, -21.20437295552766 ], [ -45.023112882428372, -21.20437295552766 ], [ -45.023112882428372, -21.204103460942424 ], [ -45.023651871598844, -21.204103460942424 ], [ -45.023651871598844, -21.202486493431007 ], [ -45.022304398672659, -21.202486493431007 ], [ -45.022304398672659, -21.200330536749121 ], [ -45.022034904087427, -21.200330536749114 ], [ -45.022034904087427, -21.200061042163881 ], [ -45.021765409502187, -21.200061042163888 ], [ -45.021765409502187, -21.201408515090062 ], [ -45.020148441990777, -21.201408515090066 ], [ -45.020148441990777, -21.203833966357188 ], [ -45.020687431161249, -21.203833966357184 ], [ -45.020687431161249, -21.204103460942424 ], [ -45.020956925746482, -21.204103460942427 ], [ -45.020956925746482, -21.204911944698129 ], [ -45.022034904087427, -21.204911944698129 ], [ -45.022034904087427, -21.2046424501129 ] ] ] } },
{ "type": "Feature", "properties": { "anos_com_queima": 1, "area_ha": 5.6730822925060735, "inicio": 2011.0, "fim": 2025.0, "tipo": "recurrence", "id_feicao": "recurrence_2011_2025_401" }, "geometry": { "type": "Polygon", "coordinates": [ [ [ -45.024729849939781, -21.199522052993412 ], [ -45.024729849939781, -21.198444074652468 ], [ -45.024460355354549, -21.198444074652475 ], [ -45.024460355354549, -21.197635590896759 ], [ -45.023382377013604, -21.197635590896759 ], [ -45.023382377013604, -21.197905085481995 ], [ -45.022573893257899, -21.197905085482002 ], [ -45.022573893257899, -21.198174580067239 ], [ -45.021226420331715, -21.198174580067228 ], [ -45.021226420331715, -21.198444074652471 ], [ -45.021495914916954, -21.198444074652471 ], [ -45.021495914916954, -21.198713569237707 ], [ -45.021765409502187, -21.198713569237704 ], [ -45.021765409502187, -21.199522052993412 ], [ -45.024729849939781, -21.199522052993412 ] ] ] } },
{ "type": "Feature", "properties": { "anos_com_queima": 1, "area_ha": 2.6697938475624912, "inicio": 2011.0, "fim": 2025.0, "tipo": "recurrence", "id_feicao": "recurrence_2011_2025_402" }, "geometry": { "type": "Polygon", "coordinates": [ [ [ -45.025268839110254, -21.191437215436345 ], [ -45.025268839110254, -21.191706710021563 ], [ -45.024999344525021, -21.191706710021574 ], [ -45.024999344525021, -21.192784688362508 ], [ -45.025268839110254, -21.192784688362515 ], [ -45.025268839110254, -21.193054182947751 ], [ -45.026616312036438, -21.193054182947748 ], [ -45.026616312036438, -21.191976204606814 ], [ -45.026346817451198, -21.191976204606803 ], [ -45.026346817451198, -21.191437215436334 ], [ -45.025268839110254, -21.191437215436345 ] ] ] } },
{ "type": "Feature", "properties": { "anos_com_queima": 1, "area_ha": 1.3349042465563863, "inicio": 2011.0, "fim": 2025.0, "tipo": "recurrence", "id_feicao": "recurrence_2011_2025_403" }, "geometry": { "type": "Polygon", "coordinates": [ [ [ -45.035509633349221, -21.191976204606807 ], [ -45.036587611690159, -21.191976204606807 ], [ -45.036587611690159, -21.190898226265862 ], [ -45.035509633349221, -21.190898226265869 ], [ -45.035509633349221, -21.191976204606807 ] ] ] } },
{ "type": "Feature", "properties": { "anos_com_queima": 1, "area_ha": 61.32880556487271, "inicio": 2011.0, "fim": 2025.0, "tipo": "recurrence", "id_feicao": "recurrence_2011_2025_404" }, "geometry": { "type": "Polygon", "coordinates": [ [ [ -45.034701149593509, -21.173650572810764 ], [ -45.034701149593509, -21.175267540322182 ], [ -45.035240138763982, -21.175267540322182 ], [ -45.035240138763982, -21.177962486174547 ], [ -45.035779127934454, -21.17796248617454 ], [ -45.035779127934454, -21.178501475345016 ], [ -45.036048622519687, -21.178501475345016 ], [ -45.036048622519687, -21.179309959100724 ], [ -45.037126600860631, -21.179309959100721 ], [ -45.037126600860631, -21.180657432026901 ], [ -45.039552052127753, -21.180657432026898 ], [ -45.039552052127753, -21.180118442856433 ], [ -45.039821546712993, -21.180118442856433 ], [ -45.039821546712993, -21.179848948271196 ], [ -45.040091041298226, -21.179848948271196 ], [ -45.040091041298226, -21.178770969930248 ], [ -45.039821546712993, -21.178770969930248 ], [ -45.039821546712993, -21.178501475345016 ], [ -45.039282557542521, -21.178501475345016 ], [ -45.039282557542521, -21.176345518663126 ], [ -45.040899525053938, -21.176345518663126 ], [ -45.040899525053938, -21.176076024077897 ], [ -45.041977503394882, -21.17607602407789 ], [ -45.041977503394882, -21.175806529492654 ], [ -45.044133460076765, -21.175806529492654 ], [ -45.044133460076765, -21.174189561981247 ], [ -45.041708008809643, -21.174189561981247 ], [ -45.041708008809643, -21.173111583640303 ], [ -45.04143851422441, -21.173111583640299 ], [ -45.04143851422441, -21.172303099884591 ], [ -45.04116901963917, -21.172303099884591 ], [ -45.04116901963917, -21.172033605299358 ], [ -45.038204579201576, -21.172033605299351 ], [ -45.038204579201576, -21.170955626958413 ], [ -45.039013062957281, -21.170955626958417 ], [ -45.039013062957281, -21.168799670276528 ], [ -45.037396095445871, -21.16879967027652 ], [ -45.037396095445871, -21.169877648617469 ], [ -45.037665590031104, -21.169877648617465 ], [ -45.037665590031104, -21.170416637787937 ], [ -45.037935084616343, -21.170416637787934 ], [ -45.037935084616343, -21.17095562695841 ], [ -45.037126600860631, -21.170955626958413 ], [ -45.037126600860631, -21.170686132373174 ], [ -45.035509633349221, -21.170686132373174 ], [ -45.035509633349221, -21.173650572810779 ], [ -45.034701149593509, -21.173650572810764 ] ] ] } },
{ "type": "Feature", "properties": { "anos_com_queima": 1, "area_ha": 1.6691174262399531, "inicio": 2011.0, "fim": 2025.0, "tipo": "recurrence", "id_feicao": "recurrence_2011_2025_405" }, "geometry": { "type": "Polygon", "coordinates": [ [ [ -45.042516492565348, -21.147779092628131 ], [ -45.042516492565348, -21.146701114287179 ], [ -45.04116901963917, -21.14670111428719 ], [ -45.04116901963917, -21.147779092628127 ], [ -45.042516492565348, -21.147779092628131 ] ] ] } },
{ "type": "Feature", "properties": { "anos_com_queima": 1, "area_ha": 1.6669883386403321, "inicio": 2011.0, "fim": 2025.0, "tipo": "recurrence", "id_feicao": "recurrence_2011_2025_406" }, "geometry": { "type": "Polygon", "coordinates": [ [ [ -45.021226420331715, -21.340467721071764 ], [ -45.022304398672659, -21.340467721071761 ], [ -45.022304398672659, -21.33912024814558 ], [ -45.021226420331715, -21.339120248145587 ], [ -45.021226420331715, -21.340467721071764 ] ] ] } },
{ "type": "Feature", "properties": { "anos_com_queima": 1, "area_ha": 0.50010322951035346, "inicio": 2011.0, "fim": 2025.0, "tipo": "recurrence", "id_feicao": "recurrence_2011_2025_407" }, "geometry": { "type": "Polygon", "coordinates": [ [ [ -45.021226420331715, -21.338581258975111 ], [ -45.021226420331715, -21.336964291463701 ], [ -45.020956925746482, -21.336964291463701 ], [ -45.020956925746482, -21.338581258975111 ], [ -45.021226420331715, -21.338581258975111 ] ] ] } },
{ "type": "Feature", "properties": { "anos_com_queima": 1, "area_ha": 14.836534587496374, "inicio": 2011.0, "fim": 2025.0, "tipo": "recurrence", "id_feicao": "recurrence_2011_2025_408" }, "geometry": { "type": "Polygon", "coordinates": [ [ [ -45.01853147447936, -21.333730356440871 ], [ -45.017184001553183, -21.333730356440864 ], [ -45.017184001553183, -21.336155807707986 ], [ -45.016375517797471, -21.336155807707996 ], [ -45.016375517797471, -21.33777277521941 ], [ -45.017992485308888, -21.337772775219406 ], [ -45.017992485308888, -21.339659237316052 ], [ -45.019339958235065, -21.339659237316056 ], [ -45.019339958235065, -21.335616818537517 ], [ -45.020956925746482, -21.335616818537517 ], [ -45.020956925746482, -21.334808334781808 ], [ -45.022304398672659, -21.334808334781808 ], [ -45.022304398672659, -21.333730356440871 ], [ -45.022034904087427, -21.333730356440871 ], [ -45.022034904087427, -21.33399985102611 ], [ -45.021495914916954, -21.33399985102611 ], [ -45.021495914916954, -21.334269345611339 ], [ -45.021226420331715, -21.334269345611332 ], [ -45.021226420331715, -21.334538840196579 ], [ -45.019070463649832, -21.334538840196572 ], [ -45.019070463649832, -21.334269345611347 ], [ -45.018800969064593, -21.334269345611339 ], [ -45.018800969064593, -21.333999851026103 ], [ -45.01853147447936, -21.333999851026107 ], [ -45.01853147447936, -21.333730356440871 ] ], [ [ -45.017453496138415, -21.336155807707989 ], [ -45.017453496138415, -21.335077829367041 ], [ -45.017992485308888, -21.335077829367034 ], [ -45.017992485308888, -21.334808334781812 ], [ -45.019070463649832, -21.334808334781819 ], [ -45.019070463649832, -21.335886313122749 ], [ -45.01853147447936, -21.335886313122753 ], [ -45.01853147447936, -21.336155807707989 ], [ -45.017453496138415, -21.336155807707989 ] ] ] } },
{ "type": "Feature", "properties": { "anos_com_queima": 1, "area_ha": 0.30150038665495815, "inicio": 2011.0, "fim": 2025.0, "tipo": "recurrence", "id_feicao": "recurrence_2011_2025_409" }, "geometry": { "type": "Polygon", "coordinates": [ [ [ -45.011524615262907, -21.337023764995642 ], [ -45.011598, -21.337115 ], [ -45.011794109848388, -21.337192103047276 ], [ -45.011794109848466, -21.336155807707989 ], [ -45.011524615263227, -21.336155807707996 ], [ -45.011524615262907, -21.337023764995642 ] ] ] } },
{ "type": "Feature", "properties": { "anos_com_queima": 1, "area_ha": 0.41675780245894567, "inicio": 2011.0, "fim": 2025.0, "tipo": "recurrence", "id_feicao": "recurrence_2011_2025_410" }, "geometry": { "type": "Polygon", "coordinates": [ [ [ -45.021226420331715, -21.336155807707993 ], [ -45.021765409502187, -21.336155807707989 ], [ -45.021765409502187, -21.33561681853752 ], [ -45.020956925746482, -21.335616818537517 ], [ -45.020956925746482, -21.335886313122746 ], [ -45.021226420331715, -21.335886313122749 ], [ -45.021226420331715, -21.336155807707993 ] ] ] } },
{ "type": "Feature", "properties": { "anos_com_queima": 1, "area_ha": 2.0838025844775139, "inicio": 2011.0, "fim": 2025.0, "tipo": "recurrence", "id_feicao": "recurrence_2011_2025_411" }, "geometry": { "type": "Polygon", "coordinates": [ [ [ -45.013411077359876, -21.335616818537524 ], [ -45.014758550286061, -21.335616818537517 ], [ -45.014758550286061, -21.334269345611332 ], [ -45.013411077359876, -21.334269345611343 ], [ -45.013411077359876, -21.335616818537524 ] ] ] } },
{ "type": "Feature", "properties": { "anos_com_queima": 1, "area_ha": 0.16670734474495749, "inicio": 2011.0, "fim": 2025.0, "tipo": "recurrence", "id_feicao": "recurrence_2011_2025_412" }, "geometry": { "type": "Polygon", "coordinates": [ [ [ -45.011794109848466, -21.332382883514683 ], [ -45.011794109848466, -21.331843894344217 ], [ -45.011524615263227, -21.331843894344221 ], [ -45.011524615263227, -21.332382883514676 ], [ -45.011794109848466, -21.332382883514683 ] ] ] } },
{ "type": "Feature", "properties": { "anos_com_queima": 1, "area_ha": 50.596188485342822, "inicio": 2011.0, "fim": 2025.0, "tipo": "recurrence", "id_feicao": "recurrence_2011_2025_413" }, "geometry": { "type": "Polygon", "coordinates": [ [ [ -45.019609452820305, -21.329148948491852 ], [ -45.019339958235065, -21.329148948491856 ], [ -45.019339958235065, -21.329418443077095 ], [ -45.017722990723655, -21.329418443077099 ], [ -45.017722990723655, -21.328609959321387 ], [ -45.016375517797471, -21.32860995932139 ], [ -45.016375517797471, -21.329687937662332 ], [ -45.015028044871293, -21.329687937662332 ], [ -45.015028044871293, -21.328879453906623 ], [ -45.012333099018932, -21.328879453906627 ], [ -45.012333099018932, -21.329957432247557 ], [ -45.011794109848466, -21.329957432247554 ], [ -45.011794109848466, -21.331304905173749 ], [ -45.014219561115588, -21.331304905173745 ], [ -45.014219561115588, -21.333460861855635 ], [ -45.015297539456526, -21.333460861855635 ], [ -45.015297539456526, -21.332921872685166 ], [ -45.017453496138415, -21.332921872685159 ], [ -45.017453496138415, -21.330226926832797 ], [ -45.019609452820305, -21.330226926832804 ], [ -45.019609452820305, -21.331843894344217 ], [ -45.019878947405537, -21.33184389434421 ], [ -45.019878947405537, -21.332382883514683 ], [ -45.021495914916954, -21.332382883514693 ], [ -45.021495914916954, -21.332652378099922 ], [ -45.022304398672659, -21.332652378099919 ], [ -45.022304398672659, -21.333730356440871 ], [ -45.022573893257899, -21.333730356440864 ], [ -45.022573893257899, -21.333460861855635 ], [ -45.023651871598844, -21.333460861855631 ], [ -45.023651871598844, -21.333191367270391 ], [ -45.024190860769309, -21.333191367270391 ], [ -45.024190860769309, -21.332652378099922 ], [ -45.024460355354549, -21.332652378099919 ], [ -45.024460355354549, -21.331843894344217 ], [ -45.025538333695494, -21.331843894344217 ], [ -45.025538333695494, -21.331574399758981 ], [ -45.025807828280726, -21.331574399758985 ], [ -45.025807828280726, -21.330765916003269 ], [ -45.026077322865966, -21.330765916003269 ], [ -45.026077322865966, -21.33049642141804 ], [ -45.025807828280726, -21.33049642141804 ], [ -45.025807828280726, -21.330226926832804 ], [ -45.026346817451198, -21.330226926832804 ], [ -45.026346817451198, -21.330765916003276 ], [ -45.027424795792143, -21.330765916003269 ], [ -45.027424795792143, -21.327801475565682 ], [ -45.027155301206903, -21.327801475565675 ], [ -45.027155301206903, -21.32726248639521 ], [ -45.024999344525021, -21.32726248639521 ], [ -45.024999344525021, -21.329687937662328 ], [ -45.023382377013604, -21.329687937662332 ], [ -45.023382377013604, -21.328609959321387 ], [ -45.023112882428372, -21.32860995932139 ], [ -45.023112882428372, -21.32887945390662 ], [ -45.022843387843132, -21.32887945390662 ], [ -45.022843387843132, -21.329148948491856 ], [ -45.020687431161249, -21.329148948491856 ], [ -45.020687431161249, -21.329418443077085 ], [ -45.019609452820305, -21.329418443077099 ], [ -45.019609452820305, -21.329148948491852 ] ], [ [ -45.020956925746482, -21.329418443077095 ], [ -45.022304398672659, -21.329418443077095 ], [ -45.022304398672659, -21.329687937662328 ], [ -45.023112882428372, -21.329687937662321 ], [ -45.023112882428372, -21.331035410588502 ], [ -45.020956925746482, -21.331035410588512 ], [ -45.020956925746482, -21.329418443077095 ] ], [ [ -45.025538333695494, -21.329687937662328 ], [ -45.025807828280726, -21.329687937662328 ], [ -45.025807828280726, -21.329957432247557 ], [ -45.025538333695494, -21.329957432247561 ], [ -45.025538333695494, -21.329687937662328 ] ] ] } },
{ "type": "Feature", "properties": { "anos_com_queima": 1, "area_ha": 1.417029235560447, "inicio": 2011.0, "fim": 2025.0, "tipo": "recurrence", "id_feicao": "recurrence_2011_2025_414" }, "geometry": { "type": "Polygon", "coordinates": [ [ [ -45.00990764775181, -21.330496421418044 ], [ -45.009099163996105, -21.33049642141804 ], [ -45.009099163996105, -21.330765916003276 ], [ -45.009368658581337, -21.330765916003276 ], [ -45.009368658581337, -21.331304905173742 ], [ -45.010177142337049, -21.331304905173749 ], [ -45.010177142337049, -21.328609959321383 ], [ -45.00990764775181, -21.328609959321387 ], [ -45.00990764775181, -21.330496421418044 ] ] ] } },
{ "type": "Feature", "properties": { "anos_com_queima": 1, "area_ha": 0.08335569024042716, "inicio": 2011.0, "fim": 2025.0, "tipo": "recurrence", "id_feicao": "recurrence_2011_2025_415" }, "geometry": { "type": "Polygon", "coordinates": [ [ [ -45.00990764775181, -21.328609959321387 ], [ -45.00990764775181, -21.328340464736147 ], [ -45.009638153166577, -21.328340464736154 ], [ -45.009638153166577, -21.32860995932138 ], [ -45.00990764775181, -21.328609959321387 ] ] ] } },
{ "type": "Feature", "properties": { "anos_com_queima": 1, "area_ha": 0.3334230899619362, "inicio": 2011.0, "fim": 2025.0, "tipo": "recurrence", "id_feicao": "recurrence_2011_2025_416" }, "geometry": { "type": "Polygon", "coordinates": [ [ [ -45.020956925746482, -21.328879453906616 ], [ -45.020956925746482, -21.327801475565675 ], [ -45.020687431161249, -21.327801475565686 ], [ -45.020687431161249, -21.328879453906623 ], [ -45.020956925746482, -21.328879453906616 ] ] ] } },
{ "type": "Feature", "properties": { "anos_com_queima": 1, "area_ha": 0.16671257678046822, "inicio": 2011.0, "fim": 2025.0, "tipo": "recurrence", "id_feicao": "recurrence_2011_2025_417" }, "geometry": { "type": "Polygon", "coordinates": [ [ [ -45.009638153166577, -21.327531980980446 ], [ -45.010177142337049, -21.327531980980449 ], [ -45.010177142337049, -21.32726248639521 ], [ -45.009638153166577, -21.32726248639521 ], [ -45.009638153166577, -21.327531980980446 ] ] ] } },
{ "type": "Feature", "properties": { "anos_com_queima": 1, "area_ha": 0.50013907782693445, "inicio": 2011.0, "fim": 2025.0, "tipo": "recurrence", "id_feicao": "recurrence_2011_2025_418" }, "geometry": { "type": "Polygon", "coordinates": [ [ [ -45.010985626092754, -21.327262486395206 ], [ -45.010985626092754, -21.326723497224734 ], [ -45.010177142337049, -21.326723497224744 ], [ -45.010177142337049, -21.32726248639521 ], [ -45.010985626092754, -21.327262486395206 ] ] ] } },
{ "type": "Feature", "properties": { "anos_com_queima": 1, "area_ha": 5.4182305472180632, "inicio": 2011.0, "fim": 2025.0, "tipo": "recurrence", "id_feicao": "recurrence_2011_2025_419" }, "geometry": { "type": "Polygon", "coordinates": [ [ [ -45.022304398672659, -21.326184508054265 ], [ -45.022304398672659, -21.324298045957615 ], [ -45.02041793657601, -21.324298045957612 ], [ -45.02041793657601, -21.324567540542851 ], [ -45.019878947405537, -21.324567540542848 ], [ -45.019878947405537, -21.326184508054265 ], [ -45.020956925746482, -21.326184508054261 ], [ -45.020956925746482, -21.326723497224737 ], [ -45.021226420331715, -21.326723497224737 ], [ -45.021226420331715, -21.326454002639501 ], [ -45.021765409502187, -21.326454002639501 ], [ -45.021765409502187, -21.326184508054265 ], [ -45.022304398672659, -21.326184508054265 ] ] ] } },
{ "type": "Feature", "properties": { "anos_com_queima": 1, "area_ha": 29.8422160449073, "inicio": 2011.0, "fim": 2025.0, "tipo": "recurrence", "id_feicao": "recurrence_2011_2025_420" }, "geometry": { "type": "Polygon", "coordinates": [ [ [ -45.006673712728983, -21.325106529713317 ], [ -45.006673712728983, -21.324567540542855 ], [ -45.00802118565516, -21.324567540542848 ], [ -45.00802118565516, -21.324028551372379 ], [ -45.009099163996105, -21.324028551372376 ], [ -45.009099163996105, -21.32510652971332 ], [ -45.010716131507522, -21.325106529713313 ], [ -45.010716131507522, -21.325376024298556 ], [ -45.012872088189404, -21.32537602429856 ], [ -45.012872088189404, -21.324298045957612 ], [ -45.013141582774644, -21.324298045957612 ], [ -45.013141582774644, -21.323489562201907 ], [ -45.011524615263227, -21.32348956220191 ], [ -45.011524615263227, -21.322411583860955 ], [ -45.013141582774644, -21.322411583860962 ], [ -45.013141582774644, -21.323220067616671 ], [ -45.013680571945116, -21.323220067616674 ], [ -45.013680571945116, -21.322681078446202 ], [ -45.013950066530349, -21.322681078446195 ], [ -45.013950066530349, -21.322411583860962 ], [ -45.015028044871293, -21.322411583860958 ], [ -45.015028044871293, -21.323489562201907 ], [ -45.014758550286061, -21.323489562201903 ], [ -45.014758550286061, -21.325645518883789 ], [ -45.01664501238271, -21.325645518883793 ], [ -45.01664501238271, -21.325376024298556 ], [ -45.017184001553183, -21.325376024298556 ], [ -45.017184001553183, -21.324567540542859 ], [ -45.017722990723655, -21.324567540542851 ], [ -45.017722990723655, -21.323759056787143 ], [ -45.01826197989412, -21.323759056787143 ], [ -45.01826197989412, -21.323220067616667 ], [ -45.018800969064593, -21.323220067616667 ], [ -45.018800969064593, -21.322681078446198 ], [ -45.017184001553183, -21.322681078446202 ], [ -45.017184001553183, -21.322950573031427 ], [ -45.015836528626998, -21.322950573031431 ], [ -45.015836528626998, -21.322142089275726 ], [ -45.011524615263227, -21.322142089275726 ], [ -45.011524615263227, -21.321333605520021 ], [ -45.011255120677994, -21.321333605520014 ], [ -45.011255120677994, -21.321064110934781 ], [ -45.010985626092754, -21.321064110934785 ], [ -45.010985626092754, -21.321333605520014 ], [ -45.009638153166577, -21.321333605520021 ], [ -45.009638153166577, -21.322681078446209 ], [ -45.008829669410872, -21.322681078446198 ], [ -45.008829669410872, -21.322950573031431 ], [ -45.007751691069927, -21.322950573031431 ], [ -45.007751691069927, -21.323759056787139 ], [ -45.004517756047093, -21.323759056787146 ], [ -45.004517756047093, -21.32510652971332 ], [ -45.006673712728983, -21.325106529713317 ] ], [ [ -45.010177142337049, -21.322411583860966 ], [ -45.011255120677994, -21.322411583860962 ], [ -45.011255120677994, -21.323489562201903 ], [ -45.010177142337049, -21.323489562201903 ], [ -45.010177142337049, -21.322411583860966 ] ] ] } },
{ "type": "Feature", "properties": { "anos_com_queima": 1, "area_ha": 0.33343594500729812, "inicio": 2011.0, "fim": 2025.0, "tipo": "recurrence", "id_feicao": "recurrence_2011_2025_421" }, "geometry": { "type": "Polygon", "coordinates": [ [ [ -45.019609452820305, -21.322681078446195 ], [ -45.020687431161249, -21.322681078446195 ], [ -45.020687431161249, -21.322411583860966 ], [ -45.019609452820305, -21.322411583860958 ], [ -45.019609452820305, -21.322681078446195 ] ] ] } },
{ "type": "Feature", "properties": { "anos_com_queima": 1, "area_ha": 2.1673498775370419, "inicio": 2011.0, "fim": 2025.0, "tipo": "recurrence", "id_feicao": "recurrence_2011_2025_422" }, "geometry": { "type": "Polygon", "coordinates": [ [ [ -45.021495914916954, -21.320794616349541 ], [ -45.02041793657601, -21.320794616349545 ], [ -45.02041793657601, -21.32187259469049 ], [ -45.020687431161249, -21.32187259469049 ], [ -45.020687431161249, -21.322411583860966 ], [ -45.020956925746482, -21.322411583860962 ], [ -45.020956925746482, -21.322142089275729 ], [ -45.023112882428372, -21.322142089275726 ], [ -45.023112882428372, -21.321872594690493 ], [ -45.021495914916954, -21.321872594690493 ], [ -45.021495914916954, -21.320794616349541 ] ] ] } },
{ "type": "Feature", "properties": { "anos_com_queima": 1, "area_ha": 4.5014352516646756, "inicio": 2011.0, "fim": 2025.0, "tipo": "recurrence", "id_feicao": "recurrence_2011_2025_423" }, "geometry": { "type": "Polygon", "coordinates": [ [ [ -45.017453496138415, -21.31998613259384 ], [ -45.017453496138415, -21.319716638008597 ], [ -45.016375517797471, -21.319716638008607 ], [ -45.016375517797471, -21.320525121764319 ], [ -45.015836528626998, -21.320525121764305 ], [ -45.015836528626998, -21.322142089275726 ], [ -45.01664501238271, -21.322142089275729 ], [ -45.01664501238271, -21.322681078446202 ], [ -45.017184001553183, -21.322681078446202 ], [ -45.017184001553183, -21.320255627179069 ], [ -45.019878947405537, -21.320255627179076 ], [ -45.019878947405537, -21.319986132593836 ], [ -45.017453496138415, -21.31998613259384 ] ] ] } },
{ "type": "Feature", "properties": { "anos_com_queima": 1, "area_ha": 2.0840024717306673, "inicio": 2011.0, "fim": 2025.0, "tipo": "recurrence", "id_feicao": "recurrence_2011_2025_424" }, "geometry": { "type": "Polygon", "coordinates": [ [ [ -45.008829669410872, -21.320255627179069 ], [ -45.008829669410872, -21.320794616349545 ], [ -45.00990764775181, -21.320794616349545 ], [ -45.00990764775181, -21.321064110934792 ], [ -45.010985626092754, -21.321064110934785 ], [ -45.010985626092754, -21.319986132593833 ], [ -45.009638153166577, -21.31998613259384 ], [ -45.009638153166577, -21.320255627179076 ], [ -45.008829669410872, -21.320255627179069 ] ] ] } },
{ "type": "Feature", "properties": { "anos_com_queima": 1, "area_ha": 0.50016418896242976, "inicio": 2011.0, "fim": 2025.0, "tipo": "recurrence", "id_feicao": "recurrence_2011_2025_425" }, "geometry": { "type": "Polygon", "coordinates": [ [ [ -45.009099163996105, -21.3197166380086 ], [ -45.009368658581337, -21.319716638008607 ], [ -45.009368658581337, -21.319986132593836 ], [ -45.009638153166577, -21.31998613259384 ], [ -45.009638153166577, -21.319177648838128 ], [ -45.009368658581337, -21.319177648838131 ], [ -45.009368658581337, -21.318908154252895 ], [ -45.009099163996105, -21.318908154252892 ], [ -45.009099163996105, -21.3197166380086 ] ] ] } },
{ "type": "Feature", "properties": { "anos_com_queima": 1, "area_ha": 0.16672185881607987, "inicio": 2011.0, "fim": 2025.0, "tipo": "recurrence", "id_feicao": "recurrence_2011_2025_426" }, "geometry": { "type": "Polygon", "coordinates": [ [ [ -45.02041793657601, -21.319177648838124 ], [ -45.02041793657601, -21.318908154252906 ], [ -45.019878947405537, -21.318908154252899 ], [ -45.019878947405537, -21.319177648838128 ], [ -45.02041793657601, -21.319177648838124 ] ] ] } },
{ "type": "Feature", "properties": { "anos_com_queima": 1, "area_ha": 0.08336122869514434, "inicio": 2011.0, "fim": 2025.0, "tipo": "recurrence", "id_feicao": "recurrence_2011_2025_427" }, "geometry": { "type": "Polygon", "coordinates": [ [ [ -45.020687431161249, -21.318638659667666 ], [ -45.020687431161249, -21.318369165082427 ], [ -45.02041793657601, -21.318369165082434 ], [ -45.02041793657601, -21.318638659667656 ], [ -45.020687431161249, -21.318638659667666 ] ] ] } },
{ "type": "Feature", "properties": { "anos_com_queima": 1, "area_ha": 10.170118652188032, "inicio": 2011.0, "fim": 2025.0, "tipo": "recurrence", "id_feicao": "recurrence_2011_2025_428" }, "geometry": { "type": "Polygon", "coordinates": [ [ [ -45.013950066530349, -21.321064110934781 ], [ -45.015297539456526, -21.321064110934774 ], [ -45.015297539456526, -21.320794616349552 ], [ -45.014489055700821, -21.320794616349549 ], [ -45.014489055700821, -21.318908154252899 ], [ -45.014758550286061, -21.318908154252899 ], [ -45.014758550286061, -21.318369165082423 ], [ -45.015836528626998, -21.318369165082423 ], [ -45.015836528626998, -21.318099670497197 ], [ -45.017453496138415, -21.318099670497187 ], [ -45.017453496138415, -21.317560681326718 ], [ -45.017184001553183, -21.317560681326714 ], [ -45.017184001553183, -21.316482702985777 ], [ -45.016375517797471, -21.31648270298578 ], [ -45.016375517797471, -21.315404724644843 ], [ -45.015836528626998, -21.315404724644829 ], [ -45.015836528626998, -21.315674219230061 ], [ -45.015028044871293, -21.315674219230065 ], [ -45.015028044871293, -21.317291186741475 ], [ -45.013411077359876, -21.317291186741475 ], [ -45.013411077359876, -21.318638659667666 ], [ -45.013680571945116, -21.318638659667666 ], [ -45.013680571945116, -21.318908154252899 ], [ -45.013950066530349, -21.318908154252892 ], [ -45.013950066530349, -21.321064110934781 ] ] ] } },
{ "type": "Feature", "properties": { "anos_com_queima": 1, "area_ha": 1.667231897295544, "inicio": 2011.0, "fim": 2025.0, "tipo": "recurrence", "id_feicao": "recurrence_2011_2025_429" }, "geometry": { "type": "Polygon", "coordinates": [ [ [ -45.00990764775181, -21.318369165082427 ], [ -45.00990764775181, -21.317291186741478 ], [ -45.008560174825632, -21.317291186741475 ], [ -45.008560174825632, -21.31836916508243 ], [ -45.00990764775181, -21.318369165082427 ] ] ] } },
{ "type": "Feature", "properties": { "anos_com_queima": 1, "area_ha": 0.083361675417688172, "inicio": 2011.0, "fim": 2025.0, "tipo": "recurrence", "id_feicao": "recurrence_2011_2025_430" }, "geometry": { "type": "Polygon", "coordinates": [ [ [ -45.018800969064593, -21.317830175911947 ], [ -45.018800969064593, -21.317560681326718 ], [ -45.01853147447936, -21.317560681326718 ], [ -45.01853147447936, -21.317830175911947 ], [ -45.018800969064593, -21.317830175911947 ] ] ] } },
{ "type": "Feature", "properties": { "anos_com_queima": 1, "area_ha": 4.0847597677556795, "inicio": 2011.0, "fim": 2025.0, "tipo": "recurrence", "id_feicao": "recurrence_2011_2025_431" }, "geometry": { "type": "Polygon", "coordinates": [ [ [ -45.020687431161249, -21.316752197571009 ], [ -45.021226420331715, -21.316752197571009 ], [ -45.021226420331715, -21.315135230059589 ], [ -45.019609452820305, -21.315135230059596 ], [ -45.019609452820305, -21.317021692156239 ], [ -45.019070463649832, -21.317021692156242 ], [ -45.019070463649832, -21.317291186741482 ], [ -45.018800969064593, -21.317291186741475 ], [ -45.018800969064593, -21.317560681326718 ], [ -45.019609452820305, -21.317560681326718 ], [ -45.019609452820305, -21.317291186741482 ], [ -45.020687431161249, -21.317291186741471 ], [ -45.020687431161249, -21.316752197571009 ] ] ] } },
{ "type": "Feature", "properties": { "anos_com_queima": 1, "area_ha": 0.8336325295338407, "inicio": 2011.0, "fim": 2025.0, "tipo": "recurrence", "id_feicao": "recurrence_2011_2025_432" }, "geometry": { "type": "Polygon", "coordinates": [ [ [ -45.016914506967943, -21.314865735474353 ], [ -45.017184001553183, -21.314865735474356 ], [ -45.017184001553183, -21.314326746303884 ], [ -45.016375517797471, -21.314326746303887 ], [ -45.016375517797471, -21.315404724644843 ], [ -45.016914506967943, -21.315404724644829 ], [ -45.016914506967943, -21.314865735474353 ] ] ] } },
{ "type": "Feature", "properties": { "anos_com_queima": 1, "area_ha": 6.5022943935335613, "inicio": 2011.0, "fim": 2025.0, "tipo": "recurrence", "id_feicao": "recurrence_2011_2025_433" }, "geometry": { "type": "Polygon", "coordinates": [ [ [ -45.012872088189404, -21.315943713815305 ], [ -45.014758550286061, -21.315943713815297 ], [ -45.014758550286061, -21.315674219230068 ], [ -45.015028044871293, -21.315674219230065 ], [ -45.015028044871293, -21.314865735474363 ], [ -45.011524615263227, -21.314865735474353 ], [ -45.011524615263227, -21.313248767962943 ], [ -45.011255120677994, -21.313248767962943 ], [ -45.011255120677994, -21.314596240889127 ], [ -45.010985626092754, -21.314596240889124 ], [ -45.010985626092754, -21.31486573547436 ], [ -45.010446636922282, -21.31486573547436 ], [ -45.010446636922282, -21.315943713815301 ], [ -45.011794109848466, -21.315943713815297 ], [ -45.011794109848466, -21.316213208400541 ], [ -45.012872088189404, -21.316213208400534 ], [ -45.012872088189404, -21.315943713815305 ] ] ] } },
{ "type": "Feature", "properties": { "anos_com_queima": 1, "area_ha": 0.083363617503156795, "inicio": 2011.0, "fim": 2025.0, "tipo": "recurrence", "id_feicao": "recurrence_2011_2025_434" }, "geometry": { "type": "Polygon", "coordinates": [ [ [ -45.017992485308888, -21.314326746303877 ], [ -45.017992485308888, -21.314057251718641 ], [ -45.017722990723655, -21.314057251718644 ], [ -45.017722990723655, -21.31432674630388 ], [ -45.017992485308888, -21.314326746303877 ] ] ] } },
{ "type": "Feature", "properties": { "anos_com_queima": 1, "area_ha": 0.33345954864832839, "inicio": 2011.0, "fim": 2025.0, "tipo": "recurrence", "id_feicao": "recurrence_2011_2025_435" }, "geometry": { "type": "Polygon", "coordinates": [ [ [ -45.017453496138415, -21.312440284207245 ], [ -45.017453496138415, -21.311362305866293 ], [ -45.017184001553183, -21.311362305866297 ], [ -45.017184001553183, -21.312440284207231 ], [ -45.017453496138415, -21.312440284207245 ] ] ] } },
{ "type": "Feature", "properties": { "anos_com_queima": 1, "area_ha": 4.0015218802446499, "inicio": 2011.0, "fim": 2025.0, "tipo": "recurrence", "id_feicao": "recurrence_2011_2025_436" }, "geometry": { "type": "Polygon", "coordinates": [ [ [ -45.011794109848466, -21.312170789621998 ], [ -45.012063604433699, -21.312170789621998 ], [ -45.012063604433699, -21.31109281128105 ], [ -45.013141582774644, -21.31109281128105 ], [ -45.013141582774644, -21.310823316695817 ], [ -45.011794109848466, -21.310823316695817 ], [ -45.011794109848466, -21.310553822110577 ], [ -45.010446636922282, -21.310553822110592 ], [ -45.010446636922282, -21.312440284207245 ], [ -45.010985626092754, -21.312440284207234 ], [ -45.010985626092754, -21.312709778792467 ], [ -45.011255120677994, -21.312709778792474 ], [ -45.011255120677994, -21.312979273377714 ], [ -45.011524615263227, -21.31297927337771 ], [ -45.011524615263227, -21.312709778792478 ], [ -45.011794109848466, -21.312709778792474 ], [ -45.011794109848466, -21.312170789621998 ] ] ] } },
{ "type": "Feature", "properties": { "anos_com_queima": 1, "area_ha": 0.083365409898080875, "inicio": 2011.0, "fim": 2025.0, "tipo": "recurrence", "id_feicao": "recurrence_2011_2025_437" }, "geometry": { "type": "Polygon", "coordinates": [ [ [ -45.017184001553183, -21.31109281128105 ], [ -45.017184001553183, -21.310823316695821 ], [ -45.016914506967943, -21.310823316695821 ], [ -45.016914506967943, -21.31109281128106 ], [ -45.017184001553183, -21.31109281128105 ] ] ] } },
{ "type": "Feature", "properties": { "anos_com_queima": 1, "area_ha": 1.91741826169825, "inicio": 2011.0, "fim": 2025.0, "tipo": "recurrence", "id_feicao": "recurrence_2011_2025_438" }, "geometry": { "type": "Polygon", "coordinates": [ [ [ -45.016375517797471, -21.310553822110581 ], [ -45.016375517797471, -21.308936854599171 ], [ -45.015567034041766, -21.308936854599171 ], [ -45.015567034041766, -21.310823316695821 ], [ -45.016914506967943, -21.310823316695821 ], [ -45.016914506967943, -21.310553822110581 ], [ -45.016375517797471, -21.310553822110581 ] ] ] } },
{ "type": "Feature", "properties": { "anos_com_queima": 1, "area_ha": 3.8348403034478427, "inicio": 2011.0, "fim": 2025.0, "tipo": "recurrence", "id_feicao": "recurrence_2011_2025_439" }, "geometry": { "type": "Polygon", "coordinates": [ [ [ -45.013141582774644, -21.310823316695817 ], [ -45.015028044871293, -21.310823316695824 ], [ -45.015028044871293, -21.309475843769633 ], [ -45.013950066530349, -21.309475843769636 ], [ -45.013950066530349, -21.309206349184404 ], [ -45.013680571945116, -21.3092063491844 ], [ -45.013680571945116, -21.308128370843466 ], [ -45.013141582774644, -21.308128370843463 ], [ -45.013141582774644, -21.310823316695817 ] ] ] } },
{ "type": "Feature", "properties": { "anos_com_queima": 1, "area_ha": 0.083366753325914214, "inicio": 2011.0, "fim": 2025.0, "tipo": "recurrence", "id_feicao": "recurrence_2011_2025_440" }, "geometry": { "type": "Polygon", "coordinates": [ [ [ -45.015567034041766, -21.308667360013935 ], [ -45.015567034041766, -21.308397865428688 ], [ -45.015297539456526, -21.308397865428692 ], [ -45.015297539456526, -21.308667360013928 ], [ -45.015567034041766, -21.308667360013935 ] ] ] } },
{ "type": "Feature", "properties": { "anos_com_queima": 1, "area_ha": 0.25010070653824512, "inicio": 2011.0, "fim": 2025.0, "tipo": "recurrence", "id_feicao": "recurrence_2011_2025_441" }, "geometry": { "type": "Polygon", "coordinates": [ [ [ -45.015028044871293, -21.308397865428699 ], [ -45.015028044871293, -21.308128370843459 ], [ -45.014219561115588, -21.308128370843455 ], [ -45.014219561115588, -21.308397865428702 ], [ -45.015028044871293, -21.308397865428699 ] ] ] } },
{ "type": "Feature", "properties": { "anos_com_queima": 1, "area_ha": 21.342579924191348, "inicio": 2011.0, "fim": 2025.0, "tipo": "recurrence", "id_feicao": "recurrence_2011_2025_442" }, "geometry": { "type": "Polygon", "coordinates": [ [ [ -45.015028044871293, -21.305433424991104 ], [ -45.017184001553183, -21.305433424991101 ], [ -45.017184001553183, -21.305163930405861 ], [ -45.018800969064593, -21.305163930405872 ], [ -45.018800969064593, -21.304085952064927 ], [ -45.01853147447936, -21.304085952064924 ], [ -45.01853147447936, -21.302468984553517 ], [ -45.017722990723655, -21.302468984553506 ], [ -45.017722990723655, -21.302199489968277 ], [ -45.017453496138415, -21.302199489968274 ], [ -45.017453496138415, -21.301929995383038 ], [ -45.016914506967943, -21.301929995383045 ], [ -45.016914506967943, -21.300043533286384 ], [ -45.015297539456526, -21.300043533286388 ], [ -45.015297539456526, -21.302199489968274 ], [ -45.015028044871293, -21.302199489968281 ], [ -45.015028044871293, -21.304624941235396 ], [ -45.011794109848466, -21.304624941235396 ], [ -45.011794109848466, -21.305972414161573 ], [ -45.013411077359876, -21.30597241416158 ], [ -45.013411077359876, -21.305702919576337 ], [ -45.015028044871293, -21.305702919576344 ], [ -45.015028044871293, -21.305433424991104 ] ] ] } },
{ "type": "Feature", "properties": { "anos_com_queima": 1, "area_ha": 2.0010475235680865, "inicio": 2011.0, "fim": 2025.0, "tipo": "recurrence", "id_feicao": "recurrence_2011_2025_443" }, "geometry": { "type": "Polygon", "coordinates": [ [ [ -45.012602593604171, -21.290611222803136 ], [ -45.012602593604171, -21.289533244462184 ], [ -45.010985626092754, -21.289533244462195 ], [ -45.010985626092754, -21.290611222803136 ], [ -45.012602593604171, -21.290611222803136 ] ] ] } },
{ "type": "Feature", "properties": { "anos_com_queima": 1, "area_ha": 4.5026164547749756, "inicio": 2011.0, "fim": 2025.0, "tipo": "recurrence", "id_feicao": "recurrence_2011_2025_444" }, "geometry": { "type": "Polygon", "coordinates": [ [ [ -45.020687431161249, -21.280639923149405 ], [ -45.020687431161249, -21.280370428564162 ], [ -45.019609452820305, -21.280370428564165 ], [ -45.019609452820305, -21.281178912319881 ], [ -45.019339958235065, -21.281178912319881 ], [ -45.019339958235065, -21.282526385246058 ], [ -45.020687431161249, -21.282526385246058 ], [ -45.020687431161249, -21.281987396075589 ], [ -45.020956925746482, -21.281987396075579 ], [ -45.020956925746482, -21.281717901490353 ], [ -45.021765409502187, -21.281717901490346 ], [ -45.021765409502187, -21.280639923149408 ], [ -45.020687431161249, -21.280639923149405 ] ] ] } },
{ "type": "Feature", "properties": { "anos_com_queima": 1, "area_ha": 1.6678246130406857, "inicio": 2011.0, "fim": 2025.0, "tipo": "recurrence", "id_feicao": "recurrence_2011_2025_445" }, "geometry": { "type": "Polygon", "coordinates": [ [ [ -45.017184001553183, -21.265009237205724 ], [ -45.01826197989412, -21.265009237205728 ], [ -45.01826197989412, -21.263661764279544 ], [ -45.017184001553183, -21.263661764279547 ], [ -45.017184001553183, -21.265009237205724 ] ] ] } },
{ "type": "Feature", "properties": { "anos_com_queima": 1, "area_ha": 0.41695690955691433, "inicio": 2011.0, "fim": 2025.0, "tipo": "recurrence", "id_feicao": "recurrence_2011_2025_446" }, "geometry": { "type": "Polygon", "coordinates": [ [ [ -45.020956925746482, -21.264200753450019 ], [ -45.020956925746482, -21.263931258864773 ], [ -45.019609452820305, -21.263931258864776 ], [ -45.019609452820305, -21.264200753450016 ], [ -45.020956925746482, -21.264200753450019 ] ] ] } },
{ "type": "Feature", "properties": { "anos_com_queima": 1, "area_ha": 0.083391828458580078, "inicio": 2011.0, "fim": 2025.0, "tipo": "recurrence", "id_feicao": "recurrence_2011_2025_447" }, "geometry": { "type": "Polygon", "coordinates": [ [ [ -45.019609452820305, -21.263392269694311 ], [ -45.019609452820305, -21.263122775109071 ], [ -45.019339958235065, -21.263122775109075 ], [ -45.019339958235065, -21.263392269694311 ], [ -45.019609452820305, -21.263392269694311 ] ] ] } },
{ "type": "Feature", "properties": { "anos_com_queima": 1, "area_ha": 0.16678395439404994, "inicio": 2011.0, "fim": 2025.0, "tipo": "recurrence", "id_feicao": "recurrence_2011_2025_448" }, "geometry": { "type": "Polygon", "coordinates": [ [ [ -45.018800969064593, -21.263122775109082 ], [ -45.019339958235065, -21.263122775109075 ], [ -45.019339958235065, -21.262853280523828 ], [ -45.018800969064593, -21.262853280523835 ], [ -45.018800969064593, -21.263122775109082 ] ] ] } },
{ "type": "Feature", "properties": { "anos_com_queima": 1, "area_ha": 0.25017727946837348, "inicio": 2011.0, "fim": 2025.0, "tipo": "recurrence", "id_feicao": "recurrence_2011_2025_449" }, "geometry": { "type": "Polygon", "coordinates": [ [ [ -45.021495914916954, -21.262583785938599 ], [ -45.021495914916954, -21.261775302182901 ], [ -45.021226420331715, -21.261775302182897 ], [ -45.021226420331715, -21.262583785938599 ], [ -45.021495914916954, -21.262583785938599 ] ] ] } },
{ "type": "Feature", "properties": { "anos_com_queima": 1, "area_ha": 0.75053586810263828, "inicio": 2011.0, "fim": 2025.0, "tipo": "recurrence", "id_feicao": "recurrence_2011_2025_450" }, "geometry": { "type": "Polygon", "coordinates": [ [ [ -45.022304398672659, -21.261775302182894 ], [ -45.022304398672659, -21.260966818427189 ], [ -45.021495914916954, -21.2609668184272 ], [ -45.021495914916954, -21.261775302182901 ], [ -45.022304398672659, -21.261775302182894 ] ] ] } },
{ "type": "Feature", "properties": { "anos_com_queima": 1, "area_ha": 0.50035896337609742, "inicio": 2011.0, "fim": 2025.0, "tipo": "recurrence", "id_feicao": "recurrence_2011_2025_451" }, "geometry": { "type": "Polygon", "coordinates": [ [ [ -45.019878947405537, -21.261236313012422 ], [ -45.020956925746482, -21.261236313012425 ], [ -45.020956925746482, -21.260697323841953 ], [ -45.02041793657601, -21.260697323841956 ], [ -45.02041793657601, -21.260966818427185 ], [ -45.019878947405537, -21.260966818427189 ], [ -45.019878947405537, -21.261236313012422 ] ] ] } },
{ "type": "Feature", "properties": { "anos_com_queima": 1, "area_ha": 0.083393469738316503, "inicio": 2011.0, "fim": 2025.0, "tipo": "recurrence", "id_feicao": "recurrence_2011_2025_452" }, "geometry": { "type": "Polygon", "coordinates": [ [ [ -45.021226420331715, -21.260427829256724 ], [ -45.021226420331715, -21.260158334671484 ], [ -45.020956925746482, -21.260158334671477 ], [ -45.020956925746482, -21.260427829256713 ], [ -45.021226420331715, -21.260427829256724 ] ] ] } },
{ "type": "Feature", "properties": { "anos_com_queima": 1, "area_ha": 4.2530867799143168, "inicio": 2011.0, "fim": 2025.0, "tipo": "recurrence", "id_feicao": "recurrence_2011_2025_453" }, "geometry": { "type": "Polygon", "coordinates": [ [ [ -45.019070463649832, -21.258541367160067 ], [ -45.019070463649832, -21.258002377989591 ], [ -45.017992485308888, -21.258002377989591 ], [ -45.017992485308888, -21.259349850915768 ], [ -45.01826197989412, -21.259349850915772 ], [ -45.01826197989412, -21.260697323841953 ], [ -45.017992485308888, -21.260697323841956 ], [ -45.017992485308888, -21.260966818427189 ], [ -45.01853147447936, -21.260966818427192 ], [ -45.01853147447936, -21.261236313012422 ], [ -45.019339958235065, -21.261236313012422 ], [ -45.019339958235065, -21.258541367160067 ], [ -45.019070463649832, -21.258541367160067 ] ] ] } },
{ "type": "Feature", "properties": { "anos_com_queima": 1, "area_ha": 0.66715181414857505, "inicio": 2011.0, "fim": 2025.0, "tipo": "recurrence", "id_feicao": "recurrence_2011_2025_454" }, "geometry": { "type": "Polygon", "coordinates": [ [ [ -45.020687431161249, -21.260158334671473 ], [ -45.020956925746482, -21.260158334671477 ], [ -45.020956925746482, -21.259349850915761 ], [ -45.021226420331715, -21.259349850915768 ], [ -45.021226420331715, -21.259080356330536 ], [ -45.021495914916954, -21.259080356330532 ], [ -45.021495914916954, -21.258810861745303 ], [ -45.020687431161249, -21.258810861745303 ], [ -45.020687431161249, -21.260158334671473 ] ] ] } },
{ "type": "Feature", "properties": { "anos_com_queima": 1, "area_ha": 6.4213389557279648, "inicio": 2011.0, "fim": 2025.0, "tipo": "recurrence", "id_feicao": "recurrence_2011_2025_455" }, "geometry": { "type": "Polygon", "coordinates": [ [ [ -45.015297539456526, -21.259349850915772 ], [ -45.013950066530349, -21.259349850915772 ], [ -45.013950066530349, -21.257193894233886 ], [ -45.012602593604171, -21.257193894233883 ], [ -45.012602593604171, -21.258271872574827 ], [ -45.013141582774644, -21.258271872574831 ], [ -45.013141582774644, -21.260966818427189 ], [ -45.014758550286061, -21.260966818427192 ], [ -45.014758550286061, -21.260697323841949 ], [ -45.015028044871293, -21.26069732384196 ], [ -45.015028044871293, -21.260427829256713 ], [ -45.015297539456526, -21.260427829256709 ], [ -45.015297539456526, -21.259349850915772 ] ] ] } },
{ "type": "Feature", "properties": { "anos_com_queima": 1, "area_ha": 0.083395553049631421, "inicio": 2011.0, "fim": 2025.0, "tipo": "recurrence", "id_feicao": "recurrence_2011_2025_456" }, "geometry": { "type": "Polygon", "coordinates": [ [ [ -45.016914506967943, -21.256654905063417 ], [ -45.017184001553183, -21.256654905063414 ], [ -45.017184001553183, -21.256385410478167 ], [ -45.016914506967943, -21.256385410478185 ], [ -45.016914506967943, -21.256654905063417 ] ] ] } },
{ "type": "Feature", "properties": { "anos_com_queima": 1, "area_ha": 0.083396298223965548, "inicio": 2011.0, "fim": 2025.0, "tipo": "recurrence", "id_feicao": "recurrence_2011_2025_457" }, "geometry": { "type": "Polygon", "coordinates": [ [ [ -45.017184001553183, -21.255307432137236 ], [ -45.017184001553183, -21.255037937552004 ], [ -45.016914506967943, -21.255037937551997 ], [ -45.016914506967943, -21.255307432137236 ], [ -45.017184001553183, -21.255307432137236 ] ] ] } },
{ "type": "Feature", "properties": { "anos_com_queima": 1, "area_ha": 0.16679304436459461, "inicio": 2011.0, "fim": 2025.0, "tipo": "recurrence", "id_feicao": "recurrence_2011_2025_458" }, "geometry": { "type": "Polygon", "coordinates": [ [ [ -45.017722990723655, -21.255037937552004 ], [ -45.017722990723655, -21.254498948381535 ], [ -45.017453496138415, -21.254498948381521 ], [ -45.017453496138415, -21.255037937552 ], [ -45.017722990723655, -21.255037937552004 ] ] ] } },
{ "type": "Feature", "properties": { "anos_com_queima": 1, "area_ha": 2.0015180126845835, "inicio": 2011.0, "fim": 2025.0, "tipo": "recurrence", "id_feicao": "recurrence_2011_2025_459" }, "geometry": { "type": "Polygon", "coordinates": [ [ [ -45.020956925746482, -21.255037937552004 ], [ -45.021226420331715, -21.255037937552004 ], [ -45.021226420331715, -21.253959959211048 ], [ -45.019878947405537, -21.253959959211059 ], [ -45.019878947405537, -21.25530743213724 ], [ -45.020956925746482, -21.255307432137229 ], [ -45.020956925746482, -21.255037937552004 ] ] ] } },
{ "type": "Feature", "properties": { "anos_com_queima": 1, "area_ha": 5.0872107049534563, "inicio": 2011.0, "fim": 2025.0, "tipo": "recurrence", "id_feicao": "recurrence_2011_2025_460" }, "geometry": { "type": "Polygon", "coordinates": [ [ [ -45.01826197989412, -21.255307432137243 ], [ -45.01826197989412, -21.255576926722476 ], [ -45.01853147447936, -21.255576926722465 ], [ -45.01853147447936, -21.25665490506341 ], [ -45.017184001553183, -21.256654905063414 ], [ -45.017184001553183, -21.256924399648643 ], [ -45.018800969064593, -21.256924399648653 ], [ -45.018800969064593, -21.255846421307709 ], [ -45.019070463649832, -21.255846421307709 ], [ -45.019070463649832, -21.253959959211059 ], [ -45.01826197989412, -21.253959959211059 ], [ -45.01826197989412, -21.252342991699646 ], [ -45.016914506967943, -21.252342991699642 ], [ -45.016914506967943, -21.252612486284878 ], [ -45.01664501238271, -21.252612486284871 ], [ -45.01664501238271, -21.254229453796295 ], [ -45.017722990723655, -21.254229453796281 ], [ -45.017722990723655, -21.253959959211059 ], [ -45.017992485308888, -21.253959959211052 ], [ -45.017992485308888, -21.254229453796288 ], [ -45.018800969064593, -21.254229453796295 ], [ -45.018800969064593, -21.255307432137236 ], [ -45.01826197989412, -21.255307432137243 ] ] ] } },
{ "type": "Feature", "properties": { "anos_com_queima": 1, "area_ha": 0.33362333536424255, "inicio": 2011.0, "fim": 2025.0, "tipo": "recurrence", "id_feicao": "recurrence_2011_2025_461" }, "geometry": { "type": "Polygon", "coordinates": [ [ [ -45.019339958235065, -21.238059778682135 ], [ -45.019339958235065, -21.237790284096913 ], [ -45.01826197989412, -21.237790284096906 ], [ -45.01826197989412, -21.238059778682146 ], [ -45.019339958235065, -21.238059778682135 ] ] ] } },
{ "type": "Feature", "properties": { "anos_com_queima": 1, "area_ha": 1.5847268489673734, "inicio": 2011.0, "fim": 2025.0, "tipo": "recurrence", "id_feicao": "recurrence_2011_2025_462" }, "geometry": { "type": "Polygon", "coordinates": [ [ [ -45.01826197989412, -21.236981800341201 ], [ -45.019609452820305, -21.236981800341201 ], [ -45.019609452820305, -21.23590382200025 ], [ -45.01853147447936, -21.235903822000253 ], [ -45.01853147447936, -21.236173316585493 ], [ -45.01826197989412, -21.236173316585486 ], [ -45.01826197989412, -21.236981800341201 ] ] ] } },
{ "type": "Feature", "properties": { "anos_com_queima": 1, "area_ha": 5.4216641085486179, "inicio": 2011.0, "fim": 2025.0, "tipo": "recurrence", "id_feicao": "recurrence_2011_2025_463" }, "geometry": { "type": "Polygon", "coordinates": [ [ [ -45.019339958235065, -21.229705446539832 ], [ -45.019339958235065, -21.229166457369359 ], [ -45.019070463649832, -21.229166457369359 ], [ -45.019070463649832, -21.228627468198891 ], [ -45.01853147447936, -21.228627468198887 ], [ -45.01853147447936, -21.22889696278412 ], [ -45.017992485308888, -21.228896962784116 ], [ -45.017992485308888, -21.229705446539832 ], [ -45.01664501238271, -21.229705446539828 ], [ -45.01664501238271, -21.230783424880777 ], [ -45.01826197989412, -21.230783424880773 ], [ -45.01826197989412, -21.231052919466013 ], [ -45.019609452820305, -21.231052919466013 ], [ -45.019609452820305, -21.229705446539832 ], [ -45.019339958235065, -21.229705446539832 ] ] ] } },
{ "type": "Feature", "properties": { "anos_com_queima": 1, "area_ha": 0.25023378607999514, "inicio": 2011.0, "fim": 2025.0, "tipo": "recurrence", "id_feicao": "recurrence_2011_2025_464" }, "geometry": { "type": "Polygon", "coordinates": [ [ [ -45.014489055700821, -21.228357973613651 ], [ -45.014489055700821, -21.227818984443179 ], [ -45.014219561115588, -21.227818984443179 ], [ -45.014219561115588, -21.228088479028411 ], [ -45.013950066530349, -21.228088479028415 ], [ -45.013950066530349, -21.228357973613651 ], [ -45.014489055700821, -21.228357973613651 ] ] ] } },
{ "type": "Feature", "properties": { "anos_com_queima": 1, "area_ha": 3.4198631318132393, "inicio": 2011.0, "fim": 2025.0, "tipo": "recurrence", "id_feicao": "recurrence_2011_2025_465" }, "geometry": { "type": "Polygon", "coordinates": [ [ [ -45.017992485308888, -21.228627468198884 ], [ -45.01853147447936, -21.228627468198887 ], [ -45.01853147447936, -21.227818984443179 ], [ -45.017992485308888, -21.227818984443172 ], [ -45.017992485308888, -21.22674100610223 ], [ -45.017184001553183, -21.226741006102227 ], [ -45.017184001553183, -21.22727999527271 ], [ -45.016914506967943, -21.227279995272706 ], [ -45.016914506967943, -21.22889696278412 ], [ -45.015836528626998, -21.228896962784123 ], [ -45.015836528626998, -21.229166457369359 ], [ -45.017184001553183, -21.229166457369356 ], [ -45.017184001553183, -21.228896962784123 ], [ -45.017992485308888, -21.228896962784116 ], [ -45.017992485308888, -21.228627468198884 ] ] ] } },
{ "type": "Feature", "properties": { "anos_com_queima": 1, "area_ha": 10.092762441344931, "inicio": 2011.0, "fim": 2025.0, "tipo": "recurrence", "id_feicao": "recurrence_2011_2025_466" }, "geometry": { "type": "Polygon", "coordinates": [ [ [ -45.020687431161249, -21.229705446539828 ], [ -45.020956925746482, -21.229705446539832 ], [ -45.020956925746482, -21.229974941125068 ], [ -45.021226420331715, -21.229974941125068 ], [ -45.021226420331715, -21.230244435710304 ], [ -45.022304398672659, -21.230244435710301 ], [ -45.022304398672659, -21.229974941125068 ], [ -45.022843387843132, -21.229974941125064 ], [ -45.022843387843132, -21.228896962784116 ], [ -45.022573893257899, -21.228896962784123 ], [ -45.022573893257899, -21.228088479028411 ], [ -45.022034904087427, -21.228088479028415 ], [ -45.022034904087427, -21.227818984443172 ], [ -45.021765409502187, -21.227818984443175 ], [ -45.021765409502187, -21.227010500687474 ], [ -45.021226420331715, -21.22701050068747 ], [ -45.021226420331715, -21.225932522346525 ], [ -45.020687431161249, -21.225932522346525 ], [ -45.020687431161249, -21.226741006102234 ], [ -45.02041793657601, -21.226741006102237 ], [ -45.02041793657601, -21.22727999527271 ], [ -45.019339958235065, -21.227279995272706 ], [ -45.019339958235065, -21.226741006102234 ], [ -45.019070463649832, -21.226741006102234 ], [ -45.019070463649832, -21.225124038590824 ], [ -45.018800969064593, -21.22512403859082 ], [ -45.018800969064593, -21.225932522346525 ], [ -45.01853147447936, -21.225932522346525 ], [ -45.01853147447936, -21.227549489857946 ], [ -45.019609452820305, -21.227549489857942 ], [ -45.019609452820305, -21.228357973613651 ], [ -45.019878947405537, -21.228357973613647 ], [ -45.019878947405537, -21.228627468198884 ], [ -45.020687431161249, -21.228627468198887 ], [ -45.020687431161249, -21.229705446539828 ] ] ] } },
{ "type": "Feature", "properties": { "anos_com_queima": 1, "area_ha": 0.58388061452647666, "inicio": 2011.0, "fim": 2025.0, "tipo": "recurrence", "id_feicao": "recurrence_2011_2025_467" }, "geometry": { "type": "Polygon", "coordinates": [ [ [ -45.015297539456526, -21.227549489857939 ], [ -45.015567034041766, -21.227549489857942 ], [ -45.015567034041766, -21.227279995272706 ], [ -45.014489055700821, -21.227279995272706 ], [ -45.014489055700821, -21.227818984443179 ], [ -45.015297539456526, -21.227818984443179 ], [ -45.015297539456526, -21.227549489857939 ] ] ] } },
{ "type": "Feature", "properties": { "anos_com_queima": 1, "area_ha": 0.083411786753271253, "inicio": 2011.0, "fim": 2025.0, "tipo": "recurrence", "id_feicao": "recurrence_2011_2025_468" }, "geometry": { "type": "Polygon", "coordinates": [ [ [ -45.016106023212238, -21.227279995272703 ], [ -45.016106023212238, -21.22701050068747 ], [ -45.015836528626998, -21.227010500687474 ], [ -45.015836528626998, -21.227279995272706 ], [ -45.016106023212238, -21.227279995272703 ] ] ] } },
{ "type": "Feature", "properties": { "anos_com_queima": 1, "area_ha": 0.66729727471876699, "inicio": 2011.0, "fim": 2025.0, "tipo": "recurrence", "id_feicao": "recurrence_2011_2025_469" }, "geometry": { "type": "Polygon", "coordinates": [ [ [ -45.017184001553183, -21.226741006102227 ], [ -45.017184001553183, -21.226202016931762 ], [ -45.016106023212238, -21.226202016931765 ], [ -45.016106023212238, -21.22674100610223 ], [ -45.017184001553183, -21.226741006102227 ] ] ] } },
{ "type": "Feature", "properties": { "anos_com_queima": 1, "area_ha": 0.08341298018284142, "inicio": 2011.0, "fim": 2025.0, "tipo": "recurrence", "id_feicao": "recurrence_2011_2025_470" }, "geometry": { "type": "Polygon", "coordinates": [ [ [ -45.019339958235065, -21.225124038590817 ], [ -45.019609452820305, -21.22512403859082 ], [ -45.019609452820305, -21.224854544005581 ], [ -45.019339958235065, -21.224854544005588 ], [ -45.019339958235065, -21.225124038590817 ] ] ] } },
{ "type": "Feature", "properties": { "anos_com_queima": 1, "area_ha": 1.0009703426781733, "inicio": 2011.0, "fim": 2025.0, "tipo": "recurrence", "id_feicao": "recurrence_2011_2025_471" }, "geometry": { "type": "Polygon", "coordinates": [ [ [ -45.009638153166577, -21.222698587323695 ], [ -45.009638153166577, -21.222159598153215 ], [ -45.009368658581337, -21.22215959815323 ], [ -45.009368658581337, -21.223237576494171 ], [ -45.010716131507522, -21.223237576494171 ], [ -45.010716131507522, -21.222698587323698 ], [ -45.009638153166577, -21.222698587323695 ] ] ] } },
{ "type": "Feature", "properties": { "anos_com_queima": 1, "area_ha": 0.66731748355301057, "inicio": 2011.0, "fim": 2025.0, "tipo": "recurrence", "id_feicao": "recurrence_2011_2025_472" }, "geometry": { "type": "Polygon", "coordinates": [ [ [ -45.010716131507522, -21.222159598153219 ], [ -45.010716131507522, -21.221620608982754 ], [ -45.009638153166577, -21.221620608982747 ], [ -45.009638153166577, -21.222159598153215 ], [ -45.010716131507522, -21.222159598153219 ] ] ] } },
{ "type": "Feature", "properties": { "anos_com_queima": 1, "area_ha": 0.3336664778482169, "inicio": 2011.0, "fim": 2025.0, "tipo": "recurrence", "id_feicao": "recurrence_2011_2025_473" }, "geometry": { "type": "Polygon", "coordinates": [ [ [ -45.009368658581337, -21.218925663130392 ], [ -45.009638153166577, -21.218925663130388 ], [ -45.009638153166577, -21.217847684789447 ], [ -45.009368658581337, -21.217847684789444 ], [ -45.009368658581337, -21.218925663130392 ] ] ] } },
{ "type": "Feature", "properties": { "anos_com_queima": 1, "area_ha": 0.33366945252782759, "inicio": 2011.0, "fim": 2025.0, "tipo": "recurrence", "id_feicao": "recurrence_2011_2025_474" }, "geometry": { "type": "Polygon", "coordinates": [ [ [ -45.008829669410872, -21.217039201033735 ], [ -45.008829669410872, -21.217308695618982 ], [ -45.009368658581337, -21.217308695618971 ], [ -45.009368658581337, -21.217039201033742 ], [ -45.009099163996105, -21.217039201033742 ], [ -45.009099163996105, -21.216769706448499 ], [ -45.008560174825632, -21.216769706448499 ], [ -45.008560174825632, -21.217039201033742 ], [ -45.008829669410872, -21.217039201033735 ] ] ] } },
{ "type": "Feature", "properties": { "anos_com_queima": 1, "area_ha": 0.33369476624702377, "inicio": 2011.0, "fim": 2025.0, "tipo": "recurrence", "id_feicao": "recurrence_2011_2025_475" }, "geometry": { "type": "Polygon", "coordinates": [ [ [ -45.020687431161249, -21.205720428453841 ], [ -45.020687431161249, -21.205450933868605 ], [ -45.019609452820305, -21.205450933868597 ], [ -45.019609452820305, -21.20572042845383 ], [ -45.020687431161249, -21.205720428453841 ] ] ] } },
{ "type": "Feature", "properties": { "anos_com_queima": 1, "area_ha": 2.0021866713970899, "inicio": 2011.0, "fim": 2025.0, "tipo": "recurrence", "id_feicao": "recurrence_2011_2025_476" }, "geometry": { "type": "Polygon", "coordinates": [ [ [ -45.012872088189404, -21.203833966357188 ], [ -45.012602593604171, -21.203833966357188 ], [ -45.012602593604171, -21.203564471771955 ], [ -45.011524615263227, -21.203564471771948 ], [ -45.011524615263227, -21.204911944698125 ], [ -45.012872088189404, -21.204911944698125 ], [ -45.012872088189404, -21.203833966357188 ] ] ] } },
{ "type": "Feature", "properties": { "anos_com_queima": 1, "area_ha": 1.5016510383158923, "inicio": 2011.0, "fim": 2025.0, "tipo": "recurrence", "id_feicao": "recurrence_2011_2025_477" }, "geometry": { "type": "Polygon", "coordinates": [ [ [ -45.019609452820305, -21.20221699884577 ], [ -45.01853147447936, -21.202216998845774 ], [ -45.01853147447936, -21.202755988016239 ], [ -45.018800969064593, -21.202755988016243 ], [ -45.018800969064593, -21.203025482601479 ], [ -45.019070463649832, -21.203025482601479 ], [ -45.019070463649832, -21.203294977186719 ], [ -45.019339958235065, -21.203294977186722 ], [ -45.019339958235065, -21.204642450112893 ], [ -45.019609452820305, -21.204642450112889 ], [ -45.019609452820305, -21.20221699884577 ] ] ] } },
{ "type": "Feature", "properties": { "anos_com_queima": 1, "area_ha": 4.0878945102742872, "inicio": 2011.0, "fim": 2025.0, "tipo": "recurrence", "id_feicao": "recurrence_2011_2025_478" }, "geometry": { "type": "Polygon", "coordinates": [ [ [ -45.017722990723655, -21.202216998845778 ], [ -45.01853147447936, -21.202216998845774 ], [ -45.01853147447936, -21.200600031334353 ], [ -45.018800969064593, -21.200600031334353 ], [ -45.018800969064593, -21.1987135692377 ], [ -45.01826197989412, -21.198713569237704 ], [ -45.01826197989412, -21.199252558408173 ], [ -45.017992485308888, -21.199252558408173 ], [ -45.017992485308888, -21.199522052993409 ], [ -45.017722990723655, -21.199522052993409 ], [ -45.017722990723655, -21.20086952591959 ], [ -45.017184001553183, -21.200869525919593 ], [ -45.017184001553183, -21.201947504260527 ], [ -45.017722990723655, -21.201947504260534 ], [ -45.017722990723655, -21.202216998845778 ] ] ] } },
{ "type": "Feature", "properties": { "anos_com_queima": 1, "area_ha": 0.083427704843895265, "inicio": 2011.0, "fim": 2025.0, "tipo": "recurrence", "id_feicao": "recurrence_2011_2025_479" }, "geometry": { "type": "Polygon", "coordinates": [ [ [ -45.019339958235065, -21.198444074652471 ], [ -45.019339958235065, -21.198174580067228 ], [ -45.019070463649832, -21.198174580067228 ], [ -45.019070463649832, -21.198444074652468 ], [ -45.019339958235065, -21.198444074652471 ] ] ] } },
{ "type": "Feature", "properties": { "anos_com_queima": 1, "area_ha": 1.6686521348005074, "inicio": 2011.0, "fim": 2025.0, "tipo": "recurrence", "id_feicao": "recurrence_2011_2025_480" }, "geometry": { "type": "Polygon", "coordinates": [ [ [ -45.01664501238271, -21.190089742510153 ], [ -45.01664501238271, -21.188742269583983 ], [ -45.015567034041766, -21.18874226958398 ], [ -45.015567034041766, -21.190089742510157 ], [ -45.01664501238271, -21.190089742510153 ] ] ] } },
{ "type": "Feature", "properties": { "anos_com_queima": 1, "area_ha": 3.5043791620989331, "inicio": 2011.0, "fim": 2025.0, "tipo": "recurrence", "id_feicao": "recurrence_2011_2025_481" }, "geometry": { "type": "Polygon", "coordinates": [ [ [ -45.018800969064593, -21.17957945368596 ], [ -45.017453496138415, -21.179579453685964 ], [ -45.017453496138415, -21.180657432026898 ], [ -45.017722990723655, -21.180657432026905 ], [ -45.017722990723655, -21.180926926612138 ], [ -45.017992485308888, -21.180926926612131 ], [ -45.017992485308888, -21.18119642119737 ], [ -45.019609452820305, -21.181196421197374 ], [ -45.019609452820305, -21.179848948271196 ], [ -45.018800969064593, -21.1798489482712 ], [ -45.018800969064593, -21.17957945368596 ] ] ] } },
{ "type": "Feature", "properties": { "anos_com_queima": 1, "area_ha": 9.1782972895681532, "inicio": 2011.0, "fim": 2025.0, "tipo": "recurrence", "id_feicao": "recurrence_2011_2025_482" }, "geometry": { "type": "Polygon", "coordinates": [ [ [ -45.013141582774644, -21.176884507833599 ], [ -45.013141582774644, -21.175806529492661 ], [ -45.012063604433699, -21.175806529492657 ], [ -45.012063604433699, -21.177692991589307 ], [ -45.011255120677994, -21.177692991589307 ], [ -45.011255120677994, -21.179040464515488 ], [ -45.011524615263227, -21.179040464515488 ], [ -45.011524615263227, -21.17957945368596 ], [ -45.012872088189404, -21.179579453685953 ], [ -45.012872088189404, -21.178231980759776 ], [ -45.015297539456526, -21.178231980759779 ], [ -45.015297539456526, -21.176884507833599 ], [ -45.013141582774644, -21.176884507833599 ] ] ] } },
{ "type": "Feature", "properties": { "anos_com_queima": 1, "area_ha": 6.6756536489522755, "inicio": 2011.0, "fim": 2025.0, "tipo": "recurrence", "id_feicao": "recurrence_2011_2025_483" }, "geometry": { "type": "Polygon", "coordinates": [ [ [ -45.015297539456526, -21.166104724424169 ], [ -45.015297539456526, -21.164757251497992 ], [ -45.014758550286061, -21.164757251497992 ], [ -45.014758550286061, -21.164487756912745 ], [ -45.014489055700821, -21.164487756912738 ], [ -45.014489055700821, -21.164218262327513 ], [ -45.013411077359876, -21.16421826232752 ], [ -45.013411077359876, -21.164487756912745 ], [ -45.013141582774644, -21.164487756912749 ], [ -45.013141582774644, -21.165835229838923 ], [ -45.013411077359876, -21.16583522983893 ], [ -45.013411077359876, -21.166913208179867 ], [ -45.013680571945116, -21.166913208179871 ], [ -45.013680571945116, -21.167182702765107 ], [ -45.015567034041766, -21.16718270276511 ], [ -45.015567034041766, -21.166104724424162 ], [ -45.015297539456526, -21.166104724424169 ] ] ] } },
{ "type": "Feature", "properties": { "anos_com_queima": 1, "area_ha": 22.447129184030743, "inicio": 2011.0, "fim": 2025.0, "tipo": "recurrence", "id_feicao": "recurrence_2011_2025_484" }, "geometry": { "type": "Polygon", "coordinates": [ [ [ -45.01826197989412, -21.167182702765107 ], [ -45.017992485308888, -21.167182702765103 ], [ -45.017992485308888, -21.168260681106055 ], [ -45.019070463649832, -21.168260681106052 ], [ -45.019070463649832, -21.167452197350343 ], [ -45.019878947405537, -21.167452197350354 ], [ -45.019878947405537, -21.167182702765114 ], [ -45.020956925746482, -21.167182702765107 ], [ -45.020956925746482, -21.165026746083221 ], [ -45.021765409502187, -21.165026746083228 ], [ -45.021765409502187, -21.16394876774228 ], [ -45.019339958235065, -21.163948767742284 ], [ -45.019339958235065, -21.161792811060394 ], [ -45.019070463649832, -21.161792811060391 ], [ -45.019070463649832, -21.161253821889925 ], [ -45.018800969064593, -21.161253821889925 ], [ -45.018800969064593, -21.160984327304678 ], [ -45.01853147447936, -21.160984327304686 ], [ -45.01853147447936, -21.16044533813421 ], [ -45.01826197989412, -21.160445338134213 ], [ -45.01826197989412, -21.160175843548977 ], [ -45.017992485308888, -21.160175843548974 ], [ -45.017992485308888, -21.159906348963741 ], [ -45.016106023212238, -21.15990634896373 ], [ -45.016106023212238, -21.161792811060398 ], [ -45.016914506967943, -21.161792811060398 ], [ -45.016914506967943, -21.162062305645627 ], [ -45.017184001553183, -21.16206230564563 ], [ -45.017184001553183, -21.162601294816103 ], [ -45.017992485308888, -21.162601294816092 ], [ -45.017992485308888, -21.164757251497981 ], [ -45.01826197989412, -21.164757251497988 ], [ -45.01826197989412, -21.167182702765107 ] ] ] } },
{ "type": "Feature", "properties": { "anos_com_queima": 1, "area_ha": 1.3352151322485524, "inicio": 2011.0, "fim": 2025.0, "tipo": "recurrence", "id_feicao": "recurrence_2011_2025_485" }, "geometry": { "type": "Polygon", "coordinates": [ [ [ -45.019878947405537, -21.156672413940896 ], [ -45.019878947405537, -21.155594435599966 ], [ -45.018800969064593, -21.155594435599973 ], [ -45.018800969064593, -21.156672413940903 ], [ -45.019878947405537, -21.156672413940896 ] ] ] } },
{ "type": "Feature", "properties": { "anos_com_queima": 1, "area_ha": 1.3353408155556368, "inicio": 2011.0, "fim": 2025.0, "tipo": "recurrence", "id_feicao": "recurrence_2011_2025_486" }, "geometry": { "type": "Polygon", "coordinates": [ [ [ -45.012063604433699, -21.142389200923407 ], [ -45.012063604433699, -21.14131122258247 ], [ -45.010985626092754, -21.141311222582459 ], [ -45.010985626092754, -21.142389200923407 ], [ -45.012063604433699, -21.142389200923407 ] ] ] } },
{ "type": "Feature", "properties": { "anos_com_queima": 1, "area_ha": 0.34154124824866583, "inicio": 2011.0, "fim": 2025.0, "tipo": "recurrence", "id_feicao": "recurrence_2011_2025_487" }, "geometry": { "type": "Polygon", "coordinates": [ [ [ -45.005553081726376, -21.334808339062985 ], [ -45.005733, -21.334708 ], [ -45.006016, -21.334673 ], [ -45.006249, -21.334661 ], [ -45.006507, -21.334626 ], [ -45.0067642856473, -21.334538841392224 ], [ -45.004658593460896, -21.334538841153684 ], [ -45.004849, -21.334606 ], [ -45.005082, -21.334698 ], [ -45.005291, -21.334801 ], [ -45.005365663545106, -21.334808338760698 ], [ -45.005553081726376, -21.334808339062985 ] ] ] } },
{ "type": "Feature", "properties": { "anos_com_queima": 1, "area_ha": 0.82396054309867317, "inicio": 2011.0, "fim": 2025.0, "tipo": "recurrence", "id_feicao": "recurrence_2011_2025_488" }, "geometry": { "type": "Polygon", "coordinates": [ [ [ -45.002361799365211, -21.332652378099919 ], [ -45.001553315609506, -21.332652378099919 ], [ -45.001553315609506, -21.332921872685166 ], [ -45.00124111629772, -21.332921872895756 ], [ -45.00132, -21.332967 ], [ -45.001517, -21.333103999999896 ], [ -45.001688999999899, -21.333265 ], [ -45.001861, -21.333449 ], [ -45.002034, -21.333621 ], [ -45.002255, -21.333702 ], [ -45.002361799365119, -21.333758711369974 ], [ -45.002361799365211, -21.332652378099919 ] ] ] } },
{ "type": "Feature", "properties": { "anos_com_queima": 1, "area_ha": 9.1848731100762677, "inicio": 2011.0, "fim": 2025.0, "tipo": "recurrence", "id_feicao": "recurrence_2011_2025_489" }, "geometry": { "type": "Polygon", "coordinates": [ [ [ -45.00802118565516, -21.333191367270402 ], [ -45.008021185654755, -21.334217166036403 ], [ -45.00819, -21.334278 ], [ -45.008325, -21.334485 ], [ -45.00851, -21.334703999999892 ], [ -45.008707, -21.334841 ], [ -45.008904, -21.335002 ], [ -45.009057867400855, -21.335077829428187 ], [ -45.009099163996105, -21.335077829367048 ], [ -45.009099163996098, -21.335098181311931 ], [ -45.009113, -21.335104999999896 ], [ -45.00958, -21.335197 ], [ -45.009825, -21.335196 ], [ -45.010096, -21.335265 ], [ -45.0101955, -21.335333299999903 ], [ -45.010329, -21.335425 ], [ -45.010446636922083, -21.335568210232879 ], [ -45.010446636922282, -21.332921872685166 ], [ -45.00990764775181, -21.332921872685159 ], [ -45.00990764775181, -21.332652378099922 ], [ -45.009638153166577, -21.332652378099926 ], [ -45.009638153166577, -21.332113388929454 ], [ -45.00802118565516, -21.332113388929457 ], [ -45.00802118565516, -21.330496421418044 ], [ -45.007751691069927, -21.330496421418033 ], [ -45.007751691069927, -21.331574399758978 ], [ -45.006673712728983, -21.331574399758981 ], [ -45.006673712728983, -21.331843894344221 ], [ -45.006943207314215, -21.331843894344214 ], [ -45.006943207314215, -21.332113388929447 ], [ -45.007212701899455, -21.33211338892945 ], [ -45.007212701899455, -21.332382883514683 ], [ -45.007482196484688, -21.332382883514693 ], [ -45.007482196484688, -21.333191367270398 ], [ -45.00802118565516, -21.333191367270402 ] ] ] } },
{ "type": "Feature", "properties": { "anos_com_queima": 1, "area_ha": 0.0019692522449768148, "inicio": 2011.0, "fim": 2025.0, "tipo": "recurrence", "id_feicao": "recurrence_2011_2025_490" }, "geometry": { "type": "Polygon", "coordinates": [ [ [ -44.999397358927617, -21.331843894344214 ], [ -44.999317098262757, -21.331843894389387 ], [ -44.999362, -21.33187 ], [ -44.999397358927617, -21.33188169012201 ], [ -44.999397358927617, -21.331843894344214 ] ] ] } },
{ "type": "Feature", "properties": { "anos_com_queima": 1, "area_ha": 0.25006234875757516, "inicio": 2011.0, "fim": 2025.0, "tipo": "recurrence", "id_feicao": "recurrence_2011_2025_491" }, "geometry": { "type": "Polygon", "coordinates": [ [ [ -45.006404218143743, -21.331304905173745 ], [ -45.006404218143743, -21.331035410588512 ], [ -45.00613472355851, -21.331035410588509 ], [ -45.00613472355851, -21.331574399758974 ], [ -45.006673712728983, -21.331574399758981 ], [ -45.006673712728983, -21.331304905173742 ], [ -45.006404218143743, -21.331304905173745 ] ] ] } },
{ "type": "Feature", "properties": { "anos_com_queima": 1, "area_ha": 1.0836096734821192, "inicio": 2011.0, "fim": 2025.0, "tipo": "recurrence", "id_feicao": "recurrence_2011_2025_492" }, "geometry": { "type": "Polygon", "coordinates": [ [ [ -45.000744831853794, -21.329687937662335 ], [ -45.000744831853794, -21.330496421418037 ], [ -45.001014326439034, -21.330496421418037 ], [ -45.001014326439034, -21.330765916003269 ], [ -45.001283821024266, -21.330765916003276 ], [ -45.001283821024266, -21.331574399758967 ], [ -45.001553315609506, -21.331574399758981 ], [ -45.001553315609506, -21.329957432247564 ], [ -45.001283821024266, -21.329957432247561 ], [ -45.001283821024266, -21.329687937662328 ], [ -45.000744831853794, -21.329687937662335 ] ] ] } },
{ "type": "Feature", "properties": { "anos_com_queima": 1, "area_ha": 0.08335464140381664, "inicio": 2011.0, "fim": 2025.0, "tipo": "recurrence", "id_feicao": "recurrence_2011_2025_493" }, "geometry": { "type": "Polygon", "coordinates": [ [ [ -44.999397358927617, -21.33049642141804 ], [ -44.999666853512849, -21.330496421418044 ], [ -44.999666853512849, -21.3302269268328 ], [ -44.999397358927617, -21.330226926832804 ], [ -44.999397358927617, -21.33049642141804 ] ] ] } },
{ "type": "Feature", "properties": { "anos_com_queima": 1, "area_ha": 0.58348271106647154, "inicio": 2011.0, "fim": 2025.0, "tipo": "recurrence", "id_feicao": "recurrence_2011_2025_494" }, "geometry": { "type": "Polygon", "coordinates": [ [ [ -45.005595734388038, -21.330765916003276 ], [ -45.005595734388038, -21.329418443077092 ], [ -45.005326239802812, -21.329418443077092 ], [ -45.005326239802812, -21.331035410588512 ], [ -45.005865228973271, -21.331035410588516 ], [ -45.005865228973271, -21.330765916003273 ], [ -45.005595734388038, -21.330765916003276 ] ] ] } },
{ "type": "Feature", "properties": { "anos_com_queima": 1, "area_ha": 0.75019581090811482, "inicio": 2011.0, "fim": 2025.0, "tipo": "recurrence", "id_feicao": "recurrence_2011_2025_495" }, "geometry": { "type": "Polygon", "coordinates": [ [ [ -44.999397358927617, -21.329687937662325 ], [ -44.999397358927617, -21.329418443077088 ], [ -44.996971907660487, -21.329418443077088 ], [ -44.996971907660487, -21.329687937662328 ], [ -44.999397358927617, -21.329687937662325 ] ] ] } },
{ "type": "Feature", "properties": { "anos_com_queima": 1, "area_ha": 0.25006751534529031, "inicio": 2011.0, "fim": 2025.0, "tipo": "recurrence", "id_feicao": "recurrence_2011_2025_496" }, "geometry": { "type": "Polygon", "coordinates": [ [ [ -45.005595734388038, -21.328340464736154 ], [ -45.006404218143743, -21.328340464736154 ], [ -45.006404218143743, -21.328070970150918 ], [ -45.005595734388038, -21.328070970150922 ], [ -45.005595734388038, -21.328340464736154 ] ] ] } },
{ "type": "Feature", "properties": { "anos_com_queima": 1, "area_ha": 5.2702401181577745, "inicio": 2011.0, "fim": 2025.0, "tipo": "recurrence", "id_feicao": "recurrence_2011_2025_497" }, "geometry": { "type": "Polygon", "coordinates": [ [ [ -44.996702413075255, -21.328340464736154 ], [ -44.996702413075255, -21.329418443077092 ], [ -44.996971907660487, -21.329418443077088 ], [ -44.996971907660487, -21.327262486395213 ], [ -44.995085445563838, -21.32726248639521 ], [ -44.995085445563838, -21.326992991809973 ], [ -44.994815950978605, -21.326992991809973 ], [ -44.994815950978605, -21.326454002639505 ], [ -44.995085445563838, -21.326454002639505 ], [ -44.995085445563838, -21.325915013469029 ], [ -44.994815950978605, -21.325915013469029 ], [ -44.994815950978605, -21.326184508054265 ], [ -44.993737972637661, -21.326184508054261 ], [ -44.993737972637774, -21.327434762609137 ], [ -44.993895, -21.327525 ], [ -44.993900931850781, -21.327531981032077 ], [ -44.994007467222893, -21.327531980980449 ], [ -44.994007467222914, -21.327657359433008 ], [ -44.994042, -21.327697999999899 ], [ -44.994190877998456, -21.327801475612635 ], [ -44.994276961808133, -21.327801475565682 ], [ -44.994276961808147, -21.327861306858033 ], [ -44.994323999999899, -21.327894 ], [ -44.994569, -21.328032 ], [ -44.994802, -21.328192999999899 ], [ -44.994991340313462, -21.328340466999961 ], [ -44.996702413075255, -21.328340464736154 ] ] ] } },
{ "type": "Feature", "properties": { "anos_com_queima": 1, "area_ha": 0.41678090469419476, "inicio": 2011.0, "fim": 2025.0, "tipo": "recurrence", "id_feicao": "recurrence_2011_2025_498" }, "geometry": { "type": "Polygon", "coordinates": [ [ [ -45.006943207314215, -21.328070970150915 ], [ -45.006943207314215, -21.326992991809973 ], [ -45.006673712728983, -21.326992991809977 ], [ -45.006673712728983, -21.327801475565682 ], [ -45.006404218143743, -21.327801475565678 ], [ -45.006404218143743, -21.328070970150918 ], [ -45.006943207314215, -21.328070970150915 ] ] ] } },
{ "type": "Feature", "properties": { "anos_com_queima": 1, "area_ha": 0.1667133222317323, "inicio": 2011.0, "fim": 2025.0, "tipo": "recurrence", "id_feicao": "recurrence_2011_2025_499" }, "geometry": { "type": "Polygon", "coordinates": [ [ [ -45.006943207314215, -21.326992991809973 ], [ -45.007212701899455, -21.326992991809977 ], [ -45.007212701899455, -21.326454002639505 ], [ -45.006943207314215, -21.326454002639501 ], [ -45.006943207314215, -21.326992991809973 ] ] ] } },
{ "type": "Feature", "properties": { "anos_com_queima": 1, "area_ha": 1.8338490523220972, "inicio": 2011.0, "fim": 2025.0, "tipo": "recurrence", "id_feicao": "recurrence_2011_2025_500" }, "geometry": { "type": "Polygon", "coordinates": [ [ [ -45.003439777706149, -21.32537602429856 ], [ -45.002631293950451, -21.325376024298556 ], [ -45.002631293950451, -21.326992991809973 ], [ -45.001283821024266, -21.326992991809973 ], [ -45.001283821024266, -21.327801475565678 ], [ -45.001553315609506, -21.327801475565678 ], [ -45.001553315609506, -21.327262486395213 ], [ -45.003170283120923, -21.327262486395206 ], [ -45.003170283120923, -21.325645518883793 ], [ -45.003439777706149, -21.325645518883793 ], [ -45.003439777706149, -21.32537602429856 ] ] ] } },
{ "type": "Feature", "properties": { "anos_com_queima": 1, "area_ha": 1.8338522412294522, "inicio": 2011.0, "fim": 2025.0, "tipo": "recurrence", "id_feicao": "recurrence_2011_2025_501" }, "geometry": { "type": "Polygon", "coordinates": [ [ [ -45.00802118565516, -21.326184508054261 ], [ -45.007212701899455, -21.326184508054265 ], [ -45.007212701899455, -21.326454002639505 ], [ -45.009368658581337, -21.326454002639505 ], [ -45.009368658581337, -21.326723497224734 ], [ -45.010177142337049, -21.326723497224744 ], [ -45.010177142337049, -21.325915013469022 ], [ -45.00802118565516, -21.325915013469029 ], [ -45.00802118565516, -21.326184508054261 ] ] ] } },
{ "type": "Feature", "properties": { "anos_com_queima": 1, "area_ha": 1.0002835113167796, "inicio": 2011.0, "fim": 2025.0, "tipo": "recurrence", "id_feicao": "recurrence_2011_2025_502" }, "geometry": { "type": "Polygon", "coordinates": [ [ [ -44.99751089683096, -21.326454002639501 ], [ -44.99751089683096, -21.325915013469025 ], [ -44.99589392931955, -21.325915013469032 ], [ -44.99589392931955, -21.326454002639501 ], [ -44.99751089683096, -21.326454002639501 ] ] ] } },
{ "type": "Feature", "properties": { "anos_com_queima": 1, "area_ha": 1.6671451857055233, "inicio": 2011.0, "fim": 2025.0, "tipo": "recurrence", "id_feicao": "recurrence_2011_2025_503" }, "geometry": { "type": "Polygon", "coordinates": [ [ [ -44.993198983467188, -21.326184508054268 ], [ -44.993198983467188, -21.32510652971332 ], [ -44.991851510541011, -21.32510652971332 ], [ -44.991851510541011, -21.326184508054265 ], [ -44.993198983467188, -21.326184508054268 ] ] ] } },
{ "type": "Feature", "properties": { "anos_com_queima": 1, "area_ha": 0.25007199867181479, "inicio": 2011.0, "fim": 2025.0, "tipo": "recurrence", "id_feicao": "recurrence_2011_2025_504" }, "geometry": { "type": "Polygon", "coordinates": [ [ [ -44.9977803914162, -21.325915013469025 ], [ -44.998049886001432, -21.325915013469029 ], [ -44.998049886001432, -21.32510652971332 ], [ -44.9977803914162, -21.32510652971332 ], [ -44.9977803914162, -21.325915013469025 ] ] ] } },
{ "type": "Feature", "properties": { "anos_com_queima": 1, "area_ha": 5.5849349607932446, "inicio": 2011.0, "fim": 2025.0, "tipo": "recurrence", "id_feicao": "recurrence_2011_2025_505" }, "geometry": { "type": "Polygon", "coordinates": [ [ [ -44.999666853512849, -21.324028551372376 ], [ -44.999666853512849, -21.324837035128095 ], [ -44.999397358927617, -21.324837035128088 ], [ -44.999397358927617, -21.325645518883782 ], [ -44.999127864342377, -21.325645518883793 ], [ -44.999127864342377, -21.326992991809977 ], [ -45.001283821024266, -21.326992991809973 ], [ -45.001283821024266, -21.324837035128098 ], [ -45.000205842683322, -21.324837035128084 ], [ -45.000205842683322, -21.324028551372379 ], [ -44.999666853512849, -21.324028551372376 ] ] ] } },
{ "type": "Feature", "properties": { "anos_com_queima": 1, "area_ha": 1.3337185335416648, "inicio": 2011.0, "fim": 2025.0, "tipo": "recurrence", "id_feicao": "recurrence_2011_2025_506" }, "geometry": { "type": "Polygon", "coordinates": [ [ [ -44.994546456393365, -21.325915013469029 ], [ -44.994546456393365, -21.324837035128084 ], [ -44.993468478052428, -21.324837035128095 ], [ -44.993468478052428, -21.325915013469032 ], [ -44.994546456393365, -21.325915013469029 ] ] ] } },
{ "type": "Feature", "properties": { "anos_com_queima": 1, "area_ha": 0.16671496540233494, "inicio": 2011.0, "fim": 2025.0, "tipo": "recurrence", "id_feicao": "recurrence_2011_2025_507" }, "geometry": { "type": "Polygon", "coordinates": [ [ [ -45.003978766876621, -21.325376024298556 ], [ -45.004517756047093, -21.325376024298549 ], [ -45.004517756047093, -21.32510652971332 ], [ -45.003978766876621, -21.32510652971332 ], [ -45.003978766876621, -21.325376024298556 ] ] ] } },
{ "type": "Feature", "properties": { "anos_com_queima": 1, "area_ha": 0.16671720713774404, "inicio": 2011.0, "fim": 2025.0, "tipo": "recurrence", "id_feicao": "recurrence_2011_2025_508" }, "geometry": { "type": "Polygon", "coordinates": [ [ [ -44.998858369757144, -21.323489562201903 ], [ -44.998858369757144, -21.322950573031427 ], [ -44.998588875171905, -21.322950573031434 ], [ -44.998588875171905, -21.323489562201907 ], [ -44.998858369757144, -21.323489562201903 ] ] ] } },
{ "type": "Feature", "properties": { "anos_com_queima": 1, "area_ha": 1.6671735786569684, "inicio": 2011.0, "fim": 2025.0, "tipo": "recurrence", "id_feicao": "recurrence_2011_2025_509" }, "geometry": { "type": "Polygon", "coordinates": [ [ [ -44.995085445563838, -21.323759056787143 ], [ -44.995085445563838, -21.322411583860969 ], [ -44.994007467222893, -21.322411583860962 ], [ -44.994007467222893, -21.323759056787139 ], [ -44.995085445563838, -21.323759056787143 ] ] ] } },
{ "type": "Feature", "properties": { "anos_com_queima": 1, "area_ha": 1.3337424446348101, "inicio": 2011.0, "fim": 2025.0, "tipo": "recurrence", "id_feicao": "recurrence_2011_2025_510" }, "geometry": { "type": "Polygon", "coordinates": [ [ [ -44.99589392931955, -21.323220067616667 ], [ -44.996971907660487, -21.323220067616667 ], [ -44.996971907660487, -21.322142089275722 ], [ -44.99589392931955, -21.322142089275726 ], [ -44.99589392931955, -21.323220067616667 ] ] ] } },
{ "type": "Feature", "properties": { "anos_com_queima": 1, "area_ha": 1.6671780542799923, "inicio": 2011.0, "fim": 2025.0, "tipo": "recurrence", "id_feicao": "recurrence_2011_2025_511" }, "geometry": { "type": "Polygon", "coordinates": [ [ [ -45.003709272291395, -21.323220067616667 ], [ -45.003709272291395, -21.322142089275729 ], [ -45.002361799365211, -21.322142089275722 ], [ -45.002361799365211, -21.323220067616667 ], [ -45.003709272291395, -21.323220067616667 ] ] ] } },
{ "type": "Feature", "properties": { "anos_com_queima": 1, "area_ha": 0.50015341510084799, "inicio": 2011.0, "fim": 2025.0, "tipo": "recurrence", "id_feicao": "recurrence_2011_2025_512" }, "geometry": { "type": "Polygon", "coordinates": [ [ [ -45.001014326439034, -21.322950573031431 ], [ -45.001014326439034, -21.322411583860969 ], [ -45.000205842683322, -21.322411583860966 ], [ -45.000205842683322, -21.322950573031431 ], [ -45.001014326439034, -21.322950573031431 ] ] ] } },
{ "type": "Feature", "properties": { "anos_com_queima": 1, "area_ha": 2.0006244431547819, "inicio": 2011.0, "fim": 2025.0, "tipo": "recurrence", "id_feicao": "recurrence_2011_2025_513" }, "geometry": { "type": "Polygon", "coordinates": [ [ [ -45.005326239802812, -21.322411583860962 ], [ -45.006943207314215, -21.322411583860966 ], [ -45.006943207314215, -21.321333605520014 ], [ -45.005326239802812, -21.321333605520021 ], [ -45.005326239802812, -21.322411583860962 ] ] ] } },
{ "type": "Feature", "properties": { "anos_com_queima": 1, "area_ha": 7.3356873520120427, "inicio": 2011.0, "fim": 2025.0, "tipo": "recurrence", "id_feicao": "recurrence_2011_2025_514" }, "geometry": { "type": "Polygon", "coordinates": [ [ [ -45.001553315609506, -21.321603100105257 ], [ -45.001553315609506, -21.321333605520014 ], [ -45.001822810194739, -21.321333605520014 ], [ -45.001822810194739, -21.321064110934785 ], [ -45.003439777706149, -21.321064110934778 ], [ -45.003439777706149, -21.319986132593844 ], [ -45.002900788535676, -21.31998613259384 ], [ -45.002900788535676, -21.319716638008604 ], [ -45.001822810194739, -21.319716638008597 ], [ -45.001822810194739, -21.319447143423364 ], [ -45.000744831853794, -21.319447143423361 ], [ -45.000744831853794, -21.319716638008607 ], [ -44.999666853512849, -21.3197166380086 ], [ -44.999666853512849, -21.322681078446205 ], [ -44.999936348098089, -21.322681078446195 ], [ -44.999936348098089, -21.321333605520014 ], [ -45.001014326439034, -21.321333605520017 ], [ -45.001014326439034, -21.32187259469049 ], [ -45.001283821024266, -21.321872594690486 ], [ -45.001283821024266, -21.321603100105261 ], [ -45.001553315609506, -21.321603100105257 ] ] ] } },
{ "type": "Feature", "properties": { "anos_com_queima": 1, "area_ha": 0.083360024983289691, "inicio": 2011.0, "fim": 2025.0, "tipo": "recurrence", "id_feicao": "recurrence_2011_2025_515" }, "geometry": { "type": "Polygon", "coordinates": [ [ [ -45.00802118565516, -21.320794616349549 ], [ -45.00802118565516, -21.320525121764309 ], [ -45.007751691069927, -21.320525121764316 ], [ -45.007751691069927, -21.320794616349541 ], [ -45.00802118565516, -21.320794616349549 ] ] ] } },
{ "type": "Feature", "properties": { "anos_com_queima": 1, "area_ha": 2.8342549801176413, "inicio": 2011.0, "fim": 2025.0, "tipo": "recurrence", "id_feicao": "recurrence_2011_2025_516" }, "geometry": { "type": "Polygon", "coordinates": [ [ [ -45.00613472355851, -21.320525121764312 ], [ -45.007751691069927, -21.320525121764316 ], [ -45.007751691069927, -21.319177648838135 ], [ -45.005865228973271, -21.319177648838128 ], [ -45.005865228973271, -21.320255627179073 ], [ -45.00613472355851, -21.320255627179076 ], [ -45.00613472355851, -21.320525121764312 ] ] ] } },
{ "type": "Feature", "properties": { "anos_com_queima": 1, "area_ha": 0.41680480669799508, "inicio": 2011.0, "fim": 2025.0, "tipo": "recurrence", "id_feicao": "recurrence_2011_2025_517" }, "geometry": { "type": "Polygon", "coordinates": [ [ [ -45.008829669410872, -21.318908154252892 ], [ -45.008829669410872, -21.318638659667663 ], [ -45.007751691069927, -21.318638659667666 ], [ -45.007751691069927, -21.319177648838135 ], [ -45.00802118565516, -21.319177648838135 ], [ -45.00802118565516, -21.318908154252899 ], [ -45.008829669410872, -21.318908154252892 ] ] ] } },
{ "type": "Feature", "properties": { "anos_com_queima": 1, "area_ha": 2.0008145021854156, "inicio": 2011.0, "fim": 2025.0, "tipo": "recurrence", "id_feicao": "recurrence_2011_2025_518" }, "geometry": { "type": "Polygon", "coordinates": [ [ [ -44.999936348098089, -21.308128370843463 ], [ -44.999936348098089, -21.307050392502525 ], [ -44.998319380586672, -21.307050392502518 ], [ -44.998319380586672, -21.308128370843452 ], [ -44.999936348098089, -21.308128370843463 ] ] ] } },
{ "type": "Feature", "properties": { "anos_com_queima": 1, "area_ha": 1.6674380205612629, "inicio": 2011.0, "fim": 2025.0, "tipo": "recurrence", "id_feicao": "recurrence_2011_2025_519" }, "geometry": { "type": "Polygon", "coordinates": [ [ [ -44.99751089683096, -21.299774038701152 ], [ -44.998858369757144, -21.299774038701148 ], [ -44.998858369757144, -21.298696060360196 ], [ -44.99751089683096, -21.298696060360207 ], [ -44.99751089683096, -21.299774038701152 ] ] ] } },
{ "type": "Feature", "properties": { "anos_com_queima": 1, "area_ha": 4.502283534100564, "inicio": 2011.0, "fim": 2025.0, "tipo": "recurrence", "id_feicao": "recurrence_2011_2025_520" }, "geometry": { "type": "Polygon", "coordinates": [ [ [ -45.000205842683322, -21.293575663240738 ], [ -45.000205842683322, -21.292228190314539 ], [ -44.999666853512849, -21.292228190314543 ], [ -44.999666853512849, -21.291419706558848 ], [ -44.9977803914162, -21.291419706558838 ], [ -44.9977803914162, -21.292497684899779 ], [ -44.998049886001432, -21.292497684899775 ], [ -44.998049886001432, -21.292767179485018 ], [ -44.998319380586672, -21.292767179485018 ], [ -44.998319380586672, -21.293036674070247 ], [ -44.998858369757144, -21.293036674070255 ], [ -44.998858369757144, -21.29330616865548 ], [ -44.999127864342377, -21.293306168655487 ], [ -44.999127864342377, -21.29357566324073 ], [ -45.000205842683322, -21.293575663240738 ] ] ] } },
{ "type": "Feature", "properties": { "anos_com_queima": 1, "area_ha": 1.3340602917139521, "inicio": 2011.0, "fim": 2025.0, "tipo": "recurrence", "id_feicao": "recurrence_2011_2025_521" }, "geometry": { "type": "Polygon", "coordinates": [ [ [ -44.998319380586672, -21.287377287780302 ], [ -44.998319380586672, -21.28629930943935 ], [ -44.997241402245727, -21.286299309439357 ], [ -44.997241402245727, -21.287377287780291 ], [ -44.998319380586672, -21.287377287780302 ] ] ] } },
{ "type": "Feature", "properties": { "anos_com_queima": 1, "area_ha": 0.75074176230505107, "inicio": 2011.0, "fim": 2025.0, "tipo": "recurrence", "id_feicao": "recurrence_2011_2025_522" }, "geometry": { "type": "Polygon", "coordinates": [ [ [ -45.003709272291395, -21.220542630641809 ], [ -45.005326239802812, -21.220542630641813 ], [ -45.005326239802812, -21.22000364147133 ], [ -45.004517756047093, -21.220003641471337 ], [ -45.004517756047093, -21.220273136056573 ], [ -45.003709272291395, -21.220273136056573 ], [ -45.003709272291395, -21.220542630641809 ] ] ] } },
{ "type": "Feature", "properties": { "anos_com_queima": 1, "area_ha": 0.083415799791645262, "inicio": 2011.0, "fim": 2025.0, "tipo": "recurrence", "id_feicao": "recurrence_2011_2025_523" }, "geometry": { "type": "Polygon", "coordinates": [ [ [ -45.005326239802812, -21.22000364147133 ], [ -45.005595734388038, -21.220003641471326 ], [ -45.005595734388038, -21.219734146886097 ], [ -45.005326239802812, -21.219734146886097 ], [ -45.005326239802812, -21.22000364147133 ] ] ] } },
{ "type": "Feature", "properties": { "anos_com_queima": 1, "area_ha": 0.083415799269732083, "inicio": 2011.0, "fim": 2025.0, "tipo": "recurrence", "id_feicao": "recurrence_2011_2025_524" }, "geometry": { "type": "Polygon", "coordinates": [ [ [ -45.002361799365211, -21.22000364147133 ], [ -45.002631293950451, -21.22000364147133 ], [ -45.002631293950451, -21.219734146886104 ], [ -45.002361799365211, -21.219734146886097 ], [ -45.002361799365211, -21.22000364147133 ] ] ] } },
{ "type": "Feature", "properties": { "anos_com_queima": 1, "area_ha": 0.2502487418571207, "inicio": 2011.0, "fim": 2025.0, "tipo": "recurrence", "id_feicao": "recurrence_2011_2025_525" }, "geometry": { "type": "Polygon", "coordinates": [ [ [ -45.009368658581337, -21.219195157715625 ], [ -45.009368658581337, -21.218925663130392 ], [ -45.008560174825632, -21.218925663130399 ], [ -45.008560174825632, -21.219195157715635 ], [ -45.009368658581337, -21.219195157715625 ] ] ] } },
{ "type": "Feature", "properties": { "anos_com_queima": 1, "area_ha": 0.33366527989923939, "inicio": 2011.0, "fim": 2025.0, "tipo": "recurrence", "id_feicao": "recurrence_2011_2025_526" }, "geometry": { "type": "Polygon", "coordinates": [ [ [ -45.002092304779978, -21.219464652300868 ], [ -45.002092304779978, -21.218386673959913 ], [ -45.001822810194739, -21.218386673959916 ], [ -45.001822810194739, -21.219464652300871 ], [ -45.002092304779978, -21.219464652300868 ] ] ] } },
{ "type": "Feature", "properties": { "anos_com_queima": 1, "area_ha": 1.7517505489904432, "inicio": 2011.0, "fim": 2025.0, "tipo": "recurrence", "id_feicao": "recurrence_2011_2025_527" }, "geometry": { "type": "Polygon", "coordinates": [ [ [ -45.005595734388038, -21.218656168545163 ], [ -45.007482196484688, -21.218656168545159 ], [ -45.007482196484688, -21.217847684789447 ], [ -45.005595734388038, -21.217847684789458 ], [ -45.005595734388038, -21.218656168545163 ] ] ] } },
{ "type": "Feature", "properties": { "anos_com_queima": 1, "area_ha": 0.25025052207369319, "inicio": 2011.0, "fim": 2025.0, "tipo": "recurrence", "id_feicao": "recurrence_2011_2025_528" }, "geometry": { "type": "Polygon", "coordinates": [ [ [ -45.001822810194739, -21.218386673959916 ], [ -45.001822810194739, -21.217578190204218 ], [ -45.001553315609506, -21.217578190204218 ], [ -45.001553315609506, -21.218386673959923 ], [ -45.001822810194739, -21.218386673959916 ] ] ] } },
{ "type": "Feature", "properties": { "anos_com_queima": 1, "area_ha": 0.58391996855406081, "inicio": 2011.0, "fim": 2025.0, "tipo": "recurrence", "id_feicao": "recurrence_2011_2025_529" }, "geometry": { "type": "Polygon", "coordinates": [ [ [ -45.003709272291395, -21.217578190204208 ], [ -45.003709272291395, -21.217308695618978 ], [ -45.001822810194739, -21.217308695618975 ], [ -45.001822810194739, -21.217578190204218 ], [ -45.003709272291395, -21.217578190204208 ] ] ] } },
{ "type": "Feature", "properties": { "anos_com_queima": 1, "area_ha": 1.3346850536664947, "inicio": 2011.0, "fim": 2025.0, "tipo": "recurrence", "id_feicao": "recurrence_2011_2025_530" }, "geometry": { "type": "Polygon", "coordinates": [ [ [ -45.008560174825632, -21.216230717278034 ], [ -45.00802118565516, -21.216230717278041 ], [ -45.00802118565516, -21.215961222692798 ], [ -45.006943207314215, -21.215961222692794 ], [ -45.006943207314215, -21.216769706448495 ], [ -45.008560174825632, -21.216769706448499 ], [ -45.008560174825632, -21.216230717278034 ] ] ] } },
{ "type": "Feature", "properties": { "anos_com_queima": 1, "area_ha": 0.33367123577058183, "inicio": 2011.0, "fim": 2025.0, "tipo": "recurrence", "id_feicao": "recurrence_2011_2025_531" }, "geometry": { "type": "Polygon", "coordinates": [ [ [ -44.992659994296716, -21.21650021186327 ], [ -44.992659994296716, -21.215961222692801 ], [ -44.992121005126243, -21.215961222692798 ], [ -44.992121005126243, -21.216500211863274 ], [ -44.992659994296716, -21.21650021186327 ] ] ] } },
{ "type": "Feature", "properties": { "anos_com_queima": 1, "area_ha": 4.0874802156360825, "inicio": 2011.0, "fim": 2025.0, "tipo": "recurrence", "id_feicao": "recurrence_2011_2025_532" }, "geometry": { "type": "Polygon", "coordinates": [ [ [ -45.00613472355851, -21.214883244351853 ], [ -45.00613472355851, -21.214344255181384 ], [ -45.005595734388038, -21.214344255181377 ], [ -45.005595734388038, -21.214883244351856 ], [ -45.004517756047093, -21.214883244351849 ], [ -45.004517756047093, -21.217308695618975 ], [ -45.00478725063234, -21.217308695618975 ], [ -45.00478725063234, -21.217578190204211 ], [ -45.005595734388038, -21.217578190204222 ], [ -45.005595734388038, -21.215422233522332 ], [ -45.006404218143743, -21.215422233522329 ], [ -45.006404218143743, -21.214883244351864 ], [ -45.00613472355851, -21.214883244351853 ] ] ] } },
{ "type": "Feature", "properties": { "anos_com_queima": 1, "area_ha": 0.083418031254969535, "inicio": 2011.0, "fim": 2025.0, "tipo": "recurrence", "id_feicao": "recurrence_2011_2025_533" }, "geometry": { "type": "Polygon", "coordinates": [ [ [ -44.995354940149078, -21.215961222692801 ], [ -44.99562443473431, -21.215961222692798 ], [ -44.99562443473431, -21.215691728107565 ], [ -44.995354940149078, -21.215691728107565 ], [ -44.995354940149078, -21.215961222692801 ] ] ] } },
{ "type": "Feature", "properties": { "anos_com_queima": 1, "area_ha": 0.33367242470074782, "inicio": 2011.0, "fim": 2025.0, "tipo": "recurrence", "id_feicao": "recurrence_2011_2025_534" }, "geometry": { "type": "Polygon", "coordinates": [ [ [ -45.006943207314215, -21.215961222692794 ], [ -45.006943207314215, -21.215422233522329 ], [ -45.006404218143743, -21.215422233522329 ], [ -45.006404218143743, -21.215961222692801 ], [ -45.006943207314215, -21.215961222692794 ] ] ] } },
{ "type": "Feature", "properties": { "anos_com_queima": 1, "area_ha": 0.41709090162528956, "inicio": 2011.0, "fim": 2025.0, "tipo": "recurrence", "id_feicao": "recurrence_2011_2025_535" }, "geometry": { "type": "Polygon", "coordinates": [ [ [ -44.994276961808133, -21.216230717278044 ], [ -44.994276961808133, -21.214883244351856 ], [ -44.994007467222893, -21.214883244351856 ], [ -44.994007467222893, -21.21623071727803 ], [ -44.994276961808133, -21.216230717278044 ] ] ] } },
{ "type": "Feature", "properties": { "anos_com_queima": 1, "area_ha": 0.41709238650090991, "inicio": 2011.0, "fim": 2025.0, "tipo": "recurrence", "id_feicao": "recurrence_2011_2025_536" }, "geometry": { "type": "Polygon", "coordinates": [ [ [ -45.002361799365211, -21.215152738937093 ], [ -45.003709272291395, -21.215152738937096 ], [ -45.003709272291395, -21.21488324435186 ], [ -45.002361799365211, -21.214883244351849 ], [ -45.002361799365211, -21.215152738937093 ] ] ] } },
{ "type": "Feature", "properties": { "anos_com_queima": 1, "area_ha": 0.41709437282030121, "inicio": 2011.0, "fim": 2025.0, "tipo": "recurrence", "id_feicao": "recurrence_2011_2025_537" }, "geometry": { "type": "Polygon", "coordinates": [ [ [ -44.995354940149078, -21.214344255181384 ], [ -44.995354940149078, -21.214074760596144 ], [ -44.994815950978605, -21.214074760596141 ], [ -44.994815950978605, -21.214613749766627 ], [ -44.99562443473431, -21.214613749766624 ], [ -44.99562443473431, -21.214344255181388 ], [ -44.995354940149078, -21.214344255181384 ] ] ] } },
{ "type": "Feature", "properties": { "anos_com_queima": 1, "area_ha": 0.33367569364614125, "inicio": 2011.0, "fim": 2025.0, "tipo": "recurrence", "id_feicao": "recurrence_2011_2025_538" }, "geometry": { "type": "Polygon", "coordinates": [ [ [ -45.001553315609506, -21.214344255181384 ], [ -45.001553315609506, -21.214613749766617 ], [ -45.001822810194739, -21.214613749766624 ], [ -45.001822810194739, -21.214074760596148 ], [ -45.001553315609506, -21.214074760596148 ], [ -45.001553315609506, -21.213805266010915 ], [ -45.001283821024266, -21.213805266010908 ], [ -45.001283821024266, -21.214344255181377 ], [ -45.001553315609506, -21.214344255181384 ] ] ] } },
{ "type": "Feature", "properties": { "anos_com_queima": 1, "area_ha": 0.33367599346190691, "inicio": 2011.0, "fim": 2025.0, "tipo": "recurrence", "id_feicao": "recurrence_2011_2025_539" }, "geometry": { "type": "Polygon", "coordinates": [ [ [ -45.005056745217566, -21.214344255181377 ], [ -45.005595734388038, -21.214344255181377 ], [ -45.005595734388038, -21.213805266010912 ], [ -45.005056745217566, -21.213805266010901 ], [ -45.005056745217566, -21.214344255181377 ] ] ] } },
{ "type": "Feature", "properties": { "anos_com_queima": 1, "area_ha": 1.2512896920100764, "inicio": 2011.0, "fim": 2025.0, "tipo": "recurrence", "id_feicao": "recurrence_2011_2025_540" }, "geometry": { "type": "Polygon", "coordinates": [ [ [ -44.994815950978605, -21.214074760596141 ], [ -44.994815950978605, -21.213805266010908 ], [ -44.994546456393365, -21.213805266010905 ], [ -44.994546456393365, -21.213535771425676 ], [ -44.994276961808133, -21.213535771425672 ], [ -44.994276961808133, -21.213266276840432 ], [ -44.993198983467188, -21.213266276840447 ], [ -44.993198983467188, -21.214074760596144 ], [ -44.994815950978605, -21.214074760596141 ] ] ] } },
{ "type": "Feature", "properties": { "anos_com_queima": 1, "area_ha": 0.083419220892564608, "inicio": 2011.0, "fim": 2025.0, "tipo": "recurrence", "id_feicao": "recurrence_2011_2025_541" }, "geometry": { "type": "Polygon", "coordinates": [ [ [ -45.001283821024266, -21.213805266010908 ], [ -45.001283821024266, -21.213535771425668 ], [ -45.001014326439034, -21.213535771425672 ], [ -45.001014326439034, -21.213805266010908 ], [ -45.001283821024266, -21.213805266010908 ] ] ] } },
{ "type": "Feature", "properties": { "anos_com_queima": 1, "area_ha": 1.1678727402056568, "inicio": 2011.0, "fim": 2025.0, "tipo": "recurrence", "id_feicao": "recurrence_2011_2025_542" }, "geometry": { "type": "Polygon", "coordinates": [ [ [ -44.999936348098089, -21.213535771425672 ], [ -45.001014326439034, -21.213535771425672 ], [ -45.001014326439034, -21.212727287669964 ], [ -44.999666853512849, -21.212727287669971 ], [ -44.999666853512849, -21.213266276840443 ], [ -44.999936348098089, -21.213266276840436 ], [ -44.999936348098089, -21.213535771425672 ] ] ] } },
{ "type": "Feature", "properties": { "anos_com_queima": 1, "area_ha": 0.16683918777137352, "inicio": 2011.0, "fim": 2025.0, "tipo": "recurrence", "id_feicao": "recurrence_2011_2025_543" }, "geometry": { "type": "Polygon", "coordinates": [ [ [ -44.992929488881956, -21.213266276840439 ], [ -44.992929488881956, -21.212727287669967 ], [ -44.992659994296716, -21.212727287669967 ], [ -44.992659994296716, -21.213266276840439 ], [ -44.992929488881956, -21.213266276840439 ] ] ] } },
{ "type": "Feature", "properties": { "anos_com_queima": 1, "area_ha": 0.16684037561702064, "inicio": 2011.0, "fim": 2025.0, "tipo": "recurrence", "id_feicao": "recurrence_2011_2025_544" }, "geometry": { "type": "Polygon", "coordinates": [ [ [ -45.002361799365211, -21.212188298499495 ], [ -45.002361799365211, -21.211649309329019 ], [ -45.002092304779978, -21.211649309329022 ], [ -45.002092304779978, -21.212188298499488 ], [ -45.002361799365211, -21.212188298499495 ] ] ] } },
{ "type": "Feature", "properties": { "anos_com_queima": 1, "area_ha": 4.8383738982348703, "inicio": 2011.0, "fim": 2025.0, "tipo": "recurrence", "id_feicao": "recurrence_2011_2025_545" }, "geometry": { "type": "Polygon", "coordinates": [ [ [ -45.004517756047093, -21.212727287669964 ], [ -45.005865228973271, -21.21272728766996 ], [ -45.005865228973271, -21.211110320158554 ], [ -45.005595734388038, -21.21111032015855 ], [ -45.005595734388038, -21.210840825573325 ], [ -45.005056745217566, -21.210840825573314 ], [ -45.005056745217566, -21.210571330988074 ], [ -45.004517756047093, -21.210571330988074 ], [ -45.004517756047093, -21.21111032015855 ], [ -45.003709272291395, -21.211110320158557 ], [ -45.003709272291395, -21.211918803914259 ], [ -45.003439777706149, -21.211918803914269 ], [ -45.003439777706149, -21.212188298499491 ], [ -45.003709272291395, -21.212188298499495 ], [ -45.003709272291395, -21.2129967822552 ], [ -45.004517756047093, -21.2129967822552 ], [ -45.004517756047093, -21.212727287669964 ] ] ] } },
{ "type": "Feature", "properties": { "anos_com_queima": 1, "area_ha": 0.083420262310560794, "inicio": 2011.0, "fim": 2025.0, "tipo": "recurrence", "id_feicao": "recurrence_2011_2025_546" }, "geometry": { "type": "Polygon", "coordinates": [ [ [ -45.003170283120923, -21.211918803914262 ], [ -45.003439777706149, -21.211918803914269 ], [ -45.003439777706149, -21.211649309329019 ], [ -45.003170283120923, -21.211649309329015 ], [ -45.003170283120923, -21.211918803914262 ] ] ] } },
{ "type": "Feature", "properties": { "anos_com_queima": 1, "area_ha": 2.0855084856595845, "inicio": 2011.0, "fim": 2025.0, "tipo": "recurrence", "id_feicao": "recurrence_2011_2025_547" }, "geometry": { "type": "Polygon", "coordinates": [ [ [ -44.999936348098089, -21.21137981474379 ], [ -44.999666853512849, -21.211379814743786 ], [ -44.999666853512849, -21.211649309329026 ], [ -44.999936348098089, -21.211649309329022 ], [ -44.999936348098089, -21.212188298499491 ], [ -45.001553315609506, -21.212188298499495 ], [ -45.001553315609506, -21.211110320158554 ], [ -44.999936348098089, -21.211110320158557 ], [ -44.999936348098089, -21.21137981474379 ] ] ] } },
{ "type": "Feature", "properties": { "anos_com_queima": 1, "area_ha": 0.83420981016072859, "inicio": 2011.0, "fim": 2025.0, "tipo": "recurrence", "id_feicao": "recurrence_2011_2025_548" }, "geometry": { "type": "Polygon", "coordinates": [ [ [ -45.004517756047093, -21.210571330988074 ], [ -45.004517756047093, -21.210032341817616 ], [ -45.003439777706149, -21.210032341817605 ], [ -45.003439777706149, -21.211110320158557 ], [ -45.003709272291395, -21.211110320158557 ], [ -45.003709272291395, -21.210571330988078 ], [ -45.004517756047093, -21.210571330988074 ] ] ] } },
{ "type": "Feature", "properties": { "anos_com_queima": 1, "area_ha": 1.418165618742703, "inicio": 2011.0, "fim": 2025.0, "tipo": "recurrence", "id_feicao": "recurrence_2011_2025_549" }, "geometry": { "type": "Polygon", "coordinates": [ [ [ -44.998858369757144, -21.20976284723238 ], [ -44.998858369757144, -21.208954363476675 ], [ -44.99751089683096, -21.208954363476671 ], [ -44.99751089683096, -21.21003234181762 ], [ -44.998049886001432, -21.210032341817609 ], [ -44.998049886001432, -21.209762847232373 ], [ -44.998858369757144, -21.20976284723238 ] ] ] } },
{ "type": "Feature", "properties": { "anos_com_queima": 1, "area_ha": 2.0021398570131512, "inicio": 2011.0, "fim": 2025.0, "tipo": "recurrence", "id_feicao": "recurrence_2011_2025_550" }, "geometry": { "type": "Polygon", "coordinates": [ [ [ -44.991851510541011, -21.208145879720952 ], [ -44.994007467222893, -21.208145879720959 ], [ -44.994007467222893, -21.207337395965258 ], [ -44.991851510541011, -21.207337395965254 ], [ -44.991851510541011, -21.208145879720952 ] ] ] } },
{ "type": "Feature", "properties": { "anos_com_queima": 1, "area_ha": 9.59371267691062, "inicio": 2011.0, "fim": 2025.0, "tipo": "recurrence", "id_feicao": "recurrence_2011_2025_551" }, "geometry": { "type": "Polygon", "coordinates": [ [ [ -45.002631293950451, -21.206528912209549 ], [ -45.002631293950451, -21.205989923039066 ], [ -45.002900788535676, -21.20598992303907 ], [ -45.002900788535676, -21.20437295552766 ], [ -45.002631293950451, -21.20437295552766 ], [ -45.002631293950451, -21.204103460942431 ], [ -45.001553315609506, -21.204103460942424 ], [ -45.001553315609506, -21.205181439283368 ], [ -45.000205842683322, -21.205181439283358 ], [ -45.000205842683322, -21.205450933868608 ], [ -44.998588875171905, -21.205450933868608 ], [ -44.998588875171905, -21.207067901380018 ], [ -45.001283821024266, -21.207067901380018 ], [ -45.001283821024266, -21.206798406794778 ], [ -45.002361799365211, -21.206798406794785 ], [ -45.002361799365211, -21.206528912209549 ], [ -45.002631293950451, -21.206528912209549 ] ] ] } },
{ "type": "Feature", "properties": { "anos_com_queima": 1, "area_ha": 4.3381590739152767, "inicio": 2011.0, "fim": 2025.0, "tipo": "recurrence", "id_feicao": "recurrence_2011_2025_552" }, "geometry": { "type": "Polygon", "coordinates": [ [ [ -45.002092304779978, -21.200600031334357 ], [ -45.002092304779978, -21.201947504260534 ], [ -45.003709272291395, -21.201947504260534 ], [ -45.003709272291395, -21.201678009675295 ], [ -45.00478725063234, -21.201678009675298 ], [ -45.00478725063234, -21.200330536749121 ], [ -45.003170283120923, -21.200330536749117 ], [ -45.003170283120923, -21.200600031334364 ], [ -45.002092304779978, -21.200600031334357 ] ] ] } },
{ "type": "Feature", "properties": { "anos_com_queima": 1, "area_ha": 5.3394576350167391, "inicio": 2011.0, "fim": 2025.0, "tipo": "recurrence", "id_feicao": "recurrence_2011_2025_553" }, "geometry": { "type": "Polygon", "coordinates": [ [ [ -44.994546456393365, -21.197096601726287 ], [ -44.994815950978605, -21.19709660172629 ], [ -44.994815950978605, -21.197366096311526 ], [ -44.99562443473431, -21.19736609631153 ], [ -44.99562443473431, -21.195210139629644 ], [ -44.993198983467188, -21.195210139629648 ], [ -44.993198983467188, -21.193323677532998 ], [ -44.992659994296716, -21.193323677532984 ], [ -44.992659994296716, -21.194940645044394 ], [ -44.992929488881956, -21.194940645044404 ], [ -44.992929488881956, -21.195479634214877 ], [ -44.993198983467188, -21.195479634214873 ], [ -44.993198983467188, -21.195749128800113 ], [ -44.993737972637661, -21.195749128800106 ], [ -44.993737972637661, -21.196557612555814 ], [ -44.994546456393365, -21.196557612555814 ], [ -44.994546456393365, -21.197096601726287 ] ] ] } },
{ "type": "Feature", "properties": { "anos_com_queima": 1, "area_ha": 21.357922234876636, "inicio": 2011.0, "fim": 2025.0, "tipo": "recurrence", "id_feicao": "recurrence_2011_2025_554" }, "geometry": { "type": "Polygon", "coordinates": [ [ [ -45.001822810194739, -21.197905085481995 ], [ -45.001822810194739, -21.197635590896759 ], [ -45.002092304779978, -21.197635590896759 ], [ -45.002092304779978, -21.19736609631153 ], [ -45.002361799365211, -21.197366096311523 ], [ -45.002361799365211, -21.197096601726283 ], [ -45.003709272291395, -21.19709660172629 ], [ -45.003709272291395, -21.196827107141047 ], [ -45.003978766876621, -21.196827107141054 ], [ -45.003978766876621, -21.196557612555814 ], [ -45.005056745217566, -21.196557612555814 ], [ -45.005056745217566, -21.196288117970578 ], [ -45.005326239802812, -21.196288117970578 ], [ -45.005326239802812, -21.194132161288692 ], [ -45.00802118565516, -21.194132161288689 ], [ -45.00802118565516, -21.193593172118224 ], [ -45.006673712728983, -21.193593172118227 ], [ -45.006673712728983, -21.193323677532987 ], [ -45.005056745217566, -21.193323677532991 ], [ -45.005056745217566, -21.192515193777275 ], [ -45.003709272291395, -21.192515193777272 ], [ -45.003709272291395, -21.194132161288696 ], [ -45.001283821024266, -21.194132161288689 ], [ -45.001283821024266, -21.193862666703453 ], [ -45.001014326439034, -21.19386266670346 ], [ -45.001014326439034, -21.194940645044394 ], [ -45.000744831853794, -21.194940645044394 ], [ -45.000744831853794, -21.196557612555811 ], [ -45.000205842683322, -21.196557612555821 ], [ -45.000205842683322, -21.197905085481999 ], [ -45.001822810194739, -21.197905085481995 ] ] ] } },
{ "type": "Feature", "properties": { "anos_com_queima": 1, "area_ha": 139.49674957519099, "inicio": 2011.0, "fim": 2025.0, "tipo": "recurrence", "id_feicao": "recurrence_2011_2025_555" }, "geometry": { "type": "Polygon", "coordinates": [ [ [ -44.988887070103416, -21.186047323731618 ], [ -44.987539597177239, -21.186047323731618 ], [ -44.987539597177239, -21.189011764169216 ], [ -44.987000608006767, -21.189011764169209 ], [ -44.987000608006767, -21.189550753339681 ], [ -44.98538364049535, -21.189550753339681 ], [ -44.98538364049535, -21.192784688362512 ], [ -44.98511414591011, -21.192784688362515 ], [ -44.98511414591011, -21.194132161288692 ], [ -44.986731113421527, -21.194132161288696 ], [ -44.986731113421527, -21.194671150459161 ], [ -44.987539597177239, -21.194671150459172 ], [ -44.987539597177239, -21.19736609631153 ], [ -44.988617575518177, -21.197366096311526 ], [ -44.988617575518177, -21.19709660172629 ], [ -44.988078586347704, -21.197096601726283 ], [ -44.988078586347704, -21.196018623385349 ], [ -44.988887070103416, -21.196018623385338 ], [ -44.988887070103416, -21.195749128800117 ], [ -44.990504037614834, -21.195749128800109 ], [ -44.990504037614834, -21.196018623385338 ], [ -44.990773532200066, -21.196018623385346 ], [ -44.990773532200066, -21.197096601726294 ], [ -44.989695553859121, -21.197096601726287 ], [ -44.989695553859121, -21.197366096311523 ], [ -44.988887070103416, -21.197366096311519 ], [ -44.988887070103416, -21.197635590896759 ], [ -44.991582015955771, -21.197635590896763 ], [ -44.991582015955771, -21.199252558408173 ], [ -44.991851510541011, -21.199252558408173 ], [ -44.991851510541011, -21.199522052993405 ], [ -44.992121005126243, -21.199522052993409 ], [ -44.992121005126243, -21.199791547578648 ], [ -44.993198983467188, -21.199791547578648 ], [ -44.993198983467188, -21.200330536749121 ], [ -44.993737972637661, -21.200330536749117 ], [ -44.993737972637661, -21.20086952591959 ], [ -44.994276961808133, -21.200869525919593 ], [ -44.994276961808133, -21.201139020504826 ], [ -44.99562443473431, -21.201139020504833 ], [ -44.99562443473431, -21.200600031334361 ], [ -44.99589392931955, -21.200600031334357 ], [ -44.99589392931955, -21.200061042163878 ], [ -44.996163423904783, -21.200061042163881 ], [ -44.996163423904783, -21.199791547578648 ], [ -44.996702413075255, -21.199791547578652 ], [ -44.996702413075255, -21.198983063822944 ], [ -44.999397358927617, -21.198983063822936 ], [ -44.999397358927617, -21.197905085481995 ], [ -44.996702413075255, -21.197905085482002 ], [ -44.996702413075255, -21.197096601726283 ], [ -44.99589392931955, -21.197096601726287 ], [ -44.99589392931955, -21.197366096311523 ], [ -44.99562443473431, -21.19736609631153 ], [ -44.99562443473431, -21.197635590896756 ], [ -44.993198983467188, -21.197635590896759 ], [ -44.993198983467188, -21.195749128800113 ], [ -44.992929488881956, -21.195749128800113 ], [ -44.992929488881956, -21.196018623385346 ], [ -44.992659994296716, -21.196018623385342 ], [ -44.992659994296716, -21.196557612555814 ], [ -44.991312521370538, -21.196557612555811 ], [ -44.991312521370538, -21.195479634214866 ], [ -44.991043026785299, -21.195479634214877 ], [ -44.991043026785299, -21.193323677532991 ], [ -44.992659994296716, -21.193323677532984 ], [ -44.992659994296716, -21.192784688362519 ], [ -44.993468478052428, -21.192784688362512 ], [ -44.993468478052428, -21.189550753339681 ], [ -44.99562443473431, -21.189550753339688 ], [ -44.99562443473431, -21.193054182947755 ], [ -44.996702413075255, -21.193054182947744 ], [ -44.996702413075255, -21.194132161288692 ], [ -44.996163423904783, -21.194132161288685 ], [ -44.996163423904783, -21.194671150459158 ], [ -44.99589392931955, -21.194671150459172 ], [ -44.99589392931955, -21.196827107141051 ], [ -44.999936348098089, -21.196827107141047 ], [ -44.999936348098089, -21.196557612555821 ], [ -45.000205842683322, -21.196557612555821 ], [ -45.000205842683322, -21.195479634214873 ], [ -44.998588875171905, -21.19547963421487 ], [ -44.998588875171905, -21.194401655873936 ], [ -44.999936348098089, -21.194401655873929 ], [ -44.999936348098089, -21.193862666703467 ], [ -45.001014326439034, -21.19386266670346 ], [ -45.001014326439034, -21.193593172118224 ], [ -44.999936348098089, -21.193593172118224 ], [ -44.999936348098089, -21.193323677532987 ], [ -44.999397358927617, -21.193323677532987 ], [ -44.999397358927617, -21.189820247924914 ], [ -44.999127864342377, -21.189820247924924 ], [ -44.999127864342377, -21.189550753339677 ], [ -44.998858369757144, -21.189550753339681 ], [ -44.998858369757144, -21.18874226958398 ], [ -44.998319380586672, -21.188742269583976 ], [ -44.998319380586672, -21.187664291243031 ], [ -44.999936348098089, -21.187664291243031 ], [ -44.999936348098089, -21.187125302072555 ], [ -44.996702413075255, -21.187125302072563 ], [ -44.996702413075255, -21.186855807487326 ], [ -44.99562443473431, -21.186855807487326 ], [ -44.99562443473431, -21.18496934539068 ], [ -44.994007467222893, -21.184969345390677 ], [ -44.994007467222893, -21.185238839975913 ], [ -44.993737972637661, -21.185238839975916 ], [ -44.993737972637661, -21.185508334561145 ], [ -44.993198983467188, -21.185508334561145 ], [ -44.993198983467188, -21.185777829146389 ], [ -44.992659994296716, -21.185777829146385 ], [ -44.992659994296716, -21.186047323731625 ], [ -44.989965048444361, -21.186047323731625 ], [ -44.989965048444361, -21.18496934539068 ], [ -44.988887070103416, -21.184969345390677 ], [ -44.988887070103416, -21.186047323731618 ] ], [ [ -44.998319380586672, -21.189281258754452 ], [ -44.998588875171905, -21.189281258754441 ], [ -44.998588875171905, -21.192784688362508 ], [ -44.997241402245727, -21.192784688362515 ], [ -44.997241402245727, -21.192515193777268 ], [ -44.996971907660487, -21.192515193777275 ], [ -44.996971907660487, -21.192245699192046 ], [ -44.996702413075255, -21.19224569919205 ], [ -44.996702413075255, -21.191976204606814 ], [ -44.996163423904783, -21.19197620460681 ], [ -44.996163423904783, -21.190359237095393 ], [ -44.996702413075255, -21.1903592370954 ], [ -44.996702413075255, -21.188203280413514 ], [ -44.996971907660487, -21.188203280413511 ], [ -44.996971907660487, -21.187933785828275 ], [ -44.998049886001432, -21.187933785828278 ], [ -44.998049886001432, -21.188742269583972 ], [ -44.998319380586672, -21.188742269583976 ], [ -44.998319380586672, -21.189281258754452 ] ] ] } },
{ "type": "Feature", "properties": { "anos_com_queima": 1, "area_ha": 0.50058401964819055, "inicio": 2011.0, "fim": 2025.0, "tipo": "recurrence", "id_feicao": "recurrence_2011_2025_556" }, "geometry": { "type": "Polygon", "coordinates": [ [ [ -44.993468478052428, -21.193054182947744 ], [ -44.995085445563838, -21.193054182947751 ], [ -44.995085445563838, -21.192784688362519 ], [ -44.993468478052428, -21.192784688362512 ], [ -44.993468478052428, -21.193054182947744 ] ] ] } },
{ "type": "Feature", "properties": { "anos_com_queima": 1, "area_ha": 16.269264531844854, "inicio": 2011.0, "fim": 2025.0, "tipo": "recurrence", "id_feicao": "recurrence_2011_2025_557" }, "geometry": { "type": "Polygon", "coordinates": [ [ [ -45.002092304779978, -21.192515193777272 ], [ -45.003709272291395, -21.192515193777272 ], [ -45.003709272291395, -21.191437215436341 ], [ -45.007212701899455, -21.191437215436334 ], [ -45.007212701899455, -21.191706710021574 ], [ -45.00802118565516, -21.191706710021574 ], [ -45.00802118565516, -21.189281258754448 ], [ -45.005865228973271, -21.189281258754452 ], [ -45.005865228973271, -21.1882032804135 ], [ -45.004517756047093, -21.188203280413507 ], [ -45.004517756047093, -21.189281258754448 ], [ -45.003439777706149, -21.189281258754455 ], [ -45.003439777706149, -21.190628731680626 ], [ -45.002631293950451, -21.190628731680633 ], [ -45.002631293950451, -21.190898226265862 ], [ -45.002361799365211, -21.190898226265858 ], [ -45.002361799365211, -21.191167720851091 ], [ -45.002092304779978, -21.191167720851105 ], [ -45.002092304779978, -21.192515193777272 ] ] ] } },
{ "type": "Feature", "properties": { "anos_com_queima": 1, "area_ha": 0.41716151904677973, "inicio": 2011.0, "fim": 2025.0, "tipo": "recurrence", "id_feicao": "recurrence_2011_2025_558" }, "geometry": { "type": "Polygon", "coordinates": [ [ [ -44.999666853512849, -21.190089742510153 ], [ -45.001014326439034, -21.190089742510157 ], [ -45.001014326439034, -21.189820247924931 ], [ -44.999666853512849, -21.189820247924921 ], [ -44.999666853512849, -21.190089742510153 ] ] ] } },
{ "type": "Feature", "properties": { "anos_com_queima": 1, "area_ha": 2.753318033314506, "inicio": 2011.0, "fim": 2025.0, "tipo": "recurrence", "id_feicao": "recurrence_2011_2025_559" }, "geometry": { "type": "Polygon", "coordinates": [ [ [ -45.001822810194739, -21.188472774998743 ], [ -45.001822810194739, -21.186047323731621 ], [ -45.000744831853794, -21.186047323731618 ], [ -45.000744831853794, -21.186586312902083 ], [ -45.000205842683322, -21.186586312902083 ], [ -45.000205842683322, -21.186855807487326 ], [ -44.999936348098089, -21.186855807487319 ], [ -44.999936348098089, -21.187125302072555 ], [ -45.001283821024266, -21.187125302072559 ], [ -45.001283821024266, -21.189011764169209 ], [ -45.001553315609506, -21.189011764169209 ], [ -45.001553315609506, -21.18847277499875 ], [ -45.001822810194739, -21.188472774998743 ] ] ] } },
{ "type": "Feature", "properties": { "anos_com_queima": 1, "area_ha": 4.7559773569381436, "inicio": 2011.0, "fim": 2025.0, "tipo": "recurrence", "id_feicao": "recurrence_2011_2025_560" }, "geometry": { "type": "Polygon", "coordinates": [ [ [ -44.999127864342377, -21.179848948271193 ], [ -44.999127864342377, -21.180118442856433 ], [ -45.000205842683322, -21.180118442856433 ], [ -45.000205842683322, -21.178770969930255 ], [ -44.998319380586672, -21.178770969930252 ], [ -44.998319380586672, -21.178501475345016 ], [ -44.996971907660487, -21.178501475345016 ], [ -44.996971907660487, -21.179848948271196 ], [ -44.999127864342377, -21.179848948271193 ] ] ] } },
{ "type": "Feature", "properties": { "anos_com_queima": 1, "area_ha": 0.3337583300379105, "inicio": 2011.0, "fim": 2025.0, "tipo": "recurrence", "id_feicao": "recurrence_2011_2025_561" }, "geometry": { "type": "Polygon", "coordinates": [ [ [ -44.999127864342377, -21.176884507833602 ], [ -45.000205842683322, -21.176884507833599 ], [ -45.000205842683322, -21.176615013248366 ], [ -44.999127864342377, -21.176615013248362 ], [ -44.999127864342377, -21.176884507833602 ] ] ] } },
{ "type": "Feature", "properties": { "anos_com_queima": 1, "area_ha": 0.16687946202429202, "inicio": 2011.0, "fim": 2025.0, "tipo": "recurrence", "id_feicao": "recurrence_2011_2025_562" }, "geometry": { "type": "Polygon", "coordinates": [ [ [ -45.000744831853794, -21.176615013248366 ], [ -45.000744831853794, -21.176345518663123 ], [ -45.000205842683322, -21.176345518663126 ], [ -45.000205842683322, -21.176615013248366 ], [ -45.000744831853794, -21.176615013248366 ] ] ] } },
{ "type": "Feature", "properties": { "anos_com_queima": 1, "area_ha": 2.0025588913984107, "inicio": 2011.0, "fim": 2025.0, "tipo": "recurrence", "id_feicao": "recurrence_2011_2025_563" }, "geometry": { "type": "Polygon", "coordinates": [ [ [ -44.998858369757144, -21.176884507833595 ], [ -44.998858369757144, -21.175267540322182 ], [ -44.9977803914162, -21.175267540322189 ], [ -44.9977803914162, -21.176884507833595 ], [ -44.998858369757144, -21.176884507833595 ] ] ] } },
{ "type": "Feature", "properties": { "anos_com_queima": 1, "area_ha": 0.16688094696747138, "inicio": 2011.0, "fim": 2025.0, "tipo": "recurrence", "id_feicao": "recurrence_2011_2025_564" }, "geometry": { "type": "Polygon", "coordinates": [ [ [ -44.999127864342377, -21.175267540322182 ], [ -44.999666853512849, -21.175267540322192 ], [ -44.999666853512849, -21.174998045736952 ], [ -44.999127864342377, -21.174998045736945 ], [ -44.999127864342377, -21.175267540322182 ] ] ] } },
{ "type": "Feature", "properties": { "anos_com_queima": 1, "area_ha": 4.4225559430259471, "inicio": 2011.0, "fim": 2025.0, "tipo": "recurrence", "id_feicao": "recurrence_2011_2025_565" }, "geometry": { "type": "Polygon", "coordinates": [ [ [ -45.001014326439034, -21.169069164861757 ], [ -45.001014326439034, -21.166643713594638 ], [ -44.999936348098089, -21.166643713594631 ], [ -44.999936348098089, -21.16718270276511 ], [ -44.999666853512849, -21.16718270276511 ], [ -44.999666853512849, -21.167452197350343 ], [ -44.999397358927617, -21.167452197350343 ], [ -44.999397358927617, -21.167721691935579 ], [ -44.999127864342377, -21.167721691935576 ], [ -44.999127864342377, -21.168799670276524 ], [ -44.999397358927617, -21.168799670276524 ], [ -44.999397358927617, -21.169069164861757 ], [ -45.001014326439034, -21.169069164861757 ] ] ] } },
{ "type": "Feature", "properties": { "anos_com_queima": 1, "area_ha": 2.0028666399608448, "inicio": 2011.0, "fim": 2025.0, "tipo": "recurrence", "id_feicao": "recurrence_2011_2025_566" }, "geometry": { "type": "Polygon", "coordinates": [ [ [ -45.003439777706149, -21.153438478918083 ], [ -45.003439777706149, -21.152091005991903 ], [ -45.002092304779978, -21.152091005991899 ], [ -45.002092304779978, -21.153168984332844 ], [ -45.002361799365211, -21.153168984332847 ], [ -45.002361799365211, -21.15343847891808 ], [ -45.003439777706149, -21.153438478918083 ] ] ] } },
{ "type": "Feature", "properties": { "anos_com_queima": 1, "area_ha": 4.0893434975107201, "inicio": 2011.0, "fim": 2025.0, "tipo": "recurrence", "id_feicao": "recurrence_2011_2025_567" }, "geometry": { "type": "Polygon", "coordinates": [ [ [ -44.995085445563838, -21.146162125116717 ], [ -44.994815950978605, -21.14616212511671 ], [ -44.994815950978605, -21.145892630531481 ], [ -44.994007467222893, -21.145892630531471 ], [ -44.994007467222893, -21.146162125116717 ], [ -44.993737972637661, -21.14616212511671 ], [ -44.993737972637661, -21.148048587213363 ], [ -44.99562443473431, -21.148048587213367 ], [ -44.99562443473431, -21.146701114287183 ], [ -44.995354940149078, -21.146701114287175 ], [ -44.995354940149078, -21.146431619701954 ], [ -44.995085445563838, -21.146431619701946 ], [ -44.995085445563838, -21.146162125116717 ] ] ] } },
{ "type": "Feature", "properties": { "anos_com_queima": 1, "area_ha": 24.979579419102521, "inicio": 2011.0, "fim": 2025.0, "tipo": "recurrence", "id_feicao": "recurrence_2011_2025_568" }, "geometry": { "type": "Polygon", "coordinates": [ [ [ -44.962207106165437, -21.344061548098924 ], [ -44.962298, -21.344065999999891 ], [ -44.962531, -21.34417 ], [ -44.962727, -21.344377 ], [ -44.962886, -21.344538 ], [ -44.963033, -21.344711 ], [ -44.963217, -21.344963999999894 ], [ -44.963425, -21.345206 ], [ -44.963609, -21.345345 ], [ -44.96383, -21.345541 ], [ -44.964038, -21.345736999999897 ], [ -44.96421979481665, -21.34585761389728 ], [ -44.965171546602662, -21.345857612776491 ], [ -44.965171546602662, -21.34639660194695 ], [ -44.965710535773134, -21.34639660194695 ], [ -44.965710535773511, -21.346687097915268 ], [ -44.965778999999898, -21.346718 ], [ -44.966061, -21.346799 ], [ -44.96638, -21.346834 ], [ -44.966675, -21.346834 ], [ -44.967007, -21.346812 ], [ -44.967644999999898, -21.346812999999898 ], [ -44.967903, -21.346802 ], [ -44.968135987040341, -21.346802000009031 ], [ -44.968135987040256, -21.346666096532182 ], [ -44.968405481625489, -21.346666096532186 ], [ -44.968405481625489, -21.345588118191248 ], [ -44.967596997869784, -21.345588118191241 ], [ -44.967596997869784, -21.345318623606005 ], [ -44.967327503284544, -21.345318623606005 ], [ -44.967327503284544, -21.345049129020776 ], [ -44.965441041187894, -21.345049129020776 ], [ -44.965441041187894, -21.342354183168414 ], [ -44.964632557432189, -21.342354183168418 ], [ -44.964632557432189, -21.342893172338883 ], [ -44.963554579091245, -21.342893172338883 ], [ -44.963554579091245, -21.341815193997938 ], [ -44.96436306284695, -21.341815193997938 ], [ -44.96436306284695, -21.340737215657001 ], [ -44.9624766007503, -21.340737215656997 ], [ -44.9624766007503, -21.340467721071761 ], [ -44.96059013865365, -21.340467721071757 ], [ -44.96059013865365, -21.340737215656997 ], [ -44.960320644068418, -21.340737215657001 ], [ -44.960320644068418, -21.341815193997942 ], [ -44.96059013865365, -21.341815193997935 ], [ -44.96059013865365, -21.342084688583178 ], [ -44.960859633238883, -21.342084688583181 ], [ -44.960859633238883, -21.343701656094595 ], [ -44.962207106165067, -21.343701656094591 ], [ -44.962207106165437, -21.344061548098924 ] ] ] } },
{ "type": "Feature", "properties": { "anos_com_queima": 1, "area_ha": 8.1681476302551097, "inicio": 2011.0, "fim": 2025.0, "tipo": "recurrence", "id_feicao": "recurrence_2011_2025_569" }, "geometry": { "type": "Polygon", "coordinates": [ [ [ -44.968135987040256, -21.342084688583178 ], [ -44.968674976210728, -21.342084688583181 ], [ -44.968674976210728, -21.341276204827466 ], [ -44.969213965381201, -21.341276204827466 ], [ -44.969213965381201, -21.340198226486518 ], [ -44.965710535773134, -21.340198226486532 ], [ -44.965710535773134, -21.339928731901292 ], [ -44.964632557432189, -21.339928731901292 ], [ -44.964632557432189, -21.340467721071764 ], [ -44.966249524943606, -21.340467721071757 ], [ -44.966249524943606, -21.341815193997938 ], [ -44.965441041187894, -21.341815193997945 ], [ -44.965441041187894, -21.342354183168414 ], [ -44.967058008699311, -21.342354183168414 ], [ -44.967058008699311, -21.342623677753654 ], [ -44.968135987040256, -21.342623677753654 ], [ -44.968135987040256, -21.342084688583178 ] ] ] } },
{ "type": "Feature", "properties": { "anos_com_queima": 1, "area_ha": 0.083348985551848706, "inicio": 2011.0, "fim": 2025.0, "tipo": "recurrence", "id_feicao": "recurrence_2011_2025_570" }, "geometry": { "type": "Polygon", "coordinates": [ [ [ -44.964632557432189, -21.340737215657004 ], [ -44.964632557432189, -21.340467721071764 ], [ -44.96436306284695, -21.340467721071757 ], [ -44.96436306284695, -21.340737215657001 ], [ -44.964632557432189, -21.340737215657004 ] ] ] } },
{ "type": "Feature", "properties": { "anos_com_queima": 1, "area_ha": 3.4389595337592067, "inicio": 2011.0, "fim": 2025.0, "tipo": "recurrence", "id_feicao": "recurrence_2011_2025_571" }, "geometry": { "type": "Polygon", "coordinates": [ [ [ -44.97487335167115, -21.339659237316059 ], [ -44.9729868895745, -21.339659237316059 ], [ -44.9729868895745, -21.338311764389879 ], [ -44.972178405818795, -21.338311764389864 ], [ -44.972178405818795, -21.339389742730813 ], [ -44.971639416648323, -21.33938974273082 ], [ -44.971639416648323, -21.339928731901288 ], [ -44.973795373330205, -21.339928731901292 ], [ -44.973795373330546, -21.341209982706246 ], [ -44.973943, -21.341051 ], [ -44.974128, -21.340878 ], [ -44.974349, -21.340706 ], [ -44.974619, -21.340533999999895 ], [ -44.974873351672002, -21.340455131267834 ], [ -44.97487335167115, -21.339659237316059 ] ] ] } },
{ "type": "Feature", "properties": { "anos_com_queima": 1, "area_ha": 1.8313319408927113, "inicio": 2011.0, "fim": 2025.0, "tipo": "recurrence", "id_feicao": "recurrence_2011_2025_572" }, "geometry": { "type": "Polygon", "coordinates": [ [ [ -44.987809091762735, -21.337520997918709 ], [ -44.988743999999897, -21.337523 ], [ -44.989112, -21.337535 ], [ -44.989345, -21.337511999999894 ], [ -44.989426059273896, -21.337512227123234 ], [ -44.989426059273889, -21.337503280634174 ], [ -44.989859253840642, -21.337503282159727 ], [ -44.990058, -21.337490999999893 ], [ -44.990377, -21.337434 ], [ -44.990647, -21.337388 ], [ -44.990879999999898, -21.337342 ], [ -44.991031790105126, -21.337233786057567 ], [ -44.990773532200066, -21.33723378604892 ], [ -44.990773532200066, -21.336964291463694 ], [ -44.987809091762472, -21.336964291463701 ], [ -44.987809091762735, -21.337520997918709 ] ] ] } },
{ "type": "Feature", "properties": { "anos_com_queima": 1, "area_ha": 0.027362715798903866, "inicio": 2011.0, "fim": 2025.0, "tipo": "recurrence", "id_feicao": "recurrence_2011_2025_573" }, "geometry": { "type": "Polygon", "coordinates": [ [ [ -44.991043026785299, -21.336964291463698 ], [ -44.991043026785299, -21.337225775210921 ], [ -44.991089, -21.337193 ], [ -44.991188, -21.336986 ], [ -44.991204476207443, -21.336964291515592 ], [ -44.991043026785299, -21.336964291463698 ] ] ] } },
{ "type": "Feature", "properties": { "anos_com_queima": 1, "area_ha": 32.643327658044321, "inicio": 2011.0, "fim": 2025.0, "tipo": "recurrence", "id_feicao": "recurrence_2011_2025_574" }, "geometry": { "type": "Polygon", "coordinates": [ [ [ -44.981880210887283, -21.334538840196579 ], [ -44.981880210887283, -21.334808334781805 ], [ -44.980532737961106, -21.334808334781805 ], [ -44.980532737961106, -21.336425302293229 ], [ -44.978915770449689, -21.336425302293232 ], [ -44.978915770449689, -21.33750328063417 ], [ -44.981071727131578, -21.337503280634174 ], [ -44.981071727131578, -21.337772775219403 ], [ -44.982419200057755, -21.337772775219403 ], [ -44.982419200057755, -21.33750328063417 ], [ -44.984036167569172, -21.337503280634177 ], [ -44.984036167569172, -21.336964291463701 ], [ -44.987809091762472, -21.336964291463701 ], [ -44.987809091762472, -21.334538840196569 ], [ -44.988887070103416, -21.334538840196579 ], [ -44.988887070103416, -21.335347323952274 ], [ -44.990773532200066, -21.33534732395227 ], [ -44.990773532200066, -21.335077829367048 ], [ -44.991043026785299, -21.335077829367044 ], [ -44.991043026785299, -21.334269345611336 ], [ -44.991312521370538, -21.334269345611343 ], [ -44.991312521370538, -21.3339998510261 ], [ -44.991582015955771, -21.333999851026103 ], [ -44.991582015955771, -21.333730356440871 ], [ -44.991913382536694, -21.333730356645518 ], [ -44.991919, -21.333698 ], [ -44.991932, -21.333434 ], [ -44.991981, -21.333158 ], [ -44.992043, -21.332928 ], [ -44.992117, -21.332571 ], [ -44.992155, -21.332353 ], [ -44.992204, -21.332065 ], [ -44.992254, -21.331847 ], [ -44.992254768504274, -21.331843894833394 ], [ -44.991043026785299, -21.331843894344214 ], [ -44.991043026785299, -21.332652378099919 ], [ -44.988348080932944, -21.332652378099922 ], [ -44.988348080932944, -21.333191367270398 ], [ -44.988078586347704, -21.333191367270395 ], [ -44.988078586347704, -21.334269345611336 ], [ -44.987270102591999, -21.334269345611343 ], [ -44.987270102591999, -21.335077829367048 ], [ -44.982958189228228, -21.335077829367041 ], [ -44.982958189228228, -21.334538840196579 ], [ -44.981880210887283, -21.334538840196579 ] ] ] } },
{ "type": "Feature", "properties": { "anos_com_queima": 1, "area_ha": 1.5003569117806852, "inicio": 2011.0, "fim": 2025.0, "tipo": "recurrence", "id_feicao": "recurrence_2011_2025_575" }, "geometry": { "type": "Polygon", "coordinates": [ [ [ -44.979454759620161, -21.333191367270388 ], [ -44.980532737961106, -21.333191367270391 ], [ -44.980532737961106, -21.332652378099926 ], [ -44.981880210887283, -21.332652378099919 ], [ -44.981880210887283, -21.33238288351469 ], [ -44.979724254205394, -21.33238288351469 ], [ -44.979724254205394, -21.332113388929454 ], [ -44.979454759620161, -21.332113388929454 ], [ -44.979454759620161, -21.333191367270388 ] ] ] } },
{ "type": "Feature", "properties": { "anos_com_queima": 1, "area_ha": 3.0840815062407483, "inicio": 2011.0, "fim": 2025.0, "tipo": "recurrence", "id_feicao": "recurrence_2011_2025_576" }, "geometry": { "type": "Polygon", "coordinates": [ [ [ -44.969752954551666, -21.332652378099926 ], [ -44.969752954551666, -21.331843894344221 ], [ -44.969483459966433, -21.331843894344214 ], [ -44.969483459966433, -21.331574399758985 ], [ -44.969213965381201, -21.331574399758974 ], [ -44.969213965381201, -21.331843894344217 ], [ -44.968135987040256, -21.331843894344214 ], [ -44.968135987040256, -21.331574399758974 ], [ -44.967866492455016, -21.331574399758974 ], [ -44.967866492455016, -21.332113388929443 ], [ -44.967596997869784, -21.332113388929461 ], [ -44.967596997869784, -21.333191367270402 ], [ -44.969213965381201, -21.333191367270395 ], [ -44.969213965381201, -21.332652378099919 ], [ -44.969752954551666, -21.332652378099926 ] ] ] } },
{ "type": "Feature", "properties": { "anos_com_queima": 1, "area_ha": 0.083353600918354129, "inicio": 2011.0, "fim": 2025.0, "tipo": "recurrence", "id_feicao": "recurrence_2011_2025_577" }, "geometry": { "type": "Polygon", "coordinates": [ [ [ -44.98322768381346, -21.332382883514683 ], [ -44.98322768381346, -21.33211338892945 ], [ -44.982958189228228, -21.332113388929457 ], [ -44.982958189228228, -21.332382883514676 ], [ -44.98322768381346, -21.332382883514683 ] ] ] } },
{ "type": "Feature", "properties": { "anos_com_queima": 1, "area_ha": 0.16670765008907765, "inicio": 2011.0, "fim": 2025.0, "tipo": "recurrence", "id_feicao": "recurrence_2011_2025_578" }, "geometry": { "type": "Polygon", "coordinates": [ [ [ -44.98322768381346, -21.33211338892945 ], [ -44.9834971783987, -21.332113388929454 ], [ -44.9834971783987, -21.331574399758981 ], [ -44.98322768381346, -21.331574399758981 ], [ -44.98322768381346, -21.33211338892945 ] ] ] } },
{ "type": "Feature", "properties": { "anos_com_queima": 1, "area_ha": 18.171438200652137, "inicio": 2011.0, "fim": 2025.0, "tipo": "recurrence", "id_feicao": "recurrence_2011_2025_579" }, "geometry": { "type": "Polygon", "coordinates": [ [ [ -44.978646275864456, -21.32860995932139 ], [ -44.978646275864456, -21.329418443077092 ], [ -44.977568297523511, -21.329418443077085 ], [ -44.977568297523511, -21.329148948491856 ], [ -44.976490319182567, -21.329148948491863 ], [ -44.976490319182567, -21.328879453906623 ], [ -44.975412340841622, -21.328879453906623 ], [ -44.975412340841622, -21.328609959321383 ], [ -44.9729868895745, -21.328609959321387 ], [ -44.9729868895745, -21.32887945390662 ], [ -44.972178405818795, -21.328879453906616 ], [ -44.972178405818795, -21.329148948491856 ], [ -44.972447900404028, -21.329148948491859 ], [ -44.972447900404028, -21.329687937662332 ], [ -44.973256384159733, -21.329687937662321 ], [ -44.973256384159733, -21.329957432247561 ], [ -44.973525878744972, -21.329957432247568 ], [ -44.973525878744972, -21.330226926832804 ], [ -44.975681835426855, -21.330226926832793 ], [ -44.975681835426855, -21.329957432247564 ], [ -44.978107286693984, -21.329957432247571 ], [ -44.978107286693984, -21.330765916003276 ], [ -44.978646275864456, -21.330765916003276 ], [ -44.978646275864456, -21.331035410588516 ], [ -44.979185265034921, -21.331035410588505 ], [ -44.979185265034921, -21.331843894344221 ], [ -44.979724254205394, -21.331843894344214 ], [ -44.979724254205394, -21.332113388929454 ], [ -44.980263243375866, -21.332113388929447 ], [ -44.980263243375866, -21.329418443077095 ], [ -44.979993748790633, -21.329418443077095 ], [ -44.979993748790633, -21.328340464736154 ], [ -44.981071727131578, -21.328340464736151 ], [ -44.981071727131578, -21.328879453906616 ], [ -44.982688694642988, -21.328879453906612 ], [ -44.982688694642988, -21.328340464736151 ], [ -44.982149705472516, -21.328340464736154 ], [ -44.982149705472516, -21.326723497224737 ], [ -44.981880210887283, -21.326723497224737 ], [ -44.981880210887283, -21.327262486395213 ], [ -44.981341221716811, -21.32726248639521 ], [ -44.981341221716811, -21.327531980980446 ], [ -44.979724254205394, -21.327531980980442 ], [ -44.979724254205394, -21.327801475565682 ], [ -44.979454759620161, -21.327801475565682 ], [ -44.979454759620161, -21.328070970150915 ], [ -44.978915770449689, -21.328070970150911 ], [ -44.978915770449689, -21.328609959321383 ], [ -44.978646275864456, -21.32860995932139 ] ] ] } },
{ "type": "Feature", "properties": { "anos_com_queima": 1, "area_ha": 1.0836174952036888, "inicio": 2011.0, "fim": 2025.0, "tipo": "recurrence", "id_feicao": "recurrence_2011_2025_580" }, "geometry": { "type": "Polygon", "coordinates": [ [ [ -44.983766672983933, -21.329957432247564 ], [ -44.983766672983933, -21.328879453906623 ], [ -44.982688694642988, -21.328879453906612 ], [ -44.982688694642988, -21.329687937662332 ], [ -44.9834971783987, -21.329687937662328 ], [ -44.9834971783987, -21.329957432247561 ], [ -44.983766672983933, -21.329957432247564 ] ] ] } },
{ "type": "Feature", "properties": { "anos_com_queima": 1, "area_ha": 1.3336922791823744, "inicio": 2011.0, "fim": 2025.0, "tipo": "recurrence", "id_feicao": "recurrence_2011_2025_581" }, "geometry": { "type": "Polygon", "coordinates": [ [ [ -44.98511414591011, -21.32887945390662 ], [ -44.986192124251055, -21.328879453906623 ], [ -44.986192124251055, -21.327801475565682 ], [ -44.98511414591011, -21.327801475565682 ], [ -44.98511414591011, -21.32887945390662 ] ] ] } },
{ "type": "Feature", "properties": { "anos_com_queima": 1, "area_ha": 3.3342902983977263, "inicio": 2011.0, "fim": 2025.0, "tipo": "recurrence", "id_feicao": "recurrence_2011_2025_582" }, "geometry": { "type": "Polygon", "coordinates": [ [ [ -44.989156564688649, -21.325106529713317 ], [ -44.989156564688649, -21.324837035128088 ], [ -44.988078586347704, -21.324837035128084 ], [ -44.988078586347704, -21.325106529713324 ], [ -44.987809091762472, -21.325106529713324 ], [ -44.987809091762472, -21.326184508054268 ], [ -44.988348080932944, -21.326184508054268 ], [ -44.988348080932944, -21.326454002639501 ], [ -44.989426059273889, -21.326454002639501 ], [ -44.989426059273889, -21.326184508054265 ], [ -44.989965048444361, -21.326184508054265 ], [ -44.989965048444361, -21.32510652971332 ], [ -44.989156564688649, -21.325106529713317 ] ] ] } },
{ "type": "Feature", "properties": { "anos_com_queima": 1, "area_ha": 15.087687177598799, "inicio": 2011.0, "fim": 2025.0, "tipo": "recurrence", "id_feicao": "recurrence_2011_2025_583" }, "geometry": { "type": "Polygon", "coordinates": [ [ [ -44.982149705472516, -21.325645518883793 ], [ -44.982149705472516, -21.326723497224737 ], [ -44.984036167569172, -21.326723497224737 ], [ -44.984036167569172, -21.326992991809973 ], [ -44.98511414591011, -21.326992991809973 ], [ -44.98511414591011, -21.326184508054265 ], [ -44.986192124251055, -21.326184508054268 ], [ -44.986192124251055, -21.325106529713324 ], [ -44.98511414591011, -21.325106529713324 ], [ -44.98511414591011, -21.324837035128091 ], [ -44.98538364049535, -21.324837035128088 ], [ -44.98538364049535, -21.323759056787139 ], [ -44.982688694642988, -21.323759056787139 ], [ -44.982688694642988, -21.324298045957612 ], [ -44.982419200057755, -21.324298045957612 ], [ -44.982419200057755, -21.324837035128088 ], [ -44.979993748790633, -21.324837035128091 ], [ -44.979993748790633, -21.32510652971332 ], [ -44.976490319182567, -21.325106529713327 ], [ -44.976490319182567, -21.325376024298556 ], [ -44.978646275864456, -21.325376024298556 ], [ -44.978646275864456, -21.325645518883796 ], [ -44.982149705472516, -21.325645518883793 ] ] ] } },
{ "type": "Feature", "properties": { "anos_com_queima": 1, "area_ha": 39.7614437173374, "inicio": 2011.0, "fim": 2025.0, "tipo": "recurrence", "id_feicao": "recurrence_2011_2025_584" }, "geometry": { "type": "Polygon", "coordinates": [ [ [ -44.96436306284695, -21.328340464736147 ], [ -44.965171546602662, -21.32834046473614 ], [ -44.965171546602662, -21.328609959321387 ], [ -44.965710535773134, -21.328609959321383 ], [ -44.965710535773134, -21.32887945390662 ], [ -44.967058008699311, -21.32887945390662 ], [ -44.967058008699311, -21.326992991809973 ], [ -44.969213965381201, -21.32699299180997 ], [ -44.969213965381201, -21.327531980980446 ], [ -44.969483459966433, -21.327531980980449 ], [ -44.969483459966433, -21.328609959321376 ], [ -44.970022449136906, -21.32860995932139 ], [ -44.970022449136906, -21.327531980980442 ], [ -44.971639416648323, -21.327531980980446 ], [ -44.971639416648323, -21.326723497224737 ], [ -44.971908911233555, -21.326723497224737 ], [ -44.971908911233555, -21.326454002639508 ], [ -44.972447900404028, -21.326454002639505 ], [ -44.972447900404028, -21.326184508054265 ], [ -44.973525878744972, -21.326184508054261 ], [ -44.973525878744972, -21.325915013469032 ], [ -44.973795373330205, -21.325915013469029 ], [ -44.973795373330205, -21.322681078446198 ], [ -44.97110042747785, -21.322681078446198 ], [ -44.97110042747785, -21.324028551372379 ], [ -44.967596997869784, -21.324028551372376 ], [ -44.967596997869784, -21.326184508054268 ], [ -44.965441041187894, -21.326184508054272 ], [ -44.965441041187894, -21.322950573031431 ], [ -44.965171546602662, -21.322950573031427 ], [ -44.965171546602662, -21.321603100105254 ], [ -44.964093568261717, -21.321603100105254 ], [ -44.964093568261717, -21.322142089275722 ], [ -44.963824073676477, -21.322142089275722 ], [ -44.963824073676477, -21.323489562201903 ], [ -44.964093568261717, -21.323489562201907 ], [ -44.964093568261717, -21.324567540542851 ], [ -44.964632557432189, -21.324567540542848 ], [ -44.964632557432189, -21.326723497224734 ], [ -44.96436306284695, -21.326723497224734 ], [ -44.96436306284695, -21.328340464736147 ] ] ] } },
{ "type": "Feature", "properties": { "anos_com_queima": 1, "area_ha": 10.503976636578534, "inicio": 2011.0, "fim": 2025.0, "tipo": "recurrence", "id_feicao": "recurrence_2011_2025_585" }, "geometry": { "type": "Polygon", "coordinates": [ [ [ -44.989965048444361, -21.31109281128105 ], [ -44.989965048444361, -21.310823316695817 ], [ -44.989156564688649, -21.310823316695814 ], [ -44.989156564688649, -21.310284327525348 ], [ -44.987809091762472, -21.310284327525341 ], [ -44.987809091762472, -21.310553822110588 ], [ -44.987270102591999, -21.310553822110585 ], [ -44.987270102591999, -21.313248767962946 ], [ -44.989426059273889, -21.313248767962939 ], [ -44.989426059273889, -21.313518262548175 ], [ -44.990504037614834, -21.313518262548186 ], [ -44.990504037614834, -21.312170789621995 ], [ -44.990773532200066, -21.312170789621998 ], [ -44.990773532200066, -21.311092811281053 ], [ -44.989965048444361, -21.31109281128105 ] ] ] } },
{ "type": "Feature", "properties": { "anos_com_queima": 1, "area_ha": 9.3374234236361957, "inicio": 2011.0, "fim": 2025.0, "tipo": "recurrence", "id_feicao": "recurrence_2011_2025_586" }, "geometry": { "type": "Polygon", "coordinates": [ [ [ -44.971908911233555, -21.305163930405861 ], [ -44.971908911233555, -21.30408595206492 ], [ -44.972178405818795, -21.30408595206492 ], [ -44.972178405818795, -21.303277468309208 ], [ -44.9729868895745, -21.303277468309219 ], [ -44.9729868895745, -21.302738479138743 ], [ -44.973795373330205, -21.302738479138746 ], [ -44.973795373330205, -21.30246898455351 ], [ -44.974064867915445, -21.30246898455351 ], [ -44.974064867915445, -21.302199489968274 ], [ -44.974603857085917, -21.302199489968274 ], [ -44.974603857085917, -21.301121511627336 ], [ -44.974334362500677, -21.301121511627329 ], [ -44.974334362500677, -21.300852017042093 ], [ -44.9729868895745, -21.300852017042093 ], [ -44.9729868895745, -21.301121511627336 ], [ -44.972447900404028, -21.301121511627329 ], [ -44.972447900404028, -21.302199489968277 ], [ -44.971908911233555, -21.302199489968267 ], [ -44.971908911233555, -21.302738479138746 ], [ -44.970561438307378, -21.302738479138743 ], [ -44.970561438307378, -21.305433424991104 ], [ -44.971639416648323, -21.305433424991097 ], [ -44.971639416648323, -21.305163930405861 ], [ -44.971908911233555, -21.305163930405861 ] ] ] } },
{ "type": "Feature", "properties": { "anos_com_queima": 1, "area_ha": 53.60929510071054, "inicio": 2011.0, "fim": 2025.0, "tipo": "recurrence", "id_feicao": "recurrence_2011_2025_587" }, "geometry": { "type": "Polygon", "coordinates": [ [ [ -44.974334362500677, -21.297348587434023 ], [ -44.974064867915445, -21.297348587434023 ], [ -44.974064867915445, -21.298426565774978 ], [ -44.973795373330205, -21.298426565774967 ], [ -44.973795373330205, -21.299235049530683 ], [ -44.973525878744972, -21.299235049530683 ], [ -44.973525878744972, -21.299774038701148 ], [ -44.973795373330205, -21.299774038701148 ], [ -44.973795373330205, -21.300043533286384 ], [ -44.975951330012094, -21.300043533286392 ], [ -44.975951330012094, -21.300582522456857 ], [ -44.976220824597327, -21.30058252245686 ], [ -44.976220824597327, -21.3008520170421 ], [ -44.977837792108744, -21.300852017042093 ], [ -44.977837792108744, -21.300582522456857 ], [ -44.978107286693984, -21.300582522456857 ], [ -44.978107286693984, -21.300313027871621 ], [ -44.978376781279216, -21.300313027871628 ], [ -44.978376781279216, -21.300043533286392 ], [ -44.978646275864456, -21.300043533286392 ], [ -44.978646275864456, -21.299774038701152 ], [ -44.978915770449689, -21.299774038701152 ], [ -44.978915770449689, -21.299504544115916 ], [ -44.979454759620161, -21.299504544115912 ], [ -44.979454759620161, -21.299235049530676 ], [ -44.979724254205394, -21.299235049530679 ], [ -44.979724254205394, -21.298965554945443 ], [ -44.979993748790633, -21.298965554945443 ], [ -44.979993748790633, -21.297348587434019 ], [ -44.979724254205394, -21.297348587434023 ], [ -44.979724254205394, -21.294653641581668 ], [ -44.979454759620161, -21.294653641581675 ], [ -44.979454759620161, -21.294384146996435 ], [ -44.979185265034921, -21.294384146996435 ], [ -44.979185265034921, -21.294114652411196 ], [ -44.978915770449689, -21.294114652411196 ], [ -44.978915770449689, -21.292767179485018 ], [ -44.978646275864456, -21.292767179485018 ], [ -44.978646275864456, -21.291419706558838 ], [ -44.978376781279216, -21.291419706558845 ], [ -44.978376781279216, -21.291150211973605 ], [ -44.978107286693984, -21.291150211973605 ], [ -44.978107286693984, -21.290880717388372 ], [ -44.977837792108744, -21.290880717388369 ], [ -44.977837792108744, -21.290611222803122 ], [ -44.977298802938272, -21.29061122280314 ], [ -44.977298802938272, -21.2903417282179 ], [ -44.975412340841622, -21.290341728217889 ], [ -44.975412340841622, -21.291689201144081 ], [ -44.975142846256389, -21.29168920114407 ], [ -44.975142846256389, -21.293306168655494 ], [ -44.97487335167115, -21.293306168655487 ], [ -44.97487335167115, -21.294384146996432 ], [ -44.974603857085917, -21.294384146996439 ], [ -44.974603857085917, -21.295731619922606 ], [ -44.974334362500677, -21.295731619922609 ], [ -44.974334362500677, -21.297348587434023 ] ] ] } },
{ "type": "Feature", "properties": { "anos_com_queima": 1, "area_ha": 5.7530839383227548, "inicio": 2011.0, "fim": 2025.0, "tipo": "recurrence", "id_feicao": "recurrence_2011_2025_588" }, "geometry": { "type": "Polygon", "coordinates": [ [ [ -44.988348080932944, -21.286568804024594 ], [ -44.988348080932944, -21.286029814854114 ], [ -44.987270102591999, -21.286029814854118 ], [ -44.987270102591999, -21.287377287780295 ], [ -44.987539597177239, -21.287377287780302 ], [ -44.987539597177239, -21.287646782365545 ], [ -44.988078586347704, -21.287646782365545 ], [ -44.988078586347704, -21.290611222803129 ], [ -44.989156564688649, -21.290611222803133 ], [ -44.989156564688649, -21.289263749876948 ], [ -44.988887070103416, -21.289263749876948 ], [ -44.988887070103416, -21.28656880402459 ], [ -44.988348080932944, -21.286568804024594 ] ] ] } },
{ "type": "Feature", "properties": { "anos_com_queima": 1, "area_ha": 1.9177306410134203, "inicio": 2011.0, "fim": 2025.0, "tipo": "recurrence", "id_feicao": "recurrence_2011_2025_589" }, "geometry": { "type": "Polygon", "coordinates": [ [ [ -44.985922629665822, -21.285760320268889 ], [ -44.985922629665822, -21.286029814854118 ], [ -44.987000608006767, -21.286029814854114 ], [ -44.987000608006767, -21.284951836513176 ], [ -44.986731113421527, -21.284951836513176 ], [ -44.986731113421527, -21.284682341927947 ], [ -44.985653135080582, -21.284682341927944 ], [ -44.985653135080582, -21.285760320268885 ], [ -44.985922629665822, -21.285760320268889 ] ] ] } },
{ "type": "Feature", "properties": { "anos_com_queima": 1, "area_ha": 1.6675994156189262, "inicio": 2011.0, "fim": 2025.0, "tipo": "recurrence", "id_feicao": "recurrence_2011_2025_590" }, "geometry": { "type": "Polygon", "coordinates": [ [ [ -44.979454759620161, -21.285221331098416 ], [ -44.980802232546338, -21.28522133109842 ], [ -44.980802232546338, -21.284143352757471 ], [ -44.979454759620161, -21.284143352757468 ], [ -44.979454759620161, -21.285221331098416 ] ] ] } },
{ "type": "Feature", "properties": { "anos_com_queima": 1, "area_ha": 1.6676057687252759, "inicio": 2011.0, "fim": 2025.0, "tipo": "recurrence", "id_feicao": "recurrence_2011_2025_591" }, "geometry": { "type": "Polygon", "coordinates": [ [ [ -44.963824073676477, -21.28468234192794 ], [ -44.965171546602662, -21.284682341927944 ], [ -44.965171546602662, -21.283604363586996 ], [ -44.963824073676477, -21.283604363587003 ], [ -44.963824073676477, -21.28468234192794 ] ] ] } },
{ "type": "Feature", "properties": { "anos_com_queima": 1, "area_ha": 16.926462417747452, "inicio": 2011.0, "fim": 2025.0, "tipo": "recurrence", "id_feicao": "recurrence_2011_2025_592" }, "geometry": { "type": "Polygon", "coordinates": [ [ [ -44.988887070103416, -21.28117891231987 ], [ -44.989156564688649, -21.281178912319881 ], [ -44.989156564688649, -21.281448406905117 ], [ -44.989426059273889, -21.281448406905113 ], [ -44.989426059273889, -21.281987396075589 ], [ -44.989695553859121, -21.281987396075586 ], [ -44.989695553859121, -21.282256890660811 ], [ -44.990234543029594, -21.282256890660815 ], [ -44.990234543029594, -21.282526385246054 ], [ -44.991043026785299, -21.282526385246062 ], [ -44.991043026785299, -21.284412847342708 ], [ -44.991582015955771, -21.284412847342708 ], [ -44.991582015955771, -21.28468234192794 ], [ -44.991851510541011, -21.284682341927944 ], [ -44.991851510541011, -21.283604363586992 ], [ -44.993198983467188, -21.283604363586996 ], [ -44.993198983467188, -21.285760320268885 ], [ -44.993737972637661, -21.285760320268889 ], [ -44.993737972637661, -21.286029814854125 ], [ -44.994815950978605, -21.286029814854125 ], [ -44.994815950978605, -21.284682341927947 ], [ -44.993468478052428, -21.28468234192794 ], [ -44.993468478052428, -21.281987396075586 ], [ -44.994546456393365, -21.281987396075586 ], [ -44.994546456393365, -21.280909417734641 ], [ -44.992929488881956, -21.280909417734641 ], [ -44.992929488881956, -21.280639923149401 ], [ -44.992659994296716, -21.280639923149401 ], [ -44.992659994296716, -21.281987396075586 ], [ -44.992929488881956, -21.281987396075589 ], [ -44.992929488881956, -21.283334869001756 ], [ -44.991851510541011, -21.283334869001759 ], [ -44.991851510541011, -21.281987396075589 ], [ -44.991043026785299, -21.281987396075586 ], [ -44.991043026785299, -21.281717901490349 ], [ -44.989965048444361, -21.281717901490349 ], [ -44.989965048444361, -21.280370428564172 ], [ -44.990504037614834, -21.280370428564169 ], [ -44.990504037614834, -21.2798314393937 ], [ -44.990234543029594, -21.279831439393696 ], [ -44.990234543029594, -21.278753461052759 ], [ -44.989965048444361, -21.278753461052759 ], [ -44.989965048444361, -21.278214471882283 ], [ -44.988348080932944, -21.278214471882283 ], [ -44.988348080932944, -21.278483966467519 ], [ -44.987809091762472, -21.278483966467519 ], [ -44.987809091762472, -21.279561944808471 ], [ -44.988078586347704, -21.279561944808467 ], [ -44.988078586347704, -21.279831439393703 ], [ -44.988348080932944, -21.279831439393703 ], [ -44.988348080932944, -21.280639923149408 ], [ -44.988887070103416, -21.280639923149408 ], [ -44.988887070103416, -21.28117891231987 ] ] ] } },
{ "type": "Feature", "properties": { "anos_com_queima": 1, "area_ha": 2.4180781421352933, "inicio": 2011.0, "fim": 2025.0, "tipo": "recurrence", "id_feicao": "recurrence_2011_2025_593" }, "geometry": { "type": "Polygon", "coordinates": [ [ [ -44.986731113421527, -21.280639923149405 ], [ -44.986731113421527, -21.280370428564158 ], [ -44.98538364049535, -21.280370428564162 ], [ -44.98538364049535, -21.281717901490346 ], [ -44.987000608006767, -21.281717901490346 ], [ -44.987000608006767, -21.280639923149405 ], [ -44.986731113421527, -21.280639923149405 ] ] ] } },
{ "type": "Feature", "properties": { "anos_com_queima": 1, "area_ha": 0.33353029857161082, "inicio": 2011.0, "fim": 2025.0, "tipo": "recurrence", "id_feicao": "recurrence_2011_2025_594" }, "geometry": { "type": "Polygon", "coordinates": [ [ [ -44.992659994296716, -21.280100933978925 ], [ -44.992659994296716, -21.2798314393937 ], [ -44.991582015955771, -21.2798314393937 ], [ -44.991582015955771, -21.280100933978936 ], [ -44.992659994296716, -21.280100933978925 ] ] ] } },
{ "type": "Feature", "properties": { "anos_com_queima": 1, "area_ha": 3.8357774471337907, "inicio": 2011.0, "fim": 2025.0, "tipo": "recurrence", "id_feicao": "recurrence_2011_2025_595" }, "geometry": { "type": "Polygon", "coordinates": [ [ [ -44.988887070103416, -21.27417205310374 ], [ -44.989965048444361, -21.27417205310374 ], [ -44.989965048444361, -21.273094074762799 ], [ -44.988348080932944, -21.27309407476281 ], [ -44.988348080932944, -21.272016096421858 ], [ -44.989156564688649, -21.272016096421861 ], [ -44.989156564688649, -21.271207612666146 ], [ -44.988078586347704, -21.271207612666149 ], [ -44.988078586347704, -21.272285591007094 ], [ -44.987539597177239, -21.27228559100709 ], [ -44.987539597177239, -21.273094074762806 ], [ -44.988078586347704, -21.273094074762806 ], [ -44.988078586347704, -21.273633063933271 ], [ -44.988348080932944, -21.273633063933268 ], [ -44.988348080932944, -21.273902558518511 ], [ -44.988887070103416, -21.273902558518508 ], [ -44.988887070103416, -21.27417205310374 ] ] ] } },
{ "type": "Feature", "properties": { "anos_com_queima": 1, "area_ha": 0.083386901785057199, "inicio": 2011.0, "fim": 2025.0, "tipo": "recurrence", "id_feicao": "recurrence_2011_2025_596" }, "geometry": { "type": "Polygon", "coordinates": [ [ [ -44.989426059273889, -21.272285591007087 ], [ -44.989426059273889, -21.272016096421851 ], [ -44.989156564688649, -21.272016096421861 ], [ -44.989156564688649, -21.272285591007094 ], [ -44.989426059273889, -21.272285591007087 ] ] ] } },
{ "type": "Feature", "properties": { "anos_com_queima": 1, "area_ha": 1.584370976206362, "inicio": 2011.0, "fim": 2025.0, "tipo": "recurrence", "id_feicao": "recurrence_2011_2025_597" }, "geometry": { "type": "Polygon", "coordinates": [ [ [ -44.988078586347704, -21.271207612666149 ], [ -44.988078586347704, -21.270129634325208 ], [ -44.989156564688649, -21.270129634325212 ], [ -44.989156564688649, -21.269860139739972 ], [ -44.988887070103416, -21.269860139739961 ], [ -44.988887070103416, -21.269590645154732 ], [ -44.987539597177239, -21.269590645154736 ], [ -44.987539597177239, -21.271207612666156 ], [ -44.988078586347704, -21.271207612666149 ] ] ] } },
{ "type": "Feature", "properties": { "anos_com_queima": 1, "area_ha": 2.8352994999222458, "inicio": 2011.0, "fim": 2025.0, "tipo": "recurrence", "id_feicao": "recurrence_2011_2025_598" }, "geometry": { "type": "Polygon", "coordinates": [ [ [ -44.966249524943606, -21.265278731790957 ], [ -44.967596997869784, -21.265278731790961 ], [ -44.967596997869784, -21.263661764279547 ], [ -44.965980030358367, -21.263661764279551 ], [ -44.965980030358367, -21.264739742620492 ], [ -44.966249524943606, -21.264739742620485 ], [ -44.966249524943606, -21.265278731790957 ] ] ] } },
{ "type": "Feature", "properties": { "anos_com_queima": 1, "area_ha": 1.1674856887552394, "inicio": 2011.0, "fim": 2025.0, "tipo": "recurrence", "id_feicao": "recurrence_2011_2025_599" }, "geometry": { "type": "Polygon", "coordinates": [ [ [ -44.978107286693984, -21.263122775109075 ], [ -44.978107286693984, -21.263661764279551 ], [ -44.977298802938272, -21.263661764279547 ], [ -44.977298802938272, -21.263931258864773 ], [ -44.978915770449689, -21.263931258864776 ], [ -44.978915770449689, -21.262853280523839 ], [ -44.978376781279216, -21.262853280523842 ], [ -44.978376781279216, -21.263122775109075 ], [ -44.978107286693984, -21.263122775109075 ] ] ] } },
{ "type": "Feature", "properties": { "anos_com_queima": 1, "area_ha": 0.25017549482456197, "inicio": 2011.0, "fim": 2025.0, "tipo": "recurrence", "id_feicao": "recurrence_2011_2025_600" }, "geometry": { "type": "Polygon", "coordinates": [ [ [ -44.977298802938272, -21.263661764279547 ], [ -44.977298802938272, -21.262853280523839 ], [ -44.977029308353039, -21.262853280523832 ], [ -44.977029308353039, -21.263661764279547 ], [ -44.977298802938272, -21.263661764279547 ] ] ] } },
{ "type": "Feature", "properties": { "anos_com_queima": 1, "area_ha": 0.83393494273796676, "inicio": 2011.0, "fim": 2025.0, "tipo": "recurrence", "id_feicao": "recurrence_2011_2025_601" }, "geometry": { "type": "Polygon", "coordinates": [ [ [ -44.978915770449689, -21.260697323841956 ], [ -44.979993748790633, -21.260697323841956 ], [ -44.979993748790633, -21.259888840086241 ], [ -44.979185265034921, -21.259888840086244 ], [ -44.979185265034921, -21.260427829256717 ], [ -44.978915770449689, -21.26042782925672 ], [ -44.978915770449689, -21.260697323841956 ] ] ] } },
{ "type": "Feature", "properties": { "anos_com_queima": 1, "area_ha": 0.83393683886316505, "inicio": 2011.0, "fim": 2025.0, "tipo": "recurrence", "id_feicao": "recurrence_2011_2025_602" }, "geometry": { "type": "Polygon", "coordinates": [ [ [ -44.978646275864456, -21.259888840086244 ], [ -44.978646275864456, -21.259349850915772 ], [ -44.978107286693984, -21.259349850915768 ], [ -44.978107286693984, -21.26042782925672 ], [ -44.978915770449689, -21.26042782925672 ], [ -44.978915770449689, -21.259888840086248 ], [ -44.978646275864456, -21.259888840086244 ] ] ] } },
{ "type": "Feature", "properties": { "anos_com_queima": 1, "area_ha": 2.7520091640568598, "inicio": 2011.0, "fim": 2025.0, "tipo": "recurrence", "id_feicao": "recurrence_2011_2025_603" }, "geometry": { "type": "Polygon", "coordinates": [ [ [ -44.978646275864456, -21.258541367160067 ], [ -44.978646275864456, -21.259349850915772 ], [ -44.979993748790633, -21.259349850915772 ], [ -44.979993748790633, -21.259619345501005 ], [ -44.980802232546338, -21.259619345501008 ], [ -44.980802232546338, -21.25827187257482 ], [ -44.979185265034921, -21.258271872574824 ], [ -44.979185265034921, -21.258541367160063 ], [ -44.978646275864456, -21.258541367160067 ] ] ] } },
{ "type": "Feature", "properties": { "anos_com_queima": 1, "area_ha": 3.0021952286970803, "inicio": 2011.0, "fim": 2025.0, "tipo": "recurrence", "id_feicao": "recurrence_2011_2025_604" }, "geometry": { "type": "Polygon", "coordinates": [ [ [ -44.969752954551666, -21.258271872574831 ], [ -44.969213965381201, -21.258271872574827 ], [ -44.969213965381201, -21.259619345501005 ], [ -44.970561438307378, -21.259619345501005 ], [ -44.970561438307378, -21.259080356330532 ], [ -44.97110042747785, -21.259080356330539 ], [ -44.97110042747785, -21.258002377989598 ], [ -44.969752954551666, -21.258002377989595 ], [ -44.969752954551666, -21.258271872574831 ] ] ] } },
{ "type": "Feature", "properties": { "anos_com_queima": 1, "area_ha": 4.2531737276549393, "inicio": 2011.0, "fim": 2025.0, "tipo": "recurrence", "id_feicao": "recurrence_2011_2025_605" }, "geometry": { "type": "Polygon", "coordinates": [ [ [ -44.973525878744972, -21.256385410478178 ], [ -44.973525878744972, -21.256115915892941 ], [ -44.973256384159733, -21.256115915892938 ], [ -44.973256384159733, -21.255846421307709 ], [ -44.9729868895745, -21.255846421307709 ], [ -44.9729868895745, -21.255576926722476 ], [ -44.971369922063083, -21.255576926722476 ], [ -44.971369922063083, -21.256654905063417 ], [ -44.971639416648323, -21.256654905063421 ], [ -44.971639416648323, -21.256924399648646 ], [ -44.971908911233555, -21.256924399648643 ], [ -44.971908911233555, -21.257193894233879 ], [ -44.972178405818795, -21.257193894233883 ], [ -44.972178405818795, -21.257463388819119 ], [ -44.973795373330205, -21.257463388819119 ], [ -44.973795373330205, -21.25638541047817 ], [ -44.973525878744972, -21.256385410478178 ] ] ] } },
{ "type": "Feature", "properties": { "anos_com_queima": 1, "area_ha": 0.083397200088124665, "inicio": 2011.0, "fim": 2025.0, "tipo": "recurrence", "id_feicao": "recurrence_2011_2025_606" }, "geometry": { "type": "Polygon", "coordinates": [ [ [ -44.97487335167115, -21.253690464625823 ], [ -44.97487335167115, -21.253420970040583 ], [ -44.974603857085917, -21.253420970040576 ], [ -44.974603857085917, -21.253690464625823 ], [ -44.97487335167115, -21.253690464625823 ] ] ] } },
{ "type": "Feature", "properties": { "anos_com_queima": 1, "area_ha": 6.0880658439628776, "inicio": 2011.0, "fim": 2025.0, "tipo": "recurrence", "id_feicao": "recurrence_2011_2025_607" }, "geometry": { "type": "Polygon", "coordinates": [ [ [ -44.973795373330205, -21.252612486284875 ], [ -44.97487335167115, -21.252612486284875 ], [ -44.97487335167115, -21.253420970040583 ], [ -44.975142846256389, -21.253420970040587 ], [ -44.975142846256389, -21.251534507943926 ], [ -44.974603857085917, -21.25153450794393 ], [ -44.974603857085917, -21.251265013358694 ], [ -44.974334362500677, -21.251265013358697 ], [ -44.974334362500677, -21.250456529602985 ], [ -44.9729868895745, -21.250456529602985 ], [ -44.9729868895745, -21.250995518773465 ], [ -44.972178405818795, -21.250995518773461 ], [ -44.972178405818795, -21.252073497114406 ], [ -44.973256384159733, -21.252073497114406 ], [ -44.973256384159733, -21.253420970040587 ], [ -44.973525878744972, -21.253420970040587 ], [ -44.973525878744972, -21.253690464625823 ], [ -44.973795373330205, -21.253690464625819 ], [ -44.973795373330205, -21.252612486284875 ] ] ] } },
{ "type": "Feature", "properties": { "anos_com_queima": 1, "area_ha": 1.334370763284656, "inicio": 2011.0, "fim": 2025.0, "tipo": "recurrence", "id_feicao": "recurrence_2011_2025_608" }, "geometry": { "type": "Polygon", "coordinates": [ [ [ -44.971908911233555, -21.252342991699646 ], [ -44.971908911233555, -21.251265013358694 ], [ -44.970830932892611, -21.25126501335869 ], [ -44.970830932892611, -21.252342991699646 ], [ -44.971908911233555, -21.252342991699646 ] ] ] } },
{ "type": "Feature", "properties": { "anos_com_queima": 1, "area_ha": 0.75062150955595242, "inicio": 2011.0, "fim": 2025.0, "tipo": "recurrence", "id_feicao": "recurrence_2011_2025_609" }, "geometry": { "type": "Polygon", "coordinates": [ [ [ -44.982958189228228, -21.24425815414256 ], [ -44.982958189228228, -21.2445276487278 ], [ -44.98322768381346, -21.244527648727797 ], [ -44.98322768381346, -21.244258154142567 ], [ -44.9834971783987, -21.244258154142557 ], [ -44.9834971783987, -21.243719164972088 ], [ -44.982419200057755, -21.243719164972081 ], [ -44.982419200057755, -21.244258154142564 ], [ -44.982958189228228, -21.24425815414256 ] ] ] } },
{ "type": "Feature", "properties": { "anos_com_queima": 1, "area_ha": 1.668115573539585, "inicio": 2011.0, "fim": 2025.0, "tipo": "recurrence", "id_feicao": "recurrence_2011_2025_610" }, "geometry": { "type": "Polygon", "coordinates": [ [ [ -44.96436306284695, -21.238598767852615 ], [ -44.965710535773134, -21.238598767852611 ], [ -44.965710535773134, -21.237520789511667 ], [ -44.96436306284695, -21.237520789511674 ], [ -44.96436306284695, -21.238598767852615 ] ] ] } },
{ "type": "Feature", "properties": { "anos_com_queima": 1, "area_ha": 8.7577692620991048, "inicio": 2011.0, "fim": 2025.0, "tipo": "recurrence", "id_feicao": "recurrence_2011_2025_611" }, "geometry": { "type": "Polygon", "coordinates": [ [ [ -44.977029308353039, -21.236712305755955 ], [ -44.977029308353039, -21.236442811170722 ], [ -44.977298802938272, -21.236442811170729 ], [ -44.977298802938272, -21.235903822000246 ], [ -44.977837792108744, -21.23590382200025 ], [ -44.977837792108744, -21.235364832829777 ], [ -44.978107286693984, -21.235364832829781 ], [ -44.978107286693984, -21.235095338244548 ], [ -44.978376781279216, -21.235095338244538 ], [ -44.978376781279216, -21.234825843659312 ], [ -44.978646275864456, -21.234825843659316 ], [ -44.978646275864456, -21.233747865318364 ], [ -44.977029308353039, -21.233747865318374 ], [ -44.977029308353039, -21.234017359903607 ], [ -44.976759813767799, -21.234017359903604 ], [ -44.976759813767799, -21.234286854488843 ], [ -44.976220824597327, -21.23428685448884 ], [ -44.976220824597327, -21.234556349074079 ], [ -44.975951330012094, -21.234556349074072 ], [ -44.975951330012094, -21.234825843659308 ], [ -44.97487335167115, -21.234825843659305 ], [ -44.97487335167115, -21.236712305755958 ], [ -44.977029308353039, -21.236712305755955 ] ] ] } },
{ "type": "Feature", "properties": { "anos_com_queima": 1, "area_ha": 2.2520542557469234, "inicio": 2011.0, "fim": 2025.0, "tipo": "recurrence", "id_feicao": "recurrence_2011_2025_612" }, "geometry": { "type": "Polygon", "coordinates": [ [ [ -44.963285084506012, -21.231052919466009 ], [ -44.963285084506012, -21.23213089780695 ], [ -44.96436306284695, -21.23213089780695 ], [ -44.96436306284695, -21.231861403221714 ], [ -44.964902052017422, -21.231861403221711 ], [ -44.964902052017422, -21.230783424880777 ], [ -44.963554579091245, -21.230783424880777 ], [ -44.963554579091245, -21.231052919466006 ], [ -44.963285084506012, -21.231052919466009 ] ] ] } },
{ "type": "Feature", "properties": { "anos_com_queima": 1, "area_ha": 0.41707008225945758, "inicio": 2011.0, "fim": 2025.0, "tipo": "recurrence", "id_feicao": "recurrence_2011_2025_613" }, "geometry": { "type": "Polygon", "coordinates": [ [ [ -44.987809091762472, -21.223237576494167 ], [ -44.989156564688649, -21.223237576494167 ], [ -44.989156564688649, -21.222968081908927 ], [ -44.987809091762472, -21.222968081908927 ], [ -44.987809091762472, -21.223237576494167 ] ] ] } },
{ "type": "Feature", "properties": { "anos_com_queima": 1, "area_ha": 0.58390113958884027, "inicio": 2011.0, "fim": 2025.0, "tipo": "recurrence", "id_feicao": "recurrence_2011_2025_614" }, "geometry": { "type": "Polygon", "coordinates": [ [ [ -44.987539597177239, -21.222429092738462 ], [ -44.987809091762472, -21.222429092738462 ], [ -44.987809091762472, -21.221890103567993 ], [ -44.986192124251055, -21.221890103567986 ], [ -44.986192124251055, -21.222159598153219 ], [ -44.987539597177239, -21.222159598153219 ], [ -44.987539597177239, -21.222429092738462 ] ] ] } },
{ "type": "Feature", "properties": { "anos_com_queima": 1, "area_ha": 0.33365845395019278, "inicio": 2011.0, "fim": 2025.0, "tipo": "recurrence", "id_feicao": "recurrence_2011_2025_615" }, "geometry": { "type": "Polygon", "coordinates": [ [ [ -44.984844651324877, -21.222159598153226 ], [ -44.985922629665822, -21.222159598153226 ], [ -44.985922629665822, -21.22189010356799 ], [ -44.984844651324877, -21.22189010356799 ], [ -44.984844651324877, -21.222159598153226 ] ] ] } },
{ "type": "Feature", "properties": { "anos_com_queima": 1, "area_ha": 0.25024606408528616, "inicio": 2011.0, "fim": 2025.0, "tipo": "recurrence", "id_feicao": "recurrence_2011_2025_616" }, "geometry": { "type": "Polygon", "coordinates": [ [ [ -44.991043026785299, -21.220812125227042 ], [ -44.991043026785299, -21.220542630641805 ], [ -44.990234543029594, -21.220542630641809 ], [ -44.990234543029594, -21.220812125227038 ], [ -44.991043026785299, -21.220812125227042 ] ] ] } },
{ "type": "Feature", "properties": { "anos_com_queima": 1, "area_ha": 0.083415503842131894, "inicio": 2011.0, "fim": 2025.0, "tipo": "recurrence", "id_feicao": "recurrence_2011_2025_617" }, "geometry": { "type": "Polygon", "coordinates": [ [ [ -44.989965048444361, -21.220542630641813 ], [ -44.989965048444361, -21.220273136056569 ], [ -44.989695553859121, -21.220273136056569 ], [ -44.989695553859121, -21.220542630641805 ], [ -44.989965048444361, -21.220542630641813 ] ] ] } },
{ "type": "Feature", "properties": { "anos_com_queima": 1, "area_ha": 0.16683100643949583, "inicio": 2011.0, "fim": 2025.0, "tipo": "recurrence", "id_feicao": "recurrence_2011_2025_618" }, "geometry": { "type": "Polygon", "coordinates": [ [ [ -44.991043026785299, -21.220542630641805 ], [ -44.991582015955771, -21.220542630641813 ], [ -44.991582015955771, -21.220273136056573 ], [ -44.991043026785299, -21.220273136056583 ], [ -44.991043026785299, -21.220542630641805 ] ] ] } },
{ "type": "Feature", "properties": { "anos_com_queima": 1, "area_ha": 0.083415652760030476, "inicio": 2011.0, "fim": 2025.0, "tipo": "recurrence", "id_feicao": "recurrence_2011_2025_619" }, "geometry": { "type": "Polygon", "coordinates": [ [ [ -44.989695553859121, -21.220273136056569 ], [ -44.989695553859121, -21.220003641471337 ], [ -44.989426059273889, -21.220003641471333 ], [ -44.989426059273889, -21.220273136056569 ], [ -44.989695553859121, -21.220273136056569 ] ] ] } },
{ "type": "Feature", "properties": { "anos_com_queima": 1, "area_ha": 1.3346542409519631, "inicio": 2011.0, "fim": 2025.0, "tipo": "recurrence", "id_feicao": "recurrence_2011_2025_620" }, "geometry": { "type": "Polygon", "coordinates": [ [ [ -44.973256384159733, -21.220273136056573 ], [ -44.973256384159733, -21.219195157715625 ], [ -44.972178405818795, -21.219195157715632 ], [ -44.972178405818795, -21.220273136056569 ], [ -44.973256384159733, -21.220273136056573 ] ] ] } },
{ "type": "Feature", "properties": { "anos_com_queima": 1, "area_ha": 0.41708206311399115, "inicio": 2011.0, "fim": 2025.0, "tipo": "recurrence", "id_feicao": "recurrence_2011_2025_621" }, "geometry": { "type": "Polygon", "coordinates": [ [ [ -44.990773532200066, -21.219195157715625 ], [ -44.991043026785299, -21.219195157715625 ], [ -44.991043026785299, -21.218386673959923 ], [ -44.990504037614834, -21.218386673959923 ], [ -44.990504037614834, -21.218925663130396 ], [ -44.990773532200066, -21.218925663130392 ], [ -44.990773532200066, -21.219195157715625 ] ] ] } },
{ "type": "Feature", "properties": { "anos_com_queima": 1, "area_ha": 0.08341669358033027, "inicio": 2011.0, "fim": 2025.0, "tipo": "recurrence", "id_feicao": "recurrence_2011_2025_622" }, "geometry": { "type": "Polygon", "coordinates": [ [ [ -44.991312521370538, -21.218386673959927 ], [ -44.991312521370538, -21.218117179374683 ], [ -44.991043026785299, -21.218117179374691 ], [ -44.991043026785299, -21.218386673959923 ], [ -44.991312521370538, -21.218386673959927 ] ] ] } },
{ "type": "Feature", "properties": { "anos_com_queima": 1, "area_ha": 31.698463755762855, "inicio": 2011.0, "fim": 2025.0, "tipo": "recurrence", "id_feicao": "recurrence_2011_2025_623" }, "geometry": { "type": "Polygon", "coordinates": [ [ [ -44.982419200057755, -21.217039201033746 ], [ -44.982688694642988, -21.217039201033746 ], [ -44.982688694642988, -21.217308695618975 ], [ -44.982958189228228, -21.217308695618975 ], [ -44.982958189228228, -21.220542630641805 ], [ -44.98322768381346, -21.220542630641805 ], [ -44.98322768381346, -21.221081619812281 ], [ -44.9834971783987, -21.221081619812278 ], [ -44.9834971783987, -21.221351114397514 ], [ -44.984036167569172, -21.221351114397518 ], [ -44.984036167569172, -21.221081619812281 ], [ -44.983766672983933, -21.221081619812278 ], [ -44.983766672983933, -21.219734146886093 ], [ -44.984036167569172, -21.219734146886093 ], [ -44.984036167569172, -21.218656168545159 ], [ -44.98538364049535, -21.218656168545159 ], [ -44.98538364049535, -21.219464652300861 ], [ -44.986731113421527, -21.219464652300868 ], [ -44.986731113421527, -21.221081619812281 ], [ -44.987809091762472, -21.221081619812281 ], [ -44.987809091762472, -21.22135111439751 ], [ -44.988617575518177, -21.221351114397525 ], [ -44.988617575518177, -21.221620608982747 ], [ -44.988887070103416, -21.221620608982757 ], [ -44.988887070103416, -21.220003641471337 ], [ -44.989156564688649, -21.22000364147134 ], [ -44.989156564688649, -21.2197341468861 ], [ -44.988617575518177, -21.219734146886093 ], [ -44.988617575518177, -21.216230717278027 ], [ -44.987539597177239, -21.21623071727803 ], [ -44.987539597177239, -21.216500211863274 ], [ -44.986731113421527, -21.21650021186327 ], [ -44.986731113421527, -21.216230717278027 ], [ -44.985653135080582, -21.216230717278037 ], [ -44.985653135080582, -21.215152738937089 ], [ -44.98538364049535, -21.215152738937093 ], [ -44.98538364049535, -21.21488324435186 ], [ -44.9834971783987, -21.214883244351853 ], [ -44.9834971783987, -21.214074760596141 ], [ -44.98322768381346, -21.214074760596148 ], [ -44.98322768381346, -21.214344255181381 ], [ -44.982419200057755, -21.214344255181381 ], [ -44.982419200057755, -21.21461374976662 ], [ -44.981341221716811, -21.214613749766617 ], [ -44.981341221716811, -21.215961222692794 ], [ -44.98161071630205, -21.215961222692801 ], [ -44.98161071630205, -21.216500211863274 ], [ -44.981880210887283, -21.216500211863266 ], [ -44.981880210887283, -21.21676970644851 ], [ -44.982419200057755, -21.216769706448503 ], [ -44.982419200057755, -21.217039201033746 ] ], [ [ -44.986731113421527, -21.218117179374687 ], [ -44.987270102591999, -21.21811717937468 ], [ -44.987270102591999, -21.219464652300868 ], [ -44.986731113421527, -21.219464652300868 ], [ -44.986731113421527, -21.218117179374687 ] ], [ [ -44.985653135080582, -21.217039201033735 ], [ -44.98538364049535, -21.217039201033742 ], [ -44.98538364049535, -21.218386673959923 ], [ -44.984844651324877, -21.218386673959916 ], [ -44.984844651324877, -21.216230717278034 ], [ -44.985653135080582, -21.216230717278037 ], [ -44.985653135080582, -21.217039201033735 ] ] ] } },
{ "type": "Feature", "properties": { "anos_com_queima": 1, "area_ha": 0.75075357805751264, "inicio": 2011.0, "fim": 2025.0, "tipo": "recurrence", "id_feicao": "recurrence_2011_2025_624" }, "geometry": { "type": "Polygon", "coordinates": [ [ [ -44.992929488881956, -21.21676970644851 ], [ -44.992659994296716, -21.216769706448499 ], [ -44.992659994296716, -21.217578190204211 ], [ -44.991851510541011, -21.217578190204215 ], [ -44.991851510541011, -21.217847684789447 ], [ -44.991582015955771, -21.217847684789451 ], [ -44.991582015955771, -21.218117179374691 ], [ -44.992121005126243, -21.218117179374691 ], [ -44.992121005126243, -21.217847684789447 ], [ -44.992929488881956, -21.217847684789454 ], [ -44.992929488881956, -21.21676970644851 ] ] ] } },
{ "type": "Feature", "properties": { "anos_com_queima": 1, "area_ha": 0.083417288905468401, "inicio": 2011.0, "fim": 2025.0, "tipo": "recurrence", "id_feicao": "recurrence_2011_2025_625" }, "geometry": { "type": "Polygon", "coordinates": [ [ [ -44.990773532200066, -21.217308695618978 ], [ -44.990773532200066, -21.217039201033742 ], [ -44.990504037614834, -21.217039201033746 ], [ -44.990504037614834, -21.217308695618986 ], [ -44.990773532200066, -21.217308695618978 ] ] ] } },
{ "type": "Feature", "properties": { "anos_com_queima": 1, "area_ha": 0.25025320531257772, "inicio": 2011.0, "fim": 2025.0, "tipo": "recurrence", "id_feicao": "recurrence_2011_2025_626" }, "geometry": { "type": "Polygon", "coordinates": [ [ [ -44.991043026785299, -21.216769706448506 ], [ -44.991043026785299, -21.21596122269279 ], [ -44.990773532200066, -21.215961222692798 ], [ -44.990773532200066, -21.216769706448503 ], [ -44.991043026785299, -21.216769706448506 ] ] ] } },
{ "type": "Feature", "properties": { "anos_com_queima": 1, "area_ha": 3.5869852777495979, "inicio": 2011.0, "fim": 2025.0, "tipo": "recurrence", "id_feicao": "recurrence_2011_2025_627" }, "geometry": { "type": "Polygon", "coordinates": [ [ [ -44.990504037614834, -21.214883244351856 ], [ -44.992121005126243, -21.214883244351856 ], [ -44.992121005126243, -21.214074760596141 ], [ -44.990504037614834, -21.214074760596155 ], [ -44.990504037614834, -21.213805266010912 ], [ -44.990234543029594, -21.213805266010901 ], [ -44.990234543029594, -21.215961222692794 ], [ -44.989965048444361, -21.215961222692805 ], [ -44.989965048444361, -21.216230717278034 ], [ -44.989426059273889, -21.216230717278027 ], [ -44.989426059273889, -21.217308695618978 ], [ -44.990234543029594, -21.217308695618971 ], [ -44.990234543029594, -21.217039201033739 ], [ -44.990504037614834, -21.217039201033746 ], [ -44.990504037614834, -21.214883244351856 ] ] ] } },
{ "type": "Feature", "properties": { "anos_com_queima": 1, "area_ha": 0.083419078061307522, "inicio": 2011.0, "fim": 2025.0, "tipo": "recurrence", "id_feicao": "recurrence_2011_2025_628" }, "geometry": { "type": "Polygon", "coordinates": [ [ [ -44.983766672983933, -21.214074760596144 ], [ -44.983766672983933, -21.213805266010915 ], [ -44.9834971783987, -21.213805266010915 ], [ -44.9834971783987, -21.214074760596141 ], [ -44.983766672983933, -21.214074760596144 ] ] ] } },
{ "type": "Feature", "properties": { "anos_com_queima": 1, "area_ha": 0.33367749744142761, "inicio": 2011.0, "fim": 2025.0, "tipo": "recurrence", "id_feicao": "recurrence_2011_2025_629" }, "geometry": { "type": "Polygon", "coordinates": [ [ [ -44.985922629665822, -21.213535771425679 ], [ -44.985922629665822, -21.213266276840439 ], [ -44.984844651324877, -21.213266276840443 ], [ -44.984844651324877, -21.213535771425672 ], [ -44.985922629665822, -21.213535771425679 ] ] ] } },
{ "type": "Feature", "properties": { "anos_com_queima": 1, "area_ha": 0.0069766908494933661, "inicio": 2011.0, "fim": 2025.0, "tipo": "recurrence", "id_feicao": "recurrence_2011_2025_630" }, "geometry": { "type": "Polygon", "coordinates": [ [ [ -44.9624766007503, -21.212996782255203 ], [ -44.962476600750406, -21.212877488139359 ], [ -44.962374766864968, -21.212996782305762 ], [ -44.9624766007503, -21.212996782255203 ] ] ] } },
{ "type": "Feature", "properties": { "anos_com_queima": 1, "area_ha": 0.25025945153978713, "inicio": 2011.0, "fim": 2025.0, "tipo": "recurrence", "id_feicao": "recurrence_2011_2025_631" }, "geometry": { "type": "Polygon", "coordinates": [ [ [ -44.992659994296716, -21.212727287669967 ], [ -44.992659994296716, -21.212457793084738 ], [ -44.991851510541011, -21.212457793084731 ], [ -44.991851510541011, -21.212727287669967 ], [ -44.992659994296716, -21.212727287669967 ] ] ] } },
{ "type": "Feature", "properties": { "anos_com_queima": 1, "area_ha": 0.91761905948011768, "inicio": 2011.0, "fim": 2025.0, "tipo": "recurrence", "id_feicao": "recurrence_2011_2025_632" }, "geometry": { "type": "Polygon", "coordinates": [ [ [ -44.987809091762472, -21.212457793084731 ], [ -44.987809091762472, -21.211649309329022 ], [ -44.987539597177239, -21.211649309329015 ], [ -44.987539597177239, -21.212188298499498 ], [ -44.987270102591999, -21.212188298499491 ], [ -44.987270102591999, -21.212457793084734 ], [ -44.986731113421527, -21.212457793084731 ], [ -44.986731113421527, -21.212727287669971 ], [ -44.986461618836294, -21.212727287669967 ], [ -44.986461618836294, -21.212996782255196 ], [ -44.987539597177239, -21.212996782255207 ], [ -44.987539597177239, -21.212457793084734 ], [ -44.987809091762472, -21.212457793084731 ] ] ] } },
{ "type": "Feature", "properties": { "anos_com_queima": 1, "area_ha": 0.083420114951115107, "inicio": 2011.0, "fim": 2025.0, "tipo": "recurrence", "id_feicao": "recurrence_2011_2025_633" }, "geometry": { "type": "Polygon", "coordinates": [ [ [ -44.991312521370538, -21.212188298499491 ], [ -44.991582015955771, -21.212188298499495 ], [ -44.991582015955771, -21.211918803914262 ], [ -44.991312521370538, -21.211918803914266 ], [ -44.991312521370538, -21.212188298499491 ] ] ] } },
{ "type": "Feature", "properties": { "anos_com_queima": 1, "area_ha": 10.1772442696022, "inicio": 2011.0, "fim": 2025.0, "tipo": "recurrence", "id_feicao": "recurrence_2011_2025_634" }, "geometry": { "type": "Polygon", "coordinates": [ [ [ -44.97271739498926, -21.214074760596141 ], [ -44.97271739498926, -21.212996782255203 ], [ -44.972178405818795, -21.212996782255203 ], [ -44.972178405818795, -21.212457793084731 ], [ -44.971908911233555, -21.212457793084731 ], [ -44.971908911233555, -21.212188298499491 ], [ -44.971369922063083, -21.212188298499495 ], [ -44.971369922063083, -21.211918803914259 ], [ -44.971639416648323, -21.211918803914259 ], [ -44.971639416648323, -21.211110320158557 ], [ -44.971369922063083, -21.211110320158557 ], [ -44.971369922063083, -21.210301836402845 ], [ -44.97110042747785, -21.210301836402842 ], [ -44.97110042747785, -21.210032341817616 ], [ -44.970830932892611, -21.21003234181762 ], [ -44.970830932892611, -21.209223858061904 ], [ -44.969752954551666, -21.209223858061904 ], [ -44.969752954551666, -21.210840825573317 ], [ -44.970022449136906, -21.210840825573314 ], [ -44.970022449136906, -21.211110320158557 ], [ -44.970291943722138, -21.211110320158546 ], [ -44.970291943722138, -21.214613749766624 ], [ -44.971908911233555, -21.214613749766617 ], [ -44.971908911233555, -21.214344255181381 ], [ -44.972178405818795, -21.214344255181384 ], [ -44.972178405818795, -21.214074760596144 ], [ -44.97271739498926, -21.214074760596141 ] ] ] } },
{ "type": "Feature", "properties": { "anos_com_queima": 1, "area_ha": 0.083420412749142886, "inicio": 2011.0, "fim": 2025.0, "tipo": "recurrence", "id_feicao": "recurrence_2011_2025_635" }, "geometry": { "type": "Polygon", "coordinates": [ [ [ -44.990773532200066, -21.211649309329019 ], [ -44.990773532200066, -21.211379814743793 ], [ -44.990504037614834, -21.21137981474379 ], [ -44.990504037614834, -21.211649309329029 ], [ -44.990773532200066, -21.211649309329019 ] ] ] } },
{ "type": "Feature", "properties": { "anos_com_queima": 1, "area_ha": 0.50052337454659868, "inicio": 2011.0, "fim": 2025.0, "tipo": "recurrence", "id_feicao": "recurrence_2011_2025_636" }, "geometry": { "type": "Polygon", "coordinates": [ [ [ -44.987809091762472, -21.21137981474379 ], [ -44.989426059273889, -21.211379814743797 ], [ -44.989426059273889, -21.21111032015855 ], [ -44.987809091762472, -21.211110320158557 ], [ -44.987809091762472, -21.21137981474379 ] ] ] } },
{ "type": "Feature", "properties": { "anos_com_queima": 1, "area_ha": 0.16684112354815006, "inicio": 2011.0, "fim": 2025.0, "tipo": "recurrence", "id_feicao": "recurrence_2011_2025_637" }, "geometry": { "type": "Polygon", "coordinates": [ [ [ -44.989695553859121, -21.211379814743786 ], [ -44.990234543029594, -21.21137981474379 ], [ -44.990234543029594, -21.211110320158557 ], [ -44.989695553859121, -21.211110320158557 ], [ -44.989695553859121, -21.211379814743786 ] ] ] } },
{ "type": "Feature", "properties": { "anos_com_queima": 1, "area_ha": 2.3358031406305728, "inicio": 2011.0, "fim": 2025.0, "tipo": "recurrence", "id_feicao": "recurrence_2011_2025_638" }, "geometry": { "type": "Polygon", "coordinates": [ [ [ -44.97271739498926, -21.209762847232373 ], [ -44.9729868895745, -21.209762847232373 ], [ -44.9729868895745, -21.208684868891428 ], [ -44.971639416648323, -21.208684868891432 ], [ -44.971639416648323, -21.210301836402849 ], [ -44.97271739498926, -21.210301836402838 ], [ -44.97271739498926, -21.209762847232373 ] ] ] } },
{ "type": "Feature", "properties": { "anos_com_queima": 1, "area_ha": 1.3347920451374624, "inicio": 2011.0, "fim": 2025.0, "tipo": "recurrence", "id_feicao": "recurrence_2011_2025_639" }, "geometry": { "type": "Polygon", "coordinates": [ [ [ -44.989965048444361, -21.204642450112893 ], [ -44.989965048444361, -21.203564471771951 ], [ -44.988887070103416, -21.203564471771951 ], [ -44.988887070103416, -21.204642450112896 ], [ -44.989965048444361, -21.204642450112893 ] ] ] } },
{ "type": "Feature", "properties": { "anos_com_queima": 1, "area_ha": 15.800064279875002, "inicio": 2011.0, "fim": 2025.0, "tipo": "recurrence", "id_feicao": "recurrence_2011_2025_640" }, "geometry": { "type": "Polygon", "coordinates": [ [ [ -44.982419200057755, -21.202216998845774 ], [ -44.982419200057755, -21.201947504260531 ], [ -44.983766672983933, -21.201947504260534 ], [ -44.983766672983933, -21.201408515090066 ], [ -44.981880210887283, -21.201408515090062 ], [ -44.981880210887283, -21.20086952591959 ], [ -44.981387436767342, -21.200869526380018 ], [ -44.981298, -21.201049 ], [ -44.981162, -21.201336 ], [ -44.981062999999899, -21.201565 ], [ -44.980964, -21.201783 ], [ -44.98084, -21.202069999999896 ], [ -44.980802232548236, -21.202235457534503 ], [ -44.980802232546338, -21.203025482601479 ], [ -44.9804944629212, -21.203025482812105 ], [ -44.980406, -21.203184 ], [ -44.980263243376996, -21.203310221244056 ], [ -44.980263243375866, -21.204642450112896 ], [ -44.981880210887283, -21.204642450112885 ], [ -44.981880210887283, -21.204911944698132 ], [ -44.982149705472516, -21.204911944698132 ], [ -44.982149705472516, -21.205181439283368 ], [ -44.98322768381346, -21.205181439283361 ], [ -44.98322768381346, -21.204642450112893 ], [ -44.9834971783987, -21.204642450112889 ], [ -44.9834971783987, -21.204103460942424 ], [ -44.983766672983933, -21.204103460942427 ], [ -44.983766672983933, -21.203564471771951 ], [ -44.985653135080582, -21.203564471771951 ], [ -44.985653135080582, -21.202486493431014 ], [ -44.986731113421527, -21.20248649343101 ], [ -44.986731113421527, -21.200869525919593 ], [ -44.985653135080582, -21.200869525919593 ], [ -44.985653135080582, -21.201678009675291 ], [ -44.984305662154405, -21.201678009675298 ], [ -44.984305662154405, -21.20221699884577 ], [ -44.984036167569172, -21.202216998845774 ], [ -44.984036167569172, -21.203025482601479 ], [ -44.982958189228228, -21.203025482601475 ], [ -44.982958189228228, -21.203294977186708 ], [ -44.981880210887283, -21.203294977186715 ], [ -44.981880210887283, -21.202216998845778 ], [ -44.982419200057755, -21.202216998845774 ] ] ] } },
{ "type": "Feature", "properties": { "anos_com_queima": 1, "area_ha": 2.2524789430230854, "inicio": 2011.0, "fim": 2025.0, "tipo": "recurrence", "id_feicao": "recurrence_2011_2025_641" }, "geometry": { "type": "Polygon", "coordinates": [ [ [ -44.987000608006767, -21.203564471771951 ], [ -44.985922629665822, -21.203564471771951 ], [ -44.985922629665822, -21.203833966357188 ], [ -44.987809091762472, -21.203833966357184 ], [ -44.987809091762472, -21.203564471771951 ], [ -44.988078586347704, -21.203564471771948 ], [ -44.988078586347704, -21.20221699884577 ], [ -44.987000608006767, -21.20221699884577 ], [ -44.987000608006767, -21.203564471771951 ] ] ] } },
{ "type": "Feature", "properties": { "anos_com_queima": 1, "area_ha": 0.083425621184264193, "inicio": 2011.0, "fim": 2025.0, "tipo": "recurrence", "id_feicao": "recurrence_2011_2025_642" }, "geometry": { "type": "Polygon", "coordinates": [ [ [ -44.984036167569172, -21.202216998845774 ], [ -44.984036167569172, -21.201947504260531 ], [ -44.983766672983933, -21.201947504260534 ], [ -44.983766672983933, -21.202216998845767 ], [ -44.984036167569172, -21.202216998845774 ] ] ] } },
{ "type": "Feature", "properties": { "anos_com_queima": 1, "area_ha": 5.6729875207154103, "inicio": 2011.0, "fim": 2025.0, "tipo": "recurrence", "id_feicao": "recurrence_2011_2025_643" }, "geometry": { "type": "Polygon", "coordinates": [ [ [ -44.992659994296716, -21.201408515090062 ], [ -44.992659994296716, -21.201139020504826 ], [ -44.992929488881956, -21.201139020504826 ], [ -44.992929488881956, -21.2008695259196 ], [ -44.993198983467188, -21.200869525919597 ], [ -44.993198983467188, -21.200330536749121 ], [ -44.992121005126243, -21.200330536749117 ], [ -44.992121005126243, -21.199791547578648 ], [ -44.991043026785299, -21.199791547578652 ], [ -44.991043026785299, -21.200061042163888 ], [ -44.990234543029594, -21.200061042163881 ], [ -44.990234543029594, -21.200330536749114 ], [ -44.989965048444361, -21.200330536749117 ], [ -44.989965048444361, -21.201947504260534 ], [ -44.991312521370538, -21.201947504260534 ], [ -44.991312521370538, -21.201678009675298 ], [ -44.991851510541011, -21.201678009675298 ], [ -44.991851510541011, -21.201408515090062 ], [ -44.992659994296716, -21.201408515090062 ] ] ] } },
{ "type": "Feature", "properties": { "anos_com_queima": 1, "area_ha": 4.1721065431611608, "inicio": 2011.0, "fim": 2025.0, "tipo": "recurrence", "id_feicao": "recurrence_2011_2025_644" }, "geometry": { "type": "Polygon", "coordinates": [ [ [ -44.987809091762472, -21.173111583640299 ], [ -44.988078586347704, -21.173111583640299 ], [ -44.988078586347704, -21.172303099884591 ], [ -44.988617575518177, -21.172303099884584 ], [ -44.988617575518177, -21.172033605299351 ], [ -44.988887070103416, -21.172033605299358 ], [ -44.988887070103416, -21.170955626958417 ], [ -44.987809091762472, -21.170955626958417 ], [ -44.987809091762472, -21.171225121543646 ], [ -44.987539597177239, -21.171225121543639 ], [ -44.987539597177239, -21.171494616128886 ], [ -44.987000608006767, -21.171494616128886 ], [ -44.987000608006767, -21.171764110714118 ], [ -44.986731113421527, -21.171764110714118 ], [ -44.986731113421527, -21.173381078225539 ], [ -44.987809091762472, -21.173381078225535 ], [ -44.987809091762472, -21.173111583640299 ] ] ] } },
{ "type": "Feature", "properties": { "anos_com_queima": 1, "area_ha": 13.684997049281959, "inicio": 2011.0, "fim": 2025.0, "tipo": "recurrence", "id_feicao": "recurrence_2011_2025_645" }, "geometry": { "type": "Polygon", "coordinates": [ [ [ -44.986461618836294, -21.167991186520823 ], [ -44.986461618836294, -21.167721691935583 ], [ -44.986731113421527, -21.167721691935579 ], [ -44.986731113421527, -21.166913208179871 ], [ -44.987809091762472, -21.166913208179874 ], [ -44.987809091762472, -21.16745219735035 ], [ -44.988887070103416, -21.167452197350343 ], [ -44.988887070103416, -21.169608154032222 ], [ -44.989965048444361, -21.169608154032229 ], [ -44.989965048444361, -21.168530175691291 ], [ -44.989695553859121, -21.168530175691288 ], [ -44.989695553859121, -21.166374219009398 ], [ -44.990773532200066, -21.166374219009402 ], [ -44.990773532200066, -21.166104724424166 ], [ -44.991043026785299, -21.166104724424166 ], [ -44.991043026785299, -21.165026746083225 ], [ -44.990773532200066, -21.165026746083221 ], [ -44.990773532200066, -21.164757251497988 ], [ -44.988617575518177, -21.164757251497985 ], [ -44.988617575518177, -21.165026746083225 ], [ -44.988078586347704, -21.165026746083218 ], [ -44.988078586347704, -21.16583522983893 ], [ -44.986731113421527, -21.165835229838937 ], [ -44.986731113421527, -21.166643713594642 ], [ -44.986461618836294, -21.166643713594631 ], [ -44.986461618836294, -21.166374219009398 ], [ -44.98538364049535, -21.166374219009402 ], [ -44.98538364049535, -21.167991186520812 ], [ -44.986461618836294, -21.167991186520823 ] ] ] } },
{ "type": "Feature", "properties": { "anos_com_queima": 1, "area_ha": 5.8199599071466448, "inicio": 2011.0, "fim": 2025.0, "tipo": "recurrence", "id_feicao": "recurrence_2011_2025_646" }, "geometry": { "type": "Polygon", "coordinates": [ [ [ -44.987270102591999, -21.162601294816099 ], [ -44.987270102591999, -21.163679273157037 ], [ -44.988078586347704, -21.163679273157037 ], [ -44.988078586347704, -21.162601294816096 ], [ -44.987809091762472, -21.162601294816092 ], [ -44.987809091762472, -21.161792811060394 ], [ -44.984844651324877, -21.161792811060391 ], [ -44.984844651324877, -21.160714832719446 ], [ -44.984575156739645, -21.160714832719446 ], [ -44.984575156739645, -21.16044533813422 ], [ -44.984499706739143, -21.160445338177482 ], [ -44.984385, -21.160647 ], [ -44.9842, -21.160968 ], [ -44.984016, -21.161117 ], [ -44.983659, -21.161275999999894 ], [ -44.983497178399375, -21.161382074491051 ], [ -44.9834971783987, -21.16206230564563 ], [ -44.98538364049535, -21.16206230564562 ], [ -44.98538364049535, -21.16367927315704 ], [ -44.985922629665822, -21.16367927315704 ], [ -44.985922629665822, -21.162601294816099 ], [ -44.987270102591999, -21.162601294816099 ] ] ] } },
{ "type": "Feature", "properties": { "anos_com_queima": 1, "area_ha": 12.76807775625214, "inicio": 2011.0, "fim": 2025.0, "tipo": "recurrence", "id_feicao": "recurrence_2011_2025_647" }, "geometry": { "type": "Polygon", "coordinates": [ [ [ -44.986461618836294, -21.155863930185205 ], [ -44.986731113421527, -21.155863930185205 ], [ -44.986731113421527, -21.156402919355671 ], [ -44.988078586347704, -21.156402919355671 ], [ -44.988078586347704, -21.156941908526147 ], [ -44.989965048444361, -21.156941908526143 ], [ -44.989965048444361, -21.156672413940907 ], [ -44.990234543029594, -21.156672413940896 ], [ -44.990234543029594, -21.156133424770442 ], [ -44.990504037614834, -21.156133424770442 ], [ -44.990504037614834, -21.1550554464295 ], [ -44.989965048444361, -21.1550554464295 ], [ -44.989965048444361, -21.154516457259028 ], [ -44.989695553859121, -21.154516457259021 ], [ -44.989695553859121, -21.153707973503316 ], [ -44.988887070103416, -21.153707973503312 ], [ -44.988887070103416, -21.153168984332847 ], [ -44.987539597177239, -21.153168984332844 ], [ -44.987539597177239, -21.15343847891808 ], [ -44.987270102591999, -21.15343847891808 ], [ -44.987270102591999, -21.153707973503316 ], [ -44.987000608006767, -21.153707973503316 ], [ -44.987000608006767, -21.154516457259025 ], [ -44.986731113421527, -21.154516457259025 ], [ -44.986731113421527, -21.154785951844261 ], [ -44.986461618836294, -21.154785951844261 ], [ -44.986461618836294, -21.155863930185205 ] ] ] } },
{ "type": "Feature", "properties": { "anos_com_queima": 1, "area_ha": 0.56094333746692737, "inicio": 2011.0, "fim": 2025.0, "tipo": "recurrence", "id_feicao": "recurrence_2011_2025_648" }, "geometry": { "type": "Polygon", "coordinates": [ [ [ -44.986731113421527, -21.153707973503316 ], [ -44.986731113421527, -21.152360500577135 ], [ -44.986721347326672, -21.152360500584628 ], [ -44.986567, -21.152537999999893 ], [ -44.986443, -21.152779 ], [ -44.986331999999898, -21.152997 ], [ -44.986269, -21.15325 ], [ -44.986207, -21.15356 ], [ -44.986153191359151, -21.15370797389695 ], [ -44.986731113421527, -21.153707973503316 ] ] ] } },
{ "type": "Feature", "properties": { "anos_com_queima": 1, "area_ha": 21.961223003469406, "inicio": 2011.0, "fim": 2025.0, "tipo": "recurrence", "id_feicao": "recurrence_2011_2025_649" }, "geometry": { "type": "Polygon", "coordinates": [ [ [ -44.945498441880446, -21.348283064043603 ], [ -44.945228947295206, -21.348283064043603 ], [ -44.945228947295753, -21.348633399865005 ], [ -44.945701, -21.348634 ], [ -44.945946999999897, -21.348612 ], [ -44.946291, -21.348601 ], [ -44.946524, -21.348532 ], [ -44.946782, -21.348429 ], [ -44.947065, -21.348315 ], [ -44.947274, -21.348177 ], [ -44.947384903977664, -21.348055483323385 ], [ -44.947384903977095, -21.347744074873134 ], [ -44.947606357546711, -21.347744075082407 ], [ -44.947803, -21.347419 ], [ -44.947950999999897, -21.34712 ], [ -44.947989, -21.346902 ], [ -44.948075, -21.346672 ], [ -44.948197999999898, -21.346430999999896 ], [ -44.948371, -21.346167 ], [ -44.948543, -21.345971 ], [ -44.94874, -21.345776 ], [ -44.948974, -21.34565 ], [ -44.949207, -21.345467 ], [ -44.949416, -21.345271 ], [ -44.949626, -21.34503 ], [ -44.949847, -21.344847 ], [ -44.950079849829983, -21.344738147450901 ], [ -44.95007984982945, -21.344510139850303 ], [ -44.950508003465636, -21.344510140678224 ], [ -44.950572, -21.344469 ], [ -44.950843, -21.344377 ], [ -44.951113, -21.344263 ], [ -44.951321999999898, -21.344125 ], [ -44.951531, -21.34401 ], [ -44.951863, -21.343873 ], [ -44.951966311926888, -21.343859990403022 ], [ -44.951966311926107, -21.34289317233889 ], [ -44.950888333585162, -21.342893172338893 ], [ -44.950888333585162, -21.343432161509355 ], [ -44.95034934441469, -21.343432161509362 ], [ -44.95034934441469, -21.343971150679831 ], [ -44.9481933877328, -21.343971150679835 ], [ -44.9481933877328, -21.342084688583174 ], [ -44.946845914806623, -21.342084688583174 ], [ -44.946845914806623, -21.342354183168418 ], [ -44.946576420221383, -21.342354183168414 ], [ -44.946576420221383, -21.342623677753654 ], [ -44.945767936465678, -21.342623677753654 ], [ -44.945767936465678, -21.343701656094595 ], [ -44.946037431050911, -21.343701656094588 ], [ -44.946037431050911, -21.345857612776484 ], [ -44.945498441880446, -21.345857612776491 ], [ -44.945498441880446, -21.348283064043603 ] ] ] } },
{ "type": "Feature", "properties": { "anos_com_queima": 1, "area_ha": 0.42592525640241802, "inicio": 2011.0, "fim": 2025.0, "tipo": "recurrence", "id_feicao": "recurrence_2011_2025_650" }, "geometry": { "type": "Polygon", "coordinates": [ [ [ -44.958164687386528, -21.345049129020769 ], [ -44.957011582282021, -21.345049129687727 ], [ -44.957053, -21.345091 ], [ -44.957262, -21.345229 ], [ -44.957532, -21.345345 ], [ -44.957814, -21.345483 ], [ -44.958035, -21.345587 ], [ -44.958164687387359, -21.345631076845144 ], [ -44.958164687386528, -21.345049129020769 ] ] ] } },
{ "type": "Feature", "properties": { "anos_com_queima": 1, "area_ha": 0.027084624951207389, "inicio": 2011.0, "fim": 2025.0, "tipo": "recurrence", "id_feicao": "recurrence_2011_2025_651" }, "geometry": { "type": "Polygon", "coordinates": [ [ [ -44.96033549169023, -21.345318623617263 ], [ -44.960442, -21.34512 ], [ -44.960483598205194, -21.345049129072443 ], [ -44.960320644068418, -21.345049129020779 ], [ -44.960320644068418, -21.345318623606008 ], [ -44.96033549169023, -21.345318623617263 ] ] ] } },
{ "type": "Feature", "properties": { "anos_com_queima": 1, "area_ha": 0.0036317722025327385, "inicio": 2011.0, "fim": 2025.0, "tipo": "recurrence", "id_feicao": "recurrence_2011_2025_652" }, "geometry": { "type": "Polygon", "coordinates": [ [ [ -44.960590138653743, -21.344872209803235 ], [ -44.960658508557202, -21.344779634476456 ], [ -44.96059013865365, -21.344779634435536 ], [ -44.960590138653743, -21.344872209803235 ] ] ] } },
{ "type": "Feature", "properties": { "anos_com_queima": 1, "area_ha": 1.6491295104830526, "inicio": 2011.0, "fim": 2025.0, "tipo": "recurrence", "id_feicao": "recurrence_2011_2025_653" }, "geometry": { "type": "Polygon", "coordinates": [ [ [ -44.92528634798775, -21.343701656094602 ], [ -44.925765656036461, -21.343701656948451 ], [ -44.925970999999898, -21.343694 ], [ -44.926364326328716, -21.343694929282645 ], [ -44.926364326328695, -21.343432161509362 ], [ -44.923130391305868, -21.343432161509355 ], [ -44.923130391307325, -21.344033168762092 ], [ -44.923895, -21.344035 ], [ -44.924484, -21.344013 ], [ -44.924754999999898, -21.343898 ], [ -44.92505, -21.343784 ], [ -44.925286347987871, -21.343747824330311 ], [ -44.92528634798775, -21.343701656094602 ] ] ] } },
{ "type": "Feature", "properties": { "anos_com_queima": 1, "area_ha": 1.7774386287916124, "inicio": 2011.0, "fim": 2025.0, "tipo": "recurrence", "id_feicao": "recurrence_2011_2025_654" }, "geometry": { "type": "Polygon", "coordinates": [ [ [ -44.914506564578318, -21.343162666924115 ], [ -44.914506564579213, -21.343368929438359 ], [ -44.914553, -21.343392999999899 ], [ -44.914786, -21.343509 ], [ -44.915031999999897, -21.343579 ], [ -44.915265, -21.343682999999892 ], [ -44.91551, -21.343764 ], [ -44.915756, -21.343822 ], [ -44.916062, -21.343857 ], [ -44.916123532091525, -21.34385700004275 ], [ -44.916123532089735, -21.34262367775365 ], [ -44.914776059163557, -21.342623677753661 ], [ -44.914776059163557, -21.343162666924119 ], [ -44.914506564578318, -21.343162666924115 ] ] ] } },
{ "type": "Feature", "properties": { "anos_com_queima": 1, "area_ha": 0.75744096127944072, "inicio": 2011.0, "fim": 2025.0, "tipo": "recurrence", "id_feicao": "recurrence_2011_2025_655" }, "geometry": { "type": "Polygon", "coordinates": [ [ [ -44.920704940038746, -21.342893172338886 ], [ -44.918818477942089, -21.34289317233889 ], [ -44.918818477942089, -21.343432161509362 ], [ -44.918548983356857, -21.343432161509359 ], [ -44.918548983357077, -21.343561399849239 ], [ -44.918629, -21.34354 ], [ -44.918923999999897, -21.343426 ], [ -44.919193999999898, -21.34338 ], [ -44.919357467112739, -21.343359091463483 ], [ -44.919357467112562, -21.343162666924119 ], [ -44.920704940038746, -21.343162666924123 ], [ -44.920704940038746, -21.342893172338886 ] ] ] } },
{ "type": "Feature", "properties": { "anos_com_queima": 1, "area_ha": 0.083347743372391189, "inicio": 2011.0, "fim": 2025.0, "tipo": "recurrence", "id_feicao": "recurrence_2011_2025_656" }, "geometry": { "type": "Polygon", "coordinates": [ [ [ -44.922860896720628, -21.343162666924126 ], [ -44.922860896720628, -21.342893172338883 ], [ -44.922591402135396, -21.342893172338883 ], [ -44.922591402135396, -21.343162666924119 ], [ -44.922860896720628, -21.343162666924126 ] ] ] } },
{ "type": "Feature", "properties": { "anos_com_queima": 1, "area_ha": 1.5280265347778892, "inicio": 2011.0, "fim": 2025.0, "tipo": "recurrence", "id_feicao": "recurrence_2011_2025_657" }, "geometry": { "type": "Polygon", "coordinates": [ [ [ -44.908038694532657, -21.342354183168418 ], [ -44.908038694532657, -21.342623677753654 ], [ -44.907769199947424, -21.342623677753657 ], [ -44.907769199947424, -21.342893172338893 ], [ -44.907289284879894, -21.342893172423253 ], [ -44.907299, -21.342894 ], [ -44.907556999999898, -21.342917999999894 ], [ -44.907801999999897, -21.342942 ], [ -44.908084, -21.342977 ], [ -44.908575, -21.343047 ], [ -44.909177, -21.343048 ], [ -44.909484, -21.343014 ], [ -44.909655662044969, -21.342975977213552 ], [ -44.909655662044074, -21.34262367775365 ], [ -44.910189944039402, -21.342623677761143 ], [ -44.910194651214553, -21.342622418869436 ], [ -44.910194651214546, -21.342354183168421 ], [ -44.908038694532657, -21.342354183168418 ] ] ] } },
{ "type": "Feature", "properties": { "anos_com_queima": 1, "area_ha": 0.67811015042737122, "inicio": 2011.0, "fim": 2025.0, "tipo": "recurrence", "id_feicao": "recurrence_2011_2025_658" }, "geometry": { "type": "Polygon", "coordinates": [ [ [ -44.905613243266217, -21.342780606580259 ], [ -44.905814, -21.342764999999897 ], [ -44.906059, -21.342765 ], [ -44.906292, -21.342777 ], [ -44.906526, -21.342812 ], [ -44.906771, -21.342824 ], [ -44.906960716191961, -21.342858560743021 ], [ -44.906960716191712, -21.342354183168418 ], [ -44.905613243265535, -21.34235418316841 ], [ -44.905613243266217, -21.342780606580259 ] ] ] } },
{ "type": "Feature", "properties": { "anos_com_queima": 1, "area_ha": 0.099247622234234584, "inicio": 2011.0, "fim": 2025.0, "tipo": "recurrence", "id_feicao": "recurrence_2011_2025_659" }, "geometry": { "type": "Polygon", "coordinates": [ [ [ -44.911003134970457, -21.342437600431357 ], [ -44.911203999999898, -21.342396999999895 ], [ -44.911499, -21.342398 ], [ -44.911781, -21.34241 ], [ -44.912027, -21.342433 ], [ -44.912297, -21.342457 ], [ -44.912350607896663, -21.34247139281938 ], [ -44.912350607896428, -21.34235418316841 ], [ -44.911003134970251, -21.342354183168418 ], [ -44.911003134970457, -21.342437600431357 ] ] ] } },
{ "type": "Feature", "properties": { "anos_com_queima": 1, "area_ha": 2.0003574629563836, "inicio": 2011.0, "fim": 2025.0, "tipo": "recurrence", "id_feicao": "recurrence_2011_2025_660" }, "geometry": { "type": "Polygon", "coordinates": [ [ [ -44.934449163885773, -21.342623677753647 ], [ -44.93606613139719, -21.34262367775365 ], [ -44.93606613139719, -21.341545699412706 ], [ -44.934449163885773, -21.341545699412709 ], [ -44.934449163885773, -21.342623677753647 ] ] ] } },
{ "type": "Feature", "properties": { "anos_com_queima": 1, "area_ha": 8.0014831792264598, "inicio": 2011.0, "fim": 2025.0, "tipo": "recurrence", "id_feicao": "recurrence_2011_2025_661" }, "geometry": { "type": "Polygon", "coordinates": [ [ [ -44.913428586237373, -21.341815193997938 ], [ -44.913428586237373, -21.342084688583178 ], [ -44.915854037504495, -21.342084688583178 ], [ -44.915854037504495, -21.341815193997938 ], [ -44.916123532089735, -21.341815193997942 ], [ -44.916123532089735, -21.341545699412706 ], [ -44.916393026674967, -21.341545699412702 ], [ -44.916393026674967, -21.340467721071768 ], [ -44.91504555374879, -21.340467721071761 ], [ -44.91504555374879, -21.341006710242233 ], [ -44.912889597066901, -21.341006710242237 ], [ -44.912889597066901, -21.340737215656997 ], [ -44.911542124140723, -21.340737215657008 ], [ -44.911542124140723, -21.340467721071761 ], [ -44.910194651214546, -21.340467721071768 ], [ -44.910194651214546, -21.341545699412706 ], [ -44.911811618725963, -21.341545699412706 ], [ -44.911811618725963, -21.341815193997942 ], [ -44.913428586237373, -21.341815193997938 ] ] ] } },
{ "type": "Feature", "properties": { "anos_com_queima": 1, "area_ha": 1.4169307793816919, "inicio": 2011.0, "fim": 2025.0, "tipo": "recurrence", "id_feicao": "recurrence_2011_2025_662" }, "geometry": { "type": "Polygon", "coordinates": [ [ [ -44.930137250522009, -21.34100671024224 ], [ -44.930137250522009, -21.341815193997949 ], [ -44.930945734277707, -21.341815193997942 ], [ -44.930945734277707, -21.341006710242233 ], [ -44.931215228862939, -21.341006710242233 ], [ -44.931215228862939, -21.339928731901299 ], [ -44.930676239692467, -21.339928731901296 ], [ -44.930676239692467, -21.341006710242226 ], [ -44.930137250522009, -21.34100671024224 ] ] ] } },
{ "type": "Feature", "properties": { "anos_com_queima": 1, "area_ha": 7.4181370370626452, "inicio": 2011.0, "fim": 2025.0, "tipo": "recurrence", "id_feicao": "recurrence_2011_2025_663" }, "geometry": { "type": "Polygon", "coordinates": [ [ [ -44.914776059163557, -21.338581258975118 ], [ -44.911542124140723, -21.338581258975115 ], [ -44.911542124140723, -21.338311764389868 ], [ -44.910464145799779, -21.338311764389868 ], [ -44.910464145799779, -21.338581258975115 ], [ -44.910194651214546, -21.338581258975104 ], [ -44.910194651214546, -21.339659237316056 ], [ -44.913428586237373, -21.339659237316063 ], [ -44.913428586237373, -21.340737215656993 ], [ -44.914506564578318, -21.340737215656993 ], [ -44.914506564578318, -21.339928731901299 ], [ -44.914776059163557, -21.339928731901303 ], [ -44.914776059163557, -21.338581258975118 ] ] ] } },
{ "type": "Feature", "properties": { "anos_com_queima": 1, "area_ha": 24.421653087563499, "inicio": 2011.0, "fim": 2025.0, "tipo": "recurrence", "id_feicao": "recurrence_2011_2025_664" }, "geometry": { "type": "Polygon", "coordinates": [ [ [ -44.927981293840119, -21.33750328063417 ], [ -44.927981293840119, -21.339928731901292 ], [ -44.928250788425345, -21.339928731901299 ], [ -44.928250788425345, -21.340198226486528 ], [ -44.928520283010592, -21.340198226486528 ], [ -44.928520283010592, -21.340467721071754 ], [ -44.929059272181064, -21.340467721071764 ], [ -44.929059272181064, -21.342623677753643 ], [ -44.928789777595817, -21.342623677753657 ], [ -44.928789777595817, -21.343701656094591 ], [ -44.930137250522009, -21.343701656094588 ], [ -44.930137250522009, -21.341815193997949 ], [ -44.929867755936762, -21.341815193997938 ], [ -44.929867755936762, -21.341545699412709 ], [ -44.92932876676629, -21.341545699412709 ], [ -44.92932876676629, -21.340198226486528 ], [ -44.929867755936762, -21.340198226486532 ], [ -44.929867755936762, -21.339928731901292 ], [ -44.930676239692467, -21.339928731901296 ], [ -44.930676239692467, -21.339120248145587 ], [ -44.930945734277707, -21.339120248145587 ], [ -44.930945734277707, -21.338042269804642 ], [ -44.931484723448179, -21.338042269804635 ], [ -44.931484723448179, -21.337503280634163 ], [ -44.933640680130061, -21.337503280634166 ], [ -44.933640680130061, -21.336964291463694 ], [ -44.934988153056246, -21.336964291463701 ], [ -44.934988153056246, -21.33588631312276 ], [ -44.934179669300534, -21.335886313122764 ], [ -44.934179669300534, -21.33561681853752 ], [ -44.933910174715301, -21.335616818537517 ], [ -44.933910174715301, -21.335347323952284 ], [ -44.932562701789124, -21.335347323952277 ], [ -44.932562701789124, -21.336694796878469 ], [ -44.930137250522009, -21.336694796878465 ], [ -44.930137250522009, -21.335886313122749 ], [ -44.929059272181064, -21.335886313122757 ], [ -44.929059272181064, -21.336155807707986 ], [ -44.926903315499167, -21.336155807707986 ], [ -44.926903315499167, -21.337233786048927 ], [ -44.927172810084407, -21.33723378604893 ], [ -44.927172810084407, -21.33750328063417 ], [ -44.927981293840119, -21.33750328063417 ] ] ] } },
{ "type": "Feature", "properties": { "anos_com_queima": 1, "area_ha": 1.3336012636835193, "inicio": 2011.0, "fim": 2025.0, "tipo": "recurrence", "id_feicao": "recurrence_2011_2025_665" }, "geometry": { "type": "Polygon", "coordinates": [ [ [ -44.918548983356857, -21.33938974273083 ], [ -44.918548983356857, -21.338311764389882 ], [ -44.917471005015912, -21.338311764389875 ], [ -44.917471005015912, -21.33938974273082 ], [ -44.918548983356857, -21.33938974273083 ] ] ] } },
{ "type": "Feature", "properties": { "anos_com_queima": 1, "area_ha": 4.9179310036037114, "inicio": 2011.0, "fim": 2025.0, "tipo": "recurrence", "id_feicao": "recurrence_2011_2025_666" }, "geometry": { "type": "Polygon", "coordinates": [ [ [ -44.95007984982945, -21.331035410588516 ], [ -44.953313784852284, -21.331035410588512 ], [ -44.953313784852284, -21.329687937662325 ], [ -44.95034934441469, -21.329687937662332 ], [ -44.95034934441469, -21.329957432247561 ], [ -44.95007984982945, -21.329957432247571 ], [ -44.95007984982945, -21.331035410588516 ] ] ] } },
{ "type": "Feature", "properties": { "anos_com_queima": 1, "area_ha": 1.3336908360316313, "inicio": 2011.0, "fim": 2025.0, "tipo": "recurrence", "id_feicao": "recurrence_2011_2025_667" }, "geometry": { "type": "Polygon", "coordinates": [ [ [ -44.946845914806623, -21.329148948491845 ], [ -44.946845914806623, -21.328070970150915 ], [ -44.945767936465678, -21.328070970150915 ], [ -44.945767936465678, -21.329148948491859 ], [ -44.946845914806623, -21.329148948491845 ] ] ] } },
{ "type": "Feature", "properties": { "anos_com_queima": 1, "area_ha": 21.088957301144337, "inicio": 2011.0, "fim": 2025.0, "tipo": "recurrence", "id_feicao": "recurrence_2011_2025_668" }, "geometry": { "type": "Polygon", "coordinates": [ [ [ -44.960320644068418, -21.331574399758974 ], [ -44.960320644068418, -21.331304905173745 ], [ -44.96059013865365, -21.331304905173749 ], [ -44.96059013865365, -21.330496421418037 ], [ -44.960859633238883, -21.330496421418037 ], [ -44.960859633238883, -21.329418443077099 ], [ -44.96059013865365, -21.329418443077099 ], [ -44.96059013865365, -21.327262486395206 ], [ -44.960859633238883, -21.327262486395206 ], [ -44.960859633238883, -21.326184508054265 ], [ -44.96059013865365, -21.326184508054265 ], [ -44.96059013865365, -21.325915013469029 ], [ -44.959781654897945, -21.325915013469029 ], [ -44.959781654897945, -21.325645518883793 ], [ -44.958434181971761, -21.325645518883789 ], [ -44.958434181971761, -21.326184508054261 ], [ -44.956817214460358, -21.326184508054261 ], [ -44.956817214460358, -21.32726248639521 ], [ -44.958434181971761, -21.327262486395206 ], [ -44.958434181971761, -21.329418443077092 ], [ -44.956547719875111, -21.329418443077095 ], [ -44.956547719875111, -21.331304905173745 ], [ -44.958434181971761, -21.331304905173745 ], [ -44.958434181971761, -21.331574399758981 ], [ -44.960320644068418, -21.331574399758974 ] ] ] } },
{ "type": "Feature", "properties": { "anos_com_queima": 1, "area_ha": 3.9178121713713745, "inicio": 2011.0, "fim": 2025.0, "tipo": "recurrence", "id_feicao": "recurrence_2011_2025_669" }, "geometry": { "type": "Polygon", "coordinates": [ [ [ -44.945498441880446, -21.324028551372379 ], [ -44.943881474369029, -21.324028551372376 ], [ -44.943881474369029, -21.325376024298553 ], [ -44.944689958124734, -21.32537602429856 ], [ -44.944689958124734, -21.325915013469029 ], [ -44.945767936465678, -21.325915013469029 ], [ -44.945767936465678, -21.325645518883793 ], [ -44.946037431050911, -21.325645518883793 ], [ -44.946037431050911, -21.324298045957612 ], [ -44.945498441880446, -21.324298045957615 ], [ -44.945498441880446, -21.324028551372379 ] ] ] } },
{ "type": "Feature", "properties": { "anos_com_queima": 1, "area_ha": 3.5844928217409193, "inicio": 2011.0, "fim": 2025.0, "tipo": "recurrence", "id_feicao": "recurrence_2011_2025_670" }, "geometry": { "type": "Polygon", "coordinates": [ [ [ -44.958973171142233, -21.319177648838131 ], [ -44.958973171142233, -21.319447143423364 ], [ -44.958703676557001, -21.319447143423368 ], [ -44.958703676557001, -21.320794616349541 ], [ -44.958973171142233, -21.320794616349541 ], [ -44.958973171142233, -21.321333605520014 ], [ -44.960051149483178, -21.321333605520014 ], [ -44.960051149483178, -21.320794616349541 ], [ -44.960320644068418, -21.320794616349545 ], [ -44.960320644068418, -21.319177648838135 ], [ -44.958973171142233, -21.319177648838131 ] ] ] } },
{ "type": "Feature", "properties": { "anos_com_queima": 1, "area_ha": 6.0023127841076329, "inicio": 2011.0, "fim": 2025.0, "tipo": "recurrence", "id_feicao": "recurrence_2011_2025_671" }, "geometry": { "type": "Polygon", "coordinates": [ [ [ -44.900492846146051, -21.31136230586629 ], [ -44.900492846146051, -21.311631800451536 ], [ -44.899953856975586, -21.311631800451536 ], [ -44.899953856975586, -21.310284327525345 ], [ -44.899684362390346, -21.310284327525348 ], [ -44.899684362390346, -21.310553822110581 ], [ -44.898606384049401, -21.310553822110581 ], [ -44.898606384049401, -21.309475843769633 ], [ -44.899145373219874, -21.309475843769636 ], [ -44.899145373219874, -21.309206349184404 ], [ -44.898067394878929, -21.309206349184407 ], [ -44.898067394878929, -21.310284327525345 ], [ -44.898336889464169, -21.310284327525345 ], [ -44.898336889464169, -21.311092811281064 ], [ -44.898606384049401, -21.31109281128106 ], [ -44.898606384049401, -21.3113623058663 ], [ -44.899145373219874, -21.311362305866286 ], [ -44.899145373219874, -21.312709778792474 ], [ -44.901570824486996, -21.312709778792474 ], [ -44.901570824486996, -21.311362305866297 ], [ -44.900492846146051, -21.31136230586629 ] ] ] } },
{ "type": "Feature", "properties": { "anos_com_queima": 1, "area_ha": 2.0007861063221468, "inicio": 2011.0, "fim": 2025.0, "tipo": "recurrence", "id_feicao": "recurrence_2011_2025_672" }, "geometry": { "type": "Polygon", "coordinates": [ [ [ -44.931754218033412, -21.310553822110592 ], [ -44.932832196374356, -21.310553822110585 ], [ -44.932832196374356, -21.3092063491844 ], [ -44.931484723448179, -21.309206349184404 ], [ -44.931484723448179, -21.310284327525345 ], [ -44.931754218033412, -21.310284327525338 ], [ -44.931754218033412, -21.310553822110592 ] ] ] } },
{ "type": "Feature", "properties": { "anos_com_queima": 1, "area_ha": 0.16673274954136122, "inicio": 2011.0, "fim": 2025.0, "tipo": "recurrence", "id_feicao": "recurrence_2011_2025_673" }, "geometry": { "type": "Polygon", "coordinates": [ [ [ -44.899684362390346, -21.309745338354883 ], [ -44.899684362390346, -21.309475843769633 ], [ -44.899145373219874, -21.309475843769636 ], [ -44.899145373219874, -21.309745338354876 ], [ -44.899684362390346, -21.309745338354883 ] ] ] } },
{ "type": "Feature", "properties": { "anos_com_queima": 1, "area_ha": 1.3338606563146955, "inicio": 2011.0, "fim": 2025.0, "tipo": "recurrence", "id_feicao": "recurrence_2011_2025_674" }, "geometry": { "type": "Polygon", "coordinates": [ [ [ -44.946037431050911, -21.310014832940109 ], [ -44.946037431050911, -21.308936854599171 ], [ -44.944959452709973, -21.308936854599168 ], [ -44.944959452709973, -21.310014832940116 ], [ -44.946037431050911, -21.310014832940109 ] ] ] } },
{ "type": "Feature", "properties": { "anos_com_queima": 1, "area_ha": 4.5851844874225556, "inicio": 2011.0, "fim": 2025.0, "tipo": "recurrence", "id_feicao": "recurrence_2011_2025_675" }, "geometry": { "type": "Polygon", "coordinates": [ [ [ -44.929598261351536, -21.308128370843466 ], [ -44.929867755936762, -21.308128370843455 ], [ -44.929867755936762, -21.307050392502511 ], [ -44.928789777595817, -21.307050392502518 ], [ -44.928789777595817, -21.307589381672987 ], [ -44.927711799254872, -21.307589381672987 ], [ -44.927711799254872, -21.308936854599168 ], [ -44.927981293840119, -21.308936854599171 ], [ -44.927981293840119, -21.3092063491844 ], [ -44.928520283010592, -21.3092063491844 ], [ -44.928520283010592, -21.309475843769629 ], [ -44.929598261351536, -21.309475843769643 ], [ -44.929598261351536, -21.308128370843466 ] ] ] } },
{ "type": "Feature", "properties": { "anos_com_queima": 1, "area_ha": 8.0868179012004315, "inicio": 2011.0, "fim": 2025.0, "tipo": "recurrence", "id_feicao": "recurrence_2011_2025_676" }, "geometry": { "type": "Polygon", "coordinates": [ [ [ -44.899145373219874, -21.305163930405872 ], [ -44.899145373219874, -21.305433424991101 ], [ -44.900223351560818, -21.305433424991104 ], [ -44.900223351560818, -21.305702919576333 ], [ -44.901301329901763, -21.305702919576344 ], [ -44.901301329901763, -21.305433424991104 ], [ -44.902109813657468, -21.305433424991104 ], [ -44.902109813657468, -21.303546962894455 ], [ -44.901570824486996, -21.303546962894455 ], [ -44.901570824486996, -21.303007973723982 ], [ -44.899953856975586, -21.303007973723979 ], [ -44.899953856975586, -21.303277468309211 ], [ -44.899684362390346, -21.303277468309219 ], [ -44.899684362390346, -21.303546962894462 ], [ -44.899414867805113, -21.303546962894455 ], [ -44.899414867805113, -21.303816457479691 ], [ -44.899145373219874, -21.303816457479691 ], [ -44.899145373219874, -21.304085952064927 ], [ -44.898875878634641, -21.30408595206492 ], [ -44.898875878634641, -21.305163930405868 ], [ -44.899145373219874, -21.305163930405872 ] ] ] } },
{ "type": "Feature", "properties": { "anos_com_queima": 1, "area_ha": 3.7516413659083008, "inicio": 2011.0, "fim": 2025.0, "tipo": "recurrence", "id_feicao": "recurrence_2011_2025_677" }, "geometry": { "type": "Polygon", "coordinates": [ [ [ -44.9481933877328, -21.303546962894451 ], [ -44.9481933877328, -21.302199489968274 ], [ -44.946037431050911, -21.302199489968274 ], [ -44.946037431050911, -21.303816457479691 ], [ -44.947384903977095, -21.303816457479687 ], [ -44.947384903977095, -21.303546962894455 ], [ -44.9481933877328, -21.303546962894451 ] ] ] } },
{ "type": "Feature", "properties": { "anos_com_queima": 1, "area_ha": 2.4177516311873681, "inicio": 2011.0, "fim": 2025.0, "tipo": "recurrence", "id_feicao": "recurrence_2011_2025_678" }, "geometry": { "type": "Polygon", "coordinates": [ [ [ -44.952235806511339, -21.302199489968277 ], [ -44.953313784852284, -21.302199489968274 ], [ -44.953313784852284, -21.300582522456857 ], [ -44.951966311926107, -21.30058252245686 ], [ -44.951966311926107, -21.301929995383034 ], [ -44.952235806511339, -21.301929995383038 ], [ -44.952235806511339, -21.302199489968277 ] ] ] } },
{ "type": "Feature", "properties": { "anos_com_queima": 1, "area_ha": 1.6674299762940759, "inicio": 2011.0, "fim": 2025.0, "tipo": "recurrence", "id_feicao": "recurrence_2011_2025_679" }, "geometry": { "type": "Polygon", "coordinates": [ [ [ -44.955200246948941, -21.300582522456864 ], [ -44.955200246948941, -21.299504544115912 ], [ -44.953852774022756, -21.299504544115912 ], [ -44.953852774022756, -21.300582522456857 ], [ -44.955200246948941, -21.300582522456864 ] ] ] } },
{ "type": "Feature", "properties": { "anos_com_queima": 1, "area_ha": 1.3339597684808735, "inicio": 2011.0, "fim": 2025.0, "tipo": "recurrence", "id_feicao": "recurrence_2011_2025_680" }, "geometry": { "type": "Polygon", "coordinates": [ [ [ -44.922052412964923, -21.29896555494544 ], [ -44.922052412964923, -21.297887576604499 ], [ -44.920974434623979, -21.297887576604499 ], [ -44.920974434623979, -21.29896555494544 ], [ -44.922052412964923, -21.29896555494544 ] ] ] } },
{ "type": "Feature", "properties": { "anos_com_queima": 1, "area_ha": 1.3339625489845872, "inicio": 2011.0, "fim": 2025.0, "tipo": "recurrence", "id_feicao": "recurrence_2011_2025_681" }, "geometry": { "type": "Polygon", "coordinates": [ [ [ -44.914237069993085, -21.298696060360211 ], [ -44.91531504833403, -21.298696060360207 ], [ -44.91531504833403, -21.297618082019266 ], [ -44.914237069993085, -21.297618082019259 ], [ -44.914237069993085, -21.298696060360211 ] ] ] } },
{ "type": "Feature", "properties": { "anos_com_queima": 1, "area_ha": 3.8352618422318252, "inicio": 2011.0, "fim": 2025.0, "tipo": "recurrence", "id_feicao": "recurrence_2011_2025_682" }, "geometry": { "type": "Polygon", "coordinates": [ [ [ -44.934449163885773, -21.291958695729306 ], [ -44.933371185544829, -21.29195869572931 ], [ -44.933371185544829, -21.29357566324073 ], [ -44.933640680130061, -21.293575663240723 ], [ -44.933640680130061, -21.294653641581668 ], [ -44.934988153056246, -21.294653641581672 ], [ -44.934988153056246, -21.293575663240723 ], [ -44.934718658471006, -21.29357566324073 ], [ -44.934718658471006, -21.293036674070247 ], [ -44.934449163885773, -21.293036674070244 ], [ -44.934449163885773, -21.291958695729306 ] ] ] } },
{ "type": "Feature", "properties": { "anos_com_queima": 1, "area_ha": 11.839260058073419, "inicio": 2011.0, "fim": 2025.0, "tipo": "recurrence", "id_feicao": "recurrence_2011_2025_683" }, "geometry": { "type": "Polygon", "coordinates": [ [ [ -44.959512160312705, -21.294384146996435 ], [ -44.961129127824123, -21.294384146996432 ], [ -44.961129127824123, -21.29357566324073 ], [ -44.961937611579827, -21.293575663240723 ], [ -44.961937611579827, -21.292497684899779 ], [ -44.96059013865365, -21.292497684899782 ], [ -44.96059013865365, -21.292767179485015 ], [ -44.956547719875111, -21.292767179485015 ], [ -44.956547719875111, -21.292228190314546 ], [ -44.956008730704639, -21.292228190314543 ], [ -44.956008730704639, -21.291689201144074 ], [ -44.955739236119413, -21.29168920114407 ], [ -44.955739236119413, -21.291419706558838 ], [ -44.954661257778469, -21.291419706558841 ], [ -44.954661257778469, -21.292767179485026 ], [ -44.955469741534166, -21.292767179485022 ], [ -44.955469741534166, -21.293306168655491 ], [ -44.957625698216056, -21.293306168655487 ], [ -44.957625698216056, -21.294384146996432 ], [ -44.957895192801288, -21.294384146996432 ], [ -44.957895192801288, -21.294653641581668 ], [ -44.959512160312705, -21.294653641581672 ], [ -44.959512160312705, -21.294384146996435 ] ] ] } },
{ "type": "Feature", "properties": { "anos_com_queima": 1, "area_ha": 5.5861772732170492, "inicio": 2011.0, "fim": 2025.0, "tipo": "recurrence", "id_feicao": "recurrence_2011_2025_684" }, "geometry": { "type": "Polygon", "coordinates": [ [ [ -44.886748622299024, -21.293575663240723 ], [ -44.886748622299024, -21.292497684899779 ], [ -44.886479127713791, -21.292497684899782 ], [ -44.886479127713791, -21.292228190314543 ], [ -44.886209633128551, -21.292228190314539 ], [ -44.886209633128551, -21.291958695729306 ], [ -44.885131654787614, -21.291958695729306 ], [ -44.885131654787614, -21.291689201144067 ], [ -44.883784181861429, -21.291689201144081 ], [ -44.883784181861429, -21.293036674070244 ], [ -44.884053676446669, -21.293036674070251 ], [ -44.884053676446669, -21.293306168655487 ], [ -44.884862160202374, -21.293306168655484 ], [ -44.884862160202374, -21.29357566324072 ], [ -44.885401149372846, -21.29357566324072 ], [ -44.885401149372846, -21.293845157825956 ], [ -44.886479127713791, -21.293845157825963 ], [ -44.886479127713791, -21.293575663240734 ], [ -44.886748622299024, -21.293575663240723 ] ] ] } },
{ "type": "Feature", "properties": { "anos_com_queima": 1, "area_ha": 14.924283115061201, "inicio": 2011.0, "fim": 2025.0, "tipo": "recurrence", "id_feicao": "recurrence_2011_2025_685" }, "geometry": { "type": "Polygon", "coordinates": [ [ [ -44.902379308242708, -21.295192630752133 ], [ -44.902379308242708, -21.294653641581668 ], [ -44.90264880282794, -21.294653641581665 ], [ -44.90264880282794, -21.291689201144081 ], [ -44.90480475950983, -21.291689201144074 ], [ -44.90480475950983, -21.290611222803133 ], [ -44.901840319072235, -21.290611222803125 ], [ -44.901840319072235, -21.289802739047417 ], [ -44.900492846146051, -21.289802739047424 ], [ -44.900492846146051, -21.291689201144081 ], [ -44.900223351560818, -21.291689201144074 ], [ -44.900223351560818, -21.292767179485022 ], [ -44.900492846146051, -21.292767179485022 ], [ -44.900492846146051, -21.293306168655494 ], [ -44.901031835316523, -21.293306168655491 ], [ -44.901031835316523, -21.295731619922606 ], [ -44.902109813657468, -21.295731619922613 ], [ -44.902109813657468, -21.295192630752144 ], [ -44.902379308242708, -21.295192630752133 ] ] ] } },
{ "type": "Feature", "properties": { "anos_com_queima": 1, "area_ha": 1.6675524546533822, "inicio": 2011.0, "fim": 2025.0, "tipo": "recurrence", "id_feicao": "recurrence_2011_2025_686" }, "geometry": { "type": "Polygon", "coordinates": [ [ [ -44.952505301096579, -21.289533244462184 ], [ -44.953852774022756, -21.289533244462191 ], [ -44.953852774022756, -21.288455266121247 ], [ -44.952505301096579, -21.288455266121247 ], [ -44.952505301096579, -21.289533244462184 ] ] ] } },
{ "type": "Feature", "properties": { "anos_com_queima": 1, "area_ha": 1.33404562690449, "inicio": 2011.0, "fim": 2025.0, "tipo": "recurrence", "id_feicao": "recurrence_2011_2025_687" }, "geometry": { "type": "Polygon", "coordinates": [ [ [ -44.924477864232045, -21.289263749876948 ], [ -44.924477864232045, -21.288185771536003 ], [ -44.923399885891101, -21.288185771536007 ], [ -44.923399885891101, -21.289263749876945 ], [ -44.924477864232045, -21.289263749876948 ] ] ] } },
{ "type": "Feature", "properties": { "anos_com_queima": 1, "area_ha": 1.6675631554878001, "inicio": 2011.0, "fim": 2025.0, "tipo": "recurrence", "id_feicao": "recurrence_2011_2025_688" }, "geometry": { "type": "Polygon", "coordinates": [ [ [ -44.887287611469496, -21.288994255291712 ], [ -44.887287611469496, -21.287916276950767 ], [ -44.885940138543319, -21.287916276950774 ], [ -44.885940138543319, -21.288994255291708 ], [ -44.887287611469496, -21.288994255291712 ] ] ] } },
{ "type": "Feature", "properties": { "anos_com_queima": 1, "area_ha": 1.3340493224162608, "inicio": 2011.0, "fim": 2025.0, "tipo": "recurrence", "id_feicao": "recurrence_2011_2025_689" }, "geometry": { "type": "Polygon", "coordinates": [ [ [ -44.947115409391856, -21.288724760706479 ], [ -44.9481933877328, -21.288724760706479 ], [ -44.9481933877328, -21.287646782365542 ], [ -44.947115409391856, -21.287646782365545 ], [ -44.947115409391856, -21.288724760706479 ] ] ] } },
{ "type": "Feature", "properties": { "anos_com_queima": 1, "area_ha": 13.841303244616258, "inicio": 2011.0, "fim": 2025.0, "tipo": "recurrence", "id_feicao": "recurrence_2011_2025_690" }, "geometry": { "type": "Polygon", "coordinates": [ [ [ -44.940108550175722, -21.283604363586996 ], [ -44.940108550175722, -21.283873858172235 ], [ -44.942264506857612, -21.283873858172239 ], [ -44.942264506857612, -21.283604363587003 ], [ -44.942534001442844, -21.283604363586999 ], [ -44.942534001442844, -21.283334869001763 ], [ -44.943072990613317, -21.283334869001767 ], [ -44.943072990613317, -21.282256890660818 ], [ -44.942803496028084, -21.282256890660822 ], [ -44.942803496028084, -21.281987396075582 ], [ -44.942534001442844, -21.281987396075579 ], [ -44.942534001442844, -21.281717901490342 ], [ -44.942264506857612, -21.281717901490339 ], [ -44.942264506857612, -21.281448406905117 ], [ -44.941995012272379, -21.281448406905117 ], [ -44.941995012272379, -21.281178912319881 ], [ -44.940108550175722, -21.28117891231987 ], [ -44.940108550175722, -21.280909417734637 ], [ -44.9376830989086, -21.280909417734637 ], [ -44.9376830989086, -21.281178912319881 ], [ -44.937413604323368, -21.281178912319874 ], [ -44.937413604323368, -21.282526385246058 ], [ -44.93795259349384, -21.282526385246054 ], [ -44.93795259349384, -21.282795879831287 ], [ -44.93956956100525, -21.282795879831287 ], [ -44.93956956100525, -21.283065374416527 ], [ -44.93983905559049, -21.28306537441653 ], [ -44.93983905559049, -21.283604363586999 ], [ -44.940108550175722, -21.283604363586996 ] ] ] } },
{ "type": "Feature", "properties": { "anos_com_queima": 1, "area_ha": 1.3341402583396293, "inicio": 2011.0, "fim": 2025.0, "tipo": "recurrence", "id_feicao": "recurrence_2011_2025_691" }, "geometry": { "type": "Polygon", "coordinates": [ [ [ -44.942803496028084, -21.278483966467519 ], [ -44.942803496028084, -21.277405988126574 ], [ -44.941725517687139, -21.277405988126574 ], [ -44.941725517687139, -21.278483966467519 ], [ -44.942803496028084, -21.278483966467519 ] ] ] } },
{ "type": "Feature", "properties": { "anos_com_queima": 1, "area_ha": 1.667681114501506, "inicio": 2011.0, "fim": 2025.0, "tipo": "recurrence", "id_feicao": "recurrence_2011_2025_692" }, "geometry": { "type": "Polygon", "coordinates": [ [ [ -44.901031835316523, -21.278214471882283 ], [ -44.902379308242708, -21.278214471882283 ], [ -44.902379308242708, -21.277136493541335 ], [ -44.901031835316523, -21.277136493541338 ], [ -44.901031835316523, -21.278214471882283 ] ] ] } },
{ "type": "Feature", "properties": { "anos_com_queima": 1, "area_ha": 2.0846062536734453, "inicio": 2011.0, "fim": 2025.0, "tipo": "recurrence", "id_feicao": "recurrence_2011_2025_693" }, "geometry": { "type": "Polygon", "coordinates": [ [ [ -44.924208369646813, -21.27632800978563 ], [ -44.924208369646813, -21.278214471882286 ], [ -44.926633820913935, -21.278214471882283 ], [ -44.926633820913935, -21.27794497729705 ], [ -44.924747358817278, -21.277944977297047 ], [ -44.924747358817278, -21.276866998956095 ], [ -44.925016853402518, -21.276866998956102 ], [ -44.925016853402518, -21.276597504370869 ], [ -44.92555584257299, -21.276597504370866 ], [ -44.92555584257299, -21.276328009785637 ], [ -44.924208369646813, -21.27632800978563 ] ] ] } },
{ "type": "Feature", "properties": { "anos_com_queima": 1, "area_ha": 3.0852207749945921, "inicio": 2011.0, "fim": 2025.0, "tipo": "recurrence", "id_feicao": "recurrence_2011_2025_694" }, "geometry": { "type": "Polygon", "coordinates": [ [ [ -44.933910174715301, -21.277136493541327 ], [ -44.933910174715301, -21.277944977297047 ], [ -44.934988153056246, -21.277944977297047 ], [ -44.934988153056246, -21.276866998956102 ], [ -44.933640680130061, -21.276866998956102 ], [ -44.933640680130061, -21.2760585152004 ], [ -44.932293207203884, -21.276058515200397 ], [ -44.932293207203884, -21.277136493541327 ], [ -44.933910174715301, -21.277136493541327 ] ] ] } },
{ "type": "Feature", "properties": { "anos_com_queima": 1, "area_ha": 5.2532651774596424, "inicio": 2011.0, "fim": 2025.0, "tipo": "recurrence", "id_feicao": "recurrence_2011_2025_695" }, "geometry": { "type": "Polygon", "coordinates": [ [ [ -44.921513423794451, -21.276597504370869 ], [ -44.921782918379684, -21.276597504370869 ], [ -44.921782918379684, -21.276058515200393 ], [ -44.923938875061573, -21.276058515200393 ], [ -44.923938875061573, -21.27417205310374 ], [ -44.922860896720628, -21.274172053103751 ], [ -44.922860896720628, -21.274441547688976 ], [ -44.922591402135396, -21.274441547688987 ], [ -44.922591402135396, -21.275519526029928 ], [ -44.920704940038746, -21.275519526029925 ], [ -44.920704940038746, -21.275789020615164 ], [ -44.920435445453506, -21.275789020615161 ], [ -44.920435445453506, -21.276866998956102 ], [ -44.921513423794451, -21.276866998956102 ], [ -44.921513423794451, -21.276597504370869 ] ] ] } },
{ "type": "Feature", "properties": { "anos_com_queima": 1, "area_ha": 7.0045572027627072, "inicio": 2011.0, "fim": 2025.0, "tipo": "recurrence", "id_feicao": "recurrence_2011_2025_696" }, "geometry": { "type": "Polygon", "coordinates": [ [ [ -44.9481933877328, -21.269860139739972 ], [ -44.9481933877328, -21.270129634325208 ], [ -44.945498441880446, -21.270129634325208 ], [ -44.945498441880446, -21.271477107251382 ], [ -44.947654398562328, -21.271477107251389 ], [ -44.947654398562328, -21.272285591007094 ], [ -44.948732376903273, -21.272285591007098 ], [ -44.948732376903273, -21.271207612666149 ], [ -44.949271366073745, -21.271207612666146 ], [ -44.949271366073745, -21.269860139739961 ], [ -44.9481933877328, -21.269860139739972 ] ] ] } },
{ "type": "Feature", "properties": { "anos_com_queima": 1, "area_ha": 0.33355365021235928, "inicio": 2011.0, "fim": 2025.0, "tipo": "recurrence", "id_feicao": "recurrence_2011_2025_697" }, "geometry": { "type": "Polygon", "coordinates": [ [ [ -44.934179669300534, -21.270129634325212 ], [ -44.934179669300534, -21.269051655984274 ], [ -44.933910174715301, -21.269051655984271 ], [ -44.933910174715301, -21.270129634325212 ], [ -44.934179669300534, -21.270129634325212 ] ] ] } },
{ "type": "Feature", "properties": { "anos_com_queima": 1, "area_ha": 5.3372789209756073, "inicio": 2011.0, "fim": 2025.0, "tipo": "recurrence", "id_feicao": "recurrence_2011_2025_698" }, "geometry": { "type": "Polygon", "coordinates": [ [ [ -44.927711799254872, -21.258541367160063 ], [ -44.927981293840119, -21.25854136716007 ], [ -44.927981293840119, -21.258271872574824 ], [ -44.928250788425345, -21.258271872574824 ], [ -44.928250788425345, -21.255846421307709 ], [ -44.927981293840119, -21.255846421307705 ], [ -44.927981293840119, -21.256654905063414 ], [ -44.926094831743463, -21.25665490506341 ], [ -44.926094831743463, -21.257732883404362 ], [ -44.926364326328695, -21.257732883404358 ], [ -44.926364326328695, -21.259080356330529 ], [ -44.927442304669647, -21.259080356330536 ], [ -44.927442304669647, -21.2588108617453 ], [ -44.927711799254872, -21.258810861745296 ], [ -44.927711799254872, -21.258541367160063 ] ] ] } },
{ "type": "Feature", "properties": { "anos_com_queima": 1, "area_ha": 1.2509348426395726, "inicio": 2011.0, "fim": 2025.0, "tipo": "recurrence", "id_feicao": "recurrence_2011_2025_699" }, "geometry": { "type": "Polygon", "coordinates": [ [ [ -44.930137250522009, -21.257193894233883 ], [ -44.930137250522009, -21.255846421307705 ], [ -44.92932876676629, -21.255846421307709 ], [ -44.92932876676629, -21.257193894233886 ], [ -44.930137250522009, -21.257193894233883 ] ] ] } },
{ "type": "Feature", "properties": { "anos_com_queima": 1, "area_ha": 3.6694614607033653, "inicio": 2011.0, "fim": 2025.0, "tipo": "recurrence", "id_feicao": "recurrence_2011_2025_700" }, "geometry": { "type": "Polygon", "coordinates": [ [ [ -44.92932876676629, -21.255846421307709 ], [ -44.92932876676629, -21.252881980870114 ], [ -44.928250788425345, -21.252881980870104 ], [ -44.928250788425345, -21.255846421307709 ], [ -44.92932876676629, -21.255846421307709 ] ] ] } },
{ "type": "Feature", "properties": { "anos_com_queima": 1, "area_ha": 7.0054004833286632, "inicio": 2011.0, "fim": 2025.0, "tipo": "recurrence", "id_feicao": "recurrence_2011_2025_701" }, "geometry": { "type": "Polygon", "coordinates": [ [ [ -44.963554579091245, -21.252342991699646 ], [ -44.96274609533554, -21.252342991699642 ], [ -44.96274609533554, -21.251804002529159 ], [ -44.961129127824123, -21.251804002529163 ], [ -44.961129127824123, -21.252073497114406 ], [ -44.960320644068418, -21.252073497114406 ], [ -44.960320644068418, -21.253959959211056 ], [ -44.961668116994595, -21.253959959211056 ], [ -44.961668116994595, -21.253690464625823 ], [ -44.963824073676477, -21.253690464625823 ], [ -44.963824073676477, -21.252612486284864 ], [ -44.963554579091245, -21.252612486284882 ], [ -44.963554579091245, -21.252342991699646 ] ] ] } },
{ "type": "Feature", "properties": { "anos_com_queima": 1, "area_ha": 4.2532962605758815, "inicio": 2011.0, "fim": 2025.0, "tipo": "recurrence", "id_feicao": "recurrence_2011_2025_702" }, "geometry": { "type": "Polygon", "coordinates": [ [ [ -44.926903315499167, -21.253420970040576 ], [ -44.926903315499167, -21.252342991699638 ], [ -44.926094831743463, -21.252342991699638 ], [ -44.926094831743463, -21.252073497114406 ], [ -44.92528634798775, -21.252073497114406 ], [ -44.92528634798775, -21.251804002529166 ], [ -44.924208369646813, -21.25180400252917 ], [ -44.924208369646813, -21.253420970040587 ], [ -44.926903315499167, -21.253420970040576 ] ] ] } },
{ "type": "Feature", "properties": { "anos_com_queima": 1, "area_ha": 5.337655281621803, "inicio": 2011.0, "fim": 2025.0, "tipo": "recurrence", "id_feicao": "recurrence_2011_2025_703" }, "geometry": { "type": "Polygon", "coordinates": [ [ [ -44.936335625982423, -21.24641411082445 ], [ -44.936335625982423, -21.24614461623921 ], [ -44.934718658471006, -21.246144616239214 ], [ -44.934718658471006, -21.247222594580151 ], [ -44.934988153056246, -21.247222594580158 ], [ -44.934988153056246, -21.247761583750634 ], [ -44.935796636811951, -21.247761583750627 ], [ -44.935796636811951, -21.248031078335867 ], [ -44.9376830989086, -21.248031078335863 ], [ -44.9376830989086, -21.246683605409682 ], [ -44.937144109738128, -21.246683605409686 ], [ -44.937144109738128, -21.246414110824446 ], [ -44.936335625982423, -21.24641411082445 ] ] ] } },
{ "type": "Feature", "properties": { "anos_com_queima": 1, "area_ha": 1.3344346676811576, "inicio": 2011.0, "fim": 2025.0, "tipo": "recurrence", "id_feicao": "recurrence_2011_2025_704" }, "geometry": { "type": "Polygon", "coordinates": [ [ [ -44.920435445453506, -21.245336132483509 ], [ -44.921513423794451, -21.245336132483509 ], [ -44.921513423794451, -21.24425815414256 ], [ -44.920435445453506, -21.244258154142557 ], [ -44.920435445453506, -21.245336132483509 ] ] ] } },
{ "type": "Feature", "properties": { "anos_com_queima": 1, "area_ha": 4.3369334047503774, "inicio": 2011.0, "fim": 2025.0, "tipo": "recurrence", "id_feicao": "recurrence_2011_2025_705" }, "geometry": { "type": "Polygon", "coordinates": [ [ [ -44.933101690959596, -21.245336132483505 ], [ -44.932023712618651, -21.245336132483512 ], [ -44.932023712618651, -21.245605627068741 ], [ -44.933371185544829, -21.245605627068734 ], [ -44.933371185544829, -21.245066637898265 ], [ -44.934449163885773, -21.245066637898272 ], [ -44.934449163885773, -21.244258154142557 ], [ -44.935257647641478, -21.244258154142564 ], [ -44.935257647641478, -21.243449670386859 ], [ -44.935527142226718, -21.243449670386859 ], [ -44.935527142226718, -21.242371692045911 ], [ -44.934718658471006, -21.242371692045911 ], [ -44.934718658471006, -21.243180175801623 ], [ -44.934449163885773, -21.24318017580163 ], [ -44.934449163885773, -21.24344967038687 ], [ -44.933910174715301, -21.243449670386855 ], [ -44.933910174715301, -21.243719164972081 ], [ -44.933371185544829, -21.243719164972092 ], [ -44.933371185544829, -21.244527648727789 ], [ -44.933101690959596, -21.244527648727797 ], [ -44.933101690959596, -21.245336132483505 ] ] ] } },
{ "type": "Feature", "properties": { "anos_com_queima": 1, "area_ha": 0.083402797346655275, "inicio": 2011.0, "fim": 2025.0, "tipo": "recurrence", "id_feicao": "recurrence_2011_2025_706" }, "geometry": { "type": "Polygon", "coordinates": [ [ [ -44.933101690959596, -21.243719164972084 ], [ -44.933371185544829, -21.243719164972092 ], [ -44.933371185544829, -21.243449670386855 ], [ -44.933101690959596, -21.243449670386862 ], [ -44.933101690959596, -21.243719164972084 ] ] ] } },
{ "type": "Feature", "properties": { "anos_com_queima": 1, "area_ha": 2.5020906401114784, "inicio": 2011.0, "fim": 2025.0, "tipo": "recurrence", "id_feicao": "recurrence_2011_2025_707" }, "geometry": { "type": "Polygon", "coordinates": [ [ [ -44.932023712618651, -21.241563208290202 ], [ -44.932023712618651, -21.24129371370497 ], [ -44.932293207203884, -21.241293713704962 ], [ -44.932293207203884, -21.241024219119726 ], [ -44.931484723448179, -21.241024219119733 ], [ -44.931484723448179, -21.244527648727797 ], [ -44.931754218033412, -21.244527648727797 ], [ -44.931754218033412, -21.245336132483502 ], [ -44.932023712618651, -21.245336132483512 ], [ -44.932023712618651, -21.24425815414256 ], [ -44.932293207203884, -21.244258154142564 ], [ -44.932293207203884, -21.242910681216387 ], [ -44.931754218033412, -21.242910681216379 ], [ -44.931754218033412, -21.241563208290202 ], [ -44.932023712618651, -21.241563208290202 ] ] ] } },
{ "type": "Feature", "properties": { "anos_com_queima": 1, "area_ha": 1.0842514249642257, "inicio": 2011.0, "fim": 2025.0, "tipo": "recurrence", "id_feicao": "recurrence_2011_2025_708" }, "geometry": { "type": "Polygon", "coordinates": [ [ [ -44.934449163885773, -21.240754724534497 ], [ -44.934449163885773, -21.240485229949265 ], [ -44.934179669300534, -21.240485229949261 ], [ -44.934179669300534, -21.242371692045918 ], [ -44.934718658471006, -21.242371692045911 ], [ -44.934718658471006, -21.240754724534494 ], [ -44.934449163885773, -21.240754724534497 ] ] ] } },
{ "type": "Feature", "properties": { "anos_com_queima": 1, "area_ha": 0.12364769664639608, "inicio": 2011.0, "fim": 2025.0, "tipo": "recurrence", "id_feicao": "recurrence_2011_2025_709" }, "geometry": { "type": "Polygon", "coordinates": [ [ [ -44.960320644068418, -21.240754724534501 ], [ -44.961393823565992, -21.24075472454976 ], [ -44.961250999999898, -21.240749999999899 ], [ -44.960945, -21.240703 ], [ -44.960754999999899, -21.2406397 ], [ -44.960663, -21.240609 ], [ -44.96037, -21.240504999999892 ], [ -44.960332158884789, -21.240485229985651 ], [ -44.960320644068418, -21.240485229949261 ], [ -44.960320644068418, -21.240754724534501 ] ] ] } },
{ "type": "Feature", "properties": { "anos_com_queima": 1, "area_ha": 0.41702367193402262, "inicio": 2011.0, "fim": 2025.0, "tipo": "recurrence", "id_feicao": "recurrence_2011_2025_710" }, "geometry": { "type": "Polygon", "coordinates": [ [ [ -44.933640680130061, -21.240215735364018 ], [ -44.933640680130061, -21.239946240778785 ], [ -44.932293207203884, -21.239946240778789 ], [ -44.932293207203884, -21.240215735364028 ], [ -44.933640680130061, -21.240215735364018 ] ] ] } },
{ "type": "Feature", "properties": { "anos_com_queima": 1, "area_ha": 0.034797519979625942, "inicio": 2011.0, "fim": 2025.0, "tipo": "recurrence", "id_feicao": "recurrence_2011_2025_711" }, "geometry": { "type": "Polygon", "coordinates": [ [ [ -44.961398622409355, -21.236712305755951 ], [ -44.961191666249029, -21.23671230579431 ], [ -44.9613057, -21.236861299999894 ], [ -44.961398622409767, -21.237032632771079 ], [ -44.961398622409355, -21.236712305755951 ] ] ] } },
{ "type": "Feature", "properties": { "anos_com_queima": 1, "area_ha": 0.091895105770975358, "inicio": 2011.0, "fim": 2025.0, "tipo": "recurrence", "id_feicao": "recurrence_2011_2025_712" }, "geometry": { "type": "Polygon", "coordinates": [ [ [ -44.961129127824123, -21.236173316585493 ], [ -44.96077914968123, -21.236173316781528 ], [ -44.961129127824343, -21.236630594185645 ], [ -44.961129127824123, -21.236173316585493 ] ] ] } },
{ "type": "Feature", "properties": { "anos_com_queima": 1, "area_ha": 1.6681439925468533, "inicio": 2011.0, "fim": 2025.0, "tipo": "recurrence", "id_feicao": "recurrence_2011_2025_713" }, "geometry": { "type": "Polygon", "coordinates": [ [ [ -44.962207106165067, -21.235364832829774 ], [ -44.962207106165067, -21.234556349074069 ], [ -44.961398622409355, -21.234556349074083 ], [ -44.961398622409355, -21.235095338244545 ], [ -44.961668116994595, -21.235095338244545 ], [ -44.961668116994595, -21.235634327415013 ], [ -44.961937611579827, -21.235634327415013 ], [ -44.961937611579827, -21.236173316585482 ], [ -44.962207106165067, -21.236173316585489 ], [ -44.962207106165067, -21.236442811170726 ], [ -44.96274609533554, -21.236442811170718 ], [ -44.96274609533554, -21.235364832829784 ], [ -44.962207106165067, -21.235364832829774 ] ] ] } },
{ "type": "Feature", "properties": { "anos_com_queima": 1, "area_ha": 1.3345377968112919, "inicio": 2011.0, "fim": 2025.0, "tipo": "recurrence", "id_feicao": "recurrence_2011_2025_714" }, "geometry": { "type": "Polygon", "coordinates": [ [ [ -44.96274609533554, -21.233478370733128 ], [ -44.96274609533554, -21.232400392392186 ], [ -44.961668116994595, -21.232400392392183 ], [ -44.961668116994595, -21.233478370733131 ], [ -44.96274609533554, -21.233478370733128 ] ] ] } },
{ "type": "Feature", "properties": { "anos_com_queima": 1, "area_ha": 1.3345613688003273, "inicio": 2011.0, "fim": 2025.0, "tipo": "recurrence", "id_feicao": "recurrence_2011_2025_715" }, "geometry": { "type": "Polygon", "coordinates": [ [ [ -44.880550246838609, -21.231322414051249 ], [ -44.881628225179554, -21.231322414051245 ], [ -44.881628225179554, -21.230244435710304 ], [ -44.880550246838609, -21.230244435710308 ], [ -44.880550246838609, -21.231322414051249 ] ] ] } },
{ "type": "Feature", "properties": { "anos_com_queima": 1, "area_ha": 4.3373834069254054, "inicio": 2011.0, "fim": 2025.0, "tipo": "recurrence", "id_feicao": "recurrence_2011_2025_716" }, "geometry": { "type": "Polygon", "coordinates": [ [ [ -44.915854037504495, -21.228627468198887 ], [ -44.915854037504495, -21.229705446539828 ], [ -44.917740499601152, -21.229705446539832 ], [ -44.917740499601152, -21.228627468198887 ], [ -44.917471005015912, -21.228627468198891 ], [ -44.917471005015912, -21.22701050068747 ], [ -44.916393026674967, -21.227010500687467 ], [ -44.916393026674967, -21.228627468198887 ], [ -44.915854037504495, -21.228627468198887 ] ] ] } },
{ "type": "Feature", "properties": { "anos_com_queima": 1, "area_ha": 1.334609577565627, "inicio": 2011.0, "fim": 2025.0, "tipo": "recurrence", "id_feicao": "recurrence_2011_2025_717" }, "geometry": { "type": "Polygon", "coordinates": [ [ [ -44.905343748680302, -21.225663027761296 ], [ -44.905343748680302, -21.224585049420348 ], [ -44.904265770339357, -21.224585049420345 ], [ -44.904265770339357, -21.2256630277613 ], [ -44.905343748680302, -21.225663027761296 ] ] ] } },
{ "type": "Feature", "properties": { "anos_com_queima": 1, "area_ha": 0.10057668441589922, "inicio": 2011.0, "fim": 2025.0, "tipo": "recurrence", "id_feicao": "recurrence_2011_2025_718" }, "geometry": { "type": "Polygon", "coordinates": [ [ [ -44.878933279327192, -21.221351114397514 ], [ -44.879202773912418, -21.22135111439751 ], [ -44.879202773913683, -21.221024427042373 ], [ -44.878953, -21.221031 ], [ -44.878933279328344, -21.220982402686197 ], [ -44.878933279327192, -21.221351114397514 ] ] ] } },
{ "type": "Feature", "properties": { "anos_com_queima": 1, "area_ha": 0.25024857505575926, "inicio": 2011.0, "fim": 2025.0, "tipo": "recurrence", "id_feicao": "recurrence_2011_2025_719" }, "geometry": { "type": "Polygon", "coordinates": [ [ [ -44.895641943611807, -21.2197341468861 ], [ -44.895641943611807, -21.219464652300871 ], [ -44.894833459856102, -21.219464652300868 ], [ -44.894833459856102, -21.219734146886093 ], [ -44.895641943611807, -21.2197341468861 ] ] ] } },
{ "type": "Feature", "properties": { "anos_com_queima": 1, "area_ha": 0.1668323672074388, "inicio": 2011.0, "fim": 2025.0, "tipo": "recurrence", "id_feicao": "recurrence_2011_2025_720" }, "geometry": { "type": "Polygon", "coordinates": [ [ [ -44.897258911123224, -21.219734146886104 ], [ -44.897258911123224, -21.219464652300868 ], [ -44.896719921952752, -21.219464652300861 ], [ -44.896719921952752, -21.219734146886104 ], [ -44.897258911123224, -21.219734146886104 ] ] ] } },
{ "type": "Feature", "properties": { "anos_com_queima": 1, "area_ha": 0.083416344253160066, "inicio": 2011.0, "fim": 2025.0, "tipo": "recurrence", "id_feicao": "recurrence_2011_2025_721" }, "geometry": { "type": "Polygon", "coordinates": [ [ [ -44.89429447068563, -21.219464652300868 ], [ -44.894563965270862, -21.219464652300871 ], [ -44.894563965270862, -21.219195157715628 ], [ -44.89429447068563, -21.219195157715625 ], [ -44.89429447068563, -21.219464652300868 ] ] ] } },
{ "type": "Feature", "properties": { "anos_com_queima": 1, "area_ha": 0.083416329320510615, "inicio": 2011.0, "fim": 2025.0, "tipo": "recurrence", "id_feicao": "recurrence_2011_2025_722" }, "geometry": { "type": "Polygon", "coordinates": [ [ [ -44.897797900293696, -21.219464652300864 ], [ -44.897797900293696, -21.219195157715632 ], [ -44.897528405708456, -21.219195157715628 ], [ -44.897528405708456, -21.219464652300868 ], [ -44.897797900293696, -21.219464652300864 ] ] ] } },
{ "type": "Feature", "properties": { "anos_com_queima": 1, "area_ha": 0.99183780712067326, "inicio": 2011.0, "fim": 2025.0, "tipo": "recurrence", "id_feicao": "recurrence_2011_2025_723" }, "geometry": { "type": "Polygon", "coordinates": [ [ [ -44.899953856975586, -21.218117179374687 ], [ -44.899953856975657, -21.218098125917621 ], [ -44.899937, -21.218091 ], [ -44.899704, -21.218021 ], [ -44.899684362392684, -21.218017038779461 ], [ -44.899684362390346, -21.218925663130388 ], [ -44.900762340731291, -21.218925663130388 ], [ -44.900762340733777, -21.218032983902148 ], [ -44.90066, -21.218139999999899 ], [ -44.900402, -21.218162 ], [ -44.900157, -21.218184 ], [ -44.89999892976298, -21.218117179440608 ], [ -44.899953856975586, -21.218117179374687 ] ] ] } },
{ "type": "Feature", "properties": { "anos_com_queima": 1, "area_ha": 0.08341707202009857, "inicio": 2011.0, "fim": 2025.0, "tipo": "recurrence", "id_feicao": "recurrence_2011_2025_724" }, "geometry": { "type": "Polygon", "coordinates": [ [ [ -44.897797900293696, -21.218117179374683 ], [ -44.898067394878929, -21.218117179374687 ], [ -44.898067394878929, -21.217847684789447 ], [ -44.897797900293696, -21.217847684789451 ], [ -44.897797900293696, -21.218117179374683 ] ] ] } },
{ "type": "Feature", "properties": { "anos_com_queima": 1, "area_ha": 0.083417233184070211, "inicio": 2011.0, "fim": 2025.0, "tipo": "recurrence", "id_feicao": "recurrence_2011_2025_725" }, "geometry": { "type": "Polygon", "coordinates": [ [ [ -44.895372449026574, -21.217847684789447 ], [ -44.895372449026574, -21.217578190204211 ], [ -44.895102954441334, -21.217578190204215 ], [ -44.895102954441334, -21.217847684789454 ], [ -44.895372449026574, -21.217847684789447 ] ] ] } },
{ "type": "Feature", "properties": { "anos_com_queima": 1, "area_ha": 0.166834760160119, "inicio": 2011.0, "fim": 2025.0, "tipo": "recurrence", "id_feicao": "recurrence_2011_2025_726" }, "geometry": { "type": "Polygon", "coordinates": [ [ [ -44.895911438197047, -21.217578190204215 ], [ -44.895911438197047, -21.217308695618978 ], [ -44.895372449026574, -21.217308695618978 ], [ -44.895372449026574, -21.217578190204211 ], [ -44.895911438197047, -21.217578190204215 ] ] ] } },
{ "type": "Feature", "properties": { "anos_com_queima": 2, "area_ha": 1.9328615140220151, "inicio": 2011.0, "fim": 2025.0, "tipo": "recurrence", "id_feicao": "recurrence_2011_2025_727" }, "geometry": { "type": "Polygon", "coordinates": [ [ [ -45.172682377234274, -21.327801475565678 ], [ -45.17133490430809, -21.327801475565686 ], [ -45.17133490430809, -21.328070970150915 ], [ -45.171065409722857, -21.328070970150918 ], [ -45.171065409722857, -21.329148948491852 ], [ -45.171573776888778, -21.329148949353034 ], [ -45.171714999999899, -21.329055 ], [ -45.171952, -21.32891 ], [ -45.172187999999899, -21.328775999999898 ], [ -45.1724, -21.328607 ], [ -45.172682377230011, -21.328225837425585 ], [ -45.172682377234274, -21.327801475565678 ] ] ] } },
{ "type": "Feature", "properties": { "anos_com_queima": 2, "area_ha": 2.0005635424282544, "inicio": 2011.0, "fim": 2025.0, "tipo": "recurrence", "id_feicao": "recurrence_2011_2025_728" }, "geometry": { "type": "Polygon", "coordinates": [ [ [ -45.130910716522713, -21.327801475565678 ], [ -45.130910716522713, -21.326454002639501 ], [ -45.129832738181769, -21.326454002639508 ], [ -45.129832738181769, -21.326992991809973 ], [ -45.129563243596529, -21.326992991809973 ], [ -45.129563243596529, -21.32726248639521 ], [ -45.129293749011296, -21.327262486395213 ], [ -45.129293749011296, -21.327531980980446 ], [ -45.129563243596529, -21.327531980980439 ], [ -45.129563243596529, -21.327801475565678 ], [ -45.130910716522713, -21.327801475565678 ] ] ] } },
{ "type": "Feature", "properties": { "anos_com_queima": 2, "area_ha": 0.76400064620623231, "inicio": 2011.0, "fim": 2025.0, "tipo": "recurrence", "id_feicao": "recurrence_2011_2025_729" }, "geometry": { "type": "Polygon", "coordinates": [ [ [ -45.167022990944318, -21.324028551372379 ], [ -45.167022990944318, -21.325106529713324 ], [ -45.167532901529299, -21.325106529757406 ], [ -45.167536, -21.324964 ], [ -45.167577999999899, -21.324712 ], [ -45.167631, -21.324494 ], [ -45.167722, -21.324265 ], [ -45.167848999999897, -21.324049 ], [ -45.167864998228566, -21.324028551963163 ], [ -45.167022990944318, -21.324028551372379 ] ] ] } },
{ "type": "Feature", "properties": { "anos_com_queima": 2, "area_ha": 1.8338887490889988, "inicio": 2011.0, "fim": 2025.0, "tipo": "recurrence", "id_feicao": "recurrence_2011_2025_730" }, "geometry": { "type": "Polygon", "coordinates": [ [ [ -45.126598803158934, -21.324567540542848 ], [ -45.127137792329407, -21.324567540542851 ], [ -45.127137792329407, -21.323220067616671 ], [ -45.125790319403237, -21.323220067616667 ], [ -45.125790319403237, -21.324298045957612 ], [ -45.126598803158934, -21.324298045957612 ], [ -45.126598803158934, -21.324567540542848 ] ] ] } },
{ "type": "Feature", "properties": { "anos_com_queima": 2, "area_ha": 1.3338339472111314, "inicio": 2011.0, "fim": 2025.0, "tipo": "recurrence", "id_feicao": "recurrence_2011_2025_731" }, "geometry": { "type": "Polygon", "coordinates": [ [ [ -45.123095373550875, -21.313518262548172 ], [ -45.12417335189182, -21.313518262548179 ], [ -45.12417335189182, -21.312440284207227 ], [ -45.123095373550875, -21.312440284207241 ], [ -45.123095373550875, -21.313518262548172 ] ] ] } },
{ "type": "Feature", "properties": { "anos_com_queima": 2, "area_ha": 0.83364712434310972, "inicio": 2011.0, "fim": 2025.0, "tipo": "recurrence", "id_feicao": "recurrence_2011_2025_732" }, "geometry": { "type": "Polygon", "coordinates": [ [ [ -45.122825878965635, -21.313248767962932 ], [ -45.122825878965635, -21.312709778792478 ], [ -45.122286889795163, -21.31270977879247 ], [ -45.122286889795163, -21.312440284207238 ], [ -45.12174790062469, -21.312440284207245 ], [ -45.12174790062469, -21.313248767962943 ], [ -45.122825878965635, -21.313248767962932 ] ] ] } },
{ "type": "Feature", "properties": { "anos_com_queima": 2, "area_ha": 0.33346054930440333, "inicio": 2011.0, "fim": 2025.0, "tipo": "recurrence", "id_feicao": "recurrence_2011_2025_733" }, "geometry": { "type": "Polygon", "coordinates": [ [ [ -45.12174790062469, -21.311901295036769 ], [ -45.12174790062469, -21.312170789622005 ], [ -45.122825878965635, -21.312170789621998 ], [ -45.122825878965635, -21.311901295036765 ], [ -45.12174790062469, -21.311901295036769 ] ] ] } },
{ "type": "Feature", "properties": { "anos_com_queima": 2, "area_ha": 0.083365250528879373, "inicio": 2011.0, "fim": 2025.0, "tipo": "recurrence", "id_feicao": "recurrence_2011_2025_734" }, "geometry": { "type": "Polygon", "coordinates": [ [ [ -45.115280030579029, -21.311631800451529 ], [ -45.115280030579029, -21.311901295036762 ], [ -45.115549525164269, -21.311901295036758 ], [ -45.115549525164269, -21.311631800451526 ], [ -45.115280030579029, -21.311631800451529 ] ] ] } },
{ "type": "Feature", "properties": { "anos_com_queima": 2, "area_ha": 2.751076404517796, "inicio": 2011.0, "fim": 2025.0, "tipo": "recurrence", "id_feicao": "recurrence_2011_2025_735" }, "geometry": { "type": "Polygon", "coordinates": [ [ [ -45.123095373550875, -21.309745338354887 ], [ -45.12174790062469, -21.309745338354883 ], [ -45.12174790062469, -21.311092811281053 ], [ -45.12201739520993, -21.311092811281046 ], [ -45.12201739520993, -21.311362305866297 ], [ -45.123095373550875, -21.31136230586629 ], [ -45.123095373550875, -21.311092811281057 ], [ -45.123364868136107, -21.31109281128105 ], [ -45.123364868136107, -21.310014832940109 ], [ -45.123095373550875, -21.310014832940112 ], [ -45.123095373550875, -21.309745338354887 ] ] ] } },
{ "type": "Feature", "properties": { "anos_com_queima": 2, "area_ha": 47.35207561686763, "inicio": 2011.0, "fim": 2025.0, "tipo": "recurrence", "id_feicao": "recurrence_2011_2025_736" }, "geometry": { "type": "Polygon", "coordinates": [ [ [ -45.108003676777663, -21.309745338354873 ], [ -45.108003676777663, -21.310284327525352 ], [ -45.106656203851486, -21.310284327525345 ], [ -45.106656203851486, -21.310014832940109 ], [ -45.106386709266246, -21.310014832940116 ], [ -45.106386709266246, -21.309745338354883 ], [ -45.106117214681014, -21.309745338354876 ], [ -45.106117214681014, -21.308397865428695 ], [ -45.106386709266246, -21.308397865428692 ], [ -45.106386709266246, -21.308128370843466 ], [ -45.106656203851486, -21.308128370843455 ], [ -45.106656203851486, -21.307589381672987 ], [ -45.106117214681014, -21.30758938167299 ], [ -45.106117214681014, -21.306241908746813 ], [ -45.104230752584364, -21.306241908746816 ], [ -45.104230752584364, -21.307319887087747 ], [ -45.104769741754836, -21.307319887087758 ], [ -45.104769741754836, -21.30758938167299 ], [ -45.105847720095774, -21.307589381672994 ], [ -45.105847720095774, -21.310553822110577 ], [ -45.106386709266246, -21.310553822110581 ], [ -45.106386709266246, -21.310823316695824 ], [ -45.106656203851486, -21.310823316695817 ], [ -45.106656203851486, -21.312170789622002 ], [ -45.107464687607191, -21.312170789622005 ], [ -45.107464687607191, -21.312440284207241 ], [ -45.109351149703841, -21.312440284207231 ], [ -45.109351149703841, -21.311901295036758 ], [ -45.11150710638573, -21.311901295036762 ], [ -45.11150710638573, -21.316482702985766 ], [ -45.112585084726675, -21.316482702985773 ], [ -45.112585084726675, -21.316213208400537 ], [ -45.113124073897147, -21.316213208400541 ], [ -45.113124073897147, -21.314057251718648 ], [ -45.11339356848238, -21.314057251718641 ], [ -45.11339356848238, -21.313787757133415 ], [ -45.113663063067619, -21.313787757133412 ], [ -45.113663063067619, -21.313518262548182 ], [ -45.114202052238092, -21.313518262548182 ], [ -45.114202052238092, -21.31324876796295 ], [ -45.114471546823324, -21.313248767962943 ], [ -45.114471546823324, -21.31270977879247 ], [ -45.115010535993797, -21.312709778792474 ], [ -45.115010535993797, -21.312440284207231 ], [ -45.113663063067619, -21.312440284207234 ], [ -45.113663063067619, -21.312170789621998 ], [ -45.11339356848238, -21.312170789622005 ], [ -45.11339356848238, -21.311901295036762 ], [ -45.113124073897147, -21.311901295036758 ], [ -45.113124073897147, -21.311631800451526 ], [ -45.112585084726675, -21.311631800451519 ], [ -45.112585084726675, -21.311362305866293 ], [ -45.112046095556202, -21.311362305866282 ], [ -45.112046095556202, -21.311092811281057 ], [ -45.112854579311907, -21.311092811281053 ], [ -45.112854579311907, -21.310014832940112 ], [ -45.113124073897147, -21.310014832940105 ], [ -45.113124073897147, -21.307858876258219 ], [ -45.112046095556202, -21.307858876258219 ], [ -45.112046095556202, -21.306780897917282 ], [ -45.112315590141435, -21.306780897917278 ], [ -45.112315590141435, -21.30597241416158 ], [ -45.112585084726675, -21.30597241416158 ], [ -45.112585084726675, -21.305163930405865 ], [ -45.112854579311907, -21.305163930405861 ], [ -45.112854579311907, -21.304624941235396 ], [ -45.113124073897147, -21.304624941235389 ], [ -45.113124073897147, -21.304355446650153 ], [ -45.11150710638573, -21.304355446650156 ], [ -45.11150710638573, -21.304085952064916 ], [ -45.110429128044785, -21.304085952064916 ], [ -45.110429128044785, -21.304355446650156 ], [ -45.110159633459553, -21.304355446650149 ], [ -45.110159633459553, -21.305433424991101 ], [ -45.109351149703841, -21.305433424991104 ], [ -45.109351149703841, -21.307050392502518 ], [ -45.108812160533368, -21.307050392502521 ], [ -45.108812160533368, -21.307589381672994 ], [ -45.108273171362903, -21.30758938167299 ], [ -45.108273171362903, -21.309745338354887 ], [ -45.108003676777663, -21.309745338354873 ] ], [ [ -45.112046095556202, -21.308667360013935 ], [ -45.111776600970963, -21.308667360013931 ], [ -45.111776600970963, -21.309475843769629 ], [ -45.11150710638573, -21.309475843769633 ], [ -45.11150710638573, -21.310823316695814 ], [ -45.111776600970963, -21.310823316695821 ], [ -45.111776600970963, -21.311092811281046 ], [ -45.109890138874313, -21.31109281128106 ], [ -45.109890138874313, -21.308667360013931 ], [ -45.110159633459553, -21.308667360013931 ], [ -45.110159633459553, -21.308128370843455 ], [ -45.110429128044785, -21.308128370843455 ], [ -45.110429128044785, -21.307858876258226 ], [ -45.112046095556202, -21.307858876258219 ], [ -45.112046095556202, -21.308667360013935 ] ] ] } },
{ "type": "Feature", "properties": { "anos_com_queima": 2, "area_ha": 14.505860165313809, "inicio": 2011.0, "fim": 2025.0, "tipo": "recurrence", "id_feicao": "recurrence_2011_2025_737" }, "geometry": { "type": "Polygon", "coordinates": [ [ [ -45.116088514334741, -21.308128370843452 ], [ -45.116088514334741, -21.309475843769636 ], [ -45.115549525164269, -21.309475843769633 ], [ -45.115549525164269, -21.311631800451526 ], [ -45.116088514334741, -21.311631800451526 ], [ -45.116088514334741, -21.31136230586629 ], [ -45.116358008919974, -21.311362305866293 ], [ -45.116358008919974, -21.310553822110585 ], [ -45.118513965601863, -21.310553822110592 ], [ -45.118513965601863, -21.310014832940105 ], [ -45.119052954772336, -21.310014832940109 ], [ -45.119052954772336, -21.306241908746813 ], [ -45.119322449357568, -21.306241908746802 ], [ -45.119322449357568, -21.305702919576341 ], [ -45.118513965601863, -21.305702919576337 ], [ -45.118513965601863, -21.30597241416158 ], [ -45.117435987260919, -21.305972414161577 ], [ -45.117435987260919, -21.306241908746795 ], [ -45.117166492675686, -21.306241908746806 ], [ -45.117166492675686, -21.307858876258226 ], [ -45.116896998090446, -21.307858876258223 ], [ -45.116896998090446, -21.308128370843459 ], [ -45.116088514334741, -21.308128370843452 ] ] ] } },
{ "type": "Feature", "properties": { "anos_com_queima": 2, "area_ha": 0.33347572673400999, "inicio": 2011.0, "fim": 2025.0, "tipo": "recurrence", "id_feicao": "recurrence_2011_2025_738" }, "geometry": { "type": "Polygon", "coordinates": [ [ [ -45.119322449357568, -21.304624941235389 ], [ -45.119322449357568, -21.305702919576341 ], [ -45.119591943942808, -21.305702919576337 ], [ -45.119591943942808, -21.304624941235392 ], [ -45.119322449357568, -21.304624941235389 ] ] ] } },
{ "type": "Feature", "properties": { "anos_com_queima": 2, "area_ha": 0.33347723475312524, "inicio": 2011.0, "fim": 2025.0, "tipo": "recurrence", "id_feicao": "recurrence_2011_2025_739" }, "geometry": { "type": "Polygon", "coordinates": [ [ [ -45.119591943942808, -21.304355446650153 ], [ -45.119591943942808, -21.304624941235392 ], [ -45.120669922283746, -21.304624941235389 ], [ -45.120669922283746, -21.304355446650156 ], [ -45.119591943942808, -21.304355446650153 ] ] ] } },
{ "type": "Feature", "properties": { "anos_com_queima": 2, "area_ha": 0.083369625607691705, "inicio": 2011.0, "fim": 2025.0, "tipo": "recurrence", "id_feicao": "recurrence_2011_2025_740" }, "geometry": { "type": "Polygon", "coordinates": [ [ [ -45.123364868136107, -21.304085952064927 ], [ -45.123634362721347, -21.30408595206492 ], [ -45.123634362721347, -21.303816457479687 ], [ -45.123364868136107, -21.303816457479691 ], [ -45.123364868136107, -21.304085952064927 ] ] ] } },
{ "type": "Feature", "properties": { "anos_com_queima": 2, "area_ha": 0.083369571847375479, "inicio": 2011.0, "fim": 2025.0, "tipo": "recurrence", "id_feicao": "recurrence_2011_2025_741" }, "geometry": { "type": "Polygon", "coordinates": [ [ [ -45.113124073897147, -21.304085952064916 ], [ -45.11339356848238, -21.30408595206492 ], [ -45.11339356848238, -21.303816457479691 ], [ -45.113124073897147, -21.303816457479687 ], [ -45.113124073897147, -21.304085952064916 ] ] ] } },
{ "type": "Feature", "properties": { "anos_com_queima": 2, "area_ha": 0.083369881505089047, "inicio": 2011.0, "fim": 2025.0, "tipo": "recurrence", "id_feicao": "recurrence_2011_2025_742" }, "geometry": { "type": "Polygon", "coordinates": [ [ [ -45.115280030579029, -21.303277468309215 ], [ -45.115280030579029, -21.303546962894458 ], [ -45.115549525164269, -21.303546962894458 ], [ -45.115549525164269, -21.303277468309219 ], [ -45.115280030579029, -21.303277468309215 ] ] ] } },
{ "type": "Feature", "properties": { "anos_com_queima": 2, "area_ha": 0.16673974792840254, "inicio": 2011.0, "fim": 2025.0, "tipo": "recurrence", "id_feicao": "recurrence_2011_2025_743" }, "geometry": { "type": "Polygon", "coordinates": [ [ [ -45.113663063067619, -21.303277468309219 ], [ -45.113663063067619, -21.303546962894451 ], [ -45.114202052238092, -21.303546962894462 ], [ -45.114202052238092, -21.303277468309219 ], [ -45.113663063067619, -21.303277468309219 ] ] ] } },
{ "type": "Feature", "properties": { "anos_com_queima": 2, "area_ha": 0.25011008021018061, "inicio": 2011.0, "fim": 2025.0, "tipo": "recurrence", "id_feicao": "recurrence_2011_2025_744" }, "geometry": { "type": "Polygon", "coordinates": [ [ [ -45.114202052238092, -21.303007973723986 ], [ -45.114202052238092, -21.303277468309219 ], [ -45.115010535993797, -21.303277468309219 ], [ -45.115010535993797, -21.303007973723982 ], [ -45.114202052238092, -21.303007973723986 ] ] ] } },
{ "type": "Feature", "properties": { "anos_com_queima": 2, "area_ha": 0.41685179617907853, "inicio": 2011.0, "fim": 2025.0, "tipo": "recurrence", "id_feicao": "recurrence_2011_2025_745" }, "geometry": { "type": "Polygon", "coordinates": [ [ [ -45.117974976431391, -21.303007973723986 ], [ -45.118244471016624, -21.303007973723982 ], [ -45.118244471016624, -21.302199489968274 ], [ -45.117705481846151, -21.30219948996827 ], [ -45.117705481846151, -21.302738479138746 ], [ -45.117974976431391, -21.30273847913875 ], [ -45.117974976431391, -21.303007973723986 ] ] ] } },
{ "type": "Feature", "properties": { "anos_com_queima": 2, "area_ha": 0.083370669622253632, "inicio": 2011.0, "fim": 2025.0, "tipo": "recurrence", "id_feicao": "recurrence_2011_2025_746" }, "geometry": { "type": "Polygon", "coordinates": [ [ [ -45.123095373550875, -21.302199489968274 ], [ -45.123364868136107, -21.302199489968277 ], [ -45.123364868136107, -21.301929995383034 ], [ -45.123095373550875, -21.301929995383038 ], [ -45.123095373550875, -21.302199489968274 ] ] ] } },
{ "type": "Feature", "properties": { "anos_com_queima": 2, "area_ha": 1.8341666708403725, "inicio": 2011.0, "fim": 2025.0, "tipo": "recurrence", "id_feicao": "recurrence_2011_2025_747" }, "geometry": { "type": "Polygon", "coordinates": [ [ [ -45.120669922283746, -21.301660500797801 ], [ -45.120669922283746, -21.301391006212565 ], [ -45.12013093311328, -21.301391006212565 ], [ -45.12013093311328, -21.301929995383034 ], [ -45.119052954772336, -21.301929995383041 ], [ -45.119052954772336, -21.302199489968274 ], [ -45.12201739520993, -21.302199489968277 ], [ -45.12201739520993, -21.301929995383038 ], [ -45.122556384380403, -21.301929995383038 ], [ -45.122556384380403, -21.301660500797805 ], [ -45.120669922283746, -21.301660500797801 ] ] ] } },
{ "type": "Feature", "properties": { "anos_com_queima": 2, "area_ha": 0.50025272502678053, "inicio": 2011.0, "fim": 2025.0, "tipo": "recurrence", "id_feicao": "recurrence_2011_2025_748" }, "geometry": { "type": "Polygon", "coordinates": [ [ [ -45.136839597397902, -21.293306168655487 ], [ -45.136839597397902, -21.29384515782596 ], [ -45.137648081153607, -21.29384515782596 ], [ -45.137648081153607, -21.293306168655494 ], [ -45.136839597397902, -21.293306168655487 ] ] ] } },
{ "type": "Feature", "properties": { "anos_com_queima": 2, "area_ha": 1.0005356254284949, "inicio": 2011.0, "fim": 2025.0, "tipo": "recurrence", "id_feicao": "recurrence_2011_2025_749" }, "geometry": { "type": "Polygon", "coordinates": [ [ [ -45.144924434954973, -21.288724760706476 ], [ -45.144924434954973, -21.289533244462184 ], [ -45.146002413295918, -21.289533244462191 ], [ -45.146002413295918, -21.28872476070649 ], [ -45.144924434954973, -21.288724760706476 ] ] ] } },
{ "type": "Feature", "properties": { "anos_com_queima": 2, "area_ha": 2.0851772072345018, "inicio": 2011.0, "fim": 2025.0, "tipo": "recurrence", "id_feicao": "recurrence_2011_2025_750" }, "geometry": { "type": "Polygon", "coordinates": [ [ [ -45.128215770670352, -21.236981800341198 ], [ -45.129563243596529, -21.236981800341191 ], [ -45.129563243596529, -21.235634327415013 ], [ -45.128215770670352, -21.23563432741501 ], [ -45.128215770670352, -21.236981800341198 ] ] ] } },
{ "type": "Feature", "properties": { "anos_com_queima": 2, "area_ha": 1.668398162908852, "inicio": 2011.0, "fim": 2025.0, "tipo": "recurrence", "id_feicao": "recurrence_2011_2025_751" }, "geometry": { "type": "Polygon", "coordinates": [ [ [ -45.15516522919394, -21.214074760596141 ], [ -45.156243207534885, -21.214074760596144 ], [ -45.156243207534885, -21.212727287669967 ], [ -45.15516522919394, -21.212727287669974 ], [ -45.15516522919394, -21.214074760596141 ] ] ] } },
{ "type": "Feature", "properties": { "anos_com_queima": 2, "area_ha": 5.5058200123670034, "inicio": 2011.0, "fim": 2025.0, "tipo": "recurrence", "id_feicao": "recurrence_2011_2025_752" }, "geometry": { "type": "Polygon", "coordinates": [ [ [ -45.116088514334741, -21.21137981474379 ], [ -45.116088514334741, -21.211110320158546 ], [ -45.116627503505214, -21.211110320158546 ], [ -45.116627503505214, -21.208954363476668 ], [ -45.116358008919974, -21.208954363476668 ], [ -45.116358008919974, -21.208684868891424 ], [ -45.115280030579029, -21.208684868891428 ], [ -45.115280030579029, -21.2092238580619 ], [ -45.114202052238092, -21.209223858061897 ], [ -45.114202052238092, -21.209493352647133 ], [ -45.114471546823324, -21.20949335264714 ], [ -45.114471546823324, -21.209762847232373 ], [ -45.114741041408557, -21.209762847232369 ], [ -45.114741041408557, -21.211379814743793 ], [ -45.116088514334741, -21.21137981474379 ] ] ] } },
{ "type": "Feature", "properties": { "anos_com_queima": 2, "area_ha": 2.0021634388169995, "inicio": 2011.0, "fim": 2025.0, "tipo": "recurrence", "id_feicao": "recurrence_2011_2025_753" }, "geometry": { "type": "Polygon", "coordinates": [ [ [ -45.115010535993797, -21.207067901380018 ], [ -45.115010535993797, -21.206528912209549 ], [ -45.112315590141435, -21.206528912209549 ], [ -45.112315590141435, -21.205989923039073 ], [ -45.112046095556202, -21.205989923039073 ], [ -45.112046095556202, -21.207067901380022 ], [ -45.115010535993797, -21.207067901380018 ] ] ] } },
{ "type": "Feature", "properties": { "anos_com_queima": 2, "area_ha": 0.083423536537988008, "inicio": 2011.0, "fim": 2025.0, "tipo": "recurrence", "id_feicao": "recurrence_2011_2025_754" }, "geometry": { "type": "Polygon", "coordinates": [ [ [ -45.116088514334741, -21.20625941762431 ], [ -45.116088514334741, -21.206528912209542 ], [ -45.116358008919974, -21.206528912209535 ], [ -45.116358008919974, -21.206259417624313 ], [ -45.116088514334741, -21.20625941762431 ] ] ] } },
{ "type": "Feature", "properties": { "anos_com_queima": 2, "area_ha": 2.0022266907455402, "inicio": 2011.0, "fim": 2025.0, "tipo": "recurrence", "id_feicao": "recurrence_2011_2025_755" }, "geometry": { "type": "Polygon", "coordinates": [ [ [ -45.152200788756346, -21.20248649343101 ], [ -45.152470283341579, -21.20248649343101 ], [ -45.152470283341579, -21.201408515090066 ], [ -45.151122810415401, -21.201408515090062 ], [ -45.151122810415401, -21.202755988016243 ], [ -45.152200788756346, -21.202755988016243 ], [ -45.152200788756346, -21.20248649343101 ] ] ] } },
{ "type": "Feature", "properties": { "anos_com_queima": 2, "area_ha": 70.828916635926817, "inicio": 2011.0, "fim": 2025.0, "tipo": "recurrence", "id_feicao": "recurrence_2011_2025_756" }, "geometry": { "type": "Polygon", "coordinates": [ [ [ -45.107734182192431, -21.19925255840818 ], [ -45.106117214681014, -21.19925255840818 ], [ -45.106117214681014, -21.200600031334353 ], [ -45.107464687607191, -21.200600031334361 ], [ -45.107464687607191, -21.201139020504826 ], [ -45.107734182192431, -21.201139020504822 ], [ -45.107734182192431, -21.201408515090062 ], [ -45.108273171362903, -21.201408515090062 ], [ -45.108273171362903, -21.203833966357184 ], [ -45.112046095556202, -21.203833966357188 ], [ -45.112046095556202, -21.204642450112896 ], [ -45.113932557652852, -21.204642450112896 ], [ -45.113932557652852, -21.204372955527663 ], [ -45.114471546823324, -21.20437295552766 ], [ -45.114471546823324, -21.203833966357184 ], [ -45.116627503505214, -21.203833966357184 ], [ -45.116627503505214, -21.205450933868605 ], [ -45.116358008919974, -21.205450933868601 ], [ -45.116358008919974, -21.206259417624313 ], [ -45.118513965601863, -21.206259417624313 ], [ -45.118513965601863, -21.206528912209549 ], [ -45.120400427698513, -21.206528912209553 ], [ -45.120400427698513, -21.20572042845383 ], [ -45.12013093311328, -21.20572042845383 ], [ -45.12013093311328, -21.205181439283365 ], [ -45.118783460187096, -21.205181439283365 ], [ -45.118783460187096, -21.20248649343101 ], [ -45.118513965601863, -21.202486493431007 ], [ -45.118513965601863, -21.202216998845767 ], [ -45.118244471016624, -21.20221699884577 ], [ -45.118244471016624, -21.201408515090062 ], [ -45.117974976431391, -21.201408515090066 ], [ -45.117974976431391, -21.201139020504826 ], [ -45.117705481846151, -21.201139020504833 ], [ -45.117705481846151, -21.200600031334353 ], [ -45.116358008919974, -21.200600031334353 ], [ -45.116358008919974, -21.199522052993412 ], [ -45.115010535993797, -21.199522052993409 ], [ -45.115010535993797, -21.19898306382294 ], [ -45.114741041408557, -21.198983063822936 ], [ -45.114741041408557, -21.200600031334357 ], [ -45.112585084726675, -21.200600031334353 ], [ -45.112585084726675, -21.199252558408176 ], [ -45.110159633459553, -21.199252558408173 ], [ -45.110159633459553, -21.199791547578656 ], [ -45.108542665948136, -21.199791547578645 ], [ -45.108542665948136, -21.198444074652475 ], [ -45.11150710638573, -21.198444074652475 ], [ -45.11150710638573, -21.198174580067231 ], [ -45.110968117215258, -21.198174580067239 ], [ -45.110968117215258, -21.197366096311526 ], [ -45.110698622630025, -21.197366096311534 ], [ -45.110698622630025, -21.196827107141047 ], [ -45.110159633459553, -21.196827107141058 ], [ -45.110159633459553, -21.194671150459172 ], [ -45.110698622630025, -21.194671150459172 ], [ -45.110698622630025, -21.194401655873925 ], [ -45.108273171362903, -21.194401655873929 ], [ -45.108273171362903, -21.194671150459158 ], [ -45.107195193021958, -21.194671150459161 ], [ -45.107195193021958, -21.195479634214873 ], [ -45.108812160533368, -21.195479634214866 ], [ -45.108812160533368, -21.197635590896766 ], [ -45.108273171362903, -21.197635590896763 ], [ -45.108273171362903, -21.1987135692377 ], [ -45.107734182192431, -21.1987135692377 ], [ -45.107734182192431, -21.19925255840818 ] ] ] } },
{ "type": "Feature", "properties": { "anos_com_queima": 2, "area_ha": 0.91770452773477007, "inicio": 2011.0, "fim": 2025.0, "tipo": "recurrence", "id_feicao": "recurrence_2011_2025_757" }, "geometry": { "type": "Polygon", "coordinates": [ [ [ -45.117974976431391, -21.19925255840818 ], [ -45.117974976431391, -21.19898306382294 ], [ -45.118244471016624, -21.198983063822936 ], [ -45.118244471016624, -21.198444074652468 ], [ -45.117166492675686, -21.198444074652468 ], [ -45.117166492675686, -21.19925255840818 ], [ -45.117974976431391, -21.19925255840818 ] ] ] } },
{ "type": "Feature", "properties": { "anos_com_queima": 2, "area_ha": 0.25028392884604111, "inicio": 2011.0, "fim": 2025.0, "tipo": "recurrence", "id_feicao": "recurrence_2011_2025_758" }, "geometry": { "type": "Polygon", "coordinates": [ [ [ -45.111776600970963, -21.198174580067228 ], [ -45.111776600970963, -21.198444074652471 ], [ -45.112585084726675, -21.198444074652468 ], [ -45.112585084726675, -21.198174580067231 ], [ -45.111776600970963, -21.198174580067228 ] ] ] } },
{ "type": "Feature", "properties": { "anos_com_queima": 2, "area_ha": 0.16685660640165498, "inicio": 2011.0, "fim": 2025.0, "tipo": "recurrence", "id_feicao": "recurrence_2011_2025_759" }, "geometry": { "type": "Polygon", "coordinates": [ [ [ -45.117705481846151, -21.19763559089677 ], [ -45.117705481846151, -21.197905085481995 ], [ -45.118244471016624, -21.197905085481995 ], [ -45.118244471016624, -21.197635590896766 ], [ -45.117705481846151, -21.19763559089677 ] ] ] } },
{ "type": "Feature", "properties": { "anos_com_queima": 2, "area_ha": 0.33371343495994804, "inicio": 2011.0, "fim": 2025.0, "tipo": "recurrence", "id_feicao": "recurrence_2011_2025_760" }, "geometry": { "type": "Polygon", "coordinates": [ [ [ -45.114202052238092, -21.198174580067235 ], [ -45.114471546823324, -21.198174580067228 ], [ -45.114471546823324, -21.197096601726294 ], [ -45.114202052238092, -21.19709660172629 ], [ -45.114202052238092, -21.198174580067235 ] ] ] } },
{ "type": "Feature", "properties": { "anos_com_queima": 2, "area_ha": 0.083428731715306639, "inicio": 2011.0, "fim": 2025.0, "tipo": "recurrence", "id_feicao": "recurrence_2011_2025_761" }, "geometry": { "type": "Polygon", "coordinates": [ [ [ -45.114471546823324, -21.197096601726294 ], [ -45.114741041408557, -21.197096601726283 ], [ -45.114741041408557, -21.196827107141058 ], [ -45.114471546823324, -21.196827107141047 ], [ -45.114471546823324, -21.197096601726294 ] ] ] } },
{ "type": "Feature", "properties": { "anos_com_queima": 2, "area_ha": 1.6685752275960934, "inicio": 2011.0, "fim": 2025.0, "tipo": "recurrence", "id_feicao": "recurrence_2011_2025_762" }, "geometry": { "type": "Polygon", "coordinates": [ [ [ -45.118513965601863, -21.197096601726294 ], [ -45.118513965601863, -21.196827107141047 ], [ -45.119052954772336, -21.196827107141061 ], [ -45.119052954772336, -21.196288117970578 ], [ -45.117435987260919, -21.196288117970578 ], [ -45.117435987260919, -21.196827107141058 ], [ -45.117166492675686, -21.196827107141051 ], [ -45.117166492675686, -21.19709660172629 ], [ -45.117435987260919, -21.197096601726287 ], [ -45.117435987260919, -21.19736609631153 ], [ -45.118244471016624, -21.197366096311519 ], [ -45.118244471016624, -21.19709660172629 ], [ -45.118513965601863, -21.197096601726294 ] ] ] } },
{ "type": "Feature", "properties": { "anos_com_queima": 2, "area_ha": 0.083428883103840057, "inicio": 2011.0, "fim": 2025.0, "tipo": "recurrence", "id_feicao": "recurrence_2011_2025_763" }, "geometry": { "type": "Polygon", "coordinates": [ [ [ -45.115010535993797, -21.196827107141047 ], [ -45.115280030579029, -21.196827107141054 ], [ -45.115280030579029, -21.196557612555814 ], [ -45.115010535993797, -21.196557612555811 ], [ -45.115010535993797, -21.196827107141047 ] ] ] } },
{ "type": "Feature", "properties": { "anos_com_queima": 2, "area_ha": 0.83429331075400115, "inicio": 2011.0, "fim": 2025.0, "tipo": "recurrence", "id_feicao": "recurrence_2011_2025_764" }, "geometry": { "type": "Polygon", "coordinates": [ [ [ -45.115280030579029, -21.196557612555814 ], [ -45.115819019749502, -21.196557612555818 ], [ -45.115819019749502, -21.195210139629637 ], [ -45.115280030579029, -21.195210139629641 ], [ -45.115280030579029, -21.196557612555814 ] ] ] } },
{ "type": "Feature", "properties": { "anos_com_queima": 2, "area_ha": 0.083429488774651325, "inicio": 2011.0, "fim": 2025.0, "tipo": "recurrence", "id_feicao": "recurrence_2011_2025_765" }, "geometry": { "type": "Polygon", "coordinates": [ [ [ -45.117166492675686, -21.195479634214866 ], [ -45.117166492675686, -21.195749128800109 ], [ -45.117435987260919, -21.195749128800109 ], [ -45.117435987260919, -21.19547963421487 ], [ -45.117166492675686, -21.195479634214866 ] ] ] } },
{ "type": "Feature", "properties": { "anos_com_queima": 2, "area_ha": 0.16685955948382616, "inicio": 2011.0, "fim": 2025.0, "tipo": "recurrence", "id_feicao": "recurrence_2011_2025_766" }, "geometry": { "type": "Polygon", "coordinates": [ [ [ -45.115819019749502, -21.195210139629637 ], [ -45.116358008919974, -21.195210139629641 ], [ -45.116358008919974, -21.194940645044404 ], [ -45.115819019749502, -21.194940645044394 ], [ -45.115819019749502, -21.195210139629637 ] ] ] } },
{ "type": "Feature", "properties": { "anos_com_queima": 2, "area_ha": 0.33371961544807999, "inicio": 2011.0, "fim": 2025.0, "tipo": "recurrence", "id_feicao": "recurrence_2011_2025_767" }, "geometry": { "type": "Polygon", "coordinates": [ [ [ -45.110698622630025, -21.194940645044401 ], [ -45.111776600970963, -21.194940645044397 ], [ -45.111776600970963, -21.194671150459165 ], [ -45.110698622630025, -21.194671150459172 ], [ -45.110698622630025, -21.194940645044401 ] ] ] } },
{ "type": "Feature", "properties": { "anos_com_queima": 2, "area_ha": 1.668616737053459, "inicio": 2011.0, "fim": 2025.0, "tipo": "recurrence", "id_feicao": "recurrence_2011_2025_768" }, "geometry": { "type": "Polygon", "coordinates": [ [ [ -45.149236348318752, -21.194132161288692 ], [ -45.149236348318752, -21.193593172118227 ], [ -45.148697359148279, -21.193593172118227 ], [ -45.148697359148279, -21.193054182947748 ], [ -45.147619380807335, -21.193054182947755 ], [ -45.147619380807335, -21.194132161288699 ], [ -45.149236348318752, -21.194132161288692 ] ] ] } },
{ "type": "Feature", "properties": { "anos_com_queima": 2, "area_ha": 18.187955064683269, "inicio": 2011.0, "fim": 2025.0, "tipo": "recurrence", "id_feicao": "recurrence_2011_2025_769" }, "geometry": { "type": "Polygon", "coordinates": [ [ [ -45.110698622630025, -21.193323677532991 ], [ -45.110698622630025, -21.19386266670346 ], [ -45.111237611800497, -21.193862666703467 ], [ -45.111237611800497, -21.193054182947751 ], [ -45.112315590141435, -21.193054182947751 ], [ -45.112315590141435, -21.194401655873929 ], [ -45.116358008919974, -21.194401655873929 ], [ -45.116358008919974, -21.194940645044404 ], [ -45.116896998090446, -21.194940645044404 ], [ -45.116896998090446, -21.195210139629641 ], [ -45.117166492675686, -21.195210139629637 ], [ -45.117166492675686, -21.193054182947744 ], [ -45.116896998090446, -21.193054182947751 ], [ -45.116896998090446, -21.192515193777275 ], [ -45.116627503505214, -21.192515193777282 ], [ -45.116627503505214, -21.191976204606807 ], [ -45.115819019749502, -21.191976204606814 ], [ -45.115819019749502, -21.190628731680626 ], [ -45.115280030579029, -21.190628731680633 ], [ -45.115280030579029, -21.190898226265865 ], [ -45.114202052238092, -21.190898226265858 ], [ -45.114202052238092, -21.191976204606807 ], [ -45.110698622630025, -21.191976204606807 ], [ -45.110698622630025, -21.193054182947744 ], [ -45.110968117215258, -21.193054182947755 ], [ -45.110968117215258, -21.193323677532984 ], [ -45.110698622630025, -21.193323677532991 ] ] ] } },
{ "type": "Feature", "properties": { "anos_com_queima": 2, "area_ha": 1.7520652400494203, "inicio": 2011.0, "fim": 2025.0, "tipo": "recurrence", "id_feicao": "recurrence_2011_2025_770" }, "geometry": { "type": "Polygon", "coordinates": [ [ [ -45.107464687607191, -21.190898226265862 ], [ -45.107464687607191, -21.19197620460681 ], [ -45.108273171362903, -21.191976204606803 ], [ -45.108273171362903, -21.192245699192046 ], [ -45.108542665948136, -21.192245699192043 ], [ -45.108542665948136, -21.191976204606807 ], [ -45.108812160533368, -21.19197620460681 ], [ -45.108812160533368, -21.190898226265865 ], [ -45.107464687607191, -21.190898226265862 ] ] ] } },
{ "type": "Feature", "properties": { "anos_com_queima": 2, "area_ha": 0.66745773377455775, "inicio": 2011.0, "fim": 2025.0, "tipo": "recurrence", "id_feicao": "recurrence_2011_2025_771" }, "geometry": { "type": "Polygon", "coordinates": [ [ [ -45.112585084726675, -21.190898226265862 ], [ -45.113663063067619, -21.190898226265865 ], [ -45.113663063067619, -21.190359237095389 ], [ -45.112585084726675, -21.190359237095389 ], [ -45.112585084726675, -21.190898226265862 ] ] ] } },
{ "type": "Feature", "properties": { "anos_com_queima": 2, "area_ha": 0.16686502105463297, "inicio": 2011.0, "fim": 2025.0, "tipo": "recurrence", "id_feicao": "recurrence_2011_2025_772" }, "geometry": { "type": "Polygon", "coordinates": [ [ [ -45.112315590141435, -21.190359237095389 ], [ -45.112585084726675, -21.190359237095389 ], [ -45.112585084726675, -21.189820247924921 ], [ -45.112315590141435, -21.189820247924921 ], [ -45.112315590141435, -21.190359237095389 ] ] ] } },
{ "type": "Feature", "properties": { "anos_com_queima": 2, "area_ha": 0.08343394264209765, "inicio": 2011.0, "fim": 2025.0, "tipo": "recurrence", "id_feicao": "recurrence_2011_2025_773" }, "geometry": { "type": "Polygon", "coordinates": [ [ [ -45.116358008919974, -21.187394796657792 ], [ -45.116358008919974, -21.187664291243028 ], [ -45.116627503505214, -21.187664291243031 ], [ -45.116627503505214, -21.187394796657795 ], [ -45.116358008919974, -21.187394796657792 ] ] ] } },
{ "type": "Feature", "properties": { "anos_com_queima": 2, "area_ha": 6.1741241257859398, "inicio": 2011.0, "fim": 2025.0, "tipo": "recurrence", "id_feicao": "recurrence_2011_2025_774" }, "geometry": { "type": "Polygon", "coordinates": [ [ [ -45.111237611800497, -21.185777829146389 ], [ -45.111237611800497, -21.188742269583976 ], [ -45.112315590141435, -21.188742269583969 ], [ -45.112315590141435, -21.187933785828275 ], [ -45.113124073897147, -21.187933785828271 ], [ -45.113124073897147, -21.187394796657795 ], [ -45.11339356848238, -21.187394796657795 ], [ -45.11339356848238, -21.185777829146385 ], [ -45.111237611800497, -21.185777829146389 ] ] ] } },
{ "type": "Feature", "properties": { "anos_com_queima": 2, "area_ha": 0.083434241182100966, "inicio": 2011.0, "fim": 2025.0, "tipo": "recurrence", "id_feicao": "recurrence_2011_2025_775" }, "geometry": { "type": "Polygon", "coordinates": [ [ [ -45.116627503505214, -21.186855807487326 ], [ -45.116627503505214, -21.187125302072559 ], [ -45.116896998090446, -21.187125302072559 ], [ -45.116896998090446, -21.186855807487323 ], [ -45.116627503505214, -21.186855807487326 ] ] ] } },
{ "type": "Feature", "properties": { "anos_com_queima": 2, "area_ha": 84.188498898618292, "inicio": 2011.0, "fim": 2025.0, "tipo": "recurrence", "id_feicao": "recurrence_2011_2025_776" }, "geometry": { "type": "Polygon", "coordinates": [ [ [ -45.114471546823324, -21.175806529492654 ], [ -45.114202052238092, -21.175806529492661 ], [ -45.114202052238092, -21.176076024077901 ], [ -45.113932557652852, -21.176076024077894 ], [ -45.113932557652852, -21.176345518663126 ], [ -45.116358008919974, -21.176345518663126 ], [ -45.116358008919974, -21.178501475345008 ], [ -45.115819019749502, -21.178501475345019 ], [ -45.115819019749502, -21.179040464515488 ], [ -45.115280030579029, -21.179040464515488 ], [ -45.115280030579029, -21.1798489482712 ], [ -45.115010535993797, -21.179848948271196 ], [ -45.115010535993797, -21.180118442856426 ], [ -45.114741041408557, -21.180118442856433 ], [ -45.114741041408557, -21.180387937441669 ], [ -45.114202052238092, -21.180387937441658 ], [ -45.114202052238092, -21.180657432026905 ], [ -45.109890138874313, -21.180657432026905 ], [ -45.109890138874313, -21.18173541036785 ], [ -45.107464687607191, -21.181735410367846 ], [ -45.107464687607191, -21.183082883294023 ], [ -45.106386709266246, -21.183082883294023 ], [ -45.106386709266246, -21.184699850805444 ], [ -45.105578225510541, -21.184699850805437 ], [ -45.105578225510541, -21.185508334561156 ], [ -45.104500247169597, -21.185508334561156 ], [ -45.104500247169597, -21.185777829146385 ], [ -45.103961257999124, -21.185777829146378 ], [ -45.103961257999124, -21.186855807487319 ], [ -45.104769741754836, -21.186855807487319 ], [ -45.104769741754836, -21.187125302072559 ], [ -45.106117214681014, -21.187125302072566 ], [ -45.106117214681014, -21.186855807487323 ], [ -45.106386709266246, -21.186855807487323 ], [ -45.106386709266246, -21.186586312902094 ], [ -45.106656203851486, -21.18658631290209 ], [ -45.106656203851486, -21.186316818316858 ], [ -45.106925698436719, -21.186316818316854 ], [ -45.106925698436719, -21.186047323731621 ], [ -45.107464687607191, -21.186047323731618 ], [ -45.107464687607191, -21.185777829146378 ], [ -45.108273171362903, -21.185777829146385 ], [ -45.108273171362903, -21.184969345390673 ], [ -45.11339356848238, -21.184969345390666 ], [ -45.11339356848238, -21.185777829146385 ], [ -45.114741041408557, -21.185777829146378 ], [ -45.114741041408557, -21.18658631290209 ], [ -45.115819019749502, -21.186586312902094 ], [ -45.115819019749502, -21.185777829146385 ], [ -45.116896998090446, -21.185777829146378 ], [ -45.116896998090446, -21.185508334561145 ], [ -45.113932557652852, -21.185508334561149 ], [ -45.113932557652852, -21.183082883294031 ], [ -45.116358008919974, -21.18308288329402 ], [ -45.116358008919974, -21.182813388708784 ], [ -45.116896998090446, -21.182813388708787 ], [ -45.116896998090446, -21.181735410367835 ], [ -45.117974976431391, -21.181735410367846 ], [ -45.117974976431391, -21.181196421197377 ], [ -45.118244471016624, -21.181196421197377 ], [ -45.118244471016624, -21.180926926612131 ], [ -45.118783460187096, -21.180926926612134 ], [ -45.118783460187096, -21.179848948271196 ], [ -45.119052954772336, -21.179848948271196 ], [ -45.119052954772336, -21.17957945368596 ], [ -45.12174790062469, -21.17957945368596 ], [ -45.12174790062469, -21.178770969930252 ], [ -45.118783460187096, -21.178770969930259 ], [ -45.118783460187096, -21.17634551866313 ], [ -45.120939416868985, -21.17634551866313 ], [ -45.120939416868985, -21.176076024077894 ], [ -45.121208911454218, -21.176076024077894 ], [ -45.121208911454218, -21.17634551866313 ], [ -45.12174790062469, -21.176345518663126 ], [ -45.12174790062469, -21.17607602407789 ], [ -45.124981835647525, -21.17607602407789 ], [ -45.124981835647525, -21.174728551151716 ], [ -45.12201739520993, -21.174728551151716 ], [ -45.12201739520993, -21.175806529492654 ], [ -45.121208911454218, -21.175806529492661 ], [ -45.121208911454218, -21.175537034907418 ], [ -45.120939416868985, -21.175537034907418 ], [ -45.120939416868985, -21.174728551151709 ], [ -45.117166492675686, -21.174728551151713 ], [ -45.117166492675686, -21.175267540322182 ], [ -45.114471546823324, -21.175267540322189 ], [ -45.114471546823324, -21.175806529492654 ] ] ] } },
{ "type": "Feature", "properties": { "anos_com_queima": 2, "area_ha": 1.3350315651580691, "inicio": 2011.0, "fim": 2025.0, "tipo": "recurrence", "id_feicao": "recurrence_2011_2025_777" }, "geometry": { "type": "Polygon", "coordinates": [ [ [ -45.112046095556202, -21.177154002418835 ], [ -45.110968117215258, -21.177154002418838 ], [ -45.110968117215258, -21.176884507833599 ], [ -45.110698622630025, -21.176884507833599 ], [ -45.110698622630025, -21.177962486174543 ], [ -45.112046095556202, -21.177962486174543 ], [ -45.112046095556202, -21.177154002418835 ] ] ] } },
{ "type": "Feature", "properties": { "anos_com_queima": 2, "area_ha": 0.25031960297098049, "inicio": 2011.0, "fim": 2025.0, "tipo": "recurrence", "id_feicao": "recurrence_2011_2025_778" }, "geometry": { "type": "Polygon", "coordinates": [ [ [ -45.113124073897147, -21.176345518663133 ], [ -45.113124073897147, -21.177154002418831 ], [ -45.11339356848238, -21.177154002418835 ], [ -45.11339356848238, -21.176345518663126 ], [ -45.113124073897147, -21.176345518663133 ] ] ] } },
{ "type": "Feature", "properties": { "anos_com_queima": 2, "area_ha": 0.83439875014138165, "inicio": 2011.0, "fim": 2025.0, "tipo": "recurrence", "id_feicao": "recurrence_2011_2025_779" }, "geometry": { "type": "Polygon", "coordinates": [ [ [ -45.109081655118608, -21.176076024077894 ], [ -45.109081655118608, -21.176345518663126 ], [ -45.109890138874313, -21.176345518663133 ], [ -45.109890138874313, -21.176615013248359 ], [ -45.110429128044785, -21.176615013248369 ], [ -45.110429128044785, -21.176884507833595 ], [ -45.110698622630025, -21.176884507833599 ], [ -45.110698622630025, -21.17607602407789 ], [ -45.109081655118608, -21.176076024077894 ] ] ] } },
{ "type": "Feature", "properties": { "anos_com_queima": 2, "area_ha": 7.760032039351124, "inicio": 2011.0, "fim": 2025.0, "tipo": "recurrence", "id_feicao": "recurrence_2011_2025_780" }, "geometry": { "type": "Polygon", "coordinates": [ [ [ -45.109081655118608, -21.174998045736945 ], [ -45.109081655118608, -21.173920067396008 ], [ -45.110159633459553, -21.173920067396015 ], [ -45.110159633459553, -21.17284208905507 ], [ -45.109890138874313, -21.172842089055059 ], [ -45.109890138874313, -21.172572594469827 ], [ -45.10962064428908, -21.172572594469823 ], [ -45.10962064428908, -21.172303099884587 ], [ -45.108003676777663, -21.172303099884584 ], [ -45.108003676777663, -21.175267540322185 ], [ -45.106656203851486, -21.175267540322192 ], [ -45.106656203851486, -21.176345518663123 ], [ -45.108003676777663, -21.176345518663126 ], [ -45.108003676777663, -21.176076024077897 ], [ -45.108812160533368, -21.17607602407789 ], [ -45.108812160533368, -21.174998045736945 ], [ -45.109081655118608, -21.174998045736945 ] ] ] } },
{ "type": "Feature", "properties": { "anos_com_queima": 2, "area_ha": 0.25032407412827012, "inicio": 2011.0, "fim": 2025.0, "tipo": "recurrence", "id_feicao": "recurrence_2011_2025_781" }, "geometry": { "type": "Polygon", "coordinates": [ [ [ -45.113932557652852, -21.174189561981237 ], [ -45.114741041408557, -21.174189561981244 ], [ -45.114741041408557, -21.173920067396004 ], [ -45.113932557652852, -21.173920067396008 ], [ -45.113932557652852, -21.174189561981237 ] ] ] } },
{ "type": "Feature", "properties": { "anos_com_queima": 2, "area_ha": 0.66753075079256674, "inicio": 2011.0, "fim": 2025.0, "tipo": "recurrence", "id_feicao": "recurrence_2011_2025_782" }, "geometry": { "type": "Polygon", "coordinates": [ [ [ -45.110429128044785, -21.174189561981244 ], [ -45.112585084726675, -21.174189561981247 ], [ -45.112585084726675, -21.173920067396008 ], [ -45.110429128044785, -21.173920067396011 ], [ -45.110429128044785, -21.174189561981244 ] ] ] } },
{ "type": "Feature", "properties": { "anos_com_queima": 2, "area_ha": 4.0904193816386014, "inicio": 2011.0, "fim": 2025.0, "tipo": "recurrence", "id_feicao": "recurrence_2011_2025_783" }, "geometry": { "type": "Polygon", "coordinates": [ [ [ -45.105397512772591, -21.393558157009295 ], [ -45.105448, -21.393552 ], [ -45.105695, -21.393499 ], [ -45.105968, -21.393389 ], [ -45.106203, -21.393301 ], [ -45.106386709263624, -21.393179302360569 ], [ -45.106386709266246, -21.392749670607522 ], [ -45.105847720095774, -21.392749670607525 ], [ -45.105847720095774, -21.392480176022282 ], [ -45.104769741754836, -21.392480176022278 ], [ -45.104769741754836, -21.392210681437049 ], [ -45.104230752584364, -21.392210681437049 ], [ -45.104230752584364, -21.392480176022282 ], [ -45.103422268828652, -21.392480176022289 ], [ -45.103422268825248, -21.394243406794221 ], [ -45.103541999999898, -21.394219 ], [ -45.103901, -21.394075999999892 ], [ -45.104236, -21.393909999999895 ], [ -45.104472, -21.393822 ], [ -45.104500247168453, -21.39381067828548 ], [ -45.104500247169597, -21.393558154363234 ], [ -45.105397512772591, -21.393558157009295 ] ] ] } },
{ "type": "Feature", "properties": { "anos_com_queima": 2, "area_ha": 8.1517137033537832, "inicio": 2011.0, "fim": 2025.0, "tipo": "recurrence", "id_feicao": "recurrence_2011_2025_784" }, "geometry": { "type": "Polygon", "coordinates": [ [ [ -45.102613785072947, -21.392749670607525 ], [ -45.102613785072947, -21.392480176022282 ], [ -45.103422268828652, -21.392480176022289 ], [ -45.103422268828652, -21.392210681437046 ], [ -45.102613785072947, -21.392210681437046 ], [ -45.102613785072947, -21.390324219340396 ], [ -45.104769741754836, -21.390324219340393 ], [ -45.104769741754836, -21.392210681437049 ], [ -45.105578225510541, -21.392210681437046 ], [ -45.105578225510541, -21.3903242193404 ], [ -45.106080504148267, -21.39032421979886 ], [ -45.10612, -21.390179999999894 ], [ -45.106211, -21.389928999999899 ], [ -45.10635, -21.389747 ], [ -45.106513999999898, -21.389554 ], [ -45.106701, -21.389407999999897 ], [ -45.106876999999898, -21.389239 ], [ -45.106925698435575, -21.389202258828096 ], [ -45.106925698436719, -21.388976746414219 ], [ -45.105847720095774, -21.388976746414222 ], [ -45.105847720095774, -21.389246240999459 ], [ -45.105578225510541, -21.389246240999455 ], [ -45.105578225510541, -21.39005472475516 ], [ -45.103422268828652, -21.390054724755164 ], [ -45.103422268828652, -21.389785230169924 ], [ -45.101535806732002, -21.38978523016992 ], [ -45.101535806732002, -21.392749670607525 ], [ -45.102613785072947, -21.392749670607525 ] ] ] } },
{ "type": "Feature", "properties": { "anos_com_queima": 2, "area_ha": 2.832956916492638, "inicio": 2011.0, "fim": 2025.0, "tipo": "recurrence", "id_feicao": "recurrence_2011_2025_785" }, "geometry": { "type": "Polygon", "coordinates": [ [ [ -45.085096637032613, -21.388437757243743 ], [ -45.085096637032613, -21.389785230169931 ], [ -45.08671360454403, -21.389785230169924 ], [ -45.08671360454403, -21.38816826265851 ], [ -45.085635626203086, -21.38816826265851 ], [ -45.085635626203086, -21.388437757243739 ], [ -45.085096637032613, -21.388437757243743 ] ] ] } },
{ "type": "Feature", "properties": { "anos_com_queima": 2, "area_ha": 0.9999133047442883, "inicio": 2011.0, "fim": 2025.0, "tipo": "recurrence", "id_feicao": "recurrence_2011_2025_786" }, "geometry": { "type": "Polygon", "coordinates": [ [ [ -45.078359272401727, -21.382508876368558 ], [ -45.079167756157425, -21.382508876368551 ], [ -45.079167756157425, -21.381430898027617 ], [ -45.078359272401727, -21.38143089802761 ], [ -45.078359272401727, -21.382508876368558 ] ] ] } },
{ "type": "Feature", "properties": { "anos_com_queima": 2, "area_ha": 1.4999512066157534, "inicio": 2011.0, "fim": 2025.0, "tipo": "recurrence", "id_feicao": "recurrence_2011_2025_787" }, "geometry": { "type": "Polygon", "coordinates": [ [ [ -45.058955662264736, -21.374154544226247 ], [ -45.059764146020449, -21.374154544226251 ], [ -45.059764146020449, -21.373076565885302 ], [ -45.058686167679504, -21.373076565885299 ], [ -45.058686167679504, -21.374693533396719 ], [ -45.058955662264736, -21.374693533396719 ], [ -45.058955662264736, -21.374154544226247 ] ] ] } },
{ "type": "Feature", "properties": { "anos_com_queima": 2, "area_ha": 2.8332471059042703, "inicio": 2011.0, "fim": 2025.0, "tipo": "recurrence", "id_feicao": "recurrence_2011_2025_788" }, "geometry": { "type": "Polygon", "coordinates": [ [ [ -45.089408550396392, -21.372807071300073 ], [ -45.089408550396392, -21.374154544226247 ], [ -45.089678044981625, -21.374154544226247 ], [ -45.089678044981625, -21.374424038811487 ], [ -45.091025517907802, -21.37442403881148 ], [ -45.091025517907802, -21.373076565885313 ], [ -45.090756023322569, -21.373076565885302 ], [ -45.090756023322569, -21.372807071300066 ], [ -45.089408550396392, -21.372807071300073 ] ] ] } },
{ "type": "Feature", "properties": { "anos_com_queima": 2, "area_ha": 1.333309169604592, "inicio": 2011.0, "fim": 2025.0, "tipo": "recurrence", "id_feicao": "recurrence_2011_2025_789" }, "geometry": { "type": "Polygon", "coordinates": [ [ [ -45.083749164106436, -21.37119010378866 ], [ -45.083749164106436, -21.372268082129587 ], [ -45.084827142447381, -21.372268082129597 ], [ -45.084827142447381, -21.371190103788649 ], [ -45.083749164106436, -21.37119010378866 ] ] ] } },
{ "type": "Feature", "properties": { "anos_com_queima": 2, "area_ha": 1.6666883548362332, "inicio": 2011.0, "fim": 2025.0, "tipo": "recurrence", "id_feicao": "recurrence_2011_2025_790" }, "geometry": { "type": "Polygon", "coordinates": [ [ [ -45.076203315719837, -21.366339201254405 ], [ -45.076203315719837, -21.367686674180593 ], [ -45.077281294060782, -21.367686674180593 ], [ -45.077281294060782, -21.366339201254409 ], [ -45.076203315719837, -21.366339201254405 ] ] ] } },
{ "type": "Feature", "properties": { "anos_com_queima": 2, "area_ha": 0.6667725798673928, "inicio": 2011.0, "fim": 2025.0, "tipo": "recurrence", "id_feicao": "recurrence_2011_2025_791" }, "geometry": { "type": "Polygon", "coordinates": [ [ [ -45.102074795902475, -21.345588118191248 ], [ -45.103152774243419, -21.345588118191245 ], [ -45.103152774243419, -21.345049129020783 ], [ -45.102074795902475, -21.345049129020769 ], [ -45.102074795902475, -21.345588118191248 ] ] ] } },
{ "type": "Feature", "properties": { "anos_com_queima": 2, "area_ha": 203.37736816619784, "inicio": 2011.0, "fim": 2025.0, "tipo": "recurrence", "id_feicao": "recurrence_2011_2025_792" }, "geometry": { "type": "Polygon", "coordinates": [ [ [ -45.087522088299735, -21.332652378099922 ], [ -45.087252593714503, -21.332652378099922 ], [ -45.087252593714503, -21.333191367270405 ], [ -45.086444109958798, -21.333191367270398 ], [ -45.086444109958798, -21.333730356440867 ], [ -45.085096637032613, -21.333730356440871 ], [ -45.085096637032613, -21.334269345611336 ], [ -45.082671185765491, -21.334269345611343 ], [ -45.082671185765491, -21.333999851026107 ], [ -45.081323712839314, -21.33399985102611 ], [ -45.081323712839314, -21.334269345611339 ], [ -45.081054218254089, -21.334269345611332 ], [ -45.081054218254089, -21.334808334781808 ], [ -45.081323712839314, -21.334808334781812 ], [ -45.081323712839314, -21.335077829367052 ], [ -45.082671185765491, -21.335077829367041 ], [ -45.082671185765491, -21.33561681853752 ], [ -45.083749164106436, -21.335616818537517 ], [ -45.083749164106436, -21.336155807707989 ], [ -45.084018658691676, -21.336155807707989 ], [ -45.084018658691676, -21.336694796878465 ], [ -45.085366131617853, -21.336694796878469 ], [ -45.085366131617853, -21.339389742730816 ], [ -45.085635626203086, -21.339389742730823 ], [ -45.085635626203086, -21.339928731901292 ], [ -45.087252593714503, -21.339928731901296 ], [ -45.087252593714503, -21.340467721071761 ], [ -45.088330572055447, -21.340467721071761 ], [ -45.088330572055447, -21.341276204827473 ], [ -45.089408550396392, -21.341276204827469 ], [ -45.089408550396392, -21.343162666924119 ], [ -45.09048652873733, -21.343162666924115 ], [ -45.09048652873733, -21.342084688583178 ], [ -45.093450969174924, -21.342084688583178 ], [ -45.093450969174924, -21.342623677753664 ], [ -45.093720463760164, -21.342623677753654 ], [ -45.093720463760164, -21.34289317233889 ], [ -45.093989958345396, -21.342893172338883 ], [ -45.093989958345396, -21.343162666924123 ], [ -45.095337431271581, -21.343162666924123 ], [ -45.095337431271581, -21.34424064526506 ], [ -45.095606925856814, -21.344240645265067 ], [ -45.095606925856814, -21.342623677753654 ], [ -45.095876420442053, -21.34262367775365 ], [ -45.095876420442053, -21.342354183168418 ], [ -45.096415409612518, -21.342354183168418 ], [ -45.096415409612518, -21.341815193997942 ], [ -45.096684904197758, -21.341815193997938 ], [ -45.096684904197758, -21.341545699412706 ], [ -45.097223893368231, -21.341545699412702 ], [ -45.097223893368231, -21.341006710242233 ], [ -45.097493387953463, -21.341006710242237 ], [ -45.097493387953463, -21.340198226486528 ], [ -45.097762882538703, -21.340198226486525 ], [ -45.097762882538703, -21.337772775219406 ], [ -45.095876420442053, -21.337772775219403 ], [ -45.095876420442053, -21.337503280634174 ], [ -45.095606925856814, -21.337503280634177 ], [ -45.095606925856814, -21.335077829367052 ], [ -45.095876420442053, -21.335077829367048 ], [ -45.095876420442053, -21.334538840196572 ], [ -45.096145915027286, -21.334538840196579 ], [ -45.096145915027286, -21.333191367270395 ], [ -45.09911035546488, -21.333191367270402 ], [ -45.09911035546488, -21.333460861855631 ], [ -45.099379850050113, -21.333460861855627 ], [ -45.099379850050113, -21.334269345611339 ], [ -45.099649344635353, -21.334269345611339 ], [ -45.099649344635353, -21.334538840196579 ], [ -45.100727322976297, -21.334538840196579 ], [ -45.100727322976297, -21.336964291463694 ], [ -45.100188333805825, -21.336964291463701 ], [ -45.100188333805825, -21.338850753560347 ], [ -45.100727322976297, -21.33885075356034 ], [ -45.100727322976297, -21.338581258975108 ], [ -45.103152774243419, -21.338581258975111 ], [ -45.103152774243419, -21.338850753560347 ], [ -45.105039236340069, -21.338850753560347 ], [ -45.105039236340069, -21.339389742730816 ], [ -45.105578225510541, -21.339389742730827 ], [ -45.105578225510541, -21.339659237316063 ], [ -45.105847720095774, -21.339659237316052 ], [ -45.105847720095774, -21.339928731901292 ], [ -45.106925698436719, -21.339928731901292 ], [ -45.106925698436719, -21.340737215657001 ], [ -45.108003676777663, -21.340737215656997 ], [ -45.108003676777663, -21.339120248145584 ], [ -45.10962064428908, -21.33912024814558 ], [ -45.10962064428908, -21.33777277521941 ], [ -45.110159633459553, -21.337772775219399 ], [ -45.110159633459553, -21.33723378604893 ], [ -45.110698622630025, -21.33723378604893 ], [ -45.110698622630025, -21.336425302293225 ], [ -45.110968117215258, -21.336425302293232 ], [ -45.110968117215258, -21.335347323952284 ], [ -45.108273171362903, -21.335347323952288 ], [ -45.108273171362903, -21.335077829367048 ], [ -45.106386709266246, -21.335077829367041 ], [ -45.106386709266246, -21.334269345611339 ], [ -45.106117214681014, -21.334269345611332 ], [ -45.106117214681014, -21.333999851026107 ], [ -45.105308730925309, -21.333999851026107 ], [ -45.105308730925309, -21.333730356440867 ], [ -45.101805301317242, -21.333730356440878 ], [ -45.101805301317242, -21.332921872685162 ], [ -45.100188333805825, -21.332921872685159 ], [ -45.100188333805825, -21.332652378099922 ], [ -45.099649344635353, -21.332652378099926 ], [ -45.099649344635353, -21.332382883514683 ], [ -45.098301871709175, -21.332382883514679 ], [ -45.098301871709175, -21.332113388929457 ], [ -45.096415409612518, -21.33211338892945 ], [ -45.096415409612518, -21.331304905173749 ], [ -45.095606925856814, -21.331304905173742 ], [ -45.095606925856814, -21.330765916003273 ], [ -45.095337431271581, -21.330765916003269 ], [ -45.095337431271581, -21.329148948491859 ], [ -45.094528947515869, -21.329148948491859 ], [ -45.094528947515869, -21.329957432247557 ], [ -45.093989958345396, -21.329957432247564 ], [ -45.093989958345396, -21.330765916003269 ], [ -45.090756023322569, -21.330765916003269 ], [ -45.090756023322569, -21.331843894344221 ], [ -45.08860006664068, -21.33184389434421 ], [ -45.08860006664068, -21.331574399758985 ], [ -45.087522088299735, -21.331574399758981 ], [ -45.087522088299735, -21.332652378099922 ] ] ] } },
{ "type": "Feature", "properties": { "anos_com_queima": 2, "area_ha": 0.66683408563850533, "inicio": 2011.0, "fim": 2025.0, "tipo": "recurrence", "id_feicao": "recurrence_2011_2025_793" }, "geometry": { "type": "Polygon", "coordinates": [ [ [ -45.079706745327897, -21.331035410588509 ], [ -45.079706745327897, -21.331574399758974 ], [ -45.080784723668842, -21.331574399758981 ], [ -45.080784723668842, -21.331035410588509 ], [ -45.079706745327897, -21.331035410588509 ] ] ] } },
{ "type": "Feature", "properties": { "anos_com_queima": 2, "area_ha": 1.8338073986707306, "inicio": 2011.0, "fim": 2025.0, "tipo": "recurrence", "id_feicao": "recurrence_2011_2025_794" }, "geometry": { "type": "Polygon", "coordinates": [ [ [ -45.079706745327897, -21.33049642141804 ], [ -45.079706745327897, -21.329957432247568 ], [ -45.079437250742671, -21.329957432247564 ], [ -45.079437250742671, -21.329687937662328 ], [ -45.077550788646015, -21.329687937662321 ], [ -45.077550788646015, -21.3302269268328 ], [ -45.079437250742671, -21.330226926832797 ], [ -45.079437250742671, -21.331035410588505 ], [ -45.079706745327897, -21.331035410588509 ], [ -45.079706745327897, -21.330765916003276 ], [ -45.080784723668842, -21.330765916003273 ], [ -45.080784723668842, -21.330496421418037 ], [ -45.079706745327897, -21.33049642141804 ] ] ] } },
{ "type": "Feature", "properties": { "anos_com_queima": 2, "area_ha": 2.0005627992038288, "inicio": 2011.0, "fim": 2025.0, "tipo": "recurrence", "id_feicao": "recurrence_2011_2025_795" }, "geometry": { "type": "Polygon", "coordinates": [ [ [ -45.073777864452708, -21.326184508054265 ], [ -45.073777864452708, -21.327262486395213 ], [ -45.075394831964125, -21.32726248639521 ], [ -45.075394831964125, -21.326184508054265 ], [ -45.073777864452708, -21.326184508054265 ] ] ] } },
{ "type": "Feature", "properties": { "anos_com_queima": 2, "area_ha": 2.5010370122820138, "inicio": 2011.0, "fim": 2025.0, "tipo": "recurrence", "id_feicao": "recurrence_2011_2025_796" }, "geometry": { "type": "Polygon", "coordinates": [ [ [ -45.106656203851486, -21.307589381672987 ], [ -45.108273171362903, -21.30758938167299 ], [ -45.108273171362903, -21.306241908746816 ], [ -45.106656203851486, -21.306241908746806 ], [ -45.106656203851486, -21.307589381672987 ] ] ] } },
{ "type": "Feature", "properties": { "anos_com_queima": 2, "area_ha": 2.7511467453368006, "inicio": 2011.0, "fim": 2025.0, "tipo": "recurrence", "id_feicao": "recurrence_2011_2025_797" }, "geometry": { "type": "Polygon", "coordinates": [ [ [ -45.102074795902475, -21.305702919576344 ], [ -45.10126631214677, -21.305702919576337 ], [ -45.10126631214677, -21.307050392502514 ], [ -45.101805301317242, -21.307050392502514 ], [ -45.101805301317242, -21.307319887087758 ], [ -45.103152774243419, -21.30731988708775 ], [ -45.103152774243419, -21.306241908746813 ], [ -45.102344290487714, -21.306241908746806 ], [ -45.102344290487714, -21.305972414161573 ], [ -45.102074795902475, -21.30597241416157 ], [ -45.102074795902475, -21.305702919576344 ] ] ] } },
{ "type": "Feature", "properties": { "anos_com_queima": 2, "area_ha": 2.501244936926339, "inicio": 2011.0, "fim": 2025.0, "tipo": "recurrence", "id_feicao": "recurrence_2011_2025_798" }, "geometry": { "type": "Polygon", "coordinates": [ [ [ -45.10288327965818, -21.294384146996432 ], [ -45.10288327965818, -21.293575663240727 ], [ -45.10099681756153, -21.29357566324073 ], [ -45.10099681756153, -21.294384146996435 ], [ -45.10126631214677, -21.294384146996435 ], [ -45.10126631214677, -21.294653641581668 ], [ -45.101535806732002, -21.294653641581672 ], [ -45.101535806732002, -21.294923136166908 ], [ -45.102613785072947, -21.294923136166911 ], [ -45.102613785072947, -21.294384146996435 ], [ -45.10288327965818, -21.294384146996432 ] ] ] } },
{ "type": "Feature", "properties": { "anos_com_queima": 2, "area_ha": 2.0010952662388464, "inicio": 2011.0, "fim": 2025.0, "tipo": "recurrence", "id_feicao": "recurrence_2011_2025_799" }, "geometry": { "type": "Polygon", "coordinates": [ [ [ -45.047636889684831, -21.286029814854125 ], [ -45.047636889684831, -21.287107793195062 ], [ -45.049253857196248, -21.287107793195052 ], [ -45.049253857196248, -21.286029814854125 ], [ -45.047636889684831, -21.286029814854125 ] ] ] } },
{ "type": "Feature", "properties": { "anos_com_queima": 2, "area_ha": 1.0005947281526641, "inicio": 2011.0, "fim": 2025.0, "tipo": "recurrence", "id_feicao": "recurrence_2011_2025_800" }, "geometry": { "type": "Polygon", "coordinates": [ [ [ -45.053026781389548, -21.279561944808464 ], [ -45.053026781389548, -21.280100933978929 ], [ -45.054104759730492, -21.280100933978925 ], [ -45.054104759730492, -21.278483966467515 ], [ -45.053835265145267, -21.278483966467519 ], [ -45.053835265145267, -21.27956194480846 ], [ -45.053026781389548, -21.279561944808464 ] ] ] } },
{ "type": "Feature", "properties": { "anos_com_queima": 2, "area_ha": 0.16676661339197307, "inicio": 2011.0, "fim": 2025.0, "tipo": "recurrence", "id_feicao": "recurrence_2011_2025_801" }, "geometry": { "type": "Polygon", "coordinates": [ [ [ -45.052757286804322, -21.279022955637991 ], [ -45.053026781389548, -21.279022955637991 ], [ -45.053026781389548, -21.278483966467515 ], [ -45.052757286804322, -21.278483966467519 ], [ -45.052757286804322, -21.279022955637991 ] ] ] } },
{ "type": "Feature", "properties": { "anos_com_queima": 2, "area_ha": 1.751059458374232, "inicio": 2011.0, "fim": 2025.0, "tipo": "recurrence", "id_feicao": "recurrence_2011_2025_802" }, "geometry": { "type": "Polygon", "coordinates": [ [ [ -45.068118478162759, -21.278753461052755 ], [ -45.069196456503697, -21.278753461052755 ], [ -45.069196456503697, -21.277136493541338 ], [ -45.068387972747992, -21.277136493541327 ], [ -45.068387972747992, -21.277944977297047 ], [ -45.068118478162759, -21.27794497729705 ], [ -45.068118478162759, -21.278753461052755 ] ] ] } },
{ "type": "Feature", "properties": { "anos_com_queima": 2, "area_ha": 1.3346098420210153, "inicio": 2011.0, "fim": 2025.0, "tipo": "recurrence", "id_feicao": "recurrence_2011_2025_803" }, "geometry": { "type": "Polygon", "coordinates": [ [ [ -45.055182738071437, -21.224315554835108 ], [ -45.055182738071437, -21.225393533176053 ], [ -45.056260716412382, -21.225393533176057 ], [ -45.056260716412382, -21.224315554835108 ], [ -45.055182738071437, -21.224315554835108 ] ] ] } },
{ "type": "Feature", "properties": { "anos_com_queima": 2, "area_ha": 0.25023959437794985, "inicio": 2011.0, "fim": 2025.0, "tipo": "recurrence", "id_feicao": "recurrence_2011_2025_804" }, "geometry": { "type": "Polygon", "coordinates": [ [ [ -45.058955662264736, -21.22512403859082 ], [ -45.059225156849976, -21.225124038590817 ], [ -45.059225156849976, -21.224315554835115 ], [ -45.058955662264736, -21.224315554835115 ], [ -45.058955662264736, -21.22512403859082 ] ] ] } },
{ "type": "Feature", "properties": { "anos_com_queima": 2, "area_ha": 0.41706748958593237, "inicio": 2011.0, "fim": 2025.0, "tipo": "recurrence", "id_feicao": "recurrence_2011_2025_805" }, "geometry": { "type": "Polygon", "coordinates": [ [ [ -45.059225156849976, -21.224315554835115 ], [ -45.060572629776154, -21.224315554835108 ], [ -45.060572629776154, -21.224046060249872 ], [ -45.059225156849976, -21.224046060249872 ], [ -45.059225156849976, -21.224315554835115 ] ] ] } },
{ "type": "Feature", "properties": { "anos_com_queima": 2, "area_ha": 14.598490089591724, "inicio": 2011.0, "fim": 2025.0, "tipo": "recurrence", "id_feicao": "recurrence_2011_2025_806" }, "geometry": { "type": "Polygon", "coordinates": [ [ [ -45.090217034152097, -21.214613749766613 ], [ -45.090217034152097, -21.21488324435186 ], [ -45.092103496248747, -21.214883244351849 ], [ -45.092103496248747, -21.213805266010905 ], [ -45.091564507078274, -21.213805266010908 ], [ -45.091564507078274, -21.211649309329022 ], [ -45.092103496248747, -21.211649309329019 ], [ -45.092103496248747, -21.211379814743793 ], [ -45.090756023322569, -21.211379814743797 ], [ -45.090756023322569, -21.210840825573314 ], [ -45.088330572055447, -21.210840825573317 ], [ -45.088330572055447, -21.211649309329022 ], [ -45.087252593714503, -21.211649309329022 ], [ -45.087252593714503, -21.212727287669967 ], [ -45.087791582884975, -21.212727287669964 ], [ -45.087791582884975, -21.213535771425679 ], [ -45.089947539566865, -21.213535771425672 ], [ -45.089947539566865, -21.214613749766617 ], [ -45.090217034152097, -21.214613749766613 ] ] ] } },
{ "type": "Feature", "properties": { "anos_com_queima": 2, "area_ha": 0.83419749089572581, "inicio": 2011.0, "fim": 2025.0, "tipo": "recurrence", "id_feicao": "recurrence_2011_2025_807" }, "geometry": { "type": "Polygon", "coordinates": [ [ [ -45.05006234095196, -21.213266276840439 ], [ -45.051140319292905, -21.213266276840439 ], [ -45.051140319292905, -21.212188298499502 ], [ -45.050870824707665, -21.212188298499495 ], [ -45.050870824707665, -21.212727287669974 ], [ -45.05006234095196, -21.212727287669964 ], [ -45.05006234095196, -21.213266276840439 ] ] ] } },
{ "type": "Feature", "properties": { "anos_com_queima": 2, "area_ha": 0.333681695810426, "inicio": 2011.0, "fim": 2025.0, "tipo": "recurrence", "id_feicao": "recurrence_2011_2025_808" }, "geometry": { "type": "Polygon", "coordinates": [ [ [ -45.084827142447381, -21.211918803914266 ], [ -45.085905120788325, -21.211918803914259 ], [ -45.085905120788325, -21.211649309329029 ], [ -45.084827142447381, -21.211649309329026 ], [ -45.084827142447381, -21.211918803914266 ] ] ] } },
{ "type": "Feature", "properties": { "anos_com_queima": 2, "area_ha": 0.83420502450261325, "inicio": 2011.0, "fim": 2025.0, "tipo": "recurrence", "id_feicao": "recurrence_2011_2025_809" }, "geometry": { "type": "Polygon", "coordinates": [ [ [ -45.084827142447381, -21.212188298499498 ], [ -45.084827142447381, -21.211918803914266 ], [ -45.084288153276908, -21.211918803914269 ], [ -45.084288153276908, -21.211110320158557 ], [ -45.083749164106436, -21.211110320158554 ], [ -45.083749164106436, -21.212188298499495 ], [ -45.084827142447381, -21.212188298499498 ] ] ] } },
{ "type": "Feature", "properties": { "anos_com_queima": 2, "area_ha": 2.8362975234166576, "inicio": 2011.0, "fim": 2025.0, "tipo": "recurrence", "id_feicao": "recurrence_2011_2025_810" }, "geometry": { "type": "Polygon", "coordinates": [ [ [ -45.051409813878131, -21.212188298499491 ], [ -45.051409813878131, -21.211918803914266 ], [ -45.051679308463378, -21.211918803914269 ], [ -45.051679308463378, -21.210571330988081 ], [ -45.05006234095196, -21.210571330988074 ], [ -45.05006234095196, -21.211649309329022 ], [ -45.049792846366721, -21.211649309329026 ], [ -45.049792846366721, -21.212457793084727 ], [ -45.05006234095196, -21.212457793084734 ], [ -45.05006234095196, -21.211918803914262 ], [ -45.051140319292905, -21.211918803914266 ], [ -45.051140319292905, -21.212188298499502 ], [ -45.051409813878131, -21.212188298499491 ] ] ] } },
{ "type": "Feature", "properties": { "anos_com_queima": 2, "area_ha": 0.25026308624443772, "inicio": 2011.0, "fim": 2025.0, "tipo": "recurrence", "id_feicao": "recurrence_2011_2025_811" }, "geometry": { "type": "Polygon", "coordinates": [ [ [ -45.087522088299735, -21.210571330988078 ], [ -45.087522088299735, -21.210840825573321 ], [ -45.088330572055447, -21.210840825573317 ], [ -45.088330572055447, -21.210571330988074 ], [ -45.087522088299735, -21.210571330988078 ] ] ] } },
{ "type": "Feature", "properties": { "anos_com_queima": 2, "area_ha": 0.083421021453756836, "inicio": 2011.0, "fim": 2025.0, "tipo": "recurrence", "id_feicao": "recurrence_2011_2025_812" }, "geometry": { "type": "Polygon", "coordinates": [ [ [ -45.085905120788325, -21.210840825573317 ], [ -45.086174615373558, -21.210840825573317 ], [ -45.086174615373558, -21.210571330988074 ], [ -45.085905120788325, -21.210571330988081 ], [ -45.085905120788325, -21.210840825573317 ] ] ] } },
{ "type": "Feature", "properties": { "anos_com_queima": 2, "area_ha": 1.3347437826100736, "inicio": 2011.0, "fim": 2025.0, "tipo": "recurrence", "id_feicao": "recurrence_2011_2025_813" }, "geometry": { "type": "Polygon", "coordinates": [ [ [ -45.069465951088937, -21.210301836402849 ], [ -45.070543929429881, -21.210301836402845 ], [ -45.070543929429881, -21.209223858061904 ], [ -45.069465951088937, -21.2092238580619 ], [ -45.069465951088937, -21.210301836402849 ] ] ] } },
{ "type": "Feature", "properties": { "anos_com_queima": 2, "area_ha": 22.357098695494312, "inicio": 2011.0, "fim": 2025.0, "tipo": "recurrence", "id_feicao": "recurrence_2011_2025_814" }, "geometry": { "type": "Polygon", "coordinates": [ [ [ -45.097493387953463, -21.207606890550487 ], [ -45.097493387953463, -21.208684868891435 ], [ -45.096954398782991, -21.208684868891435 ], [ -45.096954398782991, -21.2092238580619 ], [ -45.095337431271581, -21.2092238580619 ], [ -45.095337431271581, -21.209493352647133 ], [ -45.095067936686341, -21.209493352647144 ], [ -45.095067936686341, -21.209762847232373 ], [ -45.094798442101109, -21.209762847232373 ], [ -45.094798442101109, -21.210032341817612 ], [ -45.094528947515869, -21.210032341817605 ], [ -45.094528947515869, -21.210301836402849 ], [ -45.092372990833987, -21.210301836402849 ], [ -45.092372990833987, -21.210571330988078 ], [ -45.095067936686341, -21.210571330988078 ], [ -45.095067936686341, -21.214074760596144 ], [ -45.096954398782991, -21.214074760596148 ], [ -45.096954398782991, -21.212727287669974 ], [ -45.096684904197758, -21.212727287669974 ], [ -45.096684904197758, -21.212188298499498 ], [ -45.096415409612518, -21.212188298499491 ], [ -45.096415409612518, -21.210032341817612 ], [ -45.098301871709175, -21.210032341817612 ], [ -45.098301871709175, -21.209762847232373 ], [ -45.098571366294408, -21.209762847232373 ], [ -45.098571366294408, -21.207337395965254 ], [ -45.099379850050113, -21.207337395965258 ], [ -45.099379850050113, -21.207067901380022 ], [ -45.098840860879648, -21.207067901380022 ], [ -45.098840860879648, -21.20625941762431 ], [ -45.098032377123936, -21.20625941762431 ], [ -45.098032377123936, -21.205181439283365 ], [ -45.096954398782991, -21.205181439283365 ], [ -45.096954398782991, -21.205720428453837 ], [ -45.093720463760164, -21.205720428453834 ], [ -45.093720463760164, -21.205181439283368 ], [ -45.093450969174924, -21.205181439283365 ], [ -45.093450969174924, -21.206798406794782 ], [ -45.097223893368231, -21.206798406794785 ], [ -45.097223893368231, -21.207606890550487 ], [ -45.097493387953463, -21.207606890550487 ] ] ] } },
{ "type": "Feature", "properties": { "anos_com_queima": 2, "area_ha": 5.1721487130473083, "inicio": 2011.0, "fim": 2025.0, "tipo": "recurrence", "id_feicao": "recurrence_2011_2025_815" }, "geometry": { "type": "Polygon", "coordinates": [ [ [ -45.087522088299735, -21.210571330988078 ], [ -45.087522088299735, -21.209223858061904 ], [ -45.085366131617853, -21.209223858061907 ], [ -45.085366131617853, -21.207606890550494 ], [ -45.084288153276908, -21.20760689055048 ], [ -45.084288153276908, -21.210032341817612 ], [ -45.084827142447381, -21.210032341817609 ], [ -45.084827142447381, -21.209762847232373 ], [ -45.085366131617853, -21.209762847232373 ], [ -45.085366131617853, -21.209493352647133 ], [ -45.086174615373558, -21.20949335264714 ], [ -45.086174615373558, -21.210571330988074 ], [ -45.087522088299735, -21.210571330988078 ] ] ] } },
{ "type": "Feature", "properties": { "anos_com_queima": 2, "area_ha": 0.83422309010269169, "inicio": 2011.0, "fim": 2025.0, "tipo": "recurrence", "id_feicao": "recurrence_2011_2025_816" }, "geometry": { "type": "Polygon", "coordinates": [ [ [ -45.089408550396392, -21.208415374306192 ], [ -45.089408550396392, -21.208954363476668 ], [ -45.089947539566865, -21.208954363476668 ], [ -45.089947539566865, -21.207876385135719 ], [ -45.089139055811152, -21.207876385135727 ], [ -45.089139055811152, -21.208415374306195 ], [ -45.089408550396392, -21.208415374306192 ] ] ] } },
{ "type": "Feature", "properties": { "anos_com_queima": 2, "area_ha": 0.6673783473052084, "inicio": 2011.0, "fim": 2025.0, "tipo": "recurrence", "id_feicao": "recurrence_2011_2025_817" }, "geometry": { "type": "Polygon", "coordinates": [ [ [ -45.087791582884975, -21.208954363476668 ], [ -45.088330572055447, -21.208954363476671 ], [ -45.088330572055447, -21.207876385135723 ], [ -45.087791582884975, -21.207876385135723 ], [ -45.087791582884975, -21.208954363476668 ] ] ] } },
{ "type": "Feature", "properties": { "anos_com_queima": 2, "area_ha": 0.16684519385155291, "inicio": 2011.0, "fim": 2025.0, "tipo": "recurrence", "id_feicao": "recurrence_2011_2025_818" }, "geometry": { "type": "Polygon", "coordinates": [ [ [ -45.106386709266246, -21.208145879720959 ], [ -45.106925698436719, -21.208145879720952 ], [ -45.106925698436719, -21.207876385135727 ], [ -45.106386709266246, -21.207876385135716 ], [ -45.106386709266246, -21.208145879720959 ] ] ] } },
{ "type": "Feature", "properties": { "anos_com_queima": 2, "area_ha": 0.5839577093586984, "inicio": 2011.0, "fim": 2025.0, "tipo": "recurrence", "id_feicao": "recurrence_2011_2025_819" }, "geometry": { "type": "Polygon", "coordinates": [ [ [ -45.091295012493042, -21.207067901380011 ], [ -45.091295012493042, -21.208954363476668 ], [ -45.091564507078274, -21.208954363476668 ], [ -45.091564507078274, -21.207067901380022 ], [ -45.091295012493042, -21.207067901380011 ] ] ] } },
{ "type": "Feature", "properties": { "anos_com_queima": 2, "area_ha": 8.0085827287163021, "inicio": 2011.0, "fim": 2025.0, "tipo": "recurrence", "id_feicao": "recurrence_2011_2025_820" }, "geometry": { "type": "Polygon", "coordinates": [ [ [ -45.106386709266246, -21.207606890550483 ], [ -45.106386709266246, -21.206798406794778 ], [ -45.107734182192431, -21.206798406794778 ], [ -45.107734182192431, -21.207067901380022 ], [ -45.108273171362903, -21.207067901380018 ], [ -45.108273171362903, -21.207606890550483 ], [ -45.108812160533368, -21.207606890550483 ], [ -45.108812160533368, -21.208954363476668 ], [ -45.108542665948136, -21.208954363476661 ], [ -45.108542665948136, -21.2092238580619 ], [ -45.107734182192431, -21.209223858061907 ], [ -45.107734182192431, -21.208684868891428 ], [ -45.107195193021958, -21.208684868891435 ], [ -45.107195193021958, -21.208145879720952 ], [ -45.106925698436719, -21.208145879720952 ], [ -45.106925698436719, -21.20976284723238 ], [ -45.109351149703841, -21.209762847232376 ], [ -45.109351149703841, -21.209493352647129 ], [ -45.109890138874313, -21.209493352647144 ], [ -45.109890138874313, -21.20760689055049 ], [ -45.109351149703841, -21.20760689055048 ], [ -45.109351149703841, -21.207337395965251 ], [ -45.109081655118608, -21.207337395965258 ], [ -45.109081655118608, -21.207067901380022 ], [ -45.108542665948136, -21.207067901380022 ], [ -45.108542665948136, -21.206528912209549 ], [ -45.107734182192431, -21.206528912209549 ], [ -45.107734182192431, -21.205720428453841 ], [ -45.106656203851486, -21.205720428453841 ], [ -45.106656203851486, -21.20625941762431 ], [ -45.106117214681014, -21.206259417624306 ], [ -45.106117214681014, -21.206528912209549 ], [ -45.105578225510541, -21.206528912209549 ], [ -45.105578225510541, -21.207337395965254 ], [ -45.105847720095774, -21.207337395965258 ], [ -45.105847720095774, -21.207606890550487 ], [ -45.106386709266246, -21.207606890550483 ] ] ] } },
{ "type": "Feature", "properties": { "anos_com_queima": 2, "area_ha": 2.5861309425724519, "inicio": 2011.0, "fim": 2025.0, "tipo": "recurrence", "id_feicao": "recurrence_2011_2025_821" }, "geometry": { "type": "Polygon", "coordinates": [ [ [ -45.09048652873733, -21.205181439283365 ], [ -45.09048652873733, -21.207067901380022 ], [ -45.091295012493042, -21.207067901380011 ], [ -45.091295012493042, -21.206798406794778 ], [ -45.091564507078274, -21.206798406794785 ], [ -45.091564507078274, -21.206259417624306 ], [ -45.091834001663514, -21.206259417624306 ], [ -45.091834001663514, -21.205181439283368 ], [ -45.09048652873733, -21.205181439283365 ] ] ] } },
{ "type": "Feature", "properties": { "anos_com_queima": 2, "area_ha": 2.6695578646626323, "inicio": 2011.0, "fim": 2025.0, "tipo": "recurrence", "id_feicao": "recurrence_2011_2025_822" }, "geometry": { "type": "Polygon", "coordinates": [ [ [ -45.084557647862141, -21.205720428453837 ], [ -45.084288153276908, -21.205720428453841 ], [ -45.084288153276908, -21.204911944698132 ], [ -45.083210174935964, -21.204911944698132 ], [ -45.083210174935964, -21.206798406794785 ], [ -45.084557647862141, -21.206798406794782 ], [ -45.084557647862141, -21.205720428453837 ] ] ] } },
{ "type": "Feature", "properties": { "anos_com_queima": 2, "area_ha": 45.299492212905733, "inicio": 2011.0, "fim": 2025.0, "tipo": "recurrence", "id_feicao": "recurrence_2011_2025_823" }, "geometry": { "type": "Polygon", "coordinates": [ [ [ -45.071082918600354, -21.204103460942424 ], [ -45.071891402356059, -21.204103460942424 ], [ -45.071891402356059, -21.20437295552766 ], [ -45.073238875282236, -21.204372955527663 ], [ -45.073238875282236, -21.204911944698132 ], [ -45.073508369867476, -21.204911944698132 ], [ -45.073508369867476, -21.205450933868605 ], [ -45.073777864452708, -21.205450933868605 ], [ -45.073777864452708, -21.205720428453834 ], [ -45.074047359037948, -21.205720428453834 ], [ -45.074047359037948, -21.205989923039077 ], [ -45.075125337378893, -21.205989923039066 ], [ -45.075125337378893, -21.207337395965254 ], [ -45.075394831964125, -21.207337395965247 ], [ -45.075394831964125, -21.208145879720956 ], [ -45.075664326549365, -21.208145879720949 ], [ -45.075664326549365, -21.208684868891432 ], [ -45.077281294060782, -21.208684868891435 ], [ -45.077281294060782, -21.208954363476668 ], [ -45.078628766986952, -21.208954363476668 ], [ -45.078628766986952, -21.208684868891424 ], [ -45.080515229083616, -21.208684868891432 ], [ -45.080515229083616, -21.207067901380022 ], [ -45.078898261572199, -21.207067901380011 ], [ -45.078898261572199, -21.206798406794782 ], [ -45.078359272401727, -21.206798406794782 ], [ -45.078359272401727, -21.205720428453834 ], [ -45.076203315719837, -21.205720428453837 ], [ -45.076203315719837, -21.202755988016239 ], [ -45.078359272401727, -21.202755988016236 ], [ -45.078359272401727, -21.203294977186719 ], [ -45.081054218254089, -21.203294977186715 ], [ -45.081054218254089, -21.201947504260538 ], [ -45.079706745327897, -21.201947504260534 ], [ -45.079706745327897, -21.201678009675298 ], [ -45.079167756157425, -21.201678009675291 ], [ -45.079167756157425, -21.201408515090066 ], [ -45.078089777816487, -21.201408515090066 ], [ -45.078089777816487, -21.200330536749124 ], [ -45.075933821134598, -21.200330536749117 ], [ -45.075933821134598, -21.201408515090069 ], [ -45.075664326549365, -21.201408515090062 ], [ -45.075664326549365, -21.20221699884577 ], [ -45.075394831964125, -21.202216998845774 ], [ -45.075394831964125, -21.20248649343101 ], [ -45.072969380697003, -21.202486493431014 ], [ -45.072969380697003, -21.200061042163885 ], [ -45.072430391526531, -21.200061042163885 ], [ -45.072430391526531, -21.200330536749117 ], [ -45.071891402356059, -21.200330536749114 ], [ -45.071891402356059, -21.201139020504829 ], [ -45.071621907770826, -21.201139020504833 ], [ -45.071621907770826, -21.201947504260534 ], [ -45.071352413185586, -21.201947504260534 ], [ -45.071352413185586, -21.203025482601479 ], [ -45.071082918600354, -21.203025482601475 ], [ -45.071082918600354, -21.204103460942424 ] ] ] } },
{ "type": "Feature", "properties": { "anos_com_queima": 2, "area_ha": 12.68055771417214, "inicio": 2011.0, "fim": 2025.0, "tipo": "recurrence", "id_feicao": "recurrence_2011_2025_824" }, "geometry": { "type": "Polygon", "coordinates": [ [ [ -45.063267575628508, -21.203564471771951 ], [ -45.063267575628508, -21.2046424501129 ], [ -45.063537070213748, -21.204642450112893 ], [ -45.063537070213748, -21.204911944698122 ], [ -45.064345553969453, -21.204911944698132 ], [ -45.064345553969453, -21.205450933868605 ], [ -45.065423532310398, -21.205450933868597 ], [ -45.065423532310398, -21.205181439283361 ], [ -45.065693026895637, -21.205181439283358 ], [ -45.065693026895637, -21.204911944698129 ], [ -45.066232016066103, -21.204911944698132 ], [ -45.066232016066103, -21.204642450112896 ], [ -45.066501510651342, -21.204642450112896 ], [ -45.066501510651342, -21.203833966357184 ], [ -45.068387972747992, -21.203833966357184 ], [ -45.068387972747992, -21.203025482601479 ], [ -45.069465951088937, -21.203025482601475 ], [ -45.069465951088937, -21.202216998845767 ], [ -45.065693026895637, -21.20221699884577 ], [ -45.065693026895637, -21.202486493431007 ], [ -45.065154037725165, -21.20248649343101 ], [ -45.065154037725165, -21.202755988016236 ], [ -45.064615048554693, -21.202755988016243 ], [ -45.064615048554693, -21.203025482601479 ], [ -45.064345553969453, -21.203025482601479 ], [ -45.064345553969453, -21.203564471771951 ], [ -45.063267575628508, -21.203564471771951 ] ] ] } },
{ "type": "Feature", "properties": { "anos_com_queima": 2, "area_ha": 16.267975474099376, "inicio": 2011.0, "fim": 2025.0, "tipo": "recurrence", "id_feicao": "recurrence_2011_2025_825" }, "geometry": { "type": "Polygon", "coordinates": [ [ [ -45.091564507078274, -21.20248649343101 ], [ -45.091564507078274, -21.204103460942424 ], [ -45.091834001663514, -21.204103460942427 ], [ -45.091834001663514, -21.205181439283368 ], [ -45.093450969174924, -21.205181439283365 ], [ -45.093450969174924, -21.204642450112896 ], [ -45.094798442101109, -21.204642450112893 ], [ -45.094798442101109, -21.20437295552766 ], [ -45.095067936686341, -21.20437295552766 ], [ -45.095067936686341, -21.201139020504826 ], [ -45.095337431271581, -21.201139020504826 ], [ -45.095337431271581, -21.200061042163885 ], [ -45.094528947515869, -21.200061042163881 ], [ -45.094528947515869, -21.199791547578645 ], [ -45.093181474589692, -21.199791547578645 ], [ -45.093181474589692, -21.200061042163881 ], [ -45.092911980004459, -21.200061042163881 ], [ -45.092911980004459, -21.201139020504833 ], [ -45.092642485419219, -21.201139020504822 ], [ -45.092642485419219, -21.201408515090066 ], [ -45.092911980004459, -21.201408515090062 ], [ -45.092911980004459, -21.202486493431007 ], [ -45.091564507078274, -21.20248649343101 ] ] ] } },
{ "type": "Feature", "properties": { "anos_com_queima": 2, "area_ha": 2.0022261245496362, "inicio": 2011.0, "fim": 2025.0, "tipo": "recurrence", "id_feicao": "recurrence_2011_2025_826" }, "geometry": { "type": "Polygon", "coordinates": [ [ [ -45.085635626203086, -21.202216998845778 ], [ -45.085635626203086, -21.201139020504826 ], [ -45.085366131617853, -21.201139020504822 ], [ -45.085366131617853, -21.20086952591959 ], [ -45.084288153276908, -21.20086952591959 ], [ -45.084288153276908, -21.202216998845778 ], [ -45.085635626203086, -21.202216998845778 ] ] ] } },
{ "type": "Feature", "properties": { "anos_com_queima": 2, "area_ha": 0.083426248264033345, "inicio": 2011.0, "fim": 2025.0, "tipo": "recurrence", "id_feicao": "recurrence_2011_2025_827" }, "geometry": { "type": "Polygon", "coordinates": [ [ [ -45.091564507078274, -21.201408515090062 ], [ -45.091834001663514, -21.201408515090066 ], [ -45.091834001663514, -21.201139020504826 ], [ -45.091564507078274, -21.201139020504829 ], [ -45.091564507078274, -21.201408515090062 ] ] ] } },
{ "type": "Feature", "properties": { "anos_com_queima": 2, "area_ha": 4.838832540975325, "inicio": 2011.0, "fim": 2025.0, "tipo": "recurrence", "id_feicao": "recurrence_2011_2025_828" }, "geometry": { "type": "Polygon", "coordinates": [ [ [ -45.095606925856814, -21.1987135692377 ], [ -45.096415409612518, -21.1987135692377 ], [ -45.096415409612518, -21.197905085481992 ], [ -45.096684904197758, -21.197905085481992 ], [ -45.096684904197758, -21.196557612555814 ], [ -45.095606925856814, -21.196557612555818 ], [ -45.095606925856814, -21.196827107141058 ], [ -45.095337431271581, -21.196827107141058 ], [ -45.095337431271581, -21.197635590896756 ], [ -45.094528947515869, -21.197635590896756 ], [ -45.094528947515869, -21.198174580067231 ], [ -45.093989958345396, -21.198174580067231 ], [ -45.093989958345396, -21.198983063822936 ], [ -45.095606925856814, -21.198983063822944 ], [ -45.095606925856814, -21.1987135692377 ] ] ] } },
{ "type": "Feature", "properties": { "anos_com_queima": 2, "area_ha": 10.59545602604129, "inicio": 2011.0, "fim": 2025.0, "tipo": "recurrence", "id_feicao": "recurrence_2011_2025_829" }, "geometry": { "type": "Polygon", "coordinates": [ [ [ -45.084827142447381, -21.196557612555814 ], [ -45.084827142447381, -21.196288117970578 ], [ -45.084288153276908, -21.196288117970578 ], [ -45.084288153276908, -21.195210139629644 ], [ -45.083210174935964, -21.195210139629637 ], [ -45.083210174935964, -21.194940645044404 ], [ -45.081323712839314, -21.194940645044394 ], [ -45.081323712839314, -21.198444074652468 ], [ -45.082940680350731, -21.198444074652464 ], [ -45.082940680350731, -21.197905085481995 ], [ -45.083210174935964, -21.197905085481992 ], [ -45.083210174935964, -21.197635590896763 ], [ -45.084288153276908, -21.197635590896759 ], [ -45.084288153276908, -21.196557612555825 ], [ -45.084827142447381, -21.196557612555814 ] ] ] } },
{ "type": "Feature", "properties": { "anos_com_queima": 2, "area_ha": 1.3348626698167612, "inicio": 2011.0, "fim": 2025.0, "tipo": "recurrence", "id_feicao": "recurrence_2011_2025_830" }, "geometry": { "type": "Polygon", "coordinates": [ [ [ -45.106386709266246, -21.196018623385349 ], [ -45.106386709266246, -21.197096601726283 ], [ -45.107464687607191, -21.197096601726287 ], [ -45.107464687607191, -21.196018623385342 ], [ -45.106386709266246, -21.196018623385349 ] ] ] } },
{ "type": "Feature", "properties": { "anos_com_queima": 2, "area_ha": 5.1725796893053655, "inicio": 2011.0, "fim": 2025.0, "tipo": "recurrence", "id_feicao": "recurrence_2011_2025_831" }, "geometry": { "type": "Polygon", "coordinates": [ [ [ -45.08671360454403, -21.197635590896766 ], [ -45.08671360454403, -21.197366096311523 ], [ -45.087791582884975, -21.197366096311534 ], [ -45.087791582884975, -21.197096601726283 ], [ -45.088330572055447, -21.19709660172629 ], [ -45.088330572055447, -21.196018623385342 ], [ -45.08860006664068, -21.196018623385342 ], [ -45.08860006664068, -21.195210139629634 ], [ -45.087252593714503, -21.195210139629648 ], [ -45.087252593714503, -21.196557612555811 ], [ -45.084827142447381, -21.196557612555814 ], [ -45.084827142447381, -21.196827107141051 ], [ -45.085096637032613, -21.196827107141051 ], [ -45.085096637032613, -21.197096601726283 ], [ -45.085366131617853, -21.197096601726287 ], [ -45.085366131617853, -21.197635590896763 ], [ -45.08671360454403, -21.197635590896766 ] ] ] } },
{ "type": "Feature", "properties": { "anos_com_queima": 2, "area_ha": 0.91773087855884805, "inicio": 2011.0, "fim": 2025.0, "tipo": "recurrence", "id_feicao": "recurrence_2011_2025_832" }, "geometry": { "type": "Polygon", "coordinates": [ [ [ -45.089408550396392, -21.194401655873939 ], [ -45.089678044981625, -21.194401655873936 ], [ -45.089678044981625, -21.193862666703456 ], [ -45.08860006664068, -21.193862666703453 ], [ -45.08860006664068, -21.194671150459165 ], [ -45.089408550396392, -21.194671150459172 ], [ -45.089408550396392, -21.194401655873939 ] ] ] } },
{ "type": "Feature", "properties": { "anos_com_queima": 2, "area_ha": 0.083430259421560918, "inicio": 2011.0, "fim": 2025.0, "tipo": "recurrence", "id_feicao": "recurrence_2011_2025_833" }, "geometry": { "type": "Polygon", "coordinates": [ [ [ -45.091025517907802, -21.194132161288689 ], [ -45.091295012493042, -21.194132161288692 ], [ -45.091295012493042, -21.193862666703456 ], [ -45.091025517907802, -21.193862666703463 ], [ -45.091025517907802, -21.194132161288689 ] ] ] } },
{ "type": "Feature", "properties": { "anos_com_queima": 2, "area_ha": 77.843298903109826, "inicio": 2011.0, "fim": 2025.0, "tipo": "recurrence", "id_feicao": "recurrence_2011_2025_834" }, "geometry": { "type": "Polygon", "coordinates": [ [ [ -45.089947539566865, -21.184160861634968 ], [ -45.089947539566865, -21.187933785828271 ], [ -45.08860006664068, -21.187933785828271 ], [ -45.08860006664068, -21.188203280413511 ], [ -45.08671360454403, -21.188203280413507 ], [ -45.08671360454403, -21.188472774998743 ], [ -45.085905120788325, -21.188472774998747 ], [ -45.085905120788325, -21.189011764169209 ], [ -45.085366131617853, -21.189011764169209 ], [ -45.085366131617853, -21.19008974251016 ], [ -45.08671360454403, -21.19008974251015 ], [ -45.08671360454403, -21.192245699192039 ], [ -45.086174615373558, -21.192245699192043 ], [ -45.086174615373558, -21.192515193777275 ], [ -45.085905120788325, -21.192515193777275 ], [ -45.085905120788325, -21.194132161288692 ], [ -45.085635626203086, -21.194132161288689 ], [ -45.085635626203086, -21.194401655873932 ], [ -45.085366131617853, -21.194401655873932 ], [ -45.085366131617853, -21.194671150459158 ], [ -45.085096637032613, -21.194671150459165 ], [ -45.085096637032613, -21.194940645044397 ], [ -45.084827142447381, -21.194940645044394 ], [ -45.084827142447381, -21.195210139629641 ], [ -45.085635626203086, -21.195210139629637 ], [ -45.085635626203086, -21.194940645044404 ], [ -45.087522088299735, -21.194940645044394 ], [ -45.087522088299735, -21.193862666703453 ], [ -45.08860006664068, -21.193862666703453 ], [ -45.08860006664068, -21.192784688362512 ], [ -45.089947539566865, -21.192784688362512 ], [ -45.089947539566865, -21.1903592370954 ], [ -45.090217034152097, -21.190359237095389 ], [ -45.090217034152097, -21.187664291243035 ], [ -45.092911980004459, -21.187664291243038 ], [ -45.092911980004459, -21.190089742510157 ], [ -45.093720463760164, -21.190089742510153 ], [ -45.093720463760164, -21.191437215436338 ], [ -45.094528947515869, -21.191437215436338 ], [ -45.094528947515869, -21.191976204606814 ], [ -45.095606925856814, -21.191976204606807 ], [ -45.095606925856814, -21.191437215436338 ], [ -45.095876420442053, -21.191437215436341 ], [ -45.095876420442053, -21.189820247924924 ], [ -45.096415409612518, -21.189820247924914 ], [ -45.096415409612518, -21.187933785828278 ], [ -45.096684904197758, -21.187933785828267 ], [ -45.096684904197758, -21.187664291243035 ], [ -45.099918839220585, -21.187664291243038 ], [ -45.099918839220585, -21.189011764169209 ], [ -45.10126631214677, -21.189011764169219 ], [ -45.10126631214677, -21.187664291243031 ], [ -45.10099681756153, -21.187664291243035 ], [ -45.10099681756153, -21.186047323731625 ], [ -45.099649344635353, -21.186047323731628 ], [ -45.099649344635353, -21.186316818316858 ], [ -45.096954398782991, -21.186316818316858 ], [ -45.096954398782991, -21.185508334561153 ], [ -45.096684904197758, -21.185508334561149 ], [ -45.096684904197758, -21.182543894123555 ], [ -45.095876420442053, -21.182543894123551 ], [ -45.095876420442053, -21.182274399538318 ], [ -45.095337431271581, -21.182274399538322 ], [ -45.095337431271581, -21.182543894123551 ], [ -45.095067936686341, -21.182543894123551 ], [ -45.095067936686341, -21.184699850805437 ], [ -45.091834001663514, -21.184699850805437 ], [ -45.091834001663514, -21.184430356220204 ], [ -45.090217034152097, -21.184430356220197 ], [ -45.090217034152097, -21.184160861634972 ], [ -45.089947539566865, -21.184160861634968 ] ] ] } },
{ "type": "Feature", "properties": { "anos_com_queima": 2, "area_ha": 2.0024566481813761, "inicio": 2011.0, "fim": 2025.0, "tipo": "recurrence", "id_feicao": "recurrence_2011_2025_835" }, "geometry": { "type": "Polygon", "coordinates": [ [ [ -45.045480933002942, -21.18308288329402 ], [ -45.045480933002942, -21.184699850805433 ], [ -45.046558911343887, -21.18469985080544 ], [ -45.046558911343887, -21.183082883294031 ], [ -45.045480933002942, -21.18308288329402 ] ] ] } },
{ "type": "Feature", "properties": { "anos_com_queima": 2, "area_ha": 1.3349932427047788, "inicio": 2011.0, "fim": 2025.0, "tipo": "recurrence", "id_feicao": "recurrence_2011_2025_836" }, "geometry": { "type": "Polygon", "coordinates": [ [ [ -45.103961257999124, -21.18119642119737 ], [ -45.103961257999124, -21.182274399538315 ], [ -45.105039236340069, -21.182274399538315 ], [ -45.105039236340069, -21.181196421197363 ], [ -45.103961257999124, -21.18119642119737 ] ] ] } },
{ "type": "Feature", "properties": { "anos_com_queima": 2, "area_ha": 1.3350123754091561, "inicio": 2011.0, "fim": 2025.0, "tipo": "recurrence", "id_feicao": "recurrence_2011_2025_837" }, "geometry": { "type": "Polygon", "coordinates": [ [ [ -45.105578225510541, -21.180118442856426 ], [ -45.106656203851486, -21.180118442856429 ], [ -45.106656203851486, -21.179040464515488 ], [ -45.105578225510541, -21.179040464515491 ], [ -45.105578225510541, -21.180118442856426 ] ] ] } },
{ "type": "Feature", "properties": { "anos_com_queima": 2, "area_ha": 5.8407932650092054, "inicio": 2011.0, "fim": 2025.0, "tipo": "recurrence", "id_feicao": "recurrence_2011_2025_838" }, "geometry": { "type": "Polygon", "coordinates": [ [ [ -45.09911035546488, -21.177154002418838 ], [ -45.101805301317242, -21.177154002418831 ], [ -45.101805301317242, -21.17607602407789 ], [ -45.100727322976297, -21.17607602407789 ], [ -45.100727322976297, -21.17634551866313 ], [ -45.098571366294408, -21.176345518663123 ], [ -45.098571366294408, -21.176076024077897 ], [ -45.096954398782991, -21.176076024077894 ], [ -45.096954398782991, -21.176884507833599 ], [ -45.097223893368231, -21.176884507833591 ], [ -45.097223893368231, -21.177423497004071 ], [ -45.09911035546488, -21.177423497004071 ], [ -45.09911035546488, -21.177154002418838 ] ] ] } },
{ "type": "Feature", "properties": { "anos_com_queima": 2, "area_ha": 1.666965949650558, "inicio": 2011.0, "fim": 2025.0, "tipo": "recurrence", "id_feicao": "recurrence_2011_2025_839" }, "geometry": { "type": "Polygon", "coordinates": [ [ [ -45.023651871598844, -21.341276204827469 ], [ -45.023651871598844, -21.342354183168418 ], [ -45.024999344525021, -21.342354183168414 ], [ -45.024999344525021, -21.341276204827469 ], [ -45.023651871598844, -21.341276204827469 ] ] ] } },
{ "type": "Feature", "properties": { "anos_com_queima": 2, "area_ha": 3.9174198705413046, "inicio": 2011.0, "fim": 2025.0, "tipo": "recurrence", "id_feicao": "recurrence_2011_2025_840" }, "geometry": { "type": "Polygon", "coordinates": [ [ [ -45.032545192911627, -21.340198226486525 ], [ -45.032545192911627, -21.339659237316049 ], [ -45.03281468749686, -21.339659237316052 ], [ -45.03281468749686, -21.338581258975115 ], [ -45.032545192911627, -21.338581258975118 ], [ -45.032545192911627, -21.33885075356034 ], [ -45.03092822540021, -21.338850753560351 ], [ -45.03092822540021, -21.341545699412706 ], [ -45.032275698326387, -21.341545699412702 ], [ -45.032275698326387, -21.341276204827473 ], [ -45.031467214570682, -21.341276204827469 ], [ -45.031467214570682, -21.340198226486525 ], [ -45.032545192911627, -21.340198226486525 ] ] ] } },
{ "type": "Feature", "properties": { "anos_com_queima": 2, "area_ha": 1.3336014420075404, "inicio": 2011.0, "fim": 2025.0, "tipo": "recurrence", "id_feicao": "recurrence_2011_2025_841" }, "geometry": { "type": "Polygon", "coordinates": [ [ [ -45.021226420331715, -21.338042269804646 ], [ -45.021226420331715, -21.339120248145587 ], [ -45.022304398672659, -21.33912024814558 ], [ -45.022304398672659, -21.338042269804646 ], [ -45.021226420331715, -21.338042269804646 ] ] ] } },
{ "type": "Feature", "properties": { "anos_com_queima": 2, "area_ha": 0.16670050655137747, "inicio": 2011.0, "fim": 2025.0, "tipo": "recurrence", "id_feicao": "recurrence_2011_2025_842" }, "geometry": { "type": "Polygon", "coordinates": [ [ [ -45.03281468749686, -21.338581258975115 ], [ -45.033084182082092, -21.338581258975111 ], [ -45.033084182082092, -21.338042269804632 ], [ -45.03281468749686, -21.338042269804635 ], [ -45.03281468749686, -21.338581258975115 ] ] ] } },
{ "type": "Feature", "properties": { "anos_com_queima": 2, "area_ha": 0.91685171806151045, "inicio": 2011.0, "fim": 2025.0, "tipo": "recurrence", "id_feicao": "recurrence_2011_2025_843" }, "geometry": { "type": "Polygon", "coordinates": [ [ [ -45.023112882428372, -21.338311764389868 ], [ -45.024190860769309, -21.338311764389879 ], [ -45.024190860769309, -21.33777277521941 ], [ -45.022304398672659, -21.337772775219403 ], [ -45.022304398672659, -21.338042269804646 ], [ -45.023112882428372, -21.338042269804642 ], [ -45.023112882428372, -21.338311764389868 ] ] ] } },
{ "type": "Feature", "properties": { "anos_com_queima": 2, "area_ha": 1.1669079802240681, "inicio": 2011.0, "fim": 2025.0, "tipo": "recurrence", "id_feicao": "recurrence_2011_2025_844" }, "geometry": { "type": "Polygon", "coordinates": [ [ [ -45.027424795792143, -21.337503280634177 ], [ -45.027424795792143, -21.337233786048934 ], [ -45.025268839110254, -21.337233786048937 ], [ -45.025268839110254, -21.337503280634174 ], [ -45.024999344525021, -21.337503280634174 ], [ -45.024999344525021, -21.337772775219406 ], [ -45.024460355354549, -21.337772775219399 ], [ -45.024460355354549, -21.338042269804642 ], [ -45.025538333695494, -21.338042269804646 ], [ -45.025538333695494, -21.337503280634166 ], [ -45.027424795792143, -21.337503280634177 ] ] ] } },
{ "type": "Feature", "properties": { "anos_com_queima": 2, "area_ha": 5.0010358834340236, "inicio": 2011.0, "fim": 2025.0, "tipo": "recurrence", "id_feicao": "recurrence_2011_2025_845" }, "geometry": { "type": "Polygon", "coordinates": [ [ [ -45.028772268718321, -21.336155807707986 ], [ -45.03092822540021, -21.336155807707993 ], [ -45.03092822540021, -21.337503280634174 ], [ -45.031467214570682, -21.337503280634174 ], [ -45.031467214570682, -21.338581258975115 ], [ -45.032545192911627, -21.338581258975118 ], [ -45.032545192911627, -21.335886313122753 ], [ -45.028772268718321, -21.335886313122753 ], [ -45.028772268718321, -21.336155807707986 ] ] ] } },
{ "type": "Feature", "properties": { "anos_com_queima": 2, "area_ha": 0.083351361223775899, "inicio": 2011.0, "fim": 2025.0, "tipo": "recurrence", "id_feicao": "recurrence_2011_2025_846" }, "geometry": { "type": "Polygon", "coordinates": [ [ [ -45.021226420331715, -21.336425302293229 ], [ -45.021495914916954, -21.336425302293229 ], [ -45.021495914916954, -21.336155807707989 ], [ -45.021226420331715, -21.336155807707993 ], [ -45.021226420331715, -21.336425302293229 ] ] ] } },
{ "type": "Feature", "properties": { "anos_com_queima": 2, "area_ha": 6.0846917014389481, "inicio": 2011.0, "fim": 2025.0, "tipo": "recurrence", "id_feicao": "recurrence_2011_2025_847" }, "geometry": { "type": "Polygon", "coordinates": [ [ [ -45.033084182082092, -21.337503280634166 ], [ -45.033084182082092, -21.338042269804632 ], [ -45.033892665837804, -21.338042269804642 ], [ -45.033892665837804, -21.33750328063417 ], [ -45.034162160423037, -21.337503280634166 ], [ -45.034162160423037, -21.337233786048934 ], [ -45.034431655008277, -21.337233786048923 ], [ -45.034431655008277, -21.336425302293229 ], [ -45.036587611690159, -21.336425302293225 ], [ -45.036587611690159, -21.335886313122757 ], [ -45.036857106275399, -21.335886313122753 ], [ -45.036857106275399, -21.335616818537513 ], [ -45.037126600860631, -21.335616818537517 ], [ -45.037126600860631, -21.335077829367041 ], [ -45.037665590031104, -21.335077829367052 ], [ -45.037665590031104, -21.332921872685155 ], [ -45.036587611690159, -21.332921872685166 ], [ -45.036587611690159, -21.334538840196579 ], [ -45.036048622519687, -21.334538840196569 ], [ -45.036048622519687, -21.336155807707993 ], [ -45.033892665837804, -21.336155807707989 ], [ -45.033892665837804, -21.337233786048927 ], [ -45.033623171252565, -21.337233786048927 ], [ -45.033623171252565, -21.337503280634166 ], [ -45.033084182082092, -21.337503280634166 ] ] ] } },
{ "type": "Feature", "properties": { "anos_com_queima": 2, "area_ha": 1.0835747734680772, "inicio": 2011.0, "fim": 2025.0, "tipo": "recurrence", "id_feicao": "recurrence_2011_2025_848" }, "geometry": { "type": "Polygon", "coordinates": [ [ [ -45.021765409502187, -21.335347323952277 ], [ -45.022304398672659, -21.335347323952274 ], [ -45.022304398672659, -21.334808334781808 ], [ -45.020956925746482, -21.334808334781808 ], [ -45.020956925746482, -21.335616818537517 ], [ -45.021765409502187, -21.33561681853752 ], [ -45.021765409502187, -21.335347323952277 ] ] ] } },
{ "type": "Feature", "properties": { "anos_com_queima": 2, "area_ha": 1.2502883874363266, "inicio": 2011.0, "fim": 2025.0, "tipo": "recurrence", "id_feicao": "recurrence_2011_2025_849" }, "geometry": { "type": "Polygon", "coordinates": [ [ [ -45.022573893257899, -21.333730356440864 ], [ -45.022304398672659, -21.333730356440871 ], [ -45.022304398672659, -21.334808334781808 ], [ -45.023112882428372, -21.334808334781812 ], [ -45.023112882428372, -21.333730356440867 ], [ -45.023382377013604, -21.333730356440867 ], [ -45.023382377013604, -21.333460861855635 ], [ -45.022573893257899, -21.333460861855635 ], [ -45.022573893257899, -21.333730356440864 ] ] ] } },
{ "type": "Feature", "properties": { "anos_com_queima": 2, "area_ha": 2.2505429403553192, "inicio": 2011.0, "fim": 2025.0, "tipo": "recurrence", "id_feicao": "recurrence_2011_2025_850" }, "geometry": { "type": "Polygon", "coordinates": [ [ [ -45.024999344525021, -21.333460861855635 ], [ -45.024999344525021, -21.332921872685162 ], [ -45.025268839110254, -21.332921872685159 ], [ -45.025268839110254, -21.332652378099915 ], [ -45.025538333695494, -21.332652378099922 ], [ -45.025538333695494, -21.332382883514676 ], [ -45.025807828280726, -21.332382883514683 ], [ -45.025807828280726, -21.331574399758985 ], [ -45.025538333695494, -21.331574399758981 ], [ -45.025538333695494, -21.331843894344217 ], [ -45.024460355354549, -21.331843894344217 ], [ -45.024460355354549, -21.332652378099919 ], [ -45.024190860769309, -21.332652378099922 ], [ -45.024190860769309, -21.333191367270391 ], [ -45.023651871598844, -21.333191367270391 ], [ -45.023651871598844, -21.333460861855631 ], [ -45.024999344525021, -21.333460861855635 ] ] ] } },
{ "type": "Feature", "properties": { "anos_com_queima": 2, "area_ha": 1.7504216582325378, "inicio": 2011.0, "fim": 2025.0, "tipo": "recurrence", "id_feicao": "recurrence_2011_2025_851" }, "geometry": { "type": "Polygon", "coordinates": [ [ [ -45.033084182082092, -21.330765916003273 ], [ -45.033084182082092, -21.332113388929454 ], [ -45.03281468749686, -21.332113388929457 ], [ -45.03281468749686, -21.333730356440871 ], [ -45.033892665837804, -21.333730356440874 ], [ -45.033892665837804, -21.333191367270398 ], [ -45.033353676667332, -21.333191367270391 ], [ -45.033353676667332, -21.330765916003266 ], [ -45.033084182082092, -21.330765916003273 ] ] ] } },
{ "type": "Feature", "properties": { "anos_com_queima": 2, "area_ha": 4.0009743145408381, "inicio": 2011.0, "fim": 2025.0, "tipo": "recurrence", "id_feicao": "recurrence_2011_2025_852" }, "geometry": { "type": "Polygon", "coordinates": [ [ [ -45.028502774133088, -21.332382883514679 ], [ -45.028502774133088, -21.332113388929454 ], [ -45.028233279547848, -21.33211338892945 ], [ -45.028233279547848, -21.331574399758974 ], [ -45.027155301206903, -21.331574399758978 ], [ -45.027155301206903, -21.331304905173738 ], [ -45.026885806621671, -21.331304905173745 ], [ -45.026885806621671, -21.331035410588516 ], [ -45.026077322865966, -21.331035410588512 ], [ -45.026077322865966, -21.330765916003269 ], [ -45.025807828280726, -21.330765916003269 ], [ -45.025807828280726, -21.331574399758985 ], [ -45.026885806621671, -21.331574399758971 ], [ -45.026885806621671, -21.332921872685155 ], [ -45.027694290377376, -21.332921872685159 ], [ -45.027694290377376, -21.333460861855631 ], [ -45.028772268718321, -21.333460861855642 ], [ -45.028772268718321, -21.332382883514693 ], [ -45.028502774133088, -21.332382883514679 ] ] ] } },
{ "type": "Feature", "properties": { "anos_com_queima": 2, "area_ha": 2.2505648927882316, "inicio": 2011.0, "fim": 2025.0, "tipo": "recurrence", "id_feicao": "recurrence_2011_2025_853" }, "geometry": { "type": "Polygon", "coordinates": [ [ [ -45.036587611690159, -21.332113388929447 ], [ -45.037396095445871, -21.332113388929443 ], [ -45.037396095445871, -21.330226926832804 ], [ -45.036857106275399, -21.330226926832808 ], [ -45.036857106275399, -21.33049642141804 ], [ -45.036318117104926, -21.33049642141804 ], [ -45.036318117104926, -21.330765916003269 ], [ -45.036048622519687, -21.330765916003266 ], [ -45.036048622519687, -21.331035410588516 ], [ -45.035509633349221, -21.331035410588512 ], [ -45.035509633349221, -21.331304905173749 ], [ -45.036587611690159, -21.331304905173745 ], [ -45.036587611690159, -21.332113388929447 ] ] ] } },
{ "type": "Feature", "properties": { "anos_com_queima": 2, "area_ha": 0.25006375312767926, "inicio": 2011.0, "fim": 2025.0, "tipo": "recurrence", "id_feicao": "recurrence_2011_2025_854" }, "geometry": { "type": "Polygon", "coordinates": [ [ [ -45.026077322865966, -21.330765916003269 ], [ -45.026346817451198, -21.330765916003276 ], [ -45.026346817451198, -21.330226926832804 ], [ -45.025807828280726, -21.330226926832804 ], [ -45.025807828280726, -21.33049642141804 ], [ -45.026077322865966, -21.33049642141804 ], [ -45.026077322865966, -21.330765916003269 ] ] ] } },
{ "type": "Feature", "properties": { "anos_com_queima": 2, "area_ha": 2.0838680745257081, "inicio": 2011.0, "fim": 2025.0, "tipo": "recurrence", "id_feicao": "recurrence_2011_2025_855" }, "geometry": { "type": "Polygon", "coordinates": [ [ [ -45.020956925746482, -21.33049642141804 ], [ -45.020956925746482, -21.331035410588512 ], [ -45.023112882428372, -21.331035410588502 ], [ -45.023112882428372, -21.329687937662321 ], [ -45.022304398672659, -21.329687937662328 ], [ -45.022304398672659, -21.33049642141804 ], [ -45.020956925746482, -21.33049642141804 ] ] ] } },
{ "type": "Feature", "properties": { "anos_com_queima": 2, "area_ha": 4.3344633185865318, "inicio": 2011.0, "fim": 2025.0, "tipo": "recurrence", "id_feicao": "recurrence_2011_2025_856" }, "geometry": { "type": "Polygon", "coordinates": [ [ [ -45.03281468749686, -21.328609959321387 ], [ -45.03281468749686, -21.329418443077088 ], [ -45.033353676667332, -21.329418443077095 ], [ -45.033353676667332, -21.330765916003266 ], [ -45.034970644178749, -21.330765916003276 ], [ -45.034970644178749, -21.32887945390662 ], [ -45.034431655008277, -21.328879453906623 ], [ -45.034431655008277, -21.328609959321383 ], [ -45.03281468749686, -21.328609959321387 ] ] ] } },
{ "type": "Feature", "properties": { "anos_com_queima": 2, "area_ha": 0.66683935161552199, "inicio": 2011.0, "fim": 2025.0, "tipo": "recurrence", "id_feicao": "recurrence_2011_2025_857" }, "geometry": { "type": "Polygon", "coordinates": [ [ [ -45.021765409502187, -21.329957432247564 ], [ -45.021765409502187, -21.329687937662325 ], [ -45.022304398672659, -21.329687937662328 ], [ -45.022304398672659, -21.329418443077095 ], [ -45.020956925746482, -21.329418443077095 ], [ -45.020956925746482, -21.329957432247564 ], [ -45.021765409502187, -21.329957432247564 ] ] ] } },
{ "type": "Feature", "properties": { "anos_com_queima": 2, "area_ha": 19.838645743832078, "inicio": 2011.0, "fim": 2025.0, "tipo": "recurrence", "id_feicao": "recurrence_2011_2025_858" }, "geometry": { "type": "Polygon", "coordinates": [ [ [ -45.027694290377376, -21.330765916003269 ], [ -45.027694290377376, -21.331035410588512 ], [ -45.028233279547848, -21.331035410588516 ], [ -45.028233279547848, -21.331574399758974 ], [ -45.030389236229738, -21.331574399758981 ], [ -45.030389236229738, -21.329148948491849 ], [ -45.03065873081497, -21.329148948491849 ], [ -45.03065873081497, -21.32887945390662 ], [ -45.031736709155915, -21.328879453906612 ], [ -45.031736709155915, -21.32860995932139 ], [ -45.031467214570682, -21.328609959321383 ], [ -45.031467214570682, -21.328070970150911 ], [ -45.029580752474033, -21.328070970150915 ], [ -45.029580752474033, -21.327531980980446 ], [ -45.028772268718321, -21.327531980980439 ], [ -45.028772268718321, -21.32726248639521 ], [ -45.029580752474033, -21.327262486395213 ], [ -45.029580752474033, -21.326723497224737 ], [ -45.029850247059265, -21.326723497224737 ], [ -45.029850247059265, -21.326454002639505 ], [ -45.029580752474033, -21.326454002639501 ], [ -45.029580752474033, -21.325376024298556 ], [ -45.027694290377376, -21.325376024298556 ], [ -45.027694290377376, -21.325645518883793 ], [ -45.027155301206903, -21.325645518883793 ], [ -45.027155301206903, -21.326723497224737 ], [ -45.026077322865966, -21.326723497224737 ], [ -45.026077322865966, -21.327262486395213 ], [ -45.027155301206903, -21.32726248639521 ], [ -45.027155301206903, -21.327801475565675 ], [ -45.027424795792143, -21.327801475565682 ], [ -45.027424795792143, -21.330765916003269 ], [ -45.027694290377376, -21.330765916003269 ] ], [ [ -45.028502774133088, -21.327262486395206 ], [ -45.028502774133088, -21.326992991809977 ], [ -45.028772268718321, -21.326992991809977 ], [ -45.028772268718321, -21.32726248639521 ], [ -45.028502774133088, -21.327262486395206 ] ], [ [ -45.028233279547848, -21.326723497224737 ], [ -45.028233279547848, -21.326992991809973 ], [ -45.027155301206903, -21.326992991809973 ], [ -45.027155301206903, -21.326723497224737 ], [ -45.028233279547848, -21.326723497224737 ] ] ] } },
{ "type": "Feature", "properties": { "anos_com_queima": 2, "area_ha": 0.75020131628960374, "inicio": 2011.0, "fim": 2025.0, "tipo": "recurrence", "id_feicao": "recurrence_2011_2025_859" }, "geometry": { "type": "Polygon", "coordinates": [ [ [ -45.024729849939781, -21.329687937662325 ], [ -45.024999344525021, -21.329687937662328 ], [ -45.024999344525021, -21.32726248639521 ], [ -45.024729849939781, -21.327262486395213 ], [ -45.024729849939781, -21.329687937662325 ] ] ] } },
{ "type": "Feature", "properties": { "anos_com_queima": 2, "area_ha": 0.66684628781106614, "inicio": 2011.0, "fim": 2025.0, "tipo": "recurrence", "id_feicao": "recurrence_2011_2025_860" }, "geometry": { "type": "Polygon", "coordinates": [ [ [ -45.031736709155915, -21.328070970150918 ], [ -45.031736709155915, -21.32860995932139 ], [ -45.03281468749686, -21.328609959321387 ], [ -45.03281468749686, -21.328070970150918 ], [ -45.031736709155915, -21.328070970150918 ] ] ] } },
{ "type": "Feature", "properties": { "anos_com_queima": 2, "area_ha": 8.9190897947035808, "inicio": 2011.0, "fim": 2025.0, "tipo": "recurrence", "id_feicao": "recurrence_2011_2025_861" }, "geometry": { "type": "Polygon", "coordinates": [ [ [ -45.019878947405537, -21.327801475565678 ], [ -45.019878947405537, -21.328070970150922 ], [ -45.017992485308888, -21.328070970150918 ], [ -45.017992485308888, -21.328340464736144 ], [ -45.017453496138415, -21.328340464736144 ], [ -45.017453496138415, -21.32860995932139 ], [ -45.017722990723655, -21.328609959321387 ], [ -45.017722990723655, -21.329418443077099 ], [ -45.019339958235065, -21.329418443077095 ], [ -45.019339958235065, -21.329148948491856 ], [ -45.019609452820305, -21.329148948491852 ], [ -45.019609452820305, -21.329418443077099 ], [ -45.020687431161249, -21.329418443077085 ], [ -45.020687431161249, -21.327801475565686 ], [ -45.021226420331715, -21.327801475565678 ], [ -45.021226420331715, -21.326723497224737 ], [ -45.020956925746482, -21.326723497224737 ], [ -45.020956925746482, -21.326184508054261 ], [ -45.019878947405537, -21.326184508054265 ], [ -45.019878947405537, -21.326992991809973 ], [ -45.019070463649832, -21.326992991809973 ], [ -45.019070463649832, -21.32726248639521 ], [ -45.017184001553183, -21.32726248639521 ], [ -45.017184001553183, -21.327531980980446 ], [ -45.017453496138415, -21.327531980980442 ], [ -45.017453496138415, -21.327801475565678 ], [ -45.019878947405537, -21.327801475565678 ] ] ] } },
{ "type": "Feature", "properties": { "anos_com_queima": 2, "area_ha": 0.91693323051864351, "inicio": 2011.0, "fim": 2025.0, "tipo": "recurrence", "id_feicao": "recurrence_2011_2025_862" }, "geometry": { "type": "Polygon", "coordinates": [ [ [ -45.026077322865966, -21.324837035128091 ], [ -45.026077322865966, -21.325376024298556 ], [ -45.025807828280726, -21.325376024298556 ], [ -45.025807828280726, -21.3256455188838 ], [ -45.027155301206903, -21.325645518883793 ], [ -45.027155301206903, -21.32510652971332 ], [ -45.026616312036438, -21.32510652971332 ], [ -45.026616312036438, -21.324837035128084 ], [ -45.026077322865966, -21.324837035128091 ] ] ] } },
{ "type": "Feature", "properties": { "anos_com_queima": 2, "area_ha": 0.083357495708297938, "inicio": 2011.0, "fim": 2025.0, "tipo": "recurrence", "id_feicao": "recurrence_2011_2025_863" }, "geometry": { "type": "Polygon", "coordinates": [ [ [ -45.024460355354549, -21.325376024298556 ], [ -45.024729849939781, -21.325376024298553 ], [ -45.024729849939781, -21.32510652971332 ], [ -45.024460355354549, -21.325106529713317 ], [ -45.024460355354549, -21.325376024298556 ] ] ] } },
{ "type": "Feature", "properties": { "anos_com_queima": 2, "area_ha": 0.083357494560535997, "inicio": 2011.0, "fim": 2025.0, "tipo": "recurrence", "id_feicao": "recurrence_2011_2025_864" }, "geometry": { "type": "Polygon", "coordinates": [ [ [ -45.023382377013604, -21.325376024298556 ], [ -45.023651871598844, -21.32537602429856 ], [ -45.023651871598844, -21.32510652971332 ], [ -45.023382377013604, -21.32510652971332 ], [ -45.023382377013604, -21.325376024298556 ] ] ] } },
{ "type": "Feature", "properties": { "anos_com_queima": 2, "area_ha": 0.1667158796138197, "inicio": 2011.0, "fim": 2025.0, "tipo": "recurrence", "id_feicao": "recurrence_2011_2025_865" }, "geometry": { "type": "Polygon", "coordinates": [ [ [ -45.019878947405537, -21.324298045957612 ], [ -45.019878947405537, -21.324567540542848 ], [ -45.02041793657601, -21.324567540542851 ], [ -45.02041793657601, -21.324298045957612 ], [ -45.019878947405537, -21.324298045957612 ] ] ] } },
{ "type": "Feature", "properties": { "anos_com_queima": 2, "area_ha": 7.0020913744727311, "inicio": 2011.0, "fim": 2025.0, "tipo": "recurrence", "id_feicao": "recurrence_2011_2025_866" }, "geometry": { "type": "Polygon", "coordinates": [ [ [ -45.023382377013604, -21.326184508054261 ], [ -45.023382377013604, -21.325376024298556 ], [ -45.023112882428372, -21.325376024298553 ], [ -45.023112882428372, -21.322142089275726 ], [ -45.020956925746482, -21.322142089275729 ], [ -45.020956925746482, -21.322411583860962 ], [ -45.020687431161249, -21.322411583860966 ], [ -45.020687431161249, -21.322681078446195 ], [ -45.019339958235065, -21.322681078446195 ], [ -45.019339958235065, -21.322950573031427 ], [ -45.020687431161249, -21.322950573031427 ], [ -45.020687431161249, -21.324298045957612 ], [ -45.022304398672659, -21.324298045957615 ], [ -45.022304398672659, -21.326184508054265 ], [ -45.023382377013604, -21.326184508054261 ] ], [ [ -45.021765409502187, -21.322411583860958 ], [ -45.022843387843132, -21.322411583860962 ], [ -45.022843387843132, -21.323489562201903 ], [ -45.021765409502187, -21.323489562201896 ], [ -45.021765409502187, -21.322411583860958 ] ] ] } },
{ "type": "Feature", "properties": { "anos_com_queima": 2, "area_ha": 0.33344461440406742, "inicio": 2011.0, "fim": 2025.0, "tipo": "recurrence", "id_feicao": "recurrence_2011_2025_867" }, "geometry": { "type": "Polygon", "coordinates": [ [ [ -45.019878947405537, -21.318908154252899 ], [ -45.02041793657601, -21.318908154252906 ], [ -45.02041793657601, -21.318369165082434 ], [ -45.019878947405537, -21.318369165082427 ], [ -45.019878947405537, -21.318908154252899 ] ] ] } },
{ "type": "Feature", "properties": { "anos_com_queima": 2, "area_ha": 0.33349903851032925, "inicio": 2011.0, "fim": 2025.0, "tipo": "recurrence", "id_feicao": "recurrence_2011_2025_868" }, "geometry": { "type": "Polygon", "coordinates": [ [ [ -45.031197719985443, -21.293575663240727 ], [ -45.031197719985443, -21.294653641581675 ], [ -45.031467214570682, -21.294653641581668 ], [ -45.031467214570682, -21.29357566324073 ], [ -45.031197719985443, -21.293575663240727 ] ] ] } },
{ "type": "Feature", "properties": { "anos_com_queima": 2, "area_ha": 3.9186410063982011, "inicio": 2011.0, "fim": 2025.0, "tipo": "recurrence", "id_feicao": "recurrence_2011_2025_869" }, "geometry": { "type": "Polygon", "coordinates": [ [ [ -45.034431655008277, -21.292228190314546 ], [ -45.03281468749686, -21.292228190314539 ], [ -45.03281468749686, -21.292767179485018 ], [ -45.031467214570682, -21.292767179485011 ], [ -45.031467214570682, -21.293306168655487 ], [ -45.032545192911627, -21.293306168655484 ], [ -45.032545192911627, -21.293575663240727 ], [ -45.03281468749686, -21.29357566324073 ], [ -45.03281468749686, -21.293845157825952 ], [ -45.034431655008277, -21.293845157825963 ], [ -45.034431655008277, -21.292228190314546 ] ] ] } },
{ "type": "Feature", "properties": { "anos_com_queima": 2, "area_ha": 0.58365426826309408, "inicio": 2011.0, "fim": 2025.0, "tipo": "recurrence", "id_feicao": "recurrence_2011_2025_870" }, "geometry": { "type": "Polygon", "coordinates": [ [ [ -45.037935084616343, -21.286568804024601 ], [ -45.038743568372048, -21.286568804024594 ], [ -45.038743568372048, -21.285760320268881 ], [ -45.038204579201576, -21.285760320268889 ], [ -45.038204579201576, -21.286299309439361 ], [ -45.037935084616343, -21.286299309439354 ], [ -45.037935084616343, -21.286568804024601 ] ] ] } },
{ "type": "Feature", "properties": { "anos_com_queima": 2, "area_ha": 11.92367810522795, "inicio": 2011.0, "fim": 2025.0, "tipo": "recurrence", "id_feicao": "recurrence_2011_2025_871" }, "geometry": { "type": "Polygon", "coordinates": [ [ [ -45.04143851422441, -21.280370428564162 ], [ -45.04143851422441, -21.280639923149401 ], [ -45.044672449247237, -21.280639923149405 ], [ -45.044672449247237, -21.279831439393696 ], [ -45.042785987150587, -21.2798314393937 ], [ -45.042785987150587, -21.279292450223231 ], [ -45.040630030468698, -21.279292450223224 ], [ -45.040630030468698, -21.278753461052752 ], [ -45.039282557542521, -21.278753461052752 ], [ -45.039282557542521, -21.281178912319881 ], [ -45.039013062957281, -21.281178912319877 ], [ -45.039013062957281, -21.281717901490349 ], [ -45.038743568372048, -21.281717901490346 ], [ -45.038743568372048, -21.282795879831298 ], [ -45.040630030468698, -21.282795879831291 ], [ -45.040630030468698, -21.280370428564169 ], [ -45.04143851422441, -21.280370428564162 ] ] ] } },
{ "type": "Feature", "properties": { "anos_com_queima": 2, "area_ha": 4.41953591071921, "inicio": 2011.0, "fim": 2025.0, "tipo": "recurrence", "id_feicao": "recurrence_2011_2025_872" }, "geometry": { "type": "Polygon", "coordinates": [ [ [ -45.036587611690159, -21.272285591007094 ], [ -45.036587611690159, -21.271477107251386 ], [ -45.036857106275399, -21.271477107251382 ], [ -45.036857106275399, -21.27093811808091 ], [ -45.037126600860631, -21.27093811808091 ], [ -45.037126600860631, -21.269860139739972 ], [ -45.035779127934454, -21.269860139739976 ], [ -45.035779127934454, -21.270129634325212 ], [ -45.035509633349221, -21.270129634325208 ], [ -45.035509633349221, -21.271207612666149 ], [ -45.035240138763982, -21.271207612666153 ], [ -45.035240138763982, -21.272555085592323 ], [ -45.036318117104926, -21.272555085592323 ], [ -45.036318117104926, -21.272285591007087 ], [ -45.036587611690159, -21.272285591007094 ] ] ] } },
{ "type": "Feature", "properties": { "anos_com_queima": 2, "area_ha": 1.7512260696754884, "inicio": 2011.0, "fim": 2025.0, "tipo": "recurrence", "id_feicao": "recurrence_2011_2025_873" }, "geometry": { "type": "Polygon", "coordinates": [ [ [ -45.019609452820305, -21.263122775109071 ], [ -45.019609452820305, -21.263931258864776 ], [ -45.020956925746482, -21.263931258864773 ], [ -45.020956925746482, -21.262853280523832 ], [ -45.019339958235065, -21.262853280523828 ], [ -45.019339958235065, -21.263122775109075 ], [ -45.019609452820305, -21.263122775109071 ] ] ] } },
{ "type": "Feature", "properties": { "anos_com_queima": 2, "area_ha": 0.33357113695712759, "inicio": 2011.0, "fim": 2025.0, "tipo": "recurrence", "id_feicao": "recurrence_2011_2025_874" }, "geometry": { "type": "Polygon", "coordinates": [ [ [ -45.018800969064593, -21.261505807597665 ], [ -45.019339958235065, -21.261505807597658 ], [ -45.019339958235065, -21.261236313012422 ], [ -45.01853147447936, -21.261236313012422 ], [ -45.01853147447936, -21.26177530218289 ], [ -45.018800969064593, -21.26177530218289 ], [ -45.018800969064593, -21.261505807597665 ] ] ] } },
{ "type": "Feature", "properties": { "anos_com_queima": 2, "area_ha": 2.2516221045527609, "inicio": 2011.0, "fim": 2025.0, "tipo": "recurrence", "id_feicao": "recurrence_2011_2025_875" }, "geometry": { "type": "Polygon", "coordinates": [ [ [ -45.021226420331715, -21.261775302182897 ], [ -45.021495914916954, -21.261775302182901 ], [ -45.021495914916954, -21.2609668184272 ], [ -45.022304398672659, -21.260966818427189 ], [ -45.022304398672659, -21.260158334671488 ], [ -45.022034904087427, -21.260158334671491 ], [ -45.022034904087427, -21.259888840086251 ], [ -45.021495914916954, -21.259888840086237 ], [ -45.021495914916954, -21.259080356330532 ], [ -45.021226420331715, -21.259080356330536 ], [ -45.021226420331715, -21.259349850915768 ], [ -45.020956925746482, -21.259349850915761 ], [ -45.020956925746482, -21.260158334671477 ], [ -45.021226420331715, -21.260158334671484 ], [ -45.021226420331715, -21.260427829256724 ], [ -45.020956925746482, -21.260427829256713 ], [ -45.020956925746482, -21.261236313012425 ], [ -45.021226420331715, -21.261236313012418 ], [ -45.021226420331715, -21.261775302182897 ] ] ] } },
{ "type": "Feature", "properties": { "anos_com_queima": 2, "area_ha": 0.33357686377509838, "inicio": 2011.0, "fim": 2025.0, "tipo": "recurrence", "id_feicao": "recurrence_2011_2025_876" }, "geometry": { "type": "Polygon", "coordinates": [ [ [ -45.021495914916954, -21.258810861745303 ], [ -45.021495914916954, -21.259080356330532 ], [ -45.022573893257899, -21.259080356330539 ], [ -45.022573893257899, -21.25881086174531 ], [ -45.021495914916954, -21.258810861745303 ] ] ] } },
{ "type": "Feature", "properties": { "anos_com_queima": 2, "area_ha": 22.683284611752256, "inicio": 2011.0, "fim": 2025.0, "tipo": "recurrence", "id_feicao": "recurrence_2011_2025_877" }, "geometry": { "type": "Polygon", "coordinates": [ [ [ -45.044941943832477, -21.260966818427192 ], [ -45.044672449247237, -21.260966818427185 ], [ -45.044672449247237, -21.26204479676813 ], [ -45.046019922173414, -21.262044796768137 ], [ -45.046019922173414, -21.262853280523839 ], [ -45.047097900514359, -21.262853280523832 ], [ -45.047097900514359, -21.262583785938599 ], [ -45.047367395099599, -21.262583785938599 ], [ -45.047367395099599, -21.262314291353366 ], [ -45.047636889684831, -21.262314291353366 ], [ -45.047636889684831, -21.26204479676813 ], [ -45.048175878855304, -21.26204479676813 ], [ -45.048175878855304, -21.260697323841953 ], [ -45.047367395099599, -21.260697323841949 ], [ -45.047367395099599, -21.260158334671477 ], [ -45.048445373440543, -21.260158334671484 ], [ -45.048445373440543, -21.258810861745296 ], [ -45.047367395099599, -21.2588108617453 ], [ -45.047367395099599, -21.258271872574827 ], [ -45.046828405929126, -21.258271872574831 ], [ -45.046828405929126, -21.256385410478167 ], [ -45.045480933002942, -21.256385410478174 ], [ -45.045480933002942, -21.256115915892934 ], [ -45.045211438417709, -21.256115915892941 ], [ -45.045211438417709, -21.254768442966764 ], [ -45.044941943832477, -21.254768442966764 ], [ -45.044941943832477, -21.254229453796281 ], [ -45.044672449247237, -21.254229453796288 ], [ -45.044672449247237, -21.253959959211059 ], [ -45.043594470906292, -21.253959959211056 ], [ -45.043594470906292, -21.255576926722476 ], [ -45.04332497632106, -21.255576926722465 ], [ -45.04332497632106, -21.256385410478167 ], [ -45.043594470906292, -21.25638541047817 ], [ -45.043594470906292, -21.258002377989587 ], [ -45.046019922173414, -21.258002377989587 ], [ -45.046019922173414, -21.260158334671473 ], [ -45.044941943832477, -21.260158334671473 ], [ -45.044941943832477, -21.260966818427192 ] ], [ [ -45.046828405929126, -21.259619345501015 ], [ -45.047097900514359, -21.259619345501001 ], [ -45.047097900514359, -21.260158334671488 ], [ -45.046558911343887, -21.260158334671473 ], [ -45.046558911343887, -21.258271872574831 ], [ -45.046828405929126, -21.258271872574831 ], [ -45.046828405929126, -21.259619345501015 ] ] ] } },
{ "type": "Feature", "properties": { "anos_com_queima": 2, "area_ha": 2.1682708089950107, "inicio": 2011.0, "fim": 2025.0, "tipo": "recurrence", "id_feicao": "recurrence_2011_2025_878" }, "geometry": { "type": "Polygon", "coordinates": [ [ [ -45.025538333695494, -21.256924399648643 ], [ -45.025538333695494, -21.256654905063414 ], [ -45.024999344525021, -21.256654905063421 ], [ -45.024999344525021, -21.25692439964865 ], [ -45.024729849939781, -21.256924399648653 ], [ -45.024729849939781, -21.258271872574831 ], [ -45.025807828280726, -21.258271872574834 ], [ -45.025807828280726, -21.258002377989595 ], [ -45.026077322865966, -21.258002377989587 ], [ -45.026077322865966, -21.256924399648646 ], [ -45.025538333695494, -21.256924399648643 ] ] ] } },
{ "type": "Feature", "properties": { "anos_com_queima": 2, "area_ha": 1.0007663835067302, "inicio": 2011.0, "fim": 2025.0, "tipo": "recurrence", "id_feicao": "recurrence_2011_2025_879" }, "geometry": { "type": "Polygon", "coordinates": [ [ [ -45.023382377013604, -21.253959959211059 ], [ -45.024460355354549, -21.253959959211059 ], [ -45.024460355354549, -21.253151475455347 ], [ -45.023382377013604, -21.253151475455343 ], [ -45.023382377013604, -21.253959959211059 ] ] ] } },
{ "type": "Feature", "properties": { "anos_com_queima": 2, "area_ha": 0.25019339171713217, "inicio": 2011.0, "fim": 2025.0, "tipo": "recurrence", "id_feicao": "recurrence_2011_2025_880" }, "geometry": { "type": "Polygon", "coordinates": [ [ [ -45.025807828280726, -21.252612486284878 ], [ -45.026616312036438, -21.252612486284882 ], [ -45.026616312036438, -21.252342991699642 ], [ -45.025807828280726, -21.252342991699635 ], [ -45.025807828280726, -21.252612486284878 ] ] ] } },
{ "type": "Feature", "properties": { "anos_com_queima": 2, "area_ha": 1.0008513100857086, "inicio": 2011.0, "fim": 2025.0, "tipo": "recurrence", "id_feicao": "recurrence_2011_2025_881" }, "geometry": { "type": "Polygon", "coordinates": [ [ [ -45.028502774133088, -21.240754724534497 ], [ -45.028502774133088, -21.241293713704966 ], [ -45.029580752474033, -21.241293713704962 ], [ -45.029580752474033, -21.240215735364025 ], [ -45.02904176330356, -21.240215735364021 ], [ -45.02904176330356, -21.240754724534487 ], [ -45.028502774133088, -21.240754724534497 ] ] ] } },
{ "type": "Feature", "properties": { "anos_com_queima": 2, "area_ha": 0.3336174165010064, "inicio": 2011.0, "fim": 2025.0, "tipo": "recurrence", "id_feicao": "recurrence_2011_2025_882" }, "geometry": { "type": "Polygon", "coordinates": [ [ [ -45.027424795792143, -21.240485229949265 ], [ -45.027424795792143, -21.240754724534497 ], [ -45.028502774133088, -21.240754724534497 ], [ -45.028502774133088, -21.240485229949257 ], [ -45.027424795792143, -21.240485229949265 ] ] ] } },
{ "type": "Feature", "properties": { "anos_com_queima": 2, "area_ha": 0.16680974843874885, "inicio": 2011.0, "fim": 2025.0, "tipo": "recurrence", "id_feicao": "recurrence_2011_2025_883" }, "geometry": { "type": "Polygon", "coordinates": [ [ [ -45.026885806621671, -21.239407251608323 ], [ -45.026885806621671, -21.239946240778789 ], [ -45.027155301206903, -21.239946240778789 ], [ -45.027155301206903, -21.23940725160832 ], [ -45.026885806621671, -21.239407251608323 ] ] ] } },
{ "type": "Feature", "properties": { "anos_com_queima": 2, "area_ha": 0.25021574661992491, "inicio": 2011.0, "fim": 2025.0, "tipo": "recurrence", "id_feicao": "recurrence_2011_2025_884" }, "geometry": { "type": "Polygon", "coordinates": [ [ [ -45.028772268718321, -21.23940725160832 ], [ -45.02904176330356, -21.23940725160832 ], [ -45.02904176330356, -21.238598767852604 ], [ -45.028772268718321, -21.238598767852615 ], [ -45.028772268718321, -21.23940725160832 ] ] ] } },
{ "type": "Feature", "properties": { "anos_com_queima": 2, "area_ha": 0.1668104933898896, "inicio": 2011.0, "fim": 2025.0, "tipo": "recurrence", "id_feicao": "recurrence_2011_2025_885" }, "geometry": { "type": "Polygon", "coordinates": [ [ [ -45.026885806621671, -21.23913775702308 ], [ -45.027424795792143, -21.239137757023094 ], [ -45.027424795792143, -21.238868262437844 ], [ -45.026885806621671, -21.238868262437848 ], [ -45.026885806621671, -21.23913775702308 ] ] ] } },
{ "type": "Feature", "properties": { "anos_com_queima": 2, "area_ha": 0.08340554535556402, "inicio": 2011.0, "fim": 2025.0, "tipo": "recurrence", "id_feicao": "recurrence_2011_2025_886" }, "geometry": { "type": "Polygon", "coordinates": [ [ [ -45.027694290377376, -21.238329273267372 ], [ -45.027694290377376, -21.238598767852608 ], [ -45.027963784962616, -21.238598767852611 ], [ -45.027963784962616, -21.238329273267368 ], [ -45.027694290377376, -21.238329273267372 ] ] ] } },
{ "type": "Feature", "properties": { "anos_com_queima": 2, "area_ha": 1.0008735799759627, "inicio": 2011.0, "fim": 2025.0, "tipo": "recurrence", "id_feicao": "recurrence_2011_2025_887" }, "geometry": { "type": "Polygon", "coordinates": [ [ [ -45.01826197989412, -21.237790284096906 ], [ -45.019339958235065, -21.237790284096913 ], [ -45.019339958235065, -21.236981800341194 ], [ -45.01826197989412, -21.236981800341201 ], [ -45.01826197989412, -21.237790284096906 ] ] ] } },
{ "type": "Feature", "properties": { "anos_com_queima": 2, "area_ha": 1.3346069363359361, "inicio": 2011.0, "fim": 2025.0, "tipo": "recurrence", "id_feicao": "recurrence_2011_2025_888" }, "geometry": { "type": "Polygon", "coordinates": [ [ [ -45.039821546712993, -21.225663027761289 ], [ -45.040899525053938, -21.225663027761289 ], [ -45.040899525053938, -21.224585049420348 ], [ -45.039821546712993, -21.224585049420352 ], [ -45.039821546712993, -21.225663027761289 ] ] ] } },
{ "type": "Feature", "properties": { "anos_com_queima": 2, "area_ha": 9.1754220369508488, "inicio": 2011.0, "fim": 2025.0, "tipo": "recurrence", "id_feicao": "recurrence_2011_2025_889" }, "geometry": { "type": "Polygon", "coordinates": [ [ [ -45.02041793657601, -21.226741006102237 ], [ -45.020687431161249, -21.226741006102234 ], [ -45.020687431161249, -21.225932522346525 ], [ -45.021226420331715, -21.225932522346525 ], [ -45.021226420331715, -21.224854544005577 ], [ -45.019609452820305, -21.224854544005581 ], [ -45.019609452820305, -21.224315554835108 ], [ -45.021226420331715, -21.224315554835108 ], [ -45.021226420331715, -21.2235070710794 ], [ -45.022573893257899, -21.22350707107941 ], [ -45.022573893257899, -21.222968081908931 ], [ -45.019609452820305, -21.222968081908927 ], [ -45.019609452820305, -21.223776565664636 ], [ -45.018800969064593, -21.22377656566464 ], [ -45.018800969064593, -21.22512403859082 ], [ -45.019070463649832, -21.225124038590824 ], [ -45.019070463649832, -21.226741006102234 ], [ -45.019339958235065, -21.226741006102234 ], [ -45.019339958235065, -21.227279995272706 ], [ -45.02041793657601, -21.22727999527271 ], [ -45.02041793657601, -21.226741006102237 ] ], [ [ -45.019609452820305, -21.22512403859082 ], [ -45.019339958235065, -21.225124038590817 ], [ -45.019339958235065, -21.224854544005588 ], [ -45.019609452820305, -21.224854544005581 ], [ -45.019609452820305, -21.22512403859082 ] ] ] } },
{ "type": "Feature", "properties": { "anos_com_queima": 2, "area_ha": 4.0039252803150562, "inicio": 2011.0, "fim": 2025.0, "tipo": "recurrence", "id_feicao": "recurrence_2011_2025_890" }, "geometry": { "type": "Polygon", "coordinates": [ [ [ -45.027424795792143, -21.221351114397521 ], [ -45.027694290377376, -21.221351114397525 ], [ -45.027694290377376, -21.220273136056573 ], [ -45.026616312036438, -21.220273136056573 ], [ -45.026616312036438, -21.220542630641809 ], [ -45.024999344525021, -21.220542630641805 ], [ -45.024999344525021, -21.221620608982757 ], [ -45.025538333695494, -21.221620608982754 ], [ -45.025538333695494, -21.221890103567983 ], [ -45.026885806621671, -21.22189010356799 ], [ -45.026885806621671, -21.221620608982747 ], [ -45.027424795792143, -21.22162060898275 ], [ -45.027424795792143, -21.221351114397521 ] ] ] } },
{ "type": "Feature", "properties": { "anos_com_queima": 2, "area_ha": 0.33367430686634036, "inicio": 2011.0, "fim": 2025.0, "tipo": "recurrence", "id_feicao": "recurrence_2011_2025_891" }, "geometry": { "type": "Polygon", "coordinates": [ [ [ -45.04143851422441, -21.215152738937096 ], [ -45.041708008809643, -21.215152738937089 ], [ -45.041708008809643, -21.214613749766613 ], [ -45.040899525053938, -21.214613749766617 ], [ -45.040899525053938, -21.21488324435186 ], [ -45.04143851422441, -21.214883244351864 ], [ -45.04143851422441, -21.215152738937096 ] ] ] } },
{ "type": "Feature", "properties": { "anos_com_queima": 2, "area_ha": 3.5035776083492123, "inicio": 2011.0, "fim": 2025.0, "tipo": "recurrence", "id_feicao": "recurrence_2011_2025_892" }, "geometry": { "type": "Polygon", "coordinates": [ [ [ -45.028502774133088, -21.213535771425665 ], [ -45.028502774133088, -21.216230717278044 ], [ -45.029850247059265, -21.21623071727803 ], [ -45.029850247059265, -21.214883244351856 ], [ -45.029580752474033, -21.214883244351853 ], [ -45.029580752474033, -21.214344255181384 ], [ -45.029311257888793, -21.214344255181388 ], [ -45.029311257888793, -21.213535771425676 ], [ -45.028502774133088, -21.213535771425665 ] ] ] } },
{ "type": "Feature", "properties": { "anos_com_queima": 2, "area_ha": 0.33367703405422278, "inicio": 2011.0, "fim": 2025.0, "tipo": "recurrence", "id_feicao": "recurrence_2011_2025_893" }, "geometry": { "type": "Polygon", "coordinates": [ [ [ -45.040630030468698, -21.213535771425676 ], [ -45.040630030468698, -21.213805266010908 ], [ -45.041708008809643, -21.213805266010908 ], [ -45.041708008809643, -21.213535771425672 ], [ -45.040630030468698, -21.213535771425676 ] ] ] } },
{ "type": "Feature", "properties": { "anos_com_queima": 2, "area_ha": 15.684132409851221, "inicio": 2011.0, "fim": 2025.0, "tipo": "recurrence", "id_feicao": "recurrence_2011_2025_894" }, "geometry": { "type": "Polygon", "coordinates": [ [ [ -45.020687431161249, -21.205450933868605 ], [ -45.020687431161249, -21.205181439283365 ], [ -45.020956925746482, -21.205181439283365 ], [ -45.020956925746482, -21.204103460942427 ], [ -45.020687431161249, -21.204103460942424 ], [ -45.020687431161249, -21.203833966357184 ], [ -45.020148441990777, -21.203833966357188 ], [ -45.020148441990777, -21.201408515090066 ], [ -45.021765409502187, -21.201408515090062 ], [ -45.021765409502187, -21.198713569237704 ], [ -45.021495914916954, -21.198713569237707 ], [ -45.021495914916954, -21.198444074652471 ], [ -45.021226420331715, -21.198444074652471 ], [ -45.021226420331715, -21.198174580067228 ], [ -45.019339958235065, -21.198174580067228 ], [ -45.019339958235065, -21.198444074652471 ], [ -45.018800969064593, -21.198444074652471 ], [ -45.018800969064593, -21.200600031334353 ], [ -45.01853147447936, -21.200600031334353 ], [ -45.01853147447936, -21.202216998845774 ], [ -45.019609452820305, -21.20221699884577 ], [ -45.019609452820305, -21.205450933868597 ], [ -45.020687431161249, -21.205450933868605 ] ] ] } },
{ "type": "Feature", "properties": { "anos_com_queima": 2, "area_ha": 0.23042320355698467, "inicio": 2011.0, "fim": 2025.0, "tipo": "recurrence", "id_feicao": "recurrence_2011_2025_895" }, "geometry": { "type": "Polygon", "coordinates": [ [ [ -45.011524615263227, -21.336155807707996 ], [ -45.01104820068403, -21.336155807796683 ], [ -45.011142, -21.336287 ], [ -45.011253, -21.336482999999895 ], [ -45.011352, -21.336701 ], [ -45.01145, -21.336930999999893 ], [ -45.011524615262907, -21.337023764995642 ], [ -45.011524615263227, -21.336155807707996 ] ] ] } },
{ "type": "Feature", "properties": { "anos_com_queima": 2, "area_ha": 0.83351740719452505, "inicio": 2011.0, "fim": 2025.0, "tipo": "recurrence", "id_feicao": "recurrence_2011_2025_896" }, "geometry": { "type": "Polygon", "coordinates": [ [ [ -45.01853147447936, -21.335886313122753 ], [ -45.017992485308888, -21.335886313122753 ], [ -45.017992485308888, -21.335077829367034 ], [ -45.017453496138415, -21.335077829367041 ], [ -45.017453496138415, -21.336155807707989 ], [ -45.01853147447936, -21.336155807707989 ], [ -45.01853147447936, -21.335886313122753 ] ] ] } },
{ "type": "Feature", "properties": { "anos_com_queima": 2, "area_ha": 0.83351873745798344, "inicio": 2011.0, "fim": 2025.0, "tipo": "recurrence", "id_feicao": "recurrence_2011_2025_897" }, "geometry": { "type": "Polygon", "coordinates": [ [ [ -45.01853147447936, -21.335077829367041 ], [ -45.01853147447936, -21.335886313122753 ], [ -45.019070463649832, -21.335886313122749 ], [ -45.019070463649832, -21.334808334781819 ], [ -45.017992485308888, -21.334808334781812 ], [ -45.017992485308888, -21.335077829367034 ], [ -45.01853147447936, -21.335077829367041 ] ] ] } },
{ "type": "Feature", "properties": { "anos_com_queima": 2, "area_ha": 8.1608949614374229, "inicio": 2011.0, "fim": 2025.0, "tipo": "recurrence", "id_feicao": "recurrence_2011_2025_898" }, "geometry": { "type": "Polygon", "coordinates": [ [ [ -45.004517756047093, -21.333730356440874 ], [ -45.004517756047093, -21.332652378099922 ], [ -45.002361799365211, -21.332652378099919 ], [ -45.002361799365119, -21.333758711369974 ], [ -45.002513, -21.333839 ], [ -45.002759, -21.333862 ], [ -45.002943, -21.333999999999893 ], [ -45.003177, -21.334091 ], [ -45.003397999999898, -21.334171 ], [ -45.003632, -21.33424 ], [ -45.003865, -21.334263 ], [ -45.003904908039935, -21.334269345831945 ], [ -45.003978766876621, -21.334269345611336 ], [ -45.003978766876621, -21.334281090199998 ], [ -45.004148, -21.334308 ], [ -45.004393999999898, -21.334387999999894 ], [ -45.004590999999898, -21.334515 ], [ -45.004658608481229, -21.334538846451558 ], [ -45.006764265025552, -21.334538848378106 ], [ -45.006814, -21.334522 ], [ -45.007047999999898, -21.334487 ], [ -45.007256, -21.334382999999896 ], [ -45.007502, -21.334336999999895 ], [ -45.007735, -21.334279 ], [ -45.007751691069927, -21.334273197538757 ], [ -45.007751691069927, -21.334269345611336 ], [ -45.007762771303923, -21.334269345619852 ], [ -45.007967999999899, -21.334198 ], [ -45.008021185655096, -21.33421716603652 ], [ -45.00802118565516, -21.333191367270402 ], [ -45.007482196484688, -21.333191367270398 ], [ -45.007482196484688, -21.332382883514693 ], [ -45.007212701899455, -21.332382883514683 ], [ -45.007212701899455, -21.33211338892945 ], [ -45.006943207314215, -21.332113388929447 ], [ -45.006943207314215, -21.331843894344214 ], [ -45.006673712728983, -21.331843894344221 ], [ -45.006673712728983, -21.331574399758981 ], [ -45.006404218143743, -21.331574399758985 ], [ -45.006404218143743, -21.333191367270402 ], [ -45.006673712728983, -21.333191367270395 ], [ -45.006673712728983, -21.334269345611336 ], [ -45.005595734388038, -21.334269345611347 ], [ -45.005595734388038, -21.333999851026103 ], [ -45.005056745217566, -21.3339998510261 ], [ -45.005056745217566, -21.333730356440874 ], [ -45.004517756047093, -21.333730356440874 ] ] ] } },
{ "type": "Feature", "properties": { "anos_com_queima": 2, "area_ha": 0.50012023720891852, "inicio": 2011.0, "fim": 2025.0, "tipo": "recurrence", "id_feicao": "recurrence_2011_2025_899" }, "geometry": { "type": "Polygon", "coordinates": [ [ [ -45.010446636922282, -21.332382883514683 ], [ -45.010446636922282, -21.332921872685166 ], [ -45.011255120677994, -21.332921872685162 ], [ -45.011255120677994, -21.332382883514686 ], [ -45.010446636922282, -21.332382883514683 ] ] ] } },
{ "type": "Feature", "properties": { "anos_com_queima": 2, "area_ha": 3.5842229473914951, "inicio": 2011.0, "fim": 2025.0, "tipo": "recurrence", "id_feicao": "recurrence_2011_2025_900" }, "geometry": { "type": "Polygon", "coordinates": [ [ [ -45.009368658581337, -21.330765916003276 ], [ -45.009099163996105, -21.330765916003276 ], [ -45.009099163996105, -21.33049642141804 ], [ -45.00802118565516, -21.330496421418044 ], [ -45.00802118565516, -21.332113388929457 ], [ -45.009638153166577, -21.332113388929454 ], [ -45.009638153166577, -21.332652378099926 ], [ -45.00990764775181, -21.332652378099922 ], [ -45.00990764775181, -21.332921872685159 ], [ -45.010177142337049, -21.332921872685166 ], [ -45.010177142337049, -21.331304905173749 ], [ -45.009368658581337, -21.331304905173742 ], [ -45.009368658581337, -21.330765916003276 ] ] ] } },
{ "type": "Feature", "properties": { "anos_com_queima": 2, "area_ha": 6.918411525590904, "inicio": 2011.0, "fim": 2025.0, "tipo": "recurrence", "id_feicao": "recurrence_2011_2025_901" }, "geometry": { "type": "Polygon", "coordinates": [ [ [ -45.00613472355851, -21.331035410588509 ], [ -45.005326239802812, -21.331035410588512 ], [ -45.005326239802812, -21.329687937662332 ], [ -45.00478725063234, -21.329687937662321 ], [ -45.00478725063234, -21.329957432247561 ], [ -45.002361799365211, -21.329957432247561 ], [ -45.002361799365211, -21.331574399758974 ], [ -45.002631293950451, -21.331574399758978 ], [ -45.002631293950451, -21.331843894344217 ], [ -45.005056745217566, -21.331843894344221 ], [ -45.005056745217566, -21.331574399758978 ], [ -45.00613472355851, -21.331574399758974 ], [ -45.00613472355851, -21.331035410588509 ] ] ] } },
{ "type": "Feature", "properties": { "anos_com_queima": 2, "area_ha": 3.8343191197661248, "inicio": 2011.0, "fim": 2025.0, "tipo": "recurrence", "id_feicao": "recurrence_2011_2025_902" }, "geometry": { "type": "Polygon", "coordinates": [ [ [ -45.011794109848466, -21.331304905173749 ], [ -45.011794109848466, -21.329957432247554 ], [ -45.011255120677994, -21.329957432247557 ], [ -45.011255120677994, -21.328879453906623 ], [ -45.010177142337049, -21.328879453906623 ], [ -45.010177142337049, -21.331304905173749 ], [ -45.011794109848466, -21.331304905173749 ] ] ] } },
{ "type": "Feature", "properties": { "anos_com_queima": 2, "area_ha": 2.7507292059437995, "inicio": 2011.0, "fim": 2025.0, "tipo": "recurrence", "id_feicao": "recurrence_2011_2025_903" }, "geometry": { "type": "Polygon", "coordinates": [ [ [ -45.015028044871293, -21.328340464736144 ], [ -45.015028044871293, -21.328609959321383 ], [ -45.012872088189404, -21.32860995932138 ], [ -45.012872088189404, -21.328879453906623 ], [ -45.015028044871293, -21.328879453906623 ], [ -45.015028044871293, -21.329687937662332 ], [ -45.016375517797471, -21.329687937662332 ], [ -45.016375517797471, -21.328340464736144 ], [ -45.015028044871293, -21.328340464736144 ] ] ] } },
{ "type": "Feature", "properties": { "anos_com_queima": 2, "area_ha": 0.083355690359379106, "inicio": 2011.0, "fim": 2025.0, "tipo": "recurrence", "id_feicao": "recurrence_2011_2025_904" }, "geometry": { "type": "Polygon", "coordinates": [ [ [ -45.00990764775181, -21.328340464736147 ], [ -45.00990764775181, -21.328609959321387 ], [ -45.010177142337049, -21.328609959321383 ], [ -45.010177142337049, -21.328340464736147 ], [ -45.00990764775181, -21.328340464736147 ] ] ] } },
{ "type": "Feature", "properties": { "anos_com_queima": 2, "area_ha": 0.25006796786300839, "inicio": 2011.0, "fim": 2025.0, "tipo": "recurrence", "id_feicao": "recurrence_2011_2025_905" }, "geometry": { "type": "Polygon", "coordinates": [ [ [ -45.009638153166577, -21.328340464736154 ], [ -45.00990764775181, -21.328340464736147 ], [ -45.00990764775181, -21.327531980980449 ], [ -45.009638153166577, -21.327531980980446 ], [ -45.009638153166577, -21.328340464736154 ] ] ] } },
{ "type": "Feature", "properties": { "anos_com_queima": 2, "area_ha": 0.25006796391727404, "inicio": 2011.0, "fim": 2025.0, "tipo": "recurrence", "id_feicao": "recurrence_2011_2025_906" }, "geometry": { "type": "Polygon", "coordinates": [ [ [ -45.005595734388038, -21.328070970150922 ], [ -45.006404218143743, -21.328070970150918 ], [ -45.006404218143743, -21.327801475565678 ], [ -45.005595734388038, -21.327801475565682 ], [ -45.005595734388038, -21.328070970150922 ] ] ] } },
{ "type": "Feature", "properties": { "anos_com_queima": 2, "area_ha": 0.16671242480396434, "inicio": 2011.0, "fim": 2025.0, "tipo": "recurrence", "id_feicao": "recurrence_2011_2025_907" }, "geometry": { "type": "Polygon", "coordinates": [ [ [ -45.006404218143743, -21.327262486395213 ], [ -45.006404218143743, -21.327801475565678 ], [ -45.006673712728983, -21.327801475565682 ], [ -45.006673712728983, -21.32726248639521 ], [ -45.006404218143743, -21.327262486395213 ] ] ] } },
{ "type": "Feature", "properties": { "anos_com_queima": 2, "area_ha": 0.16671257726859198, "inicio": 2011.0, "fim": 2025.0, "tipo": "recurrence", "id_feicao": "recurrence_2011_2025_908" }, "geometry": { "type": "Polygon", "coordinates": [ [ [ -45.010177142337049, -21.32726248639521 ], [ -45.010177142337049, -21.327531980980449 ], [ -45.010716131507522, -21.327531980980446 ], [ -45.010716131507522, -21.32726248639521 ], [ -45.010177142337049, -21.32726248639521 ] ] ] } },
{ "type": "Feature", "properties": { "anos_com_queima": 2, "area_ha": 0.08335658627413714, "inicio": 2011.0, "fim": 2025.0, "tipo": "recurrence", "id_feicao": "recurrence_2011_2025_909" }, "geometry": { "type": "Polygon", "coordinates": [ [ [ -45.006673712728983, -21.326723497224737 ], [ -45.006673712728983, -21.326992991809977 ], [ -45.006943207314215, -21.326992991809973 ], [ -45.006943207314215, -21.32672349722473 ], [ -45.006673712728983, -21.326723497224737 ] ] ] } },
{ "type": "Feature", "properties": { "anos_com_queima": 2, "area_ha": 0.083356885384581983, "inicio": 2011.0, "fim": 2025.0, "tipo": "recurrence", "id_feicao": "recurrence_2011_2025_910" }, "geometry": { "type": "Polygon", "coordinates": [ [ [ -45.006943207314215, -21.326454002639501 ], [ -45.007212701899455, -21.326454002639505 ], [ -45.007212701899455, -21.326184508054265 ], [ -45.006943207314215, -21.326184508054265 ], [ -45.006943207314215, -21.326454002639501 ] ] ] } },
{ "type": "Feature", "properties": { "anos_com_queima": 2, "area_ha": 0.16671407023007051, "inicio": 2011.0, "fim": 2025.0, "tipo": "recurrence", "id_feicao": "recurrence_2011_2025_911" }, "geometry": { "type": "Polygon", "coordinates": [ [ [ -45.007482196484688, -21.326184508054268 ], [ -45.00802118565516, -21.326184508054261 ], [ -45.00802118565516, -21.325915013469029 ], [ -45.007482196484688, -21.325915013469025 ], [ -45.007482196484688, -21.326184508054268 ] ] ] } },
{ "type": "Feature", "properties": { "anos_com_queima": 2, "area_ha": 0.16671467827902833, "inicio": 2011.0, "fim": 2025.0, "tipo": "recurrence", "id_feicao": "recurrence_2011_2025_912" }, "geometry": { "type": "Polygon", "coordinates": [ [ [ -45.01664501238271, -21.325376024298556 ], [ -45.01664501238271, -21.325645518883793 ], [ -45.017184001553183, -21.325645518883789 ], [ -45.017184001553183, -21.325376024298556 ], [ -45.01664501238271, -21.325376024298556 ] ] ] } },
{ "type": "Feature", "properties": { "anos_com_queima": 2, "area_ha": 0.41678741452018403, "inicio": 2011.0, "fim": 2025.0, "tipo": "recurrence", "id_feicao": "recurrence_2011_2025_913" }, "geometry": { "type": "Polygon", "coordinates": [ [ [ -45.004517756047093, -21.32510652971332 ], [ -45.004517756047093, -21.325376024298549 ], [ -45.005865228973271, -21.32537602429856 ], [ -45.005865228973271, -21.32510652971332 ], [ -45.004517756047093, -21.32510652971332 ] ] ] } },
{ "type": "Feature", "properties": { "anos_com_queima": 2, "area_ha": 0.33343063689499169, "inicio": 2011.0, "fim": 2025.0, "tipo": "recurrence", "id_feicao": "recurrence_2011_2025_914" }, "geometry": { "type": "Polygon", "coordinates": [ [ [ -45.017453496138415, -21.325376024298556 ], [ -45.017453496138415, -21.324837035128088 ], [ -45.017722990723655, -21.324837035128088 ], [ -45.017722990723655, -21.324567540542851 ], [ -45.017184001553183, -21.324567540542859 ], [ -45.017184001553183, -21.325376024298556 ], [ -45.017453496138415, -21.325376024298556 ] ] ] } },
{ "type": "Feature", "properties": { "anos_com_queima": 2, "area_ha": 13.670655223068874, "inicio": 2011.0, "fim": 2025.0, "tipo": "recurrence", "id_feicao": "recurrence_2011_2025_915" }, "geometry": { "type": "Polygon", "coordinates": [ [ [ -45.013141582774644, -21.323759056787146 ], [ -45.014219561115588, -21.323759056787139 ], [ -45.014219561115588, -21.324837035128084 ], [ -45.013141582774644, -21.324837035128084 ], [ -45.013141582774644, -21.324298045957612 ], [ -45.012872088189404, -21.324298045957612 ], [ -45.012872088189404, -21.32537602429856 ], [ -45.010716131507522, -21.325376024298556 ], [ -45.010716131507522, -21.325106529713313 ], [ -45.009099163996105, -21.32510652971332 ], [ -45.009099163996105, -21.325915013469025 ], [ -45.010177142337049, -21.325915013469022 ], [ -45.010177142337049, -21.326723497224744 ], [ -45.010985626092754, -21.326723497224734 ], [ -45.010985626092754, -21.327531980980446 ], [ -45.011255120677994, -21.327531980980442 ], [ -45.011255120677994, -21.326723497224741 ], [ -45.011524615263227, -21.326723497224734 ], [ -45.011524615263227, -21.325645518883789 ], [ -45.012602593604171, -21.325645518883789 ], [ -45.012602593604171, -21.326454002639501 ], [ -45.013141582774644, -21.326454002639501 ], [ -45.013141582774644, -21.326723497224734 ], [ -45.013680571945116, -21.326723497224737 ], [ -45.013680571945116, -21.326454002639498 ], [ -45.015028044871293, -21.326454002639501 ], [ -45.015028044871293, -21.325915013469025 ], [ -45.01664501238271, -21.325915013469029 ], [ -45.01664501238271, -21.325645518883793 ], [ -45.014758550286061, -21.325645518883789 ], [ -45.014758550286061, -21.323489562201903 ], [ -45.015028044871293, -21.323489562201907 ], [ -45.015028044871293, -21.322411583860958 ], [ -45.013950066530349, -21.322411583860962 ], [ -45.013950066530349, -21.322681078446195 ], [ -45.013680571945116, -21.322681078446202 ], [ -45.013680571945116, -21.323220067616674 ], [ -45.013141582774644, -21.323220067616671 ], [ -45.013141582774644, -21.322411583860962 ], [ -45.011524615263227, -21.322411583860955 ], [ -45.011524615263227, -21.32348956220191 ], [ -45.013141582774644, -21.323489562201907 ], [ -45.013141582774644, -21.323759056787146 ] ] ] } },
{ "type": "Feature", "properties": { "anos_com_queima": 2, "area_ha": 1.8338716000583022, "inicio": 2011.0, "fim": 2025.0, "tipo": "recurrence", "id_feicao": "recurrence_2011_2025_916" }, "geometry": { "type": "Polygon", "coordinates": [ [ [ -45.009099163996105, -21.324028551372376 ], [ -45.00802118565516, -21.324028551372379 ], [ -45.00802118565516, -21.324567540542848 ], [ -45.006673712728983, -21.324567540542855 ], [ -45.006673712728983, -21.325106529713317 ], [ -45.006943207314215, -21.32510652971332 ], [ -45.006943207314215, -21.324837035128088 ], [ -45.00802118565516, -21.324837035128084 ], [ -45.00802118565516, -21.32510652971332 ], [ -45.009099163996105, -21.32510652971332 ], [ -45.009099163996105, -21.324028551372376 ] ] ] } },
{ "type": "Feature", "properties": { "anos_com_queima": 2, "area_ha": 0.25007426211125305, "inicio": 2011.0, "fim": 2025.0, "tipo": "recurrence", "id_feicao": "recurrence_2011_2025_917" }, "geometry": { "type": "Polygon", "coordinates": [ [ [ -45.017722990723655, -21.323759056787143 ], [ -45.017722990723655, -21.324567540542851 ], [ -45.017992485308888, -21.324567540542848 ], [ -45.017992485308888, -21.323759056787139 ], [ -45.017722990723655, -21.323759056787143 ] ] ] } },
{ "type": "Feature", "properties": { "anos_com_queima": 2, "area_ha": 0.58350965699949064, "inicio": 2011.0, "fim": 2025.0, "tipo": "recurrence", "id_feicao": "recurrence_2011_2025_918" }, "geometry": { "type": "Polygon", "coordinates": [ [ [ -45.01826197989412, -21.323220067616667 ], [ -45.01826197989412, -21.323759056787143 ], [ -45.019070463649832, -21.323759056787139 ], [ -45.019070463649832, -21.322950573031427 ], [ -45.018800969064593, -21.322950573031427 ], [ -45.018800969064593, -21.323220067616667 ], [ -45.01826197989412, -21.323220067616667 ] ] ] } },
{ "type": "Feature", "properties": { "anos_com_queima": 2, "area_ha": 1.3337400890510636, "inicio": 2011.0, "fim": 2025.0, "tipo": "recurrence", "id_feicao": "recurrence_2011_2025_919" }, "geometry": { "type": "Polygon", "coordinates": [ [ [ -45.010177142337049, -21.322411583860966 ], [ -45.010177142337049, -21.323489562201903 ], [ -45.011255120677994, -21.323489562201903 ], [ -45.011255120677994, -21.322411583860962 ], [ -45.010177142337049, -21.322411583860966 ] ] ] } },
{ "type": "Feature", "properties": { "anos_com_queima": 2, "area_ha": 0.91694951815810055, "inicio": 2011.0, "fim": 2025.0, "tipo": "recurrence", "id_feicao": "recurrence_2011_2025_920" }, "geometry": { "type": "Polygon", "coordinates": [ [ [ -45.017184001553183, -21.322681078446202 ], [ -45.01664501238271, -21.322681078446202 ], [ -45.01664501238271, -21.322142089275729 ], [ -45.015836528626998, -21.322142089275726 ], [ -45.015836528626998, -21.322950573031431 ], [ -45.017184001553183, -21.322950573031427 ], [ -45.017184001553183, -21.322681078446202 ] ] ] } },
{ "type": "Feature", "properties": { "anos_com_queima": 2, "area_ha": 0.33343890831479805, "inicio": 2011.0, "fim": 2025.0, "tipo": "recurrence", "id_feicao": "recurrence_2011_2025_921" }, "geometry": { "type": "Polygon", "coordinates": [ [ [ -45.00990764775181, -21.321333605520021 ], [ -45.010985626092754, -21.321333605520014 ], [ -45.010985626092754, -21.321064110934785 ], [ -45.00990764775181, -21.321064110934792 ], [ -45.00990764775181, -21.321333605520021 ] ] ] } },
{ "type": "Feature", "properties": { "anos_com_queima": 2, "area_ha": 2.8342564183430685, "inicio": 2011.0, "fim": 2025.0, "tipo": "recurrence", "id_feicao": "recurrence_2011_2025_922" }, "geometry": { "type": "Polygon", "coordinates": [ [ [ -45.009638153166577, -21.320255627179076 ], [ -45.009638153166577, -21.31998613259384 ], [ -45.009368658581337, -21.319986132593836 ], [ -45.009368658581337, -21.319716638008607 ], [ -45.009099163996105, -21.3197166380086 ], [ -45.009099163996105, -21.318908154252892 ], [ -45.00802118565516, -21.318908154252899 ], [ -45.00802118565516, -21.319177648838135 ], [ -45.007751691069927, -21.319177648838135 ], [ -45.007751691069927, -21.320525121764316 ], [ -45.00802118565516, -21.320525121764309 ], [ -45.00802118565516, -21.320794616349549 ], [ -45.008829669410872, -21.320794616349545 ], [ -45.008829669410872, -21.320255627179069 ], [ -45.009638153166577, -21.320255627179076 ] ] ] } },
{ "type": "Feature", "properties": { "anos_com_queima": 2, "area_ha": 1.4171359645771564, "inicio": 2011.0, "fim": 2025.0, "tipo": "recurrence", "id_feicao": "recurrence_2011_2025_923" }, "geometry": { "type": "Polygon", "coordinates": [ [ [ -45.017453496138415, -21.319716638008597 ], [ -45.017453496138415, -21.31998613259384 ], [ -45.019878947405537, -21.319986132593836 ], [ -45.019878947405537, -21.319177648838128 ], [ -45.018800969064593, -21.319177648838131 ], [ -45.018800969064593, -21.319716638008604 ], [ -45.017453496138415, -21.319716638008597 ] ] ] } },
{ "type": "Feature", "properties": { "anos_com_queima": 2, "area_ha": 7.2523817361113743, "inicio": 2011.0, "fim": 2025.0, "tipo": "recurrence", "id_feicao": "recurrence_2011_2025_924" }, "geometry": { "type": "Polygon", "coordinates": [ [ [ -45.015836528626998, -21.321064110934781 ], [ -45.015836528626998, -21.320525121764305 ], [ -45.016375517797471, -21.320525121764319 ], [ -45.016375517797471, -21.319716638008607 ], [ -45.017453496138415, -21.319716638008597 ], [ -45.017453496138415, -21.318099670497187 ], [ -45.015836528626998, -21.318099670497197 ], [ -45.015836528626998, -21.318369165082423 ], [ -45.014758550286061, -21.318369165082423 ], [ -45.014758550286061, -21.318908154252899 ], [ -45.014489055700821, -21.318908154252899 ], [ -45.014489055700821, -21.320794616349549 ], [ -45.015297539456526, -21.320794616349552 ], [ -45.015297539456526, -21.321064110934774 ], [ -45.015836528626998, -21.321064110934781 ] ] ] } },
{ "type": "Feature", "properties": { "anos_com_queima": 2, "area_ha": 0.25008412952795622, "inicio": 2011.0, "fim": 2025.0, "tipo": "recurrence", "id_feicao": "recurrence_2011_2025_925" }, "geometry": { "type": "Polygon", "coordinates": [ [ [ -45.01853147447936, -21.318638659667666 ], [ -45.018800969064593, -21.318638659667656 ], [ -45.018800969064593, -21.317830175911947 ], [ -45.01853147447936, -21.317830175911947 ], [ -45.01853147447936, -21.318638659667666 ] ] ] } },
{ "type": "Feature", "properties": { "anos_com_queima": 2, "area_ha": 0.41680782397156579, "inicio": 2011.0, "fim": 2025.0, "tipo": "recurrence", "id_feicao": "recurrence_2011_2025_926" }, "geometry": { "type": "Polygon", "coordinates": [ [ [ -45.017722990723655, -21.317830175911954 ], [ -45.01853147447936, -21.317830175911947 ], [ -45.01853147447936, -21.317560681326718 ], [ -45.017453496138415, -21.317560681326718 ], [ -45.017453496138415, -21.318099670497187 ], [ -45.017722990723655, -21.31809967049719 ], [ -45.017722990723655, -21.317830175911954 ] ] ] } },
{ "type": "Feature", "properties": { "anos_com_queima": 2, "area_ha": 10.503835306530288, "inicio": 2011.0, "fim": 2025.0, "tipo": "recurrence", "id_feicao": "recurrence_2011_2025_927" }, "geometry": { "type": "Polygon", "coordinates": [ [ [ -45.011524615263227, -21.312709778792478 ], [ -45.011524615263227, -21.314865735474353 ], [ -45.015028044871293, -21.314865735474363 ], [ -45.015028044871293, -21.315674219230065 ], [ -45.015836528626998, -21.315674219230061 ], [ -45.015836528626998, -21.315404724644829 ], [ -45.016375517797471, -21.315404724644843 ], [ -45.016375517797471, -21.314326746303887 ], [ -45.017722990723655, -21.31432674630388 ], [ -45.017722990723655, -21.314057251718644 ], [ -45.017992485308888, -21.314057251718641 ], [ -45.017992485308888, -21.31297927337771 ], [ -45.017184001553183, -21.312979273377703 ], [ -45.017184001553183, -21.312440284207231 ], [ -45.01664501238271, -21.312440284207234 ], [ -45.01664501238271, -21.313518262548172 ], [ -45.014489055700821, -21.313518262548182 ], [ -45.014489055700821, -21.314057251718655 ], [ -45.012602593604171, -21.314057251718648 ], [ -45.012602593604171, -21.313248767962946 ], [ -45.011794109848466, -21.313248767962943 ], [ -45.011794109848466, -21.312709778792474 ], [ -45.011524615263227, -21.312709778792478 ] ] ] } },
{ "type": "Feature", "properties": { "anos_com_queima": 2, "area_ha": 7.1694162831229153, "inicio": 2011.0, "fim": 2025.0, "tipo": "recurrence", "id_feicao": "recurrence_2011_2025_928" }, "geometry": { "type": "Polygon", "coordinates": [ [ [ -45.016375517797471, -21.311901295036769 ], [ -45.016914506967943, -21.311901295036765 ], [ -45.016914506967943, -21.312170789622002 ], [ -45.017184001553183, -21.312170789621995 ], [ -45.017184001553183, -21.31109281128105 ], [ -45.016914506967943, -21.31109281128106 ], [ -45.016914506967943, -21.310823316695821 ], [ -45.015567034041766, -21.310823316695821 ], [ -45.015567034041766, -21.309475843769636 ], [ -45.015028044871293, -21.309475843769633 ], [ -45.015028044871293, -21.310823316695824 ], [ -45.013141582774644, -21.310823316695817 ], [ -45.013141582774644, -21.31109281128105 ], [ -45.012063604433699, -21.31109281128105 ], [ -45.012063604433699, -21.312170789621998 ], [ -45.014758550286061, -21.312170789622002 ], [ -45.014758550286061, -21.311631800451533 ], [ -45.016375517797471, -21.311631800451536 ], [ -45.016375517797471, -21.311901295036769 ] ] ] } },
{ "type": "Feature", "properties": { "anos_com_queima": 2, "area_ha": 2.0007980312137863, "inicio": 2011.0, "fim": 2025.0, "tipo": "recurrence", "id_feicao": "recurrence_2011_2025_929" }, "geometry": { "type": "Polygon", "coordinates": [ [ [ -45.015297539456526, -21.308397865428692 ], [ -45.014219561115588, -21.308397865428702 ], [ -45.014219561115588, -21.308128370843455 ], [ -45.013680571945116, -21.308128370843466 ], [ -45.013680571945116, -21.3092063491844 ], [ -45.013950066530349, -21.309206349184404 ], [ -45.013950066530349, -21.309475843769636 ], [ -45.015028044871293, -21.309475843769633 ], [ -45.015028044871293, -21.308936854599178 ], [ -45.015567034041766, -21.308936854599171 ], [ -45.015567034041766, -21.308667360013935 ], [ -45.015297539456526, -21.308667360013928 ], [ -45.015297539456526, -21.308397865428692 ] ] ] } },
{ "type": "Feature", "properties": { "anos_com_queima": 2, "area_ha": 1.0841438369212362, "inicio": 2011.0, "fim": 2025.0, "tipo": "recurrence", "id_feicao": "recurrence_2011_2025_930" }, "geometry": { "type": "Polygon", "coordinates": [ [ [ -45.01826197989412, -21.255576926722476 ], [ -45.01826197989412, -21.256115915892941 ], [ -45.016914506967943, -21.256115915892945 ], [ -45.016914506967943, -21.256385410478185 ], [ -45.017184001553183, -21.256385410478167 ], [ -45.017184001553183, -21.256654905063414 ], [ -45.01853147447936, -21.25665490506341 ], [ -45.01853147447936, -21.255576926722465 ], [ -45.01826197989412, -21.255576926722476 ] ] ] } },
{ "type": "Feature", "properties": { "anos_com_queima": 2, "area_ha": 0.58377454488091174, "inicio": 2011.0, "fim": 2025.0, "tipo": "recurrence", "id_feicao": "recurrence_2011_2025_931" }, "geometry": { "type": "Polygon", "coordinates": [ [ [ -45.017184001553183, -21.255307432137236 ], [ -45.016914506967943, -21.255307432137236 ], [ -45.016914506967943, -21.255576926722473 ], [ -45.01826197989412, -21.255576926722476 ], [ -45.01826197989412, -21.255307432137243 ], [ -45.017722990723655, -21.25530743213724 ], [ -45.017722990723655, -21.255037937552004 ], [ -45.017184001553183, -21.255037937552004 ], [ -45.017184001553183, -21.255307432137236 ] ] ] } },
{ "type": "Feature", "properties": { "anos_com_queima": 2, "area_ha": 1.1675512319974601, "inicio": 2011.0, "fim": 2025.0, "tipo": "recurrence", "id_feicao": "recurrence_2011_2025_932" }, "geometry": { "type": "Polygon", "coordinates": [ [ [ -45.01826197989412, -21.255307432137243 ], [ -45.018800969064593, -21.255307432137236 ], [ -45.018800969064593, -21.254229453796295 ], [ -45.017722990723655, -21.254229453796281 ], [ -45.017722990723655, -21.255037937552004 ], [ -45.01826197989412, -21.255037937552007 ], [ -45.01826197989412, -21.255307432137243 ] ] ] } },
{ "type": "Feature", "properties": { "anos_com_queima": 2, "area_ha": 0.083410744632681069, "inicio": 2011.0, "fim": 2025.0, "tipo": "recurrence", "id_feicao": "recurrence_2011_2025_933" }, "geometry": { "type": "Polygon", "coordinates": [ [ [ -45.015567034041766, -21.22889696278412 ], [ -45.015567034041766, -21.229166457369359 ], [ -45.015836528626998, -21.229166457369359 ], [ -45.015836528626998, -21.228896962784123 ], [ -45.015567034041766, -21.22889696278412 ] ] ] } },
{ "type": "Feature", "properties": { "anos_com_queima": 2, "area_ha": 1.0843408107791406, "inicio": 2011.0, "fim": 2025.0, "tipo": "recurrence", "id_feicao": "recurrence_2011_2025_934" }, "geometry": { "type": "Polygon", "coordinates": [ [ [ -45.014758550286061, -21.229435951954589 ], [ -45.014758550286061, -21.229166457369356 ], [ -45.014489055700821, -21.229166457369359 ], [ -45.014489055700821, -21.228357973613651 ], [ -45.013680571945116, -21.228357973613647 ], [ -45.013680571945116, -21.229435951954592 ], [ -45.014758550286061, -21.229435951954589 ] ] ] } },
{ "type": "Feature", "properties": { "anos_com_queima": 2, "area_ha": 0.16682179083220561, "inicio": 2011.0, "fim": 2025.0, "tipo": "recurrence", "id_feicao": "recurrence_2011_2025_935" }, "geometry": { "type": "Polygon", "coordinates": [ [ [ -45.017992485308888, -21.228627468198884 ], [ -45.017992485308888, -21.228896962784116 ], [ -45.01853147447936, -21.22889696278412 ], [ -45.01853147447936, -21.228627468198887 ], [ -45.017992485308888, -21.228627468198884 ] ] ] } },
{ "type": "Feature", "properties": { "anos_com_queima": 2, "area_ha": 0.25023268218906597, "inicio": 2011.0, "fim": 2025.0, "tipo": "recurrence", "id_feicao": "recurrence_2011_2025_936" }, "geometry": { "type": "Polygon", "coordinates": [ [ [ -45.016106023212238, -21.228896962784116 ], [ -45.016914506967943, -21.22889696278412 ], [ -45.016914506967943, -21.228627468198887 ], [ -45.016106023212238, -21.228627468198887 ], [ -45.016106023212238, -21.228896962784116 ] ] ] } },
{ "type": "Feature", "properties": { "anos_com_queima": 2, "area_ha": 0.083411339309811594, "inicio": 2011.0, "fim": 2025.0, "tipo": "recurrence", "id_feicao": "recurrence_2011_2025_937" }, "geometry": { "type": "Polygon", "coordinates": [ [ [ -45.014489055700821, -21.228088479028415 ], [ -45.014758550286061, -21.228088479028415 ], [ -45.014758550286061, -21.227818984443179 ], [ -45.014489055700821, -21.227818984443179 ], [ -45.014489055700821, -21.228088479028415 ] ] ] } },
{ "type": "Feature", "properties": { "anos_com_queima": 2, "area_ha": 0.16682327563546345, "inicio": 2011.0, "fim": 2025.0, "tipo": "recurrence", "id_feicao": "recurrence_2011_2025_938" }, "geometry": { "type": "Polygon", "coordinates": [ [ [ -45.015567034041766, -21.227279995272706 ], [ -45.015567034041766, -21.227549489857942 ], [ -45.016106023212238, -21.227549489857946 ], [ -45.016106023212238, -21.227279995272703 ], [ -45.015567034041766, -21.227279995272706 ] ] ] } },
{ "type": "Feature", "properties": { "anos_com_queima": 2, "area_ha": 0.75070593246951323, "inicio": 2011.0, "fim": 2025.0, "tipo": "recurrence", "id_feicao": "recurrence_2011_2025_939" }, "geometry": { "type": "Polygon", "coordinates": [ [ [ -45.016106023212238, -21.22674100610223 ], [ -45.016106023212238, -21.227279995272703 ], [ -45.01664501238271, -21.227279995272703 ], [ -45.01664501238271, -21.227549489857942 ], [ -45.016914506967943, -21.227549489857946 ], [ -45.016914506967943, -21.227279995272706 ], [ -45.017184001553183, -21.22727999527271 ], [ -45.017184001553183, -21.226741006102227 ], [ -45.016106023212238, -21.22674100610223 ] ] ] } },
{ "type": "Feature", "properties": { "anos_com_queima": 2, "area_ha": 0.66731510265241578, "inicio": 2011.0, "fim": 2025.0, "tipo": "recurrence", "id_feicao": "recurrence_2011_2025_940" }, "geometry": { "type": "Polygon", "coordinates": [ [ [ -45.009638153166577, -21.222159598153215 ], [ -45.009638153166577, -21.222698587323695 ], [ -45.010716131507522, -21.222698587323698 ], [ -45.010716131507522, -21.222159598153219 ], [ -45.009638153166577, -21.222159598153215 ] ] ] } },
{ "type": "Feature", "properties": { "anos_com_queima": 2, "area_ha": 0.3336626027751714, "inicio": 2011.0, "fim": 2025.0, "tipo": "recurrence", "id_feicao": "recurrence_2011_2025_941" }, "geometry": { "type": "Polygon", "coordinates": [ [ [ -45.003439777706149, -21.220273136056569 ], [ -45.004517756047093, -21.220273136056573 ], [ -45.004517756047093, -21.220003641471337 ], [ -45.003439777706149, -21.220003641471333 ], [ -45.003439777706149, -21.220273136056569 ] ] ] } },
{ "type": "Feature", "properties": { "anos_com_queima": 2, "area_ha": 2.6693314808309077, "inicio": 2011.0, "fim": 2025.0, "tipo": "recurrence", "id_feicao": "recurrence_2011_2025_942" }, "geometry": { "type": "Polygon", "coordinates": [ [ [ -45.00802118565516, -21.217847684789447 ], [ -45.007482196484688, -21.217847684789447 ], [ -45.007482196484688, -21.218656168545159 ], [ -45.005595734388038, -21.218656168545163 ], [ -45.005595734388038, -21.219734146886097 ], [ -45.005865228973271, -21.2197341468861 ], [ -45.005865228973271, -21.219195157715635 ], [ -45.008560174825632, -21.219195157715635 ], [ -45.008560174825632, -21.21838667395992 ], [ -45.00802118565516, -21.21838667395992 ], [ -45.00802118565516, -21.217847684789447 ] ] ] } },
{ "type": "Feature", "properties": { "anos_com_queima": 2, "area_ha": 0.33366588206185954, "inicio": 2011.0, "fim": 2025.0, "tipo": "recurrence", "id_feicao": "recurrence_2011_2025_943" }, "geometry": { "type": "Polygon", "coordinates": [ [ [ -45.008829669410872, -21.21838667395992 ], [ -45.008829669410872, -21.218925663130399 ], [ -45.009368658581337, -21.218925663130392 ], [ -45.009368658581337, -21.21838667395992 ], [ -45.008829669410872, -21.21838667395992 ] ] ] } },
{ "type": "Feature", "properties": { "anos_com_queima": 2, "area_ha": 0.33366855435265941, "inicio": 2011.0, "fim": 2025.0, "tipo": "recurrence", "id_feicao": "recurrence_2011_2025_944" }, "geometry": { "type": "Polygon", "coordinates": [ [ [ -45.003709272291395, -21.217308695618978 ], [ -45.003709272291395, -21.217578190204208 ], [ -45.00478725063234, -21.217578190204211 ], [ -45.00478725063234, -21.217308695618975 ], [ -45.003709272291395, -21.217308695618978 ] ] ] } },
{ "type": "Feature", "properties": { "anos_com_queima": 2, "area_ha": 0.083417288641994949, "inicio": 2011.0, "fim": 2025.0, "tipo": "recurrence", "id_feicao": "recurrence_2011_2025_945" }, "geometry": { "type": "Polygon", "coordinates": [ [ [ -45.008560174825632, -21.217039201033742 ], [ -45.008560174825632, -21.217308695618971 ], [ -45.008829669410872, -21.217308695618982 ], [ -45.008829669410872, -21.217039201033735 ], [ -45.008560174825632, -21.217039201033742 ] ] ] } },
{ "type": "Feature", "properties": { "anos_com_queima": 2, "area_ha": 4.5879610356038434, "inicio": 2011.0, "fim": 2025.0, "tipo": "recurrence", "id_feicao": "recurrence_2011_2025_946" }, "geometry": { "type": "Polygon", "coordinates": [ [ [ -45.005595734388038, -21.217847684789458 ], [ -45.007482196484688, -21.217847684789447 ], [ -45.007482196484688, -21.216769706448503 ], [ -45.006943207314215, -21.216769706448495 ], [ -45.006943207314215, -21.215961222692794 ], [ -45.006404218143743, -21.215961222692801 ], [ -45.006404218143743, -21.215422233522329 ], [ -45.005595734388038, -21.215422233522332 ], [ -45.005595734388038, -21.217578190204222 ], [ -45.00478725063234, -21.217578190204211 ], [ -45.00478725063234, -21.217847684789451 ], [ -45.005056745217566, -21.217847684789454 ], [ -45.005056745217566, -21.218117179374683 ], [ -45.005326239802812, -21.218117179374687 ], [ -45.005326239802812, -21.218386673959923 ], [ -45.005595734388038, -21.218386673959923 ], [ -45.005595734388038, -21.217847684789458 ] ] ] } },
{ "type": "Feature", "properties": { "anos_com_queima": 2, "area_ha": 1.4181228616670705, "inicio": 2011.0, "fim": 2025.0, "tipo": "recurrence", "id_feicao": "recurrence_2011_2025_947" }, "geometry": { "type": "Polygon", "coordinates": [ [ [ -45.00478725063234, -21.21326627684045 ], [ -45.004517756047093, -21.213266276840436 ], [ -45.004517756047093, -21.214613749766617 ], [ -45.003978766876621, -21.21461374976662 ], [ -45.003978766876621, -21.214883244351856 ], [ -45.005595734388038, -21.214883244351856 ], [ -45.005595734388038, -21.214344255181377 ], [ -45.005056745217566, -21.214344255181377 ], [ -45.005056745217566, -21.213535771425676 ], [ -45.00478725063234, -21.213535771425676 ], [ -45.00478725063234, -21.21326627684045 ] ] ] } },
{ "type": "Feature", "properties": { "anos_com_queima": 2, "area_ha": 0.25025944839519232, "inicio": 2011.0, "fim": 2025.0, "tipo": "recurrence", "id_feicao": "recurrence_2011_2025_948" }, "geometry": { "type": "Polygon", "coordinates": [ [ [ -45.003439777706149, -21.212188298499491 ], [ -45.003439777706149, -21.21299678225521 ], [ -45.003709272291395, -21.2129967822552 ], [ -45.003709272291395, -21.212188298499495 ], [ -45.003439777706149, -21.212188298499491 ] ] ] } },
{ "type": "Feature", "properties": { "anos_com_queima": 2, "area_ha": 0.5005246980791912, "inicio": 2011.0, "fim": 2025.0, "tipo": "recurrence", "id_feicao": "recurrence_2011_2025_949" }, "geometry": { "type": "Polygon", "coordinates": [ [ [ -45.003709272291395, -21.211110320158557 ], [ -45.004517756047093, -21.21111032015855 ], [ -45.004517756047093, -21.210571330988074 ], [ -45.003709272291395, -21.210571330988078 ], [ -45.003709272291395, -21.211110320158557 ] ] ] } },
{ "type": "Feature", "properties": { "anos_com_queima": 2, "area_ha": 8.2596464178989635, "inicio": 2011.0, "fim": 2025.0, "tipo": "recurrence", "id_feicao": "recurrence_2011_2025_950" }, "geometry": { "type": "Polygon", "coordinates": [ [ [ -45.007212701899455, -21.191437215436334 ], [ -45.003709272291395, -21.191437215436341 ], [ -45.003709272291395, -21.192515193777272 ], [ -45.005056745217566, -21.192515193777275 ], [ -45.005056745217566, -21.193323677532991 ], [ -45.006673712728983, -21.193323677532987 ], [ -45.006673712728983, -21.193593172118227 ], [ -45.00802118565516, -21.193593172118224 ], [ -45.00802118565516, -21.191706710021574 ], [ -45.007212701899455, -21.191706710021574 ], [ -45.007212701899455, -21.191437215436334 ] ] ] } },
{ "type": "Feature", "properties": { "anos_com_queima": 2, "area_ha": 0.08329925116644285, "inicio": 2011.0, "fim": 2025.0, "tipo": "recurrence", "id_feicao": "recurrence_2011_2025_951" }, "geometry": { "type": "Polygon", "coordinates": [ [ [ -44.990773532200066, -21.336964291463694 ], [ -44.990773532200066, -21.33723378604892 ], [ -44.991031790105126, -21.337233786057567 ], [ -44.991043026785299, -21.337225775210921 ], [ -44.991043026785299, -21.336964291463698 ], [ -44.990773532200066, -21.336964291463694 ] ] ] } },
{ "type": "Feature", "properties": { "anos_com_queima": 2, "area_ha": 6.5014297893419863, "inicio": 2011.0, "fim": 2025.0, "tipo": "recurrence", "id_feicao": "recurrence_2011_2025_952" }, "geometry": { "type": "Polygon", "coordinates": [ [ [ -44.990773532200066, -21.33534732395227 ], [ -44.988887070103416, -21.335347323952274 ], [ -44.988887070103416, -21.334538840196579 ], [ -44.987809091762472, -21.334538840196569 ], [ -44.987809091762472, -21.336964291463701 ], [ -44.990773532200066, -21.336964291463694 ], [ -44.990773532200066, -21.33534732395227 ] ] ] } },
{ "type": "Feature", "properties": { "anos_com_queima": 2, "area_ha": 0.083351951240841299, "inicio": 2011.0, "fim": 2025.0, "tipo": "recurrence", "id_feicao": "recurrence_2011_2025_953" }, "geometry": { "type": "Polygon", "coordinates": [ [ [ -44.990773532200066, -21.33534732395227 ], [ -44.991043026785299, -21.335347323952291 ], [ -44.991043026785299, -21.335077829367044 ], [ -44.990773532200066, -21.335077829367048 ], [ -44.990773532200066, -21.33534732395227 ] ] ] } },
{ "type": "Feature", "properties": { "anos_com_queima": 2, "area_ha": 0.47765386789415315, "inicio": 2011.0, "fim": 2025.0, "tipo": "recurrence", "id_feicao": "recurrence_2011_2025_954" }, "geometry": { "type": "Polygon", "coordinates": [ [ [ -44.991582015955771, -21.333730356440871 ], [ -44.991582015955771, -21.333999851026103 ], [ -44.991312521370538, -21.3339998510261 ], [ -44.991312521370538, -21.334269345611343 ], [ -44.991043026785299, -21.334269345611336 ], [ -44.991043026785299, -21.334538840196572 ], [ -44.991737111982779, -21.33453884043276 ], [ -44.991745, -21.33448 ], [ -44.991795, -21.334261 ], [ -44.991869, -21.333986 ], [ -44.991913382536694, -21.333730356645518 ], [ -44.991582015955771, -21.333730356440871 ] ] ] } },
{ "type": "Feature", "properties": { "anos_com_queima": 2, "area_ha": 0.33341467761165006, "inicio": 2011.0, "fim": 2025.0, "tipo": "recurrence", "id_feicao": "recurrence_2011_2025_955" }, "geometry": { "type": "Polygon", "coordinates": [ [ [ -45.001283821024266, -21.331574399758967 ], [ -45.001283821024266, -21.332652378099919 ], [ -45.001553315609506, -21.332652378099919 ], [ -45.001553315609506, -21.331574399758981 ], [ -45.001283821024266, -21.331574399758967 ] ] ] } },
{ "type": "Feature", "properties": { "anos_com_queima": 2, "area_ha": 0.66683631698838086, "inicio": 2011.0, "fim": 2025.0, "tipo": "recurrence", "id_feicao": "recurrence_2011_2025_956" }, "geometry": { "type": "Polygon", "coordinates": [ [ [ -45.001553315609506, -21.329957432247564 ], [ -45.001553315609506, -21.331574399758981 ], [ -45.001822810194739, -21.331574399758985 ], [ -45.001822810194739, -21.329687937662332 ], [ -45.001283821024266, -21.329687937662328 ], [ -45.001283821024266, -21.329957432247561 ], [ -45.001553315609506, -21.329957432247564 ] ] ] } },
{ "type": "Feature", "properties": { "anos_com_queima": 2, "area_ha": 3.5842698938858537, "inicio": 2011.0, "fim": 2025.0, "tipo": "recurrence", "id_feicao": "recurrence_2011_2025_957" }, "geometry": { "type": "Polygon", "coordinates": [ [ [ -44.998588875171905, -21.329148948491852 ], [ -44.998588875171905, -21.32860995932139 ], [ -44.996971907660487, -21.32860995932139 ], [ -44.996971907660487, -21.329418443077088 ], [ -44.999397358927617, -21.329418443077088 ], [ -44.999397358927617, -21.330226926832804 ], [ -44.999666853512849, -21.3302269268328 ], [ -44.999666853512849, -21.330496421418044 ], [ -45.000744831853794, -21.330496421418037 ], [ -45.000744831853794, -21.329687937662335 ], [ -45.001014326439034, -21.329687937662325 ], [ -45.001014326439034, -21.329148948491856 ], [ -44.998588875171905, -21.329148948491852 ] ], [ [ -44.999666853512849, -21.329687937662335 ], [ -44.999666853512849, -21.329418443077099 ], [ -45.000744831853794, -21.329418443077085 ], [ -45.000744831853794, -21.329687937662335 ], [ -44.999666853512849, -21.329687937662335 ] ] ] } },
{ "type": "Feature", "properties": { "anos_com_queima": 2, "area_ha": 2.0005508694391696, "inicio": 2011.0, "fim": 2025.0, "tipo": "recurrence", "id_feicao": "recurrence_2011_2025_958" }, "geometry": { "type": "Polygon", "coordinates": [ [ [ -44.999127864342377, -21.327801475565678 ], [ -45.001283821024266, -21.327801475565678 ], [ -45.001283821024266, -21.326992991809973 ], [ -44.999127864342377, -21.326992991809977 ], [ -44.999127864342377, -21.327801475565678 ] ] ] } },
{ "type": "Feature", "properties": { "anos_com_queima": 2, "area_ha": 2.0005576928322775, "inicio": 2011.0, "fim": 2025.0, "tipo": "recurrence", "id_feicao": "recurrence_2011_2025_959" }, "geometry": { "type": "Polygon", "coordinates": [ [ [ -44.99751089683096, -21.327531980980446 ], [ -44.99751089683096, -21.326454002639501 ], [ -44.99589392931955, -21.326454002639501 ], [ -44.99589392931955, -21.326992991809973 ], [ -44.995085445563838, -21.326992991809973 ], [ -44.995085445563838, -21.32726248639521 ], [ -44.996971907660487, -21.327262486395213 ], [ -44.996971907660487, -21.327801475565682 ], [ -44.997241402245727, -21.327801475565682 ], [ -44.997241402245727, -21.327531980980439 ], [ -44.99751089683096, -21.327531980980446 ] ] ] } },
{ "type": "Feature", "properties": { "anos_com_queima": 2, "area_ha": 0.16671332113653439, "inicio": 2011.0, "fim": 2025.0, "tipo": "recurrence", "id_feicao": "recurrence_2011_2025_960" }, "geometry": { "type": "Polygon", "coordinates": [ [ [ -44.994815950978605, -21.326454002639505 ], [ -44.994815950978605, -21.326992991809973 ], [ -44.995085445563838, -21.326992991809973 ], [ -44.995085445563838, -21.326454002639505 ], [ -44.994815950978605, -21.326454002639505 ] ] ] } },
{ "type": "Feature", "properties": { "anos_com_queima": 2, "area_ha": 2.8341218780111888, "inicio": 2011.0, "fim": 2025.0, "tipo": "recurrence", "id_feicao": "recurrence_2011_2025_961" }, "geometry": { "type": "Polygon", "coordinates": [ [ [ -45.003439777706149, -21.328070970150918 ], [ -45.003439777706149, -21.326454002639501 ], [ -45.003709272291395, -21.326454002639501 ], [ -45.003709272291395, -21.325915013469022 ], [ -45.003978766876621, -21.325915013469029 ], [ -45.003978766876621, -21.325376024298556 ], [ -45.003439777706149, -21.32537602429856 ], [ -45.003439777706149, -21.325645518883793 ], [ -45.003170283120923, -21.325645518883793 ], [ -45.003170283120923, -21.327262486395206 ], [ -45.001553315609506, -21.327262486395213 ], [ -45.001553315609506, -21.327801475565678 ], [ -45.001283821024266, -21.327801475565678 ], [ -45.001283821024266, -21.328070970150911 ], [ -45.003439777706149, -21.328070970150918 ] ] ] } },
{ "type": "Feature", "properties": { "anos_com_queima": 2, "area_ha": 0.50014175688400864, "inicio": 2011.0, "fim": 2025.0, "tipo": "recurrence", "id_feicao": "recurrence_2011_2025_962" }, "geometry": { "type": "Polygon", "coordinates": [ [ [ -44.995085445563838, -21.326454002639505 ], [ -44.99589392931955, -21.326454002639501 ], [ -44.99589392931955, -21.325915013469032 ], [ -44.995085445563838, -21.325915013469029 ], [ -44.995085445563838, -21.326454002639505 ] ] ] } },
{ "type": "Feature", "properties": { "anos_com_queima": 2, "area_ha": 0.33342783655188979, "inicio": 2011.0, "fim": 2025.0, "tipo": "recurrence", "id_feicao": "recurrence_2011_2025_963" }, "geometry": { "type": "Polygon", "coordinates": [ [ [ -44.99751089683096, -21.326454002639501 ], [ -44.998049886001432, -21.326454002639501 ], [ -44.998049886001432, -21.325915013469029 ], [ -44.99751089683096, -21.325915013469025 ], [ -44.99751089683096, -21.326454002639501 ] ] ] } },
{ "type": "Feature", "properties": { "anos_com_queima": 2, "area_ha": 7.3355153157865596, "inicio": 2011.0, "fim": 2025.0, "tipo": "recurrence", "id_feicao": "recurrence_2011_2025_964" }, "geometry": { "type": "Polygon", "coordinates": [ [ [ -44.998319380586672, -21.324028551372386 ], [ -44.998319380586672, -21.324567540542848 ], [ -44.998049886001432, -21.324567540542848 ], [ -44.998049886001432, -21.325915013469029 ], [ -44.998319380586672, -21.325915013469029 ], [ -44.998319380586672, -21.326723497224737 ], [ -44.998858369757144, -21.326723497224737 ], [ -44.998858369757144, -21.32699299180997 ], [ -44.999127864342377, -21.326992991809977 ], [ -44.999127864342377, -21.325645518883793 ], [ -44.999397358927617, -21.325645518883782 ], [ -44.999397358927617, -21.324837035128088 ], [ -44.999666853512849, -21.324837035128095 ], [ -44.999666853512849, -21.324028551372376 ], [ -45.000205842683322, -21.324028551372379 ], [ -45.000205842683322, -21.322411583860966 ], [ -45.001014326439034, -21.322411583860969 ], [ -45.001014326439034, -21.321333605520017 ], [ -44.999936348098089, -21.321333605520014 ], [ -44.999936348098089, -21.322681078446195 ], [ -44.999127864342377, -21.322681078446198 ], [ -44.999127864342377, -21.322950573031434 ], [ -44.998858369757144, -21.322950573031427 ], [ -44.998858369757144, -21.323489562201903 ], [ -44.998588875171905, -21.323489562201907 ], [ -44.998588875171905, -21.324028551372376 ], [ -44.998319380586672, -21.324028551372386 ] ] ] } },
{ "type": "Feature", "properties": { "anos_com_queima": 2, "area_ha": 2.0011241218605171, "inicio": 2011.0, "fim": 2025.0, "tipo": "recurrence", "id_feicao": "recurrence_2011_2025_965" }, "geometry": { "type": "Polygon", "coordinates": [ [ [ -44.992121005126243, -21.28468234192794 ], [ -44.992121005126243, -21.284951836513184 ], [ -44.993198983467188, -21.28495183651318 ], [ -44.993198983467188, -21.283604363586996 ], [ -44.991851510541011, -21.283604363586992 ], [ -44.991851510541011, -21.284682341927944 ], [ -44.992121005126243, -21.28468234192794 ] ] ] } },
{ "type": "Feature", "properties": { "anos_com_queima": 2, "area_ha": 7.0040650754987857, "inicio": 2011.0, "fim": 2025.0, "tipo": "recurrence", "id_feicao": "recurrence_2011_2025_966" }, "geometry": { "type": "Polygon", "coordinates": [ [ [ -44.992929488881956, -21.283334869001756 ], [ -44.992929488881956, -21.281987396075589 ], [ -44.992659994296716, -21.281987396075586 ], [ -44.992659994296716, -21.280100933978925 ], [ -44.990504037614834, -21.280100933978929 ], [ -44.990504037614834, -21.280370428564169 ], [ -44.989965048444361, -21.280370428564172 ], [ -44.989965048444361, -21.281717901490349 ], [ -44.991043026785299, -21.281717901490349 ], [ -44.991043026785299, -21.281987396075586 ], [ -44.991851510541011, -21.281987396075589 ], [ -44.991851510541011, -21.283334869001759 ], [ -44.992929488881956, -21.283334869001756 ] ] ] } },
{ "type": "Feature", "properties": { "anos_com_queima": 2, "area_ha": 1.2508003503080458, "inicio": 2011.0, "fim": 2025.0, "tipo": "recurrence", "id_feicao": "recurrence_2011_2025_967" }, "geometry": { "type": "Polygon", "coordinates": [ [ [ -44.989426059273889, -21.272285591007087 ], [ -44.989156564688649, -21.272285591007094 ], [ -44.989156564688649, -21.272016096421861 ], [ -44.988348080932944, -21.272016096421858 ], [ -44.988348080932944, -21.27309407476281 ], [ -44.989426059273889, -21.273094074762803 ], [ -44.989426059273889, -21.272285591007087 ] ] ] } },
{ "type": "Feature", "properties": { "anos_com_queima": 2, "area_ha": 0.083387498479709027, "inicio": 2011.0, "fim": 2025.0, "tipo": "recurrence", "id_feicao": "recurrence_2011_2025_968" }, "geometry": { "type": "Polygon", "coordinates": [ [ [ -44.988887070103416, -21.271207612666142 ], [ -44.989156564688649, -21.271207612666146 ], [ -44.989156564688649, -21.270938118080913 ], [ -44.988887070103416, -21.27093811808091 ], [ -44.988887070103416, -21.271207612666142 ] ] ] } },
{ "type": "Feature", "properties": { "anos_com_queima": 2, "area_ha": 0.66732462404991844, "inicio": 2011.0, "fim": 2025.0, "tipo": "recurrence", "id_feicao": "recurrence_2011_2025_969" }, "geometry": { "type": "Polygon", "coordinates": [ [ [ -44.989695553859121, -21.220003641471337 ], [ -44.989695553859121, -21.220273136056569 ], [ -44.989965048444361, -21.220273136056569 ], [ -44.989965048444361, -21.220542630641813 ], [ -44.991043026785299, -21.220542630641805 ], [ -44.991043026785299, -21.220273136056583 ], [ -44.990773532200066, -21.220273136056569 ], [ -44.990773532200066, -21.220003641471333 ], [ -44.989695553859121, -21.220003641471337 ] ] ] } },
{ "type": "Feature", "properties": { "anos_com_queima": 2, "area_ha": 0.083415801680739962, "inicio": 2011.0, "fim": 2025.0, "tipo": "recurrence", "id_feicao": "recurrence_2011_2025_970" }, "geometry": { "type": "Polygon", "coordinates": [ [ [ -44.989156564688649, -21.22000364147134 ], [ -44.989426059273889, -21.220003641471333 ], [ -44.989426059273889, -21.219734146886097 ], [ -44.989156564688649, -21.2197341468861 ], [ -44.989156564688649, -21.22000364147134 ] ] ] } },
{ "type": "Feature", "properties": { "anos_com_queima": 2, "area_ha": 0.0834157993000001, "inicio": 2011.0, "fim": 2025.0, "tipo": "recurrence", "id_feicao": "recurrence_2011_2025_971" }, "geometry": { "type": "Polygon", "coordinates": [ [ [ -45.002631293950451, -21.22000364147133 ], [ -45.002900788535676, -21.220003641471337 ], [ -45.002900788535676, -21.2197341468861 ], [ -45.002631293950451, -21.219734146886104 ], [ -45.002631293950451, -21.22000364147133 ] ] ] } },
{ "type": "Feature", "properties": { "anos_com_queima": 2, "area_ha": 1.0009905018191678, "inicio": 2011.0, "fim": 2025.0, "tipo": "recurrence", "id_feicao": "recurrence_2011_2025_972" }, "geometry": { "type": "Polygon", "coordinates": [ [ [ -44.991043026785299, -21.219195157715625 ], [ -44.991043026785299, -21.220273136056583 ], [ -44.991851510541011, -21.220273136056566 ], [ -44.991851510541011, -21.219195157715628 ], [ -44.991043026785299, -21.219195157715625 ] ] ] } },
{ "type": "Feature", "properties": { "anos_com_queima": 2, "area_ha": 0.083415950731094923, "inicio": 2011.0, "fim": 2025.0, "tipo": "recurrence", "id_feicao": "recurrence_2011_2025_973" }, "geometry": { "type": "Polygon", "coordinates": [ [ [ -44.988617575518177, -21.219734146886093 ], [ -44.988887070103416, -21.2197341468861 ], [ -44.988887070103416, -21.219464652300861 ], [ -44.988617575518177, -21.219464652300868 ], [ -44.988617575518177, -21.219734146886093 ] ] ] } },
{ "type": "Feature", "properties": { "anos_com_queima": 2, "area_ha": 0.083415948032867157, "inicio": 2011.0, "fim": 2025.0, "tipo": "recurrence", "id_feicao": "recurrence_2011_2025_974" }, "geometry": { "type": "Polygon", "coordinates": [ [ [ -45.002092304779978, -21.219734146886097 ], [ -45.002361799365211, -21.219734146886097 ], [ -45.002361799365211, -21.219464652300861 ], [ -45.002092304779978, -21.219464652300868 ], [ -45.002092304779978, -21.219734146886097 ] ] ] } },
{ "type": "Feature", "properties": { "anos_com_queima": 2, "area_ha": 0.083416247443278593, "inicio": 2011.0, "fim": 2025.0, "tipo": "recurrence", "id_feicao": "recurrence_2011_2025_975" }, "geometry": { "type": "Polygon", "coordinates": [ [ [ -44.990504037614834, -21.218925663130396 ], [ -44.990504037614834, -21.219195157715625 ], [ -44.990773532200066, -21.219195157715625 ], [ -44.990773532200066, -21.218925663130392 ], [ -44.990504037614834, -21.218925663130396 ] ] ] } },
{ "type": "Feature", "properties": { "anos_com_queima": 2, "area_ha": 0.75075161366760268, "inicio": 2011.0, "fim": 2025.0, "tipo": "recurrence", "id_feicao": "recurrence_2011_2025_976" }, "geometry": { "type": "Polygon", "coordinates": [ [ [ -45.002092304779978, -21.218386673959913 ], [ -45.002092304779978, -21.218117179374691 ], [ -45.002900788535676, -21.218117179374683 ], [ -45.002900788535676, -21.217578190204215 ], [ -45.001822810194739, -21.217578190204218 ], [ -45.001822810194739, -21.218386673959916 ], [ -45.002092304779978, -21.218386673959913 ] ] ] } },
{ "type": "Feature", "properties": { "anos_com_queima": 2, "area_ha": 3.0030154766195101, "inicio": 2011.0, "fim": 2025.0, "tipo": "recurrence", "id_feicao": "recurrence_2011_2025_977" }, "geometry": { "type": "Polygon", "coordinates": [ [ [ -44.990234543029594, -21.218386673959927 ], [ -44.990234543029594, -21.217308695618971 ], [ -44.989426059273889, -21.217308695618978 ], [ -44.989426059273889, -21.216230717278027 ], [ -44.988617575518177, -21.216230717278027 ], [ -44.988617575518177, -21.21838667395992 ], [ -44.988887070103416, -21.218386673959927 ], [ -44.988887070103416, -21.218117179374687 ], [ -44.989965048444361, -21.218117179374691 ], [ -44.989965048444361, -21.218925663130392 ], [ -44.990504037614834, -21.218925663130396 ], [ -44.990504037614834, -21.218386673959923 ], [ -44.990234543029594, -21.218386673959927 ] ] ] } },
{ "type": "Feature", "properties": { "anos_com_queima": 2, "area_ha": 1.9185955989532173, "inicio": 2011.0, "fim": 2025.0, "tipo": "recurrence", "id_feicao": "recurrence_2011_2025_978" }, "geometry": { "type": "Polygon", "coordinates": [ [ [ -44.991582015955771, -21.217847684789451 ], [ -44.991851510541011, -21.217847684789447 ], [ -44.991851510541011, -21.217578190204215 ], [ -44.992659994296716, -21.217578190204211 ], [ -44.992659994296716, -21.21650021186327 ], [ -44.992121005126243, -21.216500211863274 ], [ -44.992121005126243, -21.217039201033742 ], [ -44.991043026785299, -21.217039201033742 ], [ -44.991043026785299, -21.216769706448506 ], [ -44.990773532200066, -21.216769706448503 ], [ -44.990773532200066, -21.217308695618978 ], [ -44.991043026785299, -21.217308695618978 ], [ -44.991043026785299, -21.218117179374691 ], [ -44.991582015955771, -21.218117179374691 ], [ -44.991582015955771, -21.217847684789451 ] ] ] } },
{ "type": "Feature", "properties": { "anos_com_queima": 2, "area_ha": 0.083417289019096647, "inicio": 2011.0, "fim": 2025.0, "tipo": "recurrence", "id_feicao": "recurrence_2011_2025_979" }, "geometry": { "type": "Polygon", "coordinates": [ [ [ -44.990234543029594, -21.217308695618971 ], [ -44.990504037614834, -21.217308695618986 ], [ -44.990504037614834, -21.217039201033746 ], [ -44.990234543029594, -21.217039201033739 ], [ -44.990234543029594, -21.217308695618971 ] ] ] } },
{ "type": "Feature", "properties": { "anos_com_queima": 2, "area_ha": 0.75075966058267729, "inicio": 2011.0, "fim": 2025.0, "tipo": "recurrence", "id_feicao": "recurrence_2011_2025_980" }, "geometry": { "type": "Polygon", "coordinates": [ [ [ -44.991312521370538, -21.216769706448503 ], [ -44.991312521370538, -21.216500211863284 ], [ -44.992121005126243, -21.216500211863274 ], [ -44.992121005126243, -21.215961222692798 ], [ -44.991043026785299, -21.21596122269279 ], [ -44.991043026785299, -21.216769706448506 ], [ -44.991312521370538, -21.216769706448503 ] ] ] } },
{ "type": "Feature", "properties": { "anos_com_queima": 2, "area_ha": 0.16683576879421982, "inicio": 2011.0, "fim": 2025.0, "tipo": "recurrence", "id_feicao": "recurrence_2011_2025_981" }, "geometry": { "type": "Polygon", "coordinates": [ [ [ -44.989426059273889, -21.215961222692798 ], [ -44.989426059273889, -21.216230717278027 ], [ -44.989965048444361, -21.216230717278034 ], [ -44.989965048444361, -21.215961222692805 ], [ -44.989426059273889, -21.215961222692798 ] ] ] } },
{ "type": "Feature", "properties": { "anos_com_queima": 2, "area_ha": 0.33367361242406612, "inicio": 2011.0, "fim": 2025.0, "tipo": "recurrence", "id_feicao": "recurrence_2011_2025_982" }, "geometry": { "type": "Polygon", "coordinates": [ [ [ -44.99562443473431, -21.214613749766624 ], [ -44.99562443473431, -21.215691728107565 ], [ -44.99589392931955, -21.215691728107561 ], [ -44.99589392931955, -21.21461374976662 ], [ -44.99562443473431, -21.214613749766624 ] ] ] } },
{ "type": "Feature", "properties": { "anos_com_queima": 2, "area_ha": 1.5849575844554231, "inicio": 2011.0, "fim": 2025.0, "tipo": "recurrence", "id_feicao": "recurrence_2011_2025_983" }, "geometry": { "type": "Polygon", "coordinates": [ [ [ -44.993198983467188, -21.214613749766617 ], [ -44.992121005126243, -21.214613749766613 ], [ -44.992121005126243, -21.214883244351856 ], [ -44.994007467222893, -21.214883244351856 ], [ -44.994007467222893, -21.21461374976662 ], [ -44.994815950978605, -21.214613749766627 ], [ -44.994815950978605, -21.214074760596141 ], [ -44.993198983467188, -21.214074760596144 ], [ -44.993198983467188, -21.214613749766617 ] ] ] } },
{ "type": "Feature", "properties": { "anos_com_queima": 2, "area_ha": 0.16683769813366234, "inicio": 2011.0, "fim": 2025.0, "tipo": "recurrence", "id_feicao": "recurrence_2011_2025_984" }, "geometry": { "type": "Polygon", "coordinates": [ [ [ -45.001822810194739, -21.214613749766624 ], [ -45.002092304779978, -21.214613749766617 ], [ -45.002092304779978, -21.214074760596144 ], [ -45.001822810194739, -21.214074760596148 ], [ -45.001822810194739, -21.214613749766624 ] ] ] } },
{ "type": "Feature", "properties": { "anos_com_queima": 2, "area_ha": 0.25025677660277518, "inicio": 2011.0, "fim": 2025.0, "tipo": "recurrence", "id_feicao": "recurrence_2011_2025_985" }, "geometry": { "type": "Polygon", "coordinates": [ [ [ -44.989965048444361, -21.213805266010908 ], [ -44.989965048444361, -21.214613749766617 ], [ -44.990234543029594, -21.214613749766613 ], [ -44.990234543029594, -21.213805266010901 ], [ -44.989965048444361, -21.213805266010908 ] ] ] } },
{ "type": "Feature", "properties": { "anos_com_queima": 2, "area_ha": 0.50051444277834212, "inicio": 2011.0, "fim": 2025.0, "tipo": "recurrence", "id_feicao": "recurrence_2011_2025_986" }, "geometry": { "type": "Polygon", "coordinates": [ [ [ -44.990504037614834, -21.213805266010912 ], [ -44.990504037614834, -21.214074760596155 ], [ -44.992121005126243, -21.214074760596141 ], [ -44.992121005126243, -21.213805266010905 ], [ -44.990504037614834, -21.213805266010912 ] ] ] } },
{ "type": "Feature", "properties": { "anos_com_queima": 2, "area_ha": 0.083419222922292813, "inicio": 2011.0, "fim": 2025.0, "tipo": "recurrence", "id_feicao": "recurrence_2011_2025_987" }, "geometry": { "type": "Polygon", "coordinates": [ [ [ -44.990234543029594, -21.213535771425665 ], [ -44.990234543029594, -21.213805266010901 ], [ -44.990504037614834, -21.213805266010912 ], [ -44.990504037614834, -21.213535771425679 ], [ -44.990234543029594, -21.213535771425665 ] ] ] } },
{ "type": "Feature", "properties": { "anos_com_queima": 2, "area_ha": 0.33367718538884072, "inicio": 2011.0, "fim": 2025.0, "tipo": "recurrence", "id_feicao": "recurrence_2011_2025_988" }, "geometry": { "type": "Polygon", "coordinates": [ [ [ -44.992659994296716, -21.213805266010912 ], [ -44.993198983467188, -21.213805266010912 ], [ -44.993198983467188, -21.213266276840447 ], [ -44.992659994296716, -21.213266276840439 ], [ -44.992659994296716, -21.213805266010912 ] ] ] } },
{ "type": "Feature", "properties": { "anos_com_queima": 2, "area_ha": 1.6683924261931331, "inicio": 2011.0, "fim": 2025.0, "tipo": "recurrence", "id_feicao": "recurrence_2011_2025_989" }, "geometry": { "type": "Polygon", "coordinates": [ [ [ -45.001822810194739, -21.213266276840447 ], [ -45.001283821024266, -21.213266276840432 ], [ -45.001283821024266, -21.212188298499495 ], [ -44.999666853512849, -21.212188298499498 ], [ -44.999666853512849, -21.212727287669971 ], [ -45.001014326439034, -21.212727287669964 ], [ -45.001014326439034, -21.213535771425672 ], [ -45.001283821024266, -21.213535771425668 ], [ -45.001283821024266, -21.213805266010908 ], [ -45.001553315609506, -21.213805266010915 ], [ -45.001553315609506, -21.214074760596148 ], [ -45.001822810194739, -21.214074760596148 ], [ -45.001822810194739, -21.213266276840447 ] ] ] } },
{ "type": "Feature", "properties": { "anos_com_queima": 2, "area_ha": 0.50051756438272377, "inicio": 2011.0, "fim": 2025.0, "tipo": "recurrence", "id_feicao": "recurrence_2011_2025_990" }, "geometry": { "type": "Polygon", "coordinates": [ [ [ -44.991851510541011, -21.212727287669967 ], [ -44.991851510541011, -21.213266276840436 ], [ -44.992659994296716, -21.213266276840439 ], [ -44.992659994296716, -21.212727287669967 ], [ -44.991851510541011, -21.212727287669967 ] ] ] } },
{ "type": "Feature", "properties": { "anos_com_queima": 2, "area_ha": 4.0041578301303806, "inicio": 2011.0, "fim": 2025.0, "tipo": "recurrence", "id_feicao": "recurrence_2011_2025_991" }, "geometry": { "type": "Polygon", "coordinates": [ [ [ -44.990504037614834, -21.211649309329029 ], [ -44.990504037614834, -21.21137981474379 ], [ -44.987809091762472, -21.21137981474379 ], [ -44.987809091762472, -21.212457793084731 ], [ -44.989695553859121, -21.212457793084727 ], [ -44.989695553859121, -21.213535771425676 ], [ -44.990234543029594, -21.213535771425665 ], [ -44.990234543029594, -21.211918803914262 ], [ -44.991043026785299, -21.211918803914255 ], [ -44.991043026785299, -21.211649309329015 ], [ -44.990504037614834, -21.211649309329029 ] ] ] } },
{ "type": "Feature", "properties": { "anos_com_queima": 2, "area_ha": 0.08341996611591701, "inicio": 2011.0, "fim": 2025.0, "tipo": "recurrence", "id_feicao": "recurrence_2011_2025_992" }, "geometry": { "type": "Polygon", "coordinates": [ [ [ -44.991582015955771, -21.212188298499495 ], [ -44.991582015955771, -21.212457793084731 ], [ -44.991851510541011, -21.212457793084731 ], [ -44.991851510541011, -21.212188298499498 ], [ -44.991582015955771, -21.212188298499495 ] ] ] } },
{ "type": "Feature", "properties": { "anos_com_queima": 2, "area_ha": 0.083419964651390913, "inicio": 2011.0, "fim": 2025.0, "tipo": "recurrence", "id_feicao": "recurrence_2011_2025_993" }, "geometry": { "type": "Polygon", "coordinates": [ [ [ -45.001553315609506, -21.212457793084731 ], [ -45.001822810194739, -21.212457793084727 ], [ -45.001822810194739, -21.212188298499495 ], [ -45.001553315609506, -21.212188298499495 ], [ -45.001553315609506, -21.212457793084731 ] ] ] } },
{ "type": "Feature", "properties": { "anos_com_queima": 2, "area_ha": 0.25026078672334551, "inicio": 2011.0, "fim": 2025.0, "tipo": "recurrence", "id_feicao": "recurrence_2011_2025_994" }, "geometry": { "type": "Polygon", "coordinates": [ [ [ -45.002361799365211, -21.211918803914262 ], [ -45.003170283120923, -21.211918803914262 ], [ -45.003170283120923, -21.211649309329015 ], [ -45.002361799365211, -21.211649309329019 ], [ -45.002361799365211, -21.211918803914262 ] ] ] } },
{ "type": "Feature", "properties": { "anos_com_queima": 2, "area_ha": 0.66741385288621458, "inicio": 2011.0, "fim": 2025.0, "tipo": "recurrence", "id_feicao": "recurrence_2011_2025_995" }, "geometry": { "type": "Polygon", "coordinates": [ [ [ -44.992121005126243, -21.199791547578648 ], [ -44.992121005126243, -21.200330536749117 ], [ -44.993198983467188, -21.200330536749121 ], [ -44.993198983467188, -21.199791547578648 ], [ -44.992121005126243, -21.199791547578648 ] ] ] } },
{ "type": "Feature", "properties": { "anos_com_queima": 2, "area_ha": 4.1714328105790113, "inicio": 2011.0, "fim": 2025.0, "tipo": "recurrence", "id_feicao": "recurrence_2011_2025_996" }, "geometry": { "type": "Polygon", "coordinates": [ [ [ -44.990773532200066, -21.197096601726294 ], [ -44.990773532200066, -21.196018623385346 ], [ -44.990504037614834, -21.196018623385338 ], [ -44.990504037614834, -21.195749128800109 ], [ -44.988887070103416, -21.195749128800117 ], [ -44.988887070103416, -21.196018623385338 ], [ -44.988078586347704, -21.196018623385349 ], [ -44.988078586347704, -21.197096601726283 ], [ -44.988617575518177, -21.19709660172629 ], [ -44.988617575518177, -21.197366096311526 ], [ -44.989695553859121, -21.197366096311523 ], [ -44.989695553859121, -21.197096601726287 ], [ -44.990773532200066, -21.197096601726294 ] ] ] } },
{ "type": "Feature", "properties": { "anos_com_queima": 2, "area_ha": 1.0845750158668026, "inicio": 2011.0, "fim": 2025.0, "tipo": "recurrence", "id_feicao": "recurrence_2011_2025_997" }, "geometry": { "type": "Polygon", "coordinates": [ [ [ -44.992659994296716, -21.196557612555814 ], [ -44.992659994296716, -21.196018623385342 ], [ -44.992929488881956, -21.196018623385346 ], [ -44.992929488881956, -21.195749128800113 ], [ -44.991582015955771, -21.195749128800109 ], [ -44.991582015955771, -21.196557612555825 ], [ -44.992659994296716, -21.196557612555814 ] ] ] } },
{ "type": "Feature", "properties": { "anos_com_queima": 2, "area_ha": 0.083429184085968888, "inicio": 2011.0, "fim": 2025.0, "tipo": "recurrence", "id_feicao": "recurrence_2011_2025_998" }, "geometry": { "type": "Polygon", "coordinates": [ [ [ -44.992929488881956, -21.195749128800113 ], [ -44.993198983467188, -21.195749128800113 ], [ -44.993198983467188, -21.195479634214873 ], [ -44.992929488881956, -21.195479634214877 ], [ -44.992929488881956, -21.195749128800113 ] ] ] } },
{ "type": "Feature", "properties": { "anos_com_queima": 2, "area_ha": 0.91772440416784962, "inicio": 2011.0, "fim": 2025.0, "tipo": "recurrence", "id_feicao": "recurrence_2011_2025_999" }, "geometry": { "type": "Polygon", "coordinates": [ [ [ -44.991312521370538, -21.195479634214866 ], [ -44.992929488881956, -21.195479634214877 ], [ -44.992929488881956, -21.194940645044404 ], [ -44.991582015955771, -21.194940645044394 ], [ -44.991582015955771, -21.195210139629648 ], [ -44.991312521370538, -21.195210139629644 ], [ -44.991312521370538, -21.195479634214866 ] ] ] } },
{ "type": "Feature", "properties": { "anos_com_queima": 2, "area_ha": 4.1714772366989123, "inicio": 2011.0, "fim": 2025.0, "tipo": "recurrence", "id_feicao": "recurrence_2011_2025_1000" }, "geometry": { "type": "Polygon", "coordinates": [ [ [ -45.001014326439034, -21.194940645044394 ], [ -45.001014326439034, -21.19386266670346 ], [ -44.999936348098089, -21.193862666703467 ], [ -44.999936348098089, -21.194401655873929 ], [ -44.998588875171905, -21.194401655873936 ], [ -44.998588875171905, -21.19547963421487 ], [ -45.000205842683322, -21.195479634214873 ], [ -45.000205842683322, -21.196557612555821 ], [ -45.000744831853794, -21.196557612555811 ], [ -45.000744831853794, -21.194940645044394 ], [ -45.001014326439034, -21.194940645044394 ] ] ] } },
{ "type": "Feature", "properties": { "anos_com_queima": 2, "area_ha": 8.9269957427925064, "inicio": 2011.0, "fim": 2025.0, "tipo": "recurrence", "id_feicao": "recurrence_2011_2025_1001" }, "geometry": { "type": "Polygon", "coordinates": [ [ [ -44.996163423904783, -21.194671150459158 ], [ -44.996163423904783, -21.194132161288685 ], [ -44.996702413075255, -21.194132161288692 ], [ -44.996702413075255, -21.193054182947744 ], [ -44.993468478052428, -21.193054182947744 ], [ -44.993468478052428, -21.192784688362512 ], [ -44.992659994296716, -21.192784688362519 ], [ -44.992659994296716, -21.193323677532984 ], [ -44.993198983467188, -21.193323677532998 ], [ -44.993198983467188, -21.195210139629648 ], [ -44.99562443473431, -21.195210139629644 ], [ -44.99562443473431, -21.19736609631153 ], [ -44.99589392931955, -21.197366096311523 ], [ -44.99589392931955, -21.194671150459172 ], [ -44.996163423904783, -21.194671150459158 ] ] ] } },
{ "type": "Feature", "properties": { "anos_com_queima": 2, "area_ha": 10.512431732369771, "inicio": 2011.0, "fim": 2025.0, "tipo": "recurrence", "id_feicao": "recurrence_2011_2025_1002" }, "geometry": { "type": "Polygon", "coordinates": [ [ [ -44.996971907660487, -21.192245699192046 ], [ -44.996971907660487, -21.192515193777275 ], [ -44.997241402245727, -21.192515193777268 ], [ -44.997241402245727, -21.192784688362515 ], [ -44.998588875171905, -21.192784688362508 ], [ -44.998588875171905, -21.189281258754441 ], [ -44.998319380586672, -21.189281258754452 ], [ -44.998319380586672, -21.188742269583976 ], [ -44.998049886001432, -21.188742269583972 ], [ -44.998049886001432, -21.187933785828278 ], [ -44.996971907660487, -21.187933785828275 ], [ -44.996971907660487, -21.188203280413511 ], [ -44.996702413075255, -21.188203280413514 ], [ -44.996702413075255, -21.1903592370954 ], [ -44.996163423904783, -21.190359237095393 ], [ -44.996163423904783, -21.19197620460681 ], [ -44.996702413075255, -21.191976204606814 ], [ -44.996702413075255, -21.19224569919205 ], [ -44.996971907660487, -21.192245699192046 ] ] ] } },
{ "type": "Feature", "properties": { "anos_com_queima": 2, "area_ha": 4.171645252747834, "inicio": 2011.0, "fim": 2025.0, "tipo": "recurrence", "id_feicao": "recurrence_2011_2025_1003" }, "geometry": { "type": "Polygon", "coordinates": [ [ [ -45.001014326439034, -21.189550753339685 ], [ -45.001283821024266, -21.189550753339685 ], [ -45.001283821024266, -21.187125302072559 ], [ -45.001014326439034, -21.187125302072563 ], [ -45.001014326439034, -21.188203280413507 ], [ -44.999666853512849, -21.188203280413504 ], [ -44.999666853512849, -21.188742269583972 ], [ -44.998858369757144, -21.18874226958398 ], [ -44.998858369757144, -21.189550753339681 ], [ -44.999127864342377, -21.189550753339677 ], [ -44.999127864342377, -21.189820247924924 ], [ -45.001014326439034, -21.189820247924931 ], [ -45.001014326439034, -21.189550753339685 ] ] ] } },
{ "type": "Feature", "properties": { "anos_com_queima": 2, "area_ha": 0.8343326099481434, "inicio": 2011.0, "fim": 2025.0, "tipo": "recurrence", "id_feicao": "recurrence_2011_2025_1004" }, "geometry": { "type": "Polygon", "coordinates": [ [ [ -44.998858369757144, -21.187933785828271 ], [ -44.999397358927617, -21.187933785828271 ], [ -44.999397358927617, -21.187664291243024 ], [ -44.998319380586672, -21.187664291243031 ], [ -44.998319380586672, -21.188742269583976 ], [ -44.998858369757144, -21.18874226958398 ], [ -44.998858369757144, -21.187933785828271 ] ] ] } },
{ "type": "Feature", "properties": { "anos_com_queima": 2, "area_ha": 0.083433789607877493, "inicio": 2011.0, "fim": 2025.0, "tipo": "recurrence", "id_feicao": "recurrence_2011_2025_1005" }, "geometry": { "type": "Polygon", "coordinates": [ [ [ -44.999936348098089, -21.187125302072555 ], [ -44.999936348098089, -21.187394796657795 ], [ -45.000205842683322, -21.187394796657795 ], [ -45.000205842683322, -21.187125302072555 ], [ -44.999936348098089, -21.187125302072555 ] ] ] } },
{ "type": "Feature", "properties": { "anos_com_queima": 2, "area_ha": 3.1707227949136296, "inicio": 2011.0, "fim": 2025.0, "tipo": "recurrence", "id_feicao": "recurrence_2011_2025_1006" }, "geometry": { "type": "Polygon", "coordinates": [ [ [ -45.000744831853794, -21.176345518663123 ], [ -45.000744831853794, -21.174998045736949 ], [ -44.999666853512849, -21.174998045736952 ], [ -44.999666853512849, -21.175267540322192 ], [ -44.998858369757144, -21.175267540322182 ], [ -44.998858369757144, -21.176884507833595 ], [ -44.999127864342377, -21.176884507833602 ], [ -44.999127864342377, -21.176615013248362 ], [ -45.000205842683322, -21.176615013248366 ], [ -45.000205842683322, -21.176345518663126 ], [ -45.000744831853794, -21.176345518663123 ] ] ] } },
{ "type": "Feature", "properties": { "anos_com_queima": 2, "area_ha": 0.043440082792188764, "inicio": 2011.0, "fim": 2025.0, "tipo": "recurrence", "id_feicao": "recurrence_2011_2025_1007" }, "geometry": { "type": "Polygon", "coordinates": [ [ [ -44.947384903977095, -21.347744074873134 ], [ -44.947384903977664, -21.348055483323385 ], [ -44.947483, -21.347948 ], [ -44.947606357654152, -21.347744074904792 ], [ -44.947384903977095, -21.347744074873134 ] ] ] } },
{ "type": "Feature", "properties": { "anos_com_queima": 2, "area_ha": 0.097466229254752401, "inicio": 2011.0, "fim": 2025.0, "tipo": "recurrence", "id_feicao": "recurrence_2011_2025_1008" }, "geometry": { "type": "Polygon", "coordinates": [ [ [ -44.965710535773134, -21.34639660194695 ], [ -44.965171546602662, -21.34639660194695 ], [ -44.965171546602683, -21.34640905640023 ], [ -44.965313, -21.346487 ], [ -44.965522, -21.346602 ], [ -44.965710535773511, -21.346687097915268 ], [ -44.965710535773134, -21.34639660194695 ] ] ] } },
{ "type": "Feature", "properties": { "anos_com_queima": 2, "area_ha": 0.67240086437147106, "inicio": 2011.0, "fim": 2025.0, "tipo": "recurrence", "id_feicao": "recurrence_2011_2025_1009" }, "geometry": { "type": "Polygon", "coordinates": [ [ [ -44.962207106165067, -21.343701656094591 ], [ -44.960859633238883, -21.343701656094595 ], [ -44.960859633239131, -21.344454862183539 ], [ -44.960873, -21.344430999999897 ], [ -44.961033, -21.344236 ], [ -44.961267, -21.344121 ], [ -44.961512, -21.344086999999895 ], [ -44.961745, -21.344110999999891 ], [ -44.962053, -21.344054 ], [ -44.962207106165437, -21.344061548098924 ], [ -44.962207106165067, -21.343701656094591 ] ] ] } },
{ "type": "Feature", "properties": { "anos_com_queima": 2, "area_ha": 0.009204260228841122, "inicio": 2011.0, "fim": 2025.0, "tipo": "recurrence", "id_feicao": "recurrence_2011_2025_1010" }, "geometry": { "type": "Polygon", "coordinates": [ [ [ -44.92528634798775, -21.343701656094602 ], [ -44.925286347987871, -21.343747824330311 ], [ -44.925344, -21.343739 ], [ -44.925555842573033, -21.343717305356197 ], [ -44.92555584257299, -21.343701656094598 ], [ -44.92528634798775, -21.343701656094602 ] ] ] } },
{ "type": "Feature", "properties": { "anos_com_queima": 2, "area_ha": 2.438638589995727, "inicio": 2011.0, "fim": 2025.0, "tipo": "recurrence", "id_feicao": "recurrence_2011_2025_1011" }, "geometry": { "type": "Polygon", "coordinates": [ [ [ -44.923130391305868, -21.343432161509355 ], [ -44.922860896720628, -21.343432161509359 ], [ -44.922860896720628, -21.343162666924126 ], [ -44.922591402135396, -21.343162666924119 ], [ -44.922591402135396, -21.342893172338883 ], [ -44.920704940038746, -21.342893172338886 ], [ -44.920704940038746, -21.343162666924123 ], [ -44.919357467112562, -21.343162666924119 ], [ -44.919357467112739, -21.343359091463483 ], [ -44.919452, -21.343346999999898 ], [ -44.919796, -21.343336 ], [ -44.920029, -21.343405 ], [ -44.920118662308759, -21.34343216161647 ], [ -44.920165950868274, -21.343432161509362 ], [ -44.920165950868316, -21.343446486828981 ], [ -44.920336, -21.343498 ], [ -44.921134, -21.343499999999899 ], [ -44.921379, -21.343512 ], [ -44.921612, -21.343547 ], [ -44.921882, -21.343638999999897 ], [ -44.922299, -21.34387 ], [ -44.922557, -21.34394 ], [ -44.922827, -21.344009 ], [ -44.92306, -21.344033 ], [ -44.923130391307325, -21.344033168762092 ], [ -44.923130391305868, -21.343432161509355 ] ] ] } },
{ "type": "Feature", "properties": { "anos_com_queima": 2, "area_ha": 0.050707598626706749, "inicio": 2011.0, "fim": 2025.0, "tipo": "recurrence", "id_feicao": "recurrence_2011_2025_1012" }, "geometry": { "type": "Polygon", "coordinates": [ [ [ -44.914506564578318, -21.343162666924115 ], [ -44.914047712089875, -21.343162667033535 ], [ -44.914308, -21.343266 ], [ -44.914506564578488, -21.343368929437993 ], [ -44.914506564578318, -21.343162666924115 ] ] ] } },
{ "type": "Feature", "properties": { "anos_com_queima": 2, "area_ha": 0.13967477156814576, "inicio": 2011.0, "fim": 2025.0, "tipo": "recurrence", "id_feicao": "recurrence_2011_2025_1013" }, "geometry": { "type": "Polygon", "coordinates": [ [ [ -44.909655662044074, -21.34262367775365 ], [ -44.909655662044969, -21.342975977213552 ], [ -44.909791, -21.342945999999891 ], [ -44.910037, -21.342807999999899 ], [ -44.910185, -21.342624999999892 ], [ -44.910189944039402, -21.342623677761143 ], [ -44.909655662044074, -21.34262367775365 ] ] ] } },
{ "type": "Feature", "properties": { "anos_com_queima": 2, "area_ha": 3.083885494319536, "inicio": 2011.0, "fim": 2025.0, "tipo": "recurrence", "id_feicao": "recurrence_2011_2025_1014" }, "geometry": { "type": "Polygon", "coordinates": [ [ [ -44.965441041187894, -21.341815193997945 ], [ -44.966249524943606, -21.341815193997938 ], [ -44.966249524943606, -21.340467721071757 ], [ -44.965710535773134, -21.340467721071768 ], [ -44.965710535773134, -21.341545699412709 ], [ -44.96436306284695, -21.341545699412702 ], [ -44.96436306284695, -21.341815193997938 ], [ -44.963554579091245, -21.341815193997938 ], [ -44.963554579091245, -21.342893172338883 ], [ -44.964632557432189, -21.342893172338883 ], [ -44.964632557432189, -21.342354183168418 ], [ -44.965441041187894, -21.342354183168414 ], [ -44.965441041187894, -21.341815193997945 ] ] ] } },
{ "type": "Feature", "properties": { "anos_com_queima": 2, "area_ha": 0.16669752226825804, "inicio": 2011.0, "fim": 2025.0, "tipo": "recurrence", "id_feicao": "recurrence_2011_2025_1015" }, "geometry": { "type": "Polygon", "coordinates": [ [ [ -44.96436306284695, -21.341276204827466 ], [ -44.964632557432189, -21.341276204827462 ], [ -44.964632557432189, -21.340737215657004 ], [ -44.96436306284695, -21.340737215657001 ], [ -44.96436306284695, -21.341276204827466 ] ] ] } },
{ "type": "Feature", "properties": { "anos_com_queima": 2, "area_ha": 2.0837245101006454, "inicio": 2011.0, "fim": 2025.0, "tipo": "recurrence", "id_feicao": "recurrence_2011_2025_1016" }, "geometry": { "type": "Polygon", "coordinates": [ [ [ -44.930676239692467, -21.341006710242226 ], [ -44.930676239692467, -21.339928731901296 ], [ -44.929867755936762, -21.339928731901292 ], [ -44.929867755936762, -21.340198226486532 ], [ -44.92932876676629, -21.340198226486528 ], [ -44.92932876676629, -21.341545699412709 ], [ -44.929867755936762, -21.341545699412709 ], [ -44.929867755936762, -21.341815193997938 ], [ -44.930137250522009, -21.341815193997949 ], [ -44.930137250522009, -21.34100671024224 ], [ -44.930676239692467, -21.341006710242226 ] ] ] } },
{ "type": "Feature", "properties": { "anos_com_queima": 2, "area_ha": 1.3335991656944248, "inicio": 2011.0, "fim": 2025.0, "tipo": "recurrence", "id_feicao": "recurrence_2011_2025_1017" }, "geometry": { "type": "Polygon", "coordinates": [ [ [ -44.97110042747785, -21.338311764389868 ], [ -44.97110042747785, -21.339389742730816 ], [ -44.972178405818795, -21.339389742730813 ], [ -44.972178405818795, -21.338311764389864 ], [ -44.97110042747785, -21.338311764389868 ] ] ] } },
{ "type": "Feature", "properties": { "anos_com_queima": 2, "area_ha": 0.16670720691416338, "inicio": 2011.0, "fim": 2025.0, "tipo": "recurrence", "id_feicao": "recurrence_2011_2025_1018" }, "geometry": { "type": "Polygon", "coordinates": [ [ [ -44.979724254205394, -21.332113388929454 ], [ -44.979724254205394, -21.33238288351469 ], [ -44.980263243375866, -21.33238288351469 ], [ -44.980263243375866, -21.332113388929447 ], [ -44.979724254205394, -21.332113388929454 ] ] ] } },
{ "type": "Feature", "properties": { "anos_com_queima": 2, "area_ha": 0.25006259672567249, "inicio": 2011.0, "fim": 2025.0, "tipo": "recurrence", "id_feicao": "recurrence_2011_2025_1019" }, "geometry": { "type": "Polygon", "coordinates": [ [ [ -44.98322768381346, -21.331574399758981 ], [ -44.9834971783987, -21.331574399758981 ], [ -44.9834971783987, -21.330765916003276 ], [ -44.98322768381346, -21.330765916003276 ], [ -44.98322768381346, -21.331574399758981 ] ] ] } },
{ "type": "Feature", "properties": { "anos_com_queima": 2, "area_ha": 10.085903262576647, "inicio": 2011.0, "fim": 2025.0, "tipo": "recurrence", "id_feicao": "recurrence_2011_2025_1020" }, "geometry": { "type": "Polygon", "coordinates": [ [ [ -44.982958189228228, -21.332113388929457 ], [ -44.98322768381346, -21.33211338892945 ], [ -44.98322768381346, -21.331574399758981 ], [ -44.98161071630205, -21.331574399758978 ], [ -44.98161071630205, -21.330496421418037 ], [ -44.982419200057755, -21.33049642141804 ], [ -44.982419200057755, -21.330226926832797 ], [ -44.9834971783987, -21.330226926832797 ], [ -44.9834971783987, -21.329687937662328 ], [ -44.982688694642988, -21.329687937662332 ], [ -44.982688694642988, -21.328879453906612 ], [ -44.981071727131578, -21.328879453906616 ], [ -44.981071727131578, -21.328340464736151 ], [ -44.979993748790633, -21.328340464736154 ], [ -44.979993748790633, -21.329418443077095 ], [ -44.980263243375866, -21.329418443077095 ], [ -44.980263243375866, -21.332113388929447 ], [ -44.981341221716811, -21.33211338892945 ], [ -44.981341221716811, -21.332382883514686 ], [ -44.981880210887283, -21.33238288351469 ], [ -44.981880210887283, -21.332652378099919 ], [ -44.982958189228228, -21.332652378099919 ], [ -44.982958189228228, -21.332113388929457 ] ] ] } },
{ "type": "Feature", "properties": { "anos_com_queima": 2, "area_ha": 36.009898375342253, "inicio": 2011.0, "fim": 2025.0, "tipo": "recurrence", "id_feicao": "recurrence_2011_2025_1021" }, "geometry": { "type": "Polygon", "coordinates": [ [ [ -44.971639416648323, -21.326723497224737 ], [ -44.971639416648323, -21.327531980980446 ], [ -44.970022449136906, -21.327531980980442 ], [ -44.970022449136906, -21.32860995932139 ], [ -44.971908911233555, -21.328609959321387 ], [ -44.971908911233555, -21.328879453906609 ], [ -44.9729868895745, -21.32887945390662 ], [ -44.9729868895745, -21.328609959321387 ], [ -44.975412340841622, -21.328609959321383 ], [ -44.975412340841622, -21.328879453906623 ], [ -44.976490319182567, -21.328879453906623 ], [ -44.976490319182567, -21.329148948491863 ], [ -44.977568297523511, -21.329148948491856 ], [ -44.977568297523511, -21.329418443077085 ], [ -44.978646275864456, -21.329418443077092 ], [ -44.978646275864456, -21.32860995932139 ], [ -44.978915770449689, -21.328609959321383 ], [ -44.978915770449689, -21.328070970150911 ], [ -44.979454759620161, -21.328070970150915 ], [ -44.979454759620161, -21.327801475565682 ], [ -44.979724254205394, -21.327801475565682 ], [ -44.979724254205394, -21.327531980980442 ], [ -44.981341221716811, -21.327531980980446 ], [ -44.981341221716811, -21.32726248639521 ], [ -44.981880210887283, -21.327262486395213 ], [ -44.981880210887283, -21.326723497224737 ], [ -44.982149705472516, -21.326723497224737 ], [ -44.982149705472516, -21.325645518883793 ], [ -44.978646275864456, -21.325645518883796 ], [ -44.978646275864456, -21.325376024298556 ], [ -44.973795373330205, -21.325376024298556 ], [ -44.973795373330205, -21.325915013469029 ], [ -44.973525878744972, -21.325915013469032 ], [ -44.973525878744972, -21.326184508054261 ], [ -44.972447900404028, -21.326184508054265 ], [ -44.972447900404028, -21.326454002639505 ], [ -44.971908911233555, -21.326454002639508 ], [ -44.971908911233555, -21.326723497224737 ], [ -44.971639416648323, -21.326723497224737 ] ] ] } },
{ "type": "Feature", "properties": { "anos_com_queima": 2, "area_ha": 1.1671262124851316, "inicio": 2011.0, "fim": 2025.0, "tipo": "recurrence", "id_feicao": "recurrence_2011_2025_1022" }, "geometry": { "type": "Polygon", "coordinates": [ [ [ -44.899684362390346, -21.310553822110581 ], [ -44.899684362390346, -21.309745338354883 ], [ -44.899145373219874, -21.309745338354876 ], [ -44.899145373219874, -21.309475843769636 ], [ -44.898606384049401, -21.309475843769633 ], [ -44.898606384049401, -21.310553822110581 ], [ -44.899684362390346, -21.310553822110581 ] ] ] } },
{ "type": "Feature", "properties": { "anos_com_queima": 2, "area_ha": 3.1686036225313785, "inicio": 2011.0, "fim": 2025.0, "tipo": "recurrence", "id_feicao": "recurrence_2011_2025_1023" }, "geometry": { "type": "Polygon", "coordinates": [ [ [ -44.92555584257299, -21.276328009785637 ], [ -44.92555584257299, -21.276597504370866 ], [ -44.925016853402518, -21.276597504370869 ], [ -44.925016853402518, -21.276866998956102 ], [ -44.924747358817278, -21.276866998956095 ], [ -44.924747358817278, -21.277944977297047 ], [ -44.926633820913935, -21.27794497729705 ], [ -44.926633820913935, -21.27632800978563 ], [ -44.92555584257299, -21.276328009785637 ] ] ] } },
{ "type": "Feature", "properties": { "anos_com_queima": 2, "area_ha": 1.6677682987943292, "inicio": 2011.0, "fim": 2025.0, "tipo": "recurrence", "id_feicao": "recurrence_2011_2025_1024" }, "geometry": { "type": "Polygon", "coordinates": [ [ [ -44.932562701789124, -21.270129634325212 ], [ -44.933910174715301, -21.270129634325212 ], [ -44.933910174715301, -21.269051655984271 ], [ -44.932562701789124, -21.269051655984256 ], [ -44.932562701789124, -21.270129634325212 ] ] ] } },
{ "type": "Feature", "properties": { "anos_com_queima": 2, "area_ha": 0.66713469954524185, "inicio": 2011.0, "fim": 2025.0, "tipo": "recurrence", "id_feicao": "recurrence_2011_2025_1025" }, "geometry": { "type": "Polygon", "coordinates": [ [ [ -44.978107286693984, -21.263122775109075 ], [ -44.977837792108744, -21.263122775109071 ], [ -44.977837792108744, -21.262853280523839 ], [ -44.977298802938272, -21.262853280523839 ], [ -44.977298802938272, -21.263661764279547 ], [ -44.978107286693984, -21.263661764279551 ], [ -44.978107286693984, -21.263122775109075 ] ] ] } },
{ "type": "Feature", "properties": { "anos_com_queima": 2, "area_ha": 0.16678708826947186, "inicio": 2011.0, "fim": 2025.0, "tipo": "recurrence", "id_feicao": "recurrence_2011_2025_1026" }, "geometry": { "type": "Polygon", "coordinates": [ [ [ -44.978915770449689, -21.259888840086248 ], [ -44.978915770449689, -21.26042782925672 ], [ -44.979185265034921, -21.260427829256717 ], [ -44.979185265034921, -21.259888840086244 ], [ -44.978915770449689, -21.259888840086248 ] ] ] } },
{ "type": "Feature", "properties": { "anos_com_queima": 2, "area_ha": 0.16678768502480332, "inicio": 2011.0, "fim": 2025.0, "tipo": "recurrence", "id_feicao": "recurrence_2011_2025_1027" }, "geometry": { "type": "Polygon", "coordinates": [ [ [ -44.978646275864456, -21.259349850915772 ], [ -44.978646275864456, -21.259888840086244 ], [ -44.978915770449689, -21.259888840086248 ], [ -44.978915770449689, -21.259349850915765 ], [ -44.978646275864456, -21.259349850915772 ] ] ] } },
{ "type": "Feature", "properties": { "anos_com_queima": 2, "area_ha": 0.50036305061957953, "inicio": 2011.0, "fim": 2025.0, "tipo": "recurrence", "id_feicao": "recurrence_2011_2025_1028" }, "geometry": { "type": "Polygon", "coordinates": [ [ [ -44.979185265034921, -21.259349850915772 ], [ -44.979185265034921, -21.259888840086244 ], [ -44.979993748790633, -21.259888840086241 ], [ -44.979993748790633, -21.259349850915772 ], [ -44.979185265034921, -21.259349850915772 ] ] ] } },
{ "type": "Feature", "properties": { "anos_com_queima": 2, "area_ha": 1.6679131827682256, "inicio": 2011.0, "fim": 2025.0, "tipo": "recurrence", "id_feicao": "recurrence_2011_2025_1029" }, "geometry": { "type": "Polygon", "coordinates": [ [ [ -44.928250788425345, -21.257193894233883 ], [ -44.92932876676629, -21.257193894233886 ], [ -44.92932876676629, -21.255846421307709 ], [ -44.928250788425345, -21.255846421307709 ], [ -44.928250788425345, -21.257193894233883 ] ] ] } },
{ "type": "Feature", "properties": { "anos_com_queima": 2, "area_ha": 1.2509611846307294, "inicio": 2011.0, "fim": 2025.0, "tipo": "recurrence", "id_feicao": "recurrence_2011_2025_1030" }, "geometry": { "type": "Polygon", "coordinates": [ [ [ -44.974603857085917, -21.253420970040576 ], [ -44.97487335167115, -21.253420970040583 ], [ -44.97487335167115, -21.252612486284875 ], [ -44.973795373330205, -21.252612486284875 ], [ -44.973795373330205, -21.253690464625819 ], [ -44.974603857085917, -21.253690464625823 ], [ -44.974603857085917, -21.253420970040576 ] ] ] } },
{ "type": "Feature", "properties": { "anos_com_queima": 2, "area_ha": 0.91743009281609289, "inicio": 2011.0, "fim": 2025.0, "tipo": "recurrence", "id_feicao": "recurrence_2011_2025_1031" }, "geometry": { "type": "Polygon", "coordinates": [ [ [ -44.933101690959596, -21.244258154142553 ], [ -44.933101690959596, -21.243449670386862 ], [ -44.932562701789124, -21.243449670386866 ], [ -44.932562701789124, -21.242910681216394 ], [ -44.932293207203884, -21.242910681216387 ], [ -44.932293207203884, -21.244258154142564 ], [ -44.933101690959596, -21.244258154142553 ] ] ] } },
{ "type": "Feature", "properties": { "anos_com_queima": 2, "area_ha": 0.91743951935321089, "inicio": 2011.0, "fim": 2025.0, "tipo": "recurrence", "id_feicao": "recurrence_2011_2025_1032" }, "geometry": { "type": "Polygon", "coordinates": [ [ [ -44.931754218033412, -21.242910681216379 ], [ -44.932293207203884, -21.242910681216387 ], [ -44.932293207203884, -21.241293713704962 ], [ -44.932023712618651, -21.24129371370497 ], [ -44.932023712618651, -21.241563208290202 ], [ -44.931754218033412, -21.241563208290202 ], [ -44.931754218033412, -21.242910681216379 ] ] ] } },
{ "type": "Feature", "properties": { "anos_com_queima": 2, "area_ha": 3.7531572370643729, "inicio": 2011.0, "fim": 2025.0, "tipo": "recurrence", "id_feicao": "recurrence_2011_2025_1033" }, "geometry": { "type": "Polygon", "coordinates": [ [ [ -44.933910174715301, -21.243449670386855 ], [ -44.934449163885773, -21.24344967038687 ], [ -44.934449163885773, -21.24318017580163 ], [ -44.934718658471006, -21.243180175801623 ], [ -44.934718658471006, -21.242371692045911 ], [ -44.934179669300534, -21.242371692045918 ], [ -44.934179669300534, -21.240485229949261 ], [ -44.933640680130061, -21.240485229949268 ], [ -44.933640680130061, -21.24102421911973 ], [ -44.933371185544829, -21.24102421911973 ], [ -44.933371185544829, -21.242102197460675 ], [ -44.933101690959596, -21.242102197460675 ], [ -44.933101690959596, -21.243449670386862 ], [ -44.933371185544829, -21.243449670386855 ], [ -44.933371185544829, -21.243719164972092 ], [ -44.933910174715301, -21.243719164972081 ], [ -44.933910174715301, -21.243449670386855 ] ] ] } },
{ "type": "Feature", "properties": { "anos_com_queima": 2, "area_ha": 0.083404583854893827, "inicio": 2011.0, "fim": 2025.0, "tipo": "recurrence", "id_feicao": "recurrence_2011_2025_1034" }, "geometry": { "type": "Polygon", "coordinates": [ [ [ -44.933371185544829, -21.240215735364028 ], [ -44.933371185544829, -21.240485229949261 ], [ -44.933640680130061, -21.240485229949268 ], [ -44.933640680130061, -21.240215735364018 ], [ -44.933371185544829, -21.240215735364028 ] ] ] } },
{ "type": "Feature", "properties": { "anos_com_queima": 2, "area_ha": 0.083414165540970864, "inicio": 2011.0, "fim": 2025.0, "tipo": "recurrence", "id_feicao": "recurrence_2011_2025_1035" }, "geometry": { "type": "Polygon", "coordinates": [ [ [ -44.987809091762472, -21.222968081908927 ], [ -44.988078586347704, -21.222968081908927 ], [ -44.988078586347704, -21.222698587323691 ], [ -44.987809091762472, -21.222698587323695 ], [ -44.987809091762472, -21.222968081908927 ] ] ] } },
{ "type": "Feature", "properties": { "anos_com_queima": 2, "area_ha": 0.10440787717364729, "inicio": 2011.0, "fim": 2025.0, "tipo": "recurrence", "id_feicao": "recurrence_2011_2025_1036" }, "geometry": { "type": "Polygon", "coordinates": [ [ [ -44.879202773912418, -21.22135111439751 ], [ -44.879472268497665, -21.221351114397514 ], [ -44.879472268498866, -21.22099960132002 ], [ -44.879257, -21.221023 ], [ -44.879202773913683, -21.221024427042373 ], [ -44.879202773912418, -21.22135111439751 ] ] ] } },
{ "type": "Feature", "properties": { "anos_com_queima": 2, "area_ha": 0.33261294686409293, "inicio": 2011.0, "fim": 2025.0, "tipo": "recurrence", "id_feicao": "recurrence_2011_2025_1037" }, "geometry": { "type": "Polygon", "coordinates": [ [ [ -44.880317994172685, -21.220273136082191 ], [ -44.880280752254279, -21.220322204872808 ], [ -44.880280752253363, -21.221351114397514 ], [ -44.880550246838609, -21.221351114397518 ], [ -44.880550246838609, -21.220273136056566 ], [ -44.880317994172685, -21.220273136082191 ] ] ] } },
{ "type": "Feature", "properties": { "anos_com_queima": 2, "area_ha": 9.0088720651888554, "inicio": 2011.0, "fim": 2025.0, "tipo": "recurrence", "id_feicao": "recurrence_2011_2025_1038" }, "geometry": { "type": "Polygon", "coordinates": [ [ [ -44.98511414591011, -21.221890103567993 ], [ -44.98511414591011, -21.220542630641813 ], [ -44.98538364049535, -21.220542630641802 ], [ -44.98538364049535, -21.220273136056573 ], [ -44.985653135080582, -21.220273136056576 ], [ -44.985653135080582, -21.220812125227049 ], [ -44.985922629665822, -21.220812125227042 ], [ -44.985922629665822, -21.22189010356799 ], [ -44.987809091762472, -21.221890103567993 ], [ -44.987809091762472, -21.22162060898275 ], [ -44.988617575518177, -21.221620608982747 ], [ -44.988617575518177, -21.221351114397525 ], [ -44.987809091762472, -21.22135111439751 ], [ -44.987809091762472, -21.221081619812281 ], [ -44.986731113421527, -21.221081619812281 ], [ -44.986731113421527, -21.219464652300868 ], [ -44.98538364049535, -21.219464652300861 ], [ -44.98538364049535, -21.218656168545159 ], [ -44.984036167569172, -21.218656168545159 ], [ -44.984036167569172, -21.219734146886093 ], [ -44.983766672983933, -21.219734146886093 ], [ -44.983766672983933, -21.221081619812278 ], [ -44.984036167569172, -21.221081619812281 ], [ -44.984036167569172, -21.221351114397518 ], [ -44.984305662154405, -21.221351114397514 ], [ -44.984305662154405, -21.22189010356799 ], [ -44.98511414591011, -21.221890103567993 ] ] ] } },
{ "type": "Feature", "properties": { "anos_com_queima": 2, "area_ha": 0.33366474927805723, "inicio": 2011.0, "fim": 2025.0, "tipo": "recurrence", "id_feicao": "recurrence_2011_2025_1039" }, "geometry": { "type": "Polygon", "coordinates": [ [ [ -44.895641943611807, -21.219464652300871 ], [ -44.895641943611807, -21.2197341468861 ], [ -44.896719921952752, -21.219734146886104 ], [ -44.896719921952752, -21.219464652300861 ], [ -44.895641943611807, -21.219464652300871 ] ] ] } },
{ "type": "Feature", "properties": { "anos_com_queima": 2, "area_ha": 0.33366536444183437, "inicio": 2011.0, "fim": 2025.0, "tipo": "recurrence", "id_feicao": "recurrence_2011_2025_1040" }, "geometry": { "type": "Polygon", "coordinates": [ [ [ -44.894563965270862, -21.219464652300871 ], [ -44.895641943611807, -21.219464652300871 ], [ -44.895641943611807, -21.219195157715625 ], [ -44.894563965270862, -21.219195157715628 ], [ -44.894563965270862, -21.219464652300871 ] ] ] } },
{ "type": "Feature", "properties": { "anos_com_queima": 2, "area_ha": 0.33366680024750528, "inicio": 2011.0, "fim": 2025.0, "tipo": "recurrence", "id_feicao": "recurrence_2011_2025_1041" }, "geometry": { "type": "Polygon", "coordinates": [ [ [ -44.897797900293696, -21.219195157715632 ], [ -44.898067394878929, -21.219195157715632 ], [ -44.898067394878929, -21.218117179374687 ], [ -44.897797900293696, -21.218117179374683 ], [ -44.897797900293696, -21.219195157715632 ] ] ] } },
{ "type": "Feature", "properties": { "anos_com_queima": 2, "area_ha": 0.083416939394208287, "inicio": 2011.0, "fim": 2025.0, "tipo": "recurrence", "id_feicao": "recurrence_2011_2025_1042" }, "geometry": { "type": "Polygon", "coordinates": [ [ [ -44.89429447068563, -21.218117179374687 ], [ -44.89429447068563, -21.218386673959913 ], [ -44.894563965270862, -21.218386673959927 ], [ -44.894563965270862, -21.218117179374691 ], [ -44.89429447068563, -21.218117179374687 ] ] ] } },
{ "type": "Feature", "properties": { "anos_com_queima": 2, "area_ha": 0.083417222023281196, "inicio": 2011.0, "fim": 2025.0, "tipo": "recurrence", "id_feicao": "recurrence_2011_2025_1043" }, "geometry": { "type": "Polygon", "coordinates": [ [ [ -44.897528405708456, -21.217578190204225 ], [ -44.897528405708456, -21.217847684789447 ], [ -44.897797900293696, -21.217847684789451 ], [ -44.897797900293696, -21.217578190204225 ], [ -44.897528405708456, -21.217578190204225 ] ] ] } },
{ "type": "Feature", "properties": { "anos_com_queima": 2, "area_ha": 0.083417372029225223, "inicio": 2011.0, "fim": 2025.0, "tipo": "recurrence", "id_feicao": "recurrence_2011_2025_1044" }, "geometry": { "type": "Polygon", "coordinates": [ [ [ -44.897258911123224, -21.217308695618978 ], [ -44.897258911123224, -21.217578190204215 ], [ -44.897528405708456, -21.217578190204225 ], [ -44.897528405708456, -21.217308695618982 ], [ -44.897258911123224, -21.217308695618978 ] ] ] } },
{ "type": "Feature", "properties": { "anos_com_queima": 2, "area_ha": 0.2502532108566724, "inicio": 2011.0, "fim": 2025.0, "tipo": "recurrence", "id_feicao": "recurrence_2011_2025_1045" }, "geometry": { "type": "Polygon", "coordinates": [ [ [ -44.986731113421527, -21.21650021186327 ], [ -44.987539597177239, -21.216500211863274 ], [ -44.987539597177239, -21.21623071727803 ], [ -44.986731113421527, -21.216230717278027 ], [ -44.986731113421527, -21.21650021186327 ] ] ] } },
{ "type": "Feature", "properties": { "anos_com_queima": 2, "area_ha": 0.33367154079005124, "inicio": 2011.0, "fim": 2025.0, "tipo": "recurrence", "id_feicao": "recurrence_2011_2025_1046" }, "geometry": { "type": "Polygon", "coordinates": [ [ [ -44.987539597177239, -21.21623071727803 ], [ -44.988617575518177, -21.216230717278027 ], [ -44.988617575518177, -21.215961222692805 ], [ -44.987539597177239, -21.215961222692798 ], [ -44.987539597177239, -21.21623071727803 ] ] ] } },
{ "type": "Feature", "properties": { "anos_com_queima": 2, "area_ha": 0.58392629699856891, "inicio": 2011.0, "fim": 2025.0, "tipo": "recurrence", "id_feicao": "recurrence_2011_2025_1047" }, "geometry": { "type": "Polygon", "coordinates": [ [ [ -44.986461618836294, -21.21623071727803 ], [ -44.986461618836294, -21.215961222692798 ], [ -44.986192124251055, -21.215961222692798 ], [ -44.986192124251055, -21.215422233522329 ], [ -44.985653135080582, -21.215422233522329 ], [ -44.985653135080582, -21.216230717278037 ], [ -44.986461618836294, -21.21623071727803 ] ] ] } },
{ "type": "Feature", "properties": { "anos_com_queima": 2, "area_ha": 0.083418481747041251, "inicio": 2011.0, "fim": 2025.0, "tipo": "recurrence", "id_feicao": "recurrence_2011_2025_1048" }, "geometry": { "type": "Polygon", "coordinates": [ [ [ -44.98538364049535, -21.21488324435186 ], [ -44.98538364049535, -21.215152738937093 ], [ -44.985653135080582, -21.215152738937089 ], [ -44.985653135080582, -21.214883244351849 ], [ -44.98538364049535, -21.21488324435186 ] ] ] } },
{ "type": "Feature", "properties": { "anos_com_queima": 2, "area_ha": 0.25025634166181338, "inicio": 2011.0, "fim": 2025.0, "tipo": "recurrence", "id_feicao": "recurrence_2011_2025_1049" }, "geometry": { "type": "Polygon", "coordinates": [ [ [ -44.9834971783987, -21.214074760596141 ], [ -44.9834971783987, -21.214883244351853 ], [ -44.983766672983933, -21.214883244351853 ], [ -44.983766672983933, -21.214074760596144 ], [ -44.9834971783987, -21.214074760596141 ] ] ] } },
{ "type": "Feature", "properties": { "anos_com_queima": 2, "area_ha": 0.50051535473903641, "inicio": 2011.0, "fim": 2025.0, "tipo": "recurrence", "id_feicao": "recurrence_2011_2025_1050" }, "geometry": { "type": "Polygon", "coordinates": [ [ [ -44.984305662154405, -21.213805266010908 ], [ -44.985922629665822, -21.213805266010901 ], [ -44.985922629665822, -21.213535771425679 ], [ -44.984305662154405, -21.213535771425683 ], [ -44.984305662154405, -21.213805266010908 ] ] ] } },
{ "type": "Feature", "properties": { "anos_com_queima": 2, "area_ha": 0.16683889501988888, "inicio": 2011.0, "fim": 2025.0, "tipo": "recurrence", "id_feicao": "recurrence_2011_2025_1051" }, "geometry": { "type": "Polygon", "coordinates": [ [ [ -44.987270102591999, -21.213535771425676 ], [ -44.987539597177239, -21.213535771425676 ], [ -44.987539597177239, -21.212996782255207 ], [ -44.987270102591999, -21.212996782255203 ], [ -44.987270102591999, -21.213535771425676 ] ] ] } },
{ "type": "Feature", "properties": { "anos_com_queima": 2, "area_ha": 0.16683948969663753, "inicio": 2011.0, "fim": 2025.0, "tipo": "recurrence", "id_feicao": "recurrence_2011_2025_1052" }, "geometry": { "type": "Polygon", "coordinates": [ [ [ -44.987539597177239, -21.212457793084734 ], [ -44.987539597177239, -21.212996782255207 ], [ -44.987809091762472, -21.212996782255207 ], [ -44.987809091762472, -21.212457793084731 ], [ -44.987539597177239, -21.212457793084734 ] ] ] } },
{ "type": "Feature", "properties": { "anos_com_queima": 2, "area_ha": 1.6685019843794406, "inicio": 2011.0, "fim": 2025.0, "tipo": "recurrence", "id_feicao": "recurrence_2011_2025_1053" }, "geometry": { "type": "Polygon", "coordinates": [ [ [ -44.985653135080582, -21.203564471771951 ], [ -44.987000608006767, -21.203564471771951 ], [ -44.987000608006767, -21.202486493431007 ], [ -44.985653135080582, -21.202486493431014 ], [ -44.985653135080582, -21.203564471771951 ] ] ] } },
{ "type": "Feature", "properties": { "anos_com_queima": 2, "area_ha": 0.83425259329192336, "inicio": 2011.0, "fim": 2025.0, "tipo": "recurrence", "id_feicao": "recurrence_2011_2025_1054" }, "geometry": { "type": "Polygon", "coordinates": [ [ [ -44.982958189228228, -21.203025482601475 ], [ -44.982419200057755, -21.203025482601479 ], [ -44.982419200057755, -21.202216998845774 ], [ -44.981880210887283, -21.202216998845778 ], [ -44.981880210887283, -21.203294977186715 ], [ -44.982958189228228, -21.203294977186708 ], [ -44.982958189228228, -21.203025482601475 ] ] ] } },
{ "type": "Feature", "properties": { "anos_com_queima": 2, "area_ha": 0.75082787027305742, "inicio": 2011.0, "fim": 2025.0, "tipo": "recurrence", "id_feicao": "recurrence_2011_2025_1055" }, "geometry": { "type": "Polygon", "coordinates": [ [ [ -44.982958189228228, -21.20248649343101 ], [ -44.982958189228228, -21.203025482601475 ], [ -44.984036167569172, -21.203025482601479 ], [ -44.984036167569172, -21.202216998845774 ], [ -44.983766672983933, -21.202216998845767 ], [ -44.983766672983933, -21.20248649343101 ], [ -44.982958189228228, -21.20248649343101 ] ] ] } },
{ "type": "Feature", "properties": { "anos_com_queima": 2, "area_ha": 0.4171281089078635, "inicio": 2011.0, "fim": 2025.0, "tipo": "recurrence", "id_feicao": "recurrence_2011_2025_1056" }, "geometry": { "type": "Polygon", "coordinates": [ [ [ -44.982419200057755, -21.202216998845774 ], [ -44.983766672983933, -21.202216998845767 ], [ -44.983766672983933, -21.201947504260534 ], [ -44.982419200057755, -21.201947504260531 ], [ -44.982419200057755, -21.202216998845774 ] ] ] } },
{ "type": "Feature", "properties": { "anos_com_queima": 2, "area_ha": 1.6689416688866914, "inicio": 2011.0, "fim": 2025.0, "tipo": "recurrence", "id_feicao": "recurrence_2011_2025_1057" }, "geometry": { "type": "Polygon", "coordinates": [ [ [ -44.985922629665822, -21.16367927315704 ], [ -44.987270102591999, -21.163679273157037 ], [ -44.987270102591999, -21.162601294816099 ], [ -44.985922629665822, -21.162601294816099 ], [ -44.985922629665822, -21.16367927315704 ] ] ] } },
{ "type": "Feature", "properties": { "anos_com_queima": 3, "area_ha": 4.915934376140684, "inicio": 2011.0, "fim": 2025.0, "tipo": "recurrence", "id_feicao": "recurrence_2011_2025_1058" }, "geometry": { "type": "Polygon", "coordinates": [ [ [ -45.104769741754836, -21.390324219340393 ], [ -45.102613785072947, -21.390324219340396 ], [ -45.102613785072947, -21.392210681437046 ], [ -45.103422268828652, -21.392210681437046 ], [ -45.103422268828652, -21.392480176022289 ], [ -45.104230752584364, -21.392480176022282 ], [ -45.104230752584364, -21.392210681437049 ], [ -45.104769741754836, -21.392210681437049 ], [ -45.104769741754836, -21.390324219340393 ] ] ] } },
{ "type": "Feature", "properties": { "anos_com_queima": 3, "area_ha": 0.50018909695250913, "inicio": 2011.0, "fim": 2025.0, "tipo": "recurrence", "id_feicao": "recurrence_2011_2025_1059" }, "geometry": { "type": "Polygon", "coordinates": [ [ [ -45.12174790062469, -21.312440284207245 ], [ -45.122286889795163, -21.312440284207238 ], [ -45.122286889795163, -21.31270977879247 ], [ -45.122825878965635, -21.312709778792478 ], [ -45.122825878965635, -21.312170789621998 ], [ -45.12174790062469, -21.312170789622005 ], [ -45.12174790062469, -21.312440284207245 ] ] ] } },
{ "type": "Feature", "properties": { "anos_com_queima": 3, "area_ha": 0.083366109626926477, "inicio": 2011.0, "fim": 2025.0, "tipo": "recurrence", "id_feicao": "recurrence_2011_2025_1060" }, "geometry": { "type": "Polygon", "coordinates": [ [ [ -45.108003676777663, -21.310014832940116 ], [ -45.107734182192431, -21.310014832940119 ], [ -45.107734182192431, -21.310284327525352 ], [ -45.108003676777663, -21.310284327525352 ], [ -45.108003676777663, -21.310014832940116 ] ] ] } },
{ "type": "Feature", "properties": { "anos_com_queima": 3, "area_ha": 3.0845796722883603, "inicio": 2011.0, "fim": 2025.0, "tipo": "recurrence", "id_feicao": "recurrence_2011_2025_1061" }, "geometry": { "type": "Polygon", "coordinates": [ [ [ -45.106656203851486, -21.308936854599178 ], [ -45.106656203851486, -21.308667360013928 ], [ -45.107734182192431, -21.308667360013924 ], [ -45.107734182192431, -21.308936854599175 ], [ -45.108003676777663, -21.308936854599164 ], [ -45.108003676777663, -21.309745338354873 ], [ -45.108273171362903, -21.309745338354887 ], [ -45.108273171362903, -21.30758938167299 ], [ -45.106656203851486, -21.307589381672987 ], [ -45.106656203851486, -21.308128370843455 ], [ -45.106386709266246, -21.308128370843466 ], [ -45.106386709266246, -21.308397865428692 ], [ -45.106117214681014, -21.308397865428695 ], [ -45.106117214681014, -21.309745338354876 ], [ -45.106386709266246, -21.309745338354883 ], [ -45.106386709266246, -21.308936854599175 ], [ -45.106656203851486, -21.308936854599178 ] ] ] } },
{ "type": "Feature", "properties": { "anos_com_queima": 3, "area_ha": 12.588333936334458, "inicio": 2011.0, "fim": 2025.0, "tipo": "recurrence", "id_feicao": "recurrence_2011_2025_1062" }, "geometry": { "type": "Polygon", "coordinates": [ [ [ -45.113124073897147, -21.307858876258219 ], [ -45.113124073897147, -21.310014832940105 ], [ -45.112854579311907, -21.310014832940112 ], [ -45.112854579311907, -21.311092811281053 ], [ -45.112046095556202, -21.311092811281057 ], [ -45.112046095556202, -21.311362305866282 ], [ -45.112585084726675, -21.311362305866293 ], [ -45.112585084726675, -21.311631800451519 ], [ -45.113124073897147, -21.311631800451526 ], [ -45.113124073897147, -21.311901295036758 ], [ -45.11339356848238, -21.311901295036762 ], [ -45.11339356848238, -21.312170789622005 ], [ -45.113663063067619, -21.312170789621998 ], [ -45.113663063067619, -21.312440284207234 ], [ -45.115010535993797, -21.312440284207231 ], [ -45.115010535993797, -21.312170789622002 ], [ -45.115280030579029, -21.312170789622002 ], [ -45.115280030579029, -21.311631800451529 ], [ -45.115549525164269, -21.311631800451526 ], [ -45.115549525164269, -21.309475843769633 ], [ -45.116088514334741, -21.309475843769636 ], [ -45.116088514334741, -21.308128370843452 ], [ -45.116896998090446, -21.308128370843459 ], [ -45.116896998090446, -21.307858876258223 ], [ -45.115819019749502, -21.307858876258226 ], [ -45.115819019749502, -21.308128370843466 ], [ -45.115280030579029, -21.308128370843455 ], [ -45.115280030579029, -21.310014832940112 ], [ -45.113663063067619, -21.310014832940109 ], [ -45.113663063067619, -21.30974533835488 ], [ -45.11339356848238, -21.309745338354883 ], [ -45.11339356848238, -21.306780897917285 ], [ -45.113124073897147, -21.306780897917282 ], [ -45.113124073897147, -21.304624941235389 ], [ -45.112854579311907, -21.304624941235396 ], [ -45.112854579311907, -21.305163930405861 ], [ -45.112585084726675, -21.305163930405865 ], [ -45.112585084726675, -21.30597241416158 ], [ -45.112315590141435, -21.30597241416158 ], [ -45.112315590141435, -21.306780897917278 ], [ -45.112046095556202, -21.306780897917282 ], [ -45.112046095556202, -21.307858876258219 ], [ -45.113124073897147, -21.307858876258219 ] ] ] } },
{ "type": "Feature", "properties": { "anos_com_queima": 3, "area_ha": 18.424685683614378, "inicio": 2011.0, "fim": 2025.0, "tipo": "recurrence", "id_feicao": "recurrence_2011_2025_1063" }, "geometry": { "type": "Polygon", "coordinates": [ [ [ -45.116896998090446, -21.305433424991101 ], [ -45.116896998090446, -21.307858876258223 ], [ -45.117166492675686, -21.307858876258226 ], [ -45.117166492675686, -21.306241908746806 ], [ -45.117435987260919, -21.306241908746795 ], [ -45.117435987260919, -21.305972414161577 ], [ -45.118513965601863, -21.30597241416158 ], [ -45.118513965601863, -21.305702919576337 ], [ -45.119322449357568, -21.305702919576341 ], [ -45.119322449357568, -21.304624941235389 ], [ -45.119591943942808, -21.304624941235392 ], [ -45.119591943942808, -21.304355446650153 ], [ -45.122556384380403, -21.304355446650163 ], [ -45.122556384380403, -21.304085952064916 ], [ -45.123364868136107, -21.304085952064927 ], [ -45.123364868136107, -21.303816457479691 ], [ -45.123634362721347, -21.303816457479687 ], [ -45.123634362721347, -21.30246898455351 ], [ -45.123364868136107, -21.302468984553514 ], [ -45.123364868136107, -21.302199489968277 ], [ -45.123095373550875, -21.302199489968274 ], [ -45.123095373550875, -21.301929995383038 ], [ -45.12201739520993, -21.301929995383038 ], [ -45.12201739520993, -21.302199489968277 ], [ -45.118244471016624, -21.302199489968274 ], [ -45.118244471016624, -21.303816457479691 ], [ -45.116896998090446, -21.303816457479691 ], [ -45.116896998090446, -21.304085952064924 ], [ -45.117166492675686, -21.304085952064916 ], [ -45.117166492675686, -21.305433424991104 ], [ -45.116896998090446, -21.305433424991101 ] ], [ [ -45.119052954772336, -21.304085952064927 ], [ -45.118513965601863, -21.30408595206492 ], [ -45.118513965601863, -21.303816457479687 ], [ -45.119052954772336, -21.303816457479691 ], [ -45.119052954772336, -21.304085952064927 ] ] ] } },
{ "type": "Feature", "properties": { "anos_com_queima": 3, "area_ha": 0.50021744058228357, "inicio": 2011.0, "fim": 2025.0, "tipo": "recurrence", "id_feicao": "recurrence_2011_2025_1064" }, "geometry": { "type": "Polygon", "coordinates": [ [ [ -45.11339356848238, -21.303546962894455 ], [ -45.11339356848238, -21.30408595206492 ], [ -45.113124073897147, -21.304085952064916 ], [ -45.113124073897147, -21.304355446650153 ], [ -45.113663063067619, -21.30435544665016 ], [ -45.113663063067619, -21.304085952064916 ], [ -45.113932557652852, -21.304085952064924 ], [ -45.113932557652852, -21.303546962894455 ], [ -45.11339356848238, -21.303546962894455 ] ] ] } },
{ "type": "Feature", "properties": { "anos_com_queima": 3, "area_ha": 0.16673946842681581, "inicio": 2011.0, "fim": 2025.0, "tipo": "recurrence", "id_feicao": "recurrence_2011_2025_1065" }, "geometry": { "type": "Polygon", "coordinates": [ [ [ -45.115549525164269, -21.303546962894458 ], [ -45.115549525164269, -21.303816457479691 ], [ -45.116088514334741, -21.303816457479687 ], [ -45.116088514334741, -21.303546962894458 ], [ -45.115549525164269, -21.303546962894458 ] ] ] } },
{ "type": "Feature", "properties": { "anos_com_queima": 3, "area_ha": 0.33347951227258893, "inicio": 2011.0, "fim": 2025.0, "tipo": "recurrence", "id_feicao": "recurrence_2011_2025_1066" }, "geometry": { "type": "Polygon", "coordinates": [ [ [ -45.115280030579029, -21.303277468309215 ], [ -45.114202052238092, -21.303277468309219 ], [ -45.114202052238092, -21.303546962894462 ], [ -45.115280030579029, -21.303546962894458 ], [ -45.115280030579029, -21.303277468309215 ] ] ] } },
{ "type": "Feature", "properties": { "anos_com_queima": 3, "area_ha": 0.33368388652461106, "inicio": 2011.0, "fim": 2025.0, "tipo": "recurrence", "id_feicao": "recurrence_2011_2025_1067" }, "geometry": { "type": "Polygon", "coordinates": [ [ [ -45.092103496248747, -21.210301836402838 ], [ -45.092103496248747, -21.211379814743793 ], [ -45.092372990833987, -21.21137981474379 ], [ -45.092372990833987, -21.210301836402849 ], [ -45.092103496248747, -21.210301836402838 ] ] ] } },
{ "type": "Feature", "properties": { "anos_com_queima": 3, "area_ha": 19.187117672213883, "inicio": 2011.0, "fim": 2025.0, "tipo": "recurrence", "id_feicao": "recurrence_2011_2025_1068" }, "geometry": { "type": "Polygon", "coordinates": [ [ [ -45.092103496248747, -21.209493352647137 ], [ -45.092103496248747, -21.209762847232369 ], [ -45.092372990833987, -21.209762847232366 ], [ -45.092372990833987, -21.210301836402849 ], [ -45.094528947515869, -21.210301836402849 ], [ -45.094528947515869, -21.210032341817605 ], [ -45.094798442101109, -21.210032341817612 ], [ -45.094798442101109, -21.209762847232373 ], [ -45.095067936686341, -21.209762847232373 ], [ -45.095067936686341, -21.209493352647144 ], [ -45.095337431271581, -21.209493352647133 ], [ -45.095337431271581, -21.2092238580619 ], [ -45.096954398782991, -21.2092238580619 ], [ -45.096954398782991, -21.208684868891435 ], [ -45.097493387953463, -21.208684868891435 ], [ -45.097493387953463, -21.207606890550487 ], [ -45.097223893368231, -21.207606890550487 ], [ -45.097223893368231, -21.206798406794785 ], [ -45.093450969174924, -21.206798406794782 ], [ -45.093450969174924, -21.206528912209542 ], [ -45.093181474589692, -21.206528912209549 ], [ -45.093181474589692, -21.207067901380022 ], [ -45.091564507078274, -21.207067901380022 ], [ -45.091564507078274, -21.208954363476668 ], [ -45.091025517907802, -21.208954363476668 ], [ -45.091025517907802, -21.209223858061904 ], [ -45.091564507078274, -21.2092238580619 ], [ -45.091564507078274, -21.20949335264714 ], [ -45.092103496248747, -21.209493352647137 ] ] ] } },
{ "type": "Feature", "properties": { "anos_com_queima": 3, "area_ha": 4.5048227019771936, "inicio": 2011.0, "fim": 2025.0, "tipo": "recurrence", "id_feicao": "recurrence_2011_2025_1069" }, "geometry": { "type": "Polygon", "coordinates": [ [ [ -45.107734182192431, -21.209223858061907 ], [ -45.108542665948136, -21.2092238580619 ], [ -45.108542665948136, -21.208954363476661 ], [ -45.108812160533368, -21.208954363476668 ], [ -45.108812160533368, -21.207606890550483 ], [ -45.108273171362903, -21.207606890550483 ], [ -45.108273171362903, -21.207067901380018 ], [ -45.107734182192431, -21.207067901380022 ], [ -45.107734182192431, -21.206798406794778 ], [ -45.106386709266246, -21.206798406794778 ], [ -45.106386709266246, -21.207876385135716 ], [ -45.106925698436719, -21.207876385135727 ], [ -45.106925698436719, -21.208145879720952 ], [ -45.107195193021958, -21.208145879720952 ], [ -45.107195193021958, -21.208684868891435 ], [ -45.107734182192431, -21.208684868891428 ], [ -45.107734182192431, -21.209223858061907 ] ] ] } },
{ "type": "Feature", "properties": { "anos_com_queima": 3, "area_ha": 0.083423423258960253, "inicio": 2011.0, "fim": 2025.0, "tipo": "recurrence", "id_feicao": "recurrence_2011_2025_1070" }, "geometry": { "type": "Polygon", "coordinates": [ [ [ -45.091834001663514, -21.206259417624306 ], [ -45.091564507078274, -21.206259417624306 ], [ -45.091564507078274, -21.206528912209542 ], [ -45.091834001663514, -21.206528912209546 ], [ -45.091834001663514, -21.206259417624306 ] ] ] } },
{ "type": "Feature", "properties": { "anos_com_queima": 3, "area_ha": 0.66739037324674433, "inicio": 2011.0, "fim": 2025.0, "tipo": "recurrence", "id_feicao": "recurrence_2011_2025_1071" }, "geometry": { "type": "Polygon", "coordinates": [ [ [ -45.092372990833987, -21.205181439283368 ], [ -45.091834001663514, -21.205181439283368 ], [ -45.091834001663514, -21.206259417624306 ], [ -45.092372990833987, -21.206259417624313 ], [ -45.092372990833987, -21.205181439283368 ] ] ] } },
{ "type": "Feature", "properties": { "anos_com_queima": 3, "area_ha": 11.51255039569763, "inicio": 2011.0, "fim": 2025.0, "tipo": "recurrence", "id_feicao": "recurrence_2011_2025_1072" }, "geometry": { "type": "Polygon", "coordinates": [ [ [ -45.116088514334741, -21.206528912209542 ], [ -45.116088514334741, -21.20625941762431 ], [ -45.116358008919974, -21.206259417624313 ], [ -45.116358008919974, -21.205450933868601 ], [ -45.116627503505214, -21.205450933868605 ], [ -45.116627503505214, -21.203833966357184 ], [ -45.114471546823324, -21.203833966357184 ], [ -45.114471546823324, -21.20437295552766 ], [ -45.113932557652852, -21.204372955527663 ], [ -45.113932557652852, -21.204642450112896 ], [ -45.112046095556202, -21.204642450112896 ], [ -45.112046095556202, -21.205989923039073 ], [ -45.112315590141435, -21.205989923039073 ], [ -45.112315590141435, -21.206528912209549 ], [ -45.116088514334741, -21.206528912209542 ] ] ] } },
{ "type": "Feature", "properties": { "anos_com_queima": 3, "area_ha": 1.9187973919604069, "inicio": 2011.0, "fim": 2025.0, "tipo": "recurrence", "id_feicao": "recurrence_2011_2025_1073" }, "geometry": { "type": "Polygon", "coordinates": [ [ [ -45.091834001663514, -21.201139020504826 ], [ -45.091834001663514, -21.201408515090066 ], [ -45.091564507078274, -21.201408515090062 ], [ -45.091564507078274, -21.20248649343101 ], [ -45.092911980004459, -21.202486493431007 ], [ -45.092911980004459, -21.201408515090062 ], [ -45.092642485419219, -21.201408515090066 ], [ -45.092642485419219, -21.201139020504822 ], [ -45.091834001663514, -21.201139020504826 ] ] ] } },
{ "type": "Feature", "properties": { "anos_com_queima": 3, "area_ha": 0.16685494194366038, "inicio": 2011.0, "fim": 2025.0, "tipo": "recurrence", "id_feicao": "recurrence_2011_2025_1074" }, "geometry": { "type": "Polygon", "coordinates": [ [ [ -45.115280030579029, -21.198983063822936 ], [ -45.115010535993797, -21.19898306382294 ], [ -45.115010535993797, -21.199522052993409 ], [ -45.115280030579029, -21.199522052993409 ], [ -45.115280030579029, -21.198983063822936 ] ] ] } },
{ "type": "Feature", "properties": { "anos_com_queima": 3, "area_ha": 4.8387961048269874, "inicio": 2011.0, "fim": 2025.0, "tipo": "recurrence", "id_feicao": "recurrence_2011_2025_1075" }, "geometry": { "type": "Polygon", "coordinates": [ [ [ -45.111776600970963, -21.198444074652471 ], [ -45.111776600970963, -21.198174580067228 ], [ -45.11150710638573, -21.198174580067231 ], [ -45.11150710638573, -21.198444074652475 ], [ -45.108542665948136, -21.198444074652475 ], [ -45.108542665948136, -21.199791547578645 ], [ -45.110159633459553, -21.199791547578656 ], [ -45.110159633459553, -21.199252558408173 ], [ -45.112585084726675, -21.199252558408176 ], [ -45.112585084726675, -21.198444074652468 ], [ -45.111776600970963, -21.198444074652471 ] ] ] } },
{ "type": "Feature", "properties": { "anos_com_queima": 3, "area_ha": 1.9188396061951054, "inicio": 2011.0, "fim": 2025.0, "tipo": "recurrence", "id_feicao": "recurrence_2011_2025_1076" }, "geometry": { "type": "Polygon", "coordinates": [ [ [ -45.117166492675686, -21.19925255840818 ], [ -45.117166492675686, -21.198444074652468 ], [ -45.118244471016624, -21.198444074652468 ], [ -45.118244471016624, -21.197905085481995 ], [ -45.116358008919974, -21.197905085481988 ], [ -45.116358008919974, -21.199252558408173 ], [ -45.117166492675686, -21.19925255840818 ] ] ] } },
{ "type": "Feature", "properties": { "anos_com_queima": 3, "area_ha": 0.33371144447661938, "inicio": 2011.0, "fim": 2025.0, "tipo": "recurrence", "id_feicao": "recurrence_2011_2025_1077" }, "geometry": { "type": "Polygon", "coordinates": [ [ [ -45.114471546823324, -21.198444074652464 ], [ -45.114741041408557, -21.198444074652475 ], [ -45.114741041408557, -21.198983063822936 ], [ -45.115010535993797, -21.19898306382294 ], [ -45.115010535993797, -21.198174580067228 ], [ -45.114471546823324, -21.198174580067228 ], [ -45.114471546823324, -21.198444074652464 ] ] ] } },
{ "type": "Feature", "properties": { "anos_com_queima": 3, "area_ha": 0.41714279830834605, "inicio": 2011.0, "fim": 2025.0, "tipo": "recurrence", "id_feicao": "recurrence_2011_2025_1078" }, "geometry": { "type": "Polygon", "coordinates": [ [ [ -45.118244471016624, -21.197635590896766 ], [ -45.118244471016624, -21.197366096311519 ], [ -45.117435987260919, -21.19736609631153 ], [ -45.117435987260919, -21.197096601726287 ], [ -45.117166492675686, -21.19709660172629 ], [ -45.117166492675686, -21.197635590896759 ], [ -45.118244471016624, -21.197635590896766 ] ] ] } },
{ "type": "Feature", "properties": { "anos_com_queima": 3, "area_ha": 0.16685746755672026, "inicio": 2011.0, "fim": 2025.0, "tipo": "recurrence", "id_feicao": "recurrence_2011_2025_1079" }, "geometry": { "type": "Polygon", "coordinates": [ [ [ -45.114741041408557, -21.196827107141058 ], [ -45.114741041408557, -21.197096601726283 ], [ -45.115280030579029, -21.197096601726283 ], [ -45.115280030579029, -21.196827107141054 ], [ -45.114741041408557, -21.196827107141058 ] ] ] } },
{ "type": "Feature", "properties": { "anos_com_queima": 3, "area_ha": 0.16685777035765351, "inicio": 2011.0, "fim": 2025.0, "tipo": "recurrence", "id_feicao": "recurrence_2011_2025_1080" }, "geometry": { "type": "Polygon", "coordinates": [ [ [ -45.115819019749502, -21.196557612555818 ], [ -45.115280030579029, -21.196557612555814 ], [ -45.115280030579029, -21.196827107141054 ], [ -45.115819019749502, -21.196827107141054 ], [ -45.115819019749502, -21.196557612555818 ] ] ] } },
{ "type": "Feature", "properties": { "anos_com_queima": 3, "area_ha": 0.33371646875813604, "inicio": 2011.0, "fim": 2025.0, "tipo": "recurrence", "id_feicao": "recurrence_2011_2025_1081" }, "geometry": { "type": "Polygon", "coordinates": [ [ [ -45.117435987260919, -21.195749128800109 ], [ -45.117166492675686, -21.195749128800109 ], [ -45.117166492675686, -21.196827107141051 ], [ -45.117435987260919, -21.196827107141058 ], [ -45.117435987260919, -21.195749128800109 ] ] ] } },
{ "type": "Feature", "properties": { "anos_com_queima": 3, "area_ha": 1.5017304707996548, "inicio": 2011.0, "fim": 2025.0, "tipo": "recurrence", "id_feicao": "recurrence_2011_2025_1082" }, "geometry": { "type": "Polygon", "coordinates": [ [ [ -45.117166492675686, -21.195210139629637 ], [ -45.116896998090446, -21.195210139629641 ], [ -45.116896998090446, -21.194940645044404 ], [ -45.116358008919974, -21.194940645044404 ], [ -45.116358008919974, -21.195210139629641 ], [ -45.115819019749502, -21.195210139629637 ], [ -45.115819019749502, -21.196557612555818 ], [ -45.116358008919974, -21.196557612555811 ], [ -45.116358008919974, -21.195749128800109 ], [ -45.117166492675686, -21.195749128800109 ], [ -45.117166492675686, -21.195210139629637 ] ] ] } },
{ "type": "Feature", "properties": { "anos_com_queima": 3, "area_ha": 0.83430301704209819, "inicio": 2011.0, "fim": 2025.0, "tipo": "recurrence", "id_feicao": "recurrence_2011_2025_1083" }, "geometry": { "type": "Polygon", "coordinates": [ [ [ -45.112315590141435, -21.194671150459168 ], [ -45.112315590141435, -21.194401655873929 ], [ -45.111237611800497, -21.194401655873936 ], [ -45.111237611800497, -21.193862666703467 ], [ -45.110698622630025, -21.19386266670346 ], [ -45.110698622630025, -21.194671150459172 ], [ -45.112315590141435, -21.194671150459168 ] ] ] } },
{ "type": "Feature", "properties": { "anos_com_queima": 3, "area_ha": 0.33372319297933861, "inicio": 2011.0, "fim": 2025.0, "tipo": "recurrence", "id_feicao": "recurrence_2011_2025_1084" }, "geometry": { "type": "Polygon", "coordinates": [ [ [ -45.111237611800497, -21.193054182947751 ], [ -45.111237611800497, -21.193323677532987 ], [ -45.112315590141435, -21.193323677532987 ], [ -45.112315590141435, -21.193054182947751 ], [ -45.111237611800497, -21.193054182947751 ] ] ] } },
{ "type": "Feature", "properties": { "anos_com_queima": 3, "area_ha": 0.083432145818043493, "inicio": 2011.0, "fim": 2025.0, "tipo": "recurrence", "id_feicao": "recurrence_2011_2025_1085" }, "geometry": { "type": "Polygon", "coordinates": [ [ [ -45.113932557652852, -21.190628731680629 ], [ -45.113663063067619, -21.190628731680633 ], [ -45.113663063067619, -21.190898226265865 ], [ -45.113932557652852, -21.190898226265862 ], [ -45.113932557652852, -21.190628731680629 ] ] ] } },
{ "type": "Feature", "properties": { "anos_com_queima": 3, "area_ha": 0.083432304031368129, "inicio": 2011.0, "fim": 2025.0, "tipo": "recurrence", "id_feicao": "recurrence_2011_2025_1086" }, "geometry": { "type": "Polygon", "coordinates": [ [ [ -45.115549525164269, -21.190359237095386 ], [ -45.115549525164269, -21.190628731680622 ], [ -45.115819019749502, -21.190628731680626 ], [ -45.115819019749502, -21.190359237095389 ], [ -45.115549525164269, -21.190359237095386 ] ] ] } },
{ "type": "Feature", "properties": { "anos_com_queima": 3, "area_ha": 0.91775997133938836, "inicio": 2011.0, "fim": 2025.0, "tipo": "recurrence", "id_feicao": "recurrence_2011_2025_1087" }, "geometry": { "type": "Polygon", "coordinates": [ [ [ -45.112315590141435, -21.189011764169212 ], [ -45.112315590141435, -21.189820247924921 ], [ -45.112585084726675, -21.189820247924921 ], [ -45.112585084726675, -21.190359237095389 ], [ -45.113663063067619, -21.190359237095389 ], [ -45.113663063067619, -21.190089742510157 ], [ -45.112854579311907, -21.190089742510153 ], [ -45.112854579311907, -21.189011764169212 ], [ -45.112315590141435, -21.189011764169212 ] ] ] } },
{ "type": "Feature", "properties": { "anos_com_queima": 3, "area_ha": 0.66746777033656834, "inicio": 2011.0, "fim": 2025.0, "tipo": "recurrence", "id_feicao": "recurrence_2011_2025_1088" }, "geometry": { "type": "Polygon", "coordinates": [ [ [ -45.112315590141435, -21.188742269583969 ], [ -45.112854579311907, -21.18874226958398 ], [ -45.112854579311907, -21.18847277499874 ], [ -45.113124073897147, -21.188472774998743 ], [ -45.113124073897147, -21.187933785828271 ], [ -45.112315590141435, -21.187933785828275 ], [ -45.112315590141435, -21.188742269583969 ] ] ] } },
{ "type": "Feature", "properties": { "anos_com_queima": 3, "area_ha": 0.16686770367608952, "inicio": 2011.0, "fim": 2025.0, "tipo": "recurrence", "id_feicao": "recurrence_2011_2025_1089" }, "geometry": { "type": "Polygon", "coordinates": [ [ [ -45.113124073897147, -21.187394796657795 ], [ -45.113124073897147, -21.187933785828271 ], [ -45.11339356848238, -21.187933785828264 ], [ -45.11339356848238, -21.187394796657795 ], [ -45.113124073897147, -21.187394796657795 ] ] ] } },
{ "type": "Feature", "properties": { "anos_com_queima": 3, "area_ha": 8.0096656950084562, "inicio": 2011.0, "fim": 2025.0, "tipo": "recurrence", "id_feicao": "recurrence_2011_2025_1090" }, "geometry": { "type": "Polygon", "coordinates": [ [ [ -45.116358008919974, -21.1882032804135 ], [ -45.116358008919974, -21.187394796657792 ], [ -45.116627503505214, -21.187394796657795 ], [ -45.116627503505214, -21.186855807487326 ], [ -45.115819019749502, -21.186855807487323 ], [ -45.115819019749502, -21.186586312902094 ], [ -45.114741041408557, -21.18658631290209 ], [ -45.114741041408557, -21.185777829146378 ], [ -45.11339356848238, -21.185777829146385 ], [ -45.11339356848238, -21.187394796657795 ], [ -45.114202052238092, -21.187394796657799 ], [ -45.114202052238092, -21.18847277499874 ], [ -45.11339356848238, -21.188472774998743 ], [ -45.11339356848238, -21.189011764169212 ], [ -45.115819019749502, -21.189011764169212 ], [ -45.115819019749502, -21.188203280413507 ], [ -45.116358008919974, -21.1882032804135 ] ] ] } },
{ "type": "Feature", "properties": { "anos_com_queima": 3, "area_ha": 1.0012162175472825, "inicio": 2011.0, "fim": 2025.0, "tipo": "recurrence", "id_feicao": "recurrence_2011_2025_1091" }, "geometry": { "type": "Polygon", "coordinates": [ [ [ -45.116896998090446, -21.185777829146378 ], [ -45.115819019749502, -21.185777829146385 ], [ -45.115819019749502, -21.186586312902094 ], [ -45.116896998090446, -21.186586312902087 ], [ -45.116896998090446, -21.185777829146378 ] ] ] } },
{ "type": "Feature", "properties": { "anos_com_queima": 3, "area_ha": 19.274791880458594, "inicio": 2011.0, "fim": 2025.0, "tipo": "recurrence", "id_feicao": "recurrence_2011_2025_1092" }, "geometry": { "type": "Polygon", "coordinates": [ [ [ -45.108812160533368, -21.17607602407789 ], [ -45.110698622630025, -21.17607602407789 ], [ -45.110698622630025, -21.176884507833599 ], [ -45.110968117215258, -21.176884507833599 ], [ -45.110968117215258, -21.177154002418838 ], [ -45.113124073897147, -21.177154002418831 ], [ -45.113124073897147, -21.176345518663133 ], [ -45.113932557652852, -21.176345518663126 ], [ -45.113932557652852, -21.176076024077894 ], [ -45.114202052238092, -21.176076024077901 ], [ -45.114202052238092, -21.175806529492661 ], [ -45.114471546823324, -21.175806529492654 ], [ -45.114471546823324, -21.175267540322189 ], [ -45.117166492675686, -21.175267540322182 ], [ -45.117166492675686, -21.174189561981244 ], [ -45.113932557652852, -21.174189561981237 ], [ -45.113932557652852, -21.173920067396008 ], [ -45.112585084726675, -21.173920067396008 ], [ -45.112585084726675, -21.174189561981247 ], [ -45.110429128044785, -21.174189561981244 ], [ -45.110429128044785, -21.173920067396011 ], [ -45.109081655118608, -21.173920067396008 ], [ -45.109081655118608, -21.174998045736945 ], [ -45.108812160533368, -21.174998045736945 ], [ -45.108812160533368, -21.17607602407789 ] ] ] } },
{ "type": "Feature", "properties": { "anos_com_queima": 3, "area_ha": 1.2516107328005135, "inicio": 2011.0, "fim": 2025.0, "tipo": "recurrence", "id_feicao": "recurrence_2011_2025_1093" }, "geometry": { "type": "Polygon", "coordinates": [ [ [ -45.120939416868985, -21.175537034907418 ], [ -45.121208911454218, -21.175537034907418 ], [ -45.121208911454218, -21.175806529492661 ], [ -45.12201739520993, -21.175806529492654 ], [ -45.12201739520993, -21.174728551151716 ], [ -45.120939416868985, -21.174728551151709 ], [ -45.120939416868985, -21.175537034907418 ] ] ] } },
{ "type": "Feature", "properties": { "anos_com_queima": 3, "area_ha": 1.3335824882512655, "inicio": 2011.0, "fim": 2025.0, "tipo": "recurrence", "id_feicao": "recurrence_2011_2025_1094" }, "geometry": { "type": "Polygon", "coordinates": [ [ [ -45.031467214570682, -21.340198226486525 ], [ -45.031467214570682, -21.341276204827469 ], [ -45.032545192911627, -21.341276204827473 ], [ -45.032545192911627, -21.340198226486525 ], [ -45.031467214570682, -21.340198226486525 ] ] ] } },
{ "type": "Feature", "properties": { "anos_com_queima": 3, "area_ha": 0.33340011012356147, "inicio": 2011.0, "fim": 2025.0, "tipo": "recurrence", "id_feicao": "recurrence_2011_2025_1095" }, "geometry": { "type": "Polygon", "coordinates": [ [ [ -45.031467214570682, -21.338581258975115 ], [ -45.031467214570682, -21.338850753560351 ], [ -45.032545192911627, -21.33885075356034 ], [ -45.032545192911627, -21.338581258975118 ], [ -45.031467214570682, -21.338581258975115 ] ] ] } },
{ "type": "Feature", "properties": { "anos_com_queima": 3, "area_ha": 0.16670050577260553, "inicio": 2011.0, "fim": 2025.0, "tipo": "recurrence", "id_feicao": "recurrence_2011_2025_1096" }, "geometry": { "type": "Polygon", "coordinates": [ [ [ -45.03281468749686, -21.338042269804635 ], [ -45.032545192911627, -21.338042269804639 ], [ -45.032545192911627, -21.338581258975118 ], [ -45.03281468749686, -21.338581258975115 ], [ -45.03281468749686, -21.338042269804635 ] ] ] } },
{ "type": "Feature", "properties": { "anos_com_queima": 3, "area_ha": 0.16670110491070075, "inicio": 2011.0, "fim": 2025.0, "tipo": "recurrence", "id_feicao": "recurrence_2011_2025_1097" }, "geometry": { "type": "Polygon", "coordinates": [ [ [ -45.03281468749686, -21.337503280634163 ], [ -45.03281468749686, -21.338042269804635 ], [ -45.033084182082092, -21.338042269804632 ], [ -45.033084182082092, -21.337503280634166 ], [ -45.03281468749686, -21.337503280634163 ] ] ] } },
{ "type": "Feature", "properties": { "anos_com_queima": 3, "area_ha": 0.41675385141382759, "inicio": 2011.0, "fim": 2025.0, "tipo": "recurrence", "id_feicao": "recurrence_2011_2025_1098" }, "geometry": { "type": "Polygon", "coordinates": [ [ [ -45.027424795792143, -21.337233786048934 ], [ -45.027424795792143, -21.337503280634177 ], [ -45.028772268718321, -21.337503280634166 ], [ -45.028772268718321, -21.337233786048937 ], [ -45.027424795792143, -21.337233786048934 ] ] ] } },
{ "type": "Feature", "properties": { "anos_com_queima": 3, "area_ha": 1.3336158808745444, "inicio": 2011.0, "fim": 2025.0, "tipo": "recurrence", "id_feicao": "recurrence_2011_2025_1099" }, "geometry": { "type": "Polygon", "coordinates": [ [ [ -45.027424795792143, -21.336694796878465 ], [ -45.025268839110254, -21.336694796878461 ], [ -45.025268839110254, -21.337233786048937 ], [ -45.027424795792143, -21.337233786048934 ], [ -45.027424795792143, -21.336694796878465 ] ] ] } },
{ "type": "Feature", "properties": { "anos_com_queima": 3, "area_ha": 1.1669151746165991, "inicio": 2011.0, "fim": 2025.0, "tipo": "recurrence", "id_feicao": "recurrence_2011_2025_1100" }, "geometry": { "type": "Polygon", "coordinates": [ [ [ -45.033623171252565, -21.337503280634166 ], [ -45.033623171252565, -21.337233786048927 ], [ -45.033892665837804, -21.337233786048927 ], [ -45.033892665837804, -21.336155807707989 ], [ -45.033084182082092, -21.336155807707993 ], [ -45.033084182082092, -21.337503280634166 ], [ -45.033623171252565, -21.337503280634166 ] ] ] } },
{ "type": "Feature", "properties": { "anos_com_queima": 3, "area_ha": 1.5003314428269923, "inicio": 2011.0, "fim": 2025.0, "tipo": "recurrence", "id_feicao": "recurrence_2011_2025_1101" }, "geometry": { "type": "Polygon", "coordinates": [ [ [ -45.030119741644498, -21.335347323952281 ], [ -45.030119741644498, -21.335886313122746 ], [ -45.032545192911627, -21.335886313122753 ], [ -45.032545192911627, -21.335347323952284 ], [ -45.030119741644498, -21.335347323952281 ] ] ] } },
{ "type": "Feature", "properties": { "anos_com_queima": 3, "area_ha": 4.5843874430917202, "inicio": 2011.0, "fim": 2025.0, "tipo": "recurrence", "id_feicao": "recurrence_2011_2025_1102" }, "geometry": { "type": "Polygon", "coordinates": [ [ [ -45.035509633349221, -21.336155807707989 ], [ -45.036048622519687, -21.336155807707993 ], [ -45.036048622519687, -21.334538840196569 ], [ -45.036587611690159, -21.334538840196579 ], [ -45.036587611690159, -21.333191367270398 ], [ -45.035240138763982, -21.333191367270398 ], [ -45.035240138763982, -21.333730356440871 ], [ -45.03281468749686, -21.333730356440871 ], [ -45.03281468749686, -21.334269345611343 ], [ -45.035240138763982, -21.334269345611336 ], [ -45.035240138763982, -21.334538840196572 ], [ -45.035509633349221, -21.334538840196579 ], [ -45.035509633349221, -21.336155807707989 ] ] ] } },
{ "type": "Feature", "properties": { "anos_com_queima": 3, "area_ha": 12.002773147942452, "inicio": 2011.0, "fim": 2025.0, "tipo": "recurrence", "id_feicao": "recurrence_2011_2025_1103" }, "geometry": { "type": "Polygon", "coordinates": [ [ [ -45.025268839110254, -21.333460861855635 ], [ -45.025268839110254, -21.333191367270391 ], [ -45.025538333695494, -21.333191367270398 ], [ -45.025538333695494, -21.334269345611332 ], [ -45.026077322865966, -21.334269345611347 ], [ -45.026077322865966, -21.336155807707986 ], [ -45.028772268718321, -21.336155807707986 ], [ -45.028772268718321, -21.333460861855642 ], [ -45.027694290377376, -21.333460861855631 ], [ -45.027694290377376, -21.332921872685159 ], [ -45.026885806621671, -21.332921872685155 ], [ -45.026885806621671, -21.331574399758971 ], [ -45.025807828280726, -21.331574399758985 ], [ -45.025807828280726, -21.332382883514683 ], [ -45.025538333695494, -21.332382883514676 ], [ -45.025538333695494, -21.332652378099922 ], [ -45.025268839110254, -21.332652378099915 ], [ -45.025268839110254, -21.332921872685159 ], [ -45.024999344525021, -21.332921872685162 ], [ -45.024999344525021, -21.333460861855635 ], [ -45.025268839110254, -21.333460861855635 ] ], [ [ -45.025538333695494, -21.332921872685169 ], [ -45.026616312036438, -21.332921872685159 ], [ -45.026616312036438, -21.333191367270395 ], [ -45.025538333695494, -21.333191367270398 ], [ -45.025538333695494, -21.332921872685169 ] ] ] } },
{ "type": "Feature", "properties": { "anos_com_queima": 3, "area_ha": 2.0004887556806206, "inicio": 2011.0, "fim": 2025.0, "tipo": "recurrence", "id_feicao": "recurrence_2011_2025_1104" }, "geometry": { "type": "Polygon", "coordinates": [ [ [ -45.036587611690159, -21.331304905173745 ], [ -45.035509633349221, -21.331304905173749 ], [ -45.035509633349221, -21.332921872685169 ], [ -45.036587611690159, -21.332921872685166 ], [ -45.036587611690159, -21.331304905173745 ] ] ] } },
{ "type": "Feature", "properties": { "anos_com_queima": 3, "area_ha": 18.58796436981542, "inicio": 2011.0, "fim": 2025.0, "tipo": "recurrence", "id_feicao": "recurrence_2011_2025_1105" }, "geometry": { "type": "Polygon", "coordinates": [ [ [ -45.028502774133088, -21.332113388929454 ], [ -45.028502774133088, -21.332382883514679 ], [ -45.028772268718321, -21.332382883514693 ], [ -45.028772268718321, -21.333460861855642 ], [ -45.031467214570682, -21.333460861855635 ], [ -45.031467214570682, -21.333730356440874 ], [ -45.03281468749686, -21.333730356440871 ], [ -45.03281468749686, -21.332113388929457 ], [ -45.033084182082092, -21.332113388929454 ], [ -45.033084182082092, -21.330765916003273 ], [ -45.033353676667332, -21.330765916003266 ], [ -45.033353676667332, -21.329418443077095 ], [ -45.03281468749686, -21.329418443077088 ], [ -45.03281468749686, -21.328609959321387 ], [ -45.031736709155915, -21.32860995932139 ], [ -45.031736709155915, -21.328879453906612 ], [ -45.03065873081497, -21.32887945390662 ], [ -45.03065873081497, -21.329148948491849 ], [ -45.030389236229738, -21.329148948491849 ], [ -45.030389236229738, -21.331574399758981 ], [ -45.028233279547848, -21.331574399758974 ], [ -45.028233279547848, -21.33211338892945 ], [ -45.028502774133088, -21.332113388929454 ] ] ] } },
{ "type": "Feature", "properties": { "anos_com_queima": 3, "area_ha": 1.2503119691179398, "inicio": 2011.0, "fim": 2025.0, "tipo": "recurrence", "id_feicao": "recurrence_2011_2025_1106" }, "geometry": { "type": "Polygon", "coordinates": [ [ [ -45.027694290377376, -21.331035410588512 ], [ -45.027694290377376, -21.330765916003269 ], [ -45.026077322865966, -21.330765916003269 ], [ -45.026077322865966, -21.331035410588512 ], [ -45.026885806621671, -21.331035410588516 ], [ -45.026885806621671, -21.331304905173745 ], [ -45.027155301206903, -21.331304905173738 ], [ -45.027155301206903, -21.331574399758978 ], [ -45.028233279547848, -21.331574399758974 ], [ -45.028233279547848, -21.331035410588516 ], [ -45.027694290377376, -21.331035410588512 ] ] ] } },
{ "type": "Feature", "properties": { "anos_com_queima": 3, "area_ha": 0.33341794008705766, "inicio": 2011.0, "fim": 2025.0, "tipo": "recurrence", "id_feicao": "recurrence_2011_2025_1107" }, "geometry": { "type": "Polygon", "coordinates": [ [ [ -45.080784723668842, -21.330765916003273 ], [ -45.079706745327897, -21.330765916003276 ], [ -45.079706745327897, -21.331035410588509 ], [ -45.080784723668842, -21.331035410588509 ], [ -45.080784723668842, -21.330765916003273 ] ] ] } },
{ "type": "Feature", "properties": { "anos_com_queima": 3, "area_ha": 0.66684621021525992, "inicio": 2011.0, "fim": 2025.0, "tipo": "recurrence", "id_feicao": "recurrence_2011_2025_1108" }, "geometry": { "type": "Polygon", "coordinates": [ [ [ -45.024460355354549, -21.327262486395213 ], [ -45.024460355354549, -21.329418443077092 ], [ -45.024729849939781, -21.329418443077088 ], [ -45.024729849939781, -21.327262486395213 ], [ -45.024460355354549, -21.327262486395213 ] ] ] } },
{ "type": "Feature", "properties": { "anos_com_queima": 3, "area_ha": 0.083356453902814445, "inicio": 2011.0, "fim": 2025.0, "tipo": "recurrence", "id_feicao": "recurrence_2011_2025_1109" }, "geometry": { "type": "Polygon", "coordinates": [ [ [ -45.028502774133088, -21.326992991809977 ], [ -45.028502774133088, -21.327262486395206 ], [ -45.028772268718321, -21.32726248639521 ], [ -45.028772268718321, -21.326992991809977 ], [ -45.028502774133088, -21.326992991809977 ] ] ] } },
{ "type": "Feature", "properties": { "anos_com_queima": 3, "area_ha": 1.500425173844397, "inicio": 2011.0, "fim": 2025.0, "tipo": "recurrence", "id_feicao": "recurrence_2011_2025_1110" }, "geometry": { "type": "Polygon", "coordinates": [ [ [ -45.025807828280726, -21.326184508054268 ], [ -45.026077322865966, -21.326184508054268 ], [ -45.026077322865966, -21.326723497224737 ], [ -45.027155301206903, -21.326723497224737 ], [ -45.027155301206903, -21.325645518883793 ], [ -45.025807828280726, -21.3256455188838 ], [ -45.025807828280726, -21.326184508054268 ] ] ] } },
{ "type": "Feature", "properties": { "anos_com_queima": 3, "area_ha": 0.083357347404316176, "inicio": 2011.0, "fim": 2025.0, "tipo": "recurrence", "id_feicao": "recurrence_2011_2025_1111" }, "geometry": { "type": "Polygon", "coordinates": [ [ [ -45.025538333695494, -21.325376024298556 ], [ -45.025538333695494, -21.325645518883793 ], [ -45.025807828280726, -21.3256455188838 ], [ -45.025807828280726, -21.325376024298556 ], [ -45.025538333695494, -21.325376024298556 ] ] ] } },
{ "type": "Feature", "properties": { "anos_com_queima": 3, "area_ha": 0.25007248539413646, "inicio": 2011.0, "fim": 2025.0, "tipo": "recurrence", "id_feicao": "recurrence_2011_2025_1112" }, "geometry": { "type": "Polygon", "coordinates": [ [ [ -45.023651871598844, -21.32510652971332 ], [ -45.023651871598844, -21.32537602429856 ], [ -45.024460355354549, -21.325376024298556 ], [ -45.024460355354549, -21.325106529713317 ], [ -45.023651871598844, -21.32510652971332 ] ] ] } },
{ "type": "Feature", "properties": { "anos_com_queima": 3, "area_ha": 2.4178683572299779, "inicio": 2011.0, "fim": 2025.0, "tipo": "recurrence", "id_feicao": "recurrence_2011_2025_1113" }, "geometry": { "type": "Polygon", "coordinates": [ [ [ -45.031467214570682, -21.294923136166908 ], [ -45.03281468749686, -21.294923136166904 ], [ -45.03281468749686, -21.29357566324073 ], [ -45.032545192911627, -21.293575663240727 ], [ -45.032545192911627, -21.293306168655484 ], [ -45.031467214570682, -21.293306168655487 ], [ -45.031467214570682, -21.294923136166908 ] ] ] } },
{ "type": "Feature", "properties": { "anos_com_queima": 3, "area_ha": 1.1673643207294866, "inicio": 2011.0, "fim": 2025.0, "tipo": "recurrence", "id_feicao": "recurrence_2011_2025_1114" }, "geometry": { "type": "Polygon", "coordinates": [ [ [ -45.053026781389548, -21.279022955637991 ], [ -45.052757286804322, -21.279022955637991 ], [ -45.052757286804322, -21.279561944808467 ], [ -45.053835265145267, -21.27956194480846 ], [ -45.053835265145267, -21.278483966467519 ], [ -45.053026781389548, -21.278483966467515 ], [ -45.053026781389548, -21.279022955637991 ] ] ] } },
{ "type": "Feature", "properties": { "anos_com_queima": 3, "area_ha": 0.75054626846984029, "inicio": 2011.0, "fim": 2025.0, "tipo": "recurrence", "id_feicao": "recurrence_2011_2025_1115" }, "geometry": { "type": "Polygon", "coordinates": [ [ [ -45.046558911343887, -21.260158334671473 ], [ -45.047097900514359, -21.260158334671488 ], [ -45.047097900514359, -21.259619345501001 ], [ -45.046828405929126, -21.259619345501015 ], [ -45.046828405929126, -21.258271872574831 ], [ -45.046558911343887, -21.258271872574831 ], [ -45.046558911343887, -21.260158334671473 ] ] ] } },
{ "type": "Feature", "properties": { "anos_com_queima": 3, "area_ha": 0.16680871027986105, "inicio": 2011.0, "fim": 2025.0, "tipo": "recurrence", "id_feicao": "recurrence_2011_2025_1116" }, "geometry": { "type": "Polygon", "coordinates": [ [ [ -45.028502774133088, -21.240485229949257 ], [ -45.028502774133088, -21.240754724534497 ], [ -45.02904176330356, -21.240754724534487 ], [ -45.02904176330356, -21.240485229949265 ], [ -45.028502774133088, -21.240485229949257 ] ] ] } },
{ "type": "Feature", "properties": { "anos_com_queima": 3, "area_ha": 0.16680915338670546, "inicio": 2011.0, "fim": 2025.0, "tipo": "recurrence", "id_feicao": "recurrence_2011_2025_1117" }, "geometry": { "type": "Polygon", "coordinates": [ [ [ -45.027155301206903, -21.239946240778789 ], [ -45.027155301206903, -21.240485229949268 ], [ -45.027424795792143, -21.240485229949265 ], [ -45.027424795792143, -21.239946240778785 ], [ -45.027155301206903, -21.239946240778789 ] ] ] } },
{ "type": "Feature", "properties": { "anos_com_queima": 3, "area_ha": 0.25021440630331637, "inicio": 2011.0, "fim": 2025.0, "tipo": "recurrence", "id_feicao": "recurrence_2011_2025_1118" }, "geometry": { "type": "Polygon", "coordinates": [ [ [ -45.02904176330356, -21.23940725160832 ], [ -45.028772268718321, -21.23940725160832 ], [ -45.028772268718321, -21.240215735364025 ], [ -45.02904176330356, -21.240215735364021 ], [ -45.02904176330356, -21.23940725160832 ] ] ] } },
{ "type": "Feature", "properties": { "anos_com_queima": 3, "area_ha": 1.5847035519406845, "inicio": 2011.0, "fim": 2025.0, "tipo": "recurrence", "id_feicao": "recurrence_2011_2025_1119" }, "geometry": { "type": "Polygon", "coordinates": [ [ [ -45.028772268718321, -21.23940725160832 ], [ -45.028772268718321, -21.238329273267375 ], [ -45.027963784962616, -21.238329273267368 ], [ -45.027963784962616, -21.238598767852611 ], [ -45.027694290377376, -21.238598767852608 ], [ -45.027694290377376, -21.23886826243784 ], [ -45.027424795792143, -21.238868262437844 ], [ -45.027424795792143, -21.239137757023094 ], [ -45.026885806621671, -21.23913775702308 ], [ -45.026885806621671, -21.239407251608323 ], [ -45.028772268718321, -21.23940725160832 ] ] ] } },
{ "type": "Feature", "properties": { "anos_com_queima": 3, "area_ha": 1.5848489487775366, "inicio": 2011.0, "fim": 2025.0, "tipo": "recurrence", "id_feicao": "recurrence_2011_2025_1120" }, "geometry": { "type": "Polygon", "coordinates": [ [ [ -45.059494651435209, -21.22512403859082 ], [ -45.059494651435209, -21.225393533176053 ], [ -45.060572629776154, -21.225393533176053 ], [ -45.060572629776154, -21.224315554835108 ], [ -45.059225156849976, -21.224315554835115 ], [ -45.059225156849976, -21.225124038590817 ], [ -45.059494651435209, -21.22512403859082 ] ] ] } },
{ "type": "Feature", "properties": { "anos_com_queima": 3, "area_ha": 1.0010275321032851, "inicio": 2011.0, "fim": 2025.0, "tipo": "recurrence", "id_feicao": "recurrence_2011_2025_1121" }, "geometry": { "type": "Polygon", "coordinates": [ [ [ -45.041708008809643, -21.213805266010908 ], [ -45.040630030468698, -21.213805266010908 ], [ -45.040630030468698, -21.214613749766613 ], [ -45.041708008809643, -21.214613749766613 ], [ -45.041708008809643, -21.213805266010908 ] ] ] } },
{ "type": "Feature", "properties": { "anos_com_queima": 3, "area_ha": 0.83419996275003105, "inicio": 2011.0, "fim": 2025.0, "tipo": "recurrence", "id_feicao": "recurrence_2011_2025_1122" }, "geometry": { "type": "Polygon", "coordinates": [ [ [ -45.050870824707665, -21.212727287669974 ], [ -45.050870824707665, -21.212188298499495 ], [ -45.051140319292905, -21.212188298499502 ], [ -45.051140319292905, -21.211918803914266 ], [ -45.05006234095196, -21.211918803914262 ], [ -45.05006234095196, -21.212727287669964 ], [ -45.050870824707665, -21.212727287669974 ] ] ] } },
{ "type": "Feature", "properties": { "anos_com_queima": 3, "area_ha": 0.66736827678839505, "inicio": 2011.0, "fim": 2025.0, "tipo": "recurrence", "id_feicao": "recurrence_2011_2025_1123" }, "geometry": { "type": "Polygon", "coordinates": [ [ [ -45.088330572055447, -21.210571330988074 ], [ -45.088330572055447, -21.210840825573317 ], [ -45.09048652873733, -21.210840825573321 ], [ -45.09048652873733, -21.210571330988078 ], [ -45.088330572055447, -21.210571330988074 ] ] ] } },
{ "type": "Feature", "properties": { "anos_com_queima": 3, "area_ha": 4.0042098139601761, "inicio": 2011.0, "fim": 2025.0, "tipo": "recurrence", "id_feicao": "recurrence_2011_2025_1124" }, "geometry": { "type": "Polygon", "coordinates": [ [ [ -45.084827142447381, -21.211649309329026 ], [ -45.085905120788325, -21.211649309329029 ], [ -45.085905120788325, -21.210571330988081 ], [ -45.086174615373558, -21.210571330988074 ], [ -45.086174615373558, -21.20949335264714 ], [ -45.085366131617853, -21.209493352647133 ], [ -45.085366131617853, -21.209762847232373 ], [ -45.084827142447381, -21.209762847232373 ], [ -45.084827142447381, -21.210032341817609 ], [ -45.084288153276908, -21.210032341817612 ], [ -45.084288153276908, -21.211918803914269 ], [ -45.084827142447381, -21.211918803914266 ], [ -45.084827142447381, -21.211649309329026 ] ] ] } },
{ "type": "Feature", "properties": { "anos_com_queima": 3, "area_ha": 0.58394992801845069, "inicio": 2011.0, "fim": 2025.0, "tipo": "recurrence", "id_feicao": "recurrence_2011_2025_1125" }, "geometry": { "type": "Polygon", "coordinates": [ [ [ -45.087522088299735, -21.210571330988078 ], [ -45.088330572055447, -21.210571330988074 ], [ -45.088330572055447, -21.210301836402849 ], [ -45.087791582884975, -21.210301836402852 ], [ -45.087791582884975, -21.209223858061907 ], [ -45.087522088299735, -21.209223858061904 ], [ -45.087522088299735, -21.210571330988078 ] ] ] } },
{ "type": "Feature", "properties": { "anos_com_queima": 3, "area_ha": 0.83422395785525438, "inicio": 2011.0, "fim": 2025.0, "tipo": "recurrence", "id_feicao": "recurrence_2011_2025_1126" }, "geometry": { "type": "Polygon", "coordinates": [ [ [ -45.088330572055447, -21.208684868891428 ], [ -45.089408550396392, -21.208684868891435 ], [ -45.089408550396392, -21.208415374306192 ], [ -45.089139055811152, -21.208415374306195 ], [ -45.089139055811152, -21.207876385135727 ], [ -45.088330572055447, -21.207876385135723 ], [ -45.088330572055447, -21.208684868891428 ] ] ] } },
{ "type": "Feature", "properties": { "anos_com_queima": 3, "area_ha": 0.083423124754535685, "inicio": 2011.0, "fim": 2025.0, "tipo": "recurrence", "id_feicao": "recurrence_2011_2025_1127" }, "geometry": { "type": "Polygon", "coordinates": [ [ [ -45.091295012493042, -21.206798406794778 ], [ -45.091295012493042, -21.207067901380011 ], [ -45.091564507078274, -21.207067901380022 ], [ -45.091564507078274, -21.206798406794785 ], [ -45.091295012493042, -21.206798406794778 ] ] ] } },
{ "type": "Feature", "properties": { "anos_com_queima": 3, "area_ha": 6.674358269153001, "inicio": 2011.0, "fim": 2025.0, "tipo": "recurrence", "id_feicao": "recurrence_2011_2025_1128" }, "geometry": { "type": "Polygon", "coordinates": [ [ [ -45.087252593714503, -21.196557612555811 ], [ -45.087252593714503, -21.195210139629648 ], [ -45.08860006664068, -21.195210139629634 ], [ -45.08860006664068, -21.193862666703453 ], [ -45.087522088299735, -21.193862666703453 ], [ -45.087522088299735, -21.194940645044394 ], [ -45.085635626203086, -21.194940645044404 ], [ -45.085635626203086, -21.195210139629637 ], [ -45.084288153276908, -21.195210139629644 ], [ -45.084288153276908, -21.196288117970578 ], [ -45.084827142447381, -21.196288117970578 ], [ -45.084827142447381, -21.196557612555814 ], [ -45.087252593714503, -21.196557612555811 ] ] ] } },
{ "type": "Feature", "properties": { "anos_com_queima": 3, "area_ha": 1.3348899658091367, "inicio": 2011.0, "fim": 2025.0, "tipo": "recurrence", "id_feicao": "recurrence_2011_2025_1129" }, "geometry": { "type": "Polygon", "coordinates": [ [ [ -45.089678044981625, -21.192784688362515 ], [ -45.08860006664068, -21.192784688362512 ], [ -45.08860006664068, -21.193862666703453 ], [ -45.089678044981625, -21.193862666703456 ], [ -45.089678044981625, -21.192784688362515 ] ] ] } },
{ "type": "Feature", "properties": { "anos_com_queima": 3, "area_ha": 2.7505781690441871, "inicio": 2011.0, "fim": 2025.0, "tipo": "recurrence", "id_feicao": "recurrence_2011_2025_1130" }, "geometry": { "type": "Polygon", "coordinates": [ [ [ -45.022573893257899, -21.33750328063417 ], [ -45.022573893257899, -21.336964291463701 ], [ -45.021765409502187, -21.336964291463701 ], [ -45.021765409502187, -21.336155807707989 ], [ -45.021495914916954, -21.336155807707989 ], [ -45.021495914916954, -21.336425302293229 ], [ -45.021226420331715, -21.336425302293229 ], [ -45.021226420331715, -21.338042269804646 ], [ -45.022304398672659, -21.338042269804646 ], [ -45.022304398672659, -21.337772775219403 ], [ -45.024999344525021, -21.337772775219406 ], [ -45.024999344525021, -21.337503280634174 ], [ -45.022573893257899, -21.33750328063417 ] ] ] } },
{ "type": "Feature", "properties": { "anos_com_queima": 3, "area_ha": 0.58346167868605048, "inicio": 2011.0, "fim": 2025.0, "tipo": "recurrence", "id_feicao": "recurrence_2011_2025_1131" }, "geometry": { "type": "Polygon", "coordinates": [ [ [ -45.022573893257899, -21.336155807707993 ], [ -45.022573893257899, -21.335886313122757 ], [ -45.022304398672659, -21.33588631312276 ], [ -45.022304398672659, -21.335347323952274 ], [ -45.021765409502187, -21.335347323952277 ], [ -45.021765409502187, -21.336155807707989 ], [ -45.022573893257899, -21.336155807707993 ] ] ] } },
{ "type": "Feature", "properties": { "anos_com_queima": 3, "area_ha": 0.50011084337607026, "inicio": 2011.0, "fim": 2025.0, "tipo": "recurrence", "id_feicao": "recurrence_2011_2025_1132" }, "geometry": { "type": "Polygon", "coordinates": [ [ [ -45.01853147447936, -21.335077829367041 ], [ -45.017992485308888, -21.335077829367034 ], [ -45.017992485308888, -21.335886313122753 ], [ -45.01853147447936, -21.335886313122753 ], [ -45.01853147447936, -21.335077829367041 ] ] ] } },
{ "type": "Feature", "properties": { "anos_com_queima": 3, "area_ha": 0.50011221375045056, "inicio": 2011.0, "fim": 2025.0, "tipo": "recurrence", "id_feicao": "recurrence_2011_2025_1133" }, "geometry": { "type": "Polygon", "coordinates": [ [ [ -45.022304398672659, -21.334808334781808 ], [ -45.022304398672659, -21.335347323952274 ], [ -45.023112882428372, -21.335347323952277 ], [ -45.023112882428372, -21.334808334781812 ], [ -45.022304398672659, -21.334808334781808 ] ] ] } },
{ "type": "Feature", "properties": { "anos_com_queima": 3, "area_ha": 1.4169969219871108, "inicio": 2011.0, "fim": 2025.0, "tipo": "recurrence", "id_feicao": "recurrence_2011_2025_1134" }, "geometry": { "type": "Polygon", "coordinates": [ [ [ -45.023112882428372, -21.333730356440867 ], [ -45.023112882428372, -21.334269345611332 ], [ -45.024729849939781, -21.334269345611339 ], [ -45.024729849939781, -21.333460861855631 ], [ -45.023382377013604, -21.333460861855635 ], [ -45.023382377013604, -21.333730356440867 ], [ -45.023112882428372, -21.333730356440867 ] ] ] } },
{ "type": "Feature", "properties": { "anos_com_queima": 3, "area_ha": 1.0002581698063762, "inicio": 2011.0, "fim": 2025.0, "tipo": "recurrence", "id_feicao": "recurrence_2011_2025_1135" }, "geometry": { "type": "Polygon", "coordinates": [ [ [ -45.021765409502187, -21.329957432247564 ], [ -45.020956925746482, -21.329957432247564 ], [ -45.020956925746482, -21.33049642141804 ], [ -45.022304398672659, -21.33049642141804 ], [ -45.022304398672659, -21.329687937662328 ], [ -45.021765409502187, -21.329687937662325 ], [ -45.021765409502187, -21.329957432247564 ] ] ] } },
{ "type": "Feature", "properties": { "anos_com_queima": 3, "area_ha": 1.3336826856866479, "inicio": 2011.0, "fim": 2025.0, "tipo": "recurrence", "id_feicao": "recurrence_2011_2025_1136" }, "geometry": { "type": "Polygon", "coordinates": [ [ [ -45.012333099018932, -21.328879453906627 ], [ -45.011255120677994, -21.328879453906623 ], [ -45.011255120677994, -21.329957432247557 ], [ -45.012333099018932, -21.329957432247557 ], [ -45.012333099018932, -21.328879453906627 ] ] ] } },
{ "type": "Feature", "properties": { "anos_com_queima": 3, "area_ha": 0.33342277788231151, "inicio": 2011.0, "fim": 2025.0, "tipo": "recurrence", "id_feicao": "recurrence_2011_2025_1137" }, "geometry": { "type": "Polygon", "coordinates": [ [ [ -45.017453496138415, -21.328340464736144 ], [ -45.016375517797471, -21.328340464736144 ], [ -45.016375517797471, -21.32860995932139 ], [ -45.017453496138415, -21.32860995932139 ], [ -45.017453496138415, -21.328340464736144 ] ] ] } },
{ "type": "Feature", "properties": { "anos_com_queima": 3, "area_ha": 1.2503313261557536, "inicio": 2011.0, "fim": 2025.0, "tipo": "recurrence", "id_feicao": "recurrence_2011_2025_1138" }, "geometry": { "type": "Polygon", "coordinates": [ [ [ -45.015028044871293, -21.328609959321383 ], [ -45.015028044871293, -21.328340464736144 ], [ -45.015836528626998, -21.328340464736147 ], [ -45.015836528626998, -21.328070970150918 ], [ -45.013411077359876, -21.328070970150918 ], [ -45.013411077359876, -21.328609959321387 ], [ -45.015028044871293, -21.328609959321383 ] ] ] } },
{ "type": "Feature", "properties": { "anos_com_queima": 3, "area_ha": 0.91691143480686843, "inicio": 2011.0, "fim": 2025.0, "tipo": "recurrence", "id_feicao": "recurrence_2011_2025_1139" }, "geometry": { "type": "Polygon", "coordinates": [ [ [ -45.017992485308888, -21.328340464736144 ], [ -45.017992485308888, -21.328070970150918 ], [ -45.019878947405537, -21.328070970150922 ], [ -45.019878947405537, -21.327801475565678 ], [ -45.017453496138415, -21.327801475565678 ], [ -45.017453496138415, -21.328340464736144 ], [ -45.017992485308888, -21.328340464736144 ] ] ] } },
{ "type": "Feature", "properties": { "anos_com_queima": 3, "area_ha": 2.0005529639706014, "inicio": 2011.0, "fim": 2025.0, "tipo": "recurrence", "id_feicao": "recurrence_2011_2025_1140" }, "geometry": { "type": "Polygon", "coordinates": [ [ [ -45.024190860769309, -21.326184508054265 ], [ -45.023382377013604, -21.326184508054261 ], [ -45.023382377013604, -21.328340464736144 ], [ -45.024190860769309, -21.328340464736154 ], [ -45.024190860769309, -21.326184508054265 ] ] ] } },
{ "type": "Feature", "properties": { "anos_com_queima": 3, "area_ha": 0.75020596557940955, "inicio": 2011.0, "fim": 2025.0, "tipo": "recurrence", "id_feicao": "recurrence_2011_2025_1141" }, "geometry": { "type": "Polygon", "coordinates": [ [ [ -45.017184001553183, -21.327531980980446 ], [ -45.017184001553183, -21.32726248639521 ], [ -45.019070463649832, -21.32726248639521 ], [ -45.019070463649832, -21.326992991809973 ], [ -45.016914506967943, -21.326992991809977 ], [ -45.016914506967943, -21.327531980980442 ], [ -45.017184001553183, -21.327531980980446 ] ] ] } },
{ "type": "Feature", "properties": { "anos_com_queima": 3, "area_ha": 0.1667130267290958, "inicio": 2011.0, "fim": 2025.0, "tipo": "recurrence", "id_feicao": "recurrence_2011_2025_1142" }, "geometry": { "type": "Polygon", "coordinates": [ [ [ -45.011255120677994, -21.326723497224741 ], [ -45.011255120677994, -21.327262486395213 ], [ -45.011524615263227, -21.32726248639521 ], [ -45.011524615263227, -21.326723497224734 ], [ -45.011255120677994, -21.326723497224741 ] ] ] } },
{ "type": "Feature", "properties": { "anos_com_queima": 3, "area_ha": 0.41678369666244836, "inicio": 2011.0, "fim": 2025.0, "tipo": "recurrence", "id_feicao": "recurrence_2011_2025_1143" }, "geometry": { "type": "Polygon", "coordinates": [ [ [ -45.015028044871293, -21.326454002639501 ], [ -45.013680571945116, -21.326454002639498 ], [ -45.013680571945116, -21.326723497224737 ], [ -45.015028044871293, -21.326723497224734 ], [ -45.015028044871293, -21.326454002639501 ] ] ] } },
{ "type": "Feature", "properties": { "anos_com_queima": 3, "area_ha": 0.16671347686569937, "inicio": 2011.0, "fim": 2025.0, "tipo": "recurrence", "id_feicao": "recurrence_2011_2025_1144" }, "geometry": { "type": "Polygon", "coordinates": [ [ [ -45.012602593604171, -21.326454002639501 ], [ -45.012602593604171, -21.326723497224734 ], [ -45.013141582774644, -21.326723497224734 ], [ -45.013141582774644, -21.326454002639501 ], [ -45.012602593604171, -21.326454002639501 ] ] ] } },
{ "type": "Feature", "properties": { "anos_com_queima": 3, "area_ha": 0.333427272604785, "inicio": 2011.0, "fim": 2025.0, "tipo": "recurrence", "id_feicao": "recurrence_2011_2025_1145" }, "geometry": { "type": "Polygon", "coordinates": [ [ [ -45.019609452820305, -21.325915013469022 ], [ -45.019609452820305, -21.326992991809966 ], [ -45.019878947405537, -21.326992991809973 ], [ -45.019878947405537, -21.325915013469029 ], [ -45.019609452820305, -21.325915013469022 ] ] ] } },
{ "type": "Feature", "properties": { "anos_com_queima": 3, "area_ha": 1.0836407813213766, "inicio": 2011.0, "fim": 2025.0, "tipo": "recurrence", "id_feicao": "recurrence_2011_2025_1146" }, "geometry": { "type": "Polygon", "coordinates": [ [ [ -45.011524615263227, -21.326723497224734 ], [ -45.011794109848466, -21.326723497224734 ], [ -45.011794109848466, -21.326454002639501 ], [ -45.012602593604171, -21.326454002639501 ], [ -45.012602593604171, -21.325645518883789 ], [ -45.011524615263227, -21.325645518883789 ], [ -45.011524615263227, -21.326723497224734 ] ] ] } },
{ "type": "Feature", "properties": { "anos_com_queima": 3, "area_ha": 0.083357345054950571, "inicio": 2011.0, "fim": 2025.0, "tipo": "recurrence", "id_feicao": "recurrence_2011_2025_1147" }, "geometry": { "type": "Polygon", "coordinates": [ [ [ -45.023651871598844, -21.32537602429856 ], [ -45.023382377013604, -21.325376024298556 ], [ -45.023382377013604, -21.325645518883789 ], [ -45.023651871598844, -21.325645518883796 ], [ -45.023651871598844, -21.32537602429856 ] ] ] } },
{ "type": "Feature", "properties": { "anos_com_queima": 3, "area_ha": 1.0836472811548972, "inicio": 2011.0, "fim": 2025.0, "tipo": "recurrence", "id_feicao": "recurrence_2011_2025_1148" }, "geometry": { "type": "Polygon", "coordinates": [ [ [ -45.01664501238271, -21.325915013469029 ], [ -45.017992485308888, -21.325915013469025 ], [ -45.017992485308888, -21.324567540542848 ], [ -45.017722990723655, -21.324567540542851 ], [ -45.017722990723655, -21.324837035128088 ], [ -45.017453496138415, -21.324837035128088 ], [ -45.017453496138415, -21.325376024298556 ], [ -45.017184001553183, -21.325376024298556 ], [ -45.017184001553183, -21.325645518883789 ], [ -45.01664501238271, -21.325645518883793 ], [ -45.01664501238271, -21.325915013469029 ] ] ] } },
{ "type": "Feature", "properties": { "anos_com_queima": 3, "area_ha": 1.3337281552582085, "inicio": 2011.0, "fim": 2025.0, "tipo": "recurrence", "id_feicao": "recurrence_2011_2025_1149" }, "geometry": { "type": "Polygon", "coordinates": [ [ [ -45.013141582774644, -21.323759056787146 ], [ -45.013141582774644, -21.324837035128084 ], [ -45.014219561115588, -21.324837035128084 ], [ -45.014219561115588, -21.323759056787139 ], [ -45.013141582774644, -21.323759056787146 ] ] ] } },
{ "type": "Feature", "properties": { "anos_com_queima": 3, "area_ha": 3.8344799026275367, "inicio": 2011.0, "fim": 2025.0, "tipo": "recurrence", "id_feicao": "recurrence_2011_2025_1150" }, "geometry": { "type": "Polygon", "coordinates": [ [ [ -45.020687431161249, -21.324298045957612 ], [ -45.020687431161249, -21.322950573031427 ], [ -45.019070463649832, -21.322950573031427 ], [ -45.019070463649832, -21.323759056787139 ], [ -45.017992485308888, -21.323759056787139 ], [ -45.017992485308888, -21.324567540542848 ], [ -45.019609452820305, -21.324567540542855 ], [ -45.019609452820305, -21.324837035128084 ], [ -45.019878947405537, -21.324837035128088 ], [ -45.019878947405537, -21.324298045957612 ], [ -45.020687431161249, -21.324298045957612 ] ] ] } },
{ "type": "Feature", "properties": { "anos_com_queima": 3, "area_ha": 1.3337402247402816, "inicio": 2011.0, "fim": 2025.0, "tipo": "recurrence", "id_feicao": "recurrence_2011_2025_1151" }, "geometry": { "type": "Polygon", "coordinates": [ [ [ -45.022843387843132, -21.322411583860962 ], [ -45.021765409502187, -21.322411583860958 ], [ -45.021765409502187, -21.323489562201896 ], [ -45.022843387843132, -21.323489562201903 ], [ -45.022843387843132, -21.322411583860962 ] ] ] } },
{ "type": "Feature", "properties": { "anos_com_queima": 3, "area_ha": 5.6685654232084994, "inicio": 2011.0, "fim": 2025.0, "tipo": "recurrence", "id_feicao": "recurrence_2011_2025_1152" }, "geometry": { "type": "Polygon", "coordinates": [ [ [ -45.017453496138415, -21.318099670497187 ], [ -45.017453496138415, -21.319716638008597 ], [ -45.018800969064593, -21.319716638008604 ], [ -45.018800969064593, -21.319177648838131 ], [ -45.019878947405537, -21.319177648838128 ], [ -45.019878947405537, -21.318369165082427 ], [ -45.020687431161249, -21.318369165082427 ], [ -45.020687431161249, -21.317291186741471 ], [ -45.019609452820305, -21.317291186741482 ], [ -45.019609452820305, -21.317560681326718 ], [ -45.018800969064593, -21.317560681326718 ], [ -45.018800969064593, -21.318638659667656 ], [ -45.01853147447936, -21.318638659667666 ], [ -45.01853147447936, -21.317830175911947 ], [ -45.017722990723655, -21.317830175911954 ], [ -45.017722990723655, -21.31809967049719 ], [ -45.017453496138415, -21.318099670497187 ] ] ] } },
{ "type": "Feature", "properties": { "anos_com_queima": 3, "area_ha": 9.7536243112113503, "inicio": 2011.0, "fim": 2025.0, "tipo": "recurrence", "id_feicao": "recurrence_2011_2025_1153" }, "geometry": { "type": "Polygon", "coordinates": [ [ [ -45.01664501238271, -21.313518262548172 ], [ -45.01664501238271, -21.312440284207234 ], [ -45.017184001553183, -21.312440284207231 ], [ -45.017184001553183, -21.312170789621995 ], [ -45.016914506967943, -21.312170789622002 ], [ -45.016914506967943, -21.311901295036765 ], [ -45.016375517797471, -21.311901295036769 ], [ -45.016375517797471, -21.311631800451536 ], [ -45.014758550286061, -21.311631800451533 ], [ -45.014758550286061, -21.312170789622002 ], [ -45.011794109848466, -21.312170789621998 ], [ -45.011794109848466, -21.313248767962943 ], [ -45.012602593604171, -21.313248767962946 ], [ -45.012602593604171, -21.314057251718648 ], [ -45.014489055700821, -21.314057251718655 ], [ -45.014489055700821, -21.313518262548182 ], [ -45.01664501238271, -21.313518262548172 ] ] ] } },
{ "type": "Feature", "properties": { "anos_com_queima": 3, "area_ha": 0.33346551899742333, "inicio": 2011.0, "fim": 2025.0, "tipo": "recurrence", "id_feicao": "recurrence_2011_2025_1154" }, "geometry": { "type": "Polygon", "coordinates": [ [ [ -45.015567034041766, -21.308936854599171 ], [ -45.015028044871293, -21.308936854599178 ], [ -45.015028044871293, -21.309475843769633 ], [ -45.015567034041766, -21.309475843769636 ], [ -45.015567034041766, -21.308936854599171 ] ] ] } },
{ "type": "Feature", "properties": { "anos_com_queima": 3, "area_ha": 0.75053158583369228, "inicio": 2011.0, "fim": 2025.0, "tipo": "recurrence", "id_feicao": "recurrence_2011_2025_1155" }, "geometry": { "type": "Polygon", "coordinates": [ [ [ -45.01853147447936, -21.26177530218289 ], [ -45.01853147447936, -21.262853280523839 ], [ -45.019070463649832, -21.262853280523832 ], [ -45.019070463649832, -21.261505807597665 ], [ -45.018800969064593, -21.261505807597665 ], [ -45.018800969064593, -21.26177530218289 ], [ -45.01853147447936, -21.26177530218289 ] ] ] } },
{ "type": "Feature", "properties": { "anos_com_queima": 3, "area_ha": 1.6678495016555781, "inicio": 2011.0, "fim": 2025.0, "tipo": "recurrence", "id_feicao": "recurrence_2011_2025_1156" }, "geometry": { "type": "Polygon", "coordinates": [ [ [ -45.019339958235065, -21.261236313012422 ], [ -45.019339958235065, -21.261505807597658 ], [ -45.02041793657601, -21.261505807597654 ], [ -45.02041793657601, -21.262853280523832 ], [ -45.021226420331715, -21.262853280523832 ], [ -45.021226420331715, -21.261775302182897 ], [ -45.020956925746482, -21.261775302182894 ], [ -45.020956925746482, -21.261236313012425 ], [ -45.019339958235065, -21.261236313012422 ] ] ] } },
{ "type": "Feature", "properties": { "anos_com_queima": 3, "area_ha": 1.000727013957873, "inicio": 2011.0, "fim": 2025.0, "tipo": "recurrence", "id_feicao": "recurrence_2011_2025_1157" }, "geometry": { "type": "Polygon", "coordinates": [ [ [ -45.022573893257899, -21.259080356330539 ], [ -45.021495914916954, -21.259080356330532 ], [ -45.021495914916954, -21.259888840086237 ], [ -45.022573893257899, -21.259888840086244 ], [ -45.022573893257899, -21.259080356330539 ] ] ] } },
{ "type": "Feature", "properties": { "anos_com_queima": 3, "area_ha": 0.83395926060155035, "inicio": 2011.0, "fim": 2025.0, "tipo": "recurrence", "id_feicao": "recurrence_2011_2025_1158" }, "geometry": { "type": "Polygon", "coordinates": [ [ [ -45.01826197989412, -21.255576926722476 ], [ -45.016914506967943, -21.255576926722473 ], [ -45.016914506967943, -21.256115915892945 ], [ -45.01826197989412, -21.256115915892941 ], [ -45.01826197989412, -21.255576926722476 ] ] ] } },
{ "type": "Feature", "properties": { "anos_com_queima": 3, "area_ha": 0.16679259791495279, "inicio": 2011.0, "fim": 2025.0, "tipo": "recurrence", "id_feicao": "recurrence_2011_2025_1159" }, "geometry": { "type": "Polygon", "coordinates": [ [ [ -45.01826197989412, -21.255037937552007 ], [ -45.017722990723655, -21.255037937552004 ], [ -45.017722990723655, -21.25530743213724 ], [ -45.01826197989412, -21.255307432137243 ], [ -45.01826197989412, -21.255037937552007 ] ] ] } },
{ "type": "Feature", "properties": { "anos_com_queima": 3, "area_ha": 0.08341089367353631, "inicio": 2011.0, "fim": 2025.0, "tipo": "recurrence", "id_feicao": "recurrence_2011_2025_1160" }, "geometry": { "type": "Polygon", "coordinates": [ [ [ -45.015836528626998, -21.228627468198876 ], [ -45.015836528626998, -21.228896962784123 ], [ -45.016106023212238, -21.228896962784116 ], [ -45.016106023212238, -21.228627468198887 ], [ -45.015836528626998, -21.228627468198876 ] ] ] } },
{ "type": "Feature", "properties": { "anos_com_queima": 3, "area_ha": 0.33364386873267826, "inicio": 2011.0, "fim": 2025.0, "tipo": "recurrence", "id_feicao": "recurrence_2011_2025_1161" }, "geometry": { "type": "Polygon", "coordinates": [ [ [ -45.014489055700821, -21.228088479028415 ], [ -45.014489055700821, -21.229166457369359 ], [ -45.014758550286061, -21.229166457369356 ], [ -45.014758550286061, -21.228088479028415 ], [ -45.014489055700821, -21.228088479028415 ] ] ] } },
{ "type": "Feature", "properties": { "anos_com_queima": 3, "area_ha": 0.33364506553448736, "inicio": 2011.0, "fim": 2025.0, "tipo": "recurrence", "id_feicao": "recurrence_2011_2025_1162" }, "geometry": { "type": "Polygon", "coordinates": [ [ [ -45.016914506967943, -21.227549489857946 ], [ -45.01664501238271, -21.227549489857942 ], [ -45.01664501238271, -21.228627468198891 ], [ -45.016914506967943, -21.228627468198887 ], [ -45.016914506967943, -21.227549489857946 ] ] ] } },
{ "type": "Feature", "properties": { "anos_com_queima": 3, "area_ha": 0.08341148869156384, "inicio": 2011.0, "fim": 2025.0, "tipo": "recurrence", "id_feicao": "recurrence_2011_2025_1163" }, "geometry": { "type": "Polygon", "coordinates": [ [ [ -45.015297539456526, -21.227549489857939 ], [ -45.015297539456526, -21.227818984443179 ], [ -45.015567034041766, -21.227818984443175 ], [ -45.015567034041766, -21.227549489857942 ], [ -45.015297539456526, -21.227549489857939 ] ] ] } },
{ "type": "Feature", "properties": { "anos_com_queima": 3, "area_ha": 0.16682327640713659, "inicio": 2011.0, "fim": 2025.0, "tipo": "recurrence", "id_feicao": "recurrence_2011_2025_1164" }, "geometry": { "type": "Polygon", "coordinates": [ [ [ -45.016106023212238, -21.227279995272703 ], [ -45.016106023212238, -21.227549489857946 ], [ -45.01664501238271, -21.227549489857942 ], [ -45.01664501238271, -21.227279995272703 ], [ -45.016106023212238, -21.227279995272703 ] ] ] } },
{ "type": "Feature", "properties": { "anos_com_queima": 3, "area_ha": 1.0009584511358292, "inicio": 2011.0, "fim": 2025.0, "tipo": "recurrence", "id_feicao": "recurrence_2011_2025_1165" }, "geometry": { "type": "Polygon", "coordinates": [ [ [ -45.021226420331715, -21.224315554835108 ], [ -45.019609452820305, -21.224315554835108 ], [ -45.019609452820305, -21.224854544005581 ], [ -45.021226420331715, -21.224854544005577 ], [ -45.021226420331715, -21.224315554835108 ] ] ] } },
{ "type": "Feature", "properties": { "anos_com_queima": 3, "area_ha": 3.0007049199680638, "inicio": 2011.0, "fim": 2025.0, "tipo": "recurrence", "id_feicao": "recurrence_2011_2025_1166" }, "geometry": { "type": "Polygon", "coordinates": [ [ [ -45.006673712728983, -21.334269345611336 ], [ -45.006673712728983, -21.333191367270395 ], [ -45.006404218143743, -21.333191367270402 ], [ -45.006404218143743, -21.332652378099926 ], [ -45.005595734388038, -21.332652378099926 ], [ -45.005595734388038, -21.332921872685169 ], [ -45.004517756047093, -21.332921872685162 ], [ -45.004517756047093, -21.333730356440874 ], [ -45.005056745217566, -21.333730356440874 ], [ -45.005056745217566, -21.3339998510261 ], [ -45.005595734388038, -21.333999851026103 ], [ -45.005595734388038, -21.334269345611347 ], [ -45.006673712728983, -21.334269345611336 ] ] ] } },
{ "type": "Feature", "properties": { "anos_com_queima": 3, "area_ha": 2.0004894494365484, "inicio": 2011.0, "fim": 2025.0, "tipo": "recurrence", "id_feicao": "recurrence_2011_2025_1167" }, "geometry": { "type": "Polygon", "coordinates": [ [ [ -45.010177142337049, -21.331304905173749 ], [ -45.010177142337049, -21.332921872685166 ], [ -45.010446636922282, -21.332921872685166 ], [ -45.010446636922282, -21.332382883514683 ], [ -45.011524615263227, -21.332382883514676 ], [ -45.011524615263227, -21.331843894344221 ], [ -45.011794109848466, -21.331843894344217 ], [ -45.011794109848466, -21.331304905173749 ], [ -45.010177142337049, -21.331304905173749 ] ] ] } },
{ "type": "Feature", "properties": { "anos_com_queima": 3, "area_ha": 3.250793899094127, "inicio": 2011.0, "fim": 2025.0, "tipo": "recurrence", "id_feicao": "recurrence_2011_2025_1168" }, "geometry": { "type": "Polygon", "coordinates": [ [ [ -45.00478725063234, -21.332113388929454 ], [ -45.006404218143743, -21.332113388929447 ], [ -45.006404218143743, -21.331574399758985 ], [ -45.005056745217566, -21.331574399758978 ], [ -45.005056745217566, -21.331843894344221 ], [ -45.002631293950451, -21.331843894344217 ], [ -45.002631293950451, -21.331574399758978 ], [ -45.002361799365211, -21.331574399758974 ], [ -45.002361799365211, -21.332652378099919 ], [ -45.00478725063234, -21.332652378099919 ], [ -45.00478725063234, -21.332113388929454 ] ] ] } },
{ "type": "Feature", "properties": { "anos_com_queima": 3, "area_ha": 1.3336722342163325, "inicio": 2011.0, "fim": 2025.0, "tipo": "recurrence", "id_feicao": "recurrence_2011_2025_1169" }, "geometry": { "type": "Polygon", "coordinates": [ [ [ -45.001822810194739, -21.331574399758985 ], [ -45.002361799365211, -21.331574399758974 ], [ -45.002361799365211, -21.329957432247561 ], [ -45.002900788535676, -21.329957432247564 ], [ -45.002900788535676, -21.329687937662332 ], [ -45.001822810194739, -21.329687937662332 ], [ -45.001822810194739, -21.331574399758985 ] ] ] } },
{ "type": "Feature", "properties": { "anos_com_queima": 3, "area_ha": 0.16671018115160988, "inicio": 2011.0, "fim": 2025.0, "tipo": "recurrence", "id_feicao": "recurrence_2011_2025_1170" }, "geometry": { "type": "Polygon", "coordinates": [ [ [ -45.005326239802812, -21.329418443077092 ], [ -45.00478725063234, -21.329418443077088 ], [ -45.00478725063234, -21.329687937662321 ], [ -45.005326239802812, -21.329687937662332 ], [ -45.005326239802812, -21.329418443077092 ] ] ] } },
{ "type": "Feature", "properties": { "anos_com_queima": 3, "area_ha": 0.33342036005529618, "inicio": 2011.0, "fim": 2025.0, "tipo": "recurrence", "id_feicao": "recurrence_2011_2025_1171" }, "geometry": { "type": "Polygon", "coordinates": [ [ [ -44.999666853512849, -21.329418443077099 ], [ -44.999666853512849, -21.329687937662335 ], [ -45.000744831853794, -21.329687937662335 ], [ -45.000744831853794, -21.329418443077085 ], [ -44.999666853512849, -21.329418443077099 ] ] ] } },
{ "type": "Feature", "properties": { "anos_com_queima": 3, "area_ha": 0.50013098892215513, "inicio": 2011.0, "fim": 2025.0, "tipo": "recurrence", "id_feicao": "recurrence_2011_2025_1172" }, "geometry": { "type": "Polygon", "coordinates": [ [ [ -45.001014326439034, -21.329148948491856 ], [ -45.001014326439034, -21.329687937662325 ], [ -45.001822810194739, -21.329687937662332 ], [ -45.001822810194739, -21.329148948491852 ], [ -45.001014326439034, -21.329148948491856 ] ] ] } },
{ "type": "Feature", "properties": { "anos_com_queima": 3, "area_ha": 0.83355783347040413, "inicio": 2011.0, "fim": 2025.0, "tipo": "recurrence", "id_feicao": "recurrence_2011_2025_1173" }, "geometry": { "type": "Polygon", "coordinates": [ [ [ -45.005326239802812, -21.329418443077092 ], [ -45.005595734388038, -21.329418443077092 ], [ -45.005595734388038, -21.327801475565682 ], [ -45.006404218143743, -21.327801475565678 ], [ -45.006404218143743, -21.327531980980442 ], [ -45.005326239802812, -21.327531980980446 ], [ -45.005326239802812, -21.329418443077092 ] ] ] } },
{ "type": "Feature", "properties": { "anos_com_queima": 3, "area_ha": 0.91691329727122195, "inicio": 2011.0, "fim": 2025.0, "tipo": "recurrence", "id_feicao": "recurrence_2011_2025_1174" }, "geometry": { "type": "Polygon", "coordinates": [ [ [ -45.010177142337049, -21.328340464736147 ], [ -45.010177142337049, -21.328879453906623 ], [ -45.011255120677994, -21.328879453906623 ], [ -45.011255120677994, -21.327531980980442 ], [ -45.010985626092754, -21.327531980980446 ], [ -45.010985626092754, -21.328340464736147 ], [ -45.010177142337049, -21.328340464736147 ] ] ] } },
{ "type": "Feature", "properties": { "anos_com_queima": 3, "area_ha": 0.25006796821587385, "inicio": 2011.0, "fim": 2025.0, "tipo": "recurrence", "id_feicao": "recurrence_2011_2025_1175" }, "geometry": { "type": "Polygon", "coordinates": [ [ [ -45.00990764775181, -21.327531980980449 ], [ -45.00990764775181, -21.328340464736147 ], [ -45.010177142337049, -21.328340464736147 ], [ -45.010177142337049, -21.327531980980449 ], [ -45.00990764775181, -21.327531980980449 ] ] ] } },
{ "type": "Feature", "properties": { "anos_com_queima": 3, "area_ha": 3.6676725220765918, "inicio": 2011.0, "fim": 2025.0, "tipo": "recurrence", "id_feicao": "recurrence_2011_2025_1176" }, "geometry": { "type": "Polygon", "coordinates": [ [ [ -44.996971907660487, -21.32860995932139 ], [ -44.998588875171905, -21.32860995932139 ], [ -44.998588875171905, -21.329148948491852 ], [ -44.998858369757144, -21.329148948491859 ], [ -44.998858369757144, -21.328340464736154 ], [ -44.998588875171905, -21.328340464736154 ], [ -44.998588875171905, -21.326992991809973 ], [ -44.998858369757144, -21.32699299180997 ], [ -44.998858369757144, -21.326723497224737 ], [ -44.998319380586672, -21.326723497224737 ], [ -44.998319380586672, -21.325915013469029 ], [ -44.998049886001432, -21.325915013469029 ], [ -44.998049886001432, -21.326454002639501 ], [ -44.99751089683096, -21.326454002639501 ], [ -44.99751089683096, -21.327531980980446 ], [ -44.997241402245727, -21.327531980980439 ], [ -44.997241402245727, -21.327801475565682 ], [ -44.996971907660487, -21.327801475565682 ], [ -44.996971907660487, -21.32860995932139 ] ] ] } },
{ "type": "Feature", "properties": { "anos_com_queima": 3, "area_ha": 0.083356288823465408, "inicio": 2011.0, "fim": 2025.0, "tipo": "recurrence", "id_feicao": "recurrence_2011_2025_1177" }, "geometry": { "type": "Polygon", "coordinates": [ [ [ -45.010716131507522, -21.32726248639521 ], [ -45.010716131507522, -21.327531980980446 ], [ -45.010985626092754, -21.327531980980446 ], [ -45.010985626092754, -21.327262486395206 ], [ -45.010716131507522, -21.32726248639521 ] ] ] } },
{ "type": "Feature", "properties": { "anos_com_queima": 3, "area_ha": 2.0005479833500375, "inicio": 2011.0, "fim": 2025.0, "tipo": "recurrence", "id_feicao": "recurrence_2011_2025_1178" }, "geometry": { "type": "Polygon", "coordinates": [ [ [ -45.003709272291395, -21.328340464736147 ], [ -45.003709272291395, -21.326454002639501 ], [ -45.003439777706149, -21.326454002639501 ], [ -45.003439777706149, -21.328070970150918 ], [ -45.001283821024266, -21.328070970150911 ], [ -45.001283821024266, -21.327801475565678 ], [ -44.999127864342377, -21.327801475565678 ], [ -44.999127864342377, -21.328070970150922 ], [ -45.001014326439034, -21.328070970150915 ], [ -45.001014326439034, -21.328340464736151 ], [ -45.003709272291395, -21.328340464736147 ] ] ] } },
{ "type": "Feature", "properties": { "anos_com_queima": 3, "area_ha": 0.25006885869726536, "inicio": 2011.0, "fim": 2025.0, "tipo": "recurrence", "id_feicao": "recurrence_2011_2025_1179" }, "geometry": { "type": "Polygon", "coordinates": [ [ [ -44.999127864342377, -21.326992991809977 ], [ -44.998858369757144, -21.32699299180997 ], [ -44.998858369757144, -21.327801475565682 ], [ -44.999127864342377, -21.327801475565678 ], [ -44.999127864342377, -21.326992991809977 ] ] ] } },
{ "type": "Feature", "properties": { "anos_com_queima": 3, "area_ha": 0.083356436681468041, "inicio": 2011.0, "fim": 2025.0, "tipo": "recurrence", "id_feicao": "recurrence_2011_2025_1180" }, "geometry": { "type": "Polygon", "coordinates": [ [ [ -45.006673712728983, -21.326992991809977 ], [ -45.006404218143743, -21.32699299180997 ], [ -45.006404218143743, -21.327262486395213 ], [ -45.006673712728983, -21.32726248639521 ], [ -45.006673712728983, -21.326992991809977 ] ] ] } },
{ "type": "Feature", "properties": { "anos_com_queima": 3, "area_ha": 0.50013996273688976, "inicio": 2011.0, "fim": 2025.0, "tipo": "recurrence", "id_feicao": "recurrence_2011_2025_1181" }, "geometry": { "type": "Polygon", "coordinates": [ [ [ -44.99589392931955, -21.326454002639501 ], [ -44.995085445563838, -21.326454002639505 ], [ -44.995085445563838, -21.326992991809973 ], [ -44.99589392931955, -21.326992991809973 ], [ -44.99589392931955, -21.326454002639501 ] ] ] } },
{ "type": "Feature", "properties": { "anos_com_queima": 3, "area_ha": 0.083356735784827288, "inicio": 2011.0, "fim": 2025.0, "tipo": "recurrence", "id_feicao": "recurrence_2011_2025_1182" }, "geometry": { "type": "Polygon", "coordinates": [ [ [ -45.006673712728983, -21.326454002639501 ], [ -45.006673712728983, -21.326723497224737 ], [ -45.006943207314215, -21.32672349722473 ], [ -45.006943207314215, -21.326454002639501 ], [ -45.006673712728983, -21.326454002639501 ] ] ] } },
{ "type": "Feature", "properties": { "anos_com_queima": 3, "area_ha": 0.16671391870885427, "inicio": 2011.0, "fim": 2025.0, "tipo": "recurrence", "id_feicao": "recurrence_2011_2025_1183" }, "geometry": { "type": "Polygon", "coordinates": [ [ [ -45.003709272291395, -21.325915013469022 ], [ -45.003709272291395, -21.326454002639501 ], [ -45.003978766876621, -21.326454002639505 ], [ -45.003978766876621, -21.325915013469029 ], [ -45.003709272291395, -21.325915013469022 ] ] ] } },
{ "type": "Feature", "properties": { "anos_com_queima": 3, "area_ha": 0.083357034979108721, "inicio": 2011.0, "fim": 2025.0, "tipo": "recurrence", "id_feicao": "recurrence_2011_2025_1184" }, "geometry": { "type": "Polygon", "coordinates": [ [ [ -45.007482196484688, -21.325915013469025 ], [ -45.007212701899455, -21.325915013469029 ], [ -45.007212701899455, -21.326184508054265 ], [ -45.007482196484688, -21.326184508054268 ], [ -45.007482196484688, -21.325915013469025 ] ] ] } },
{ "type": "Feature", "properties": { "anos_com_queima": 3, "area_ha": 1.0002880130899048, "inicio": 2011.0, "fim": 2025.0, "tipo": "recurrence", "id_feicao": "recurrence_2011_2025_1185" }, "geometry": { "type": "Polygon", "coordinates": [ [ [ -45.00802118565516, -21.32510652971332 ], [ -45.00802118565516, -21.325915013469029 ], [ -45.009099163996105, -21.325915013469025 ], [ -45.009099163996105, -21.32510652971332 ], [ -45.00802118565516, -21.32510652971332 ] ] ] } },
{ "type": "Feature", "properties": { "anos_com_queima": 3, "area_ha": 0.58350133343826727, "inicio": 2011.0, "fim": 2025.0, "tipo": "recurrence", "id_feicao": "recurrence_2011_2025_1186" }, "geometry": { "type": "Polygon", "coordinates": [ [ [ -45.003978766876621, -21.325376024298556 ], [ -45.003978766876621, -21.325645518883796 ], [ -45.005865228973271, -21.3256455188838 ], [ -45.005865228973271, -21.32537602429856 ], [ -45.003978766876621, -21.325376024298556 ] ] ] } },
{ "type": "Feature", "properties": { "anos_com_queima": 3, "area_ha": 0.083357483103964472, "inicio": 2011.0, "fim": 2025.0, "tipo": "recurrence", "id_feicao": "recurrence_2011_2025_1187" }, "geometry": { "type": "Polygon", "coordinates": [ [ [ -45.00613472355851, -21.325106529713317 ], [ -45.005865228973271, -21.32510652971332 ], [ -45.005865228973271, -21.32537602429856 ], [ -45.00613472355851, -21.325376024298553 ], [ -45.00613472355851, -21.325106529713317 ] ] ] } },
{ "type": "Feature", "properties": { "anos_com_queima": 3, "area_ha": 0.3334305322003619, "inicio": 2011.0, "fim": 2025.0, "tipo": "recurrence", "id_feicao": "recurrence_2011_2025_1188" }, "geometry": { "type": "Polygon", "coordinates": [ [ [ -45.006943207314215, -21.324837035128088 ], [ -45.006943207314215, -21.32510652971332 ], [ -45.00802118565516, -21.32510652971332 ], [ -45.00802118565516, -21.324837035128084 ], [ -45.006943207314215, -21.324837035128088 ] ] ] } },
{ "type": "Feature", "properties": { "anos_com_queima": 3, "area_ha": 0.41707899809689253, "inicio": 2011.0, "fim": 2025.0, "tipo": "recurrence", "id_feicao": "recurrence_2011_2025_1189" }, "geometry": { "type": "Polygon", "coordinates": [ [ [ -45.003978766876621, -21.219734146886097 ], [ -45.003978766876621, -21.22000364147133 ], [ -45.005326239802812, -21.22000364147133 ], [ -45.005326239802812, -21.219734146886097 ], [ -45.003978766876621, -21.219734146886097 ] ] ] } },
{ "type": "Feature", "properties": { "anos_com_queima": 3, "area_ha": 0.083415948060993103, "inicio": 2011.0, "fim": 2025.0, "tipo": "recurrence", "id_feicao": "recurrence_2011_2025_1190" }, "geometry": { "type": "Polygon", "coordinates": [ [ [ -45.002631293950451, -21.219464652300868 ], [ -45.002361799365211, -21.219464652300861 ], [ -45.002361799365211, -21.219734146886097 ], [ -45.002631293950451, -21.219734146886104 ], [ -45.002631293950451, -21.219464652300868 ] ] ] } },
{ "type": "Feature", "properties": { "anos_com_queima": 3, "area_ha": 0.16683294071741403, "inicio": 2011.0, "fim": 2025.0, "tipo": "recurrence", "id_feicao": "recurrence_2011_2025_1191" }, "geometry": { "type": "Polygon", "coordinates": [ [ [ -45.008829669410872, -21.21838667395992 ], [ -45.008560174825632, -21.21838667395992 ], [ -45.008560174825632, -21.218925663130399 ], [ -45.008829669410872, -21.218925663130399 ], [ -45.008829669410872, -21.21838667395992 ] ] ] } },
{ "type": "Feature", "properties": { "anos_com_queima": 3, "area_ha": 1.3346660622373223, "inicio": 2011.0, "fim": 2025.0, "tipo": "recurrence", "id_feicao": "recurrence_2011_2025_1192" }, "geometry": { "type": "Polygon", "coordinates": [ [ [ -45.003170283120923, -21.217847684789458 ], [ -45.003439777706149, -21.217847684789454 ], [ -45.003439777706149, -21.218117179374691 ], [ -45.003709272291395, -21.21811717937468 ], [ -45.003709272291395, -21.217578190204208 ], [ -45.002900788535676, -21.217578190204215 ], [ -45.002900788535676, -21.218117179374683 ], [ -45.002092304779978, -21.218117179374691 ], [ -45.002092304779978, -21.219464652300868 ], [ -45.002361799365211, -21.219464652300861 ], [ -45.002361799365211, -21.218656168545156 ], [ -45.003170283120923, -21.218656168545163 ], [ -45.003170283120923, -21.217847684789458 ] ] ] } },
{ "type": "Feature", "properties": { "anos_com_queima": 3, "area_ha": 0.25024984644240794, "inicio": 2011.0, "fim": 2025.0, "tipo": "recurrence", "id_feicao": "recurrence_2011_2025_1193" }, "geometry": { "type": "Polygon", "coordinates": [ [ [ -45.005595734388038, -21.218656168545163 ], [ -45.005595734388038, -21.218386673959923 ], [ -45.005326239802812, -21.218386673959923 ], [ -45.005326239802812, -21.218117179374687 ], [ -45.005056745217566, -21.218117179374683 ], [ -45.005056745217566, -21.218656168545156 ], [ -45.005595734388038, -21.218656168545163 ] ] ] } },
{ "type": "Feature", "properties": { "anos_com_queima": 3, "area_ha": 0.16683338737835446, "inicio": 2011.0, "fim": 2025.0, "tipo": "recurrence", "id_feicao": "recurrence_2011_2025_1194" }, "geometry": { "type": "Polygon", "coordinates": [ [ [ -45.008829669410872, -21.21811717937468 ], [ -45.008829669410872, -21.21838667395992 ], [ -45.009368658581337, -21.21838667395992 ], [ -45.009368658581337, -21.218117179374683 ], [ -45.008829669410872, -21.21811717937468 ] ] ] } },
{ "type": "Feature", "properties": { "anos_com_queima": 3, "area_ha": 0.16683413137998432, "inicio": 2011.0, "fim": 2025.0, "tipo": "recurrence", "id_feicao": "recurrence_2011_2025_1195" }, "geometry": { "type": "Polygon", "coordinates": [ [ [ -45.009368658581337, -21.217308695618971 ], [ -45.009099163996105, -21.217308695618975 ], [ -45.009099163996105, -21.217847684789447 ], [ -45.009368658581337, -21.217847684789444 ], [ -45.009368658581337, -21.217308695618971 ] ] ] } },
{ "type": "Feature", "properties": { "anos_com_queima": 3, "area_ha": 1.0010066303662075, "inicio": 2011.0, "fim": 2025.0, "tipo": "recurrence", "id_feicao": "recurrence_2011_2025_1196" }, "geometry": { "type": "Polygon", "coordinates": [ [ [ -45.00802118565516, -21.217847684789447 ], [ -45.00802118565516, -21.217308695618971 ], [ -45.008560174825632, -21.217308695618971 ], [ -45.008560174825632, -21.216769706448499 ], [ -45.007482196484688, -21.216769706448503 ], [ -45.007482196484688, -21.217847684789447 ], [ -45.00802118565516, -21.217847684789447 ] ] ] } },
{ "type": "Feature", "properties": { "anos_com_queima": 3, "area_ha": 0.66734365617926339, "inicio": 2011.0, "fim": 2025.0, "tipo": "recurrence", "id_feicao": "recurrence_2011_2025_1197" }, "geometry": { "type": "Polygon", "coordinates": [ [ [ -44.994276961808133, -21.215691728107561 ], [ -44.994276961808133, -21.216230717278044 ], [ -44.995354940149078, -21.216230717278044 ], [ -44.995354940149078, -21.215691728107565 ], [ -44.994276961808133, -21.215691728107561 ] ] ] } },
{ "type": "Feature", "properties": { "anos_com_queima": 3, "area_ha": 0.083419072196073835, "inicio": 2011.0, "fim": 2025.0, "tipo": "recurrence", "id_feicao": "recurrence_2011_2025_1198" }, "geometry": { "type": "Polygon", "coordinates": [ [ [ -45.002092304779978, -21.213805266010912 ], [ -45.001822810194739, -21.213805266010908 ], [ -45.001822810194739, -21.214074760596148 ], [ -45.002092304779978, -21.214074760596144 ], [ -45.002092304779978, -21.213805266010912 ] ] ] } },
{ "type": "Feature", "properties": { "anos_com_queima": 3, "area_ha": 5.8393508481032219, "inicio": 2011.0, "fim": 2025.0, "tipo": "recurrence", "id_feicao": "recurrence_2011_2025_1199" }, "geometry": { "type": "Polygon", "coordinates": [ [ [ -45.002092304779978, -21.214074760596144 ], [ -45.002092304779978, -21.21488324435186 ], [ -45.003978766876621, -21.214883244351856 ], [ -45.003978766876621, -21.21461374976662 ], [ -45.004517756047093, -21.214613749766617 ], [ -45.004517756047093, -21.2129967822552 ], [ -45.003439777706149, -21.21299678225521 ], [ -45.003439777706149, -21.211918803914269 ], [ -45.002361799365211, -21.211918803914262 ], [ -45.002361799365211, -21.212188298499495 ], [ -45.001822810194739, -21.212188298499495 ], [ -45.001822810194739, -21.212457793084727 ], [ -45.002361799365211, -21.212457793084731 ], [ -45.002361799365211, -21.212727287669978 ], [ -45.002631293950451, -21.212727287669974 ], [ -45.002631293950451, -21.214074760596141 ], [ -45.002092304779978, -21.214074760596144 ] ] ] } },
{ "type": "Feature", "properties": { "anos_com_queima": 3, "area_ha": 0.58393803416177548, "inicio": 2011.0, "fim": 2025.0, "tipo": "recurrence", "id_feicao": "recurrence_2011_2025_1200" }, "geometry": { "type": "Polygon", "coordinates": [ [ [ -45.001822810194739, -21.213266276840447 ], [ -45.001822810194739, -21.212457793084727 ], [ -45.001553315609506, -21.212457793084731 ], [ -45.001553315609506, -21.212188298499495 ], [ -45.001283821024266, -21.212188298499495 ], [ -45.001283821024266, -21.213266276840432 ], [ -45.001822810194739, -21.213266276840447 ] ] ] } },
{ "type": "Feature", "properties": { "anos_com_queima": 3, "area_ha": 2.2527035623185339, "inicio": 2011.0, "fim": 2025.0, "tipo": "recurrence", "id_feicao": "recurrence_2011_2025_1201" }, "geometry": { "type": "Polygon", "coordinates": [ [ [ -44.998858369757144, -21.18874226958398 ], [ -44.999666853512849, -21.188742269583972 ], [ -44.999666853512849, -21.188203280413504 ], [ -45.001014326439034, -21.188203280413507 ], [ -45.001014326439034, -21.187125302072563 ], [ -45.000205842683322, -21.187125302072555 ], [ -45.000205842683322, -21.187394796657795 ], [ -44.999936348098089, -21.187394796657795 ], [ -44.999936348098089, -21.187664291243031 ], [ -44.999397358927617, -21.187664291243024 ], [ -44.999397358927617, -21.187933785828271 ], [ -44.998858369757144, -21.187933785828271 ], [ -44.998858369757144, -21.18874226958398 ] ] ] } },
{ "type": "Feature", "properties": { "anos_com_queima": 3, "area_ha": 0.30766836217833798, "inicio": 2011.0, "fim": 2025.0, "tipo": "recurrence", "id_feicao": "recurrence_2011_2025_1202" }, "geometry": { "type": "Polygon", "coordinates": [ [ [ -44.965171546602662, -21.34639660194695 ], [ -44.965171546602662, -21.345857612776491 ], [ -44.964219793666189, -21.345857613133987 ], [ -44.964246, -21.345875 ], [ -44.964467, -21.346002 ], [ -44.964761, -21.346186999999894 ], [ -44.965019, -21.346325 ], [ -44.965148944141774, -21.346396601981688 ], [ -44.965171546602662, -21.34639660194695 ] ] ] } },
{ "type": "Feature", "properties": { "anos_com_queima": 3, "area_ha": 1.4169293671231717, "inicio": 2011.0, "fim": 2025.0, "tipo": "recurrence", "id_feicao": "recurrence_2011_2025_1203" }, "geometry": { "type": "Polygon", "coordinates": [ [ [ -44.964632557432189, -21.341276204827462 ], [ -44.96436306284695, -21.341276204827466 ], [ -44.96436306284695, -21.341545699412702 ], [ -44.965710535773134, -21.341545699412709 ], [ -44.965710535773134, -21.340467721071768 ], [ -44.964632557432189, -21.340467721071764 ], [ -44.964632557432189, -21.341276204827462 ] ] ] } },
{ "type": "Feature", "properties": { "anos_com_queima": 3, "area_ha": 1.9866244978205025, "inicio": 2011.0, "fim": 2025.0, "tipo": "recurrence", "id_feicao": "recurrence_2011_2025_1204" }, "geometry": { "type": "Polygon", "coordinates": [ [ [ -44.991043026785299, -21.334538840196572 ], [ -44.991043026785299, -21.335347323952291 ], [ -44.990773532200066, -21.33534732395227 ], [ -44.990773532200066, -21.336964291463694 ], [ -44.991204475879478, -21.336964291947702 ], [ -44.991335999999897, -21.336791 ], [ -44.991532999999897, -21.336331 ], [ -44.991582999999899, -21.336113 ], [ -44.99162, -21.335837 ], [ -44.991633, -21.335572 ], [ -44.991644999999899, -21.335342 ], [ -44.991670999999897, -21.335066 ], [ -44.991708, -21.334756 ], [ -44.991737111982779, -21.33453884043276 ], [ -44.991043026785299, -21.334538840196572 ] ] ] } },
{ "type": "Feature", "properties": { "anos_com_queima": 3, "area_ha": 0.33341441102667979, "inicio": 2011.0, "fim": 2025.0, "tipo": "recurrence", "id_feicao": "recurrence_2011_2025_1205" }, "geometry": { "type": "Polygon", "coordinates": [ [ [ -44.980263243375866, -21.332113388929447 ], [ -44.980263243375866, -21.33238288351469 ], [ -44.981341221716811, -21.332382883514686 ], [ -44.981341221716811, -21.33211338892945 ], [ -44.980263243375866, -21.332113388929447 ] ] ] } },
{ "type": "Feature", "properties": { "anos_com_queima": 3, "area_ha": 2.4172770777251573, "inicio": 2011.0, "fim": 2025.0, "tipo": "recurrence", "id_feicao": "recurrence_2011_2025_1206" }, "geometry": { "type": "Polygon", "coordinates": [ [ [ -44.9834971783987, -21.330226926832797 ], [ -44.982419200057755, -21.330226926832797 ], [ -44.982419200057755, -21.33049642141804 ], [ -44.98161071630205, -21.330496421418037 ], [ -44.98161071630205, -21.331574399758978 ], [ -44.98322768381346, -21.331574399758981 ], [ -44.98322768381346, -21.330765916003276 ], [ -44.9834971783987, -21.330765916003276 ], [ -44.9834971783987, -21.330226926832797 ] ] ] } },
{ "type": "Feature", "properties": { "anos_com_queima": 3, "area_ha": 1.2508156593495936, "inicio": 2011.0, "fim": 2025.0, "tipo": "recurrence", "id_feicao": "recurrence_2011_2025_1207" }, "geometry": { "type": "Polygon", "coordinates": [ [ [ -44.988887070103416, -21.271207612666142 ], [ -44.988887070103416, -21.27093811808091 ], [ -44.989156564688649, -21.270938118080913 ], [ -44.989156564688649, -21.270129634325212 ], [ -44.988078586347704, -21.270129634325208 ], [ -44.988078586347704, -21.271207612666149 ], [ -44.988887070103416, -21.271207612666142 ] ] ] } },
{ "type": "Feature", "properties": { "anos_com_queima": 3, "area_ha": 0.16678768452070891, "inicio": 2011.0, "fim": 2025.0, "tipo": "recurrence", "id_feicao": "recurrence_2011_2025_1208" }, "geometry": { "type": "Polygon", "coordinates": [ [ [ -44.978915770449689, -21.259349850915765 ], [ -44.978915770449689, -21.259888840086248 ], [ -44.979185265034921, -21.259888840086244 ], [ -44.979185265034921, -21.259349850915772 ], [ -44.978915770449689, -21.259349850915765 ] ] ] } },
{ "type": "Feature", "properties": { "anos_com_queima": 3, "area_ha": 1.3344340648390354, "inicio": 2011.0, "fim": 2025.0, "tipo": "recurrence", "id_feicao": "recurrence_2011_2025_1209" }, "geometry": { "type": "Polygon", "coordinates": [ [ [ -44.933101690959596, -21.244258154142553 ], [ -44.932023712618651, -21.24425815414256 ], [ -44.932023712618651, -21.245336132483512 ], [ -44.933101690959596, -21.245336132483505 ], [ -44.933101690959596, -21.244258154142553 ] ] ] } },
{ "type": "Feature", "properties": { "anos_com_queima": 3, "area_ha": 3.5863666242286345, "inicio": 2011.0, "fim": 2025.0, "tipo": "recurrence", "id_feicao": "recurrence_2011_2025_1210" }, "geometry": { "type": "Polygon", "coordinates": [ [ [ -44.933640680130061, -21.24102421911973 ], [ -44.933640680130061, -21.240485229949268 ], [ -44.933371185544829, -21.240485229949261 ], [ -44.933371185544829, -21.240215735364028 ], [ -44.932293207203884, -21.240215735364028 ], [ -44.932293207203884, -21.242910681216387 ], [ -44.932562701789124, -21.242910681216394 ], [ -44.932562701789124, -21.243449670386866 ], [ -44.933101690959596, -21.243449670386862 ], [ -44.933101690959596, -21.242102197460675 ], [ -44.933371185544829, -21.242102197460675 ], [ -44.933371185544829, -21.24102421911973 ], [ -44.933640680130061, -21.24102421911973 ] ] ] } },
{ "type": "Feature", "properties": { "anos_com_queima": 3, "area_ha": 1.9185326461947774, "inicio": 2011.0, "fim": 2025.0, "tipo": "recurrence", "id_feicao": "recurrence_2011_2025_1211" }, "geometry": { "type": "Polygon", "coordinates": [ [ [ -44.987809091762472, -21.22162060898275 ], [ -44.987809091762472, -21.222698587323695 ], [ -44.988078586347704, -21.222698587323691 ], [ -44.988078586347704, -21.222968081908927 ], [ -44.989156564688649, -21.222968081908927 ], [ -44.989156564688649, -21.221890103568001 ], [ -44.988887070103416, -21.221890103567986 ], [ -44.988887070103416, -21.221620608982757 ], [ -44.987809091762472, -21.22162060898275 ] ] ] } },
{ "type": "Feature", "properties": { "anos_com_queima": 3, "area_ha": 1.2512263119310141, "inicio": 2011.0, "fim": 2025.0, "tipo": "recurrence", "id_feicao": "recurrence_2011_2025_1212" }, "geometry": { "type": "Polygon", "coordinates": [ [ [ -44.985653135080582, -21.220273136056576 ], [ -44.98538364049535, -21.220273136056573 ], [ -44.98538364049535, -21.220542630641802 ], [ -44.98511414591011, -21.220542630641813 ], [ -44.98511414591011, -21.221890103567993 ], [ -44.985922629665822, -21.22189010356799 ], [ -44.985922629665822, -21.220812125227042 ], [ -44.985653135080582, -21.220812125227049 ], [ -44.985653135080582, -21.220273136056576 ] ] ] } },
{ "type": "Feature", "properties": { "anos_com_queima": 3, "area_ha": 0.58530031415522099, "inicio": 2011.0, "fim": 2025.0, "tipo": "recurrence", "id_feicao": "recurrence_2011_2025_1213" }, "geometry": { "type": "Polygon", "coordinates": [ [ [ -44.880280752254279, -21.220322204872808 ], [ -44.880183, -21.220451 ], [ -44.879998, -21.220611 ], [ -44.879838, -21.220782 ], [ -44.879579, -21.220988 ], [ -44.879472268498866, -21.22099960132002 ], [ -44.879472268497665, -21.221351114397514 ], [ -44.880280752253363, -21.221351114397514 ], [ -44.880280752254279, -21.220322204872808 ] ] ] } },
{ "type": "Feature", "properties": { "anos_com_queima": 3, "area_ha": 1.4180722815278917, "inicio": 2011.0, "fim": 2025.0, "tipo": "recurrence", "id_feicao": "recurrence_2011_2025_1214" }, "geometry": { "type": "Polygon", "coordinates": [ [ [ -44.991043026785299, -21.219195157715625 ], [ -44.990504037614834, -21.219195157715625 ], [ -44.990504037614834, -21.218925663130396 ], [ -44.989965048444361, -21.218925663130392 ], [ -44.989965048444361, -21.219734146886097 ], [ -44.989426059273889, -21.219734146886097 ], [ -44.989426059273889, -21.220003641471333 ], [ -44.990773532200066, -21.220003641471333 ], [ -44.990773532200066, -21.220273136056569 ], [ -44.991043026785299, -21.220273136056583 ], [ -44.991043026785299, -21.219195157715625 ] ] ] } },
{ "type": "Feature", "properties": { "anos_com_queima": 3, "area_ha": 0.16683267470848004, "inicio": 2011.0, "fim": 2025.0, "tipo": "recurrence", "id_feicao": "recurrence_2011_2025_1215" }, "geometry": { "type": "Polygon", "coordinates": [ [ [ -44.895641943611807, -21.219195157715625 ], [ -44.895641943611807, -21.219464652300871 ], [ -44.896180932782279, -21.219464652300864 ], [ -44.896180932782279, -21.219195157715625 ], [ -44.895641943611807, -21.219195157715625 ] ] ] } },
{ "type": "Feature", "properties": { "anos_com_queima": 3, "area_ha": 0.083416330546812148, "inicio": 2011.0, "fim": 2025.0, "tipo": "recurrence", "id_feicao": "recurrence_2011_2025_1216" }, "geometry": { "type": "Polygon", "coordinates": [ [ [ -44.897258911123224, -21.219195157715635 ], [ -44.897258911123224, -21.219464652300868 ], [ -44.897528405708456, -21.219464652300868 ], [ -44.897528405708456, -21.219195157715628 ], [ -44.897258911123224, -21.219195157715635 ] ] ] } },
{ "type": "Feature", "properties": { "anos_com_queima": 3, "area_ha": 1.8351599006772041, "inicio": 2011.0, "fim": 2025.0, "tipo": "recurrence", "id_feicao": "recurrence_2011_2025_1217" }, "geometry": { "type": "Polygon", "coordinates": [ [ [ -44.989426059273889, -21.218925663130388 ], [ -44.989965048444361, -21.218925663130392 ], [ -44.989965048444361, -21.218117179374691 ], [ -44.988887070103416, -21.218117179374687 ], [ -44.988887070103416, -21.218386673959927 ], [ -44.988617575518177, -21.21838667395992 ], [ -44.988617575518177, -21.219464652300868 ], [ -44.988887070103416, -21.219464652300861 ], [ -44.988887070103416, -21.2197341468861 ], [ -44.989426059273889, -21.219734146886097 ], [ -44.989426059273889, -21.218925663130388 ] ] ] } },
{ "type": "Feature", "properties": { "anos_com_queima": 3, "area_ha": 0.91758384197940213, "inicio": 2011.0, "fim": 2025.0, "tipo": "recurrence", "id_feicao": "recurrence_2011_2025_1218" }, "geometry": { "type": "Polygon", "coordinates": [ [ [ -44.89429447068563, -21.218386673959913 ], [ -44.89429447068563, -21.219195157715625 ], [ -44.895102954441334, -21.219195157715628 ], [ -44.895102954441334, -21.218117179374691 ], [ -44.894563965270862, -21.218117179374691 ], [ -44.894563965270862, -21.218386673959927 ], [ -44.89429447068563, -21.218386673959913 ] ] ] } },
{ "type": "Feature", "properties": { "anos_com_queima": 3, "area_ha": 1.0010030035664272, "inicio": 2011.0, "fim": 2025.0, "tipo": "recurrence", "id_feicao": "recurrence_2011_2025_1219" }, "geometry": { "type": "Polygon", "coordinates": [ [ [ -44.990234543029594, -21.217308695618971 ], [ -44.990234543029594, -21.218386673959927 ], [ -44.991043026785299, -21.218386673959923 ], [ -44.991043026785299, -21.217308695618978 ], [ -44.990234543029594, -21.217308695618971 ] ] ] } },
{ "type": "Feature", "properties": { "anos_com_queima": 3, "area_ha": 0.58392290677819403, "inicio": 2011.0, "fim": 2025.0, "tipo": "recurrence", "id_feicao": "recurrence_2011_2025_1220" }, "geometry": { "type": "Polygon", "coordinates": [ [ [ -44.991312521370538, -21.216769706448503 ], [ -44.991043026785299, -21.216769706448506 ], [ -44.991043026785299, -21.217039201033742 ], [ -44.992121005126243, -21.217039201033742 ], [ -44.992121005126243, -21.216500211863274 ], [ -44.991312521370538, -21.216500211863284 ], [ -44.991312521370538, -21.216769706448503 ] ] ] } },
{ "type": "Feature", "properties": { "anos_com_queima": 3, "area_ha": 0.33367154318532555, "inicio": 2011.0, "fim": 2025.0, "tipo": "recurrence", "id_feicao": "recurrence_2011_2025_1221" }, "geometry": { "type": "Polygon", "coordinates": [ [ [ -44.986461618836294, -21.215961222692798 ], [ -44.986461618836294, -21.21623071727803 ], [ -44.987539597177239, -21.21623071727803 ], [ -44.987539597177239, -21.215961222692798 ], [ -44.986461618836294, -21.215961222692798 ] ] ] } },
{ "type": "Feature", "properties": { "anos_com_queima": 3, "area_ha": 0.25025365414806605, "inicio": 2011.0, "fim": 2025.0, "tipo": "recurrence", "id_feicao": "recurrence_2011_2025_1222" }, "geometry": { "type": "Polygon", "coordinates": [ [ [ -44.988617575518177, -21.215961222692805 ], [ -44.988617575518177, -21.216230717278027 ], [ -44.989426059273889, -21.216230717278027 ], [ -44.989426059273889, -21.215961222692798 ], [ -44.988617575518177, -21.215961222692805 ] ] ] } },
{ "type": "Feature", "properties": { "anos_com_queima": 3, "area_ha": 0.33367243281174452, "inicio": 2011.0, "fim": 2025.0, "tipo": "recurrence", "id_feicao": "recurrence_2011_2025_1223" }, "geometry": { "type": "Polygon", "coordinates": [ [ [ -44.988617575518177, -21.215422233522325 ], [ -44.988078586347704, -21.215422233522329 ], [ -44.988078586347704, -21.215961222692801 ], [ -44.988617575518177, -21.215961222692805 ], [ -44.988617575518177, -21.215422233522325 ] ] ] } },
{ "type": "Feature", "properties": { "anos_com_queima": 3, "area_ha": 1.2512749593548476, "inicio": 2011.0, "fim": 2025.0, "tipo": "recurrence", "id_feicao": "recurrence_2011_2025_1224" }, "geometry": { "type": "Polygon", "coordinates": [ [ [ -44.990234543029594, -21.214613749766613 ], [ -44.989426059273889, -21.214613749766617 ], [ -44.989426059273889, -21.215961222692798 ], [ -44.990234543029594, -21.215961222692794 ], [ -44.990234543029594, -21.214613749766613 ] ] ] } },
{ "type": "Feature", "properties": { "anos_com_queima": 3, "area_ha": 0.91760150388963524, "inicio": 2011.0, "fim": 2025.0, "tipo": "recurrence", "id_feicao": "recurrence_2011_2025_1225" }, "geometry": { "type": "Polygon", "coordinates": [ [ [ -44.995354940149078, -21.215691728107565 ], [ -44.99562443473431, -21.215691728107565 ], [ -44.99562443473431, -21.214613749766624 ], [ -44.994007467222893, -21.21461374976662 ], [ -44.994007467222893, -21.214883244351856 ], [ -44.994276961808133, -21.214883244351856 ], [ -44.994276961808133, -21.215152738937089 ], [ -44.994815950978605, -21.215152738937096 ], [ -44.994815950978605, -21.214883244351864 ], [ -44.995354940149078, -21.214883244351849 ], [ -44.995354940149078, -21.215691728107565 ] ] ] } },
{ "type": "Feature", "properties": { "anos_com_queima": 3, "area_ha": 5.5056518273093218, "inicio": 2011.0, "fim": 2025.0, "tipo": "recurrence", "id_feicao": "recurrence_2011_2025_1226" }, "geometry": { "type": "Polygon", "coordinates": [ [ [ -44.983766672983933, -21.213805266010915 ], [ -44.983766672983933, -21.214883244351853 ], [ -44.985653135080582, -21.214883244351849 ], [ -44.985653135080582, -21.215422233522329 ], [ -44.986192124251055, -21.215422233522329 ], [ -44.986192124251055, -21.21461374976662 ], [ -44.986461618836294, -21.214613749766624 ], [ -44.986461618836294, -21.214074760596155 ], [ -44.987809091762472, -21.214074760596144 ], [ -44.987809091762472, -21.212996782255207 ], [ -44.987539597177239, -21.212996782255207 ], [ -44.987539597177239, -21.213535771425676 ], [ -44.987270102591999, -21.213535771425676 ], [ -44.987270102591999, -21.212996782255203 ], [ -44.986192124251055, -21.212996782255207 ], [ -44.986192124251055, -21.213266276840439 ], [ -44.985922629665822, -21.213266276840439 ], [ -44.985922629665822, -21.213805266010901 ], [ -44.983766672983933, -21.213805266010915 ] ] ] } },
{ "type": "Feature", "properties": { "anos_com_queima": 3, "area_ha": 1.9186403184322807, "inicio": 2011.0, "fim": 2025.0, "tipo": "recurrence", "id_feicao": "recurrence_2011_2025_1227" }, "geometry": { "type": "Polygon", "coordinates": [ [ [ -44.992659994296716, -21.213805266010912 ], [ -44.992659994296716, -21.213266276840439 ], [ -44.991851510541011, -21.213266276840436 ], [ -44.991851510541011, -21.213535771425676 ], [ -44.990504037614834, -21.213535771425679 ], [ -44.990504037614834, -21.213805266010912 ], [ -44.992121005126243, -21.213805266010905 ], [ -44.992121005126243, -21.214613749766613 ], [ -44.993198983467188, -21.214613749766617 ], [ -44.993198983467188, -21.213805266010912 ], [ -44.992659994296716, -21.213805266010912 ] ] ] } },
{ "type": "Feature", "properties": { "anos_com_queima": 3, "area_ha": 0.08341922303875908, "inicio": 2011.0, "fim": 2025.0, "tipo": "recurrence", "id_feicao": "recurrence_2011_2025_1228" }, "geometry": { "type": "Polygon", "coordinates": [ [ [ -44.990234543029594, -21.213535771425665 ], [ -44.989965048444361, -21.213535771425676 ], [ -44.989965048444361, -21.213805266010908 ], [ -44.990234543029594, -21.213805266010901 ], [ -44.990234543029594, -21.213535771425665 ] ] ] } },
{ "type": "Feature", "properties": { "anos_com_queima": 3, "area_ha": 0.16683889208648878, "inicio": 2011.0, "fim": 2025.0, "tipo": "recurrence", "id_feicao": "recurrence_2011_2025_1229" }, "geometry": { "type": "Polygon", "coordinates": [ [ [ -44.990234543029594, -21.212996782255214 ], [ -44.990234543029594, -21.213535771425665 ], [ -44.990504037614834, -21.213535771425679 ], [ -44.990504037614834, -21.21299678225521 ], [ -44.990234543029594, -21.212996782255214 ] ] ] } },
{ "type": "Feature", "properties": { "anos_com_queima": 3, "area_ha": 0.50051801751849323, "inicio": 2011.0, "fim": 2025.0, "tipo": "recurrence", "id_feicao": "recurrence_2011_2025_1230" }, "geometry": { "type": "Polygon", "coordinates": [ [ [ -44.989156564688649, -21.212457793084734 ], [ -44.989156564688649, -21.213266276840439 ], [ -44.989695553859121, -21.213266276840439 ], [ -44.989695553859121, -21.212457793084727 ], [ -44.989156564688649, -21.212457793084734 ] ] ] } },
{ "type": "Feature", "properties": { "anos_com_queima": 3, "area_ha": 0.083420115061476827, "inicio": 2011.0, "fim": 2025.0, "tipo": "recurrence", "id_feicao": "recurrence_2011_2025_1231" }, "geometry": { "type": "Polygon", "coordinates": [ [ [ -44.991312521370538, -21.211918803914266 ], [ -44.991043026785299, -21.211918803914255 ], [ -44.991043026785299, -21.212188298499495 ], [ -44.991312521370538, -21.212188298499491 ], [ -44.991312521370538, -21.211918803914266 ] ] ] } },
{ "type": "Feature", "properties": { "anos_com_queima": 3, "area_ha": 0.75082736882996803, "inicio": 2011.0, "fim": 2025.0, "tipo": "recurrence", "id_feicao": "recurrence_2011_2025_1232" }, "geometry": { "type": "Polygon", "coordinates": [ [ [ -44.982958189228228, -21.203025482601475 ], [ -44.982958189228228, -21.20248649343101 ], [ -44.983766672983933, -21.20248649343101 ], [ -44.983766672983933, -21.202216998845767 ], [ -44.982419200057755, -21.202216998845774 ], [ -44.982419200057755, -21.203025482601479 ], [ -44.982958189228228, -21.203025482601475 ] ] ] } },
{ "type": "Feature", "properties": { "anos_com_queima": 3, "area_ha": 0.75086077048488664, "inicio": 2011.0, "fim": 2025.0, "tipo": "recurrence", "id_feicao": "recurrence_2011_2025_1233" }, "geometry": { "type": "Polygon", "coordinates": [ [ [ -44.991582015955771, -21.196557612555825 ], [ -44.991582015955771, -21.195749128800109 ], [ -44.992929488881956, -21.195749128800113 ], [ -44.992929488881956, -21.195479634214877 ], [ -44.991312521370538, -21.195479634214866 ], [ -44.991312521370538, -21.196557612555811 ], [ -44.991582015955771, -21.196557612555825 ] ] ] } },
{ "type": "Feature", "properties": { "anos_com_queima": 4, "area_ha": 2.6677273574158549, "inicio": 2011.0, "fim": 2025.0, "tipo": "recurrence", "id_feicao": "recurrence_2011_2025_1234" }, "geometry": { "type": "Polygon", "coordinates": [ [ [ -45.106656203851486, -21.310284327525345 ], [ -45.107734182192431, -21.310284327525352 ], [ -45.107734182192431, -21.310014832940119 ], [ -45.108003676777663, -21.310014832940116 ], [ -45.108003676777663, -21.308936854599164 ], [ -45.107734182192431, -21.308936854599175 ], [ -45.107734182192431, -21.308667360013924 ], [ -45.106656203851486, -21.308667360013928 ], [ -45.106656203851486, -21.308936854599178 ], [ -45.106386709266246, -21.308936854599175 ], [ -45.106386709266246, -21.310014832940116 ], [ -45.106656203851486, -21.310014832940109 ], [ -45.106656203851486, -21.310284327525345 ] ] ] } },
{ "type": "Feature", "properties": { "anos_com_queima": 4, "area_ha": 19.25801488708796, "inicio": 2011.0, "fim": 2025.0, "tipo": "recurrence", "id_feicao": "recurrence_2011_2025_1235" }, "geometry": { "type": "Polygon", "coordinates": [ [ [ -45.113663063067619, -21.304085952064916 ], [ -45.113663063067619, -21.30435544665016 ], [ -45.113124073897147, -21.304355446650153 ], [ -45.113124073897147, -21.306780897917282 ], [ -45.11339356848238, -21.306780897917285 ], [ -45.11339356848238, -21.309745338354883 ], [ -45.113663063067619, -21.30974533835488 ], [ -45.113663063067619, -21.310014832940109 ], [ -45.115280030579029, -21.310014832940112 ], [ -45.115280030579029, -21.308128370843455 ], [ -45.115819019749502, -21.308128370843466 ], [ -45.115819019749502, -21.307858876258226 ], [ -45.116896998090446, -21.307858876258223 ], [ -45.116896998090446, -21.305433424991101 ], [ -45.117166492675686, -21.305433424991104 ], [ -45.117166492675686, -21.304085952064916 ], [ -45.116896998090446, -21.304085952064924 ], [ -45.116896998090446, -21.303816457479691 ], [ -45.115549525164269, -21.303816457479691 ], [ -45.115549525164269, -21.305433424991104 ], [ -45.114471546823324, -21.305433424991108 ], [ -45.114471546823324, -21.304894435820625 ], [ -45.113932557652852, -21.304894435820628 ], [ -45.113932557652852, -21.304085952064924 ], [ -45.113663063067619, -21.304085952064916 ] ] ] } },
{ "type": "Feature", "properties": { "anos_com_queima": 4, "area_ha": 0.16673920054803529, "inicio": 2011.0, "fim": 2025.0, "tipo": "recurrence", "id_feicao": "recurrence_2011_2025_1236" }, "geometry": { "type": "Polygon", "coordinates": [ [ [ -45.119052954772336, -21.304085952064927 ], [ -45.119052954772336, -21.303816457479691 ], [ -45.118513965601863, -21.303816457479687 ], [ -45.118513965601863, -21.30408595206492 ], [ -45.119052954772336, -21.304085952064927 ] ] ] } },
{ "type": "Feature", "properties": { "anos_com_queima": 4, "area_ha": 0.083369732142283923, "inicio": 2011.0, "fim": 2025.0, "tipo": "recurrence", "id_feicao": "recurrence_2011_2025_1237" }, "geometry": { "type": "Polygon", "coordinates": [ [ [ -45.115549525164269, -21.303816457479691 ], [ -45.115549525164269, -21.303546962894458 ], [ -45.115280030579029, -21.303546962894458 ], [ -45.115280030579029, -21.303816457479687 ], [ -45.115549525164269, -21.303816457479691 ] ] ] } },
{ "type": "Feature", "properties": { "anos_com_queima": 4, "area_ha": 2.1689492130676462, "inicio": 2011.0, "fim": 2025.0, "tipo": "recurrence", "id_feicao": "recurrence_2011_2025_1238" }, "geometry": { "type": "Polygon", "coordinates": [ [ [ -45.092103496248747, -21.211379814743793 ], [ -45.092103496248747, -21.210301836402838 ], [ -45.092372990833987, -21.210301836402849 ], [ -45.092372990833987, -21.209762847232366 ], [ -45.092103496248747, -21.209762847232369 ], [ -45.092103496248747, -21.209493352647137 ], [ -45.091564507078274, -21.20949335264714 ], [ -45.091564507078274, -21.210571330988074 ], [ -45.09048652873733, -21.210571330988078 ], [ -45.09048652873733, -21.210840825573321 ], [ -45.090756023322569, -21.210840825573314 ], [ -45.090756023322569, -21.211379814743797 ], [ -45.092103496248747, -21.211379814743793 ] ] ] } },
{ "type": "Feature", "properties": { "anos_com_queima": 4, "area_ha": 0.66736946658695384, "inicio": 2011.0, "fim": 2025.0, "tipo": "recurrence", "id_feicao": "recurrence_2011_2025_1239" }, "geometry": { "type": "Polygon", "coordinates": [ [ [ -45.09048652873733, -21.210571330988078 ], [ -45.09048652873733, -21.210301836402842 ], [ -45.088330572055447, -21.210301836402849 ], [ -45.088330572055447, -21.210571330988074 ], [ -45.09048652873733, -21.210571330988078 ] ] ] } },
{ "type": "Feature", "properties": { "anos_com_queima": 4, "area_ha": 0.66737239850895846, "inicio": 2011.0, "fim": 2025.0, "tipo": "recurrence", "id_feicao": "recurrence_2011_2025_1240" }, "geometry": { "type": "Polygon", "coordinates": [ [ [ -45.088330572055447, -21.210301836402849 ], [ -45.088330572055447, -21.209223858061904 ], [ -45.087791582884975, -21.209223858061907 ], [ -45.087791582884975, -21.210301836402852 ], [ -45.088330572055447, -21.210301836402849 ] ] ] } },
{ "type": "Feature", "properties": { "anos_com_queima": 4, "area_ha": 0.8342200243408171, "inicio": 2011.0, "fim": 2025.0, "tipo": "recurrence", "id_feicao": "recurrence_2011_2025_1241" }, "geometry": { "type": "Polygon", "coordinates": [ [ [ -45.089947539566865, -21.208954363476668 ], [ -45.089947539566865, -21.209493352647144 ], [ -45.091564507078274, -21.20949335264714 ], [ -45.091564507078274, -21.2092238580619 ], [ -45.091025517907802, -21.209223858061904 ], [ -45.091025517907802, -21.208954363476668 ], [ -45.089947539566865, -21.208954363476668 ] ] ] } },
{ "type": "Feature", "properties": { "anos_com_queima": 4, "area_ha": 0.33368829408259371, "inicio": 2011.0, "fim": 2025.0, "tipo": "recurrence", "id_feicao": "recurrence_2011_2025_1242" }, "geometry": { "type": "Polygon", "coordinates": [ [ [ -45.089408550396392, -21.208954363476668 ], [ -45.089408550396392, -21.208684868891435 ], [ -45.088330572055447, -21.208684868891428 ], [ -45.088330572055447, -21.208954363476671 ], [ -45.089408550396392, -21.208954363476668 ] ] ] } },
{ "type": "Feature", "properties": { "anos_com_queima": 4, "area_ha": 2.8364013921240252, "inicio": 2011.0, "fim": 2025.0, "tipo": "recurrence", "id_feicao": "recurrence_2011_2025_1243" }, "geometry": { "type": "Polygon", "coordinates": [ [ [ -45.093181474589692, -21.207067901380022 ], [ -45.093181474589692, -21.206528912209549 ], [ -45.093450969174924, -21.206528912209542 ], [ -45.093450969174924, -21.205181439283365 ], [ -45.092372990833987, -21.205181439283368 ], [ -45.092372990833987, -21.206259417624313 ], [ -45.091834001663514, -21.206259417624306 ], [ -45.091834001663514, -21.206528912209546 ], [ -45.091564507078274, -21.206528912209542 ], [ -45.091564507078274, -21.207067901380022 ], [ -45.093181474589692, -21.207067901380022 ] ] ] } },
{ "type": "Feature", "properties": { "anos_com_queima": 4, "area_ha": 0.66741979548609631, "inicio": 2011.0, "fim": 2025.0, "tipo": "recurrence", "id_feicao": "recurrence_2011_2025_1244" }, "geometry": { "type": "Polygon", "coordinates": [ [ [ -45.116358008919974, -21.199522052993412 ], [ -45.116358008919974, -21.198983063822936 ], [ -45.115280030579029, -21.198983063822936 ], [ -45.115280030579029, -21.199522052993409 ], [ -45.116358008919974, -21.199522052993412 ] ] ] } },
{ "type": "Feature", "properties": { "anos_com_queima": 4, "area_ha": 0.2502835278005342, "inicio": 2011.0, "fim": 2025.0, "tipo": "recurrence", "id_feicao": "recurrence_2011_2025_1245" }, "geometry": { "type": "Polygon", "coordinates": [ [ [ -45.115280030579029, -21.198983063822936 ], [ -45.115280030579029, -21.198174580067231 ], [ -45.115010535993797, -21.198174580067228 ], [ -45.115010535993797, -21.19898306382294 ], [ -45.115280030579029, -21.198983063822936 ] ] ] } },
{ "type": "Feature", "properties": { "anos_com_queima": 4, "area_ha": 0.9177120006892161, "inicio": 2011.0, "fim": 2025.0, "tipo": "recurrence", "id_feicao": "recurrence_2011_2025_1246" }, "geometry": { "type": "Polygon", "coordinates": [ [ [ -45.114471546823324, -21.197096601726294 ], [ -45.114471546823324, -21.198174580067228 ], [ -45.115010535993797, -21.198174580067228 ], [ -45.115010535993797, -21.197905085481992 ], [ -45.115280030579029, -21.197905085482002 ], [ -45.115280030579029, -21.197096601726283 ], [ -45.114471546823324, -21.197096601726294 ] ] ] } },
{ "type": "Feature", "properties": { "anos_com_queima": 4, "area_ha": 1.1679998392231725, "inicio": 2011.0, "fim": 2025.0, "tipo": "recurrence", "id_feicao": "recurrence_2011_2025_1247" }, "geometry": { "type": "Polygon", "coordinates": [ [ [ -45.116358008919974, -21.196827107141047 ], [ -45.116358008919974, -21.197905085481988 ], [ -45.117705481846151, -21.197905085481995 ], [ -45.117705481846151, -21.19763559089677 ], [ -45.117166492675686, -21.197635590896759 ], [ -45.117166492675686, -21.196827107141051 ], [ -45.116358008919974, -21.196827107141047 ] ] ] } },
{ "type": "Feature", "properties": { "anos_com_queima": 4, "area_ha": 0.16685747308070187, "inicio": 2011.0, "fim": 2025.0, "tipo": "recurrence", "id_feicao": "recurrence_2011_2025_1248" }, "geometry": { "type": "Polygon", "coordinates": [ [ [ -45.115819019749502, -21.197096601726287 ], [ -45.115819019749502, -21.196827107141054 ], [ -45.115280030579029, -21.196827107141054 ], [ -45.115280030579029, -21.197096601726283 ], [ -45.115819019749502, -21.197096601726287 ] ] ] } },
{ "type": "Feature", "properties": { "anos_com_queima": 4, "area_ha": 0.16685777590694778, "inicio": 2011.0, "fim": 2025.0, "tipo": "recurrence", "id_feicao": "recurrence_2011_2025_1249" }, "geometry": { "type": "Polygon", "coordinates": [ [ [ -45.116358008919974, -21.196827107141047 ], [ -45.116358008919974, -21.196557612555811 ], [ -45.115819019749502, -21.196557612555818 ], [ -45.115819019749502, -21.196827107141054 ], [ -45.116358008919974, -21.196827107141047 ] ] ] } },
{ "type": "Feature", "properties": { "anos_com_queima": 4, "area_ha": 0.7508626983786757, "inicio": 2011.0, "fim": 2025.0, "tipo": "recurrence", "id_feicao": "recurrence_2011_2025_1250" }, "geometry": { "type": "Polygon", "coordinates": [ [ [ -45.117166492675686, -21.196557612555811 ], [ -45.117166492675686, -21.195749128800109 ], [ -45.116358008919974, -21.195749128800109 ], [ -45.116358008919974, -21.196557612555811 ], [ -45.117166492675686, -21.196557612555811 ] ] ] } },
{ "type": "Feature", "properties": { "anos_com_queima": 4, "area_ha": 1.3348868272593977, "inicio": 2011.0, "fim": 2025.0, "tipo": "recurrence", "id_feicao": "recurrence_2011_2025_1251" }, "geometry": { "type": "Polygon", "coordinates": [ [ [ -45.112315590141435, -21.194401655873929 ], [ -45.112315590141435, -21.193323677532987 ], [ -45.111237611800497, -21.193323677532987 ], [ -45.111237611800497, -21.194401655873936 ], [ -45.112315590141435, -21.194401655873929 ] ] ] } },
{ "type": "Feature", "properties": { "anos_com_queima": 4, "area_ha": 3.4207393450822732, "inicio": 2011.0, "fim": 2025.0, "tipo": "recurrence", "id_feicao": "recurrence_2011_2025_1252" }, "geometry": { "type": "Polygon", "coordinates": [ [ [ -45.113663063067619, -21.190089742510157 ], [ -45.113663063067619, -21.190628731680633 ], [ -45.113932557652852, -21.190628731680629 ], [ -45.113932557652852, -21.190898226265862 ], [ -45.115280030579029, -21.190898226265865 ], [ -45.115280030579029, -21.190628731680633 ], [ -45.114202052238092, -21.190628731680629 ], [ -45.114202052238092, -21.189281258754455 ], [ -45.115819019749502, -21.189281258754455 ], [ -45.115819019749502, -21.189011764169212 ], [ -45.11339356848238, -21.189011764169212 ], [ -45.11339356848238, -21.188472774998743 ], [ -45.112854579311907, -21.18847277499874 ], [ -45.112854579311907, -21.18874226958398 ], [ -45.112315590141435, -21.188742269583969 ], [ -45.112315590141435, -21.189011764169212 ], [ -45.112854579311907, -21.189011764169212 ], [ -45.112854579311907, -21.190089742510153 ], [ -45.113663063067619, -21.190089742510157 ] ] ] } },
{ "type": "Feature", "properties": { "anos_com_queima": 4, "area_ha": 1.0012044717713151, "inicio": 2011.0, "fim": 2025.0, "tipo": "recurrence", "id_feicao": "recurrence_2011_2025_1253" }, "geometry": { "type": "Polygon", "coordinates": [ [ [ -45.114202052238092, -21.18847277499874 ], [ -45.114202052238092, -21.187394796657799 ], [ -45.11339356848238, -21.187394796657795 ], [ -45.11339356848238, -21.188472774998743 ], [ -45.114202052238092, -21.18847277499874 ] ] ] } },
{ "type": "Feature", "properties": { "anos_com_queima": 4, "area_ha": 0.3337375506404649, "inicio": 2011.0, "fim": 2025.0, "tipo": "recurrence", "id_feicao": "recurrence_2011_2025_1254" }, "geometry": { "type": "Polygon", "coordinates": [ [ [ -45.116896998090446, -21.186855807487323 ], [ -45.116896998090446, -21.186586312902087 ], [ -45.115819019749502, -21.186586312902094 ], [ -45.115819019749502, -21.186855807487323 ], [ -45.116896998090446, -21.186855807487323 ] ] ] } },
{ "type": "Feature", "properties": { "anos_com_queima": 4, "area_ha": 1.6670168055387613, "inicio": 2011.0, "fim": 2025.0, "tipo": "recurrence", "id_feicao": "recurrence_2011_2025_1255" }, "geometry": { "type": "Polygon", "coordinates": [ [ [ -45.025268839110254, -21.337503280634174 ], [ -45.025268839110254, -21.336964291463708 ], [ -45.022573893257899, -21.336964291463701 ], [ -45.022573893257899, -21.33750328063417 ], [ -45.025268839110254, -21.337503280634174 ] ] ] } },
{ "type": "Feature", "properties": { "anos_com_queima": 4, "area_ha": 0.75016091181604894, "inicio": 2011.0, "fim": 2025.0, "tipo": "recurrence", "id_feicao": "recurrence_2011_2025_1256" }, "geometry": { "type": "Polygon", "coordinates": [ [ [ -45.022573893257899, -21.336964291463701 ], [ -45.022573893257899, -21.336155807707993 ], [ -45.021765409502187, -21.336155807707989 ], [ -45.021765409502187, -21.336964291463701 ], [ -45.022573893257899, -21.336964291463701 ] ] ] } },
{ "type": "Feature", "properties": { "anos_com_queima": 4, "area_ha": 16.17030685096519, "inicio": 2011.0, "fim": 2025.0, "tipo": "recurrence", "id_feicao": "recurrence_2011_2025_1257" }, "geometry": { "type": "Polygon", "coordinates": [ [ [ -45.03281468749686, -21.338042269804635 ], [ -45.03281468749686, -21.337503280634163 ], [ -45.033084182082092, -21.337503280634166 ], [ -45.033084182082092, -21.336155807707993 ], [ -45.035509633349221, -21.336155807707989 ], [ -45.035509633349221, -21.334538840196579 ], [ -45.035240138763982, -21.334538840196572 ], [ -45.035240138763982, -21.334269345611336 ], [ -45.03281468749686, -21.334269345611343 ], [ -45.03281468749686, -21.333730356440871 ], [ -45.031467214570682, -21.333730356440874 ], [ -45.031467214570682, -21.333460861855635 ], [ -45.028772268718321, -21.333460861855642 ], [ -45.028772268718321, -21.335886313122753 ], [ -45.030119741644498, -21.335886313122746 ], [ -45.030119741644498, -21.335347323952281 ], [ -45.032545192911627, -21.335347323952284 ], [ -45.032545192911627, -21.338042269804639 ], [ -45.03281468749686, -21.338042269804635 ] ] ] } },
{ "type": "Feature", "properties": { "anos_com_queima": 4, "area_ha": 4.1675669068434669, "inicio": 2011.0, "fim": 2025.0, "tipo": "recurrence", "id_feicao": "recurrence_2011_2025_1258" }, "geometry": { "type": "Polygon", "coordinates": [ [ [ -45.028772268718321, -21.337233786048937 ], [ -45.028772268718321, -21.336155807707986 ], [ -45.026077322865966, -21.336155807707986 ], [ -45.026077322865966, -21.334269345611347 ], [ -45.025538333695494, -21.334269345611332 ], [ -45.025538333695494, -21.336155807707989 ], [ -45.025268839110254, -21.336155807707996 ], [ -45.025268839110254, -21.336694796878461 ], [ -45.027424795792143, -21.336694796878465 ], [ -45.027424795792143, -21.337233786048934 ], [ -45.028772268718321, -21.337233786048937 ] ] ] } },
{ "type": "Feature", "properties": { "anos_com_queima": 4, "area_ha": 0.5001104188875235, "inicio": 2011.0, "fim": 2025.0, "tipo": "recurrence", "id_feicao": "recurrence_2011_2025_1259" }, "geometry": { "type": "Polygon", "coordinates": [ [ [ -45.023112882428372, -21.335886313122753 ], [ -45.023112882428372, -21.335347323952277 ], [ -45.022304398672659, -21.335347323952274 ], [ -45.022304398672659, -21.33588631312276 ], [ -45.023112882428372, -21.335886313122753 ] ] ] } },
{ "type": "Feature", "properties": { "anos_com_queima": 4, "area_ha": 0.58346557244780084, "inicio": 2011.0, "fim": 2025.0, "tipo": "recurrence", "id_feicao": "recurrence_2011_2025_1260" }, "geometry": { "type": "Polygon", "coordinates": [ [ [ -45.023112882428372, -21.334269345611332 ], [ -45.023112882428372, -21.334808334781812 ], [ -45.023651871598844, -21.334808334781808 ], [ -45.023651871598844, -21.334538840196583 ], [ -45.024460355354549, -21.334538840196572 ], [ -45.024460355354549, -21.334269345611336 ], [ -45.023112882428372, -21.334269345611332 ] ] ] } },
{ "type": "Feature", "properties": { "anos_com_queima": 4, "area_ha": 0.83352761179862422, "inicio": 2011.0, "fim": 2025.0, "tipo": "recurrence", "id_feicao": "recurrence_2011_2025_1261" }, "geometry": { "type": "Polygon", "coordinates": [ [ [ -45.025268839110254, -21.333191367270391 ], [ -45.025268839110254, -21.333460861855635 ], [ -45.024729849939781, -21.333460861855631 ], [ -45.024729849939781, -21.334269345611339 ], [ -45.025538333695494, -21.334269345611332 ], [ -45.025538333695494, -21.333191367270398 ], [ -45.025268839110254, -21.333191367270391 ] ] ] } },
{ "type": "Feature", "properties": { "anos_com_queima": 4, "area_ha": 0.33341269888497366, "inicio": 2011.0, "fim": 2025.0, "tipo": "recurrence", "id_feicao": "recurrence_2011_2025_1262" }, "geometry": { "type": "Polygon", "coordinates": [ [ [ -45.036587611690159, -21.333191367270398 ], [ -45.036587611690159, -21.332921872685166 ], [ -45.035509633349221, -21.332921872685169 ], [ -45.035509633349221, -21.333191367270402 ], [ -45.036587611690159, -21.333191367270398 ] ] ] } },
{ "type": "Feature", "properties": { "anos_com_queima": 4, "area_ha": 0.33341264398637011, "inicio": 2011.0, "fim": 2025.0, "tipo": "recurrence", "id_feicao": "recurrence_2011_2025_1263" }, "geometry": { "type": "Polygon", "coordinates": [ [ [ -45.026616312036438, -21.333191367270395 ], [ -45.026616312036438, -21.332921872685159 ], [ -45.025538333695494, -21.332921872685169 ], [ -45.025538333695494, -21.333191367270398 ], [ -45.026616312036438, -21.333191367270395 ] ] ] } },
{ "type": "Feature", "properties": { "anos_com_queima": 4, "area_ha": 0.1667116867971995, "inicio": 2011.0, "fim": 2025.0, "tipo": "recurrence", "id_feicao": "recurrence_2011_2025_1264" }, "geometry": { "type": "Polygon", "coordinates": [ [ [ -45.016375517797471, -21.328340464736144 ], [ -45.016375517797471, -21.328070970150911 ], [ -45.015836528626998, -21.328070970150918 ], [ -45.015836528626998, -21.328340464736147 ], [ -45.016375517797471, -21.328340464736144 ] ] ] } },
{ "type": "Feature", "properties": { "anos_com_queima": 4, "area_ha": 0.50013596229776736, "inicio": 2011.0, "fim": 2025.0, "tipo": "recurrence", "id_feicao": "recurrence_2011_2025_1265" }, "geometry": { "type": "Polygon", "coordinates": [ [ [ -45.016914506967943, -21.328340464736151 ], [ -45.017453496138415, -21.328340464736144 ], [ -45.017453496138415, -21.327531980980442 ], [ -45.016914506967943, -21.327531980980442 ], [ -45.016914506967943, -21.328340464736151 ] ] ] } },
{ "type": "Feature", "properties": { "anos_com_queima": 4, "area_ha": 6.2517110183842455, "inicio": 2011.0, "fim": 2025.0, "tipo": "recurrence", "id_feicao": "recurrence_2011_2025_1266" }, "geometry": { "type": "Polygon", "coordinates": [ [ [ -45.012872088189404, -21.328879453906623 ], [ -45.012872088189404, -21.32860995932138 ], [ -45.013411077359876, -21.328609959321387 ], [ -45.013411077359876, -21.328070970150918 ], [ -45.015567034041766, -21.328070970150922 ], [ -45.015567034041766, -21.327801475565682 ], [ -45.013680571945116, -21.327801475565682 ], [ -45.013680571945116, -21.326723497224737 ], [ -45.012602593604171, -21.326723497224734 ], [ -45.012602593604171, -21.326454002639501 ], [ -45.011794109848466, -21.326454002639501 ], [ -45.011794109848466, -21.326723497224734 ], [ -45.011524615263227, -21.326723497224734 ], [ -45.011524615263227, -21.32726248639521 ], [ -45.011255120677994, -21.327262486395213 ], [ -45.011255120677994, -21.328879453906623 ], [ -45.012872088189404, -21.328879453906623 ] ] ] } },
{ "type": "Feature", "properties": { "anos_com_queima": 4, "area_ha": 6.501803863694132, "inicio": 2011.0, "fim": 2025.0, "tipo": "recurrence", "id_feicao": "recurrence_2011_2025_1267" }, "geometry": { "type": "Polygon", "coordinates": [ [ [ -45.023382377013604, -21.328340464736144 ], [ -45.023382377013604, -21.329687937662332 ], [ -45.024729849939781, -21.329687937662325 ], [ -45.024729849939781, -21.329418443077088 ], [ -45.024460355354549, -21.329418443077092 ], [ -45.024460355354549, -21.327262486395213 ], [ -45.026077322865966, -21.327262486395213 ], [ -45.026077322865966, -21.326184508054268 ], [ -45.025807828280726, -21.326184508054268 ], [ -45.025807828280726, -21.3256455188838 ], [ -45.025538333695494, -21.325645518883793 ], [ -45.025538333695494, -21.325376024298556 ], [ -45.023651871598844, -21.32537602429856 ], [ -45.023651871598844, -21.325645518883796 ], [ -45.023382377013604, -21.325645518883789 ], [ -45.023382377013604, -21.326184508054261 ], [ -45.024190860769309, -21.326184508054265 ], [ -45.024190860769309, -21.328340464736154 ], [ -45.023382377013604, -21.328340464736144 ] ] ] } },
{ "type": "Feature", "properties": { "anos_com_queima": 4, "area_ha": 8.5857688874561244, "inicio": 2011.0, "fim": 2025.0, "tipo": "recurrence", "id_feicao": "recurrence_2011_2025_1268" }, "geometry": { "type": "Polygon", "coordinates": [ [ [ -45.016375517797471, -21.326992991809977 ], [ -45.016375517797471, -21.32726248639521 ], [ -45.016914506967943, -21.327262486395217 ], [ -45.016914506967943, -21.326992991809977 ], [ -45.019609452820305, -21.326992991809966 ], [ -45.019609452820305, -21.325915013469022 ], [ -45.019878947405537, -21.325915013469029 ], [ -45.019878947405537, -21.324837035128088 ], [ -45.019609452820305, -21.324837035128084 ], [ -45.019609452820305, -21.324567540542855 ], [ -45.017992485308888, -21.324567540542848 ], [ -45.017992485308888, -21.325915013469025 ], [ -45.015028044871293, -21.325915013469025 ], [ -45.015028044871293, -21.326723497224734 ], [ -45.015297539456526, -21.326723497224741 ], [ -45.015297539456526, -21.326992991809973 ], [ -45.016375517797471, -21.326992991809977 ] ] ] } },
{ "type": "Feature", "properties": { "anos_com_queima": 4, "area_ha": 2.084810625391726, "inicio": 2011.0, "fim": 2025.0, "tipo": "recurrence", "id_feicao": "recurrence_2011_2025_1269" }, "geometry": { "type": "Polygon", "coordinates": [ [ [ -45.02041793657601, -21.262853280523832 ], [ -45.02041793657601, -21.261505807597654 ], [ -45.019070463649832, -21.261505807597665 ], [ -45.019070463649832, -21.262853280523832 ], [ -45.02041793657601, -21.262853280523832 ] ] ] } },
{ "type": "Feature", "properties": { "anos_com_queima": 4, "area_ha": 0.16678559785104752, "inicio": 2011.0, "fim": 2025.0, "tipo": "recurrence", "id_feicao": "recurrence_2011_2025_1270" }, "geometry": { "type": "Polygon", "coordinates": [ [ [ -45.021226420331715, -21.261775302182897 ], [ -45.021226420331715, -21.261236313012418 ], [ -45.020956925746482, -21.261236313012425 ], [ -45.020956925746482, -21.261775302182894 ], [ -45.021226420331715, -21.261775302182897 ] ] ] } },
{ "type": "Feature", "properties": { "anos_com_queima": 4, "area_ha": 0.83404814248760772, "inicio": 2011.0, "fim": 2025.0, "tipo": "recurrence", "id_feicao": "recurrence_2011_2025_1271" }, "geometry": { "type": "Polygon", "coordinates": [ [ [ -45.02904176330356, -21.240485229949265 ], [ -45.02904176330356, -21.240215735364021 ], [ -45.028772268718321, -21.240215735364025 ], [ -45.028772268718321, -21.23940725160832 ], [ -45.028502774133088, -21.239407251608316 ], [ -45.028502774133088, -21.240215735364028 ], [ -45.027694290377376, -21.240215735364028 ], [ -45.027694290377376, -21.239946240778789 ], [ -45.027424795792143, -21.239946240778785 ], [ -45.027424795792143, -21.240485229949265 ], [ -45.02904176330356, -21.240485229949265 ] ] ] } },
{ "type": "Feature", "properties": { "anos_com_queima": 4, "area_ha": 0.16680974909509974, "inicio": 2011.0, "fim": 2025.0, "tipo": "recurrence", "id_feicao": "recurrence_2011_2025_1272" }, "geometry": { "type": "Polygon", "coordinates": [ [ [ -45.027424795792143, -21.239946240778785 ], [ -45.027424795792143, -21.23940725160832 ], [ -45.027155301206903, -21.23940725160832 ], [ -45.027155301206903, -21.239946240778789 ], [ -45.027424795792143, -21.239946240778785 ] ] ] } },
{ "type": "Feature", "properties": { "anos_com_queima": 4, "area_ha": 0.083410893485445739, "inicio": 2011.0, "fim": 2025.0, "tipo": "recurrence", "id_feicao": "recurrence_2011_2025_1273" }, "geometry": { "type": "Polygon", "coordinates": [ [ [ -45.015836528626998, -21.228896962784123 ], [ -45.015836528626998, -21.228627468198876 ], [ -45.015567034041766, -21.228627468198884 ], [ -45.015567034041766, -21.22889696278412 ], [ -45.015836528626998, -21.228896962784123 ] ] ] } },
{ "type": "Feature", "properties": { "anos_com_queima": 4, "area_ha": 0.91752136346538171, "inicio": 2011.0, "fim": 2025.0, "tipo": "recurrence", "id_feicao": "recurrence_2011_2025_1274" }, "geometry": { "type": "Polygon", "coordinates": [ [ [ -45.014758550286061, -21.227818984443179 ], [ -45.014758550286061, -21.229166457369356 ], [ -45.015567034041766, -21.229166457369359 ], [ -45.015567034041766, -21.22889696278412 ], [ -45.015297539456526, -21.228896962784116 ], [ -45.015297539456526, -21.227818984443179 ], [ -45.014758550286061, -21.227818984443179 ] ] ] } },
{ "type": "Feature", "properties": { "anos_com_queima": 4, "area_ha": 1.0843462808630302, "inicio": 2011.0, "fim": 2025.0, "tipo": "recurrence", "id_feicao": "recurrence_2011_2025_1275" }, "geometry": { "type": "Polygon", "coordinates": [ [ [ -45.015567034041766, -21.227549489857942 ], [ -45.015567034041766, -21.227818984443175 ], [ -45.015836528626998, -21.227818984443175 ], [ -45.015836528626998, -21.228627468198876 ], [ -45.01664501238271, -21.228627468198891 ], [ -45.01664501238271, -21.227549489857942 ], [ -45.015567034041766, -21.227549489857942 ] ] ] } },
{ "type": "Feature", "properties": { "anos_com_queima": 4, "area_ha": 1.3336540272436279, "inicio": 2011.0, "fim": 2025.0, "tipo": "recurrence", "id_feicao": "recurrence_2011_2025_1276" }, "geometry": { "type": "Polygon", "coordinates": [ [ [ -45.006404218143743, -21.332652378099926 ], [ -45.006404218143743, -21.332113388929447 ], [ -45.00478725063234, -21.332113388929454 ], [ -45.00478725063234, -21.332652378099919 ], [ -45.004517756047093, -21.332652378099922 ], [ -45.004517756047093, -21.332921872685162 ], [ -45.005595734388038, -21.332921872685169 ], [ -45.005595734388038, -21.332652378099926 ], [ -45.006404218143743, -21.332652378099926 ] ] ] } },
{ "type": "Feature", "properties": { "anos_com_queima": 4, "area_ha": 1.0002440333370679, "inicio": 2011.0, "fim": 2025.0, "tipo": "recurrence", "id_feicao": "recurrence_2011_2025_1277" }, "geometry": { "type": "Polygon", "coordinates": [ [ [ -45.002361799365211, -21.332652378099919 ], [ -45.002361799365211, -21.331574399758974 ], [ -45.001553315609506, -21.331574399758981 ], [ -45.001553315609506, -21.332652378099919 ], [ -45.002361799365211, -21.332652378099919 ] ] ] } },
{ "type": "Feature", "properties": { "anos_com_queima": 4, "area_ha": 0.7502039068837949, "inicio": 2011.0, "fim": 2025.0, "tipo": "recurrence", "id_feicao": "recurrence_2011_2025_1278" }, "geometry": { "type": "Polygon", "coordinates": [ [ [ -45.010985626092754, -21.328340464736147 ], [ -45.010985626092754, -21.327531980980446 ], [ -45.010177142337049, -21.327531980980449 ], [ -45.010177142337049, -21.328340464736147 ], [ -45.010985626092754, -21.328340464736147 ] ] ] } },
{ "type": "Feature", "properties": { "anos_com_queima": 4, "area_ha": 19.171899230309119, "inicio": 2011.0, "fim": 2025.0, "tipo": "recurrence", "id_feicao": "recurrence_2011_2025_1279" }, "geometry": { "type": "Polygon", "coordinates": [ [ [ -45.003709272291395, -21.326454002639501 ], [ -45.003709272291395, -21.328340464736147 ], [ -45.001014326439034, -21.328340464736151 ], [ -45.001014326439034, -21.328070970150915 ], [ -44.999127864342377, -21.328070970150922 ], [ -44.999127864342377, -21.327801475565678 ], [ -44.998858369757144, -21.327801475565682 ], [ -44.998858369757144, -21.32699299180997 ], [ -44.998588875171905, -21.326992991809973 ], [ -44.998588875171905, -21.328340464736154 ], [ -44.998858369757144, -21.328340464736154 ], [ -44.998858369757144, -21.329148948491859 ], [ -45.001822810194739, -21.329148948491852 ], [ -45.001822810194739, -21.329687937662332 ], [ -45.002900788535676, -21.329687937662332 ], [ -45.002900788535676, -21.329957432247564 ], [ -45.00478725063234, -21.329957432247561 ], [ -45.00478725063234, -21.329418443077088 ], [ -45.005326239802812, -21.329418443077092 ], [ -45.005326239802812, -21.327531980980446 ], [ -45.006404218143743, -21.327531980980442 ], [ -45.006404218143743, -21.32699299180997 ], [ -45.006673712728983, -21.326992991809977 ], [ -45.006673712728983, -21.326454002639501 ], [ -45.006943207314215, -21.326454002639501 ], [ -45.006943207314215, -21.326184508054265 ], [ -45.007212701899455, -21.326184508054265 ], [ -45.007212701899455, -21.325915013469029 ], [ -45.00802118565516, -21.325915013469029 ], [ -45.00802118565516, -21.32510652971332 ], [ -45.00613472355851, -21.325106529713317 ], [ -45.00613472355851, -21.325376024298553 ], [ -45.005865228973271, -21.32537602429856 ], [ -45.005865228973271, -21.3256455188838 ], [ -45.003978766876621, -21.325645518883796 ], [ -45.003978766876621, -21.326454002639505 ], [ -45.003709272291395, -21.326454002639501 ] ] ] } },
{ "type": "Feature", "properties": { "anos_com_queima": 4, "area_ha": 0.50049659441350236, "inicio": 2011.0, "fim": 2025.0, "tipo": "recurrence", "id_feicao": "recurrence_2011_2025_1280" }, "geometry": { "type": "Polygon", "coordinates": [ [ [ -44.989965048444361, -21.219734146886097 ], [ -44.989965048444361, -21.218925663130392 ], [ -44.989426059273889, -21.218925663130388 ], [ -44.989426059273889, -21.219734146886097 ], [ -44.989965048444361, -21.219734146886097 ] ] ] } },
{ "type": "Feature", "properties": { "anos_com_queima": 4, "area_ha": 1.7517379886451712, "inicio": 2011.0, "fim": 2025.0, "tipo": "recurrence", "id_feicao": "recurrence_2011_2025_1281" }, "geometry": { "type": "Polygon", "coordinates": [ [ [ -45.003978766876621, -21.22000364147133 ], [ -45.003978766876621, -21.219464652300868 ], [ -45.003709272291395, -21.219464652300861 ], [ -45.003709272291395, -21.219195157715625 ], [ -45.003439777706149, -21.219195157715632 ], [ -45.003439777706149, -21.218925663130399 ], [ -45.003170283120923, -21.218925663130396 ], [ -45.003170283120923, -21.218656168545163 ], [ -45.002361799365211, -21.218656168545156 ], [ -45.002361799365211, -21.219464652300861 ], [ -45.002631293950451, -21.219464652300868 ], [ -45.002631293950451, -21.219734146886104 ], [ -45.002900788535676, -21.2197341468861 ], [ -45.002900788535676, -21.220003641471337 ], [ -45.003978766876621, -21.22000364147133 ] ] ] } },
{ "type": "Feature", "properties": { "anos_com_queima": 4, "area_ha": 0.083416489267906041, "inicio": 2011.0, "fim": 2025.0, "tipo": "recurrence", "id_feicao": "recurrence_2011_2025_1282" }, "geometry": { "type": "Polygon", "coordinates": [ [ [ -44.895372449026574, -21.219195157715628 ], [ -44.895372449026574, -21.218925663130392 ], [ -44.895102954441334, -21.218925663130396 ], [ -44.895102954441334, -21.219195157715628 ], [ -44.895372449026574, -21.219195157715628 ] ] ] } },
{ "type": "Feature", "properties": { "anos_com_queima": 4, "area_ha": 0.083416478109764283, "inicio": 2011.0, "fim": 2025.0, "tipo": "recurrence", "id_feicao": "recurrence_2011_2025_1283" }, "geometry": { "type": "Polygon", "coordinates": [ [ [ -44.897797900293696, -21.219195157715632 ], [ -44.897797900293696, -21.218925663130385 ], [ -44.897528405708456, -21.218925663130388 ], [ -44.897528405708456, -21.219195157715628 ], [ -44.897797900293696, -21.219195157715632 ] ] ] } },
{ "type": "Feature", "properties": { "anos_com_queima": 4, "area_ha": 0.91758540050773041, "inicio": 2011.0, "fim": 2025.0, "tipo": "recurrence", "id_feicao": "recurrence_2011_2025_1284" }, "geometry": { "type": "Polygon", "coordinates": [ [ [ -45.00478725063234, -21.217847684789451 ], [ -45.00478725063234, -21.217578190204211 ], [ -45.003709272291395, -21.217578190204208 ], [ -45.003709272291395, -21.21811717937468 ], [ -45.00478725063234, -21.21811717937468 ], [ -45.00478725063234, -21.218656168545159 ], [ -45.005056745217566, -21.218656168545156 ], [ -45.005056745217566, -21.217847684789454 ], [ -45.00478725063234, -21.217847684789451 ] ] ] } },
{ "type": "Feature", "properties": { "anos_com_queima": 4, "area_ha": 0.083417084403930586, "inicio": 2011.0, "fim": 2025.0, "tipo": "recurrence", "id_feicao": "recurrence_2011_2025_1285" }, "geometry": { "type": "Polygon", "coordinates": [ [ [ -44.895372449026574, -21.21811717937468 ], [ -44.895372449026574, -21.217847684789447 ], [ -44.895102954441334, -21.217847684789454 ], [ -44.895102954441334, -21.218117179374691 ], [ -44.895372449026574, -21.21811717937468 ] ] ] } },
{ "type": "Feature", "properties": { "anos_com_queima": 4, "area_ha": 0.083416840870531819, "inicio": 2011.0, "fim": 2025.0, "tipo": "recurrence", "id_feicao": "recurrence_2011_2025_1286" }, "geometry": { "type": "Polygon", "coordinates": [ [ [ -45.003439777706149, -21.218117179374691 ], [ -45.003439777706149, -21.217847684789454 ], [ -45.003170283120923, -21.217847684789458 ], [ -45.003170283120923, -21.218117179374687 ], [ -45.003439777706149, -21.218117179374691 ] ] ] } },
{ "type": "Feature", "properties": { "anos_com_queima": 4, "area_ha": 1.3346704826428275, "inicio": 2011.0, "fim": 2025.0, "tipo": "recurrence", "id_feicao": "recurrence_2011_2025_1287" }, "geometry": { "type": "Polygon", "coordinates": [ [ [ -45.009099163996105, -21.217847684789447 ], [ -45.009099163996105, -21.217308695618975 ], [ -45.00802118565516, -21.217308695618971 ], [ -45.00802118565516, -21.21838667395992 ], [ -45.008829669410872, -21.21838667395992 ], [ -45.008829669410872, -21.21811717937468 ], [ -45.009368658581337, -21.218117179374683 ], [ -45.009368658581337, -21.217847684789444 ], [ -45.009099163996105, -21.217847684789447 ] ] ] } },
{ "type": "Feature", "properties": { "anos_com_queima": 4, "area_ha": 0.75075517989060614, "inicio": 2011.0, "fim": 2025.0, "tipo": "recurrence", "id_feicao": "recurrence_2011_2025_1288" }, "geometry": { "type": "Polygon", "coordinates": [ [ [ -44.897258911123224, -21.217578190204215 ], [ -44.897258911123224, -21.217308695618978 ], [ -44.895911438197047, -21.217308695618978 ], [ -44.895911438197047, -21.217578190204215 ], [ -44.896450427367519, -21.217578190204204 ], [ -44.896450427367519, -21.217847684789444 ], [ -44.897528405708456, -21.217847684789447 ], [ -44.897528405708456, -21.217578190204225 ], [ -44.897258911123224, -21.217578190204215 ] ] ] } },
{ "type": "Feature", "properties": { "anos_com_queima": 4, "area_ha": 0.33367301844059277, "inicio": 2011.0, "fim": 2025.0, "tipo": "recurrence", "id_feicao": "recurrence_2011_2025_1289" }, "geometry": { "type": "Polygon", "coordinates": [ [ [ -44.994815950978605, -21.215691728107561 ], [ -44.994815950978605, -21.215152738937096 ], [ -44.994276961808133, -21.215152738937089 ], [ -44.994276961808133, -21.215691728107561 ], [ -44.994815950978605, -21.215691728107561 ] ] ] } },
{ "type": "Feature", "properties": { "anos_com_queima": 4, "area_ha": 1.9186255296495986, "inicio": 2011.0, "fim": 2025.0, "tipo": "recurrence", "id_feicao": "recurrence_2011_2025_1290" }, "geometry": { "type": "Polygon", "coordinates": [ [ [ -44.987000608006767, -21.215691728107558 ], [ -44.987000608006767, -21.214074760596144 ], [ -44.986461618836294, -21.214074760596155 ], [ -44.986461618836294, -21.214613749766624 ], [ -44.986192124251055, -21.21461374976662 ], [ -44.986192124251055, -21.215961222692798 ], [ -44.988078586347704, -21.215961222692801 ], [ -44.988078586347704, -21.215691728107565 ], [ -44.987000608006767, -21.215691728107558 ] ] ] } },
{ "type": "Feature", "properties": { "anos_com_queima": 4, "area_ha": 0.16683695525285203, "inicio": 2011.0, "fim": 2025.0, "tipo": "recurrence", "id_feicao": "recurrence_2011_2025_1291" }, "geometry": { "type": "Polygon", "coordinates": [ [ [ -44.995354940149078, -21.215152738937089 ], [ -44.995354940149078, -21.214883244351849 ], [ -44.994815950978605, -21.214883244351864 ], [ -44.994815950978605, -21.215152738937096 ], [ -44.995354940149078, -21.215152738937089 ] ] ] } },
{ "type": "Feature", "properties": { "anos_com_queima": 4, "area_ha": 2.7528120294138265, "inicio": 2011.0, "fim": 2025.0, "tipo": "recurrence", "id_feicao": "recurrence_2011_2025_1292" }, "geometry": { "type": "Polygon", "coordinates": [ [ [ -44.988617575518177, -21.215422233522325 ], [ -44.988617575518177, -21.215961222692805 ], [ -44.989426059273889, -21.215961222692798 ], [ -44.989426059273889, -21.214613749766617 ], [ -44.989965048444361, -21.214613749766617 ], [ -44.989965048444361, -21.213535771425676 ], [ -44.989695553859121, -21.213535771425676 ], [ -44.989695553859121, -21.214074760596144 ], [ -44.989156564688649, -21.214074760596148 ], [ -44.989156564688649, -21.214344255181384 ], [ -44.988078586347704, -21.214344255181377 ], [ -44.988078586347704, -21.215422233522329 ], [ -44.988617575518177, -21.215422233522325 ] ] ] } },
{ "type": "Feature", "properties": { "anos_com_queima": 4, "area_ha": 1.3347111054509877, "inicio": 2011.0, "fim": 2025.0, "tipo": "recurrence", "id_feicao": "recurrence_2011_2025_1293" }, "geometry": { "type": "Polygon", "coordinates": [ [ [ -45.002361799365211, -21.212727287669978 ], [ -45.002361799365211, -21.212457793084731 ], [ -45.001822810194739, -21.212457793084727 ], [ -45.001822810194739, -21.213805266010908 ], [ -45.002092304779978, -21.213805266010912 ], [ -45.002092304779978, -21.214074760596144 ], [ -45.002631293950451, -21.214074760596141 ], [ -45.002631293950451, -21.212727287669974 ], [ -45.002361799365211, -21.212727287669978 ] ] ] } },
{ "type": "Feature", "properties": { "anos_com_queima": 4, "area_ha": 1.8352329873641196, "inicio": 2011.0, "fim": 2025.0, "tipo": "recurrence", "id_feicao": "recurrence_2011_2025_1294" }, "geometry": { "type": "Polygon", "coordinates": [ [ [ -44.987809091762472, -21.212457793084731 ], [ -44.987809091762472, -21.213535771425676 ], [ -44.989695553859121, -21.213535771425676 ], [ -44.989695553859121, -21.213266276840439 ], [ -44.989156564688649, -21.213266276840439 ], [ -44.989156564688649, -21.212457793084734 ], [ -44.987809091762472, -21.212457793084731 ] ] ] } },
{ "type": "Feature", "properties": { "anos_com_queima": 4, "area_ha": 2.502592552703963, "inicio": 2011.0, "fim": 2025.0, "tipo": "recurrence", "id_feicao": "recurrence_2011_2025_1295" }, "geometry": { "type": "Polygon", "coordinates": [ [ [ -44.991582015955771, -21.212457793084731 ], [ -44.991582015955771, -21.212188298499495 ], [ -44.991043026785299, -21.212188298499495 ], [ -44.991043026785299, -21.211918803914255 ], [ -44.990234543029594, -21.211918803914262 ], [ -44.990234543029594, -21.212996782255214 ], [ -44.990504037614834, -21.21299678225521 ], [ -44.990504037614834, -21.213535771425679 ], [ -44.991851510541011, -21.213535771425676 ], [ -44.991851510541011, -21.212457793084731 ], [ -44.991582015955771, -21.212457793084731 ] ] ] } },
{ "type": "Feature", "properties": { "anos_com_queima": 5, "area_ha": 7.3349564692400104, "inicio": 2011.0, "fim": 2025.0, "tipo": "recurrence", "id_feicao": "recurrence_2011_2025_1296" }, "geometry": { "type": "Polygon", "coordinates": [ [ [ -45.023112882428372, -21.334808334781812 ], [ -45.023112882428372, -21.335886313122753 ], [ -45.022573893257899, -21.335886313122757 ], [ -45.022573893257899, -21.336964291463701 ], [ -45.025268839110254, -21.336964291463708 ], [ -45.025268839110254, -21.336155807707996 ], [ -45.025538333695494, -21.336155807707989 ], [ -45.025538333695494, -21.334269345611332 ], [ -45.024460355354549, -21.334269345611336 ], [ -45.024460355354549, -21.334538840196572 ], [ -45.023651871598844, -21.334538840196583 ], [ -45.023651871598844, -21.334808334781808 ], [ -45.023112882428372, -21.334808334781812 ] ] ] } },
{ "type": "Feature", "properties": { "anos_com_queima": 5, "area_ha": 0.16671168758102137, "inicio": 2011.0, "fim": 2025.0, "tipo": "recurrence", "id_feicao": "recurrence_2011_2025_1297" }, "geometry": { "type": "Polygon", "coordinates": [ [ [ -45.016375517797471, -21.328070970150911 ], [ -45.016375517797471, -21.328340464736144 ], [ -45.016914506967943, -21.328340464736151 ], [ -45.016914506967943, -21.328070970150918 ], [ -45.016375517797471, -21.328070970150911 ] ] ] } },
{ "type": "Feature", "properties": { "anos_com_queima": 5, "area_ha": 0.083355992637427087, "inicio": 2011.0, "fim": 2025.0, "tipo": "recurrence", "id_feicao": "recurrence_2011_2025_1298" }, "geometry": { "type": "Polygon", "coordinates": [ [ [ -45.015567034041766, -21.327801475565682 ], [ -45.015567034041766, -21.328070970150922 ], [ -45.015836528626998, -21.328070970150918 ], [ -45.015836528626998, -21.327801475565675 ], [ -45.015567034041766, -21.327801475565682 ] ] ] } },
{ "type": "Feature", "properties": { "anos_com_queima": 5, "area_ha": 0.16671288296459244, "inicio": 2011.0, "fim": 2025.0, "tipo": "recurrence", "id_feicao": "recurrence_2011_2025_1299" }, "geometry": { "type": "Polygon", "coordinates": [ [ [ -45.015836528626998, -21.327262486395213 ], [ -45.016375517797471, -21.32726248639521 ], [ -45.016375517797471, -21.326992991809977 ], [ -45.015836528626998, -21.326992991809973 ], [ -45.015836528626998, -21.327262486395213 ] ] ] } },
{ "type": "Feature", "properties": { "anos_com_queima": 5, "area_ha": 3.0846638295538722, "inicio": 2011.0, "fim": 2025.0, "tipo": "recurrence", "id_feicao": "recurrence_2011_2025_1300" }, "geometry": { "type": "Polygon", "coordinates": [ [ [ -45.115549525164269, -21.303816457479691 ], [ -45.115280030579029, -21.303816457479687 ], [ -45.115280030579029, -21.303546962894458 ], [ -45.113932557652852, -21.303546962894455 ], [ -45.113932557652852, -21.304894435820628 ], [ -45.114471546823324, -21.304894435820625 ], [ -45.114471546823324, -21.305433424991108 ], [ -45.115549525164269, -21.305433424991104 ], [ -45.115549525164269, -21.303816457479691 ] ] ] } },
{ "type": "Feature", "properties": { "anos_com_queima": 5, "area_ha": 0.91745255945069237, "inicio": 2011.0, "fim": 2025.0, "tipo": "recurrence", "id_feicao": "recurrence_2011_2025_1301" }, "geometry": { "type": "Polygon", "coordinates": [ [ [ -45.028502774133088, -21.240215735364028 ], [ -45.028502774133088, -21.239407251608316 ], [ -45.027424795792143, -21.23940725160832 ], [ -45.027424795792143, -21.239946240778785 ], [ -45.027694290377376, -21.239946240778789 ], [ -45.027694290377376, -21.240215735364028 ], [ -45.028502774133088, -21.240215735364028 ] ] ] } },
{ "type": "Feature", "properties": { "anos_com_queima": 5, "area_ha": 0.58387797355577353, "inicio": 2011.0, "fim": 2025.0, "tipo": "recurrence", "id_feicao": "recurrence_2011_2025_1302" }, "geometry": { "type": "Polygon", "coordinates": [ [ [ -45.015836528626998, -21.227818984443175 ], [ -45.015297539456526, -21.227818984443179 ], [ -45.015297539456526, -21.228896962784116 ], [ -45.015567034041766, -21.22889696278412 ], [ -45.015567034041766, -21.228627468198884 ], [ -45.015836528626998, -21.228627468198876 ], [ -45.015836528626998, -21.227818984443175 ] ] ] } },
{ "type": "Feature", "properties": { "anos_com_queima": 5, "area_ha": 4.3379219629973171, "inicio": 2011.0, "fim": 2025.0, "tipo": "recurrence", "id_feicao": "recurrence_2011_2025_1303" }, "geometry": { "type": "Polygon", "coordinates": [ [ [ -45.091564507078274, -21.20949335264714 ], [ -45.089947539566865, -21.209493352647144 ], [ -45.089947539566865, -21.208954363476668 ], [ -45.088330572055447, -21.208954363476671 ], [ -45.088330572055447, -21.210301836402849 ], [ -45.09048652873733, -21.210301836402842 ], [ -45.09048652873733, -21.210571330988078 ], [ -45.091564507078274, -21.210571330988074 ], [ -45.091564507078274, -21.20949335264714 ] ] ] } },
{ "type": "Feature", "properties": { "anos_com_queima": 5, "area_ha": 2.5862741346295355, "inicio": 2011.0, "fim": 2025.0, "tipo": "recurrence", "id_feicao": "recurrence_2011_2025_1304" }, "geometry": { "type": "Polygon", "coordinates": [ [ [ -45.115010535993797, -21.197905085481992 ], [ -45.115010535993797, -21.198174580067228 ], [ -45.115280030579029, -21.198174580067231 ], [ -45.115280030579029, -21.198983063822936 ], [ -45.116358008919974, -21.198983063822936 ], [ -45.116358008919974, -21.196827107141047 ], [ -45.115819019749502, -21.196827107141054 ], [ -45.115819019749502, -21.197096601726287 ], [ -45.115280030579029, -21.197096601726283 ], [ -45.115280030579029, -21.197905085482002 ], [ -45.115010535993797, -21.197905085481992 ] ] ] } },
{ "type": "Feature", "properties": { "anos_com_queima": 5, "area_ha": 0.25028667432470247, "inicio": 2011.0, "fim": 2025.0, "tipo": "recurrence", "id_feicao": "recurrence_2011_2025_1305" }, "geometry": { "type": "Polygon", "coordinates": [ [ [ -45.116358008919974, -21.196827107141047 ], [ -45.117166492675686, -21.196827107141051 ], [ -45.117166492675686, -21.196557612555811 ], [ -45.116358008919974, -21.196557612555811 ], [ -45.116358008919974, -21.196827107141047 ] ] ] } },
{ "type": "Feature", "properties": { "anos_com_queima": 5, "area_ha": 2.4195446351863445, "inicio": 2011.0, "fim": 2025.0, "tipo": "recurrence", "id_feicao": "recurrence_2011_2025_1306" }, "geometry": { "type": "Polygon", "coordinates": [ [ [ -45.115819019749502, -21.189281258754455 ], [ -45.114202052238092, -21.189281258754455 ], [ -45.114202052238092, -21.190628731680629 ], [ -45.115549525164269, -21.190628731680622 ], [ -45.115549525164269, -21.190359237095386 ], [ -45.115819019749502, -21.190359237095389 ], [ -45.115819019749502, -21.189281258754455 ] ] ] } },
{ "type": "Feature", "properties": { "anos_com_queima": 5, "area_ha": 0.16686710936905502, "inicio": 2011.0, "fim": 2025.0, "tipo": "recurrence", "id_feicao": "recurrence_2011_2025_1307" }, "geometry": { "type": "Polygon", "coordinates": [ [ [ -45.113124073897147, -21.187933785828271 ], [ -45.113124073897147, -21.188472774998743 ], [ -45.11339356848238, -21.188472774998743 ], [ -45.11339356848238, -21.187933785828264 ], [ -45.113124073897147, -21.187933785828271 ] ] ] } },
{ "type": "Feature", "properties": { "anos_com_queima": 5, "area_ha": 1.9171975214924664, "inicio": 2011.0, "fim": 2025.0, "tipo": "recurrence", "id_feicao": "recurrence_2011_2025_1308" }, "geometry": { "type": "Polygon", "coordinates": [ [ [ -45.015028044871293, -21.326992991809973 ], [ -45.015297539456526, -21.326992991809973 ], [ -45.015297539456526, -21.326723497224741 ], [ -45.013680571945116, -21.326723497224737 ], [ -45.013680571945116, -21.327801475565682 ], [ -45.015567034041766, -21.327801475565682 ], [ -45.015567034041766, -21.327531980980446 ], [ -45.015028044871293, -21.327531980980446 ], [ -45.015028044871293, -21.326992991809973 ] ] ] } },
{ "type": "Feature", "properties": { "anos_com_queima": 5, "area_ha": 0.33366533452123404, "inicio": 2011.0, "fim": 2025.0, "tipo": "recurrence", "id_feicao": "recurrence_2011_2025_1309" }, "geometry": { "type": "Polygon", "coordinates": [ [ [ -44.896180932782279, -21.219464652300864 ], [ -44.897258911123224, -21.219464652300868 ], [ -44.897258911123224, -21.219195157715635 ], [ -44.896180932782279, -21.219195157715625 ], [ -44.896180932782279, -21.219464652300864 ] ] ] } },
{ "type": "Feature", "properties": { "anos_com_queima": 5, "area_ha": 1.1678275078497169, "inicio": 2011.0, "fim": 2025.0, "tipo": "recurrence", "id_feicao": "recurrence_2011_2025_1310" }, "geometry": { "type": "Polygon", "coordinates": [ [ [ -45.003978766876621, -21.219464652300868 ], [ -45.003978766876621, -21.219734146886097 ], [ -45.005595734388038, -21.219734146886097 ], [ -45.005595734388038, -21.218656168545163 ], [ -45.005056745217566, -21.218656168545156 ], [ -45.005056745217566, -21.218925663130396 ], [ -45.00478725063234, -21.218925663130399 ], [ -45.00478725063234, -21.219464652300868 ], [ -45.003978766876621, -21.219464652300868 ] ] ] } },
{ "type": "Feature", "properties": { "anos_com_queima": 5, "area_ha": 0.083416488009970632, "inicio": 2011.0, "fim": 2025.0, "tipo": "recurrence", "id_feicao": "recurrence_2011_2025_1311" }, "geometry": { "type": "Polygon", "coordinates": [ [ [ -44.895372449026574, -21.219195157715628 ], [ -44.895641943611807, -21.219195157715625 ], [ -44.895641943611807, -21.218925663130396 ], [ -44.895372449026574, -21.218925663130392 ], [ -44.895372449026574, -21.219195157715628 ] ] ] } },
{ "type": "Feature", "properties": { "anos_com_queima": 5, "area_ha": 0.083416479336190966, "inicio": 2011.0, "fim": 2025.0, "tipo": "recurrence", "id_feicao": "recurrence_2011_2025_1312" }, "geometry": { "type": "Polygon", "coordinates": [ [ [ -44.897258911123224, -21.219195157715635 ], [ -44.897528405708456, -21.219195157715628 ], [ -44.897528405708456, -21.218925663130388 ], [ -44.897258911123224, -21.218925663130399 ], [ -44.897258911123224, -21.219195157715635 ] ] ] } },
{ "type": "Feature", "properties": { "anos_com_queima": 5, "area_ha": 0.58391543911444321, "inicio": 2011.0, "fim": 2025.0, "tipo": "recurrence", "id_feicao": "recurrence_2011_2025_1313" }, "geometry": { "type": "Polygon", "coordinates": [ [ [ -45.003709272291395, -21.219195157715625 ], [ -45.003709272291395, -21.21811717937468 ], [ -45.003170283120923, -21.218117179374687 ], [ -45.003170283120923, -21.218925663130396 ], [ -45.003439777706149, -21.218925663130399 ], [ -45.003439777706149, -21.219195157715632 ], [ -45.003709272291395, -21.219195157715625 ] ] ] } },
{ "type": "Feature", "properties": { "anos_com_queima": 5, "area_ha": 0.33366740027330816, "inicio": 2011.0, "fim": 2025.0, "tipo": "recurrence", "id_feicao": "recurrence_2011_2025_1314" }, "geometry": { "type": "Polygon", "coordinates": [ [ [ -44.897528405708456, -21.218925663130388 ], [ -44.897797900293696, -21.218925663130385 ], [ -44.897797900293696, -21.217847684789451 ], [ -44.897528405708456, -21.217847684789447 ], [ -44.897528405708456, -21.218925663130388 ] ] ] } },
{ "type": "Feature", "properties": { "anos_com_queima": 5, "area_ha": 0.083416692334320391, "inicio": 2011.0, "fim": 2025.0, "tipo": "recurrence", "id_feicao": "recurrence_2011_2025_1315" }, "geometry": { "type": "Polygon", "coordinates": [ [ [ -45.004517756047093, -21.218386673959916 ], [ -45.00478725063234, -21.218386673959927 ], [ -45.00478725063234, -21.21811717937468 ], [ -45.004517756047093, -21.218117179374687 ], [ -45.004517756047093, -21.218386673959916 ] ] ] } },
{ "type": "Feature", "properties": { "anos_com_queima": 5, "area_ha": 0.66733724535859507, "inicio": 2011.0, "fim": 2025.0, "tipo": "recurrence", "id_feicao": "recurrence_2011_2025_1316" }, "geometry": { "type": "Polygon", "coordinates": [ [ [ -44.895372449026574, -21.217578190204211 ], [ -44.895372449026574, -21.21811717937468 ], [ -44.896450427367519, -21.218117179374687 ], [ -44.896450427367519, -21.217578190204204 ], [ -44.895372449026574, -21.217578190204211 ] ] ] } },
{ "type": "Feature", "properties": { "anos_com_queima": 5, "area_ha": 0.33367301794365051, "inicio": 2011.0, "fim": 2025.0, "tipo": "recurrence", "id_feicao": "recurrence_2011_2025_1317" }, "geometry": { "type": "Polygon", "coordinates": [ [ [ -44.994815950978605, -21.215691728107561 ], [ -44.995354940149078, -21.215691728107565 ], [ -44.995354940149078, -21.215152738937089 ], [ -44.994815950978605, -21.215152738937096 ], [ -44.994815950978605, -21.215691728107561 ] ] ] } },
{ "type": "Feature", "properties": { "anos_com_queima": 5, "area_ha": 3.4201680354144424, "inicio": 2011.0, "fim": 2025.0, "tipo": "recurrence", "id_feicao": "recurrence_2011_2025_1318" }, "geometry": { "type": "Polygon", "coordinates": [ [ [ -44.988078586347704, -21.215152738937089 ], [ -44.987809091762472, -21.215152738937093 ], [ -44.987809091762472, -21.214883244351856 ], [ -44.988078586347704, -21.21488324435186 ], [ -44.988078586347704, -21.214344255181377 ], [ -44.989156564688649, -21.214344255181384 ], [ -44.989156564688649, -21.214074760596148 ], [ -44.989695553859121, -21.214074760596144 ], [ -44.989695553859121, -21.213535771425676 ], [ -44.987809091762472, -21.213535771425676 ], [ -44.987809091762472, -21.214074760596144 ], [ -44.987000608006767, -21.214074760596144 ], [ -44.987000608006767, -21.215691728107558 ], [ -44.988078586347704, -21.215691728107565 ], [ -44.988078586347704, -21.215152738937089 ] ] ] } },
{ "type": "Feature", "properties": { "anos_com_queima": 6, "area_ha": 1.5837678507551551, "inicio": 2011.0, "fim": 2025.0, "tipo": "recurrence", "id_feicao": "recurrence_2011_2025_1319" }, "geometry": { "type": "Polygon", "coordinates": [ [ [ -45.015567034041766, -21.327801475565682 ], [ -45.015836528626998, -21.327801475565675 ], [ -45.015836528626998, -21.328070970150918 ], [ -45.016914506967943, -21.328070970150918 ], [ -45.016914506967943, -21.327262486395217 ], [ -45.015836528626998, -21.327262486395213 ], [ -45.015836528626998, -21.326992991809973 ], [ -45.015028044871293, -21.326992991809973 ], [ -45.015028044871293, -21.327531980980446 ], [ -45.015567034041766, -21.327531980980446 ], [ -45.015567034041766, -21.327801475565682 ] ] ] } },
{ "type": "Feature", "properties": { "anos_com_queima": 6, "area_ha": 0.33366438847221436, "inicio": 2011.0, "fim": 2025.0, "tipo": "recurrence", "id_feicao": "recurrence_2011_2025_1320" }, "geometry": { "type": "Polygon", "coordinates": [ [ [ -45.00478725063234, -21.219195157715621 ], [ -45.003709272291395, -21.219195157715625 ], [ -45.003709272291395, -21.219464652300861 ], [ -45.00478725063234, -21.219464652300868 ], [ -45.00478725063234, -21.219195157715621 ] ] ] } },
{ "type": "Feature", "properties": { "anos_com_queima": 6, "area_ha": 0.25024944540467114, "inicio": 2011.0, "fim": 2025.0, "tipo": "recurrence", "id_feicao": "recurrence_2011_2025_1321" }, "geometry": { "type": "Polygon", "coordinates": [ [ [ -44.897258911123224, -21.218925663130399 ], [ -44.896450427367519, -21.218925663130385 ], [ -44.896450427367519, -21.219195157715632 ], [ -44.897258911123224, -21.219195157715635 ], [ -44.897258911123224, -21.218925663130399 ] ] ] } },
{ "type": "Feature", "properties": { "anos_com_queima": 6, "area_ha": 0.083416394822020082, "inicio": 2011.0, "fim": 2025.0, "tipo": "recurrence", "id_feicao": "recurrence_2011_2025_1322" }, "geometry": { "type": "Polygon", "coordinates": [ [ [ -45.005056745217566, -21.218656168545156 ], [ -45.00478725063234, -21.218656168545159 ], [ -45.00478725063234, -21.218925663130399 ], [ -45.005056745217566, -21.218925663130396 ], [ -45.005056745217566, -21.218656168545156 ] ] ] } },
{ "type": "Feature", "properties": { "anos_com_queima": 6, "area_ha": 1.1678338613186963, "inicio": 2011.0, "fim": 2025.0, "tipo": "recurrence", "id_feicao": "recurrence_2011_2025_1323" }, "geometry": { "type": "Polygon", "coordinates": [ [ [ -44.895641943611807, -21.219195157715625 ], [ -44.896180932782279, -21.219195157715625 ], [ -44.896180932782279, -21.218117179374687 ], [ -44.895102954441334, -21.218117179374691 ], [ -44.895102954441334, -21.218925663130396 ], [ -44.895641943611807, -21.218925663130396 ], [ -44.895641943611807, -21.219195157715625 ] ] ] } },
{ "type": "Feature", "properties": { "anos_com_queima": 6, "area_ha": 0.083416543552093214, "inicio": 2011.0, "fim": 2025.0, "tipo": "recurrence", "id_feicao": "recurrence_2011_2025_1324" }, "geometry": { "type": "Polygon", "coordinates": [ [ [ -45.00478725063234, -21.218386673959927 ], [ -45.004517756047093, -21.218386673959916 ], [ -45.004517756047093, -21.218656168545156 ], [ -45.00478725063234, -21.218656168545159 ], [ -45.00478725063234, -21.218386673959927 ] ] ] } },
{ "type": "Feature", "properties": { "anos_com_queima": 6, "area_ha": 0.58391823864541947, "inicio": 2011.0, "fim": 2025.0, "tipo": "recurrence", "id_feicao": "recurrence_2011_2025_1325" }, "geometry": { "type": "Polygon", "coordinates": [ [ [ -44.897258911123224, -21.218925663130399 ], [ -44.897528405708456, -21.218925663130388 ], [ -44.897528405708456, -21.217847684789447 ], [ -44.896450427367519, -21.217847684789444 ], [ -44.896450427367519, -21.218117179374687 ], [ -44.897258911123224, -21.218117179374683 ], [ -44.897258911123224, -21.218925663130399 ] ] ] } },
{ "type": "Feature", "properties": { "anos_com_queima": 6, "area_ha": 0.16683338450233492, "inicio": 2011.0, "fim": 2025.0, "tipo": "recurrence", "id_feicao": "recurrence_2011_2025_1326" }, "geometry": { "type": "Polygon", "coordinates": [ [ [ -45.003978766876621, -21.218117179374683 ], [ -45.003978766876621, -21.21838667395992 ], [ -45.004517756047093, -21.218386673959916 ], [ -45.004517756047093, -21.218117179374687 ], [ -45.003978766876621, -21.218117179374683 ] ] ] } },
{ "type": "Feature", "properties": { "anos_com_queima": 6, "area_ha": 0.083418480317532018, "inicio": 2011.0, "fim": 2025.0, "tipo": "recurrence", "id_feicao": "recurrence_2011_2025_1327" }, "geometry": { "type": "Polygon", "coordinates": [ [ [ -44.987809091762472, -21.214883244351856 ], [ -44.987809091762472, -21.215152738937093 ], [ -44.988078586347704, -21.215152738937089 ], [ -44.988078586347704, -21.21488324435186 ], [ -44.987809091762472, -21.214883244351856 ] ] ] } },
{ "type": "Feature", "properties": { "anos_com_queima": 7, "area_ha": 0.08341624598124095, "inicio": 2011.0, "fim": 2025.0, "tipo": "recurrence", "id_feicao": "recurrence_2011_2025_1328" }, "geometry": { "type": "Polygon", "coordinates": [ [ [ -45.00478725063234, -21.219195157715621 ], [ -45.00478725063234, -21.218925663130399 ], [ -45.004517756047093, -21.218925663130388 ], [ -45.004517756047093, -21.219195157715635 ], [ -45.00478725063234, -21.219195157715621 ] ] ] } },
{ "type": "Feature", "properties": { "anos_com_queima": 7, "area_ha": 0.083416245825837163, "inicio": 2011.0, "fim": 2025.0, "tipo": "recurrence", "id_feicao": "recurrence_2011_2025_1329" }, "geometry": { "type": "Polygon", "coordinates": [ [ [ -45.003978766876621, -21.219195157715628 ], [ -45.003978766876621, -21.218925663130396 ], [ -45.003709272291395, -21.218925663130392 ], [ -45.003709272291395, -21.219195157715625 ], [ -45.003978766876621, -21.219195157715628 ] ] ] } },
{ "type": "Feature", "properties": { "anos_com_queima": 7, "area_ha": 1.0844174425717297, "inicio": 2011.0, "fim": 2025.0, "tipo": "recurrence", "id_feicao": "recurrence_2011_2025_1330" }, "geometry": { "type": "Polygon", "coordinates": [ [ [ -44.896450427367519, -21.219195157715632 ], [ -44.896450427367519, -21.218925663130385 ], [ -44.897258911123224, -21.218925663130399 ], [ -44.897258911123224, -21.218117179374683 ], [ -44.896180932782279, -21.218117179374687 ], [ -44.896180932782279, -21.219195157715625 ], [ -44.896450427367519, -21.219195157715632 ] ] ] } },
{ "type": "Feature", "properties": { "anos_com_queima": 7, "area_ha": 0.16683308694362639, "inicio": 2011.0, "fim": 2025.0, "tipo": "recurrence", "id_feicao": "recurrence_2011_2025_1331" }, "geometry": { "type": "Polygon", "coordinates": [ [ [ -45.004517756047093, -21.218386673959916 ], [ -45.003978766876621, -21.21838667395992 ], [ -45.003978766876621, -21.218656168545156 ], [ -45.004517756047093, -21.218656168545156 ], [ -45.004517756047093, -21.218386673959916 ] ] ] } },
{ "type": "Feature", "properties": { "anos_com_queima": 7, "area_ha": 0.083416692176274954, "inicio": 2011.0, "fim": 2025.0, "tipo": "recurrence", "id_feicao": "recurrence_2011_2025_1332" }, "geometry": { "type": "Polygon", "coordinates": [ [ [ -45.003978766876621, -21.218117179374683 ], [ -45.003709272291395, -21.21811717937468 ], [ -45.003709272291395, -21.21838667395992 ], [ -45.003978766876621, -21.21838667395992 ], [ -45.003978766876621, -21.218117179374683 ] ] ] } },
{ "type": "Feature", "properties": { "anos_com_queima": 8, "area_ha": 0.16683249180465937, "inicio": 2011.0, "fim": 2025.0, "tipo": "recurrence", "id_feicao": "recurrence_2011_2025_1333" }, "geometry": { "type": "Polygon", "coordinates": [ [ [ -45.003978766876621, -21.219195157715628 ], [ -45.004517756047093, -21.219195157715635 ], [ -45.004517756047093, -21.218925663130388 ], [ -45.003978766876621, -21.218925663130396 ], [ -45.003978766876621, -21.219195157715628 ] ] ] } },
{ "type": "Feature", "properties": { "anos_com_queima": 8, "area_ha": 0.083416394767080695, "inicio": 2011.0, "fim": 2025.0, "tipo": "recurrence", "id_feicao": "recurrence_2011_2025_1334" }, "geometry": { "type": "Polygon", "coordinates": [ [ [ -45.00478725063234, -21.218925663130399 ], [ -45.00478725063234, -21.218656168545159 ], [ -45.004517756047093, -21.218656168545156 ], [ -45.004517756047093, -21.218925663130388 ], [ -45.00478725063234, -21.218925663130399 ] ] ] } },
{ "type": "Feature", "properties": { "anos_com_queima": 8, "area_ha": 0.16683293800605065, "inicio": 2011.0, "fim": 2025.0, "tipo": "recurrence", "id_feicao": "recurrence_2011_2025_1335" }, "geometry": { "type": "Polygon", "coordinates": [ [ [ -45.003978766876621, -21.218925663130396 ], [ -45.003978766876621, -21.21838667395992 ], [ -45.003709272291395, -21.21838667395992 ], [ -45.003709272291395, -21.218925663130392 ], [ -45.003978766876621, -21.218925663130396 ] ] ] } },
{ "type": "Feature", "properties": { "anos_com_queima": 9, "area_ha": 0.16683278937088722, "inicio": 2011.0, "fim": 2025.0, "tipo": "recurrence", "id_feicao": "recurrence_2011_2025_1336" }, "geometry": { "type": "Polygon", "coordinates": [ [ [ -45.003978766876621, -21.218656168545156 ], [ -45.003978766876621, -21.218925663130396 ], [ -45.004517756047093, -21.218925663130388 ], [ -45.004517756047093, -21.218656168545156 ], [ -45.003978766876621, -21.218656168545156 ] ] ] } }
]
}
