{
"type": "FeatureCollection",
"name": "unique_2011_2015",
"crs": { "type": "name", "properties": { "name": "urn:ogc:def:crs:OGC:1.3:CRS84" } },
"features": [
{ "type": "Feature", "properties": { "anos_com_queima": null, "area_ha": 1.6663903639949857, "inicio": 2011.0, "fim": 2015.0, "tipo": "unique", "id_feicao": "unique_2011_2015_1" }, "geometry": { "type": "Polygon", "coordinates": [ [ [ -45.099918839220585, -21.393288659778001 ], [ -45.098840860879648, -21.393288659778001 ], [ -45.098840860879648, -21.394636132704168 ], [ -45.099918839220585, -21.394636132704175 ], [ -45.099918839220585, -21.393288659778001 ] ] ] } },
{ "type": "Feature", "properties": { "anos_com_queima": null, "area_ha": 9.1729927466065622, "inicio": 2011.0, "fim": 2015.0, "tipo": "unique", "id_feicao": "unique_2011_2015_2" }, "geometry": { "type": "Polygon", "coordinates": [ [ [ -45.104500247169597, -21.393558154363234 ], [ -45.105397512772591, -21.393558157009295 ], [ -45.105448, -21.393552 ], [ -45.105695, -21.393499 ], [ -45.105968, -21.393389 ], [ -45.106203, -21.393301 ], [ -45.106386709261976, -21.393179302361663 ], [ -45.106386709266246, -21.392480176022286 ], [ -45.104769741754836, -21.392480176022278 ], [ -45.104769741754836, -21.390324219340393 ], [ -45.102613785072947, -21.390324219340396 ], [ -45.102613785072947, -21.392210681437046 ], [ -45.103422268828652, -21.392210681437046 ], [ -45.103422268824723, -21.394243406794327 ], [ -45.103541999999898, -21.394219 ], [ -45.103901, -21.394075999999892 ], [ -45.104236, -21.393909999999895 ], [ -45.104472, -21.393822 ], [ -45.104500247168453, -21.39381067828548 ], [ -45.104500247169597, -21.393558154363234 ] ] ] } },
{ "type": "Feature", "properties": { "anos_com_queima": null, "area_ha": 4.5831655570313332, "inicio": 2011.0, "fim": 2015.0, "tipo": "unique", "id_feicao": "unique_2011_2015_3" }, "geometry": { "type": "Polygon", "coordinates": [ [ [ -45.091834001663514, -21.375771511737668 ], [ -45.091025517907802, -21.375771511737664 ], [ -45.091025517907802, -21.373076565885313 ], [ -45.090756023322569, -21.373076565885302 ], [ -45.090756023322569, -21.372807071300066 ], [ -45.089408550396392, -21.372807071300073 ], [ -45.089408550396392, -21.374154544226247 ], [ -45.089678044981625, -21.374154544226247 ], [ -45.089678044981625, -21.374424038811487 ], [ -45.090756023322569, -21.374424038811483 ], [ -45.090756023322569, -21.376849490078609 ], [ -45.091834001663514, -21.376849490078602 ], [ -45.091834001663514, -21.375771511737668 ] ] ] } },
{ "type": "Feature", "properties": { "anos_com_queima": null, "area_ha": 1.3333502483382822, "inicio": 2011.0, "fim": 2015.0, "tipo": "unique", "id_feicao": "unique_2011_2015_4" }, "geometry": { "type": "Polygon", "coordinates": [ [ [ -45.090217034152097, -21.366608695839638 ], [ -45.089139055811152, -21.366608695839638 ], [ -45.089139055811152, -21.367686674180582 ], [ -45.090217034152097, -21.367686674180586 ], [ -45.090217034152097, -21.366608695839638 ] ] ] } },
{ "type": "Feature", "properties": { "anos_com_queima": null, "area_ha": 2.0000292810961606, "inicio": 2011.0, "fim": 2015.0, "tipo": "unique", "id_feicao": "unique_2011_2015_5" }, "geometry": { "type": "Polygon", "coordinates": [ [ [ -45.093450969174924, -21.366069706669172 ], [ -45.092372990833987, -21.366069706669162 ], [ -45.092372990833987, -21.367686674180582 ], [ -45.093450969174924, -21.36768667418059 ], [ -45.093450969174924, -21.366069706669172 ] ] ] } },
{ "type": "Feature", "properties": { "anos_com_queima": null, "area_ha": 2.9170381033428012, "inicio": 2011.0, "fim": 2015.0, "tipo": "unique", "id_feicao": "unique_2011_2015_6" }, "geometry": { "type": "Polygon", "coordinates": [ [ [ -45.086444109958798, -21.350708515310728 ], [ -45.087791582884975, -21.350708515310728 ], [ -45.087791582884975, -21.350439020725492 ], [ -45.088061077470208, -21.350439020725492 ], [ -45.088061077470208, -21.349091547799318 ], [ -45.086444109958798, -21.349091547799311 ], [ -45.086444109958798, -21.350708515310728 ] ] ] } },
{ "type": "Feature", "properties": { "anos_com_queima": null, "area_ha": 1.3335475539281965, "inicio": 2011.0, "fim": 2015.0, "tipo": "unique", "id_feicao": "unique_2011_2015_7" }, "geometry": { "type": "Polygon", "coordinates": [ [ [ -45.103152774243419, -21.344510139850311 ], [ -45.102074795902475, -21.344510139850303 ], [ -45.102074795902475, -21.345588118191248 ], [ -45.103152774243419, -21.345588118191245 ], [ -45.103152774243419, -21.344510139850311 ] ] ] } },
{ "type": "Feature", "properties": { "anos_com_queima": null, "area_ha": 291.14813704435977, "inicio": 2011.0, "fim": 2015.0, "tipo": "unique", "id_feicao": "unique_2011_2015_8" }, "geometry": { "type": "Polygon", "coordinates": [ [ [ -45.090756023322569, -21.330765916003269 ], [ -45.090756023322569, -21.331574399758978 ], [ -45.087522088299735, -21.331574399758981 ], [ -45.087522088299735, -21.332652378099922 ], [ -45.087252593714503, -21.332652378099922 ], [ -45.087252593714503, -21.333191367270405 ], [ -45.086444109958798, -21.333191367270398 ], [ -45.086444109958798, -21.333730356440867 ], [ -45.084018658691676, -21.333730356440871 ], [ -45.084018658691676, -21.331574399758985 ], [ -45.085096637032613, -21.331574399758978 ], [ -45.085096637032613, -21.330496421418037 ], [ -45.084557647862141, -21.330496421418044 ], [ -45.084557647862141, -21.329957432247571 ], [ -45.084018658691676, -21.329957432247557 ], [ -45.084018658691676, -21.329687937662325 ], [ -45.083749164106436, -21.329687937662332 ], [ -45.083749164106436, -21.329418443077088 ], [ -45.082671185765491, -21.329418443077092 ], [ -45.082671185765491, -21.330226926832804 ], [ -45.081862702009786, -21.330226926832797 ], [ -45.081862702009786, -21.330765916003273 ], [ -45.079706745327897, -21.330765916003276 ], [ -45.079706745327897, -21.329957432247568 ], [ -45.079437250742671, -21.329957432247564 ], [ -45.079437250742671, -21.329687937662328 ], [ -45.077550788646015, -21.329687937662321 ], [ -45.077550788646015, -21.327531980980439 ], [ -45.07674230489031, -21.327531980980446 ], [ -45.07674230489031, -21.326723497224737 ], [ -45.075933821134598, -21.326723497224737 ], [ -45.075933821134598, -21.326454002639508 ], [ -45.075664326549365, -21.326454002639498 ], [ -45.075664326549365, -21.326184508054265 ], [ -45.075394831964125, -21.326184508054265 ], [ -45.075394831964125, -21.325915013469032 ], [ -45.074047359037948, -21.325915013469029 ], [ -45.074047359037948, -21.326184508054272 ], [ -45.073777864452708, -21.326184508054265 ], [ -45.073777864452708, -21.327262486395213 ], [ -45.074316853623181, -21.327262486395206 ], [ -45.074316853623181, -21.327801475565682 ], [ -45.07458634820842, -21.327801475565682 ], [ -45.07458634820842, -21.328340464736154 ], [ -45.074855842793653, -21.328340464736147 ], [ -45.074855842793653, -21.3302269268328 ], [ -45.078089777816487, -21.330226926832797 ], [ -45.078089777816487, -21.331035410588505 ], [ -45.079437250742671, -21.331035410588505 ], [ -45.079437250742671, -21.331843894344221 ], [ -45.082401691180259, -21.331843894344214 ], [ -45.082401691180259, -21.333999851026107 ], [ -45.081323712839314, -21.33399985102611 ], [ -45.081323712839314, -21.334269345611339 ], [ -45.081054218254089, -21.334269345611332 ], [ -45.081054218254089, -21.334808334781808 ], [ -45.079706745327897, -21.334808334781808 ], [ -45.079706745327897, -21.336155807707982 ], [ -45.079976239913144, -21.336155807707989 ], [ -45.079976239913144, -21.336425302293225 ], [ -45.080515229083616, -21.336425302293222 ], [ -45.080515229083616, -21.336694796878465 ], [ -45.081862702009786, -21.336694796878469 ], [ -45.081862702009786, -21.337233786048927 ], [ -45.082671185765491, -21.33723378604893 ], [ -45.082671185765491, -21.337772775219406 ], [ -45.083210174935964, -21.337772775219403 ], [ -45.083210174935964, -21.338850753560351 ], [ -45.083479669521203, -21.338850753560347 ], [ -45.083479669521203, -21.339120248145584 ], [ -45.085366131617853, -21.339120248145587 ], [ -45.085366131617853, -21.340198226486532 ], [ -45.08671360454403, -21.340198226486518 ], [ -45.08671360454403, -21.340467721071757 ], [ -45.087252593714503, -21.340467721071761 ], [ -45.087252593714503, -21.341545699412709 ], [ -45.087522088299735, -21.341545699412709 ], [ -45.087522088299735, -21.341815193997945 ], [ -45.087791582884975, -21.341815193997952 ], [ -45.087791582884975, -21.342354183168421 ], [ -45.088330572055447, -21.342354183168418 ], [ -45.088330572055447, -21.343162666924123 ], [ -45.09048652873733, -21.343162666924115 ], [ -45.09048652873733, -21.342084688583178 ], [ -45.093450969174924, -21.342084688583178 ], [ -45.093450969174924, -21.342893172338883 ], [ -45.093989958345396, -21.342893172338883 ], [ -45.093989958345396, -21.343432161509352 ], [ -45.094259452930636, -21.343432161509355 ], [ -45.094259452930636, -21.344240645265071 ], [ -45.095606925856814, -21.344240645265067 ], [ -45.095606925856814, -21.342623677753654 ], [ -45.095876420442053, -21.34262367775365 ], [ -45.095876420442053, -21.342354183168418 ], [ -45.096415409612518, -21.342354183168418 ], [ -45.096415409612518, -21.341815193997942 ], [ -45.096684904197758, -21.341815193997938 ], [ -45.096684904197758, -21.341545699412706 ], [ -45.097223893368231, -21.341545699412702 ], [ -45.097223893368231, -21.341006710242233 ], [ -45.097493387953463, -21.341006710242237 ], [ -45.097493387953463, -21.340198226486528 ], [ -45.097762882538703, -21.340198226486525 ], [ -45.097762882538703, -21.337233786048937 ], [ -45.100188333805825, -21.337233786048937 ], [ -45.100188333805825, -21.338850753560347 ], [ -45.102344290487714, -21.338850753560351 ], [ -45.102344290487714, -21.339120248145584 ], [ -45.105039236340069, -21.33912024814558 ], [ -45.105039236340069, -21.339389742730816 ], [ -45.105308730925309, -21.339389742730823 ], [ -45.105308730925309, -21.339928731901299 ], [ -45.106925698436719, -21.339928731901292 ], [ -45.106925698436719, -21.340737215657001 ], [ -45.108003676777663, -21.340737215656997 ], [ -45.108003676777663, -21.339120248145584 ], [ -45.10962064428908, -21.33912024814558 ], [ -45.10962064428908, -21.33777277521941 ], [ -45.111237611800497, -21.337772775219406 ], [ -45.111237611800497, -21.336694796878469 ], [ -45.110968117215258, -21.336694796878469 ], [ -45.110968117215258, -21.335347323952284 ], [ -45.108812160533368, -21.335347323952281 ], [ -45.108812160533368, -21.335077829367044 ], [ -45.108273171362903, -21.335077829367048 ], [ -45.108273171362903, -21.334808334781808 ], [ -45.106386709266246, -21.334808334781812 ], [ -45.106386709266246, -21.334269345611339 ], [ -45.106117214681014, -21.334269345611332 ], [ -45.106117214681014, -21.333730356440864 ], [ -45.101805301317242, -21.333730356440878 ], [ -45.101805301317242, -21.332921872685162 ], [ -45.100188333805825, -21.332921872685159 ], [ -45.100188333805825, -21.332652378099922 ], [ -45.099649344635353, -21.332652378099926 ], [ -45.099649344635353, -21.332382883514683 ], [ -45.098301871709175, -21.332382883514679 ], [ -45.098301871709175, -21.332113388929457 ], [ -45.096415409612518, -21.33211338892945 ], [ -45.096415409612518, -21.331304905173749 ], [ -45.095606925856814, -21.331304905173742 ], [ -45.095606925856814, -21.330765916003273 ], [ -45.095337431271581, -21.330765916003269 ], [ -45.095337431271581, -21.328070970150907 ], [ -45.095606925856814, -21.328070970150918 ], [ -45.095606925856814, -21.326992991809973 ], [ -45.095337431271581, -21.326992991809973 ], [ -45.095337431271581, -21.326184508054261 ], [ -45.095067936686341, -21.326184508054268 ], [ -45.095067936686341, -21.325645518883789 ], [ -45.093989958345396, -21.325645518883793 ], [ -45.093989958345396, -21.327531980980446 ], [ -45.093720463760164, -21.327531980980442 ], [ -45.093720463760164, -21.327801475565682 ], [ -45.093450969174924, -21.327801475565686 ], [ -45.093450969174924, -21.328609959321387 ], [ -45.092642485419219, -21.328609959321387 ], [ -45.092642485419219, -21.33076591600328 ], [ -45.090756023322569, -21.330765916003269 ] ] ] } },
{ "type": "Feature", "properties": { "anos_com_queima": null, "area_ha": 2.2506320958975126, "inicio": 2011.0, "fim": 2015.0, "tipo": "unique", "id_feicao": "unique_2011_2015_9" }, "geometry": { "type": "Polygon", "coordinates": [ [ [ -45.119591943942808, -21.326454002639494 ], [ -45.119591943942808, -21.326723497224737 ], [ -45.119322449357568, -21.326723497224737 ], [ -45.119322449357568, -21.327801475565682 ], [ -45.120400427698513, -21.327801475565682 ], [ -45.120400427698513, -21.327531980980446 ], [ -45.120939416868985, -21.327531980980442 ], [ -45.120939416868985, -21.326454002639505 ], [ -45.119591943942808, -21.326454002639494 ] ] ] } },
{ "type": "Feature", "properties": { "anos_com_queima": null, "area_ha": 1.6671923594161868, "inicio": 2011.0, "fim": 2015.0, "tipo": "unique", "id_feicao": "unique_2011_2015_10" }, "geometry": { "type": "Polygon", "coordinates": [ [ [ -45.124712341062292, -21.32133360552001 ], [ -45.123634362721347, -21.321333605520024 ], [ -45.123634362721347, -21.322681078446202 ], [ -45.124712341062292, -21.322681078446202 ], [ -45.124712341062292, -21.32133360552001 ] ] ] } },
{ "type": "Feature", "properties": { "anos_com_queima": null, "area_ha": 2.7510764045193792, "inicio": 2011.0, "fim": 2015.0, "tipo": "unique", "id_feicao": "unique_2011_2015_11" }, "geometry": { "type": "Polygon", "coordinates": [ [ [ -45.123364868136107, -21.310014832940109 ], [ -45.123095373550875, -21.310014832940112 ], [ -45.123095373550875, -21.309745338354887 ], [ -45.12174790062469, -21.309745338354883 ], [ -45.12174790062469, -21.311092811281053 ], [ -45.12201739520993, -21.311092811281046 ], [ -45.12201739520993, -21.311362305866297 ], [ -45.123095373550875, -21.31136230586629 ], [ -45.123095373550875, -21.311092811281057 ], [ -45.123364868136107, -21.31109281128105 ], [ -45.123364868136107, -21.310014832940109 ] ] ] } },
{ "type": "Feature", "properties": { "anos_com_queima": null, "area_ha": 2.2509051759555003, "inicio": 2011.0, "fim": 2015.0, "tipo": "unique", "id_feicao": "unique_2011_2015_12" }, "geometry": { "type": "Polygon", "coordinates": [ [ [ -45.160824615483889, -21.308667360013931 ], [ -45.159477142557712, -21.308667360013935 ], [ -45.159477142557712, -21.30974533835488 ], [ -45.160016131728185, -21.30974533835488 ], [ -45.160016131728185, -21.310014832940112 ], [ -45.161094110069129, -21.310014832940112 ], [ -45.161094110069129, -21.308936854599168 ], [ -45.160824615483889, -21.308936854599164 ], [ -45.160824615483889, -21.308667360013931 ] ] ] } },
{ "type": "Feature", "properties": { "anos_com_queima": null, "area_ha": 158.64828159006942, "inicio": 2011.0, "fim": 2015.0, "tipo": "unique", "id_feicao": "unique_2011_2015_13" }, "geometry": { "type": "Polygon", "coordinates": [ [ [ -45.117705481846151, -21.30246898455351 ], [ -45.117705481846151, -21.303546962894462 ], [ -45.115549525164269, -21.303546962894458 ], [ -45.115549525164269, -21.303277468309219 ], [ -45.115280030579029, -21.303277468309215 ], [ -45.115280030579029, -21.303007973723979 ], [ -45.114202052238092, -21.303007973723986 ], [ -45.114202052238092, -21.303546962894462 ], [ -45.113932557652852, -21.303546962894455 ], [ -45.113932557652852, -21.304085952064924 ], [ -45.113663063067619, -21.304085952064916 ], [ -45.113663063067619, -21.30435544665016 ], [ -45.11150710638573, -21.304355446650156 ], [ -45.11150710638573, -21.304085952064916 ], [ -45.110429128044785, -21.304085952064916 ], [ -45.110429128044785, -21.304355446650156 ], [ -45.110159633459553, -21.304355446650149 ], [ -45.110159633459553, -21.305433424991101 ], [ -45.107734182192431, -21.305433424991097 ], [ -45.107734182192431, -21.305702919576333 ], [ -45.106656203851486, -21.305702919576341 ], [ -45.106656203851486, -21.30597241416158 ], [ -45.106386709266246, -21.305972414161573 ], [ -45.106386709266246, -21.306241908746806 ], [ -45.102344290487714, -21.306241908746806 ], [ -45.102344290487714, -21.305972414161573 ], [ -45.102074795902475, -21.30597241416157 ], [ -45.102074795902475, -21.305702919576344 ], [ -45.100727322976297, -21.305702919576341 ], [ -45.100727322976297, -21.30758938167299 ], [ -45.101805301317242, -21.307589381672994 ], [ -45.101805301317242, -21.307319887087758 ], [ -45.104769741754836, -21.307319887087758 ], [ -45.104769741754836, -21.30758938167299 ], [ -45.105847720095774, -21.307589381672994 ], [ -45.105847720095774, -21.311362305866286 ], [ -45.106117214681014, -21.311362305866293 ], [ -45.106117214681014, -21.311901295036765 ], [ -45.106386709266246, -21.311901295036755 ], [ -45.106386709266246, -21.312170789621998 ], [ -45.107195193021958, -21.312170789622005 ], [ -45.107195193021958, -21.312709778792474 ], [ -45.107464687607191, -21.312709778792474 ], [ -45.107464687607191, -21.312979273377703 ], [ -45.108542665948136, -21.31297927337771 ], [ -45.108542665948136, -21.312440284207245 ], [ -45.110968117215258, -21.312440284207234 ], [ -45.110968117215258, -21.316482702985777 ], [ -45.112585084726675, -21.316482702985773 ], [ -45.112585084726675, -21.316213208400537 ], [ -45.113124073897147, -21.316213208400541 ], [ -45.113124073897147, -21.314057251718648 ], [ -45.11339356848238, -21.314057251718641 ], [ -45.11339356848238, -21.313787757133415 ], [ -45.113663063067619, -21.313787757133412 ], [ -45.113663063067619, -21.313518262548182 ], [ -45.114202052238092, -21.313518262548182 ], [ -45.114202052238092, -21.31324876796295 ], [ -45.114471546823324, -21.313248767962943 ], [ -45.114471546823324, -21.31270977879247 ], [ -45.115010535993797, -21.312709778792474 ], [ -45.115010535993797, -21.312170789622002 ], [ -45.115280030579029, -21.312170789622002 ], [ -45.115280030579029, -21.311901295036762 ], [ -45.115549525164269, -21.311901295036758 ], [ -45.115549525164269, -21.311631800451526 ], [ -45.116088514334741, -21.311631800451526 ], [ -45.116088514334741, -21.31136230586629 ], [ -45.116358008919974, -21.311362305866293 ], [ -45.116358008919974, -21.310553822110585 ], [ -45.118513965601863, -21.310553822110592 ], [ -45.118513965601863, -21.310014832940105 ], [ -45.119052954772336, -21.310014832940109 ], [ -45.119052954772336, -21.306241908746813 ], [ -45.119322449357568, -21.306241908746802 ], [ -45.119322449357568, -21.305702919576341 ], [ -45.119591943942808, -21.305702919576337 ], [ -45.119591943942808, -21.305433424991108 ], [ -45.119861438528041, -21.305433424991108 ], [ -45.119861438528041, -21.305163930405861 ], [ -45.120669922283746, -21.305163930405872 ], [ -45.120669922283746, -21.304355446650156 ], [ -45.122556384380403, -21.304355446650163 ], [ -45.122556384380403, -21.304085952064916 ], [ -45.12390385730658, -21.304085952064924 ], [ -45.12390385730658, -21.303007973723986 ], [ -45.123634362721347, -21.303007973723979 ], [ -45.123634362721347, -21.30246898455351 ], [ -45.123364868136107, -21.302468984553514 ], [ -45.123364868136107, -21.301929995383034 ], [ -45.122556384380403, -21.301929995383038 ], [ -45.122556384380403, -21.301660500797805 ], [ -45.120669922283746, -21.301660500797801 ], [ -45.120669922283746, -21.301391006212565 ], [ -45.120400427698513, -21.301391006212569 ], [ -45.120400427698513, -21.301121511627329 ], [ -45.119591943942808, -21.301121511627333 ], [ -45.119591943942808, -21.300852017042093 ], [ -45.116627503505214, -21.300852017042093 ], [ -45.116627503505214, -21.300582522456853 ], [ -45.115549525164269, -21.300582522456857 ], [ -45.115549525164269, -21.301660500797798 ], [ -45.116358008919974, -21.301660500797801 ], [ -45.116358008919974, -21.301929995383038 ], [ -45.116896998090446, -21.301929995383041 ], [ -45.116896998090446, -21.302199489968274 ], [ -45.117435987260919, -21.30219948996827 ], [ -45.117435987260919, -21.302468984553514 ], [ -45.117705481846151, -21.30246898455351 ] ], [ [ -45.110968117215258, -21.309745338354883 ], [ -45.110698622630025, -21.309745338354876 ], [ -45.110698622630025, -21.309475843769633 ], [ -45.110968117215258, -21.30947584376964 ], [ -45.110968117215258, -21.309745338354883 ] ] ] } },
{ "type": "Feature", "properties": { "anos_com_queima": null, "area_ha": 25.515481175588537, "inicio": 2011.0, "fim": 2015.0, "tipo": "unique", "id_feicao": "unique_2011_2015_14" }, "geometry": { "type": "Polygon", "coordinates": [ [ [ -45.124442846477052, -21.276597504370876 ], [ -45.122556384380403, -21.276597504370873 ], [ -45.122556384380403, -21.277675482711807 ], [ -45.123364868136107, -21.27767548271181 ], [ -45.123364868136107, -21.277944977297047 ], [ -45.12417335189182, -21.277944977297047 ], [ -45.12417335189182, -21.278214471882286 ], [ -45.126598803158934, -21.278214471882283 ], [ -45.126598803158934, -21.279022955637991 ], [ -45.127137792329407, -21.279022955637991 ], [ -45.127137792329407, -21.279292450223235 ], [ -45.127407286914654, -21.279292450223227 ], [ -45.127407286914654, -21.279561944808464 ], [ -45.127946276085126, -21.27956194480846 ], [ -45.127946276085126, -21.2798314393937 ], [ -45.128485265255598, -21.279831439393703 ], [ -45.128485265255598, -21.280100933978929 ], [ -45.129563243596529, -21.280100933978925 ], [ -45.129563243596529, -21.280370428564169 ], [ -45.132527684034123, -21.280370428564165 ], [ -45.132527684034123, -21.280639923149401 ], [ -45.132797178619363, -21.280639923149408 ], [ -45.132797178619363, -21.280909417734641 ], [ -45.133875156960308, -21.280909417734641 ], [ -45.133875156960308, -21.279831439393696 ], [ -45.133605662375068, -21.2798314393937 ], [ -45.133605662375068, -21.279022955637991 ], [ -45.132527684034123, -21.279022955637991 ], [ -45.132527684034123, -21.279292450223231 ], [ -45.130102232767001, -21.279292450223227 ], [ -45.130102232767001, -21.277675482711814 ], [ -45.127946276085126, -21.27767548271181 ], [ -45.127946276085126, -21.277136493541335 ], [ -45.127676781499879, -21.277136493541338 ], [ -45.127676781499879, -21.276597504370873 ], [ -45.127407286914654, -21.276597504370869 ], [ -45.127407286914654, -21.275250031444688 ], [ -45.126059813988469, -21.275250031444685 ], [ -45.126059813988469, -21.275789020615157 ], [ -45.125251330232764, -21.275789020615161 ], [ -45.125251330232764, -21.2760585152004 ], [ -45.124981835647525, -21.276058515200397 ], [ -45.124981835647525, -21.276328009785633 ], [ -45.124442846477052, -21.27632800978563 ], [ -45.124442846477052, -21.276597504370876 ] ] ] } },
{ "type": "Feature", "properties": { "anos_com_queima": null, "area_ha": 15.509997248590365, "inicio": 2011.0, "fim": 2015.0, "tipo": "unique", "id_feicao": "unique_2011_2015_15" }, "geometry": { "type": "Polygon", "coordinates": [ [ [ -45.137109091983135, -21.273094074762803 ], [ -45.138726059494552, -21.273094074762799 ], [ -45.138726059494552, -21.273902558518504 ], [ -45.140882016176441, -21.2739025585185 ], [ -45.140882016176441, -21.273633063933271 ], [ -45.143037972858323, -21.273633063933271 ], [ -45.143037972858323, -21.272824580177573 ], [ -45.143307467443563, -21.272824580177559 ], [ -45.143307467443563, -21.271207612666142 ], [ -45.140073532420729, -21.271207612666149 ], [ -45.140073532420729, -21.271477107251375 ], [ -45.137648081153607, -21.271477107251389 ], [ -45.137648081153607, -21.271746601836622 ], [ -45.137378586568374, -21.271746601836629 ], [ -45.137378586568374, -21.272016096421851 ], [ -45.137109091983135, -21.272016096421851 ], [ -45.137109091983135, -21.273094074762803 ] ] ] } },
{ "type": "Feature", "properties": { "anos_com_queima": null, "area_ha": 1.3342757168632, "inicio": 2011.0, "fim": 2015.0, "tipo": "unique", "id_feicao": "unique_2011_2015_16" }, "geometry": { "type": "Polygon", "coordinates": [ [ [ -45.12390385730658, -21.262583785938606 ], [ -45.122825878965635, -21.262583785938602 ], [ -45.122825878965635, -21.263661764279547 ], [ -45.12390385730658, -21.263661764279551 ], [ -45.12390385730658, -21.262583785938606 ] ] ] } },
{ "type": "Feature", "properties": { "anos_com_queima": null, "area_ha": 6.588105372225562, "inicio": 2011.0, "fim": 2015.0, "tipo": "unique", "id_feicao": "unique_2011_2015_17" }, "geometry": { "type": "Polygon", "coordinates": [ [ [ -45.097493387953463, -21.26015833467148 ], [ -45.097493387953463, -21.258810861745303 ], [ -45.095876420442053, -21.258810861745307 ], [ -45.095876420442053, -21.259080356330539 ], [ -45.094798442101109, -21.259080356330536 ], [ -45.094798442101109, -21.26204479676813 ], [ -45.095876420442053, -21.262044796768137 ], [ -45.095876420442053, -21.260427829256717 ], [ -45.097223893368231, -21.260427829256724 ], [ -45.097223893368231, -21.26015833467148 ], [ -45.097493387953463, -21.26015833467148 ] ] ] } },
{ "type": "Feature", "properties": { "anos_com_queima": null, "area_ha": 19.850643043043277, "inicio": 2011.0, "fim": 2015.0, "tipo": "unique", "id_feicao": "unique_2011_2015_18" }, "geometry": { "type": "Polygon", "coordinates": [ [ [ -45.165136528847668, -21.236981800341198 ], [ -45.165136528847668, -21.238598767852608 ], [ -45.164867034262429, -21.238598767852608 ], [ -45.164867034262429, -21.240485229949265 ], [ -45.165406023432901, -21.240485229949265 ], [ -45.165406023432901, -21.240754724534497 ], [ -45.166484001773846, -21.240754724534497 ], [ -45.166484001773846, -21.241563208290195 ], [ -45.167831474700023, -21.241563208290199 ], [ -45.167831474700023, -21.241024219119733 ], [ -45.168100969285263, -21.241024219119737 ], [ -45.168100969285263, -21.240754724534497 ], [ -45.168370463870495, -21.240754724534497 ], [ -45.168370463870495, -21.238598767852608 ], [ -45.168639958455735, -21.238598767852611 ], [ -45.168639958455735, -21.238059778682146 ], [ -45.168909453040968, -21.238059778682143 ], [ -45.168909453040968, -21.23590382200025 ], [ -45.167831474700023, -21.235903822000253 ], [ -45.167831474700023, -21.236173316585486 ], [ -45.166484001773846, -21.236173316585482 ], [ -45.166484001773846, -21.236442811170729 ], [ -45.165675518018141, -21.236442811170718 ], [ -45.165675518018141, -21.236712305755958 ], [ -45.165406023432901, -21.236712305755958 ], [ -45.165406023432901, -21.236981800341191 ], [ -45.165136528847668, -21.236981800341198 ] ] ] } },
{ "type": "Feature", "properties": { "anos_com_queima": null, "area_ha": 1.334509267904237, "inicio": 2011.0, "fim": 2015.0, "tipo": "unique", "id_feicao": "unique_2011_2015_19" }, "geometry": { "type": "Polygon", "coordinates": [ [ [ -45.147888875392567, -21.236442811170726 ], [ -45.14681089705163, -21.236442811170726 ], [ -45.14681089705163, -21.237520789511674 ], [ -45.147888875392567, -21.23752078951167 ], [ -45.147888875392567, -21.236442811170726 ] ] ] } },
{ "type": "Feature", "properties": { "anos_com_queima": null, "area_ha": 2.0851772072337567, "inicio": 2011.0, "fim": 2015.0, "tipo": "unique", "id_feicao": "unique_2011_2015_20" }, "geometry": { "type": "Polygon", "coordinates": [ [ [ -45.129563243596529, -21.235634327415013 ], [ -45.128215770670352, -21.23563432741501 ], [ -45.128215770670352, -21.236981800341198 ], [ -45.129563243596529, -21.236981800341191 ], [ -45.129563243596529, -21.235634327415013 ] ] ] } },
{ "type": "Feature", "properties": { "anos_com_queima": null, "area_ha": 2.0018456783767791, "inicio": 2011.0, "fim": 2015.0, "tipo": "unique", "id_feicao": "unique_2011_2015_21" }, "geometry": { "type": "Polygon", "coordinates": [ [ [ -45.12013093311328, -21.229974941125064 ], [ -45.118513965601863, -21.229974941125064 ], [ -45.118513965601863, -21.231052919466009 ], [ -45.12013093311328, -21.231052919466013 ], [ -45.12013093311328, -21.229974941125064 ] ] ] } },
{ "type": "Feature", "properties": { "anos_com_queima": null, "area_ha": 1.3346006157420576, "inicio": 2011.0, "fim": 2015.0, "tipo": "unique", "id_feicao": "unique_2011_2015_22" }, "geometry": { "type": "Polygon", "coordinates": [ [ [ -45.132258189448891, -21.225932522346529 ], [ -45.131180211107946, -21.225932522346525 ], [ -45.131180211107946, -21.22701050068747 ], [ -45.132258189448891, -21.22701050068747 ], [ -45.132258189448891, -21.225932522346529 ] ] ] } },
{ "type": "Feature", "properties": { "anos_com_queima": null, "area_ha": 1.3346691220082343, "inicio": 2011.0, "fim": 2015.0, "tipo": "unique", "id_feicao": "unique_2011_2015_23" }, "geometry": { "type": "Polygon", "coordinates": [ [ [ -45.126329308573709, -21.218117179374687 ], [ -45.125251330232764, -21.218117179374687 ], [ -45.125251330232764, -21.219195157715632 ], [ -45.126329308573709, -21.219195157715628 ], [ -45.126329308573709, -21.218117179374687 ] ] ] } },
{ "type": "Feature", "properties": { "anos_com_queima": null, "area_ha": 7.5079708376042547, "inicio": 2011.0, "fim": 2015.0, "tipo": "unique", "id_feicao": "unique_2011_2015_24" }, "geometry": { "type": "Polygon", "coordinates": [ [ [ -45.091564507078274, -21.20949335264714 ], [ -45.089947539566865, -21.209493352647144 ], [ -45.089947539566865, -21.207606890550487 ], [ -45.088330572055447, -21.207606890550487 ], [ -45.088330572055447, -21.209223858061904 ], [ -45.087791582884975, -21.209223858061907 ], [ -45.087791582884975, -21.210301836402852 ], [ -45.09048652873733, -21.210301836402842 ], [ -45.09048652873733, -21.210571330988078 ], [ -45.091564507078274, -21.210571330988074 ], [ -45.091564507078274, -21.20949335264714 ] ] ] } },
{ "type": "Feature", "properties": { "anos_com_queima": null, "area_ha": 6.2567650639161467, "inicio": 2011.0, "fim": 2015.0, "tipo": "unique", "id_feicao": "unique_2011_2015_25" }, "geometry": { "type": "Polygon", "coordinates": [ [ [ -45.09048652873733, -21.207067901380022 ], [ -45.093181474589692, -21.207067901380022 ], [ -45.093181474589692, -21.206528912209549 ], [ -45.093450969174924, -21.206528912209542 ], [ -45.093450969174924, -21.205181439283365 ], [ -45.09048652873733, -21.205181439283365 ], [ -45.09048652873733, -21.207067901380022 ] ] ] } },
{ "type": "Feature", "properties": { "anos_com_queima": null, "area_ha": 9.8445229065104467, "inicio": 2011.0, "fim": 2015.0, "tipo": "unique", "id_feicao": "unique_2011_2015_26" }, "geometry": { "type": "Polygon", "coordinates": [ [ [ -45.117974976431391, -21.19925255840818 ], [ -45.117974976431391, -21.19898306382294 ], [ -45.118244471016624, -21.198983063822936 ], [ -45.118244471016624, -21.197366096311519 ], [ -45.117435987260919, -21.19736609631153 ], [ -45.117435987260919, -21.197096601726287 ], [ -45.117166492675686, -21.19709660172629 ], [ -45.117166492675686, -21.196557612555811 ], [ -45.115010535993797, -21.196557612555811 ], [ -45.115010535993797, -21.196827107141047 ], [ -45.114471546823324, -21.196827107141047 ], [ -45.114471546823324, -21.198174580067228 ], [ -45.115280030579029, -21.198174580067231 ], [ -45.115280030579029, -21.199522052993409 ], [ -45.116358008919974, -21.199522052993412 ], [ -45.116358008919974, -21.199252558408173 ], [ -45.117974976431391, -21.19925255840818 ] ] ] } },
{ "type": "Feature", "properties": { "anos_com_queima": null, "area_ha": 1.6685853953444871, "inicio": 2011.0, "fim": 2015.0, "tipo": "unique", "id_feicao": "unique_2011_2015_27" }, "geometry": { "type": "Polygon", "coordinates": [ [ [ -45.164597539677196, -21.196018623385346 ], [ -45.164597539677196, -21.197096601726287 ], [ -45.165945012603373, -21.197096601726287 ], [ -45.165945012603373, -21.196018623385349 ], [ -45.164597539677196, -21.196018623385346 ] ] ] } },
{ "type": "Feature", "properties": { "anos_com_queima": null, "area_ha": 1.6686007737074047, "inicio": 2011.0, "fim": 2015.0, "tipo": "unique", "id_feicao": "unique_2011_2015_28" }, "geometry": { "type": "Polygon", "coordinates": [ [ [ -45.092372990833987, -21.193862666703453 ], [ -45.091025517907802, -21.193862666703463 ], [ -45.091025517907802, -21.194940645044401 ], [ -45.092372990833987, -21.194940645044394 ], [ -45.092372990833987, -21.193862666703453 ] ] ] } },
{ "type": "Feature", "properties": { "anos_com_queima": null, "area_ha": 99.702290016791963, "inicio": 2011.0, "fim": 2015.0, "tipo": "unique", "id_feicao": "unique_2011_2015_29" }, "geometry": { "type": "Polygon", "coordinates": [ [ [ -45.08886956122592, -21.183621872464496 ], [ -45.089947539566865, -21.183621872464499 ], [ -45.089947539566865, -21.187933785828271 ], [ -45.08860006664068, -21.187933785828271 ], [ -45.08860006664068, -21.188203280413511 ], [ -45.08671360454403, -21.188203280413507 ], [ -45.08671360454403, -21.188472774998743 ], [ -45.085905120788325, -21.188472774998747 ], [ -45.085905120788325, -21.189011764169209 ], [ -45.085366131617853, -21.189011764169209 ], [ -45.085366131617853, -21.19008974251016 ], [ -45.08671360454403, -21.19008974251015 ], [ -45.08671360454403, -21.192245699192039 ], [ -45.086174615373558, -21.192245699192043 ], [ -45.086174615373558, -21.192515193777275 ], [ -45.085905120788325, -21.192515193777275 ], [ -45.085905120788325, -21.194132161288692 ], [ -45.085635626203086, -21.194132161288689 ], [ -45.085635626203086, -21.194401655873932 ], [ -45.085366131617853, -21.194401655873932 ], [ -45.085366131617853, -21.194671150459158 ], [ -45.085096637032613, -21.194671150459165 ], [ -45.085096637032613, -21.194940645044397 ], [ -45.084827142447381, -21.194940645044394 ], [ -45.084827142447381, -21.195210139629641 ], [ -45.084288153276908, -21.195210139629644 ], [ -45.084288153276908, -21.196288117970578 ], [ -45.084827142447381, -21.196288117970578 ], [ -45.084827142447381, -21.196827107141051 ], [ -45.085096637032613, -21.196827107141051 ], [ -45.085096637032613, -21.197096601726283 ], [ -45.085366131617853, -21.197096601726287 ], [ -45.085366131617853, -21.197635590896763 ], [ -45.08671360454403, -21.197635590896766 ], [ -45.08671360454403, -21.197366096311523 ], [ -45.087791582884975, -21.197366096311534 ], [ -45.087791582884975, -21.197096601726283 ], [ -45.088330572055447, -21.19709660172629 ], [ -45.088330572055447, -21.196018623385342 ], [ -45.08860006664068, -21.196018623385342 ], [ -45.08860006664068, -21.194671150459165 ], [ -45.089678044981625, -21.194671150459165 ], [ -45.089678044981625, -21.192784688362515 ], [ -45.089947539566865, -21.192784688362512 ], [ -45.089947539566865, -21.1903592370954 ], [ -45.090217034152097, -21.190359237095389 ], [ -45.090217034152097, -21.187664291243035 ], [ -45.092911980004459, -21.187664291243038 ], [ -45.092911980004459, -21.190089742510157 ], [ -45.093720463760164, -21.190089742510153 ], [ -45.093720463760164, -21.191976204606803 ], [ -45.094528947515869, -21.191976204606814 ], [ -45.094528947515869, -21.192245699192046 ], [ -45.095606925856814, -21.192245699192046 ], [ -45.095606925856814, -21.191437215436338 ], [ -45.096415409612518, -21.191437215436338 ], [ -45.096415409612518, -21.187933785828278 ], [ -45.096684904197758, -21.187933785828267 ], [ -45.096684904197758, -21.187664291243035 ], [ -45.099918839220585, -21.187664291243038 ], [ -45.099918839220585, -21.189011764169209 ], [ -45.10126631214677, -21.189011764169219 ], [ -45.10126631214677, -21.188742269583976 ], [ -45.101535806732002, -21.188742269583972 ], [ -45.101535806732002, -21.187664291243031 ], [ -45.10099681756153, -21.187664291243035 ], [ -45.10099681756153, -21.186047323731625 ], [ -45.099649344635353, -21.186047323731628 ], [ -45.099649344635353, -21.186316818316858 ], [ -45.096954398782991, -21.186316818316858 ], [ -45.096954398782991, -21.185508334561153 ], [ -45.096684904197758, -21.185508334561149 ], [ -45.096684904197758, -21.182543894123555 ], [ -45.095876420442053, -21.182543894123551 ], [ -45.095876420442053, -21.182274399538318 ], [ -45.094259452930636, -21.182274399538315 ], [ -45.094259452930636, -21.182543894123548 ], [ -45.093989958345396, -21.182543894123551 ], [ -45.093989958345396, -21.184430356220197 ], [ -45.090217034152097, -21.184430356220197 ], [ -45.090217034152097, -21.182543894123548 ], [ -45.08886956122592, -21.182543894123551 ], [ -45.08886956122592, -21.183621872464496 ] ] ] } },
{ "type": "Feature", "properties": { "anos_com_queima": null, "area_ha": 1.3349932427048683, "inicio": 2011.0, "fim": 2015.0, "tipo": "unique", "id_feicao": "unique_2011_2015_30" }, "geometry": { "type": "Polygon", "coordinates": [ [ [ -45.105039236340069, -21.181196421197363 ], [ -45.103961257999124, -21.18119642119737 ], [ -45.103961257999124, -21.182274399538315 ], [ -45.105039236340069, -21.182274399538315 ], [ -45.105039236340069, -21.181196421197363 ] ] ] } },
{ "type": "Feature", "properties": { "anos_com_queima": null, "area_ha": 28.368716253396869, "inicio": 2011.0, "fim": 2015.0, "tipo": "unique", "id_feicao": "unique_2011_2015_31" }, "geometry": { "type": "Polygon", "coordinates": [ [ [ -45.122286889795163, -21.184430356220204 ], [ -45.12390385730658, -21.184430356220201 ], [ -45.12390385730658, -21.183621872464499 ], [ -45.125790319403237, -21.183621872464489 ], [ -45.125790319403237, -21.183352377879263 ], [ -45.126059813988469, -21.183352377879267 ], [ -45.126059813988469, -21.18308288329402 ], [ -45.126598803158934, -21.18308288329402 ], [ -45.126598803158934, -21.182813388708787 ], [ -45.126868297744181, -21.182813388708791 ], [ -45.126868297744181, -21.182543894123548 ], [ -45.127137792329407, -21.182543894123551 ], [ -45.127137792329407, -21.182274399538318 ], [ -45.127407286914654, -21.182274399538315 ], [ -45.127407286914654, -21.180118442856436 ], [ -45.127676781499879, -21.180118442856433 ], [ -45.127676781499879, -21.179040464515488 ], [ -45.127407286914654, -21.179040464515484 ], [ -45.127407286914654, -21.178501475345016 ], [ -45.127137792329407, -21.178501475345012 ], [ -45.127137792329407, -21.177692991589311 ], [ -45.126059813988469, -21.177692991589304 ], [ -45.126059813988469, -21.179040464515488 ], [ -45.125520824817997, -21.179040464515488 ], [ -45.125520824817997, -21.179309959100724 ], [ -45.12201739520993, -21.179309959100717 ], [ -45.12201739520993, -21.179848948271196 ], [ -45.122286889795163, -21.179848948271193 ], [ -45.122286889795163, -21.184430356220204 ] ] ] } },
{ "type": "Feature", "properties": { "anos_com_queima": null, "area_ha": 138.67365520774871, "inicio": 2011.0, "fim": 2015.0, "tipo": "unique", "id_feicao": "unique_2011_2015_32" }, "geometry": { "type": "Polygon", "coordinates": [ [ [ -45.110159633459553, -21.172033605299355 ], [ -45.109351149703841, -21.172033605299351 ], [ -45.109351149703841, -21.171764110714118 ], [ -45.108003676777663, -21.171764110714118 ], [ -45.108003676777663, -21.175267540322185 ], [ -45.106656203851486, -21.175267540322192 ], [ -45.106656203851486, -21.176345518663123 ], [ -45.108003676777663, -21.176345518663126 ], [ -45.108003676777663, -21.176076024077897 ], [ -45.110698622630025, -21.17607602407789 ], [ -45.110698622630025, -21.177962486174543 ], [ -45.112046095556202, -21.177962486174543 ], [ -45.112046095556202, -21.177154002418835 ], [ -45.113124073897147, -21.177154002418831 ], [ -45.113124073897147, -21.176345518663133 ], [ -45.116358008919974, -21.176345518663126 ], [ -45.116358008919974, -21.178501475345008 ], [ -45.115819019749502, -21.178501475345019 ], [ -45.115819019749502, -21.179040464515488 ], [ -45.115280030579029, -21.179040464515488 ], [ -45.115280030579029, -21.1798489482712 ], [ -45.115010535993797, -21.179848948271196 ], [ -45.115010535993797, -21.180118442856426 ], [ -45.114741041408557, -21.180118442856433 ], [ -45.114741041408557, -21.180387937441669 ], [ -45.114202052238092, -21.180387937441658 ], [ -45.114202052238092, -21.180657432026905 ], [ -45.109890138874313, -21.180657432026905 ], [ -45.109890138874313, -21.18173541036785 ], [ -45.107464687607191, -21.181735410367846 ], [ -45.107464687607191, -21.183082883294023 ], [ -45.106386709266246, -21.183082883294023 ], [ -45.106386709266246, -21.184699850805444 ], [ -45.105308730925309, -21.184699850805433 ], [ -45.105308730925309, -21.185238839975909 ], [ -45.103152774243419, -21.185238839975906 ], [ -45.103152774243419, -21.186586312902087 ], [ -45.103422268828652, -21.186586312902083 ], [ -45.103422268828652, -21.186855807487323 ], [ -45.104769741754836, -21.186855807487319 ], [ -45.104769741754836, -21.187125302072559 ], [ -45.106117214681014, -21.187125302072566 ], [ -45.106117214681014, -21.186855807487323 ], [ -45.106386709266246, -21.186855807487323 ], [ -45.106386709266246, -21.186586312902094 ], [ -45.106656203851486, -21.18658631290209 ], [ -45.106656203851486, -21.186316818316858 ], [ -45.106925698436719, -21.186316818316854 ], [ -45.106925698436719, -21.186047323731621 ], [ -45.107464687607191, -21.186047323731618 ], [ -45.107464687607191, -21.185777829146378 ], [ -45.108273171362903, -21.185777829146385 ], [ -45.108273171362903, -21.184969345390673 ], [ -45.11339356848238, -21.184969345390666 ], [ -45.11339356848238, -21.187394796657795 ], [ -45.113124073897147, -21.187394796657795 ], [ -45.113124073897147, -21.188472774998743 ], [ -45.112854579311907, -21.18847277499874 ], [ -45.112854579311907, -21.18874226958398 ], [ -45.112315590141435, -21.188742269583969 ], [ -45.112315590141435, -21.189820247924921 ], [ -45.112585084726675, -21.189820247924921 ], [ -45.112585084726675, -21.190898226265862 ], [ -45.115280030579029, -21.190898226265865 ], [ -45.115280030579029, -21.190628731680633 ], [ -45.115819019749502, -21.190628731680626 ], [ -45.115819019749502, -21.19008974251016 ], [ -45.116358008919974, -21.190089742510153 ], [ -45.116358008919974, -21.189011764169216 ], [ -45.115819019749502, -21.189011764169212 ], [ -45.115819019749502, -21.188203280413507 ], [ -45.116358008919974, -21.1882032804135 ], [ -45.116358008919974, -21.187664291243028 ], [ -45.116896998090446, -21.187664291243035 ], [ -45.116896998090446, -21.185777829146378 ], [ -45.115819019749502, -21.185777829146385 ], [ -45.115819019749502, -21.186586312902094 ], [ -45.114741041408557, -21.18658631290209 ], [ -45.114741041408557, -21.185508334561145 ], [ -45.113932557652852, -21.185508334561149 ], [ -45.113932557652852, -21.183082883294031 ], [ -45.116358008919974, -21.18308288329402 ], [ -45.116358008919974, -21.182813388708784 ], [ -45.116896998090446, -21.182813388708787 ], [ -45.116896998090446, -21.181735410367835 ], [ -45.117974976431391, -21.181735410367846 ], [ -45.117974976431391, -21.181465915782614 ], [ -45.118244471016624, -21.181465915782614 ], [ -45.118244471016624, -21.180926926612131 ], [ -45.118783460187096, -21.180926926612134 ], [ -45.118783460187096, -21.179848948271196 ], [ -45.12174790062469, -21.179848948271196 ], [ -45.12174790062469, -21.178770969930252 ], [ -45.118783460187096, -21.178770969930259 ], [ -45.118783460187096, -21.17634551866313 ], [ -45.120939416868985, -21.17634551866313 ], [ -45.120939416868985, -21.176076024077894 ], [ -45.121208911454218, -21.176076024077894 ], [ -45.121208911454218, -21.175806529492661 ], [ -45.12201739520993, -21.175806529492654 ], [ -45.12201739520993, -21.174728551151716 ], [ -45.117166492675686, -21.174728551151713 ], [ -45.117166492675686, -21.171225121543646 ], [ -45.116088514334741, -21.171225121543642 ], [ -45.116088514334741, -21.171494616128879 ], [ -45.115280030579029, -21.171494616128886 ], [ -45.115280030579029, -21.172303099884587 ], [ -45.115010535993797, -21.172303099884591 ], [ -45.115010535993797, -21.173920067396011 ], [ -45.110159633459553, -21.173920067396015 ], [ -45.110159633459553, -21.172033605299355 ] ] ] } },
{ "type": "Feature", "properties": { "anos_com_queima": null, "area_ha": 1.3350123754091561, "inicio": 2011.0, "fim": 2015.0, "tipo": "unique", "id_feicao": "unique_2011_2015_33" }, "geometry": { "type": "Polygon", "coordinates": [ [ [ -45.106656203851486, -21.179040464515488 ], [ -45.105578225510541, -21.179040464515491 ], [ -45.105578225510541, -21.180118442856426 ], [ -45.106656203851486, -21.180118442856429 ], [ -45.106656203851486, -21.179040464515488 ] ] ] } },
{ "type": "Feature", "properties": { "anos_com_queima": null, "area_ha": 7.0089004799205812, "inicio": 2011.0, "fim": 2015.0, "tipo": "unique", "id_feicao": "unique_2011_2015_34" }, "geometry": { "type": "Polygon", "coordinates": [ [ [ -45.101805301317242, -21.17607602407789 ], [ -45.096954398782991, -21.176076024077894 ], [ -45.096954398782991, -21.176345518663123 ], [ -45.096684904197758, -21.176345518663126 ], [ -45.096684904197758, -21.177423497004071 ], [ -45.09911035546488, -21.177423497004071 ], [ -45.09911035546488, -21.177154002418838 ], [ -45.101805301317242, -21.177154002418831 ], [ -45.101805301317242, -21.17607602407789 ] ] ] } },
{ "type": "Feature", "properties": { "anos_com_queima": null, "area_ha": 1.6688145193043722, "inicio": 2011.0, "fim": 2015.0, "tipo": "unique", "id_feicao": "unique_2011_2015_35" }, "geometry": { "type": "Polygon", "coordinates": [ [ [ -45.08886956122592, -21.174459056566477 ], [ -45.08886956122592, -21.175537034907428 ], [ -45.090217034152097, -21.175537034907418 ], [ -45.090217034152097, -21.174459056566477 ], [ -45.08886956122592, -21.174459056566477 ] ] ] } },
{ "type": "Feature", "properties": { "anos_com_queima": null, "area_ha": 26.118689504776619, "inicio": 2011.0, "fim": 2015.0, "tipo": "unique", "id_feicao": "unique_2011_2015_36" }, "geometry": { "type": "Polygon", "coordinates": [ [ [ -45.170526420552385, -21.164757251497988 ], [ -45.170526420552385, -21.166104724424162 ], [ -45.17133490430809, -21.166104724424162 ], [ -45.17133490430809, -21.16745219735034 ], [ -45.171604398893329, -21.16745219735034 ], [ -45.171604398893329, -21.167991186520808 ], [ -45.174299344745691, -21.167991186520823 ], [ -45.174299344745691, -21.168530175691281 ], [ -45.175916312257108, -21.168530175691291 ], [ -45.175916312257108, -21.166643713594635 ], [ -45.17645530142758, -21.166643713594635 ], [ -45.17645530142758, -21.166374219009398 ], [ -45.176724796012806, -21.166374219009402 ], [ -45.176724796012806, -21.165026746083225 ], [ -45.174838333916163, -21.165026746083225 ], [ -45.174838333916163, -21.162331800230866 ], [ -45.173760355575219, -21.16233180023087 ], [ -45.173760355575219, -21.16367927315704 ], [ -45.171873893478562, -21.163679273157037 ], [ -45.171873893478562, -21.163948767742284 ], [ -45.17133490430809, -21.163948767742276 ], [ -45.17133490430809, -21.164487756912745 ], [ -45.171065409722857, -21.164487756912745 ], [ -45.171065409722857, -21.164757251497981 ], [ -45.170526420552385, -21.164757251497988 ] ] ] } },
{ "type": "Feature", "properties": { "anos_com_queima": null, "area_ha": 3.755163760123402, "inicio": 2011.0, "fim": 2015.0, "tipo": "unique", "id_feicao": "unique_2011_2015_37" }, "geometry": { "type": "Polygon", "coordinates": [ [ [ -45.176994290598053, -21.16367927315704 ], [ -45.178341763524223, -21.163679273157037 ], [ -45.178341763524223, -21.163140283986575 ], [ -45.178611258109456, -21.163140283986579 ], [ -45.178611258109456, -21.162870789401332 ], [ -45.178880752694695, -21.162870789401328 ], [ -45.178880752694695, -21.161523316475158 ], [ -45.177802774353751, -21.161523316475158 ], [ -45.177802774353751, -21.161792811060394 ], [ -45.177533279768525, -21.161792811060394 ], [ -45.177533279768525, -21.162062305645627 ], [ -45.177263785183278, -21.16206230564563 ], [ -45.177263785183278, -21.16233180023087 ], [ -45.176994290598053, -21.162331800230859 ], [ -45.176994290598053, -21.16367927315704 ] ] ] } },
{ "type": "Feature", "properties": { "anos_com_queima": null, "area_ha": 3.333034540475905, "inicio": 2011.0, "fim": 2015.0, "tipo": "unique", "id_feicao": "unique_2011_2015_38" }, "geometry": { "type": "Polygon", "coordinates": [ [ [ -45.078089777816487, -21.383586854709502 ], [ -45.079437250742671, -21.383586854709499 ], [ -45.079437250742671, -21.382508876368558 ], [ -45.079167756157425, -21.382508876368551 ], [ -45.079167756157425, -21.381161403442384 ], [ -45.078089777816487, -21.381161403442384 ], [ -45.078089777816487, -21.383586854709502 ] ] ] } },
{ "type": "Feature", "properties": { "anos_com_queima": null, "area_ha": 9.7982355229020115, "inicio": 2011.0, "fim": 2015.0, "tipo": "unique", "id_feicao": "unique_2011_2015_39" }, "geometry": { "type": "Polygon", "coordinates": [ [ [ -45.056799705582854, -21.376849490078605 ], [ -45.057069200168087, -21.376849490078609 ], [ -45.057069200166893, -21.377413629425618 ], [ -45.057122, -21.377416 ], [ -45.057233, -21.377610999999888 ], [ -45.057290935464458, -21.377657974756065 ], [ -45.058686167679504, -21.377657973834317 ], [ -45.058686167679504, -21.377118984663845 ], [ -45.058955662264736, -21.377118984663838 ], [ -45.058955662264736, -21.374693533396719 ], [ -45.059764146020449, -21.374693533396719 ], [ -45.059764146020449, -21.373885049641011 ], [ -45.060033640605681, -21.373885049641011 ], [ -45.060033640605681, -21.37253757671483 ], [ -45.059764146020449, -21.37253757671483 ], [ -45.059764146020449, -21.372268082129594 ], [ -45.059494651435209, -21.372268082129594 ], [ -45.059494651435209, -21.371998587544361 ], [ -45.058416673094264, -21.371998587544361 ], [ -45.058416673094264, -21.373615555055775 ], [ -45.058686167679504, -21.373615555055775 ], [ -45.058686167679504, -21.375232522567192 ], [ -45.057069200168087, -21.375232522567192 ], [ -45.057069200168087, -21.375502017152428 ], [ -45.056799705582854, -21.375502017152428 ], [ -45.056799705582854, -21.376849490078605 ] ] ] } },
{ "type": "Feature", "properties": { "anos_com_queima": null, "area_ha": 1.3333091696050019, "inicio": 2011.0, "fim": 2015.0, "tipo": "unique", "id_feicao": "unique_2011_2015_40" }, "geometry": { "type": "Polygon", "coordinates": [ [ [ -45.084827142447381, -21.371190103788649 ], [ -45.083749164106436, -21.37119010378866 ], [ -45.083749164106436, -21.372268082129587 ], [ -45.084827142447381, -21.372268082129597 ], [ -45.084827142447381, -21.371190103788649 ] ] ] } },
{ "type": "Feature", "properties": { "anos_com_queima": null, "area_ha": 4.2500449033955112, "inicio": 2011.0, "fim": 2015.0, "tipo": "unique", "id_feicao": "unique_2011_2015_41" }, "geometry": { "type": "Polygon", "coordinates": [ [ [ -45.075933821134598, -21.368495157936291 ], [ -45.077011799475542, -21.368495157936295 ], [ -45.077011799475542, -21.36768667418059 ], [ -45.077820283231254, -21.367686674180586 ], [ -45.077820283231254, -21.366339201254416 ], [ -45.076203315719837, -21.366339201254405 ], [ -45.076203315719837, -21.366608695839641 ], [ -45.075933821134598, -21.366608695839638 ], [ -45.075933821134598, -21.366878190424881 ], [ -45.075664326549365, -21.366878190424874 ], [ -45.075664326549365, -21.368225663351065 ], [ -45.075933821134598, -21.368225663351051 ], [ -45.075933821134598, -21.368495157936291 ] ] ] } },
{ "type": "Feature", "properties": { "anos_com_queima": null, "area_ha": 6.3335319810837509, "inicio": 2011.0, "fim": 2015.0, "tipo": "unique", "id_feicao": "unique_2011_2015_42" }, "geometry": { "type": "Polygon", "coordinates": [ [ [ -45.081323712839314, -21.363913749987283 ], [ -45.079976239913144, -21.363913749987287 ], [ -45.079976239913144, -21.363644255402054 ], [ -45.078628766986952, -21.36364425540205 ], [ -45.078628766986952, -21.36391374998729 ], [ -45.078359272401727, -21.36391374998729 ], [ -45.078359272401727, -21.364183244572526 ], [ -45.078089777816487, -21.364183244572523 ], [ -45.078089777816487, -21.365530717498697 ], [ -45.081323712839314, -21.3655307174987 ], [ -45.081323712839314, -21.363913749987283 ] ] ] } },
{ "type": "Feature", "properties": { "anos_com_queima": null, "area_ha": 20.084059695073684, "inicio": 2011.0, "fim": 2015.0, "tipo": "unique", "id_feicao": "unique_2011_2015_43" }, "geometry": { "type": "Polygon", "coordinates": [ [ [ -45.083749164106436, -21.363644255402043 ], [ -45.084827142447381, -21.36364425540205 ], [ -45.084827142447381, -21.366339201254405 ], [ -45.085366131617853, -21.366339201254409 ], [ -45.085366131617853, -21.367147685010121 ], [ -45.086444109958798, -21.367147685010114 ], [ -45.086444109958798, -21.366069706669162 ], [ -45.087252593714503, -21.366069706669165 ], [ -45.087252593714503, -21.363105266231582 ], [ -45.087522088299735, -21.363105266231578 ], [ -45.087522088299735, -21.361218804134925 ], [ -45.085905120788325, -21.361218804134918 ], [ -45.085905120788325, -21.360949309549682 ], [ -45.084557647862141, -21.360949309549696 ], [ -45.084557647862141, -21.362027287890641 ], [ -45.083210174935964, -21.362027287890637 ], [ -45.083210174935964, -21.36229678247587 ], [ -45.082401691180259, -21.362296782475873 ], [ -45.082401691180259, -21.363374760816818 ], [ -45.083749164106436, -21.363374760816814 ], [ -45.083749164106436, -21.363644255402043 ] ] ] } },
{ "type": "Feature", "properties": { "anos_com_queima": null, "area_ha": 2.6667604715270703, "inicio": 2011.0, "fim": 2015.0, "tipo": "unique", "id_feicao": "unique_2011_2015_44" }, "geometry": { "type": "Polygon", "coordinates": [ [ [ -45.06784898357752, -21.363105266231575 ], [ -45.06784898357752, -21.364183244572512 ], [ -45.070004940259409, -21.364183244572512 ], [ -45.070004940259409, -21.363105266231571 ], [ -45.06784898357752, -21.363105266231575 ] ] ] } },
{ "type": "Feature", "properties": { "anos_com_queima": null, "area_ha": 8.0004118267489357, "inicio": 2011.0, "fim": 2015.0, "tipo": "unique", "id_feicao": "unique_2011_2015_45" }, "geometry": { "type": "Polygon", "coordinates": [ [ [ -45.063537070213748, -21.361757793305394 ], [ -45.063537070213748, -21.36202728789063 ], [ -45.063806564798981, -21.362027287890637 ], [ -45.063806564798981, -21.36229678247588 ], [ -45.06407605938422, -21.36229678247587 ], [ -45.06407605938422, -21.362566277061106 ], [ -45.064615048554693, -21.362566277061109 ], [ -45.064615048554693, -21.362835771646342 ], [ -45.065693026895637, -21.362835771646342 ], [ -45.065693026895637, -21.361218804134925 ], [ -45.065154037725165, -21.361218804134932 ], [ -45.065154037725165, -21.360949309549685 ], [ -45.064884543139925, -21.360949309549682 ], [ -45.064884543139925, -21.360679814964453 ], [ -45.064615048554693, -21.360679814964467 ], [ -45.064615048554693, -21.360140825793984 ], [ -45.064345553969453, -21.360140825793984 ], [ -45.064345553969453, -21.359871331208744 ], [ -45.063537070213748, -21.35987133120874 ], [ -45.063537070213748, -21.359601836623511 ], [ -45.062189597287571, -21.359601836623511 ], [ -45.062189597287571, -21.360679814964456 ], [ -45.062459091872803, -21.360679814964456 ], [ -45.062459091872803, -21.361218804134925 ], [ -45.062728586458043, -21.361218804134925 ], [ -45.062728586458043, -21.361488298720161 ], [ -45.062998081043276, -21.361488298720161 ], [ -45.062998081043276, -21.361757793305401 ], [ -45.063537070213748, -21.361757793305394 ] ] ] } },
{ "type": "Feature", "properties": { "anos_com_queima": null, "area_ha": 2.0834940382294356, "inicio": 2011.0, "fim": 2015.0, "tipo": "unique", "id_feicao": "unique_2011_2015_46" }, "geometry": { "type": "Polygon", "coordinates": [ [ [ -45.061920102702331, -21.35663739618591 ], [ -45.060572629776154, -21.356637396185906 ], [ -45.060572629776154, -21.357984869112087 ], [ -45.061920102702331, -21.357984869112098 ], [ -45.061920102702331, -21.35663739618591 ] ] ] } },
{ "type": "Feature", "properties": { "anos_com_queima": null, "area_ha": 1.6669227979369461, "inicio": 2011.0, "fim": 2015.0, "tipo": "unique", "id_feicao": "unique_2011_2015_47" }, "geometry": { "type": "Polygon", "coordinates": [ [ [ -45.06784898357752, -21.345318623606012 ], [ -45.066501510651342, -21.345318623606005 ], [ -45.066501510651342, -21.34639660194695 ], [ -45.06784898357752, -21.34639660194695 ], [ -45.06784898357752, -21.345318623606012 ] ] ] } },
{ "type": "Feature", "properties": { "anos_com_queima": null, "area_ha": 2.6671191111713646, "inicio": 2011.0, "fim": 2015.0, "tipo": "unique", "id_feicao": "unique_2011_2015_48" }, "geometry": { "type": "Polygon", "coordinates": [ [ [ -45.03092822540021, -21.342354183168414 ], [ -45.029850247059265, -21.342354183168414 ], [ -45.029850247059265, -21.343162666924126 ], [ -45.029311257888793, -21.343162666924123 ], [ -45.029311257888793, -21.34424064526506 ], [ -45.030389236229738, -21.344240645265067 ], [ -45.030389236229738, -21.343701656094595 ], [ -45.03092822540021, -21.343701656094595 ], [ -45.03092822540021, -21.342354183168414 ] ] ] } },
{ "type": "Feature", "properties": { "anos_com_queima": null, "area_ha": 1.3335824882511049, "inicio": 2011.0, "fim": 2015.0, "tipo": "unique", "id_feicao": "unique_2011_2015_49" }, "geometry": { "type": "Polygon", "coordinates": [ [ [ -45.032545192911627, -21.340198226486525 ], [ -45.031467214570682, -21.340198226486525 ], [ -45.031467214570682, -21.341276204827469 ], [ -45.032545192911627, -21.341276204827473 ], [ -45.032545192911627, -21.340198226486525 ] ] ] } },
{ "type": "Feature", "properties": { "anos_com_queima": null, "area_ha": 4.8344076916255059, "inicio": 2011.0, "fim": 2015.0, "tipo": "unique", "id_feicao": "unique_2011_2015_50" }, "geometry": { "type": "Polygon", "coordinates": [ [ [ -45.075394831964125, -21.336694796878465 ], [ -45.078089777816487, -21.336694796878461 ], [ -45.078089777816487, -21.33561681853752 ], [ -45.077011799475542, -21.335616818537513 ], [ -45.077011799475542, -21.334808334781805 ], [ -45.075394831964125, -21.334808334781805 ], [ -45.075394831964125, -21.336694796878465 ] ] ] } },
{ "type": "Feature", "properties": { "anos_com_queima": null, "area_ha": 94.854543925306203, "inicio": 2011.0, "fim": 2015.0, "tipo": "unique", "id_feicao": "unique_2011_2015_51" }, "geometry": { "type": "Polygon", "coordinates": [ [ [ -45.035509633349221, -21.333191367270402 ], [ -45.035240138763982, -21.333191367270398 ], [ -45.035240138763982, -21.333730356440871 ], [ -45.031467214570682, -21.333730356440874 ], [ -45.031467214570682, -21.333460861855635 ], [ -45.027694290377376, -21.333460861855631 ], [ -45.027694290377376, -21.332921872685159 ], [ -45.026885806621671, -21.332921872685155 ], [ -45.026885806621671, -21.331574399758971 ], [ -45.025538333695494, -21.331574399758981 ], [ -45.025538333695494, -21.331843894344217 ], [ -45.024460355354549, -21.331843894344217 ], [ -45.024460355354549, -21.332652378099919 ], [ -45.024190860769309, -21.332652378099922 ], [ -45.024190860769309, -21.333191367270391 ], [ -45.023651871598844, -21.333191367270391 ], [ -45.023651871598844, -21.333460861855631 ], [ -45.022573893257899, -21.333460861855635 ], [ -45.022573893257899, -21.333730356440864 ], [ -45.022034904087427, -21.333730356440871 ], [ -45.022034904087427, -21.33399985102611 ], [ -45.021495914916954, -21.33399985102611 ], [ -45.021495914916954, -21.334269345611339 ], [ -45.021226420331715, -21.334269345611332 ], [ -45.021226420331715, -21.334538840196579 ], [ -45.019070463649832, -21.334538840196572 ], [ -45.019070463649832, -21.334269345611347 ], [ -45.018800969064593, -21.334269345611339 ], [ -45.018800969064593, -21.333999851026103 ], [ -45.01853147447936, -21.333999851026107 ], [ -45.01853147447936, -21.333730356440871 ], [ -45.017184001553183, -21.333730356440864 ], [ -45.017184001553183, -21.336155807707986 ], [ -45.016375517797471, -21.336155807707996 ], [ -45.016375517797471, -21.33777277521941 ], [ -45.017992485308888, -21.337772775219406 ], [ -45.017992485308888, -21.339659237316052 ], [ -45.019339958235065, -21.339659237316056 ], [ -45.019339958235065, -21.335616818537517 ], [ -45.021765409502187, -21.33561681853752 ], [ -45.021765409502187, -21.335886313122757 ], [ -45.022573893257899, -21.335886313122757 ], [ -45.022573893257899, -21.336155807707993 ], [ -45.021226420331715, -21.336155807707993 ], [ -45.021226420331715, -21.336964291463701 ], [ -45.020956925746482, -21.336964291463701 ], [ -45.020956925746482, -21.338581258975111 ], [ -45.021226420331715, -21.338581258975111 ], [ -45.021226420331715, -21.339120248145587 ], [ -45.022304398672659, -21.33912024814558 ], [ -45.022304398672659, -21.337772775219403 ], [ -45.024460355354549, -21.337772775219399 ], [ -45.024460355354549, -21.338042269804642 ], [ -45.025538333695494, -21.338042269804646 ], [ -45.025538333695494, -21.337503280634166 ], [ -45.028772268718321, -21.337503280634166 ], [ -45.028772268718321, -21.335886313122753 ], [ -45.032545192911627, -21.335886313122753 ], [ -45.032545192911627, -21.338042269804639 ], [ -45.033892665837804, -21.338042269804642 ], [ -45.033892665837804, -21.33750328063417 ], [ -45.034162160423037, -21.337503280634166 ], [ -45.034162160423037, -21.337233786048934 ], [ -45.034431655008277, -21.337233786048923 ], [ -45.034431655008277, -21.336425302293229 ], [ -45.036857106275399, -21.336425302293229 ], [ -45.036857106275399, -21.335616818537513 ], [ -45.037126600860631, -21.335616818537517 ], [ -45.037126600860631, -21.335077829367041 ], [ -45.037665590031104, -21.335077829367052 ], [ -45.037665590031104, -21.332921872685155 ], [ -45.036587611690159, -21.332921872685166 ], [ -45.036587611690159, -21.332113388929447 ], [ -45.037396095445871, -21.332113388929443 ], [ -45.037396095445871, -21.331574399758967 ], [ -45.037935084616343, -21.331574399758985 ], [ -45.037935084616343, -21.330226926832804 ], [ -45.036857106275399, -21.330226926832808 ], [ -45.036857106275399, -21.33049642141804 ], [ -45.036318117104926, -21.33049642141804 ], [ -45.036318117104926, -21.330765916003269 ], [ -45.036048622519687, -21.330765916003266 ], [ -45.036048622519687, -21.331035410588516 ], [ -45.035509633349221, -21.331035410588512 ], [ -45.035509633349221, -21.333191367270402 ] ] ] } },
{ "type": "Feature", "properties": { "anos_com_queima": null, "area_ha": 2.0004672694813461, "inicio": 2011.0, "fim": 2015.0, "tipo": "unique", "id_feicao": "unique_2011_2015_52" }, "geometry": { "type": "Polygon", "coordinates": [ [ [ -45.073238875282236, -21.334269345611336 ], [ -45.073508369867476, -21.334269345611336 ], [ -45.073508369867476, -21.334538840196579 ], [ -45.07458634820842, -21.334538840196576 ], [ -45.07458634820842, -21.333191367270398 ], [ -45.073238875282236, -21.333191367270391 ], [ -45.073238875282236, -21.334269345611336 ] ] ] } },
{ "type": "Feature", "properties": { "anos_com_queima": null, "area_ha": 1.6670975215364343, "inicio": 2011.0, "fim": 2015.0, "tipo": "unique", "id_feicao": "unique_2011_2015_53" }, "geometry": { "type": "Polygon", "coordinates": [ [ [ -45.020956925746482, -21.329418443077095 ], [ -45.020956925746482, -21.33049642141804 ], [ -45.022304398672659, -21.33049642141804 ], [ -45.022304398672659, -21.329418443077095 ], [ -45.020956925746482, -21.329418443077095 ] ] ] } },
{ "type": "Feature", "properties": { "anos_com_queima": null, "area_ha": 16.421248651176271, "inicio": 2011.0, "fim": 2015.0, "tipo": "unique", "id_feicao": "unique_2011_2015_54" }, "geometry": { "type": "Polygon", "coordinates": [ [ [ -45.028233279547848, -21.326723497224737 ], [ -45.028233279547848, -21.326992991809973 ], [ -45.028502774133088, -21.326992991809977 ], [ -45.028502774133088, -21.327262486395206 ], [ -45.029580752474033, -21.327262486395213 ], [ -45.029580752474033, -21.326723497224737 ], [ -45.029850247059265, -21.326723497224737 ], [ -45.029850247059265, -21.325645518883793 ], [ -45.029580752474033, -21.325645518883796 ], [ -45.029580752474033, -21.325376024298556 ], [ -45.027694290377376, -21.325376024298556 ], [ -45.027694290377376, -21.325645518883793 ], [ -45.025538333695494, -21.325645518883793 ], [ -45.025538333695494, -21.325376024298556 ], [ -45.024729849939781, -21.325376024298553 ], [ -45.024729849939781, -21.32510652971332 ], [ -45.023651871598844, -21.32510652971332 ], [ -45.023651871598844, -21.325645518883796 ], [ -45.023382377013604, -21.325645518883789 ], [ -45.023382377013604, -21.329687937662332 ], [ -45.024999344525021, -21.329687937662328 ], [ -45.024999344525021, -21.32726248639521 ], [ -45.026077322865966, -21.327262486395213 ], [ -45.026077322865966, -21.326723497224737 ], [ -45.028233279547848, -21.326723497224737 ] ] ] } },
{ "type": "Feature", "properties": { "anos_com_queima": null, "area_ha": 1.3337402247402816, "inicio": 2011.0, "fim": 2015.0, "tipo": "unique", "id_feicao": "unique_2011_2015_55" }, "geometry": { "type": "Polygon", "coordinates": [ [ [ -45.022843387843132, -21.322411583860962 ], [ -45.021765409502187, -21.322411583860958 ], [ -45.021765409502187, -21.323489562201896 ], [ -45.022843387843132, -21.323489562201903 ], [ -45.022843387843132, -21.322411583860962 ] ] ] } },
{ "type": "Feature", "properties": { "anos_com_queima": null, "area_ha": 1.3337545544527472, "inicio": 2011.0, "fim": 2015.0, "tipo": "unique", "id_feicao": "unique_2011_2015_56" }, "geometry": { "type": "Polygon", "coordinates": [ [ [ -45.021495914916954, -21.320794616349541 ], [ -45.02041793657601, -21.320794616349545 ], [ -45.02041793657601, -21.32187259469049 ], [ -45.021495914916954, -21.321872594690493 ], [ -45.021495914916954, -21.320794616349541 ] ] ] } },
{ "type": "Feature", "properties": { "anos_com_queima": null, "area_ha": 6.9201314624316987, "inicio": 2011.0, "fim": 2015.0, "tipo": "unique", "id_feicao": "unique_2011_2015_57" }, "geometry": { "type": "Polygon", "coordinates": [ [ [ -45.031467214570682, -21.294923136166908 ], [ -45.03281468749686, -21.294923136166904 ], [ -45.03281468749686, -21.294653641581675 ], [ -45.033084182082092, -21.294653641581672 ], [ -45.033084182082092, -21.293845157825967 ], [ -45.034431655008277, -21.293845157825963 ], [ -45.034431655008277, -21.292228190314546 ], [ -45.03281468749686, -21.292228190314539 ], [ -45.03281468749686, -21.292767179485018 ], [ -45.031467214570682, -21.292767179485011 ], [ -45.031467214570682, -21.29357566324073 ], [ -45.031197719985443, -21.293575663240727 ], [ -45.031197719985443, -21.294653641581675 ], [ -45.031467214570682, -21.294653641581668 ], [ -45.031467214570682, -21.294923136166908 ] ] ] } },
{ "type": "Feature", "properties": { "anos_com_queima": null, "area_ha": 10.338534779322892, "inicio": 2011.0, "fim": 2015.0, "tipo": "unique", "id_feicao": "unique_2011_2015_58" }, "geometry": { "type": "Polygon", "coordinates": [ [ [ -45.025807828280726, -21.294114652411192 ], [ -45.026077322865966, -21.294114652411196 ], [ -45.026077322865966, -21.294384146996432 ], [ -45.028233279547848, -21.294384146996439 ], [ -45.028233279547848, -21.29546212533738 ], [ -45.029311257888793, -21.295462125337373 ], [ -45.029311257888793, -21.294384146996439 ], [ -45.028772268718321, -21.294384146996439 ], [ -45.028772268718321, -21.293306168655484 ], [ -45.028233279547848, -21.293306168655491 ], [ -45.028233279547848, -21.293036674070247 ], [ -45.027694290377376, -21.293036674070255 ], [ -45.027694290377376, -21.292228190314543 ], [ -45.027424795792143, -21.292228190314546 ], [ -45.027424795792143, -21.291689201144081 ], [ -45.026077322865966, -21.291689201144074 ], [ -45.026077322865966, -21.291150211973605 ], [ -45.024999344525021, -21.291150211973601 ], [ -45.024999344525021, -21.292228190314546 ], [ -45.025268839110254, -21.292228190314546 ], [ -45.025268839110254, -21.293306168655491 ], [ -45.025538333695494, -21.293306168655491 ], [ -45.025538333695494, -21.293575663240727 ], [ -45.025807828280726, -21.293575663240727 ], [ -45.025807828280726, -21.294114652411192 ] ] ] } },
{ "type": "Feature", "properties": { "anos_com_queima": null, "area_ha": 1.6676936324514449, "inicio": 2011.0, "fim": 2015.0, "tipo": "unique", "id_feicao": "unique_2011_2015_59" }, "geometry": { "type": "Polygon", "coordinates": [ [ [ -45.030389236229738, -21.275519526029928 ], [ -45.029311257888793, -21.275519526029928 ], [ -45.029311257888793, -21.276866998956102 ], [ -45.030389236229738, -21.276866998956098 ], [ -45.030389236229738, -21.275519526029928 ] ] ] } },
{ "type": "Feature", "properties": { "anos_com_queima": null, "area_ha": 9.9230796497401776, "inicio": 2011.0, "fim": 2015.0, "tipo": "unique", "id_feicao": "unique_2011_2015_60" }, "geometry": { "type": "Polygon", "coordinates": [ [ [ -45.035509633349221, -21.273363569348039 ], [ -45.036587611690159, -21.273363569348032 ], [ -45.036587611690159, -21.273094074762806 ], [ -45.037126600860631, -21.273094074762795 ], [ -45.037126600860631, -21.272285591007087 ], [ -45.037396095445871, -21.27228559100709 ], [ -45.037396095445871, -21.271746601836615 ], [ -45.037665590031104, -21.271746601836622 ], [ -45.037665590031104, -21.271477107251389 ], [ -45.037935084616343, -21.271477107251378 ], [ -45.037935084616343, -21.270938118080913 ], [ -45.038204579201576, -21.27093811808092 ], [ -45.038204579201576, -21.269860139739965 ], [ -45.035240138763982, -21.269860139739972 ], [ -45.035240138763982, -21.271207612666153 ], [ -45.034970644178749, -21.271207612666149 ], [ -45.034970644178749, -21.272555085592327 ], [ -45.035240138763982, -21.272555085592323 ], [ -45.035240138763982, -21.273094074762795 ], [ -45.035509633349221, -21.273094074762803 ], [ -45.035509633349221, -21.273363569348039 ] ] ] } },
{ "type": "Feature", "properties": { "anos_com_queima": null, "area_ha": 1.3341965802304447, "inicio": 2011.0, "fim": 2015.0, "tipo": "unique", "id_feicao": "unique_2011_2015_61" }, "geometry": { "type": "Polygon", "coordinates": [ [ [ -45.025807828280726, -21.270938118080917 ], [ -45.024729849939781, -21.27093811808091 ], [ -45.024729849939781, -21.272016096421861 ], [ -45.025807828280726, -21.272016096421851 ], [ -45.025807828280726, -21.270938118080917 ] ] ] } },
{ "type": "Feature", "properties": { "anos_com_queima": null, "area_ha": 1.3342940360926097, "inicio": 2011.0, "fim": 2015.0, "tipo": "unique", "id_feicao": "unique_2011_2015_62" }, "geometry": { "type": "Polygon", "coordinates": [ [ [ -45.079167756157425, -21.260158334671477 ], [ -45.079167756157425, -21.261236313012425 ], [ -45.080245734498369, -21.261236313012429 ], [ -45.080245734498369, -21.260158334671473 ], [ -45.079167756157425, -21.260158334671477 ] ] ] } },
{ "type": "Feature", "properties": { "anos_com_queima": null, "area_ha": 16.511941558022663, "inicio": 2011.0, "fim": 2015.0, "tipo": "unique", "id_feicao": "unique_2011_2015_63" }, "geometry": { "type": "Polygon", "coordinates": [ [ [ -45.084827142447381, -21.261775302182894 ], [ -45.084827142447381, -21.262044796768127 ], [ -45.08671360454403, -21.26204479676813 ], [ -45.08671360454403, -21.261775302182897 ], [ -45.087252593714503, -21.261775302182894 ], [ -45.087252593714503, -21.261505807597658 ], [ -45.08886956122592, -21.261505807597661 ], [ -45.08886956122592, -21.260697323841956 ], [ -45.089678044981625, -21.260697323841956 ], [ -45.089678044981625, -21.259080356330539 ], [ -45.088330572055447, -21.259080356330536 ], [ -45.088330572055447, -21.258810861745296 ], [ -45.086444109958798, -21.258810861745292 ], [ -45.086444109958798, -21.25854136716006 ], [ -45.085366131617853, -21.25854136716006 ], [ -45.085366131617853, -21.259080356330536 ], [ -45.084557647862141, -21.259080356330543 ], [ -45.084557647862141, -21.259349850915775 ], [ -45.084288153276908, -21.259349850915772 ], [ -45.084288153276908, -21.260427829256717 ], [ -45.084557647862141, -21.260427829256724 ], [ -45.084557647862141, -21.261775302182894 ], [ -45.084827142447381, -21.261775302182894 ] ] ] } },
{ "type": "Feature", "properties": { "anos_com_queima": null, "area_ha": 28.187292965870352, "inicio": 2011.0, "fim": 2015.0, "tipo": "unique", "id_feicao": "unique_2011_2015_64" }, "geometry": { "type": "Polygon", "coordinates": [ [ [ -45.044133460076765, -21.261505807597658 ], [ -45.044672449247237, -21.261505807597658 ], [ -45.044672449247237, -21.26204479676813 ], [ -45.046019922173414, -21.262044796768137 ], [ -45.046019922173414, -21.262853280523839 ], [ -45.047097900514359, -21.262853280523832 ], [ -45.047097900514359, -21.262583785938599 ], [ -45.047367395099599, -21.262583785938599 ], [ -45.047367395099599, -21.262314291353366 ], [ -45.047636889684831, -21.262314291353366 ], [ -45.047636889684831, -21.26204479676813 ], [ -45.048175878855304, -21.26204479676813 ], [ -45.048175878855304, -21.260697323841953 ], [ -45.047367395099599, -21.260697323841949 ], [ -45.047367395099599, -21.260158334671477 ], [ -45.047097900514359, -21.260158334671488 ], [ -45.047097900514359, -21.259619345501001 ], [ -45.046828405929126, -21.259619345501015 ], [ -45.046828405929126, -21.256385410478167 ], [ -45.045480933002942, -21.256385410478174 ], [ -45.045480933002942, -21.256115915892934 ], [ -45.045211438417709, -21.256115915892941 ], [ -45.045211438417709, -21.254768442966764 ], [ -45.044941943832477, -21.254768442966764 ], [ -45.044941943832477, -21.254229453796281 ], [ -45.044672449247237, -21.254229453796288 ], [ -45.044672449247237, -21.253959959211059 ], [ -45.043594470906292, -21.253959959211056 ], [ -45.043594470906292, -21.254498948381531 ], [ -45.04332497632106, -21.254498948381531 ], [ -45.04332497632106, -21.256385410478167 ], [ -45.043594470906292, -21.25638541047817 ], [ -45.043594470906292, -21.260158334671484 ], [ -45.044133460076765, -21.260158334671477 ], [ -45.044133460076765, -21.261505807597658 ] ] ] } },
{ "type": "Feature", "properties": { "anos_com_queima": null, "area_ha": 3.8364246270343663, "inicio": 2011.0, "fim": 2015.0, "tipo": "unique", "id_feicao": "unique_2011_2015_65" }, "geometry": { "type": "Polygon", "coordinates": [ [ [ -45.083210174935964, -21.24614461623921 ], [ -45.082132196595019, -21.24614461623921 ], [ -45.082132196595019, -21.247222594580158 ], [ -45.082401691180259, -21.247222594580155 ], [ -45.082401691180259, -21.249378551262051 ], [ -45.083479669521203, -21.249378551262044 ], [ -45.083479669521203, -21.247761583750627 ], [ -45.083210174935964, -21.247761583750634 ], [ -45.083210174935964, -21.24614461623921 ] ] ] } },
{ "type": "Feature", "properties": { "anos_com_queima": null, "area_ha": 9.341341168778948, "inicio": 2011.0, "fim": 2015.0, "tipo": "unique", "id_feicao": "unique_2011_2015_66" }, "geometry": { "type": "Polygon", "coordinates": [ [ [ -45.026616312036438, -21.240485229949261 ], [ -45.027155301206903, -21.240485229949268 ], [ -45.027155301206903, -21.240754724534494 ], [ -45.027694290377376, -21.240754724534497 ], [ -45.027694290377376, -21.241024219119733 ], [ -45.027963784962616, -21.24102421911973 ], [ -45.027963784962616, -21.24129371370497 ], [ -45.028772268718321, -21.241293713704962 ], [ -45.028772268718321, -21.241563208290199 ], [ -45.029580752474033, -21.241563208290213 ], [ -45.029580752474033, -21.240215735364025 ], [ -45.02904176330356, -21.240215735364021 ], [ -45.02904176330356, -21.237790284096906 ], [ -45.027963784962616, -21.237790284096899 ], [ -45.027963784962616, -21.238598767852611 ], [ -45.026346817451198, -21.238598767852604 ], [ -45.026346817451198, -21.239137757023087 ], [ -45.026077322865966, -21.239137757023084 ], [ -45.026077322865966, -21.240215735364028 ], [ -45.026616312036438, -21.240215735364032 ], [ -45.026616312036438, -21.240485229949261 ] ] ] } },
{ "type": "Feature", "properties": { "anos_com_queima": null, "area_ha": 1.3346069363363087, "inicio": 2011.0, "fim": 2015.0, "tipo": "unique", "id_feicao": "unique_2011_2015_67" }, "geometry": { "type": "Polygon", "coordinates": [ [ [ -45.040899525053938, -21.224585049420348 ], [ -45.039821546712993, -21.224585049420352 ], [ -45.039821546712993, -21.225663027761289 ], [ -45.040899525053938, -21.225663027761289 ], [ -45.040899525053938, -21.224585049420348 ] ] ] } },
{ "type": "Feature", "properties": { "anos_com_queima": null, "area_ha": 3.6703009523235259, "inicio": 2011.0, "fim": 2015.0, "tipo": "unique", "id_feicao": "unique_2011_2015_68" }, "geometry": { "type": "Polygon", "coordinates": [ [ [ -45.046019922173414, -21.218925663130392 ], [ -45.045750427588182, -21.218925663130396 ], [ -45.045750427588182, -21.218656168545156 ], [ -45.044672449247237, -21.218656168545159 ], [ -45.044672449247237, -21.218925663130392 ], [ -45.044402954662004, -21.218925663130396 ], [ -45.044402954662004, -21.220812125227042 ], [ -45.045750427588182, -21.220812125227045 ], [ -45.045750427588182, -21.220273136056569 ], [ -45.046019922173414, -21.22027313605658 ], [ -45.046019922173414, -21.218925663130392 ] ] ] } },
{ "type": "Feature", "properties": { "anos_com_queima": null, "area_ha": 37.620926720750333, "inicio": 2011.0, "fim": 2015.0, "tipo": "unique", "id_feicao": "unique_2011_2015_69" }, "geometry": { "type": "Polygon", "coordinates": [ [ [ -45.038743568372048, -21.217039201033742 ], [ -45.038204579201576, -21.217039201033742 ], [ -45.038204579201576, -21.217308695618986 ], [ -45.035240138763982, -21.217308695618978 ], [ -45.035240138763982, -21.217578190204211 ], [ -45.034431655008277, -21.217578190204215 ], [ -45.034431655008277, -21.219464652300857 ], [ -45.034701149593509, -21.219464652300864 ], [ -45.034701149593509, -21.220273136056573 ], [ -45.034970644178749, -21.22027313605658 ], [ -45.034970644178749, -21.220542630641809 ], [ -45.035240138763982, -21.220542630641809 ], [ -45.035240138763982, -21.220812125227042 ], [ -45.036857106275399, -21.220812125227035 ], [ -45.036857106275399, -21.221081619812278 ], [ -45.038204579201576, -21.221081619812288 ], [ -45.038204579201576, -21.221620608982747 ], [ -45.038474073786816, -21.221620608982754 ], [ -45.038474073786816, -21.22189010356799 ], [ -45.039552052127753, -21.22189010356799 ], [ -45.039552052127753, -21.221620608982754 ], [ -45.039821546712993, -21.221620608982754 ], [ -45.039821546712993, -21.219195157715635 ], [ -45.04143851422441, -21.219195157715625 ], [ -45.04143851422441, -21.218925663130392 ], [ -45.041708008809643, -21.218925663130396 ], [ -45.041708008809643, -21.218656168545156 ], [ -45.041977503394882, -21.218656168545156 ], [ -45.041977503394882, -21.218117179374687 ], [ -45.042246997980115, -21.218117179374683 ], [ -45.042246997980115, -21.217578190204215 ], [ -45.042516492565348, -21.217578190204208 ], [ -45.042516492565348, -21.215422233522325 ], [ -45.041708008809643, -21.215422233522336 ], [ -45.041708008809643, -21.213805266010908 ], [ -45.040630030468698, -21.213805266010908 ], [ -45.040630030468698, -21.215152738937093 ], [ -45.039821546712993, -21.215152738937089 ], [ -45.039821546712993, -21.215961222692794 ], [ -45.039013062957281, -21.215961222692801 ], [ -45.039013062957281, -21.216230717278034 ], [ -45.038743568372048, -21.216230717278034 ], [ -45.038743568372048, -21.217039201033742 ] ] ] } },
{ "type": "Feature", "properties": { "anos_com_queima": null, "area_ha": 11.59534460465014, "inicio": 2011.0, "fim": 2015.0, "tipo": "unique", "id_feicao": "unique_2011_2015_70" }, "geometry": { "type": "Polygon", "coordinates": [ [ [ -45.047906384270071, -21.215422233522329 ], [ -45.048984362611016, -21.215422233522332 ], [ -45.048984362611016, -21.212727287669974 ], [ -45.050870824707665, -21.212727287669974 ], [ -45.050870824707665, -21.212188298499495 ], [ -45.051409813878131, -21.212188298499491 ], [ -45.051409813878131, -21.211918803914266 ], [ -45.051679308463378, -21.211918803914269 ], [ -45.051679308463378, -21.210571330988081 ], [ -45.05006234095196, -21.210571330988074 ], [ -45.05006234095196, -21.211649309329022 ], [ -45.046828405929126, -21.211649309329026 ], [ -45.046828405929126, -21.213266276840436 ], [ -45.047367395099599, -21.213266276840436 ], [ -45.047367395099599, -21.213535771425676 ], [ -45.047906384270071, -21.213535771425668 ], [ -45.047906384270071, -21.215422233522329 ] ] ] } },
{ "type": "Feature", "properties": { "anos_com_queima": null, "area_ha": 5.5892497579042146, "inicio": 2011.0, "fim": 2015.0, "tipo": "unique", "id_feicao": "unique_2011_2015_71" }, "geometry": { "type": "Polygon", "coordinates": [ [ [ -45.044402954662004, -21.207876385135719 ], [ -45.044402954662004, -21.209762847232373 ], [ -45.044672449247237, -21.209762847232373 ], [ -45.044672449247237, -21.210840825573321 ], [ -45.046289416758654, -21.210840825573317 ], [ -45.046289416758654, -21.208415374306195 ], [ -45.045480933002942, -21.208415374306188 ], [ -45.045480933002942, -21.207876385135723 ], [ -45.044402954662004, -21.207876385135719 ] ] ] } },
{ "type": "Feature", "properties": { "anos_com_queima": null, "area_ha": 2.5861173816412784, "inicio": 2011.0, "fim": 2015.0, "tipo": "unique", "id_feicao": "unique_2011_2015_72" }, "geometry": { "type": "Polygon", "coordinates": [ [ [ -45.048714868025776, -21.20572042845383 ], [ -45.048714868025776, -21.206259417624313 ], [ -45.048445373440543, -21.20625941762431 ], [ -45.048445373440543, -21.20760689055048 ], [ -45.049523351781488, -21.207606890550487 ], [ -45.049523351781488, -21.207067901380022 ], [ -45.049792846366721, -21.207067901380022 ], [ -45.049792846366721, -21.205720428453841 ], [ -45.048714868025776, -21.20572042845383 ] ] ] } },
{ "type": "Feature", "properties": { "anos_com_queima": null, "area_ha": 12.472407586047799, "inicio": 2011.0, "fim": 2015.0, "tipo": "unique", "id_feicao": "unique_2011_2015_73" }, "geometry": { "type": "Polygon", "coordinates": [ [ [ -45.079706745327897, -21.173650572810772 ], [ -45.079976239913144, -21.173650572810779 ], [ -45.079976239913144, -21.173920067396001 ], [ -45.080515229083616, -21.173920067396008 ], [ -45.080515229083616, -21.174998045736945 ], [ -45.080784723668842, -21.174998045736949 ], [ -45.080784723668842, -21.175806529492661 ], [ -45.081054218254089, -21.175806529492654 ], [ -45.081054218253882, -21.175899528921825 ], [ -45.081637, -21.175897 ], [ -45.082006, -21.175919 ], [ -45.082132196594792, -21.175951474120051 ], [ -45.082132196595019, -21.175806529492657 ], [ -45.082671185765491, -21.175806529492654 ], [ -45.082671185765491, -21.175267540322182 ], [ -45.082940680350731, -21.175267540322192 ], [ -45.082940680350731, -21.174998045736952 ], [ -45.083479669521203, -21.174998045736952 ], [ -45.083479669521203, -21.173650572810764 ], [ -45.085096637032613, -21.173650572810772 ], [ -45.085096637032613, -21.173381078225539 ], [ -45.085366131617853, -21.173381078225535 ], [ -45.085366131617853, -21.172033605299347 ], [ -45.085096637032613, -21.172033605299355 ], [ -45.085096637032613, -21.171764110714118 ], [ -45.084018658691676, -21.171764110714111 ], [ -45.084018658691676, -21.173381078225539 ], [ -45.081593207424547, -21.173381078225535 ], [ -45.081593207424547, -21.172842089055067 ], [ -45.081323712839314, -21.172842089055056 ], [ -45.081323712839314, -21.172572594469823 ], [ -45.079706745327897, -21.172572594469823 ], [ -45.079706745327897, -21.173650572810772 ] ] ] } },
{ "type": "Feature", "properties": { "anos_com_queima": null, "area_ha": 1.6691174262400716, "inicio": 2011.0, "fim": 2015.0, "tipo": "unique", "id_feicao": "unique_2011_2015_74" }, "geometry": { "type": "Polygon", "coordinates": [ [ [ -45.042516492565348, -21.146701114287179 ], [ -45.04116901963917, -21.14670111428719 ], [ -45.04116901963917, -21.147779092628127 ], [ -45.042516492565348, -21.147779092628131 ], [ -45.042516492565348, -21.146701114287179 ] ] ] } },
{ "type": "Feature", "properties": { "anos_com_queima": null, "area_ha": 4.772555358123034, "inicio": 2011.0, "fim": 2015.0, "tipo": "unique", "id_feicao": "unique_2011_2015_75" }, "geometry": { "type": "Polygon", "coordinates": [ [ [ -44.97487335167115, -21.339659237316059 ], [ -44.9729868895745, -21.339659237316059 ], [ -44.9729868895745, -21.338311764389879 ], [ -44.97110042747785, -21.338311764389868 ], [ -44.97110042747785, -21.339389742730816 ], [ -44.971639416648323, -21.33938974273082 ], [ -44.971639416648323, -21.339928731901288 ], [ -44.973795373330205, -21.339928731901292 ], [ -44.973795373330546, -21.341209982706246 ], [ -44.973943, -21.341051 ], [ -44.974128, -21.340878 ], [ -44.974349, -21.340706 ], [ -44.974619, -21.340533999999895 ], [ -44.974873351672002, -21.340455131267834 ], [ -44.97487335167115, -21.339659237316059 ] ] ] } },
{ "type": "Feature", "properties": { "anos_com_queima": null, "area_ha": 0.53192339155413215, "inicio": 2011.0, "fim": 2015.0, "tipo": "unique", "id_feicao": "unique_2011_2015_76" }, "geometry": { "type": "Polygon", "coordinates": [ [ [ -45.011794109848466, -21.336155807707989 ], [ -45.011048200719898, -21.336155807846843 ], [ -45.011142, -21.336287 ], [ -45.011253, -21.336482999999895 ], [ -45.011352, -21.336701 ], [ -45.01145, -21.336930999999893 ], [ -45.011598, -21.337115 ], [ -45.011794109848388, -21.337192103047276 ], [ -45.011794109848466, -21.336155807707989 ] ] ] } },
{ "type": "Feature", "properties": { "anos_com_queima": null, "area_ha": 2.0838025844782591, "inicio": 2011.0, "fim": 2015.0, "tipo": "unique", "id_feicao": "unique_2011_2015_77" }, "geometry": { "type": "Polygon", "coordinates": [ [ [ -45.014758550286061, -21.334269345611332 ], [ -45.013411077359876, -21.334269345611343 ], [ -45.013411077359876, -21.335616818537524 ], [ -45.014758550286061, -21.335616818537517 ], [ -45.014758550286061, -21.334269345611332 ] ] ] } },
{ "type": "Feature", "properties": { "anos_com_queima": null, "area_ha": 41.69258492427133, "inicio": 2011.0, "fim": 2015.0, "tipo": "unique", "id_feicao": "unique_2011_2015_78" }, "geometry": { "type": "Polygon", "coordinates": [ [ [ -44.987270102591999, -21.335077829367048 ], [ -44.982958189228228, -21.335077829367041 ], [ -44.982958189228228, -21.334538840196579 ], [ -44.981880210887283, -21.334538840196579 ], [ -44.981880210887283, -21.334808334781805 ], [ -44.980532737961106, -21.334808334781805 ], [ -44.980532737961106, -21.336425302293229 ], [ -44.978915770449689, -21.336425302293232 ], [ -44.978915770449689, -21.33750328063417 ], [ -44.981071727131578, -21.337503280634174 ], [ -44.981071727131578, -21.337772775219403 ], [ -44.982419200057755, -21.337772775219403 ], [ -44.982419200057755, -21.33750328063417 ], [ -44.984036167569172, -21.337503280634177 ], [ -44.984036167569172, -21.336964291463701 ], [ -44.991204470136267, -21.336964299514761 ], [ -44.991335999999897, -21.336791 ], [ -44.991532999999897, -21.336331 ], [ -44.991582999999899, -21.336113 ], [ -44.99162, -21.335837 ], [ -44.991633, -21.335572 ], [ -44.991644999999899, -21.335342 ], [ -44.991670999999897, -21.335066 ], [ -44.991708, -21.334756 ], [ -44.991745, -21.33448 ], [ -44.991795, -21.334261 ], [ -44.991869, -21.333986 ], [ -44.991919, -21.333698 ], [ -44.991932, -21.333434 ], [ -44.991981, -21.333158 ], [ -44.992043, -21.332928 ], [ -44.992117, -21.332571 ], [ -44.992155, -21.332353 ], [ -44.992204, -21.332065 ], [ -44.992254, -21.331847 ], [ -44.992254768504274, -21.331843894833394 ], [ -44.991043026785299, -21.331843894344214 ], [ -44.991043026785299, -21.332652378099919 ], [ -44.988348080932944, -21.332652378099922 ], [ -44.988348080932944, -21.333191367270398 ], [ -44.988078586347704, -21.333191367270395 ], [ -44.988078586347704, -21.334269345611336 ], [ -44.987270102591999, -21.334269345611343 ], [ -44.987270102591999, -21.335077829367048 ] ] ] } },
{ "type": "Feature", "properties": { "anos_com_queima": null, "area_ha": 0.0019692522449768148, "inicio": 2011.0, "fim": 2015.0, "tipo": "unique", "id_feicao": "unique_2011_2015_79" }, "geometry": { "type": "Polygon", "coordinates": [ [ [ -44.999397358927617, -21.331843894344214 ], [ -44.999317098262757, -21.331843894389387 ], [ -44.999362, -21.33187 ], [ -44.999397358927617, -21.33188169012201 ], [ -44.999397358927617, -21.331843894344214 ] ] ] } },
{ "type": "Feature", "properties": { "anos_com_queima": null, "area_ha": 107.19615346702453, "inicio": 2011.0, "fim": 2015.0, "tipo": "unique", "id_feicao": "unique_2011_2015_80" }, "geometry": { "type": "Polygon", "coordinates": [ [ [ -44.96436306284695, -21.326723497224734 ], [ -44.96436306284695, -21.328340464736147 ], [ -44.965171546602662, -21.32834046473614 ], [ -44.965171546602662, -21.328609959321387 ], [ -44.965710535773134, -21.328609959321383 ], [ -44.965710535773134, -21.32887945390662 ], [ -44.967058008699311, -21.32887945390662 ], [ -44.967058008699311, -21.326992991809973 ], [ -44.969213965381201, -21.32699299180997 ], [ -44.969213965381201, -21.327531980980446 ], [ -44.969483459966433, -21.327531980980449 ], [ -44.969483459966433, -21.328609959321376 ], [ -44.971908911233555, -21.328609959321387 ], [ -44.971908911233555, -21.328879453906609 ], [ -44.972178405818795, -21.328879453906616 ], [ -44.972178405818795, -21.329148948491856 ], [ -44.972447900404028, -21.329148948491859 ], [ -44.972447900404028, -21.329687937662332 ], [ -44.973256384159733, -21.329687937662321 ], [ -44.973256384159733, -21.329957432247561 ], [ -44.973525878744972, -21.329957432247568 ], [ -44.973525878744972, -21.330226926832804 ], [ -44.975681835426855, -21.330226926832793 ], [ -44.975681835426855, -21.329957432247564 ], [ -44.978107286693984, -21.329957432247571 ], [ -44.978107286693984, -21.330765916003276 ], [ -44.978646275864456, -21.330765916003276 ], [ -44.978646275864456, -21.331035410588516 ], [ -44.979185265034921, -21.331035410588505 ], [ -44.979185265034921, -21.331843894344221 ], [ -44.979724254205394, -21.331843894344214 ], [ -44.979724254205394, -21.33238288351469 ], [ -44.981880210887283, -21.33238288351469 ], [ -44.981880210887283, -21.332652378099919 ], [ -44.982958189228228, -21.332652378099919 ], [ -44.982958189228228, -21.332113388929457 ], [ -44.98322768381346, -21.33211338892945 ], [ -44.98322768381346, -21.331574399758981 ], [ -44.9834971783987, -21.331574399758981 ], [ -44.9834971783987, -21.329687937662328 ], [ -44.982688694642988, -21.329687937662332 ], [ -44.982688694642988, -21.328340464736151 ], [ -44.982149705472516, -21.328340464736154 ], [ -44.982149705472516, -21.325645518883793 ], [ -44.978646275864456, -21.325645518883796 ], [ -44.978646275864456, -21.325376024298556 ], [ -44.973795373330205, -21.325376024298556 ], [ -44.973795373330205, -21.322681078446198 ], [ -44.97110042747785, -21.322681078446198 ], [ -44.97110042747785, -21.324028551372379 ], [ -44.967596997869784, -21.324028551372376 ], [ -44.967596997869784, -21.326184508054268 ], [ -44.965441041187894, -21.326184508054272 ], [ -44.965441041187894, -21.322950573031431 ], [ -44.965171546602662, -21.322950573031427 ], [ -44.965171546602662, -21.321603100105254 ], [ -44.964093568261717, -21.321603100105254 ], [ -44.964093568261717, -21.322142089275722 ], [ -44.963824073676477, -21.322142089275722 ], [ -44.963824073676477, -21.323489562201903 ], [ -44.964093568261717, -21.323489562201907 ], [ -44.964093568261717, -21.324567540542851 ], [ -44.964632557432189, -21.324567540542848 ], [ -44.964632557432189, -21.326723497224734 ], [ -44.96436306284695, -21.326723497224734 ] ] ] } },
{ "type": "Feature", "properties": { "anos_com_queima": null, "area_ha": 1.3337089599260277, "inicio": 2011.0, "fim": 2015.0, "tipo": "unique", "id_feicao": "unique_2011_2015_81" }, "geometry": { "type": "Polygon", "coordinates": [ [ [ -44.994815950978605, -21.325915013469029 ], [ -44.994815950978605, -21.326992991809973 ], [ -44.99589392931955, -21.326992991809973 ], [ -44.99589392931955, -21.325915013469032 ], [ -44.994815950978605, -21.325915013469029 ] ] ] } },
{ "type": "Feature", "properties": { "anos_com_queima": null, "area_ha": 1.3337162017095834, "inicio": 2011.0, "fim": 2015.0, "tipo": "unique", "id_feicao": "unique_2011_2015_82" }, "geometry": { "type": "Polygon", "coordinates": [ [ [ -44.986192124251055, -21.325106529713324 ], [ -44.98511414591011, -21.325106529713324 ], [ -44.98511414591011, -21.326184508054265 ], [ -44.986192124251055, -21.326184508054268 ], [ -44.986192124251055, -21.325106529713324 ] ] ] } },
{ "type": "Feature", "properties": { "anos_com_queima": null, "area_ha": 1.6671735786579549, "inicio": 2011.0, "fim": 2015.0, "tipo": "unique", "id_feicao": "unique_2011_2015_83" }, "geometry": { "type": "Polygon", "coordinates": [ [ [ -44.995085445563838, -21.322411583860969 ], [ -44.994007467222893, -21.322411583860962 ], [ -44.994007467222893, -21.323759056787139 ], [ -44.995085445563838, -21.323759056787143 ], [ -44.995085445563838, -21.322411583860969 ] ] ] } },
{ "type": "Feature", "properties": { "anos_com_queima": null, "area_ha": 1.3337424446348101, "inicio": 2011.0, "fim": 2015.0, "tipo": "unique", "id_feicao": "unique_2011_2015_84" }, "geometry": { "type": "Polygon", "coordinates": [ [ [ -44.996971907660487, -21.322142089275722 ], [ -44.99589392931955, -21.322142089275726 ], [ -44.99589392931955, -21.323220067616667 ], [ -44.996971907660487, -21.323220067616667 ], [ -44.996971907660487, -21.322142089275722 ] ] ] } },
{ "type": "Feature", "properties": { "anos_com_queima": null, "area_ha": 1.6671780542794614, "inicio": 2011.0, "fim": 2015.0, "tipo": "unique", "id_feicao": "unique_2011_2015_85" }, "geometry": { "type": "Polygon", "coordinates": [ [ [ -45.003709272291395, -21.322142089275729 ], [ -45.002361799365211, -21.322142089275722 ], [ -45.002361799365211, -21.323220067616667 ], [ -45.003709272291395, -21.323220067616667 ], [ -45.003709272291395, -21.322142089275729 ] ] ] } },
{ "type": "Feature", "properties": { "anos_com_queima": null, "area_ha": 252.59202953091869, "inicio": 2011.0, "fim": 2015.0, "tipo": "unique", "id_feicao": "unique_2011_2015_86" }, "geometry": { "type": "Polygon", "coordinates": [ [ [ -45.010985626092754, -21.312709778792467 ], [ -45.011255120677994, -21.312709778792474 ], [ -45.011255120677994, -21.312979273377714 ], [ -45.011524615263227, -21.31297927337771 ], [ -45.011524615263227, -21.314865735474353 ], [ -45.015028044871293, -21.314865735474363 ], [ -45.015028044871293, -21.317291186741475 ], [ -45.013411077359876, -21.317291186741475 ], [ -45.013411077359876, -21.318638659667666 ], [ -45.013680571945116, -21.318638659667666 ], [ -45.013680571945116, -21.318908154252899 ], [ -45.014489055700821, -21.318908154252899 ], [ -45.014489055700821, -21.320794616349549 ], [ -45.015297539456526, -21.320794616349552 ], [ -45.015297539456526, -21.321064110934774 ], [ -45.015836528626998, -21.321064110934781 ], [ -45.015836528626998, -21.322142089275726 ], [ -45.011524615263227, -21.322142089275726 ], [ -45.011524615263227, -21.321333605520021 ], [ -45.011255120677994, -21.321333605520014 ], [ -45.011255120677994, -21.321064110934781 ], [ -45.00990764775181, -21.321064110934792 ], [ -45.00990764775181, -21.321333605520021 ], [ -45.009638153166577, -21.321333605520021 ], [ -45.009638153166577, -21.322681078446209 ], [ -45.008829669410872, -21.322681078446198 ], [ -45.008829669410872, -21.322950573031431 ], [ -45.007751691069927, -21.322950573031431 ], [ -45.007751691069927, -21.323759056787139 ], [ -45.004517756047093, -21.323759056787146 ], [ -45.004517756047093, -21.325376024298549 ], [ -45.002631293950451, -21.325376024298556 ], [ -45.002631293950451, -21.326992991809973 ], [ -44.999127864342377, -21.326992991809977 ], [ -44.999127864342377, -21.325645518883793 ], [ -44.999397358927617, -21.325645518883782 ], [ -44.999397358927617, -21.324837035128088 ], [ -44.999666853512849, -21.324837035128095 ], [ -44.999666853512849, -21.324028551372376 ], [ -45.000205842683322, -21.324028551372379 ], [ -45.000205842683322, -21.322950573031431 ], [ -45.001014326439034, -21.322950573031431 ], [ -45.001014326439034, -21.32187259469049 ], [ -45.001283821024266, -21.321872594690486 ], [ -45.001283821024266, -21.321603100105261 ], [ -45.001553315609506, -21.321603100105257 ], [ -45.001553315609506, -21.321333605520014 ], [ -45.001822810194739, -21.321333605520014 ], [ -45.001822810194739, -21.321064110934785 ], [ -45.003439777706149, -21.321064110934778 ], [ -45.003439777706149, -21.319986132593844 ], [ -45.002900788535676, -21.31998613259384 ], [ -45.002900788535676, -21.319716638008604 ], [ -45.001822810194739, -21.319716638008597 ], [ -45.001822810194739, -21.319447143423364 ], [ -45.000744831853794, -21.319447143423361 ], [ -45.000744831853794, -21.319716638008607 ], [ -44.999666853512849, -21.3197166380086 ], [ -44.999666853512849, -21.322681078446205 ], [ -44.999127864342377, -21.322681078446198 ], [ -44.999127864342377, -21.322950573031434 ], [ -44.998858369757144, -21.322950573031427 ], [ -44.998858369757144, -21.323489562201903 ], [ -44.998588875171905, -21.323489562201907 ], [ -44.998588875171905, -21.324028551372376 ], [ -44.998319380586672, -21.324028551372386 ], [ -44.998319380586672, -21.324567540542848 ], [ -44.998049886001432, -21.324567540542848 ], [ -44.998049886001432, -21.32510652971332 ], [ -44.9977803914162, -21.32510652971332 ], [ -44.9977803914162, -21.325915013469025 ], [ -44.99751089683096, -21.325915013469025 ], [ -44.99751089683096, -21.327531980980446 ], [ -44.997241402245727, -21.327531980980439 ], [ -44.997241402245727, -21.327801475565682 ], [ -44.996971907660487, -21.327801475565682 ], [ -44.996971907660487, -21.329418443077088 ], [ -44.999666853512849, -21.329418443077099 ], [ -44.999666853512849, -21.329687937662335 ], [ -45.001283821024266, -21.329687937662328 ], [ -45.001283821024266, -21.329957432247561 ], [ -45.001553315609506, -21.329957432247564 ], [ -45.001553315609506, -21.331574399758981 ], [ -45.001283821024266, -21.331574399758967 ], [ -45.001283821024266, -21.332652378099919 ], [ -45.002361799365211, -21.332652378099919 ], [ -45.002361799365119, -21.333758711369974 ], [ -45.002513, -21.333839 ], [ -45.002759, -21.333862 ], [ -45.002943, -21.333999999999893 ], [ -45.003177, -21.334091 ], [ -45.003397999999898, -21.334171 ], [ -45.003632, -21.33424 ], [ -45.003865, -21.334263 ], [ -45.003904908039935, -21.334269345831945 ], [ -45.003978766876621, -21.334269345611336 ], [ -45.003978766876621, -21.334281090199998 ], [ -45.004148, -21.334308 ], [ -45.004393999999898, -21.334387999999894 ], [ -45.004590999999898, -21.334515 ], [ -45.004849, -21.334606 ], [ -45.005082, -21.334698 ], [ -45.005291, -21.334801 ], [ -45.005365663545106, -21.334808338760698 ], [ -45.005553081726376, -21.334808339062985 ], [ -45.005733, -21.334708 ], [ -45.006016, -21.334673 ], [ -45.006249, -21.334661 ], [ -45.006507, -21.334626 ], [ -45.006814, -21.334522 ], [ -45.007047999999898, -21.334487 ], [ -45.007256, -21.334382999999896 ], [ -45.007502, -21.334336999999895 ], [ -45.007735, -21.334279 ], [ -45.007751691069927, -21.334273197538757 ], [ -45.007751691069927, -21.334269345611336 ], [ -45.007762771303923, -21.334269345619852 ], [ -45.007967999999899, -21.334198 ], [ -45.00819, -21.334278 ], [ -45.008325, -21.334485 ], [ -45.00851, -21.334703999999892 ], [ -45.008707, -21.334841 ], [ -45.008904, -21.335002 ], [ -45.009057867400855, -21.335077829428187 ], [ -45.009099163996105, -21.335077829367048 ], [ -45.009099163996098, -21.335098181311931 ], [ -45.009113, -21.335104999999896 ], [ -45.00958, -21.335197 ], [ -45.009825, -21.335196 ], [ -45.010096, -21.335265 ], [ -45.0101955, -21.335333299999903 ], [ -45.010329, -21.335425 ], [ -45.01044663692204, -21.335568210232832 ], [ -45.010446636922282, -21.332382883514683 ], [ -45.011794109848466, -21.332382883514683 ], [ -45.011794109848466, -21.331304905173749 ], [ -45.009368658581337, -21.331304905173742 ], [ -45.009368658581337, -21.330765916003276 ], [ -45.009099163996105, -21.330765916003276 ], [ -45.009099163996105, -21.33049642141804 ], [ -45.007751691069927, -21.330496421418033 ], [ -45.007751691069927, -21.331574399758978 ], [ -45.005326239802812, -21.331574399758978 ], [ -45.005326239802812, -21.329418443077092 ], [ -45.005595734388038, -21.329418443077092 ], [ -45.005595734388038, -21.327801475565682 ], [ -45.006673712728983, -21.327801475565682 ], [ -45.006673712728983, -21.326992991809977 ], [ -45.006943207314215, -21.326992991809973 ], [ -45.006943207314215, -21.326454002639501 ], [ -45.007212701899455, -21.326454002639505 ], [ -45.007212701899455, -21.326184508054265 ], [ -45.00802118565516, -21.326184508054261 ], [ -45.00802118565516, -21.325915013469029 ], [ -45.010177142337049, -21.325915013469022 ], [ -45.010177142337049, -21.328879453906623 ], [ -45.012872088189404, -21.328879453906623 ], [ -45.012872088189404, -21.32860995932138 ], [ -45.013411077359876, -21.328609959321387 ], [ -45.013411077359876, -21.328070970150918 ], [ -45.015836528626998, -21.328070970150918 ], [ -45.015836528626998, -21.328340464736147 ], [ -45.016375517797471, -21.328340464736144 ], [ -45.016375517797471, -21.32860995932139 ], [ -45.017722990723655, -21.328609959321387 ], [ -45.017722990723655, -21.329418443077099 ], [ -45.019339958235065, -21.329418443077095 ], [ -45.019339958235065, -21.329148948491856 ], [ -45.019609452820305, -21.329148948491852 ], [ -45.019609452820305, -21.327801475565682 ], [ -45.021226420331715, -21.327801475565678 ], [ -45.021226420331715, -21.326723497224737 ], [ -45.020956925746482, -21.326723497224737 ], [ -45.020956925746482, -21.326184508054261 ], [ -45.019878947405537, -21.326184508054265 ], [ -45.019878947405537, -21.324567540542848 ], [ -45.02041793657601, -21.324567540542851 ], [ -45.02041793657601, -21.324298045957612 ], [ -45.020687431161249, -21.324298045957612 ], [ -45.020687431161249, -21.322950573031427 ], [ -45.018800969064593, -21.322950573031427 ], [ -45.018800969064593, -21.322681078446198 ], [ -45.017184001553183, -21.322681078446202 ], [ -45.017184001553183, -21.320255627179069 ], [ -45.019878947405537, -21.320255627179076 ], [ -45.019878947405537, -21.318369165082427 ], [ -45.020687431161249, -21.318369165082427 ], [ -45.020687431161249, -21.317291186741471 ], [ -45.019609452820305, -21.317291186741482 ], [ -45.019609452820305, -21.317560681326718 ], [ -45.017184001553183, -21.317560681326714 ], [ -45.017184001553183, -21.316482702985777 ], [ -45.016375517797471, -21.31648270298578 ], [ -45.016375517797471, -21.314326746303887 ], [ -45.017992485308888, -21.314326746303877 ], [ -45.017992485308888, -21.31297927337771 ], [ -45.017184001553183, -21.312979273377703 ], [ -45.017184001553183, -21.312440284207231 ], [ -45.017453496138415, -21.312440284207245 ], [ -45.017453496138415, -21.311362305866293 ], [ -45.017184001553183, -21.311362305866297 ], [ -45.017184001553183, -21.310823316695821 ], [ -45.016914506967943, -21.310823316695821 ], [ -45.016914506967943, -21.310553822110581 ], [ -45.016375517797471, -21.310553822110581 ], [ -45.016375517797471, -21.308936854599171 ], [ -45.015567034041766, -21.308936854599171 ], [ -45.015567034041766, -21.308667360013935 ], [ -45.015297539456526, -21.308667360013928 ], [ -45.015297539456526, -21.308397865428692 ], [ -45.014219561115588, -21.308397865428702 ], [ -45.014219561115588, -21.308128370843455 ], [ -45.013141582774644, -21.308128370843463 ], [ -45.013141582774644, -21.310823316695817 ], [ -45.011794109848466, -21.310823316695817 ], [ -45.011794109848466, -21.310553822110577 ], [ -45.010446636922282, -21.310553822110592 ], [ -45.010446636922282, -21.312440284207245 ], [ -45.010985626092754, -21.312440284207234 ], [ -45.010985626092754, -21.312709778792467 ] ] ] } },
{ "type": "Feature", "properties": { "anos_com_queima": null, "area_ha": 2.0006244431555271, "inicio": 2011.0, "fim": 2015.0, "tipo": "unique", "id_feicao": "unique_2011_2015_87" }, "geometry": { "type": "Polygon", "coordinates": [ [ [ -45.006943207314215, -21.321333605520014 ], [ -45.005326239802812, -21.321333605520021 ], [ -45.005326239802812, -21.322411583860962 ], [ -45.006943207314215, -21.322411583860966 ], [ -45.006943207314215, -21.321333605520014 ] ] ] } },
{ "type": "Feature", "properties": { "anos_com_queima": null, "area_ha": 3.8345861751144752, "inicio": 2011.0, "fim": 2015.0, "tipo": "unique", "id_feicao": "unique_2011_2015_88" }, "geometry": { "type": "Polygon", "coordinates": [ [ [ -45.009368658581337, -21.318908154252895 ], [ -45.008829669410872, -21.318908154252892 ], [ -45.008829669410872, -21.318638659667663 ], [ -45.007751691069927, -21.318638659667666 ], [ -45.007751691069927, -21.320794616349541 ], [ -45.008829669410872, -21.320794616349545 ], [ -45.008829669410872, -21.320255627179069 ], [ -45.009638153166577, -21.320255627179076 ], [ -45.009638153166577, -21.319177648838128 ], [ -45.009368658581337, -21.319177648838131 ], [ -45.009368658581337, -21.318908154252895 ] ] ] } },
{ "type": "Feature", "properties": { "anos_com_queima": null, "area_ha": 1.6672318972949611, "inicio": 2011.0, "fim": 2015.0, "tipo": "unique", "id_feicao": "unique_2011_2015_89" }, "geometry": { "type": "Polygon", "coordinates": [ [ [ -45.008560174825632, -21.317291186741475 ], [ -45.008560174825632, -21.31836916508243 ], [ -45.00990764775181, -21.318369165082427 ], [ -45.00990764775181, -21.317291186741478 ], [ -45.008560174825632, -21.317291186741475 ] ] ] } },
{ "type": "Feature", "properties": { "anos_com_queima": null, "area_ha": 10.503976636578427, "inicio": 2011.0, "fim": 2015.0, "tipo": "unique", "id_feicao": "unique_2011_2015_90" }, "geometry": { "type": "Polygon", "coordinates": [ [ [ -44.990773532200066, -21.312170789621998 ], [ -44.990773532200066, -21.311092811281053 ], [ -44.989965048444361, -21.31109281128105 ], [ -44.989965048444361, -21.310823316695817 ], [ -44.989156564688649, -21.310823316695814 ], [ -44.989156564688649, -21.310284327525348 ], [ -44.987809091762472, -21.310284327525341 ], [ -44.987809091762472, -21.310553822110588 ], [ -44.987270102591999, -21.310553822110585 ], [ -44.987270102591999, -21.313248767962946 ], [ -44.989426059273889, -21.313248767962939 ], [ -44.989426059273889, -21.313518262548175 ], [ -44.990504037614834, -21.313518262548186 ], [ -44.990504037614834, -21.312170789621995 ], [ -44.990773532200066, -21.312170789621998 ] ] ] } },
{ "type": "Feature", "properties": { "anos_com_queima": null, "area_ha": 21.342579924191348, "inicio": 2011.0, "fim": 2015.0, "tipo": "unique", "id_feicao": "unique_2011_2015_91" }, "geometry": { "type": "Polygon", "coordinates": [ [ [ -45.013411077359876, -21.305702919576337 ], [ -45.015028044871293, -21.305702919576344 ], [ -45.015028044871293, -21.305433424991104 ], [ -45.017184001553183, -21.305433424991101 ], [ -45.017184001553183, -21.305163930405861 ], [ -45.018800969064593, -21.305163930405872 ], [ -45.018800969064593, -21.304085952064927 ], [ -45.01853147447936, -21.304085952064924 ], [ -45.01853147447936, -21.302468984553517 ], [ -45.017722990723655, -21.302468984553506 ], [ -45.017722990723655, -21.302199489968277 ], [ -45.017453496138415, -21.302199489968274 ], [ -45.017453496138415, -21.301929995383038 ], [ -45.016914506967943, -21.301929995383045 ], [ -45.016914506967943, -21.300043533286384 ], [ -45.015297539456526, -21.300043533286388 ], [ -45.015297539456526, -21.302199489968274 ], [ -45.015028044871293, -21.302199489968281 ], [ -45.015028044871293, -21.304624941235396 ], [ -45.011794109848466, -21.304624941235396 ], [ -45.011794109848466, -21.305972414161573 ], [ -45.013411077359876, -21.30597241416158 ], [ -45.013411077359876, -21.305702919576337 ] ] ] } },
{ "type": "Feature", "properties": { "anos_com_queima": null, "area_ha": 4.5022835341, "inicio": 2011.0, "fim": 2015.0, "tipo": "unique", "id_feicao": "unique_2011_2015_92" }, "geometry": { "type": "Polygon", "coordinates": [ [ [ -44.998858369757144, -21.29330616865548 ], [ -44.999127864342377, -21.293306168655487 ], [ -44.999127864342377, -21.29357566324073 ], [ -45.000205842683322, -21.293575663240738 ], [ -45.000205842683322, -21.292228190314539 ], [ -44.999666853512849, -21.292228190314543 ], [ -44.999666853512849, -21.291419706558848 ], [ -44.9977803914162, -21.291419706558838 ], [ -44.9977803914162, -21.292497684899779 ], [ -44.998049886001432, -21.292497684899775 ], [ -44.998049886001432, -21.292767179485018 ], [ -44.998319380586672, -21.292767179485018 ], [ -44.998319380586672, -21.293036674070247 ], [ -44.998858369757144, -21.293036674070255 ], [ -44.998858369757144, -21.29330616865548 ] ] ] } },
{ "type": "Feature", "properties": { "anos_com_queima": null, "area_ha": 1.3340602917142212, "inicio": 2011.0, "fim": 2015.0, "tipo": "unique", "id_feicao": "unique_2011_2015_93" }, "geometry": { "type": "Polygon", "coordinates": [ [ [ -44.998319380586672, -21.28629930943935 ], [ -44.997241402245727, -21.286299309439357 ], [ -44.997241402245727, -21.287377287780291 ], [ -44.998319380586672, -21.287377287780302 ], [ -44.998319380586672, -21.28629930943935 ] ] ] } },
{ "type": "Feature", "properties": { "anos_com_queima": null, "area_ha": 6.4207829561598597, "inicio": 2011.0, "fim": 2015.0, "tipo": "unique", "id_feicao": "unique_2011_2015_94" }, "geometry": { "type": "Polygon", "coordinates": [ [ [ -44.988348080932944, -21.273902558518511 ], [ -44.988887070103416, -21.273902558518508 ], [ -44.988887070103416, -21.27417205310374 ], [ -44.989965048444361, -21.27417205310374 ], [ -44.989965048444361, -21.273094074762799 ], [ -44.989426059273889, -21.273094074762803 ], [ -44.989426059273889, -21.272285591007087 ], [ -44.989156564688649, -21.272285591007094 ], [ -44.989156564688649, -21.270129634325212 ], [ -44.988078586347704, -21.270129634325208 ], [ -44.988078586347704, -21.272285591007094 ], [ -44.987539597177239, -21.27228559100709 ], [ -44.987539597177239, -21.273094074762806 ], [ -44.988078586347704, -21.273094074762806 ], [ -44.988078586347704, -21.273633063933271 ], [ -44.988348080932944, -21.273633063933268 ], [ -44.988348080932944, -21.273902558518511 ] ] ] } },
{ "type": "Feature", "properties": { "anos_com_queima": null, "area_ha": 0.91731039439290762, "inicio": 2011.0, "fim": 2015.0, "tipo": "unique", "id_feicao": "unique_2011_2015_95" }, "geometry": { "type": "Polygon", "coordinates": [ [ [ -44.977029308353039, -21.263661764279547 ], [ -44.978107286693984, -21.263661764279551 ], [ -44.978107286693984, -21.263122775109075 ], [ -44.977837792108744, -21.263122775109071 ], [ -44.977837792108744, -21.262853280523839 ], [ -44.977029308353039, -21.262853280523832 ], [ -44.977029308353039, -21.263661764279547 ] ] ] } },
{ "type": "Feature", "properties": { "anos_com_queima": null, "area_ha": 1.6679215018380433, "inicio": 2011.0, "fim": 2015.0, "tipo": "unique", "id_feicao": "unique_2011_2015_96" }, "geometry": { "type": "Polygon", "coordinates": [ [ [ -45.01826197989412, -21.255037937552007 ], [ -45.016914506967943, -21.255037937551997 ], [ -45.016914506967943, -21.256115915892945 ], [ -45.01826197989412, -21.256115915892941 ], [ -45.01826197989412, -21.255037937552007 ] ] ] } },
{ "type": "Feature", "properties": { "anos_com_queima": null, "area_ha": 0.75062150955628604, "inicio": 2011.0, "fim": 2015.0, "tipo": "unique", "id_feicao": "unique_2011_2015_97" }, "geometry": { "type": "Polygon", "coordinates": [ [ [ -44.9834971783987, -21.243719164972088 ], [ -44.982419200057755, -21.243719164972081 ], [ -44.982419200057755, -21.244258154142564 ], [ -44.982958189228228, -21.24425815414256 ], [ -44.982958189228228, -21.2445276487278 ], [ -44.98322768381346, -21.244527648727797 ], [ -44.98322768381346, -21.244258154142567 ], [ -44.9834971783987, -21.244258154142557 ], [ -44.9834971783987, -21.243719164972088 ] ] ] } },
{ "type": "Feature", "properties": { "anos_com_queima": null, "area_ha": 8.7577692620992806, "inicio": 2011.0, "fim": 2015.0, "tipo": "unique", "id_feicao": "unique_2011_2015_98" }, "geometry": { "type": "Polygon", "coordinates": [ [ [ -44.97487335167115, -21.234825843659305 ], [ -44.97487335167115, -21.236712305755958 ], [ -44.977029308353039, -21.236712305755955 ], [ -44.977029308353039, -21.236442811170722 ], [ -44.977298802938272, -21.236442811170729 ], [ -44.977298802938272, -21.235903822000246 ], [ -44.977837792108744, -21.23590382200025 ], [ -44.977837792108744, -21.235364832829777 ], [ -44.978107286693984, -21.235364832829781 ], [ -44.978107286693984, -21.235095338244548 ], [ -44.978376781279216, -21.235095338244538 ], [ -44.978376781279216, -21.234825843659312 ], [ -44.978646275864456, -21.234825843659316 ], [ -44.978646275864456, -21.233747865318364 ], [ -44.977029308353039, -21.233747865318374 ], [ -44.977029308353039, -21.234017359903607 ], [ -44.976759813767799, -21.234017359903604 ], [ -44.976759813767799, -21.234286854488843 ], [ -44.976220824597327, -21.23428685448884 ], [ -44.976220824597327, -21.234556349074079 ], [ -44.975951330012094, -21.234556349074072 ], [ -44.975951330012094, -21.234825843659308 ], [ -44.97487335167115, -21.234825843659305 ] ] ] } },
{ "type": "Feature", "properties": { "anos_com_queima": null, "area_ha": 2.0019474771755164, "inicio": 2011.0, "fim": 2015.0, "tipo": "unique", "id_feicao": "unique_2011_2015_99" }, "geometry": { "type": "Polygon", "coordinates": [ [ [ -44.989156564688649, -21.222968081908927 ], [ -44.989156564688649, -21.221890103568001 ], [ -44.988887070103416, -21.221890103567986 ], [ -44.988887070103416, -21.221620608982757 ], [ -44.987809091762472, -21.22162060898275 ], [ -44.987809091762472, -21.222968081908927 ], [ -44.989156564688649, -21.222968081908927 ] ] ] } },
{ "type": "Feature", "properties": { "anos_com_queima": null, "area_ha": 1.3346611246924847, "inicio": 2011.0, "fim": 2015.0, "tipo": "unique", "id_feicao": "unique_2011_2015_100" }, "geometry": { "type": "Polygon", "coordinates": [ [ [ -45.00478725063234, -21.218386673959927 ], [ -45.003709272291395, -21.21838667395992 ], [ -45.003709272291395, -21.219464652300861 ], [ -45.00478725063234, -21.219464652300868 ], [ -45.00478725063234, -21.218386673959927 ] ] ] } },
{ "type": "Feature", "properties": { "anos_com_queima": null, "area_ha": 8.3416572568900875, "inicio": 2011.0, "fim": 2015.0, "tipo": "unique", "id_feicao": "unique_2011_2015_101" }, "geometry": { "type": "Polygon", "coordinates": [ [ [ -44.988887070103416, -21.218386673959927 ], [ -44.988617575518177, -21.21838667395992 ], [ -44.988617575518177, -21.219464652300868 ], [ -44.988887070103416, -21.219464652300861 ], [ -44.988887070103416, -21.2197341468861 ], [ -44.989426059273889, -21.219734146886097 ], [ -44.989426059273889, -21.220003641471333 ], [ -44.989695553859121, -21.220003641471337 ], [ -44.989695553859121, -21.220273136056569 ], [ -44.989965048444361, -21.220273136056569 ], [ -44.989965048444361, -21.220542630641813 ], [ -44.991043026785299, -21.220542630641805 ], [ -44.991043026785299, -21.218117179374691 ], [ -44.992121005126243, -21.218117179374691 ], [ -44.992121005126243, -21.217847684789447 ], [ -44.992929488881956, -21.217847684789454 ], [ -44.992929488881956, -21.21676970644851 ], [ -44.992659994296716, -21.216769706448499 ], [ -44.992659994296716, -21.21650021186327 ], [ -44.991312521370538, -21.216500211863284 ], [ -44.991312521370538, -21.216769706448503 ], [ -44.990773532200066, -21.216769706448503 ], [ -44.990773532200066, -21.218925663130392 ], [ -44.989965048444361, -21.218925663130392 ], [ -44.989965048444361, -21.218117179374691 ], [ -44.988887070103416, -21.218117179374687 ], [ -44.988887070103416, -21.218386673959927 ] ] ] } },
{ "type": "Feature", "properties": { "anos_com_queima": null, "area_ha": 3.8372894749939443, "inicio": 2011.0, "fim": 2015.0, "tipo": "unique", "id_feicao": "unique_2011_2015_102" }, "geometry": { "type": "Polygon", "coordinates": [ [ [ -44.989695553859121, -21.212457793084727 ], [ -44.987809091762472, -21.212457793084731 ], [ -44.987809091762472, -21.214074760596144 ], [ -44.988078586347704, -21.214074760596148 ], [ -44.988078586347704, -21.214344255181377 ], [ -44.989156564688649, -21.214344255181384 ], [ -44.989156564688649, -21.214074760596148 ], [ -44.989695553859121, -21.214074760596144 ], [ -44.989695553859121, -21.212457793084727 ] ] ] } },
{ "type": "Feature", "properties": { "anos_com_queima": null, "area_ha": 18.970230723538251, "inicio": 2011.0, "fim": 2015.0, "tipo": "unique", "id_feicao": "unique_2011_2015_103" }, "geometry": { "type": "Polygon", "coordinates": [ [ [ -44.982419200057755, -21.202216998845774 ], [ -44.981880210887283, -21.202216998845778 ], [ -44.981880210887283, -21.20086952591959 ], [ -44.981387436767342, -21.200869526380018 ], [ -44.981298, -21.201049 ], [ -44.981162, -21.201336 ], [ -44.981062999999899, -21.201565 ], [ -44.980964, -21.201783 ], [ -44.98084, -21.202069999999896 ], [ -44.980802232548236, -21.202235457534503 ], [ -44.980802232546338, -21.203025482601479 ], [ -44.9804944629212, -21.203025482812105 ], [ -44.980406, -21.203184 ], [ -44.980263243376996, -21.203310221244056 ], [ -44.980263243375866, -21.204642450112896 ], [ -44.981880210887283, -21.204642450112885 ], [ -44.981880210887283, -21.204911944698132 ], [ -44.982149705472516, -21.204911944698132 ], [ -44.982149705472516, -21.205181439283368 ], [ -44.98322768381346, -21.205181439283361 ], [ -44.98322768381346, -21.204642450112893 ], [ -44.9834971783987, -21.204642450112889 ], [ -44.9834971783987, -21.204103460942424 ], [ -44.983766672983933, -21.204103460942427 ], [ -44.983766672983933, -21.203564471771951 ], [ -44.987000608006767, -21.203564471771951 ], [ -44.987000608006767, -21.202486493431007 ], [ -44.986731113421527, -21.20248649343101 ], [ -44.986731113421527, -21.200869525919593 ], [ -44.985653135080582, -21.200869525919593 ], [ -44.985653135080582, -21.201678009675291 ], [ -44.984305662154405, -21.201678009675298 ], [ -44.984305662154405, -21.20221699884577 ], [ -44.984036167569172, -21.202216998845774 ], [ -44.984036167569172, -21.201947504260531 ], [ -44.982419200057755, -21.201947504260531 ], [ -44.982419200057755, -21.202216998845774 ] ] ] } },
{ "type": "Feature", "properties": { "anos_com_queima": null, "area_ha": 4.3381590739153326, "inicio": 2011.0, "fim": 2015.0, "tipo": "unique", "id_feicao": "unique_2011_2015_104" }, "geometry": { "type": "Polygon", "coordinates": [ [ [ -45.00478725063234, -21.200330536749121 ], [ -45.003170283120923, -21.200330536749117 ], [ -45.003170283120923, -21.200600031334364 ], [ -45.002092304779978, -21.200600031334357 ], [ -45.002092304779978, -21.201947504260534 ], [ -45.003709272291395, -21.201947504260534 ], [ -45.003709272291395, -21.201678009675295 ], [ -45.00478725063234, -21.201678009675298 ], [ -45.00478725063234, -21.200330536749121 ] ] ] } },
{ "type": "Feature", "properties": { "anos_com_queima": null, "area_ha": 6.3403971154320988, "inicio": 2011.0, "fim": 2015.0, "tipo": "unique", "id_feicao": "unique_2011_2015_105" }, "geometry": { "type": "Polygon", "coordinates": [ [ [ -44.991312521370538, -21.201678009675298 ], [ -44.991851510541011, -21.201678009675298 ], [ -44.991851510541011, -21.201408515090062 ], [ -44.992659994296716, -21.201408515090062 ], [ -44.992659994296716, -21.201139020504826 ], [ -44.992929488881956, -21.201139020504826 ], [ -44.992929488881956, -21.2008695259196 ], [ -44.993198983467188, -21.200869525919597 ], [ -44.993198983467188, -21.199791547578648 ], [ -44.991043026785299, -21.199791547578652 ], [ -44.991043026785299, -21.200061042163888 ], [ -44.990234543029594, -21.200061042163881 ], [ -44.990234543029594, -21.200330536749114 ], [ -44.989965048444361, -21.200330536749117 ], [ -44.989965048444361, -21.201947504260534 ], [ -44.991312521370538, -21.201947504260534 ], [ -44.991312521370538, -21.201678009675298 ] ] ] } },
{ "type": "Feature", "properties": { "anos_com_queima": null, "area_ha": 160.18855865799665, "inicio": 2011.0, "fim": 2015.0, "tipo": "unique", "id_feicao": "unique_2011_2015_106" }, "geometry": { "type": "Polygon", "coordinates": [ [ [ -44.989965048444361, -21.186047323731625 ], [ -44.989965048444361, -21.18496934539068 ], [ -44.988887070103416, -21.184969345390677 ], [ -44.988887070103416, -21.186047323731618 ], [ -44.987539597177239, -21.186047323731618 ], [ -44.987539597177239, -21.189011764169216 ], [ -44.987000608006767, -21.189011764169209 ], [ -44.987000608006767, -21.189550753339681 ], [ -44.98538364049535, -21.189550753339681 ], [ -44.98538364049535, -21.192784688362512 ], [ -44.98511414591011, -21.192784688362515 ], [ -44.98511414591011, -21.194132161288692 ], [ -44.986731113421527, -21.194132161288696 ], [ -44.986731113421527, -21.194671150459161 ], [ -44.987539597177239, -21.194671150459172 ], [ -44.987539597177239, -21.19736609631153 ], [ -44.988887070103416, -21.197366096311519 ], [ -44.988887070103416, -21.197635590896759 ], [ -44.991582015955771, -21.197635590896763 ], [ -44.991582015955771, -21.195749128800109 ], [ -44.993737972637661, -21.195749128800106 ], [ -44.993737972637661, -21.196557612555814 ], [ -44.994546456393365, -21.196557612555814 ], [ -44.994546456393365, -21.197096601726287 ], [ -44.994815950978605, -21.19709660172629 ], [ -44.994815950978605, -21.197366096311526 ], [ -44.99589392931955, -21.197366096311523 ], [ -44.99589392931955, -21.196827107141051 ], [ -44.999936348098089, -21.196827107141047 ], [ -44.999936348098089, -21.196557612555821 ], [ -45.000744831853794, -21.196557612555811 ], [ -45.000744831853794, -21.194940645044394 ], [ -45.001014326439034, -21.194940645044394 ], [ -45.001014326439034, -21.193593172118224 ], [ -44.999936348098089, -21.193593172118224 ], [ -44.999936348098089, -21.193323677532987 ], [ -44.999397358927617, -21.193323677532987 ], [ -44.999397358927617, -21.189820247924914 ], [ -45.001014326439034, -21.189820247924931 ], [ -45.001014326439034, -21.189550753339685 ], [ -45.001283821024266, -21.189550753339685 ], [ -45.001283821024266, -21.189011764169209 ], [ -45.001553315609506, -21.189011764169209 ], [ -45.001553315609506, -21.18847277499875 ], [ -45.001822810194739, -21.188472774998743 ], [ -45.001822810194739, -21.186047323731621 ], [ -45.000744831853794, -21.186047323731618 ], [ -45.000744831853794, -21.186586312902083 ], [ -45.000205842683322, -21.186586312902083 ], [ -45.000205842683322, -21.186855807487326 ], [ -44.999936348098089, -21.186855807487319 ], [ -44.999936348098089, -21.187125302072555 ], [ -44.996702413075255, -21.187125302072563 ], [ -44.996702413075255, -21.186855807487326 ], [ -44.99562443473431, -21.186855807487326 ], [ -44.99562443473431, -21.18496934539068 ], [ -44.994007467222893, -21.184969345390677 ], [ -44.994007467222893, -21.185238839975913 ], [ -44.993737972637661, -21.185238839975916 ], [ -44.993737972637661, -21.185508334561145 ], [ -44.993198983467188, -21.185508334561145 ], [ -44.993198983467188, -21.185777829146389 ], [ -44.992659994296716, -21.185777829146385 ], [ -44.992659994296716, -21.186047323731625 ], [ -44.989965048444361, -21.186047323731625 ] ], [ [ -44.993198983467188, -21.193323677532998 ], [ -44.993198983467188, -21.195479634214873 ], [ -44.991043026785299, -21.195479634214877 ], [ -44.991043026785299, -21.193323677532991 ], [ -44.993198983467188, -21.193323677532998 ] ], [ [ -44.99562443473431, -21.189550753339688 ], [ -44.99562443473431, -21.193054182947755 ], [ -44.993468478052428, -21.193054182947744 ], [ -44.993468478052428, -21.189550753339681 ], [ -44.99562443473431, -21.189550753339688 ] ] ] } },
{ "type": "Feature", "properties": { "anos_com_queima": null, "area_ha": 4.7559773569372803, "inicio": 2011.0, "fim": 2015.0, "tipo": "unique", "id_feicao": "unique_2011_2015_107" }, "geometry": { "type": "Polygon", "coordinates": [ [ [ -44.996971907660487, -21.178501475345016 ], [ -44.996971907660487, -21.179848948271196 ], [ -44.999127864342377, -21.179848948271193 ], [ -44.999127864342377, -21.180118442856433 ], [ -45.000205842683322, -21.180118442856433 ], [ -45.000205842683322, -21.178770969930255 ], [ -44.998319380586672, -21.178770969930252 ], [ -44.998319380586672, -21.178501475345016 ], [ -44.996971907660487, -21.178501475345016 ] ] ] } },
{ "type": "Feature", "properties": { "anos_com_queima": null, "area_ha": 9.1782972895679347, "inicio": 2011.0, "fim": 2015.0, "tipo": "unique", "id_feicao": "unique_2011_2015_108" }, "geometry": { "type": "Polygon", "coordinates": [ [ [ -45.015297539456526, -21.178231980759779 ], [ -45.015297539456526, -21.176884507833599 ], [ -45.013141582774644, -21.176884507833599 ], [ -45.013141582774644, -21.175806529492661 ], [ -45.012063604433699, -21.175806529492657 ], [ -45.012063604433699, -21.177692991589307 ], [ -45.011255120677994, -21.177692991589307 ], [ -45.011255120677994, -21.179040464515488 ], [ -45.011524615263227, -21.179040464515488 ], [ -45.011524615263227, -21.17957945368596 ], [ -45.012872088189404, -21.179579453685953 ], [ -45.012872088189404, -21.178231980759776 ], [ -45.015297539456526, -21.178231980759779 ] ] ] } },
{ "type": "Feature", "properties": { "anos_com_queima": null, "area_ha": 5.8408050131432709, "inicio": 2011.0, "fim": 2015.0, "tipo": "unique", "id_feicao": "unique_2011_2015_109" }, "geometry": { "type": "Polygon", "coordinates": [ [ [ -45.000744831853794, -21.174998045736949 ], [ -44.999127864342377, -21.174998045736945 ], [ -44.999127864342377, -21.175267540322182 ], [ -44.9977803914162, -21.175267540322189 ], [ -44.9977803914162, -21.176884507833595 ], [ -45.000205842683322, -21.176884507833599 ], [ -45.000205842683322, -21.176615013248366 ], [ -45.000744831853794, -21.176615013248366 ], [ -45.000744831853794, -21.174998045736949 ] ] ] } },
{ "type": "Feature", "properties": { "anos_com_queima": null, "area_ha": 7.488910880561173, "inicio": 2011.0, "fim": 2015.0, "tipo": "unique", "id_feicao": "unique_2011_2015_110" }, "geometry": { "type": "Polygon", "coordinates": [ [ [ -44.98538364049535, -21.16367927315704 ], [ -44.988078586347704, -21.163679273157037 ], [ -44.988078586347704, -21.162601294816096 ], [ -44.987809091762472, -21.162601294816092 ], [ -44.987809091762472, -21.161792811060394 ], [ -44.984844651324877, -21.161792811060391 ], [ -44.984844651324877, -21.160714832719446 ], [ -44.984575156739645, -21.160714832719446 ], [ -44.984575156739645, -21.16044533813422 ], [ -44.984499706739143, -21.160445338177482 ], [ -44.984385, -21.160647 ], [ -44.9842, -21.160968 ], [ -44.984016, -21.161117 ], [ -44.983659, -21.161275999999894 ], [ -44.983497178399375, -21.161382074491051 ], [ -44.9834971783987, -21.16206230564563 ], [ -44.98538364049535, -21.16206230564562 ], [ -44.98538364049535, -21.16367927315704 ] ] ] } },
{ "type": "Feature", "properties": { "anos_com_queima": null, "area_ha": 4.089343497509323, "inicio": 2011.0, "fim": 2015.0, "tipo": "unique", "id_feicao": "unique_2011_2015_111" }, "geometry": { "type": "Polygon", "coordinates": [ [ [ -44.995354940149078, -21.146431619701954 ], [ -44.995085445563838, -21.146431619701946 ], [ -44.995085445563838, -21.146162125116717 ], [ -44.994815950978605, -21.14616212511671 ], [ -44.994815950978605, -21.145892630531481 ], [ -44.994007467222893, -21.145892630531471 ], [ -44.994007467222893, -21.146162125116717 ], [ -44.993737972637661, -21.14616212511671 ], [ -44.993737972637661, -21.148048587213363 ], [ -44.99562443473431, -21.148048587213367 ], [ -44.99562443473431, -21.146701114287183 ], [ -44.995354940149078, -21.146701114287175 ], [ -44.995354940149078, -21.146431619701954 ] ] ] } },
{ "type": "Feature", "properties": { "anos_com_queima": null, "area_ha": 0.42592525640241802, "inicio": 2011.0, "fim": 2015.0, "tipo": "unique", "id_feicao": "unique_2011_2015_112" }, "geometry": { "type": "Polygon", "coordinates": [ [ [ -44.958164687386528, -21.345049129020769 ], [ -44.957011582282021, -21.345049129687727 ], [ -44.957053, -21.345091 ], [ -44.957262, -21.345229 ], [ -44.957532, -21.345345 ], [ -44.957814, -21.345483 ], [ -44.958035, -21.345587 ], [ -44.958164687387359, -21.345631076845144 ], [ -44.958164687386528, -21.345049129020769 ] ] ] } },
{ "type": "Feature", "properties": { "anos_com_queima": null, "area_ha": 0.0036317722025811633, "inicio": 2011.0, "fim": 2015.0, "tipo": "unique", "id_feicao": "unique_2011_2015_113" }, "geometry": { "type": "Polygon", "coordinates": [ [ [ -44.96059013865365, -21.344779634435536 ], [ -44.960590138653743, -21.344872209803235 ], [ -44.960658508557202, -21.344779634476456 ], [ -44.96059013865365, -21.344779634435536 ] ] ] } },
{ "type": "Feature", "properties": { "anos_com_queima": null, "area_ha": 0.0092042602288478527, "inicio": 2011.0, "fim": 2015.0, "tipo": "unique", "id_feicao": "unique_2011_2015_114" }, "geometry": { "type": "Polygon", "coordinates": [ [ [ -44.92555584257299, -21.343701656094598 ], [ -44.92528634798775, -21.343701656094602 ], [ -44.925286347987871, -21.343747824330311 ], [ -44.925344, -21.343739 ], [ -44.925555842573033, -21.343717305356197 ], [ -44.92555584257299, -21.343701656094598 ] ] ] } },
{ "type": "Feature", "properties": { "anos_com_queima": null, "area_ha": 30.72462336916551, "inicio": 2011.0, "fim": 2015.0, "tipo": "unique", "id_feicao": "unique_2011_2015_115" }, "geometry": { "type": "Polygon", "coordinates": [ [ [ -44.960320644068418, -21.341815193997942 ], [ -44.96059013865365, -21.341815193997935 ], [ -44.96059013865365, -21.342084688583178 ], [ -44.960859633238883, -21.342084688583181 ], [ -44.960859633239657, -21.344454862182598 ], [ -44.960873, -21.344430999999897 ], [ -44.961033, -21.344236 ], [ -44.961267, -21.344121 ], [ -44.961512, -21.344086999999895 ], [ -44.961745, -21.344110999999891 ], [ -44.962053, -21.344054 ], [ -44.962298, -21.344065999999891 ], [ -44.962531, -21.34417 ], [ -44.962727, -21.344377 ], [ -44.962886, -21.344538 ], [ -44.963033, -21.344711 ], [ -44.963217, -21.344963999999894 ], [ -44.963425, -21.345206 ], [ -44.963609, -21.345345 ], [ -44.96383, -21.345541 ], [ -44.964038, -21.345736999999897 ], [ -44.964246, -21.345875 ], [ -44.964467, -21.346002 ], [ -44.964761, -21.346186999999894 ], [ -44.965019, -21.346325 ], [ -44.965148944141774, -21.346396601981688 ], [ -44.965171546602662, -21.34639660194695 ], [ -44.965171546602683, -21.34640905640023 ], [ -44.965313, -21.346487 ], [ -44.965522, -21.346602 ], [ -44.965778999999898, -21.346718 ], [ -44.966061, -21.346799 ], [ -44.96638, -21.346834 ], [ -44.966675, -21.346834 ], [ -44.967007, -21.346812 ], [ -44.967644999999898, -21.346812999999898 ], [ -44.967903, -21.346802 ], [ -44.968135987040341, -21.346802000009031 ], [ -44.968135987040256, -21.346666096532182 ], [ -44.968405481625489, -21.346666096532186 ], [ -44.968405481625489, -21.345588118191248 ], [ -44.967596997869784, -21.345588118191241 ], [ -44.967596997869784, -21.345318623606005 ], [ -44.967327503284544, -21.345318623606005 ], [ -44.967327503284544, -21.345049129020776 ], [ -44.965441041187894, -21.345049129020776 ], [ -44.965441041187894, -21.341815193997945 ], [ -44.966249524943606, -21.341815193997938 ], [ -44.966249524943606, -21.340467721071757 ], [ -44.964632557432189, -21.340467721071764 ], [ -44.964632557432189, -21.340737215657004 ], [ -44.9624766007503, -21.340737215656997 ], [ -44.9624766007503, -21.340467721071761 ], [ -44.96059013865365, -21.340467721071757 ], [ -44.96059013865365, -21.340737215656997 ], [ -44.960320644068418, -21.340737215657001 ], [ -44.960320644068418, -21.341815193997942 ] ] ] } },
{ "type": "Feature", "properties": { "anos_com_queima": null, "area_ha": 3.917812171373269, "inicio": 2011.0, "fim": 2015.0, "tipo": "unique", "id_feicao": "unique_2011_2015_116" }, "geometry": { "type": "Polygon", "coordinates": [ [ [ -44.945498441880446, -21.324298045957615 ], [ -44.945498441880446, -21.324028551372379 ], [ -44.943881474369029, -21.324028551372376 ], [ -44.943881474369029, -21.325376024298553 ], [ -44.944689958124734, -21.32537602429856 ], [ -44.944689958124734, -21.325915013469029 ], [ -44.945767936465678, -21.325915013469029 ], [ -44.945767936465678, -21.325645518883793 ], [ -44.946037431050911, -21.325645518883793 ], [ -44.946037431050911, -21.324298045957612 ], [ -44.945498441880446, -21.324298045957615 ] ] ] } },
{ "type": "Feature", "properties": { "anos_com_queima": null, "area_ha": 3.5844928217411276, "inicio": 2011.0, "fim": 2015.0, "tipo": "unique", "id_feicao": "unique_2011_2015_117" }, "geometry": { "type": "Polygon", "coordinates": [ [ [ -44.960320644068418, -21.320794616349545 ], [ -44.960320644068418, -21.319177648838135 ], [ -44.958973171142233, -21.319177648838131 ], [ -44.958973171142233, -21.319447143423364 ], [ -44.958703676557001, -21.319447143423368 ], [ -44.958703676557001, -21.320794616349541 ], [ -44.958973171142233, -21.320794616349541 ], [ -44.958973171142233, -21.321333605520014 ], [ -44.960051149483178, -21.321333605520014 ], [ -44.960051149483178, -21.320794616349541 ], [ -44.960320644068418, -21.320794616349545 ] ] ] } },
{ "type": "Feature", "properties": { "anos_com_queima": null, "area_ha": 2.0007861063215882, "inicio": 2011.0, "fim": 2015.0, "tipo": "unique", "id_feicao": "unique_2011_2015_118" }, "geometry": { "type": "Polygon", "coordinates": [ [ [ -44.931484723448179, -21.310284327525345 ], [ -44.931754218033412, -21.310284327525338 ], [ -44.931754218033412, -21.310553822110592 ], [ -44.932832196374356, -21.310553822110585 ], [ -44.932832196374356, -21.3092063491844 ], [ -44.931484723448179, -21.309206349184404 ], [ -44.931484723448179, -21.310284327525345 ] ] ] } },
{ "type": "Feature", "properties": { "anos_com_queima": null, "area_ha": 1.3338606563147157, "inicio": 2011.0, "fim": 2015.0, "tipo": "unique", "id_feicao": "unique_2011_2015_119" }, "geometry": { "type": "Polygon", "coordinates": [ [ [ -44.946037431050911, -21.308936854599171 ], [ -44.944959452709973, -21.308936854599168 ], [ -44.944959452709973, -21.310014832940116 ], [ -44.946037431050911, -21.310014832940109 ], [ -44.946037431050911, -21.308936854599171 ] ] ] } },
{ "type": "Feature", "properties": { "anos_com_queima": null, "area_ha": 2.4177516311891378, "inicio": 2011.0, "fim": 2015.0, "tipo": "unique", "id_feicao": "unique_2011_2015_120" }, "geometry": { "type": "Polygon", "coordinates": [ [ [ -44.951966311926107, -21.301929995383034 ], [ -44.952235806511339, -21.301929995383038 ], [ -44.952235806511339, -21.302199489968277 ], [ -44.953313784852284, -21.302199489968274 ], [ -44.953313784852284, -21.300582522456857 ], [ -44.951966311926107, -21.30058252245686 ], [ -44.951966311926107, -21.301929995383034 ] ] ] } },
{ "type": "Feature", "properties": { "anos_com_queima": null, "area_ha": 1.6674299762938172, "inicio": 2011.0, "fim": 2015.0, "tipo": "unique", "id_feicao": "unique_2011_2015_121" }, "geometry": { "type": "Polygon", "coordinates": [ [ [ -44.955200246948941, -21.299504544115912 ], [ -44.953852774022756, -21.299504544115912 ], [ -44.953852774022756, -21.300582522456857 ], [ -44.955200246948941, -21.300582522456864 ], [ -44.955200246948941, -21.299504544115912 ] ] ] } },
{ "type": "Feature", "properties": { "anos_com_queima": null, "area_ha": 1.3339597684808076, "inicio": 2011.0, "fim": 2015.0, "tipo": "unique", "id_feicao": "unique_2011_2015_122" }, "geometry": { "type": "Polygon", "coordinates": [ [ [ -44.922052412964923, -21.297887576604499 ], [ -44.920974434623979, -21.297887576604499 ], [ -44.920974434623979, -21.29896555494544 ], [ -44.922052412964923, -21.29896555494544 ], [ -44.922052412964923, -21.297887576604499 ] ] ] } },
{ "type": "Feature", "properties": { "anos_com_queima": null, "area_ha": 1.3339625489853322, "inicio": 2011.0, "fim": 2015.0, "tipo": "unique", "id_feicao": "unique_2011_2015_123" }, "geometry": { "type": "Polygon", "coordinates": [ [ [ -44.91531504833403, -21.297618082019266 ], [ -44.914237069993085, -21.297618082019259 ], [ -44.914237069993085, -21.298696060360211 ], [ -44.91531504833403, -21.298696060360207 ], [ -44.91531504833403, -21.297618082019266 ] ] ] } },
{ "type": "Feature", "properties": { "anos_com_queima": null, "area_ha": 11.83926005807016, "inicio": 2011.0, "fim": 2015.0, "tipo": "unique", "id_feicao": "unique_2011_2015_124" }, "geometry": { "type": "Polygon", "coordinates": [ [ [ -44.957895192801288, -21.294653641581668 ], [ -44.959512160312705, -21.294653641581672 ], [ -44.959512160312705, -21.294384146996435 ], [ -44.961129127824123, -21.294384146996432 ], [ -44.961129127824123, -21.29357566324073 ], [ -44.961937611579827, -21.293575663240723 ], [ -44.961937611579827, -21.292497684899779 ], [ -44.96059013865365, -21.292497684899782 ], [ -44.96059013865365, -21.292767179485015 ], [ -44.956547719875111, -21.292767179485015 ], [ -44.956547719875111, -21.292228190314546 ], [ -44.956008730704639, -21.292228190314543 ], [ -44.956008730704639, -21.291689201144074 ], [ -44.955739236119413, -21.29168920114407 ], [ -44.955739236119413, -21.291419706558838 ], [ -44.954661257778469, -21.291419706558841 ], [ -44.954661257778469, -21.292767179485026 ], [ -44.955469741534166, -21.292767179485022 ], [ -44.955469741534166, -21.293306168655491 ], [ -44.957625698216056, -21.293306168655487 ], [ -44.957625698216056, -21.294384146996432 ], [ -44.957895192801288, -21.294384146996432 ], [ -44.957895192801288, -21.294653641581668 ] ] ] } },
{ "type": "Feature", "properties": { "anos_com_queima": null, "area_ha": 5.586177273217146, "inicio": 2011.0, "fim": 2015.0, "tipo": "unique", "id_feicao": "unique_2011_2015_125" }, "geometry": { "type": "Polygon", "coordinates": [ [ [ -44.886479127713791, -21.293845157825963 ], [ -44.886479127713791, -21.293575663240734 ], [ -44.886748622299024, -21.293575663240723 ], [ -44.886748622299024, -21.292497684899779 ], [ -44.886479127713791, -21.292497684899782 ], [ -44.886479127713791, -21.292228190314543 ], [ -44.886209633128551, -21.292228190314539 ], [ -44.886209633128551, -21.291958695729306 ], [ -44.885131654787614, -21.291958695729306 ], [ -44.885131654787614, -21.291689201144067 ], [ -44.883784181861429, -21.291689201144081 ], [ -44.883784181861429, -21.293036674070244 ], [ -44.884053676446669, -21.293036674070251 ], [ -44.884053676446669, -21.293306168655487 ], [ -44.884862160202374, -21.293306168655484 ], [ -44.884862160202374, -21.29357566324072 ], [ -44.885401149372846, -21.29357566324072 ], [ -44.885401149372846, -21.293845157825956 ], [ -44.886479127713791, -21.293845157825963 ] ] ] } },
{ "type": "Feature", "properties": { "anos_com_queima": null, "area_ha": 1.6675524546538711, "inicio": 2011.0, "fim": 2015.0, "tipo": "unique", "id_feicao": "unique_2011_2015_126" }, "geometry": { "type": "Polygon", "coordinates": [ [ [ -44.952505301096579, -21.288455266121247 ], [ -44.952505301096579, -21.289533244462184 ], [ -44.953852774022756, -21.289533244462191 ], [ -44.953852774022756, -21.288455266121247 ], [ -44.952505301096579, -21.288455266121247 ] ] ] } },
{ "type": "Feature", "properties": { "anos_com_queima": null, "area_ha": 1.6675631554875523, "inicio": 2011.0, "fim": 2015.0, "tipo": "unique", "id_feicao": "unique_2011_2015_127" }, "geometry": { "type": "Polygon", "coordinates": [ [ [ -44.887287611469496, -21.287916276950767 ], [ -44.885940138543319, -21.287916276950774 ], [ -44.885940138543319, -21.288994255291708 ], [ -44.887287611469496, -21.288994255291712 ], [ -44.887287611469496, -21.287916276950767 ] ] ] } },
{ "type": "Feature", "properties": { "anos_com_queima": null, "area_ha": 1.3340493224162608, "inicio": 2011.0, "fim": 2015.0, "tipo": "unique", "id_feicao": "unique_2011_2015_128" }, "geometry": { "type": "Polygon", "coordinates": [ [ [ -44.9481933877328, -21.287646782365542 ], [ -44.947115409391856, -21.287646782365545 ], [ -44.947115409391856, -21.288724760706479 ], [ -44.9481933877328, -21.288724760706479 ], [ -44.9481933877328, -21.287646782365542 ] ] ] } },
{ "type": "Feature", "properties": { "anos_com_queima": null, "area_ha": 1.6676057687252759, "inicio": 2011.0, "fim": 2015.0, "tipo": "unique", "id_feicao": "unique_2011_2015_129" }, "geometry": { "type": "Polygon", "coordinates": [ [ [ -44.965171546602662, -21.283604363586996 ], [ -44.963824073676477, -21.283604363587003 ], [ -44.963824073676477, -21.28468234192794 ], [ -44.965171546602662, -21.284682341927944 ], [ -44.965171546602662, -21.283604363586996 ] ] ] } },
{ "type": "Feature", "properties": { "anos_com_queima": null, "area_ha": 13.841303244621214, "inicio": 2011.0, "fim": 2015.0, "tipo": "unique", "id_feicao": "unique_2011_2015_130" }, "geometry": { "type": "Polygon", "coordinates": [ [ [ -44.93956956100525, -21.283065374416527 ], [ -44.93983905559049, -21.28306537441653 ], [ -44.93983905559049, -21.283604363586999 ], [ -44.940108550175722, -21.283604363586996 ], [ -44.940108550175722, -21.283873858172235 ], [ -44.942264506857612, -21.283873858172239 ], [ -44.942264506857612, -21.283604363587003 ], [ -44.942534001442844, -21.283604363586999 ], [ -44.942534001442844, -21.283334869001763 ], [ -44.943072990613317, -21.283334869001767 ], [ -44.943072990613317, -21.282256890660818 ], [ -44.942803496028084, -21.282256890660822 ], [ -44.942803496028084, -21.281987396075582 ], [ -44.942534001442844, -21.281987396075579 ], [ -44.942534001442844, -21.281717901490342 ], [ -44.942264506857612, -21.281717901490339 ], [ -44.942264506857612, -21.281448406905117 ], [ -44.941995012272379, -21.281448406905117 ], [ -44.941995012272379, -21.281178912319881 ], [ -44.940108550175722, -21.28117891231987 ], [ -44.940108550175722, -21.280909417734637 ], [ -44.9376830989086, -21.280909417734637 ], [ -44.9376830989086, -21.281178912319881 ], [ -44.937413604323368, -21.281178912319874 ], [ -44.937413604323368, -21.282526385246058 ], [ -44.93795259349384, -21.282526385246054 ], [ -44.93795259349384, -21.282795879831287 ], [ -44.93956956100525, -21.282795879831287 ], [ -44.93956956100525, -21.283065374416527 ] ] ] } },
{ "type": "Feature", "properties": { "anos_com_queima": null, "area_ha": 1.3341402583397926, "inicio": 2011.0, "fim": 2015.0, "tipo": "unique", "id_feicao": "unique_2011_2015_131" }, "geometry": { "type": "Polygon", "coordinates": [ [ [ -44.942803496028084, -21.277405988126574 ], [ -44.941725517687139, -21.277405988126574 ], [ -44.941725517687139, -21.278483966467519 ], [ -44.942803496028084, -21.278483966467519 ], [ -44.942803496028084, -21.277405988126574 ] ] ] } },
{ "type": "Feature", "properties": { "anos_com_queima": null, "area_ha": 5.2532651774574068, "inicio": 2011.0, "fim": 2015.0, "tipo": "unique", "id_feicao": "unique_2011_2015_132" }, "geometry": { "type": "Polygon", "coordinates": [ [ [ -44.920435445453506, -21.276866998956102 ], [ -44.921513423794451, -21.276866998956102 ], [ -44.921513423794451, -21.276597504370869 ], [ -44.921782918379684, -21.276597504370869 ], [ -44.921782918379684, -21.276058515200393 ], [ -44.923938875061573, -21.276058515200393 ], [ -44.923938875061573, -21.27417205310374 ], [ -44.922860896720628, -21.274172053103751 ], [ -44.922860896720628, -21.274441547688976 ], [ -44.922591402135396, -21.274441547688987 ], [ -44.922591402135396, -21.275519526029928 ], [ -44.920704940038746, -21.275519526029925 ], [ -44.920704940038746, -21.275789020615164 ], [ -44.920435445453506, -21.275789020615161 ], [ -44.920435445453506, -21.276866998956102 ] ] ] } },
{ "type": "Feature", "properties": { "anos_com_queima": null, "area_ha": 7.0045572027634826, "inicio": 2011.0, "fim": 2015.0, "tipo": "unique", "id_feicao": "unique_2011_2015_133" }, "geometry": { "type": "Polygon", "coordinates": [ [ [ -44.948732376903273, -21.271207612666149 ], [ -44.949271366073745, -21.271207612666146 ], [ -44.949271366073745, -21.269860139739961 ], [ -44.9481933877328, -21.269860139739972 ], [ -44.9481933877328, -21.270129634325208 ], [ -44.945498441880446, -21.270129634325208 ], [ -44.945498441880446, -21.271477107251382 ], [ -44.947654398562328, -21.271477107251389 ], [ -44.947654398562328, -21.272285591007094 ], [ -44.948732376903273, -21.272285591007098 ], [ -44.948732376903273, -21.271207612666149 ] ] ] } },
{ "type": "Feature", "properties": { "anos_com_queima": null, "area_ha": 1.6677682987947851, "inicio": 2011.0, "fim": 2015.0, "tipo": "unique", "id_feicao": "unique_2011_2015_134" }, "geometry": { "type": "Polygon", "coordinates": [ [ [ -44.932562701789124, -21.269051655984256 ], [ -44.932562701789124, -21.270129634325212 ], [ -44.933910174715301, -21.270129634325212 ], [ -44.933910174715301, -21.269051655984271 ], [ -44.932562701789124, -21.269051655984256 ] ] ] } },
{ "type": "Feature", "properties": { "anos_com_queima": null, "area_ha": 2.8352994999218906, "inicio": 2011.0, "fim": 2015.0, "tipo": "unique", "id_feicao": "unique_2011_2015_135" }, "geometry": { "type": "Polygon", "coordinates": [ [ [ -44.966249524943606, -21.264739742620485 ], [ -44.966249524943606, -21.265278731790957 ], [ -44.967596997869784, -21.265278731790961 ], [ -44.967596997869784, -21.263661764279547 ], [ -44.965980030358367, -21.263661764279551 ], [ -44.965980030358367, -21.264739742620492 ], [ -44.966249524943606, -21.264739742620485 ] ] ] } },
{ "type": "Feature", "properties": { "anos_com_queima": null, "area_ha": 8.2561250582121311, "inicio": 2011.0, "fim": 2015.0, "tipo": "unique", "id_feicao": "unique_2011_2015_136" }, "geometry": { "type": "Polygon", "coordinates": [ [ [ -44.927442304669647, -21.2588108617453 ], [ -44.927711799254872, -21.258810861745296 ], [ -44.927711799254872, -21.258541367160063 ], [ -44.927981293840119, -21.25854136716007 ], [ -44.927981293840119, -21.258271872574824 ], [ -44.928250788425345, -21.258271872574824 ], [ -44.928250788425345, -21.257193894233883 ], [ -44.930137250522009, -21.257193894233883 ], [ -44.930137250522009, -21.255846421307705 ], [ -44.927981293840119, -21.255846421307705 ], [ -44.927981293840119, -21.256654905063414 ], [ -44.926094831743463, -21.25665490506341 ], [ -44.926094831743463, -21.257732883404362 ], [ -44.926364326328695, -21.257732883404358 ], [ -44.926364326328695, -21.259080356330529 ], [ -44.927442304669647, -21.259080356330536 ], [ -44.927442304669647, -21.2588108617453 ] ] ] } },
{ "type": "Feature", "properties": { "anos_com_queima": null, "area_ha": 7.005400483329594, "inicio": 2011.0, "fim": 2015.0, "tipo": "unique", "id_feicao": "unique_2011_2015_137" }, "geometry": { "type": "Polygon", "coordinates": [ [ [ -44.963824073676477, -21.252612486284864 ], [ -44.963554579091245, -21.252612486284882 ], [ -44.963554579091245, -21.252342991699646 ], [ -44.96274609533554, -21.252342991699642 ], [ -44.96274609533554, -21.251804002529159 ], [ -44.961129127824123, -21.251804002529163 ], [ -44.961129127824123, -21.252073497114406 ], [ -44.960320644068418, -21.252073497114406 ], [ -44.960320644068418, -21.253959959211056 ], [ -44.961668116994595, -21.253959959211056 ], [ -44.961668116994595, -21.253690464625823 ], [ -44.963824073676477, -21.253690464625823 ], [ -44.963824073676477, -21.252612486284864 ] ] ] } },
{ "type": "Feature", "properties": { "anos_com_queima": null, "area_ha": 4.253296260577347, "inicio": 2011.0, "fim": 2015.0, "tipo": "unique", "id_feicao": "unique_2011_2015_138" }, "geometry": { "type": "Polygon", "coordinates": [ [ [ -44.92528634798775, -21.251804002529166 ], [ -44.924208369646813, -21.25180400252917 ], [ -44.924208369646813, -21.253420970040587 ], [ -44.926903315499167, -21.253420970040576 ], [ -44.926903315499167, -21.252342991699638 ], [ -44.926094831743463, -21.252342991699638 ], [ -44.926094831743463, -21.252073497114406 ], [ -44.92528634798775, -21.252073497114406 ], [ -44.92528634798775, -21.251804002529166 ] ] ] } },
{ "type": "Feature", "properties": { "anos_com_queima": null, "area_ha": 15.429603707178641, "inicio": 2011.0, "fim": 2015.0, "tipo": "unique", "id_feicao": "unique_2011_2015_139" }, "geometry": { "type": "Polygon", "coordinates": [ [ [ -44.932023712618651, -21.24425815414256 ], [ -44.932023712618651, -21.245336132483512 ], [ -44.933101690959596, -21.245336132483505 ], [ -44.933101690959596, -21.243719164972084 ], [ -44.933371185544829, -21.243719164972092 ], [ -44.933371185544829, -21.245066637898265 ], [ -44.934449163885773, -21.245066637898272 ], [ -44.934449163885773, -21.244258154142557 ], [ -44.935257647641478, -21.244258154142564 ], [ -44.935257647641478, -21.243449670386859 ], [ -44.935527142226718, -21.243449670386859 ], [ -44.935527142226718, -21.242371692045911 ], [ -44.934718658471006, -21.242371692045911 ], [ -44.934718658471006, -21.240754724534494 ], [ -44.934449163885773, -21.240754724534497 ], [ -44.934449163885773, -21.240485229949265 ], [ -44.933640680130061, -21.240485229949268 ], [ -44.933640680130061, -21.240215735364018 ], [ -44.932293207203884, -21.240215735364028 ], [ -44.932293207203884, -21.241293713704962 ], [ -44.932023712618651, -21.24129371370497 ], [ -44.932023712618651, -21.241563208290202 ], [ -44.931754218033412, -21.241563208290202 ], [ -44.931754218033412, -21.242910681216379 ], [ -44.932293207203884, -21.242910681216387 ], [ -44.932293207203884, -21.244258154142564 ], [ -44.932023712618651, -21.24425815414256 ] ] ] } },
{ "type": "Feature", "properties": { "anos_com_queima": null, "area_ha": 2.25205425574593, "inicio": 2011.0, "fim": 2015.0, "tipo": "unique", "id_feicao": "unique_2011_2015_140" }, "geometry": { "type": "Polygon", "coordinates": [ [ [ -44.963554579091245, -21.230783424880777 ], [ -44.963554579091245, -21.231052919466006 ], [ -44.963285084506012, -21.231052919466009 ], [ -44.963285084506012, -21.23213089780695 ], [ -44.96436306284695, -21.23213089780695 ], [ -44.96436306284695, -21.231861403221714 ], [ -44.964902052017422, -21.231861403221711 ], [ -44.964902052017422, -21.230783424880777 ], [ -44.963554579091245, -21.230783424880777 ] ] ] } },
{ "type": "Feature", "properties": { "anos_com_queima": null, "area_ha": 0.91791363578997553, "inicio": 2011.0, "fim": 2015.0, "tipo": "unique", "id_feicao": "unique_2011_2015_141" }, "geometry": { "type": "Polygon", "coordinates": [ [ [ -44.880550246838609, -21.220273136056566 ], [ -44.880317994031984, -21.220273136267565 ], [ -44.880183, -21.220451 ], [ -44.879998, -21.220611 ], [ -44.879838, -21.220782 ], [ -44.879579, -21.220988 ], [ -44.879472268498866, -21.22099960132002 ], [ -44.879472268497665, -21.221351114397514 ], [ -44.880550246838609, -21.221351114397518 ], [ -44.880550246838609, -21.220273136056566 ] ] ] } },
{ "type": "Feature", "properties": { "anos_com_queima": null, "area_ha": 1.3346542409524322, "inicio": 2011.0, "fim": 2015.0, "tipo": "unique", "id_feicao": "unique_2011_2015_142" }, "geometry": { "type": "Polygon", "coordinates": [ [ [ -44.973256384159733, -21.219195157715625 ], [ -44.972178405818795, -21.219195157715632 ], [ -44.972178405818795, -21.220273136056569 ], [ -44.973256384159733, -21.220273136056573 ], [ -44.973256384159733, -21.219195157715625 ] ] ] } },
{ "type": "Feature", "properties": { "anos_com_queima": null, "area_ha": 8.1748429925497614, "inicio": 2011.0, "fim": 2015.0, "tipo": "unique", "id_feicao": "unique_2011_2015_143" }, "geometry": { "type": "Polygon", "coordinates": [ [ [ -44.89429447068563, -21.219464652300868 ], [ -44.895641943611807, -21.219464652300871 ], [ -44.895641943611807, -21.2197341468861 ], [ -44.897258911123224, -21.219734146886104 ], [ -44.897258911123224, -21.219464652300868 ], [ -44.897797900293696, -21.219464652300864 ], [ -44.897797900293696, -21.219195157715632 ], [ -44.898067394878929, -21.219195157715632 ], [ -44.898067394878929, -21.218117179374687 ], [ -44.897797900293696, -21.218117179374683 ], [ -44.897797900293696, -21.217847684789451 ], [ -44.897528405708456, -21.217847684789447 ], [ -44.897528405708456, -21.217578190204225 ], [ -44.897258911123224, -21.217578190204215 ], [ -44.897258911123224, -21.217308695618978 ], [ -44.895911438197047, -21.217308695618978 ], [ -44.895911438197047, -21.217578190204215 ], [ -44.895102954441334, -21.217578190204215 ], [ -44.895102954441334, -21.218117179374691 ], [ -44.894563965270862, -21.218117179374691 ], [ -44.894563965270862, -21.218386673959927 ], [ -44.89429447068563, -21.218386673959913 ], [ -44.89429447068563, -21.219464652300868 ] ] ] } },
{ "type": "Feature", "properties": { "anos_com_queima": null, "area_ha": 0.0069766908494933661, "inicio": 2011.0, "fim": 2015.0, "tipo": "unique", "id_feicao": "unique_2011_2015_144" }, "geometry": { "type": "Polygon", "coordinates": [ [ [ -44.9624766007503, -21.212996782255203 ], [ -44.962476600750406, -21.212877488139359 ], [ -44.962374766864968, -21.212996782305762 ], [ -44.9624766007503, -21.212996782255203 ] ] ] } },
{ "type": "Feature", "properties": { "anos_com_queima": null, "area_ha": 2.3358031406319211, "inicio": 2011.0, "fim": 2015.0, "tipo": "unique", "id_feicao": "unique_2011_2015_145" }, "geometry": { "type": "Polygon", "coordinates": [ [ [ -44.97271739498926, -21.210301836402838 ], [ -44.97271739498926, -21.209762847232373 ], [ -44.9729868895745, -21.209762847232373 ], [ -44.9729868895745, -21.208684868891428 ], [ -44.971639416648323, -21.208684868891432 ], [ -44.971639416648323, -21.210301836402849 ], [ -44.97271739498926, -21.210301836402838 ] ] ] } }
]
}
