{
"type": "FeatureCollection",
"name": "unique_2016_2020",
"crs": { "type": "name", "properties": { "name": "urn:ogc:def:crs:OGC:1.3:CRS84" } },
"features": [
{ "type": "Feature", "properties": { "anos_com_queima": null, "area_ha": 8.9248782431811087, "inicio": 2016.0, "fim": 2020.0, "tipo": "unique", "id_feicao": "unique_2016_2020_1" }, "geometry": { "type": "Polygon", "coordinates": [ [ [ -45.116896998090446, -21.360679814964453 ], [ -45.117138883982442, -21.360679815372535 ], [ -45.11731, -21.360607 ], [ -45.117522, -21.36045 ], [ -45.117705481845135, -21.360285061539678 ], [ -45.117705481846151, -21.36014082579398 ], [ -45.117822139385602, -21.360140825847068 ], [ -45.117874, -21.360075999999896 ], [ -45.117964, -21.359859 ], [ -45.117974976427234, -21.359843005802137 ], [ -45.117974976431391, -21.359062847453036 ], [ -45.117166492675686, -21.359062847453039 ], [ -45.117166492675686, -21.358793352867806 ], [ -45.116896998090446, -21.358793352867792 ], [ -45.116896998090446, -21.35852385828256 ], [ -45.116627503505214, -21.358523858282563 ], [ -45.116627503505214, -21.358254363697331 ], [ -45.114741041408557, -21.358254363697331 ], [ -45.114741041408557, -21.360679814964453 ], [ -45.115010535993797, -21.360679814964453 ], [ -45.115010535993797, -21.361488298720161 ], [ -45.116021749919447, -21.361488298921195 ], [ -45.116054, -21.361367 ], [ -45.116088514333576, -21.361298571664683 ], [ -45.116088514334741, -21.360949309549682 ], [ -45.116657113516823, -21.360949309955821 ], [ -45.116863, -21.360840999999898 ], [ -45.116896998090127, -21.360819510675526 ], [ -45.116896998090446, -21.360679814964453 ] ] ] } },
{ "type": "Feature", "properties": { "anos_com_queima": null, "area_ha": 6.8297716192986817, "inicio": 2016.0, "fim": 2020.0, "tipo": "unique", "id_feicao": "unique_2016_2020_2" }, "geometry": { "type": "Polygon", "coordinates": [ [ [ -45.12013093311328, -21.357445879941626 ], [ -45.121208911454218, -21.357445879941622 ], [ -45.121208911454218, -21.357176385356389 ], [ -45.121478406039458, -21.357176385356393 ], [ -45.121478406039458, -21.35690689077115 ], [ -45.12174790062469, -21.35690689077115 ], [ -45.12174790062469, -21.356637396185917 ], [ -45.122220041978913, -21.356637396279879 ], [ -45.122286889792136, -21.356529007357757 ], [ -45.122286889795163, -21.355020428674504 ], [ -45.12013093311328, -21.355020428674504 ], [ -45.12013093311328, -21.355559417844965 ], [ -45.119322449357568, -21.355559417844965 ], [ -45.119322449357568, -21.355828912430205 ], [ -45.119052954772336, -21.355828912430216 ], [ -45.119052954772336, -21.35690689077115 ], [ -45.12013093311328, -21.35690689077115 ], [ -45.12013093311328, -21.357445879941626 ] ] ] } },
{ "type": "Feature", "properties": { "anos_com_queima": null, "area_ha": 1.666897537373379, "inicio": 2016.0, "fim": 2020.0, "tipo": "unique", "id_feicao": "unique_2016_2020_3" }, "geometry": { "type": "Polygon", "coordinates": [ [ [ -45.123364868136107, -21.348013569458377 ], [ -45.12201739520993, -21.34801356945837 ], [ -45.12201739520993, -21.349091547799311 ], [ -45.123364868136107, -21.349091547799322 ], [ -45.123364868136107, -21.348013569458377 ] ] ] } },
{ "type": "Feature", "properties": { "anos_com_queima": null, "area_ha": 4.0006911729309413, "inicio": 2016.0, "fim": 2020.0, "tipo": "unique", "id_feicao": "unique_2016_2020_4" }, "geometry": { "type": "Polygon", "coordinates": [ [ [ -45.129024254426071, -21.342893172338893 ], [ -45.129024254426071, -21.342354183168425 ], [ -45.127676781499879, -21.342354183168425 ], [ -45.127676781499879, -21.344240645265067 ], [ -45.128215770670352, -21.344240645265064 ], [ -45.128215770670352, -21.344510139850307 ], [ -45.129563243596529, -21.344510139850303 ], [ -45.129563243596529, -21.343432161509348 ], [ -45.129293749011296, -21.343432161509355 ], [ -45.129293749011296, -21.342893172338883 ], [ -45.129024254426071, -21.342893172338893 ] ] ] } },
{ "type": "Feature", "properties": { "anos_com_queima": null, "area_ha": 4.167773792998541, "inicio": 2016.0, "fim": 2020.0, "tipo": "unique", "id_feicao": "unique_2016_2020_5" }, "geometry": { "type": "Polygon", "coordinates": [ [ [ -45.145193929540213, -21.330765916003273 ], [ -45.145193929540213, -21.330496421418044 ], [ -45.145463424125445, -21.330496421418044 ], [ -45.145463424125445, -21.329418443077095 ], [ -45.145193929540213, -21.329418443077088 ], [ -45.145193929540213, -21.329148948491859 ], [ -45.144924434954973, -21.329148948491859 ], [ -45.144924434954973, -21.32887945390662 ], [ -45.144385445784508, -21.328879453906623 ], [ -45.144385445784508, -21.32860995932138 ], [ -45.143307467443563, -21.328609959321383 ], [ -45.143307467443563, -21.329957432247564 ], [ -45.143576962028796, -21.329957432247554 ], [ -45.143576962028796, -21.3302269268328 ], [ -45.143846456614035, -21.330226926832793 ], [ -45.143846456614035, -21.330496421418044 ], [ -45.144115951199268, -21.33049642141804 ], [ -45.144115951199268, -21.330765916003276 ], [ -45.145193929540213, -21.330765916003273 ] ] ] } },
{ "type": "Feature", "properties": { "anos_com_queima": null, "area_ha": 9.8709141106750824, "inicio": 2016.0, "fim": 2020.0, "tipo": "unique", "id_feicao": "unique_2016_2020_6" }, "geometry": { "type": "Polygon", "coordinates": [ [ [ -45.16756198011479, -21.329687937662335 ], [ -45.168639958455735, -21.329687937662325 ], [ -45.168639958455735, -21.32887945390662 ], [ -45.170795915137617, -21.328879453906627 ], [ -45.170795915137617, -21.329148948491856 ], [ -45.171065409722857, -21.329148948491852 ], [ -45.171065409721123, -21.329493609479691 ], [ -45.171067999999899, -21.329493 ], [ -45.171279, -21.329358 ], [ -45.171479, -21.329211999999892 ], [ -45.171714999999899, -21.329055 ], [ -45.171952, -21.32891 ], [ -45.172187999999899, -21.328775999999898 ], [ -45.1724, -21.328607 ], [ -45.172682377230011, -21.328225837425585 ], [ -45.172682377234274, -21.327801475565678 ], [ -45.172143388063802, -21.327801475565675 ], [ -45.172143388063802, -21.327531980980446 ], [ -45.171065409722857, -21.327531980980439 ], [ -45.171065409722857, -21.327801475565675 ], [ -45.170256925967145, -21.327801475565675 ], [ -45.170256925967145, -21.328340464736147 ], [ -45.164597539677196, -21.328340464736144 ], [ -45.164597539677196, -21.329418443077088 ], [ -45.16756198011479, -21.329418443077092 ], [ -45.16756198011479, -21.329687937662335 ] ] ] } },
{ "type": "Feature", "properties": { "anos_com_queima": null, "area_ha": 16.671234769207899, "inicio": 2016.0, "fim": 2020.0, "tipo": "unique", "id_feicao": "unique_2016_2020_7" }, "geometry": { "type": "Polygon", "coordinates": [ [ [ -45.129024254426071, -21.328879453906623 ], [ -45.129024254426071, -21.329148948491852 ], [ -45.130910716522713, -21.329148948491852 ], [ -45.130910716522713, -21.329687937662332 ], [ -45.131180211107946, -21.329687937662332 ], [ -45.131180211107946, -21.329957432247568 ], [ -45.131719200278418, -21.329957432247568 ], [ -45.131719200278418, -21.3302269268328 ], [ -45.131988694863658, -21.330226926832797 ], [ -45.131988694863658, -21.330496421418044 ], [ -45.133336167789835, -21.330496421418037 ], [ -45.133336167789835, -21.329418443077095 ], [ -45.133605662375068, -21.329418443077099 ], [ -45.133605662375068, -21.329148948491863 ], [ -45.133875156960308, -21.329148948491863 ], [ -45.133875156960308, -21.326992991809973 ], [ -45.132527684034123, -21.326992991809973 ], [ -45.132527684034123, -21.326723497224737 ], [ -45.131449705693186, -21.326723497224734 ], [ -45.131449705693186, -21.326454002639508 ], [ -45.129832738181769, -21.326454002639508 ], [ -45.129832738181769, -21.326992991809973 ], [ -45.129563243596529, -21.326992991809973 ], [ -45.129563243596529, -21.32726248639521 ], [ -45.129293749011296, -21.327262486395213 ], [ -45.129293749011296, -21.327531980980446 ], [ -45.128754759840824, -21.327531980980442 ], [ -45.128754759840824, -21.328879453906612 ], [ -45.129024254426071, -21.328879453906623 ] ] ] } },
{ "type": "Feature", "properties": { "anos_com_queima": null, "area_ha": 1.3337099606729741, "inicio": 2016.0, "fim": 2020.0, "tipo": "unique", "id_feicao": "unique_2016_2020_8" }, "geometry": { "type": "Polygon", "coordinates": [ [ [ -45.151392305000634, -21.326723497224741 ], [ -45.151392305000634, -21.327801475565682 ], [ -45.152470283341579, -21.327801475565682 ], [ -45.152470283341579, -21.326723497224737 ], [ -45.151392305000634, -21.326723497224741 ] ] ] } },
{ "type": "Feature", "properties": { "anos_com_queima": null, "area_ha": 1.3337238704744727, "inicio": 2016.0, "fim": 2020.0, "tipo": "unique", "id_feicao": "unique_2016_2020_9" }, "geometry": { "type": "Polygon", "coordinates": [ [ [ -45.123364868136107, -21.324837035128091 ], [ -45.122286889795163, -21.324837035128088 ], [ -45.122286889795163, -21.325915013469029 ], [ -45.123364868136107, -21.325915013469029 ], [ -45.123364868136107, -21.324837035128091 ] ] ] } },
{ "type": "Feature", "properties": { "anos_com_queima": null, "area_ha": 0.76400064620623231, "inicio": 2016.0, "fim": 2020.0, "tipo": "unique", "id_feicao": "unique_2016_2020_10" }, "geometry": { "type": "Polygon", "coordinates": [ [ [ -45.167022990944318, -21.324028551372379 ], [ -45.167022990944318, -21.325106529713324 ], [ -45.167532901529299, -21.325106529757406 ], [ -45.167536, -21.324964 ], [ -45.167577999999899, -21.324712 ], [ -45.167631, -21.324494 ], [ -45.167722, -21.324265 ], [ -45.167848999999897, -21.324049 ], [ -45.167864998228566, -21.324028551963163 ], [ -45.167022990944318, -21.324028551372379 ] ] ] } },
{ "type": "Feature", "properties": { "anos_com_queima": null, "area_ha": 3.4177086013558613, "inicio": 2016.0, "fim": 2020.0, "tipo": "unique", "id_feicao": "unique_2016_2020_11" }, "geometry": { "type": "Polygon", "coordinates": [ [ [ -45.125520824817997, -21.322950573031431 ], [ -45.125520824817997, -21.324567540542855 ], [ -45.127137792329407, -21.324567540542851 ], [ -45.127137792329407, -21.322681078446195 ], [ -45.125790319403237, -21.322681078446195 ], [ -45.125790319403237, -21.322950573031427 ], [ -45.125520824817997, -21.322950573031431 ] ] ] } },
{ "type": "Feature", "properties": { "anos_com_queima": null, "area_ha": 4.7517892735678702, "inicio": 2016.0, "fim": 2020.0, "tipo": "unique", "id_feicao": "unique_2016_2020_12" }, "geometry": { "type": "Polygon", "coordinates": [ [ [ -45.14681089705163, -21.312979273377707 ], [ -45.147349886222102, -21.312979273377707 ], [ -45.147349886222102, -21.311901295036758 ], [ -45.144385445784508, -21.311901295036758 ], [ -45.144385445784508, -21.313248767962939 ], [ -45.14465494036974, -21.313248767962943 ], [ -45.14465494036974, -21.313518262548172 ], [ -45.145732918710685, -21.313518262548179 ], [ -45.145732918710685, -21.313248767962943 ], [ -45.14681089705163, -21.313248767962943 ], [ -45.14681089705163, -21.312979273377707 ] ] ] } },
{ "type": "Feature", "properties": { "anos_com_queima": null, "area_ha": 14.255460492314771, "inicio": 2016.0, "fim": 2020.0, "tipo": "unique", "id_feicao": "unique_2016_2020_13" }, "geometry": { "type": "Polygon", "coordinates": [ [ [ -45.12174790062469, -21.312979273377714 ], [ -45.121208911454218, -21.31297927337771 ], [ -45.121208911454218, -21.314057251718651 ], [ -45.124712341062292, -21.314057251718648 ], [ -45.124712341062292, -21.31270977879247 ], [ -45.124442846477052, -21.312709778792474 ], [ -45.124442846477052, -21.312440284207238 ], [ -45.12417335189182, -21.312440284207227 ], [ -45.12417335189182, -21.312170789622002 ], [ -45.12390385730658, -21.312170789621995 ], [ -45.12390385730658, -21.311901295036758 ], [ -45.123634362721347, -21.311901295036755 ], [ -45.123634362721347, -21.310284327525341 ], [ -45.123364868136107, -21.310284327525345 ], [ -45.123364868136107, -21.310014832940109 ], [ -45.123095373550875, -21.310014832940112 ], [ -45.123095373550875, -21.309745338354887 ], [ -45.122825878965635, -21.309745338354876 ], [ -45.122825878965635, -21.309475843769629 ], [ -45.121478406039458, -21.309475843769636 ], [ -45.121478406039458, -21.310014832940109 ], [ -45.121208911454218, -21.310014832940112 ], [ -45.121208911454218, -21.31136230586629 ], [ -45.120939416868985, -21.31136230586629 ], [ -45.120939416868985, -21.312440284207241 ], [ -45.12174790062469, -21.312440284207245 ], [ -45.12174790062469, -21.312979273377714 ] ] ] } },
{ "type": "Feature", "properties": { "anos_com_queima": null, "area_ha": 5.4188277119473556, "inicio": 2016.0, "fim": 2020.0, "tipo": "unique", "id_feicao": "unique_2016_2020_14" }, "geometry": { "type": "Polygon", "coordinates": [ [ [ -45.143307467443563, -21.31136230586629 ], [ -45.144385445784508, -21.311362305866286 ], [ -45.144385445784508, -21.310014832940105 ], [ -45.143576962028796, -21.310014832940116 ], [ -45.143576962028796, -21.308128370843466 ], [ -45.141421005346913, -21.30812837084347 ], [ -45.141421005346913, -21.3092063491844 ], [ -45.142229489102618, -21.309206349184404 ], [ -45.142229489102618, -21.30947584376964 ], [ -45.143037972858323, -21.30947584376964 ], [ -45.143037972858323, -21.31109281128106 ], [ -45.143307467443563, -21.31109281128106 ], [ -45.143307467443563, -21.31136230586629 ] ] ] } },
{ "type": "Feature", "properties": { "anos_com_queima": null, "area_ha": 134.05508023976256, "inicio": 2016.0, "fim": 2020.0, "tipo": "unique", "id_feicao": "unique_2016_2020_15" }, "geometry": { "type": "Polygon", "coordinates": [ [ [ -45.118244471016624, -21.303816457479691 ], [ -45.116088514334741, -21.303816457479687 ], [ -45.116088514334741, -21.303546962894458 ], [ -45.115819019749502, -21.303546962894458 ], [ -45.115819019749502, -21.303277468309219 ], [ -45.113663063067619, -21.303277468309219 ], [ -45.113663063067619, -21.303546962894451 ], [ -45.11150710638573, -21.303546962894455 ], [ -45.11150710638573, -21.303277468309222 ], [ -45.110429128044785, -21.303277468309215 ], [ -45.110429128044785, -21.301121511627333 ], [ -45.109081655118608, -21.301121511627336 ], [ -45.109081655118608, -21.30219948996827 ], [ -45.109351149703841, -21.302199489968274 ], [ -45.109351149703841, -21.307050392502518 ], [ -45.108812160533368, -21.307050392502521 ], [ -45.108812160533368, -21.307589381672994 ], [ -45.106117214681014, -21.30758938167299 ], [ -45.106117214681014, -21.306241908746813 ], [ -45.104230752584364, -21.306241908746816 ], [ -45.104230752584364, -21.307319887087747 ], [ -45.104769741754836, -21.307319887087758 ], [ -45.104769741754836, -21.30758938167299 ], [ -45.105847720095774, -21.307589381672994 ], [ -45.105847720095774, -21.310553822110577 ], [ -45.106386709266246, -21.310553822110581 ], [ -45.106386709266246, -21.310823316695824 ], [ -45.106656203851486, -21.310823316695817 ], [ -45.106656203851486, -21.312170789622002 ], [ -45.107464687607191, -21.312170789622005 ], [ -45.107464687607191, -21.312440284207241 ], [ -45.109351149703841, -21.312440284207231 ], [ -45.109351149703841, -21.311901295036758 ], [ -45.11150710638573, -21.311901295036762 ], [ -45.11150710638573, -21.316482702985766 ], [ -45.112854579311907, -21.31648270298577 ], [ -45.112854579311907, -21.316213208400537 ], [ -45.113124073897147, -21.316213208400541 ], [ -45.113124073897147, -21.315674219230061 ], [ -45.11339356848238, -21.315674219230058 ], [ -45.11339356848238, -21.314865735474353 ], [ -45.113663063067619, -21.314865735474349 ], [ -45.113663063067619, -21.314057251718644 ], [ -45.113932557652852, -21.314057251718641 ], [ -45.113932557652852, -21.313787757133412 ], [ -45.114202052238092, -21.313787757133415 ], [ -45.114202052238092, -21.31324876796295 ], [ -45.114471546823324, -21.313248767962943 ], [ -45.114471546823324, -21.31270977879247 ], [ -45.115010535993797, -21.312709778792474 ], [ -45.115010535993797, -21.312170789622002 ], [ -45.115280030579029, -21.312170789622002 ], [ -45.115280030579029, -21.311901295036762 ], [ -45.115549525164269, -21.311901295036758 ], [ -45.115549525164269, -21.311631800451526 ], [ -45.116088514334741, -21.311631800451526 ], [ -45.116088514334741, -21.31136230586629 ], [ -45.116358008919974, -21.311362305866293 ], [ -45.116358008919974, -21.31109281128105 ], [ -45.119052954772336, -21.311092811281057 ], [ -45.119052954772336, -21.310284327525345 ], [ -45.119322449357568, -21.310284327525345 ], [ -45.119322449357568, -21.308936854599175 ], [ -45.119052954772336, -21.308936854599175 ], [ -45.119052954772336, -21.306241908746813 ], [ -45.119322449357568, -21.306241908746802 ], [ -45.119322449357568, -21.30435544665016 ], [ -45.122556384380403, -21.304355446650163 ], [ -45.122556384380403, -21.304085952064916 ], [ -45.123364868136107, -21.304085952064927 ], [ -45.123364868136107, -21.303816457479691 ], [ -45.123634362721347, -21.303816457479687 ], [ -45.123634362721347, -21.30246898455351 ], [ -45.123364868136107, -21.302468984553514 ], [ -45.123364868136107, -21.301929995383034 ], [ -45.123095373550875, -21.301929995383038 ], [ -45.123095373550875, -21.300313027871621 ], [ -45.12201739520993, -21.300313027871628 ], [ -45.12201739520993, -21.300852017042104 ], [ -45.121208911454218, -21.300852017042097 ], [ -45.121208911454218, -21.301391006212572 ], [ -45.12013093311328, -21.301391006212565 ], [ -45.12013093311328, -21.301929995383034 ], [ -45.119052954772336, -21.301929995383041 ], [ -45.119052954772336, -21.302199489968274 ], [ -45.118244471016624, -21.302199489968274 ], [ -45.118244471016624, -21.303816457479691 ] ], [ [ -45.113124073897147, -21.307858876258219 ], [ -45.113124073897147, -21.310014832940105 ], [ -45.112854579311907, -21.310014832940112 ], [ -45.112854579311907, -21.311092811281053 ], [ -45.109890138874313, -21.31109281128106 ], [ -45.109890138874313, -21.308667360013931 ], [ -45.110159633459553, -21.308667360013931 ], [ -45.110159633459553, -21.308128370843455 ], [ -45.110429128044785, -21.308128370843455 ], [ -45.110429128044785, -21.307858876258226 ], [ -45.113124073897147, -21.307858876258219 ] ] ] } },
{ "type": "Feature", "properties": { "anos_com_queima": null, "area_ha": 5.2526888309828532, "inicio": 2016.0, "fim": 2020.0, "tipo": "unique", "id_feicao": "unique_2016_2020_16" }, "geometry": { "type": "Polygon", "coordinates": [ [ [ -45.138456564909319, -21.293036674070258 ], [ -45.138456564909319, -21.29195869572931 ], [ -45.137917575738847, -21.291958695729299 ], [ -45.137917575738847, -21.291689201144074 ], [ -45.137648081153607, -21.291689201144074 ], [ -45.137648081153607, -21.291419706558845 ], [ -45.13630060822743, -21.291419706558848 ], [ -45.13630060822743, -21.291689201144081 ], [ -45.13603111364219, -21.291689201144074 ], [ -45.13603111364219, -21.293036674070255 ], [ -45.136839597397902, -21.293036674070251 ], [ -45.136839597397902, -21.29384515782596 ], [ -45.138187070324079, -21.29384515782596 ], [ -45.138187070324079, -21.293036674070251 ], [ -45.138456564909319, -21.293036674070258 ] ] ] } },
{ "type": "Feature", "properties": { "anos_com_queima": null, "area_ha": 2.7514698651045562, "inicio": 2016.0, "fim": 2020.0, "tipo": "unique", "id_feicao": "unique_2016_2020_17" }, "geometry": { "type": "Polygon", "coordinates": [ [ [ -45.144924434954973, -21.290072233632653 ], [ -45.14681089705163, -21.29007223363266 ], [ -45.14681089705163, -21.288994255291712 ], [ -45.146271907881157, -21.288994255291719 ], [ -45.146271907881157, -21.288724760706483 ], [ -45.144924434954973, -21.288724760706476 ], [ -45.144924434954973, -21.290072233632653 ] ] ] } },
{ "type": "Feature", "properties": { "anos_com_queima": null, "area_ha": 2.0010736767756536, "inicio": 2016.0, "fim": 2020.0, "tipo": "unique", "id_feicao": "unique_2016_2020_18" }, "geometry": { "type": "Polygon", "coordinates": [ [ [ -45.148697359148279, -21.288455266121243 ], [ -45.148697359148279, -21.289533244462184 ], [ -45.150314326659696, -21.289533244462181 ], [ -45.150314326659696, -21.28845526612125 ], [ -45.148697359148279, -21.288455266121243 ] ] ] } },
{ "type": "Feature", "properties": { "anos_com_queima": null, "area_ha": 4.9204144523827491, "inicio": 2016.0, "fim": 2020.0, "tipo": "unique", "id_feicao": "unique_2016_2020_19" }, "geometry": { "type": "Polygon", "coordinates": [ [ [ -45.134953135301252, -21.253420970040583 ], [ -45.134953135301252, -21.255846421307709 ], [ -45.135492124471725, -21.255846421307698 ], [ -45.135492124471725, -21.256385410478167 ], [ -45.136570102812662, -21.256385410478167 ], [ -45.136570102812662, -21.254229453796292 ], [ -45.13630060822743, -21.254229453796285 ], [ -45.13630060822743, -21.253420970040583 ], [ -45.134953135301252, -21.253420970040583 ] ] ] } },
{ "type": "Feature", "properties": { "anos_com_queima": null, "area_ha": 1.3345264905206859, "inicio": 2016.0, "fim": 2020.0, "tipo": "unique", "id_feicao": "unique_2016_2020_20" }, "geometry": { "type": "Polygon", "coordinates": [ [ [ -45.153009272512051, -21.234556349074069 ], [ -45.151931294171106, -21.234556349074072 ], [ -45.151931294171106, -21.235634327415021 ], [ -45.153009272512051, -21.235634327415013 ], [ -45.153009272512051, -21.234556349074069 ] ] ] } },
{ "type": "Feature", "properties": { "anos_com_queima": null, "area_ha": 42.204677829002776, "inicio": 2016.0, "fim": 2020.0, "tipo": "unique", "id_feicao": "unique_2016_2020_21" }, "geometry": { "type": "Polygon", "coordinates": [ [ [ -45.127946276085126, -21.231861403221718 ], [ -45.127946276085126, -21.232669886977419 ], [ -45.127676781499879, -21.232669886977423 ], [ -45.127676781499879, -21.233478370733124 ], [ -45.127137792329407, -21.233478370733135 ], [ -45.127137792329407, -21.235364832829784 ], [ -45.126868297744181, -21.235364832829784 ], [ -45.126868297744181, -21.236981800341194 ], [ -45.127137792329407, -21.236981800341198 ], [ -45.127137792329407, -21.23725129492643 ], [ -45.127676781499879, -21.237251294926427 ], [ -45.127676781499879, -21.23752078951167 ], [ -45.127946276085126, -21.237520789511674 ], [ -45.127946276085126, -21.237790284096906 ], [ -45.128215770670352, -21.23779028409691 ], [ -45.128215770670352, -21.238059778682143 ], [ -45.128485265255598, -21.238059778682139 ], [ -45.128485265255598, -21.238598767852608 ], [ -45.129563243596529, -21.238598767852608 ], [ -45.129563243596529, -21.236981800341191 ], [ -45.129832738181769, -21.236981800341191 ], [ -45.129832738181769, -21.235903822000246 ], [ -45.132527684034123, -21.23590382200025 ], [ -45.132527684034123, -21.235634327415021 ], [ -45.132797178619363, -21.235634327415017 ], [ -45.132797178619363, -21.235095338244548 ], [ -45.133066673204596, -21.235095338244545 ], [ -45.133066673204596, -21.233747865318367 ], [ -45.133605662375068, -21.23374786531836 ], [ -45.133605662375068, -21.233478370733128 ], [ -45.13414465154554, -21.233478370733128 ], [ -45.13414465154554, -21.231861403221714 ], [ -45.133875156960308, -21.231861403221714 ], [ -45.133875156960308, -21.230783424880777 ], [ -45.133605662375068, -21.230783424880773 ], [ -45.133605662375068, -21.23051393029554 ], [ -45.132797178619363, -21.23051393029554 ], [ -45.132797178619363, -21.230244435710304 ], [ -45.131180211107946, -21.230244435710301 ], [ -45.131180211107946, -21.23051393029554 ], [ -45.130102232767001, -21.230513930295533 ], [ -45.130102232767001, -21.231322414051249 ], [ -45.128485265255598, -21.231322414051249 ], [ -45.128485265255598, -21.231591908636481 ], [ -45.128215770670352, -21.231591908636481 ], [ -45.128215770670352, -21.231861403221714 ], [ -45.127946276085126, -21.231861403221718 ] ] ] } },
{ "type": "Feature", "properties": { "anos_com_queima": null, "area_ha": 2.8359026626926584, "inicio": 2016.0, "fim": 2020.0, "tipo": "unique", "id_feicao": "unique_2016_2020_22" }, "geometry": { "type": "Polygon", "coordinates": [ [ [ -45.14681089705163, -21.233478370733138 ], [ -45.14681089705163, -21.2340173599036 ], [ -45.148158369977807, -21.234017359903596 ], [ -45.148158369977807, -21.232400392392183 ], [ -45.14654140246639, -21.232400392392186 ], [ -45.14654140246639, -21.233478370733135 ], [ -45.14681089705163, -21.233478370733138 ] ] ] } },
{ "type": "Feature", "properties": { "anos_com_queima": null, "area_ha": 3.7534931471146642, "inicio": 2016.0, "fim": 2020.0, "tipo": "unique", "id_feicao": "unique_2016_2020_23" }, "geometry": { "type": "Polygon", "coordinates": [ [ [ -45.117705481846151, -21.229705446539832 ], [ -45.118783460187096, -21.229705446539832 ], [ -45.118783460187096, -21.229435951954596 ], [ -45.119322449357568, -21.229435951954596 ], [ -45.119322449357568, -21.228357973613655 ], [ -45.117705481846151, -21.228357973613651 ], [ -45.117705481846151, -21.22862746819888 ], [ -45.117435987260919, -21.228627468198887 ], [ -45.117435987260919, -21.228896962784123 ], [ -45.116627503505214, -21.228896962784123 ], [ -45.116627503505214, -21.229974941125064 ], [ -45.117705481846151, -21.229974941125061 ], [ -45.117705481846151, -21.229705446539832 ] ] ] } },
{ "type": "Feature", "properties": { "anos_com_queima": null, "area_ha": 4.6713913349429141, "inicio": 2016.0, "fim": 2020.0, "tipo": "unique", "id_feicao": "unique_2016_2020_24" }, "geometry": { "type": "Polygon", "coordinates": [ [ [ -45.147349886222102, -21.218386673959923 ], [ -45.14842786456304, -21.218386673959923 ], [ -45.14842786456304, -21.216500211863274 ], [ -45.147888875392567, -21.216500211863274 ], [ -45.147888875392567, -21.216230717278037 ], [ -45.14654140246639, -21.216230717278037 ], [ -45.14654140246639, -21.216500211863277 ], [ -45.146271907881157, -21.216500211863277 ], [ -45.146271907881157, -21.217847684789451 ], [ -45.14654140246639, -21.217847684789447 ], [ -45.14654140246639, -21.21811717937468 ], [ -45.147349886222102, -21.218117179374687 ], [ -45.147349886222102, -21.218386673959923 ] ] ] } },
{ "type": "Feature", "properties": { "anos_com_queima": null, "area_ha": 1.668398162908852, "inicio": 2016.0, "fim": 2020.0, "tipo": "unique", "id_feicao": "unique_2016_2020_25" }, "geometry": { "type": "Polygon", "coordinates": [ [ [ -45.156243207534885, -21.212727287669967 ], [ -45.15516522919394, -21.212727287669974 ], [ -45.15516522919394, -21.214074760596141 ], [ -45.156243207534885, -21.214074760596144 ], [ -45.156243207534885, -21.212727287669967 ] ] ] } },
{ "type": "Feature", "properties": { "anos_com_queima": null, "area_ha": 9.0929512665406502, "inicio": 2016.0, "fim": 2020.0, "tipo": "unique", "id_feicao": "unique_2016_2020_26" }, "geometry": { "type": "Polygon", "coordinates": [ [ [ -45.116627503505214, -21.211110320158546 ], [ -45.116627503505214, -21.208954363476668 ], [ -45.116358008919974, -21.208954363476668 ], [ -45.116358008919974, -21.208684868891424 ], [ -45.115280030579029, -21.208684868891428 ], [ -45.115280030579029, -21.2092238580619 ], [ -45.114202052238092, -21.209223858061897 ], [ -45.114202052238092, -21.210032341817612 ], [ -45.112585084726675, -21.210032341817609 ], [ -45.112585084726675, -21.211379814743786 ], [ -45.116088514334741, -21.21137981474379 ], [ -45.116088514334741, -21.211110320158546 ], [ -45.116627503505214, -21.211110320158546 ] ] ] } },
{ "type": "Feature", "properties": { "anos_com_queima": null, "area_ha": 8.2589023227090568, "inicio": 2016.0, "fim": 2020.0, "tipo": "unique", "id_feicao": "unique_2016_2020_27" }, "geometry": { "type": "Polygon", "coordinates": [ [ [ -45.150314326659696, -21.207876385135723 ], [ -45.150314326659696, -21.206798406794782 ], [ -45.149775337489224, -21.206798406794778 ], [ -45.149775337489224, -21.206528912209546 ], [ -45.148158369977807, -21.206528912209549 ], [ -45.148158369977807, -21.206798406794782 ], [ -45.145463424125445, -21.206798406794778 ], [ -45.145463424125445, -21.208415374306195 ], [ -45.14654140246639, -21.208415374306195 ], [ -45.14654140246639, -21.208145879720959 ], [ -45.150044832074457, -21.208145879720949 ], [ -45.150044832074457, -21.207876385135719 ], [ -45.150314326659696, -21.207876385135723 ] ] ] } },
{ "type": "Feature", "properties": { "anos_com_queima": null, "area_ha": 4.0878165753281674, "inicio": 2016.0, "fim": 2020.0, "tipo": "unique", "id_feicao": "unique_2016_2020_28" }, "geometry": { "type": "Polygon", "coordinates": [ [ [ -45.160285626313417, -21.205181439283368 ], [ -45.161363604654362, -21.205181439283365 ], [ -45.161363604654362, -21.203564471771955 ], [ -45.160016131728185, -21.203564471771948 ], [ -45.160016131728185, -21.204103460942427 ], [ -45.159477142557712, -21.204103460942424 ], [ -45.159477142557712, -21.204372955527663 ], [ -45.15893815338724, -21.204372955527667 ], [ -45.15893815338724, -21.205450933868605 ], [ -45.160285626313417, -21.205450933868605 ], [ -45.160285626313417, -21.205181439283368 ] ] ] } },
{ "type": "Feature", "properties": { "anos_com_queima": null, "area_ha": 1.668515545370483, "inicio": 2016.0, "fim": 2020.0, "tipo": "unique", "id_feicao": "unique_2016_2020_29" }, "geometry": { "type": "Polygon", "coordinates": [ [ [ -45.164867034262429, -21.20221699884577 ], [ -45.164867034262429, -21.203564471771951 ], [ -45.165945012603373, -21.203564471771951 ], [ -45.165945012603373, -21.20221699884577 ], [ -45.164867034262429, -21.20221699884577 ] ] ] } },
{ "type": "Feature", "properties": { "anos_com_queima": null, "area_ha": 9.8442839322191311, "inicio": 2016.0, "fim": 2020.0, "tipo": "unique", "id_feicao": "unique_2016_2020_30" }, "geometry": { "type": "Polygon", "coordinates": [ [ [ -45.150583821244929, -21.202486493431007 ], [ -45.150583821244929, -21.202755988016236 ], [ -45.151122810415401, -21.202755988016243 ], [ -45.151122810415401, -21.203025482601479 ], [ -45.152739777926818, -21.203025482601479 ], [ -45.152739777926818, -21.203294977186715 ], [ -45.153817756267756, -21.203294977186715 ], [ -45.153817756267756, -21.203025482601483 ], [ -45.154087250852996, -21.203025482601472 ], [ -45.154087250852996, -21.201947504260534 ], [ -45.154356745438228, -21.201947504260534 ], [ -45.154356745438228, -21.200869525919597 ], [ -45.152200788756346, -21.200869525919597 ], [ -45.152200788756346, -21.201408515090062 ], [ -45.150853315830162, -21.201408515090062 ], [ -45.150853315830162, -21.201139020504826 ], [ -45.149775337489224, -21.201139020504822 ], [ -45.149775337489224, -21.201408515090066 ], [ -45.149505842903984, -21.201408515090069 ], [ -45.149505842903984, -21.202486493431007 ], [ -45.150583821244929, -21.202486493431007 ] ] ] } },
{ "type": "Feature", "properties": { "anos_com_queima": null, "area_ha": 4.6718969272442159, "inicio": 2016.0, "fim": 2020.0, "tipo": "unique", "id_feicao": "unique_2016_2020_31" }, "geometry": { "type": "Polygon", "coordinates": [ [ [ -45.164597539677196, -21.200061042163878 ], [ -45.162711077580539, -21.200061042163885 ], [ -45.162711077580539, -21.202216998845774 ], [ -45.164597539677196, -21.202216998845763 ], [ -45.164597539677196, -21.200061042163878 ] ] ] } },
{ "type": "Feature", "properties": { "anos_com_queima": null, "area_ha": 1.3348441099703341, "inicio": 2016.0, "fim": 2020.0, "tipo": "unique", "id_feicao": "unique_2016_2020_32" }, "geometry": { "type": "Polygon", "coordinates": [ [ [ -45.161094110069129, -21.1987135692377 ], [ -45.161094110069129, -21.199791547578648 ], [ -45.162172088410074, -21.199791547578652 ], [ -45.162172088410074, -21.1987135692377 ], [ -45.161094110069129, -21.1987135692377 ] ] ] } },
{ "type": "Feature", "properties": { "anos_com_queima": null, "area_ha": 21.785036014470926, "inicio": 2016.0, "fim": 2020.0, "tipo": "unique", "id_feicao": "unique_2016_2020_33" }, "geometry": { "type": "Polygon", "coordinates": [ [ [ -45.168639958455735, -21.197905085481995 ], [ -45.168639958455735, -21.198174580067231 ], [ -45.1691789476262, -21.198174580067231 ], [ -45.1691789476262, -21.198444074652468 ], [ -45.172143388063802, -21.198444074652468 ], [ -45.172143388063802, -21.198713569237704 ], [ -45.172622830136824, -21.198713569704562 ], [ -45.172637, -21.198676 ], [ -45.172746, -21.198352999999898 ], [ -45.172818, -21.19803 ], [ -45.172891, -21.197753 ], [ -45.172988, -21.197545 ], [ -45.173122, -21.197302 ], [ -45.173293, -21.197128 ], [ -45.173538, -21.19707 ], [ -45.174067, -21.197066999999898 ], [ -45.174325, -21.197043 ], [ -45.174557999999898, -21.196960999999899 ], [ -45.174568839327314, -21.196949956172865 ], [ -45.174568839323619, -21.196438689617906 ], [ -45.174505, -21.19635 ], [ -45.174295, -21.196144 ], [ -45.174073, -21.19603 ], [ -45.173899999999897, -21.195869 ], [ -45.173779431842298, -21.195749128829458 ], [ -45.173760355575219, -21.195749128800109 ], [ -45.173760355574956, -21.195730162813366 ], [ -45.173727, -21.195697 ], [ -45.173541999999898, -21.195456 ], [ -45.173516, -21.195237 ], [ -45.173515839158931, -21.19521013964771 ], [ -45.173490860989979, -21.195210139629641 ], [ -45.173490860989979, -21.194940645044401 ], [ -45.172951871819507, -21.194940645044401 ], [ -45.172951871819507, -21.194401655873925 ], [ -45.170256925967145, -21.194401655873921 ], [ -45.170256925967145, -21.195479634214877 ], [ -45.168909453040968, -21.195479634214873 ], [ -45.168909453040968, -21.195749128800113 ], [ -45.168370463870495, -21.195749128800106 ], [ -45.168370463870495, -21.196288117970575 ], [ -45.168100969285263, -21.196288117970578 ], [ -45.168100969285263, -21.197905085481992 ], [ -45.168639958455735, -21.197905085481995 ] ] ] } },
{ "type": "Feature", "properties": { "anos_com_queima": null, "area_ha": 5.7567609771840278, "inicio": 2016.0, "fim": 2020.0, "tipo": "unique", "id_feicao": "unique_2016_2020_34" }, "geometry": { "type": "Polygon", "coordinates": [ [ [ -45.149236348318752, -21.191976204606817 ], [ -45.148697359148279, -21.191976204606814 ], [ -45.148697359148279, -21.190898226265865 ], [ -45.147619380807335, -21.190898226265862 ], [ -45.147619380807335, -21.192245699192043 ], [ -45.147349886222102, -21.192245699192043 ], [ -45.147349886222102, -21.193593172118216 ], [ -45.147619380807335, -21.193593172118213 ], [ -45.147619380807335, -21.194132161288699 ], [ -45.149236348318752, -21.194132161288692 ], [ -45.149236348318752, -21.191976204606817 ] ] ] } },
{ "type": "Feature", "properties": { "anos_com_queima": null, "area_ha": 1.668647417685017, "inicio": 2016.0, "fim": 2020.0, "tipo": "unique", "id_feicao": "unique_2016_2020_35" }, "geometry": { "type": "Polygon", "coordinates": [ [ [ -45.141151510761674, -21.190089742510157 ], [ -45.139804037835496, -21.190089742510153 ], [ -45.139804037835496, -21.191167720851094 ], [ -45.141151510761674, -21.191167720851098 ], [ -45.141151510761674, -21.190089742510157 ] ] ] } },
{ "type": "Feature", "properties": { "anos_com_queima": null, "area_ha": 1.6687314156379551, "inicio": 2016.0, "fim": 2020.0, "tipo": "unique", "id_feicao": "unique_2016_2020_36" }, "geometry": { "type": "Polygon", "coordinates": [ [ [ -45.168639958455735, -21.182813388708784 ], [ -45.167292485529551, -21.182813388708784 ], [ -45.167292485529551, -21.183891367049721 ], [ -45.168639958455735, -21.183891367049728 ], [ -45.168639958455735, -21.182813388708784 ] ] ] } },
{ "type": "Feature", "properties": { "anos_com_queima": null, "area_ha": 118.45835147587887, "inicio": 2016.0, "fim": 2020.0, "tipo": "unique", "id_feicao": "unique_2016_2020_37" }, "geometry": { "type": "Polygon", "coordinates": [ [ [ -45.079976239913144, -21.389785230169931 ], [ -45.079976239913144, -21.390054724755164 ], [ -45.079437250742671, -21.390054724755164 ], [ -45.079437250742671, -21.390324219340389 ], [ -45.079167756157425, -21.390324219340403 ], [ -45.079167756157425, -21.393019165192751 ], [ -45.075394831964125, -21.393019165192758 ], [ -45.075394831964125, -21.392749670607525 ], [ -45.072969380697003, -21.392749670607515 ], [ -45.072969380697003, -21.392480176022282 ], [ -45.071891402356059, -21.392480176022278 ], [ -45.071891402356059, -21.393827648948463 ], [ -45.074316853623181, -21.393827648948459 ], [ -45.074316853623181, -21.394097143533703 ], [ -45.075933821134598, -21.394097143533703 ], [ -45.075933821134598, -21.395983605630349 ], [ -45.083210174935964, -21.395983605630349 ], [ -45.083210174935964, -21.395714111045109 ], [ -45.083749164106436, -21.395714111045109 ], [ -45.083749164106436, -21.394636132704168 ], [ -45.086174615373558, -21.394636132704171 ], [ -45.086174615373558, -21.3949056272894 ], [ -45.08671360454403, -21.394905627289408 ], [ -45.08671360454403, -21.39517512187464 ], [ -45.087522088299735, -21.395175121874637 ], [ -45.087522088299735, -21.395983605630345 ], [ -45.087791582884975, -21.395983605630349 ], [ -45.087791582884975, -21.396792089386061 ], [ -45.088061077470208, -21.396792089386061 ], [ -45.088061077470208, -21.397061583971301 ], [ -45.089408550396392, -21.397061583971293 ], [ -45.089408550396392, -21.39571411104512 ], [ -45.091564507078274, -21.395714111045116 ], [ -45.091564507076086, -21.396617346092786 ], [ -45.091633, -21.396604 ], [ -45.091892, -21.396550999999896 ], [ -45.092174999999898, -21.39651 ], [ -45.092496, -21.39647 ], [ -45.092962999999898, -21.396432999999895 ], [ -45.09321, -21.396414 ], [ -45.093542, -21.396374 ], [ -45.09385, -21.396344999999897 ], [ -45.094108999999897, -21.396315 ], [ -45.094355, -21.396285 ], [ -45.094528947515798, -21.396272272170812 ], [ -45.094528947515869, -21.396253100215585 ], [ -45.094705754902108, -21.396253100548577 ], [ -45.09491, -21.396226 ], [ -45.095156, -21.396196 ], [ -45.095337431271076, -21.396177441106392 ], [ -45.095337431271581, -21.395714111045109 ], [ -45.093989958345396, -21.395714111045109 ], [ -45.093989958345396, -21.3949056272894 ], [ -45.093720463760164, -21.3949056272894 ], [ -45.093720463760164, -21.393827648948463 ], [ -45.093450969174924, -21.393827648948459 ], [ -45.093450969174924, -21.39355815436323 ], [ -45.093181474589692, -21.393558154363223 ], [ -45.093181474589692, -21.393288659777991 ], [ -45.092103496248747, -21.393288659777991 ], [ -45.092103496248747, -21.393827648948466 ], [ -45.091834001663514, -21.393827648948463 ], [ -45.091834001663514, -21.394097143533699 ], [ -45.091564507078274, -21.394097143533703 ], [ -45.091564507078274, -21.394366638118939 ], [ -45.089408550396392, -21.394366638118939 ], [ -45.089408550396392, -21.394097143533699 ], [ -45.089139055811152, -21.394097143533696 ], [ -45.089139055811152, -21.393827648948463 ], [ -45.087791582884975, -21.393827648948466 ], [ -45.087791582884975, -21.393288659777994 ], [ -45.087252593714503, -21.393288659777998 ], [ -45.087252593714503, -21.390863208510879 ], [ -45.090217034152097, -21.390863208510879 ], [ -45.090217034152097, -21.391671692266574 ], [ -45.091834001663514, -21.391671692266581 ], [ -45.091834001663514, -21.388976746414212 ], [ -45.091295012493042, -21.388976746414212 ], [ -45.091295012493042, -21.387898768073267 ], [ -45.091025517907802, -21.387898768073274 ], [ -45.091025517907802, -21.387359778902802 ], [ -45.085635626203086, -21.387359778902805 ], [ -45.085635626203086, -21.38816826265851 ], [ -45.083210174935964, -21.388168262658517 ], [ -45.083210174935964, -21.387898768073274 ], [ -45.082132196595019, -21.387898768073278 ], [ -45.082132196595019, -21.389515735584688 ], [ -45.080245734498369, -21.389515735584695 ], [ -45.080245734498369, -21.389785230169924 ], [ -45.079976239913144, -21.389785230169931 ] ] ] } },
{ "type": "Feature", "properties": { "anos_com_queima": null, "area_ha": 44.624870878446949, "inicio": 2016.0, "fim": 2020.0, "tipo": "unique", "id_feicao": "unique_2016_2020_38" }, "geometry": { "type": "Polygon", "coordinates": [ [ [ -45.099918839220585, -21.386551295147093 ], [ -45.099918839220585, -21.387898768073278 ], [ -45.100188333805825, -21.387898768073274 ], [ -45.100188333805825, -21.388168262658517 ], [ -45.100457828391058, -21.388168262658514 ], [ -45.100457828391058, -21.388437757243747 ], [ -45.101535806732002, -21.388437757243736 ], [ -45.101535806732002, -21.394636132704168 ], [ -45.101805301317242, -21.394636132704175 ], [ -45.101805301317242, -21.394905627289408 ], [ -45.102026995643698, -21.394905627677247 ], [ -45.102213999999897, -21.394816999999897 ], [ -45.102451, -21.394683 ], [ -45.102688, -21.394515 ], [ -45.102999, -21.394336 ], [ -45.103282, -21.394272 ], [ -45.103541999999898, -21.394219 ], [ -45.103901, -21.394075999999892 ], [ -45.104236, -21.393909999999895 ], [ -45.104472, -21.393822 ], [ -45.104719, -21.393723 ], [ -45.104967, -21.393646999999898 ], [ -45.105202, -21.393582 ], [ -45.105308730925266, -21.393568984079263 ], [ -45.105308730925309, -21.393558154363237 ], [ -45.105397532322819, -21.393558154625104 ], [ -45.105448, -21.393552 ], [ -45.105695, -21.393499 ], [ -45.105968, -21.393389 ], [ -45.106203, -21.393301 ], [ -45.106386709263624, -21.393179302360569 ], [ -45.106386709266246, -21.392749670607522 ], [ -45.105847720095774, -21.392749670607525 ], [ -45.105847720095774, -21.390324219340396 ], [ -45.10608050421564, -21.390324219552873 ], [ -45.10612, -21.390179999999894 ], [ -45.106211, -21.389928999999899 ], [ -45.10635, -21.389747 ], [ -45.106513999999898, -21.389554 ], [ -45.106701, -21.389407999999897 ], [ -45.106876999999898, -21.389239 ], [ -45.107101, -21.38907 ], [ -45.107278, -21.388866 ], [ -45.107405, -21.388673 ], [ -45.107458, -21.388455 ], [ -45.107458374843432, -21.388437757248695 ], [ -45.107195193021958, -21.388437757243739 ], [ -45.107195193021958, -21.385473316806152 ], [ -45.105847720095774, -21.385473316806149 ], [ -45.105847720095774, -21.386551295147104 ], [ -45.104769741754836, -21.38655129514709 ], [ -45.104769741754836, -21.387359778902798 ], [ -45.101805301317242, -21.387359778902805 ], [ -45.101805301317242, -21.387090284317569 ], [ -45.10126631214677, -21.387090284317569 ], [ -45.10126631214677, -21.3865512951471 ], [ -45.099918839220585, -21.386551295147093 ] ] ] } },
{ "type": "Feature", "properties": { "anos_com_queima": null, "area_ha": 1.3331792680408805, "inicio": 2016.0, "fim": 2020.0, "tipo": "unique", "id_feicao": "unique_2016_2020_39" }, "geometry": { "type": "Polygon", "coordinates": [ [ [ -45.077550788646015, -21.385742811391388 ], [ -45.07647281030507, -21.385742811391388 ], [ -45.07647281030507, -21.386820789732333 ], [ -45.077550788646015, -21.386820789732329 ], [ -45.077550788646015, -21.385742811391388 ] ] ] } },
{ "type": "Feature", "properties": { "anos_com_queima": null, "area_ha": 1.3332177472222637, "inicio": 2016.0, "fim": 2020.0, "tipo": "unique", "id_feicao": "unique_2016_2020_40" }, "geometry": { "type": "Polygon", "coordinates": [ [ [ -45.078359272401727, -21.38143089802761 ], [ -45.078359272401727, -21.382508876368558 ], [ -45.079437250742671, -21.382508876368558 ], [ -45.079437250742671, -21.381430898027624 ], [ -45.078359272401727, -21.38143089802761 ] ] ] } },
{ "type": "Feature", "properties": { "anos_com_queima": null, "area_ha": 1.9998315112043241, "inicio": 2016.0, "fim": 2020.0, "tipo": "unique", "id_feicao": "unique_2016_2020_41" }, "geometry": { "type": "Polygon", "coordinates": [ [ [ -45.107195193021958, -21.382508876368558 ], [ -45.107195193021958, -21.381430898027617 ], [ -45.106925698436719, -21.381430898027606 ], [ -45.106925698436719, -21.38116140344238 ], [ -45.105847720095774, -21.38116140344238 ], [ -45.105847720095774, -21.382508876368551 ], [ -45.107195193021958, -21.382508876368558 ] ] ] } },
{ "type": "Feature", "properties": { "anos_com_queima": null, "area_ha": 6.3328932064549068, "inicio": 2016.0, "fim": 2020.0, "tipo": "unique", "id_feicao": "unique_2016_2020_42" }, "geometry": { "type": "Polygon", "coordinates": [ [ [ -45.103691763413892, -21.380622414271908 ], [ -45.105847720095774, -21.380622414271901 ], [ -45.105847720095774, -21.378466457590026 ], [ -45.103422268828652, -21.378466457590019 ], [ -45.103422268828652, -21.378735952175262 ], [ -45.103152774243419, -21.378735952175262 ], [ -45.103152774243419, -21.380083425101425 ], [ -45.103422268828652, -21.380083425101429 ], [ -45.103422268828652, -21.380352919686672 ], [ -45.103691763413892, -21.380352919686668 ], [ -45.103691763413892, -21.380622414271908 ] ] ] } },
{ "type": "Feature", "properties": { "anos_com_queima": null, "area_ha": 1.6665602058672233, "inicio": 2016.0, "fim": 2020.0, "tipo": "unique", "id_feicao": "unique_2016_2020_43" }, "geometry": { "type": "Polygon", "coordinates": [ [ [ -45.063267575628508, -21.37792746841955 ], [ -45.063267575628508, -21.379005446760498 ], [ -45.064615048554693, -21.379005446760495 ], [ -45.064615048554693, -21.377927468419553 ], [ -45.063267575628508, -21.37792746841955 ] ] ] } },
{ "type": "Feature", "properties": { "anos_com_queima": null, "area_ha": 2.4170015640437073, "inicio": 2016.0, "fim": 2020.0, "tipo": "unique", "id_feicao": "unique_2016_2020_44" }, "geometry": { "type": "Polygon", "coordinates": [ [ [ -45.11339356848238, -21.348822053214075 ], [ -45.11339356848238, -21.349091547799315 ], [ -45.114741041408557, -21.349091547799315 ], [ -45.114741041408557, -21.347744074873134 ], [ -45.113124073897147, -21.347744074873134 ], [ -45.113124073897147, -21.348822053214075 ], [ -45.11339356848238, -21.348822053214075 ] ] ] } },
{ "type": "Feature", "properties": { "anos_com_queima": null, "area_ha": 1.3336705639462918, "inicio": 2016.0, "fim": 2020.0, "tipo": "unique", "id_feicao": "unique_2016_2020_45" }, "geometry": { "type": "Polygon", "coordinates": [ [ [ -45.080784723668842, -21.330496421418037 ], [ -45.079706745327897, -21.33049642141804 ], [ -45.079706745327897, -21.331574399758974 ], [ -45.080784723668842, -21.331574399758981 ], [ -45.080784723668842, -21.330496421418037 ] ] ] } },
{ "type": "Feature", "properties": { "anos_com_queima": null, "area_ha": 1.3338145570009947, "inicio": 2016.0, "fim": 2020.0, "tipo": "unique", "id_feicao": "unique_2016_2020_46" }, "geometry": { "type": "Polygon", "coordinates": [ [ [ -45.08886956122592, -21.314326746303887 ], [ -45.087791582884975, -21.314326746303887 ], [ -45.087791582884975, -21.315404724644829 ], [ -45.08886956122592, -21.315404724644836 ], [ -45.08886956122592, -21.314326746303887 ] ] ] } },
{ "type": "Feature", "properties": { "anos_com_queima": null, "area_ha": 1.3339370267353952, "inicio": 2016.0, "fim": 2020.0, "tipo": "unique", "id_feicao": "unique_2016_2020_47" }, "geometry": { "type": "Polygon", "coordinates": [ [ [ -45.05221829763385, -21.300313027871628 ], [ -45.051140319292905, -21.300313027871621 ], [ -45.051140319292905, -21.301391006212569 ], [ -45.05221829763385, -21.301391006212562 ], [ -45.05221829763385, -21.300313027871628 ] ] ] } },
{ "type": "Feature", "properties": { "anos_com_queima": null, "area_ha": 2.0842824202349925, "inicio": 2016.0, "fim": 2020.0, "tipo": "unique", "id_feicao": "unique_2016_2020_48" }, "geometry": { "type": "Polygon", "coordinates": [ [ [ -45.054643748900965, -21.299774038701148 ], [ -45.054643748900965, -21.301121511627326 ], [ -45.055991221827142, -21.301121511627326 ], [ -45.055991221827142, -21.299774038701152 ], [ -45.054643748900965, -21.299774038701148 ] ] ] } },
{ "type": "Feature", "properties": { "anos_com_queima": null, "area_ha": 4.3355073027541975, "inicio": 2016.0, "fim": 2020.0, "tipo": "unique", "id_feicao": "unique_2016_2020_49" }, "geometry": { "type": "Polygon", "coordinates": [ [ [ -45.101535806732002, -21.294653641581672 ], [ -45.101535806732002, -21.294923136166908 ], [ -45.102613785072947, -21.294923136166911 ], [ -45.102613785072947, -21.294384146996435 ], [ -45.10288327965818, -21.294384146996432 ], [ -45.10288327965818, -21.293036674070247 ], [ -45.102344290487714, -21.293036674070244 ], [ -45.102344290487714, -21.292767179485026 ], [ -45.10126631214677, -21.292767179485026 ], [ -45.10126631214677, -21.293036674070244 ], [ -45.100727322976297, -21.293036674070244 ], [ -45.100727322976297, -21.294114652411189 ], [ -45.10099681756153, -21.294114652411199 ], [ -45.10099681756153, -21.294384146996435 ], [ -45.10126631214677, -21.294384146996435 ], [ -45.10126631214677, -21.294653641581668 ], [ -45.101535806732002, -21.294653641581672 ] ] ] } },
{ "type": "Feature", "properties": { "anos_com_queima": null, "area_ha": 3.5852338113317268, "inicio": 2016.0, "fim": 2020.0, "tipo": "unique", "id_feicao": "unique_2016_2020_50" }, "geometry": { "type": "Polygon", "coordinates": [ [ [ -45.10099681756153, -21.290611222803129 ], [ -45.102074795902475, -21.290611222803136 ], [ -45.102074795902475, -21.288994255291716 ], [ -45.101805301317242, -21.288994255291719 ], [ -45.101805301317242, -21.288724760706486 ], [ -45.10126631214677, -21.28872476070649 ], [ -45.10126631214677, -21.288455266121243 ], [ -45.100188333805825, -21.288455266121247 ], [ -45.100188333805825, -21.289533244462188 ], [ -45.100457828391058, -21.289533244462191 ], [ -45.100457828391058, -21.289802739047428 ], [ -45.100727322976297, -21.289802739047417 ], [ -45.100727322976297, -21.290072233632664 ], [ -45.10099681756153, -21.29007223363266 ], [ -45.10099681756153, -21.290611222803129 ] ] ] } },
{ "type": "Feature", "properties": { "anos_com_queima": null, "area_ha": 3.5019325789227711, "inicio": 2016.0, "fim": 2020.0, "tipo": "unique", "id_feicao": "unique_2016_2020_51" }, "geometry": { "type": "Polygon", "coordinates": [ [ [ -45.048984362611016, -21.284412847342704 ], [ -45.048984362611016, -21.286029814854121 ], [ -45.047636889684831, -21.286029814854125 ], [ -45.047636889684831, -21.287107793195062 ], [ -45.049253857196248, -21.287107793195052 ], [ -45.049253857196248, -21.285490825683656 ], [ -45.05006234095196, -21.285490825683656 ], [ -45.05006234095196, -21.284412847342704 ], [ -45.048984362611016, -21.284412847342704 ] ] ] } },
{ "type": "Feature", "properties": { "anos_com_queima": null, "area_ha": 1.3340968570059117, "inicio": 2016.0, "fim": 2020.0, "tipo": "unique", "id_feicao": "unique_2016_2020_52" }, "geometry": { "type": "Polygon", "coordinates": [ [ [ -45.045480933002942, -21.282256890660822 ], [ -45.045480933002942, -21.283334869001759 ], [ -45.046558911343887, -21.283334869001767 ], [ -45.046558911343887, -21.282256890660818 ], [ -45.045480933002942, -21.282256890660822 ] ] ] } },
{ "type": "Feature", "properties": { "anos_com_queima": null, "area_ha": 2.3347241962548346, "inicio": 2016.0, "fim": 2020.0, "tipo": "unique", "id_feicao": "unique_2016_2020_53" }, "geometry": { "type": "Polygon", "coordinates": [ [ [ -45.052757286804322, -21.279561944808467 ], [ -45.053026781389548, -21.279561944808464 ], [ -45.053026781389548, -21.280100933978929 ], [ -45.054104759730492, -21.280100933978925 ], [ -45.054104759730492, -21.278483966467515 ], [ -45.052757286804322, -21.278483966467519 ], [ -45.052757286804322, -21.279561944808467 ] ] ] } },
{ "type": "Feature", "properties": { "anos_com_queima": null, "area_ha": 1.9180091198565685, "inicio": 2016.0, "fim": 2020.0, "tipo": "unique", "id_feicao": "unique_2016_2020_54" }, "geometry": { "type": "Polygon", "coordinates": [ [ [ -45.089408550396392, -21.263122775109071 ], [ -45.089408550396392, -21.263392269694307 ], [ -45.089139055811152, -21.263392269694307 ], [ -45.089139055811152, -21.264470248035252 ], [ -45.090217034152097, -21.264470248035249 ], [ -45.090217034152097, -21.264200753450019 ], [ -45.09048652873733, -21.264200753450009 ], [ -45.09048652873733, -21.263122775109075 ], [ -45.089408550396392, -21.263122775109071 ] ] ] } },
{ "type": "Feature", "properties": { "anos_com_queima": null, "area_ha": 1.3342804988709014, "inicio": 2016.0, "fim": 2020.0, "tipo": "unique", "id_feicao": "unique_2016_2020_55" }, "geometry": { "type": "Polygon", "coordinates": [ [ [ -45.091834001663514, -21.261775302182897 ], [ -45.091834001663514, -21.262853280523832 ], [ -45.092911980004459, -21.262853280523839 ], [ -45.092911980004459, -21.261775302182894 ], [ -45.091834001663514, -21.261775302182897 ] ] ] } },
{ "type": "Feature", "properties": { "anos_com_queima": null, "area_ha": 1.3342845568805932, "inicio": 2016.0, "fim": 2020.0, "tipo": "unique", "id_feicao": "unique_2016_2020_56" }, "geometry": { "type": "Polygon", "coordinates": [ [ [ -45.081323712839314, -21.261236313012425 ], [ -45.080245734498369, -21.261236313012429 ], [ -45.080245734498369, -21.262314291353366 ], [ -45.081323712839314, -21.262314291353363 ], [ -45.081323712839314, -21.261236313012425 ] ] ] } },
{ "type": "Feature", "properties": { "anos_com_queima": null, "area_ha": 16.344959485067243, "inicio": 2016.0, "fim": 2020.0, "tipo": "unique", "id_feicao": "unique_2016_2020_57" }, "geometry": { "type": "Polygon", "coordinates": [ [ [ -45.075394831964125, -21.263931258864776 ], [ -45.07674230489031, -21.263931258864773 ], [ -45.07674230489031, -21.263661764279547 ], [ -45.077011799475542, -21.263661764279544 ], [ -45.077011799475542, -21.263392269694307 ], [ -45.079976239913144, -21.263392269694304 ], [ -45.079976239913144, -21.262314291353363 ], [ -45.077011799475542, -21.262314291353363 ], [ -45.077011799475542, -21.261505807597668 ], [ -45.07674230489031, -21.261505807597665 ], [ -45.07674230489031, -21.261236313012418 ], [ -45.07647281030507, -21.261236313012418 ], [ -45.07647281030507, -21.260697323841953 ], [ -45.076203315719837, -21.260697323841949 ], [ -45.076203315719837, -21.259349850915765 ], [ -45.075125337378893, -21.259349850915765 ], [ -45.075125337378893, -21.259888840086237 ], [ -45.073777864452708, -21.259888840086241 ], [ -45.073777864452708, -21.260966818427185 ], [ -45.074047359037948, -21.260966818427192 ], [ -45.074047359037948, -21.263392269694307 ], [ -45.075394831964125, -21.2633922696943 ], [ -45.075394831964125, -21.263931258864776 ] ] ] } },
{ "type": "Feature", "properties": { "anos_com_queima": null, "area_ha": 89.814768727163226, "inicio": 2016.0, "fim": 2020.0, "tipo": "unique", "id_feicao": "unique_2016_2020_58" }, "geometry": { "type": "Polygon", "coordinates": [ [ [ -45.046019922173414, -21.260158334671473 ], [ -45.044941943832477, -21.260158334671473 ], [ -45.044941943832477, -21.260966818427192 ], [ -45.044672449247237, -21.260966818427185 ], [ -45.044672449247237, -21.261505807597658 ], [ -45.044133460076765, -21.261505807597658 ], [ -45.044133460076765, -21.262044796768127 ], [ -45.040899525053938, -21.26204479676813 ], [ -45.040899525053938, -21.260966818427189 ], [ -45.039552052127753, -21.260966818427192 ], [ -45.039552052127753, -21.262044796768137 ], [ -45.040360535883465, -21.26204479676813 ], [ -45.040360535883465, -21.266087215546666 ], [ -45.039821546712993, -21.266087215546673 ], [ -45.039821546712993, -21.26743468847285 ], [ -45.04143851422441, -21.267434688472846 ], [ -45.04143851422441, -21.266356710131905 ], [ -45.041708008809643, -21.266356710131909 ], [ -45.041708008809643, -21.266087215546666 ], [ -45.041977503394882, -21.266087215546658 ], [ -45.041977503394882, -21.265817720961429 ], [ -45.042516492565348, -21.265817720961426 ], [ -45.042516492565348, -21.264470248035256 ], [ -45.042785987150587, -21.264470248035249 ], [ -45.042785987150587, -21.262583785938599 ], [ -45.044941943832477, -21.262583785938595 ], [ -45.044941943832477, -21.262853280523828 ], [ -45.045211438417709, -21.262853280523835 ], [ -45.045211438417709, -21.26366176427954 ], [ -45.045480933002942, -21.263661764279544 ], [ -45.045480933002942, -21.264200753450019 ], [ -45.046019922173414, -21.264200753450019 ], [ -45.046019922173414, -21.264739742620488 ], [ -45.046289416758654, -21.264739742620492 ], [ -45.046289416758654, -21.265009237205724 ], [ -45.046558911343887, -21.265009237205721 ], [ -45.046558911343887, -21.265278731790964 ], [ -45.046828405929126, -21.265278731790961 ], [ -45.046828405929126, -21.2655482263762 ], [ -45.047097900514359, -21.265548226376197 ], [ -45.047097900514359, -21.265817720961426 ], [ -45.047367395099599, -21.265817720961422 ], [ -45.047367395099599, -21.266087215546666 ], [ -45.048714868025776, -21.266087215546662 ], [ -45.048714868025776, -21.265817720961422 ], [ -45.049792846366721, -21.265817720961422 ], [ -45.049792846366721, -21.264200753450012 ], [ -45.051140319292905, -21.264200753450012 ], [ -45.051140319292905, -21.261236313012422 ], [ -45.050601330122433, -21.261236313012425 ], [ -45.050601330122433, -21.260427829256717 ], [ -45.050331835537193, -21.260427829256724 ], [ -45.050331835537193, -21.260158334671484 ], [ -45.05006234095196, -21.260158334671488 ], [ -45.05006234095196, -21.259888840086244 ], [ -45.049792846366721, -21.259888840086241 ], [ -45.049792846366721, -21.259619345501008 ], [ -45.049523351781488, -21.259619345501001 ], [ -45.049523351781488, -21.259349850915768 ], [ -45.048984362611016, -21.259349850915772 ], [ -45.048984362611016, -21.2588108617453 ], [ -45.047636889684831, -21.2588108617453 ], [ -45.047636889684831, -21.258271872574831 ], [ -45.047367395099599, -21.258271872574827 ], [ -45.047367395099599, -21.25638541047817 ], [ -45.049523351781488, -21.256385410478174 ], [ -45.049523351781488, -21.256654905063414 ], [ -45.049792846366721, -21.256654905063417 ], [ -45.049792846366721, -21.257193894233886 ], [ -45.050870824707665, -21.257193894233883 ], [ -45.050870824707665, -21.25692439964865 ], [ -45.052487792219075, -21.256924399648653 ], [ -45.052487792219075, -21.255846421307705 ], [ -45.05221829763385, -21.255846421307705 ], [ -45.05221829763385, -21.255576926722476 ], [ -45.050601330122433, -21.255576926722476 ], [ -45.050601330122433, -21.255307432137233 ], [ -45.050331835537193, -21.255307432137233 ], [ -45.050331835537193, -21.255037937552 ], [ -45.049792846366721, -21.255037937552004 ], [ -45.049792846366721, -21.254768442966764 ], [ -45.049253857196248, -21.254768442966757 ], [ -45.049253857196248, -21.254498948381531 ], [ -45.048445373440543, -21.254498948381531 ], [ -45.048445373440543, -21.254229453796285 ], [ -45.048175878855304, -21.254229453796292 ], [ -45.048175878855304, -21.253959959211048 ], [ -45.043594470906292, -21.253959959211056 ], [ -45.043594470906292, -21.255576926722476 ], [ -45.04116901963917, -21.255576926722473 ], [ -45.04116901963917, -21.256924399648657 ], [ -45.04332497632106, -21.256924399648653 ], [ -45.04332497632106, -21.258002377989591 ], [ -45.046019922173414, -21.258002377989587 ], [ -45.046019922173414, -21.260158334671473 ] ] ] } },
{ "type": "Feature", "properties": { "anos_com_queima": null, "area_ha": 4.9204682196179768, "inicio": 2016.0, "fim": 2020.0, "tipo": "unique", "id_feicao": "unique_2016_2020_59" }, "geometry": { "type": "Polygon", "coordinates": [ [ [ -45.111776600970963, -21.252881980870104 ], [ -45.111776600970963, -21.251265013358701 ], [ -45.110698622630025, -21.251265013358697 ], [ -45.110698622630025, -21.252612486284878 ], [ -45.110968117215258, -21.252612486284878 ], [ -45.110968117215258, -21.254498948381528 ], [ -45.112046095556202, -21.254498948381528 ], [ -45.112046095556202, -21.253959959211056 ], [ -45.112854579311907, -21.253959959211052 ], [ -45.112854579311907, -21.252881980870107 ], [ -45.111776600970963, -21.252881980870104 ] ] ] } },
{ "type": "Feature", "properties": { "anos_com_queima": null, "area_ha": 2.2517956342580705, "inicio": 2016.0, "fim": 2020.0, "tipo": "unique", "id_feicao": "unique_2016_2020_60" }, "geometry": { "type": "Polygon", "coordinates": [ [ [ -45.090756023322569, -21.248300572921107 ], [ -45.090756023322569, -21.249378551262041 ], [ -45.091025517907802, -21.249378551262044 ], [ -45.091025517907802, -21.249917540432513 ], [ -45.092103496248747, -21.249917540432516 ], [ -45.092103496248747, -21.248570067506336 ], [ -45.091834001663514, -21.248570067506336 ], [ -45.091834001663514, -21.248300572921099 ], [ -45.090756023322569, -21.248300572921107 ] ] ] } },
{ "type": "Feature", "properties": { "anos_com_queima": null, "area_ha": 8.8406283587012435, "inicio": 2016.0, "fim": 2020.0, "tipo": "unique", "id_feicao": "unique_2016_2020_61" }, "geometry": { "type": "Polygon", "coordinates": [ [ [ -45.039282557542521, -21.245336132483505 ], [ -45.039552052127753, -21.245336132483502 ], [ -45.039552052127753, -21.245605627068741 ], [ -45.039821546712993, -21.245605627068748 ], [ -45.039821546712993, -21.245875121653988 ], [ -45.040360535883465, -21.245875121653981 ], [ -45.040360535883465, -21.246144616239217 ], [ -45.041708008809643, -21.246144616239221 ], [ -45.041708008809643, -21.245875121653981 ], [ -45.041977503394882, -21.245875121653981 ], [ -45.041977503394882, -21.245066637898276 ], [ -45.042246997980115, -21.245066637898269 ], [ -45.042246997980115, -21.244527648727789 ], [ -45.042516492565348, -21.244527648727797 ], [ -45.042516492565348, -21.244258154142557 ], [ -45.04305548173582, -21.244258154142557 ], [ -45.04305548173582, -21.243180175801616 ], [ -45.04116901963917, -21.243180175801619 ], [ -45.04116901963917, -21.243449670386859 ], [ -45.040630030468698, -21.243449670386855 ], [ -45.040630030468698, -21.243719164972088 ], [ -45.039821546712993, -21.243719164972088 ], [ -45.039821546712993, -21.24425815414256 ], [ -45.039282557542521, -21.244258154142564 ], [ -45.039282557542521, -21.245336132483505 ] ] ] } },
{ "type": "Feature", "properties": { "anos_com_queima": null, "area_ha": 8.340857386350228, "inicio": 2016.0, "fim": 2020.0, "tipo": "unique", "id_feicao": "unique_2016_2020_62" }, "geometry": { "type": "Polygon", "coordinates": [ [ [ -45.061381113531858, -21.234017359903589 ], [ -45.061381113531858, -21.232939381562648 ], [ -45.059764146020449, -21.232939381562655 ], [ -45.059764146020449, -21.232400392392176 ], [ -45.058955662264736, -21.232400392392183 ], [ -45.058955662264736, -21.232130897806947 ], [ -45.057069200168087, -21.23213089780694 ], [ -45.057069200168087, -21.232939381562655 ], [ -45.056799705582854, -21.232939381562659 ], [ -45.056799705582854, -21.234017359903593 ], [ -45.057069200168087, -21.234017359903593 ], [ -45.057069200168087, -21.234286854488843 ], [ -45.058416673094264, -21.23428685448884 ], [ -45.058416673094264, -21.2340173599036 ], [ -45.061381113531858, -21.234017359903589 ] ] ] } },
{ "type": "Feature", "properties": { "anos_com_queima": null, "area_ha": 2.4189459143755778, "inicio": 2016.0, "fim": 2020.0, "tipo": "unique", "id_feicao": "unique_2016_2020_63" }, "geometry": { "type": "Polygon", "coordinates": [ [ [ -45.088330572055447, -21.227818984443182 ], [ -45.088330572055447, -21.227549489857946 ], [ -45.08860006664068, -21.227549489857942 ], [ -45.08860006664068, -21.226471511516998 ], [ -45.08698309912927, -21.226471511516994 ], [ -45.08698309912927, -21.227818984443175 ], [ -45.088330572055447, -21.227818984443182 ] ] ] } },
{ "type": "Feature", "properties": { "anos_com_queima": null, "area_ha": 1.3346098420206458, "inicio": 2016.0, "fim": 2020.0, "tipo": "unique", "id_feicao": "unique_2016_2020_64" }, "geometry": { "type": "Polygon", "coordinates": [ [ [ -45.056260716412382, -21.224315554835108 ], [ -45.055182738071437, -21.224315554835108 ], [ -45.055182738071437, -21.225393533176053 ], [ -45.056260716412382, -21.225393533176057 ], [ -45.056260716412382, -21.224315554835108 ] ] ] } },
{ "type": "Feature", "properties": { "anos_com_queima": null, "area_ha": 9.4258035073782231, "inicio": 2016.0, "fim": 2020.0, "tipo": "unique", "id_feicao": "unique_2016_2020_65" }, "geometry": { "type": "Polygon", "coordinates": [ [ [ -45.059494651435209, -21.22512403859082 ], [ -45.059494651435209, -21.225393533176053 ], [ -45.060572629776154, -21.225393533176053 ], [ -45.060572629776154, -21.22512403859082 ], [ -45.060842124361386, -21.225124038590817 ], [ -45.060842124361386, -21.224046060249876 ], [ -45.060303135190914, -21.224046060249872 ], [ -45.060303135190914, -21.220542630641816 ], [ -45.058955662264736, -21.220542630641805 ], [ -45.058955662264736, -21.22162060898275 ], [ -45.057877683923792, -21.221620608982757 ], [ -45.057877683923792, -21.222968081908927 ], [ -45.059225156849976, -21.222968081908927 ], [ -45.059225156849976, -21.224046060249872 ], [ -45.058955662264736, -21.224046060249872 ], [ -45.058955662264736, -21.22512403859082 ], [ -45.059494651435209, -21.22512403859082 ] ] ] } },
{ "type": "Feature", "properties": { "anos_com_queima": null, "area_ha": 45.878919049296705, "inicio": 2016.0, "fim": 2020.0, "tipo": "unique", "id_feicao": "unique_2016_2020_66" }, "geometry": { "type": "Polygon", "coordinates": [ [ [ -45.066501510651342, -21.217039201033739 ], [ -45.066501510651342, -21.217308695618978 ], [ -45.06596252148087, -21.217308695618986 ], [ -45.06596252148087, -21.218386673959923 ], [ -45.065154037725165, -21.218386673959916 ], [ -45.065154037725165, -21.218925663130388 ], [ -45.064884543139925, -21.218925663130392 ], [ -45.064884543139925, -21.220542630641805 ], [ -45.065154037725165, -21.220542630641802 ], [ -45.065154037725165, -21.221081619812281 ], [ -45.065423532310398, -21.221081619812278 ], [ -45.065423532310398, -21.221351114397514 ], [ -45.065693026895637, -21.221351114397518 ], [ -45.065693026895637, -21.222159598153226 ], [ -45.066771005236575, -21.222159598153219 ], [ -45.066771005236575, -21.224315554835115 ], [ -45.068118478162759, -21.224315554835108 ], [ -45.068118478162759, -21.224046060249879 ], [ -45.068387972747992, -21.224046060249872 ], [ -45.068387972747992, -21.223507071079403 ], [ -45.069465951088937, -21.2235070710794 ], [ -45.069465951088937, -21.223237576494171 ], [ -45.069735445674169, -21.223237576494164 ], [ -45.069735445674169, -21.22189010356799 ], [ -45.068926961918464, -21.22189010356799 ], [ -45.068926961918464, -21.219734146886097 ], [ -45.072160896941298, -21.219734146886093 ], [ -45.072160896941298, -21.219195157715628 ], [ -45.072430391526531, -21.219195157715628 ], [ -45.072430391526531, -21.216230717278034 ], [ -45.073238875282236, -21.216230717278041 ], [ -45.073238875282236, -21.215152738937086 ], [ -45.071621907770826, -21.215152738937096 ], [ -45.071621907770826, -21.215961222692805 ], [ -45.067309994407047, -21.215961222692798 ], [ -45.067309994407047, -21.21650021186327 ], [ -45.067040499821815, -21.21650021186327 ], [ -45.067040499821815, -21.216769706448499 ], [ -45.066771005236575, -21.216769706448506 ], [ -45.066771005236575, -21.217039201033742 ], [ -45.066501510651342, -21.217039201033739 ] ] ] } },
{ "type": "Feature", "properties": { "anos_com_queima": null, "area_ha": 2.8362421707741916, "inicio": 2016.0, "fim": 2020.0, "tipo": "unique", "id_feicao": "unique_2016_2020_67" }, "geometry": { "type": "Polygon", "coordinates": [ [ [ -45.042516492565348, -21.214074760596144 ], [ -45.042246997980115, -21.214074760596151 ], [ -45.042246997980115, -21.213805266010915 ], [ -45.041708008809643, -21.213805266010908 ], [ -45.041708008809643, -21.213535771425672 ], [ -45.040630030468698, -21.213535771425676 ], [ -45.040630030468698, -21.214613749766613 ], [ -45.040899525053938, -21.214613749766617 ], [ -45.040899525053938, -21.21488324435186 ], [ -45.04143851422441, -21.214883244351864 ], [ -45.04143851422441, -21.215152738937096 ], [ -45.042516492565348, -21.215152738937096 ], [ -45.042516492565348, -21.214074760596144 ] ] ] } },
{ "type": "Feature", "properties": { "anos_com_queima": null, "area_ha": 1.3347237558990717, "inicio": 2016.0, "fim": 2020.0, "tipo": "unique", "id_feicao": "unique_2016_2020_68" }, "geometry": { "type": "Polygon", "coordinates": [ [ [ -45.046558911343887, -21.211379814743786 ], [ -45.045480933002942, -21.211379814743786 ], [ -45.045480933002942, -21.212457793084727 ], [ -45.046558911343887, -21.212457793084727 ], [ -45.046558911343887, -21.211379814743786 ] ] ] } },
{ "type": "Feature", "properties": { "anos_com_queima": null, "area_ha": 122.38677030797527, "inicio": 2016.0, "fim": 2020.0, "tipo": "unique", "id_feicao": "unique_2016_2020_69" }, "geometry": { "type": "Polygon", "coordinates": [ [ [ -45.107734182192431, -21.19925255840818 ], [ -45.106117214681014, -21.19925255840818 ], [ -45.106117214681014, -21.200600031334353 ], [ -45.107464687607191, -21.200600031334361 ], [ -45.107464687607191, -21.201139020504826 ], [ -45.107734182192431, -21.201139020504822 ], [ -45.107734182192431, -21.201408515090062 ], [ -45.108273171362903, -21.201408515090062 ], [ -45.108273171362903, -21.203833966357184 ], [ -45.110698622630025, -21.203833966357184 ], [ -45.110698622630025, -21.207067901380018 ], [ -45.115010535993797, -21.207067901380018 ], [ -45.115010535993797, -21.206528912209549 ], [ -45.116358008919974, -21.206528912209535 ], [ -45.116358008919974, -21.206259417624313 ], [ -45.118513965601863, -21.206259417624313 ], [ -45.118513965601863, -21.206528912209549 ], [ -45.120400427698513, -21.206528912209553 ], [ -45.120400427698513, -21.205450933868601 ], [ -45.12013093311328, -21.205450933868605 ], [ -45.12013093311328, -21.205181439283365 ], [ -45.119591943942808, -21.205181439283368 ], [ -45.119591943942808, -21.204103460942424 ], [ -45.119052954772336, -21.204103460942431 ], [ -45.119052954772336, -21.201678009675291 ], [ -45.118783460187096, -21.201678009675298 ], [ -45.118783460187096, -21.201408515090062 ], [ -45.118513965601863, -21.201408515090069 ], [ -45.118513965601863, -21.201139020504822 ], [ -45.118244471016624, -21.201139020504826 ], [ -45.118244471016624, -21.197905085481995 ], [ -45.117705481846151, -21.197905085481995 ], [ -45.117705481846151, -21.19763559089677 ], [ -45.117166492675686, -21.197635590896759 ], [ -45.117166492675686, -21.195210139629637 ], [ -45.116896998090446, -21.195210139629641 ], [ -45.116896998090446, -21.194940645044404 ], [ -45.115819019749502, -21.194940645044394 ], [ -45.115819019749502, -21.197096601726287 ], [ -45.114471546823324, -21.197096601726294 ], [ -45.114471546823324, -21.198444074652464 ], [ -45.114741041408557, -21.198444074652475 ], [ -45.114741041408557, -21.200600031334357 ], [ -45.112585084726675, -21.200600031334353 ], [ -45.112585084726675, -21.198444074652468 ], [ -45.111776600970963, -21.198444074652471 ], [ -45.111776600970963, -21.198174580067228 ], [ -45.110968117215258, -21.198174580067239 ], [ -45.110968117215258, -21.197366096311526 ], [ -45.110698622630025, -21.197366096311534 ], [ -45.110698622630025, -21.195210139629637 ], [ -45.111776600970963, -21.195210139629634 ], [ -45.111776600970963, -21.194940645044397 ], [ -45.112315590141435, -21.194940645044404 ], [ -45.112315590141435, -21.193054182947751 ], [ -45.111237611800497, -21.193054182947751 ], [ -45.111237611800497, -21.193323677532987 ], [ -45.110698622630025, -21.193323677532991 ], [ -45.110698622630025, -21.194401655873925 ], [ -45.108273171362903, -21.194401655873929 ], [ -45.108273171362903, -21.192245699192046 ], [ -45.108542665948136, -21.192245699192043 ], [ -45.108542665948136, -21.191976204606807 ], [ -45.108812160533368, -21.19197620460681 ], [ -45.108812160533368, -21.190898226265865 ], [ -45.107195193021958, -21.190898226265858 ], [ -45.107195193021958, -21.195479634214873 ], [ -45.108812160533368, -21.195479634214866 ], [ -45.108812160533368, -21.197635590896766 ], [ -45.108273171362903, -21.197635590896763 ], [ -45.108273171362903, -21.1987135692377 ], [ -45.107734182192431, -21.1987135692377 ], [ -45.107734182192431, -21.19925255840818 ] ] ] } },
{ "type": "Feature", "properties": { "anos_com_queima": null, "area_ha": 975.30249161080303, "inicio": 2016.0, "fim": 2020.0, "tipo": "unique", "id_feicao": "unique_2016_2020_70" }, "geometry": { "type": "Polygon", "coordinates": [ [ [ -45.114471546823324, -21.173381078225539 ], [ -45.110968117215258, -21.173381078225528 ], [ -45.110968117215258, -21.173111583640292 ], [ -45.110159633459553, -21.173111583640303 ], [ -45.110159633459553, -21.17284208905507 ], [ -45.109890138874313, -21.172842089055059 ], [ -45.109890138874313, -21.172572594469827 ], [ -45.10962064428908, -21.172572594469823 ], [ -45.10962064428908, -21.172303099884587 ], [ -45.106117214681014, -21.172303099884584 ], [ -45.106117214681014, -21.172033605299347 ], [ -45.105308730925309, -21.172033605299362 ], [ -45.105308730925309, -21.172303099884591 ], [ -45.102613785072947, -21.172303099884587 ], [ -45.102613785072947, -21.172572594469827 ], [ -45.102344290487714, -21.172572594469827 ], [ -45.102344290487714, -21.17284208905507 ], [ -45.102074795902475, -21.17284208905507 ], [ -45.102074795902475, -21.173920067396004 ], [ -45.102344290487714, -21.173920067396011 ], [ -45.102344290487714, -21.176076024077897 ], [ -45.100727322976297, -21.17607602407789 ], [ -45.100727322976297, -21.17634551866313 ], [ -45.098571366294408, -21.176345518663123 ], [ -45.098571366294408, -21.175537034907418 ], [ -45.097223893368231, -21.175537034907421 ], [ -45.097223893368231, -21.175806529492654 ], [ -45.096954398782991, -21.175806529492661 ], [ -45.096954398782991, -21.176884507833599 ], [ -45.097223893368231, -21.176884507833591 ], [ -45.097223893368231, -21.177423497004071 ], [ -45.097762882538703, -21.177423497004071 ], [ -45.097762882538703, -21.177692991589311 ], [ -45.098571366294408, -21.177692991589304 ], [ -45.098571366294408, -21.177962486174547 ], [ -45.098840860879648, -21.177962486174543 ], [ -45.098840860879648, -21.180387937441665 ], [ -45.098301871709175, -21.180387937441658 ], [ -45.098301871709175, -21.180657432026901 ], [ -45.097762882538703, -21.180657432026901 ], [ -45.097762882538703, -21.181196421197377 ], [ -45.097493387953463, -21.181196421197374 ], [ -45.097493387953463, -21.181465915782606 ], [ -45.096954398782991, -21.181465915782617 ], [ -45.096954398782991, -21.182274399538315 ], [ -45.095337431271581, -21.182274399538322 ], [ -45.095337431271581, -21.182543894123551 ], [ -45.095067936686341, -21.182543894123551 ], [ -45.095067936686341, -21.184699850805437 ], [ -45.091834001663514, -21.184699850805437 ], [ -45.091834001663514, -21.184430356220204 ], [ -45.090756023322569, -21.184430356220204 ], [ -45.090756023322569, -21.184160861634961 ], [ -45.089678044981625, -21.184160861634965 ], [ -45.089678044981625, -21.184699850805437 ], [ -45.089408550396392, -21.18469985080544 ], [ -45.089408550396392, -21.185508334561145 ], [ -45.084018658691676, -21.185508334561156 ], [ -45.084018658691676, -21.187125302072566 ], [ -45.081323712839314, -21.187125302072559 ], [ -45.081323712839314, -21.187394796657795 ], [ -45.081054218254089, -21.187394796657799 ], [ -45.081054218254089, -21.188203280413504 ], [ -45.080784723668842, -21.188203280413507 ], [ -45.080784723668842, -21.190359237095397 ], [ -45.080515229083616, -21.190359237095393 ], [ -45.080515229083616, -21.190898226265858 ], [ -45.079167756157425, -21.190898226265862 ], [ -45.079167756157425, -21.192784688362515 ], [ -45.077820283231254, -21.192784688362512 ], [ -45.077820283231254, -21.193054182947748 ], [ -45.077550788646015, -21.193054182947744 ], [ -45.077550788646015, -21.193323677532995 ], [ -45.077281294060782, -21.193323677532984 ], [ -45.077281294060782, -21.194940645044394 ], [ -45.077011799475542, -21.194940645044394 ], [ -45.077011799475542, -21.196018623385342 ], [ -45.077281294060782, -21.196018623385349 ], [ -45.077281294060782, -21.196288117970575 ], [ -45.077820283231254, -21.196288117970589 ], [ -45.077820283231254, -21.198174580067228 ], [ -45.078089777816487, -21.198174580067231 ], [ -45.078089777816487, -21.200330536749124 ], [ -45.075933821134598, -21.200330536749117 ], [ -45.075933821134598, -21.201408515090069 ], [ -45.075664326549365, -21.201408515090062 ], [ -45.075664326549365, -21.20221699884577 ], [ -45.075394831964125, -21.202216998845774 ], [ -45.075394831964125, -21.20248649343101 ], [ -45.072969380697003, -21.202486493431014 ], [ -45.072969380697003, -21.199791547578652 ], [ -45.070813424015114, -21.199791547578659 ], [ -45.070813424015114, -21.199522052993412 ], [ -45.070543929429881, -21.199522052993409 ], [ -45.070543929429881, -21.19925255840818 ], [ -45.069465951088937, -21.199252558408173 ], [ -45.069465951088937, -21.200600031334353 ], [ -45.064884543139925, -21.200600031334353 ], [ -45.064884543139925, -21.201408515090066 ], [ -45.064615048554693, -21.201408515090066 ], [ -45.064615048554693, -21.202755988016243 ], [ -45.064345553969453, -21.202755988016239 ], [ -45.064345553969453, -21.203025482601479 ], [ -45.063267575628508, -21.203025482601479 ], [ -45.063267575628508, -21.2046424501129 ], [ -45.063537070213748, -21.204642450112893 ], [ -45.063537070213748, -21.204911944698122 ], [ -45.064345553969453, -21.204911944698132 ], [ -45.064345553969453, -21.205450933868605 ], [ -45.065423532310398, -21.205450933868597 ], [ -45.065423532310398, -21.205181439283361 ], [ -45.065693026895637, -21.205181439283358 ], [ -45.065693026895637, -21.204911944698129 ], [ -45.066232016066103, -21.204911944698132 ], [ -45.066232016066103, -21.204642450112896 ], [ -45.066501510651342, -21.204642450112896 ], [ -45.066501510651342, -21.203833966357184 ], [ -45.068387972747992, -21.203833966357184 ], [ -45.068387972747992, -21.203025482601479 ], [ -45.071082918600354, -21.203025482601475 ], [ -45.071082918600354, -21.204103460942424 ], [ -45.071891402356059, -21.204103460942424 ], [ -45.071891402356059, -21.20437295552766 ], [ -45.073238875282236, -21.204372955527663 ], [ -45.073238875282236, -21.205450933868605 ], [ -45.073777864452708, -21.205450933868605 ], [ -45.073777864452708, -21.205720428453834 ], [ -45.074047359037948, -21.205720428453834 ], [ -45.074047359037948, -21.205989923039077 ], [ -45.074316853623181, -21.20598992303907 ], [ -45.074316853623181, -21.207606890550476 ], [ -45.07458634820842, -21.207606890550487 ], [ -45.07458634820842, -21.207876385135719 ], [ -45.074855842793653, -21.207876385135727 ], [ -45.074855842793653, -21.208145879720956 ], [ -45.075664326549365, -21.208145879720949 ], [ -45.075664326549365, -21.208684868891432 ], [ -45.076203315719837, -21.208684868891428 ], [ -45.076203315719837, -21.209493352647137 ], [ -45.07647281030507, -21.209493352647137 ], [ -45.07647281030507, -21.209762847232373 ], [ -45.07674230489031, -21.20976284723238 ], [ -45.07674230489031, -21.210301836402845 ], [ -45.080515229083616, -21.210301836402849 ], [ -45.080515229083616, -21.208954363476668 ], [ -45.082671185765491, -21.208954363476671 ], [ -45.082671185765491, -21.2092238580619 ], [ -45.082940680350731, -21.209223858061893 ], [ -45.082940680350731, -21.209493352647137 ], [ -45.083210174935964, -21.209493352647137 ], [ -45.083210174935964, -21.209762847232373 ], [ -45.084288153276908, -21.209762847232369 ], [ -45.084288153276908, -21.211918803914269 ], [ -45.087252593714503, -21.211918803914259 ], [ -45.087252593714503, -21.212727287669967 ], [ -45.087522088299735, -21.212727287669964 ], [ -45.087522088299735, -21.215961222692801 ], [ -45.087252593714503, -21.215961222692798 ], [ -45.087252593714503, -21.217039201033739 ], [ -45.08860006664068, -21.217039201033739 ], [ -45.08860006664068, -21.216769706448506 ], [ -45.091025517907802, -21.216769706448499 ], [ -45.091025517907802, -21.217039201033742 ], [ -45.092103496248747, -21.217039201033742 ], [ -45.092103496248747, -21.211649309329019 ], [ -45.092642485419219, -21.211649309329026 ], [ -45.092642485419219, -21.210571330988078 ], [ -45.095067936686341, -21.210571330988078 ], [ -45.095067936686341, -21.214074760596144 ], [ -45.096954398782991, -21.214074760596148 ], [ -45.096954398782991, -21.212727287669974 ], [ -45.09911035546488, -21.21272728766996 ], [ -45.09911035546488, -21.213266276840447 ], [ -45.10099681756153, -21.213266276840443 ], [ -45.10099681756153, -21.212457793084727 ], [ -45.10126631214677, -21.212457793084738 ], [ -45.10126631214677, -21.212188298499505 ], [ -45.101535806732002, -21.212188298499495 ], [ -45.101535806732002, -21.211649309329019 ], [ -45.101805301317242, -21.211649309329026 ], [ -45.101805301317242, -21.210571330988078 ], [ -45.10288327965818, -21.210571330988074 ], [ -45.10288327965818, -21.210301836402845 ], [ -45.103422268828652, -21.210301836402849 ], [ -45.103422268828652, -21.207876385135723 ], [ -45.104230752584364, -21.207876385135727 ], [ -45.104230752584364, -21.207606890550487 ], [ -45.106386709266246, -21.207606890550483 ], [ -45.106386709266246, -21.207876385135716 ], [ -45.106925698436719, -21.207876385135727 ], [ -45.106925698436719, -21.208145879720952 ], [ -45.107195193021958, -21.208145879720952 ], [ -45.107195193021958, -21.208684868891435 ], [ -45.107734182192431, -21.208684868891428 ], [ -45.107734182192431, -21.209223858061907 ], [ -45.108273171362903, -21.209223858061897 ], [ -45.108273171362903, -21.209762847232376 ], [ -45.110159633459553, -21.20976284723238 ], [ -45.110159633459553, -21.207067901380022 ], [ -45.108542665948136, -21.207067901380022 ], [ -45.108542665948136, -21.206528912209549 ], [ -45.107734182192431, -21.206528912209549 ], [ -45.107734182192431, -21.205720428453841 ], [ -45.106656203851486, -21.205720428453841 ], [ -45.106656203851486, -21.20625941762431 ], [ -45.106117214681014, -21.206259417624306 ], [ -45.106117214681014, -21.206528912209549 ], [ -45.10288327965818, -21.206528912209546 ], [ -45.10288327965818, -21.209223858061904 ], [ -45.102074795902475, -21.209223858061897 ], [ -45.102074795902475, -21.209493352647133 ], [ -45.101805301317242, -21.209493352647137 ], [ -45.101805301317242, -21.209762847232369 ], [ -45.09911035546488, -21.209762847232376 ], [ -45.09911035546488, -21.209493352647133 ], [ -45.098571366294408, -21.209493352647137 ], [ -45.098571366294408, -21.207337395965254 ], [ -45.100727322976297, -21.207337395965258 ], [ -45.100727322976297, -21.20625941762431 ], [ -45.102344290487714, -21.206259417624313 ], [ -45.102344290487714, -21.204911944698132 ], [ -45.101805301317242, -21.204911944698132 ], [ -45.101805301317242, -21.203564471771951 ], [ -45.098032377123936, -21.203564471771951 ], [ -45.098032377123936, -21.203294977186722 ], [ -45.095606925856814, -21.203294977186715 ], [ -45.095606925856814, -21.200869525919593 ], [ -45.096415409612518, -21.20086952591959 ], [ -45.096415409612518, -21.199791547578641 ], [ -45.096684904197758, -21.199791547578652 ], [ -45.096684904197758, -21.199522052993409 ], [ -45.098032377123936, -21.199522052993409 ], [ -45.098032377123936, -21.199252558408176 ], [ -45.10099681756153, -21.19925255840818 ], [ -45.10099681756153, -21.199791547578652 ], [ -45.102344290487714, -21.199791547578659 ], [ -45.102344290487714, -21.198713569237704 ], [ -45.099649344635353, -21.1987135692377 ], [ -45.099649344635353, -21.196288117970585 ], [ -45.10288327965818, -21.196288117970578 ], [ -45.10288327965818, -21.194940645044401 ], [ -45.100188333805825, -21.194940645044404 ], [ -45.100188333805825, -21.193862666703463 ], [ -45.098840860879648, -21.193862666703453 ], [ -45.098840860879648, -21.194132161288696 ], [ -45.098571366294408, -21.194132161288699 ], [ -45.098571366294408, -21.194401655873939 ], [ -45.097762882538703, -21.194401655873925 ], [ -45.097762882538703, -21.194671150459161 ], [ -45.097493387953463, -21.194671150459168 ], [ -45.097493387953463, -21.194940645044394 ], [ -45.097223893368231, -21.194940645044394 ], [ -45.097223893368231, -21.195210139629641 ], [ -45.096415409612518, -21.195210139629644 ], [ -45.096415409612518, -21.19547963421487 ], [ -45.095876420442053, -21.195479634214873 ], [ -45.095876420442053, -21.196557612555811 ], [ -45.095606925856814, -21.196557612555818 ], [ -45.095606925856814, -21.196827107141058 ], [ -45.095337431271581, -21.196827107141058 ], [ -45.095337431271581, -21.197096601726287 ], [ -45.094528947515869, -21.197096601726283 ], [ -45.094528947515869, -21.198174580067231 ], [ -45.091834001663514, -21.198174580067235 ], [ -45.091834001663514, -21.197635590896766 ], [ -45.08860006664068, -21.197635590896759 ], [ -45.08860006664068, -21.195479634214877 ], [ -45.08886956122592, -21.195479634214877 ], [ -45.08886956122592, -21.195210139629644 ], [ -45.089139055811152, -21.195210139629644 ], [ -45.089139055811152, -21.194940645044401 ], [ -45.089408550396392, -21.194940645044404 ], [ -45.089408550396392, -21.194401655873939 ], [ -45.090217034152097, -21.194401655873925 ], [ -45.090217034152097, -21.194132161288692 ], [ -45.091295012493042, -21.194132161288692 ], [ -45.091295012493042, -21.192515193777282 ], [ -45.091834001663514, -21.192515193777275 ], [ -45.091834001663514, -21.191976204606817 ], [ -45.092372990833987, -21.191976204606817 ], [ -45.092372990833987, -21.191437215436338 ], [ -45.094528947515869, -21.191437215436338 ], [ -45.094528947515869, -21.191976204606814 ], [ -45.095606925856814, -21.191976204606807 ], [ -45.095606925856814, -21.191437215436338 ], [ -45.095876420442053, -21.191437215436341 ], [ -45.095876420442053, -21.189820247924924 ], [ -45.096415409612518, -21.189820247924914 ], [ -45.096415409612518, -21.189011764169216 ], [ -45.09911035546488, -21.189011764169216 ], [ -45.09911035546488, -21.189281258754455 ], [ -45.10126631214677, -21.189281258754455 ], [ -45.10126631214677, -21.186855807487326 ], [ -45.101535806732002, -21.186855807487326 ], [ -45.101535806732002, -21.186047323731614 ], [ -45.101805301317242, -21.186047323731625 ], [ -45.101805301317242, -21.18335237787926 ], [ -45.105578225510541, -21.183352377879263 ], [ -45.105578225510541, -21.185508334561156 ], [ -45.104500247169597, -21.185508334561156 ], [ -45.104500247169597, -21.185777829146385 ], [ -45.103961257999124, -21.185777829146378 ], [ -45.103961257999124, -21.186855807487319 ], [ -45.104769741754836, -21.186855807487319 ], [ -45.104769741754836, -21.187125302072559 ], [ -45.106925698436719, -21.187125302072555 ], [ -45.106925698436719, -21.188203280413507 ], [ -45.107195193021958, -21.188203280413514 ], [ -45.107195193021958, -21.188472774998743 ], [ -45.108542665948136, -21.188472774998743 ], [ -45.108542665948136, -21.188203280413511 ], [ -45.108812160533368, -21.188203280413504 ], [ -45.108812160533368, -21.18793378582826 ], [ -45.110968117215258, -21.187933785828271 ], [ -45.110968117215258, -21.189281258754455 ], [ -45.11150710638573, -21.189281258754452 ], [ -45.11150710638573, -21.189550753339681 ], [ -45.112315590141435, -21.189550753339681 ], [ -45.112315590141435, -21.190359237095389 ], [ -45.113663063067619, -21.190359237095389 ], [ -45.113663063067619, -21.190628731680633 ], [ -45.113932557652852, -21.190628731680629 ], [ -45.113932557652852, -21.190898226265862 ], [ -45.115280030579029, -21.190898226265865 ], [ -45.115280030579029, -21.190628731680633 ], [ -45.115549525164269, -21.190628731680622 ], [ -45.115549525164269, -21.190359237095386 ], [ -45.115819019749502, -21.190359237095389 ], [ -45.115819019749502, -21.188203280413507 ], [ -45.116358008919974, -21.1882032804135 ], [ -45.116358008919974, -21.187664291243028 ], [ -45.116627503505214, -21.187664291243031 ], [ -45.116627503505214, -21.187125302072559 ], [ -45.116896998090446, -21.187125302072559 ], [ -45.116896998090446, -21.184430356220197 ], [ -45.117435987260919, -21.184430356220201 ], [ -45.117435987260919, -21.181735410367835 ], [ -45.117974976431391, -21.181735410367846 ], [ -45.117974976431391, -21.181196421197377 ], [ -45.119052954772336, -21.181196421197377 ], [ -45.119052954772336, -21.17957945368596 ], [ -45.12174790062469, -21.17957945368596 ], [ -45.12174790062469, -21.178501475345019 ], [ -45.119591943942808, -21.178501475345019 ], [ -45.119591943942808, -21.176345518663123 ], [ -45.12174790062469, -21.176345518663126 ], [ -45.12174790062469, -21.17607602407789 ], [ -45.124981835647525, -21.17607602407789 ], [ -45.124981835647525, -21.172842089055063 ], [ -45.125520824817997, -21.172842089055056 ], [ -45.125520824817997, -21.171764110714118 ], [ -45.12390385730658, -21.171764110714118 ], [ -45.12390385730658, -21.174728551151716 ], [ -45.117705481846151, -21.174728551151709 ], [ -45.117705481846151, -21.174459056566473 ], [ -45.117435987260919, -21.174459056566466 ], [ -45.117435987260919, -21.174189561981247 ], [ -45.114741041408557, -21.174189561981244 ], [ -45.114741041408557, -21.173650572810775 ], [ -45.114471546823324, -21.173650572810768 ], [ -45.114471546823324, -21.173381078225539 ] ], [ [ -45.087522088299735, -21.209223858061904 ], [ -45.087522088299735, -21.211649309329022 ], [ -45.086174615373558, -21.211649309329022 ], [ -45.086174615373558, -21.208954363476668 ], [ -45.087791582884975, -21.208954363476668 ], [ -45.087791582884975, -21.209223858061907 ], [ -45.087522088299735, -21.209223858061904 ] ], [ [ -45.089139055811152, -21.203833966357184 ], [ -45.089139055811152, -21.204103460942431 ], [ -45.08886956122592, -21.204103460942431 ], [ -45.08886956122592, -21.205181439283365 ], [ -45.089947539566865, -21.205181439283368 ], [ -45.089947539566865, -21.205450933868605 ], [ -45.090217034152097, -21.205450933868605 ], [ -45.090217034152097, -21.207876385135719 ], [ -45.08671360454403, -21.207876385135716 ], [ -45.08671360454403, -21.207337395965258 ], [ -45.085905120788325, -21.207337395965254 ], [ -45.085905120788325, -21.20437295552766 ], [ -45.085635626203086, -21.204372955527656 ], [ -45.085635626203086, -21.201678009675295 ], [ -45.086174615373558, -21.201678009675298 ], [ -45.086174615373558, -21.201408515090069 ], [ -45.086444109958798, -21.201408515090066 ], [ -45.086444109958798, -21.201139020504826 ], [ -45.08671360454403, -21.201139020504833 ], [ -45.08671360454403, -21.199791547578645 ], [ -45.087522088299735, -21.199791547578645 ], [ -45.087522088299735, -21.199522052993416 ], [ -45.087791582884975, -21.199522052993409 ], [ -45.087791582884975, -21.199252558408176 ], [ -45.091564507078274, -21.199252558408183 ], [ -45.091564507078274, -21.201678009675298 ], [ -45.091295012493042, -21.201678009675295 ], [ -45.091295012493042, -21.203294977186715 ], [ -45.090217034152097, -21.203294977186712 ], [ -45.090217034152097, -21.203564471771951 ], [ -45.089408550396392, -21.203564471771951 ], [ -45.089408550396392, -21.203833966357184 ], [ -45.089139055811152, -21.203833966357184 ] ], [ [ -45.083210174935964, -21.194671150459172 ], [ -45.083210174935964, -21.194940645044404 ], [ -45.080784723668842, -21.194940645044397 ], [ -45.080784723668842, -21.191976204606807 ], [ -45.083749164106436, -21.191976204606807 ], [ -45.083749164106436, -21.194671150459172 ], [ -45.083210174935964, -21.194671150459172 ] ], [ [ -45.106386709266246, -21.173650572810764 ], [ -45.106386709266246, -21.176345518663126 ], [ -45.103422268828652, -21.176345518663126 ], [ -45.103422268828652, -21.173650572810775 ], [ -45.106386709266246, -21.173650572810764 ] ] ] } },
{ "type": "Feature", "properties": { "anos_com_queima": null, "area_ha": 1.3348886056386524, "inicio": 2016.0, "fim": 2020.0, "tipo": "unique", "id_feicao": "unique_2016_2020_71" }, "geometry": { "type": "Polygon", "coordinates": [ [ [ -45.103422268828652, -21.193054182947748 ], [ -45.103422268828652, -21.194132161288692 ], [ -45.104500247169597, -21.194132161288689 ], [ -45.104500247169597, -21.193054182947751 ], [ -45.103422268828652, -21.193054182947748 ] ] ] } },
{ "type": "Feature", "properties": { "anos_com_queima": null, "area_ha": 1.3349119169712067, "inicio": 2016.0, "fim": 2020.0, "tipo": "unique", "id_feicao": "unique_2016_2020_72" }, "geometry": { "type": "Polygon", "coordinates": [ [ [ -45.05356577056002, -21.19008974251016 ], [ -45.052487792219075, -21.190089742510164 ], [ -45.052487792219075, -21.191167720851091 ], [ -45.05356577056002, -21.191167720851102 ], [ -45.05356577056002, -21.19008974251016 ] ] ] } },
{ "type": "Feature", "properties": { "anos_com_queima": null, "area_ha": 1.666965949650558, "inicio": 2016.0, "fim": 2020.0, "tipo": "unique", "id_feicao": "unique_2016_2020_73" }, "geometry": { "type": "Polygon", "coordinates": [ [ [ -45.023651871598844, -21.341276204827469 ], [ -45.023651871598844, -21.342354183168418 ], [ -45.024999344525021, -21.342354183168414 ], [ -45.024999344525021, -21.341276204827469 ], [ -45.023651871598844, -21.341276204827469 ] ] ] } },
{ "type": "Feature", "properties": { "anos_com_queima": null, "area_ha": 4.5008618610986462, "inicio": 2016.0, "fim": 2020.0, "tipo": "unique", "id_feicao": "unique_2016_2020_74" }, "geometry": { "type": "Polygon", "coordinates": [ [ [ -45.036587611690159, -21.341276204827466 ], [ -45.036587611690159, -21.340467721071757 ], [ -45.036857106275399, -21.340467721071761 ], [ -45.036857106275399, -21.33885075356034 ], [ -45.035509633349221, -21.338850753560354 ], [ -45.035509633349221, -21.339120248145594 ], [ -45.035240138763982, -21.339120248145591 ], [ -45.035240138763982, -21.339659237316056 ], [ -45.034970644178749, -21.339659237316056 ], [ -45.034970644178749, -21.340737215657004 ], [ -45.035240138763982, -21.340737215657004 ], [ -45.035240138763982, -21.341276204827473 ], [ -45.036587611690159, -21.341276204827466 ] ] ] } },
{ "type": "Feature", "properties": { "anos_com_queima": null, "area_ha": 1.3336277156375349, "inicio": 2016.0, "fim": 2020.0, "tipo": "unique", "id_feicao": "unique_2016_2020_75" }, "geometry": { "type": "Polygon", "coordinates": [ [ [ -45.01853147447936, -21.335077829367041 ], [ -45.017453496138415, -21.335077829367041 ], [ -45.017453496138415, -21.336155807707989 ], [ -45.01853147447936, -21.336155807707989 ], [ -45.01853147447936, -21.335077829367041 ] ] ] } },
{ "type": "Feature", "properties": { "anos_com_queima": null, "area_ha": 242.39374723720155, "inicio": 2016.0, "fim": 2020.0, "tipo": "unique", "id_feicao": "unique_2016_2020_76" }, "geometry": { "type": "Polygon", "coordinates": [ [ [ -45.017722990723655, -21.323759056787143 ], [ -45.017722990723655, -21.324567540542851 ], [ -45.017184001553183, -21.324567540542859 ], [ -45.017184001553183, -21.325376024298556 ], [ -45.01664501238271, -21.325376024298556 ], [ -45.01664501238271, -21.325915013469029 ], [ -45.015028044871293, -21.325915013469025 ], [ -45.015028044871293, -21.326723497224734 ], [ -45.012602593604171, -21.326723497224734 ], [ -45.012602593604171, -21.325645518883789 ], [ -45.011524615263227, -21.325645518883789 ], [ -45.011524615263227, -21.32726248639521 ], [ -45.011255120677994, -21.327262486395213 ], [ -45.011255120677994, -21.327531980980442 ], [ -45.010985626092754, -21.327531980980446 ], [ -45.010985626092754, -21.327262486395206 ], [ -45.009638153166577, -21.32726248639521 ], [ -45.009638153166577, -21.32860995932138 ], [ -45.010177142337049, -21.328609959321383 ], [ -45.010177142337049, -21.332921872685166 ], [ -45.011255120677994, -21.332921872685162 ], [ -45.011255120677994, -21.332382883514686 ], [ -45.011524615263227, -21.332382883514676 ], [ -45.011524615263227, -21.331843894344221 ], [ -45.011794109848466, -21.331843894344217 ], [ -45.011794109848466, -21.329957432247554 ], [ -45.012333099018932, -21.329957432247557 ], [ -45.012333099018932, -21.328879453906627 ], [ -45.012872088189404, -21.328879453906623 ], [ -45.012872088189404, -21.32860995932138 ], [ -45.015028044871293, -21.328609959321383 ], [ -45.015028044871293, -21.329687937662332 ], [ -45.016375517797471, -21.329687937662332 ], [ -45.016375517797471, -21.32860995932139 ], [ -45.017453496138415, -21.32860995932139 ], [ -45.017453496138415, -21.327531980980442 ], [ -45.017184001553183, -21.327531980980446 ], [ -45.017184001553183, -21.32726248639521 ], [ -45.016914506967943, -21.327262486395217 ], [ -45.016914506967943, -21.326992991809977 ], [ -45.019609452820305, -21.326992991809966 ], [ -45.019609452820305, -21.325915013469022 ], [ -45.019878947405537, -21.325915013469029 ], [ -45.019878947405537, -21.324298045957612 ], [ -45.022304398672659, -21.324298045957615 ], [ -45.022304398672659, -21.326454002639505 ], [ -45.022573893257899, -21.326454002639505 ], [ -45.022573893257899, -21.327531980980449 ], [ -45.023382377013604, -21.327531980980446 ], [ -45.023382377013604, -21.329687937662332 ], [ -45.024729849939781, -21.329687937662325 ], [ -45.024729849939781, -21.327262486395213 ], [ -45.027155301206903, -21.32726248639521 ], [ -45.027155301206903, -21.327801475565675 ], [ -45.027424795792143, -21.327801475565682 ], [ -45.027424795792143, -21.330765916003269 ], [ -45.025807828280726, -21.330765916003269 ], [ -45.025807828280726, -21.332382883514683 ], [ -45.025538333695494, -21.332382883514676 ], [ -45.025538333695494, -21.332652378099922 ], [ -45.025268839110254, -21.332652378099915 ], [ -45.025268839110254, -21.332921872685159 ], [ -45.024999344525021, -21.332921872685162 ], [ -45.024999344525021, -21.333460861855635 ], [ -45.024729849939781, -21.333460861855631 ], [ -45.024729849939781, -21.334269345611339 ], [ -45.023112882428372, -21.334269345611332 ], [ -45.023112882428372, -21.335347323952277 ], [ -45.021765409502187, -21.335347323952277 ], [ -45.021765409502187, -21.336155807707989 ], [ -45.021495914916954, -21.336155807707989 ], [ -45.021495914916954, -21.336425302293229 ], [ -45.021226420331715, -21.336425302293229 ], [ -45.021226420331715, -21.338042269804646 ], [ -45.023112882428372, -21.338042269804642 ], [ -45.023112882428372, -21.338311764389868 ], [ -45.024190860769309, -21.338311764389879 ], [ -45.024190860769309, -21.33777277521941 ], [ -45.024999344525021, -21.337772775219406 ], [ -45.024999344525021, -21.337503280634174 ], [ -45.025268839110254, -21.337503280634174 ], [ -45.025268839110254, -21.337233786048937 ], [ -45.028772268718321, -21.337233786048937 ], [ -45.028772268718321, -21.336155807707986 ], [ -45.03092822540021, -21.336155807707993 ], [ -45.03092822540021, -21.341545699412706 ], [ -45.032545192911627, -21.341545699412709 ], [ -45.032545192911627, -21.341006710242237 ], [ -45.03281468749686, -21.341006710242226 ], [ -45.03281468749686, -21.340737215657001 ], [ -45.033084182082092, -21.340737215656997 ], [ -45.033084182082092, -21.338850753560347 ], [ -45.033353676667332, -21.338850753560351 ], [ -45.033353676667332, -21.338581258975111 ], [ -45.033892665837804, -21.338581258975108 ], [ -45.033892665837804, -21.33750328063417 ], [ -45.034431655008277, -21.33750328063417 ], [ -45.034431655008277, -21.336425302293229 ], [ -45.036587611690159, -21.336425302293225 ], [ -45.036587611690159, -21.335886313122757 ], [ -45.039013062957281, -21.335886313122753 ], [ -45.039013062957281, -21.336694796878465 ], [ -45.039282557542521, -21.336694796878465 ], [ -45.039282557542521, -21.336964291463705 ], [ -45.040899525053938, -21.336964291463705 ], [ -45.040899525053938, -21.336694796878461 ], [ -45.04116901963917, -21.336694796878461 ], [ -45.04116901963917, -21.336425302293225 ], [ -45.04143851422441, -21.336425302293229 ], [ -45.04143851422441, -21.336155807707986 ], [ -45.041977503394882, -21.336155807707993 ], [ -45.041977503394882, -21.334808334781808 ], [ -45.041708008809643, -21.334808334781801 ], [ -45.041708008809643, -21.334538840196579 ], [ -45.04116901963917, -21.334538840196583 ], [ -45.04116901963917, -21.332652378099926 ], [ -45.040899525053938, -21.332652378099922 ], [ -45.040899525053938, -21.332113388929454 ], [ -45.040630030468698, -21.332113388929454 ], [ -45.040630030468698, -21.331843894344214 ], [ -45.038474073786816, -21.331843894344217 ], [ -45.038474073786816, -21.331574399758981 ], [ -45.037396095445871, -21.331574399758967 ], [ -45.037396095445871, -21.329148948491856 ], [ -45.038204579201576, -21.329148948491849 ], [ -45.038204579201576, -21.328879453906623 ], [ -45.038474073786816, -21.328879453906627 ], [ -45.038474073786816, -21.32860995932139 ], [ -45.038743568372048, -21.32860995932139 ], [ -45.038743568372048, -21.326992991809973 ], [ -45.038474073786816, -21.326992991809973 ], [ -45.038474073786816, -21.326723497224734 ], [ -45.037126600860631, -21.326723497224741 ], [ -45.037126600860631, -21.328609959321383 ], [ -45.033892665837804, -21.328609959321387 ], [ -45.033892665837804, -21.328340464736147 ], [ -45.033623171252565, -21.328340464736151 ], [ -45.033623171252565, -21.328070970150922 ], [ -45.033353676667332, -21.328070970150918 ], [ -45.033353676667332, -21.327801475565682 ], [ -45.029850247059265, -21.327801475565678 ], [ -45.029850247059265, -21.326454002639505 ], [ -45.029580752474033, -21.326454002639501 ], [ -45.029580752474033, -21.325376024298556 ], [ -45.029311257888793, -21.325376024298556 ], [ -45.029311257888793, -21.32510652971332 ], [ -45.026616312036438, -21.32510652971332 ], [ -45.026616312036438, -21.324567540542848 ], [ -45.025538333695494, -21.324567540542848 ], [ -45.025538333695494, -21.323489562201903 ], [ -45.023112882428372, -21.323489562201903 ], [ -45.023112882428372, -21.322142089275726 ], [ -45.020956925746482, -21.322142089275729 ], [ -45.020956925746482, -21.322411583860962 ], [ -45.019609452820305, -21.322411583860958 ], [ -45.019609452820305, -21.322681078446195 ], [ -45.019339958235065, -21.322681078446195 ], [ -45.019339958235065, -21.322950573031427 ], [ -45.019070463649832, -21.322950573031427 ], [ -45.019070463649832, -21.323759056787139 ], [ -45.017722990723655, -21.323759056787143 ] ] ] } },
{ "type": "Feature", "properties": { "anos_com_queima": null, "area_ha": 3.0841252427821413, "inicio": 2016.0, "fim": 2020.0, "tipo": "unique", "id_feicao": "unique_2016_2020_77" }, "geometry": { "type": "Polygon", "coordinates": [ [ [ -45.020956925746482, -21.329957432247564 ], [ -45.020956925746482, -21.331035410588512 ], [ -45.023112882428372, -21.331035410588502 ], [ -45.023112882428372, -21.329687937662321 ], [ -45.021765409502187, -21.329687937662325 ], [ -45.021765409502187, -21.329957432247564 ], [ -45.020956925746482, -21.329957432247564 ] ] ] } },
{ "type": "Feature", "properties": { "anos_com_queima": null, "area_ha": 2.333957360110432, "inicio": 2016.0, "fim": 2020.0, "tipo": "unique", "id_feicao": "unique_2016_2020_78" }, "geometry": { "type": "Polygon", "coordinates": [ [ [ -45.019609452820305, -21.329418443077099 ], [ -45.020687431161249, -21.329418443077085 ], [ -45.020687431161249, -21.328879453906623 ], [ -45.020956925746482, -21.328879453906616 ], [ -45.020956925746482, -21.327801475565675 ], [ -45.019609452820305, -21.327801475565682 ], [ -45.019609452820305, -21.329418443077099 ] ] ] } },
{ "type": "Feature", "properties": { "anos_com_queima": null, "area_ha": 1.3337281552582085, "inicio": 2016.0, "fim": 2020.0, "tipo": "unique", "id_feicao": "unique_2016_2020_79" }, "geometry": { "type": "Polygon", "coordinates": [ [ [ -45.013141582774644, -21.323759056787146 ], [ -45.013141582774644, -21.324837035128084 ], [ -45.014219561115588, -21.324837035128084 ], [ -45.014219561115588, -21.323759056787139 ], [ -45.013141582774644, -21.323759056787146 ] ] ] } },
{ "type": "Feature", "properties": { "anos_com_queima": null, "area_ha": 2.0006101535206713, "inicio": 2016.0, "fim": 2020.0, "tipo": "unique", "id_feicao": "unique_2016_2020_80" }, "geometry": { "type": "Polygon", "coordinates": [ [ [ -45.011524615263227, -21.322411583860955 ], [ -45.011524615263227, -21.32348956220191 ], [ -45.013141582774644, -21.323489562201907 ], [ -45.013141582774644, -21.322411583860962 ], [ -45.011524615263227, -21.322411583860955 ] ] ] } },
{ "type": "Feature", "properties": { "anos_com_queima": null, "area_ha": 19.423173571158852, "inicio": 2016.0, "fim": 2020.0, "tipo": "unique", "id_feicao": "unique_2016_2020_81" }, "geometry": { "type": "Polygon", "coordinates": [ [ [ -45.017722990723655, -21.31809967049719 ], [ -45.015836528626998, -21.318099670497197 ], [ -45.015836528626998, -21.318369165082423 ], [ -45.014758550286061, -21.318369165082423 ], [ -45.014758550286061, -21.318908154252899 ], [ -45.013950066530349, -21.318908154252892 ], [ -45.013950066530349, -21.321064110934781 ], [ -45.015836528626998, -21.321064110934781 ], [ -45.015836528626998, -21.320525121764305 ], [ -45.016375517797471, -21.320525121764319 ], [ -45.016375517797471, -21.319716638008607 ], [ -45.018800969064593, -21.319716638008604 ], [ -45.018800969064593, -21.319177648838131 ], [ -45.02041793657601, -21.319177648838124 ], [ -45.02041793657601, -21.318638659667656 ], [ -45.020687431161249, -21.318638659667666 ], [ -45.020687431161249, -21.316752197571009 ], [ -45.021226420331715, -21.316752197571009 ], [ -45.021226420331715, -21.315135230059589 ], [ -45.019609452820305, -21.315135230059596 ], [ -45.019609452820305, -21.317021692156239 ], [ -45.019070463649832, -21.317021692156242 ], [ -45.019070463649832, -21.317291186741482 ], [ -45.018800969064593, -21.317291186741475 ], [ -45.018800969064593, -21.317830175911947 ], [ -45.017722990723655, -21.317830175911954 ], [ -45.017722990723655, -21.31809967049719 ] ] ] } },
{ "type": "Feature", "properties": { "anos_com_queima": null, "area_ha": 27.593386471686209, "inicio": 2016.0, "fim": 2020.0, "tipo": "unique", "id_feicao": "unique_2016_2020_82" }, "geometry": { "type": "Polygon", "coordinates": [ [ [ -45.010985626092754, -21.314596240889124 ], [ -45.010985626092754, -21.31486573547436 ], [ -45.010446636922282, -21.31486573547436 ], [ -45.010446636922282, -21.315943713815301 ], [ -45.011794109848466, -21.315943713815297 ], [ -45.011794109848466, -21.316213208400541 ], [ -45.012872088189404, -21.316213208400534 ], [ -45.012872088189404, -21.315943713815305 ], [ -45.014758550286061, -21.315943713815297 ], [ -45.014758550286061, -21.315674219230068 ], [ -45.015836528626998, -21.315674219230061 ], [ -45.015836528626998, -21.315404724644829 ], [ -45.016914506967943, -21.315404724644829 ], [ -45.016914506967943, -21.314865735474353 ], [ -45.017184001553183, -21.314865735474356 ], [ -45.017184001553183, -21.314326746303884 ], [ -45.017722990723655, -21.31432674630388 ], [ -45.017722990723655, -21.314057251718644 ], [ -45.017992485308888, -21.314057251718641 ], [ -45.017992485308888, -21.31297927337771 ], [ -45.017184001553183, -21.312979273377703 ], [ -45.017184001553183, -21.312170789621995 ], [ -45.016914506967943, -21.312170789622002 ], [ -45.016914506967943, -21.311901295036765 ], [ -45.016375517797471, -21.311901295036769 ], [ -45.016375517797471, -21.311631800451536 ], [ -45.014758550286061, -21.311631800451533 ], [ -45.014758550286061, -21.312170789622002 ], [ -45.011794109848466, -21.312170789621998 ], [ -45.011794109848466, -21.312709778792474 ], [ -45.011524615263227, -21.312709778792478 ], [ -45.011524615263227, -21.313248767962943 ], [ -45.011255120677994, -21.313248767962943 ], [ -45.011255120677994, -21.314596240889127 ], [ -45.010985626092754, -21.314596240889124 ] ] ] } },
{ "type": "Feature", "properties": { "anos_com_queima": null, "area_ha": 2.6677319443560097, "inicio": 2016.0, "fim": 2020.0, "tipo": "unique", "id_feicao": "unique_2016_2020_83" }, "geometry": { "type": "Polygon", "coordinates": [ [ [ -45.013680571945116, -21.308128370843466 ], [ -45.013680571945116, -21.3092063491844 ], [ -45.013950066530349, -21.309206349184404 ], [ -45.013950066530349, -21.309475843769636 ], [ -45.015567034041766, -21.309475843769636 ], [ -45.015567034041766, -21.308397865428688 ], [ -45.015028044871293, -21.308397865428699 ], [ -45.015028044871293, -21.308128370843459 ], [ -45.013680571945116, -21.308128370843466 ] ] ] } },
{ "type": "Feature", "properties": { "anos_com_queima": null, "area_ha": 2.4178683572299779, "inicio": 2016.0, "fim": 2020.0, "tipo": "unique", "id_feicao": "unique_2016_2020_84" }, "geometry": { "type": "Polygon", "coordinates": [ [ [ -45.031467214570682, -21.294923136166908 ], [ -45.03281468749686, -21.294923136166904 ], [ -45.03281468749686, -21.29357566324073 ], [ -45.032545192911627, -21.293575663240727 ], [ -45.032545192911627, -21.293306168655484 ], [ -45.031467214570682, -21.293306168655487 ], [ -45.031467214570682, -21.294923136166908 ] ] ] } },
{ "type": "Feature", "properties": { "anos_com_queima": null, "area_ha": 3.4183871940396924, "inicio": 2016.0, "fim": 2020.0, "tipo": "unique", "id_feicao": "unique_2016_2020_85" }, "geometry": { "type": "Polygon", "coordinates": [ [ [ -45.037126600860631, -21.29357566324072 ], [ -45.037126600860631, -21.292497684899779 ], [ -45.036318117104926, -21.292497684899782 ], [ -45.036318117104926, -21.292228190314546 ], [ -45.035240138763982, -21.292228190314539 ], [ -45.035240138763982, -21.293575663240723 ], [ -45.035509633349221, -21.293575663240723 ], [ -45.035509633349221, -21.294114652411203 ], [ -45.036587611690159, -21.294114652411196 ], [ -45.036587611690159, -21.293845157825956 ], [ -45.036857106275399, -21.293845157825952 ], [ -45.036857106275399, -21.293575663240727 ], [ -45.037126600860631, -21.29357566324072 ] ] ] } },
{ "type": "Feature", "properties": { "anos_com_queima": null, "area_ha": 54.614315996290955, "inicio": 2016.0, "fim": 2020.0, "tipo": "unique", "id_feicao": "unique_2016_2020_86" }, "geometry": { "type": "Polygon", "coordinates": [ [ [ -45.038204579201576, -21.285760320268889 ], [ -45.038204579201576, -21.286299309439361 ], [ -45.037935084616343, -21.286299309439354 ], [ -45.037935084616343, -21.287377287780302 ], [ -45.040360535883465, -21.287377287780291 ], [ -45.040360535883465, -21.288724760706483 ], [ -45.042246997980115, -21.288724760706483 ], [ -45.042246997980115, -21.288455266121247 ], [ -45.044133460076765, -21.288455266121254 ], [ -45.044133460076765, -21.288185771536014 ], [ -45.044672449247237, -21.288185771536007 ], [ -45.044672449247237, -21.287107793195055 ], [ -45.04332497632106, -21.287107793195066 ], [ -45.04332497632106, -21.285760320268892 ], [ -45.04305548173582, -21.285760320268878 ], [ -45.04305548173582, -21.285490825683649 ], [ -45.042785987150587, -21.285490825683645 ], [ -45.042785987150587, -21.285221331098413 ], [ -45.042516492565348, -21.285221331098416 ], [ -45.042516492565348, -21.280639923149408 ], [ -45.045211438417709, -21.280639923149408 ], [ -45.045211438417709, -21.279292450223227 ], [ -45.040630030468698, -21.279292450223224 ], [ -45.040630030468698, -21.278753461052752 ], [ -45.039282557542521, -21.278753461052752 ], [ -45.039282557542521, -21.279292450223235 ], [ -45.036587611690159, -21.279292450223231 ], [ -45.036587611690159, -21.280639923149401 ], [ -45.037126600860631, -21.280639923149405 ], [ -45.037126600860631, -21.281717901490349 ], [ -45.038743568372048, -21.281717901490346 ], [ -45.038743568372048, -21.285760320268881 ], [ -45.038204579201576, -21.285760320268889 ] ] ] } },
{ "type": "Feature", "properties": { "anos_com_queima": null, "area_ha": 4.5026164547749792, "inicio": 2016.0, "fim": 2020.0, "tipo": "unique", "id_feicao": "unique_2016_2020_87" }, "geometry": { "type": "Polygon", "coordinates": [ [ [ -45.020956925746482, -21.281717901490353 ], [ -45.021765409502187, -21.281717901490346 ], [ -45.021765409502187, -21.280639923149408 ], [ -45.020687431161249, -21.280639923149405 ], [ -45.020687431161249, -21.280370428564162 ], [ -45.019609452820305, -21.280370428564165 ], [ -45.019609452820305, -21.281178912319881 ], [ -45.019339958235065, -21.281178912319881 ], [ -45.019339958235065, -21.282526385246058 ], [ -45.020687431161249, -21.282526385246058 ], [ -45.020687431161249, -21.281987396075589 ], [ -45.020956925746482, -21.281987396075579 ], [ -45.020956925746482, -21.281717901490353 ] ] ] } },
{ "type": "Feature", "properties": { "anos_com_queima": null, "area_ha": 2.0848106253917829, "inicio": 2016.0, "fim": 2020.0, "tipo": "unique", "id_feicao": "unique_2016_2020_88" }, "geometry": { "type": "Polygon", "coordinates": [ [ [ -45.019070463649832, -21.261505807597665 ], [ -45.019070463649832, -21.262853280523832 ], [ -45.02041793657601, -21.262853280523832 ], [ -45.02041793657601, -21.261505807597654 ], [ -45.019070463649832, -21.261505807597665 ] ] ] } },
{ "type": "Feature", "properties": { "anos_com_queima": null, "area_ha": 5.1703970612444099, "inicio": 2016.0, "fim": 2020.0, "tipo": "unique", "id_feicao": "unique_2016_2020_89" }, "geometry": { "type": "Polygon", "coordinates": [ [ [ -45.022034904087427, -21.260158334671491 ], [ -45.022034904087427, -21.259888840086251 ], [ -45.022573893257899, -21.259888840086244 ], [ -45.022573893257899, -21.25881086174531 ], [ -45.020687431161249, -21.258810861745303 ], [ -45.020687431161249, -21.260158334671473 ], [ -45.021226420331715, -21.260158334671484 ], [ -45.021226420331715, -21.260427829256724 ], [ -45.020956925746482, -21.260427829256713 ], [ -45.020956925746482, -21.261775302182894 ], [ -45.022304398672659, -21.261775302182894 ], [ -45.022304398672659, -21.260158334671488 ], [ -45.022034904087427, -21.260158334671491 ] ] ] } },
{ "type": "Feature", "properties": { "anos_com_queima": null, "area_ha": 4.086449026794452, "inicio": 2016.0, "fim": 2020.0, "tipo": "unique", "id_feicao": "unique_2016_2020_90" }, "geometry": { "type": "Polygon", "coordinates": [ [ [ -45.024460355354549, -21.252881980870114 ], [ -45.023112882428372, -21.252881980870104 ], [ -45.023112882428372, -21.25530743213724 ], [ -45.024460355354549, -21.25530743213724 ], [ -45.024460355354549, -21.254229453796292 ], [ -45.024729849939781, -21.254229453796281 ], [ -45.024729849939781, -21.253151475455347 ], [ -45.024460355354549, -21.253151475455347 ], [ -45.024460355354549, -21.252881980870114 ] ] ] } },
{ "type": "Feature", "properties": { "anos_com_queima": null, "area_ha": 3.2524961731858553, "inicio": 2016.0, "fim": 2020.0, "tipo": "unique", "id_feicao": "unique_2016_2020_91" }, "geometry": { "type": "Polygon", "coordinates": [ [ [ -45.01826197989412, -21.252342991699646 ], [ -45.016914506967943, -21.252342991699642 ], [ -45.016914506967943, -21.252612486284878 ], [ -45.01664501238271, -21.252612486284871 ], [ -45.01664501238271, -21.254229453796295 ], [ -45.017722990723655, -21.254229453796281 ], [ -45.017722990723655, -21.253959959211059 ], [ -45.01826197989412, -21.253959959211059 ], [ -45.01826197989412, -21.252342991699646 ] ] ] } },
{ "type": "Feature", "properties": { "anos_com_queima": null, "area_ha": 2.0849523736372588, "inicio": 2016.0, "fim": 2020.0, "tipo": "unique", "id_feicao": "unique_2016_2020_92" }, "geometry": { "type": "Polygon", "coordinates": [ [ [ -45.026616312036438, -21.251265013358694 ], [ -45.025268839110254, -21.251265013358701 ], [ -45.025268839110254, -21.252612486284875 ], [ -45.026616312036438, -21.252612486284882 ], [ -45.026616312036438, -21.251265013358694 ] ] ] } },
{ "type": "Feature", "properties": { "anos_com_queima": null, "area_ha": 3.3360549233458316, "inicio": 2016.0, "fim": 2020.0, "tipo": "unique", "id_feicao": "unique_2016_2020_93" }, "geometry": { "type": "Polygon", "coordinates": [ [ [ -45.028502774133088, -21.24614461623921 ], [ -45.028502774133088, -21.246953099994922 ], [ -45.029580752474033, -21.246953099994929 ], [ -45.029580752474033, -21.245066637898276 ], [ -45.027694290377376, -21.245066637898269 ], [ -45.027694290377376, -21.246144616239214 ], [ -45.028502774133088, -21.24614461623921 ] ] ] } },
{ "type": "Feature", "properties": { "anos_com_queima": null, "area_ha": 3.0024567417291905, "inicio": 2016.0, "fim": 2020.0, "tipo": "unique", "id_feicao": "unique_2016_2020_94" }, "geometry": { "type": "Polygon", "coordinates": [ [ [ -45.034970644178749, -21.244797143313029 ], [ -45.034970644178749, -21.245875121653977 ], [ -45.035240138763982, -21.245875121653977 ], [ -45.035240138763982, -21.246414110824446 ], [ -45.036318117104926, -21.24641411082445 ], [ -45.036318117104926, -21.245875121653985 ], [ -45.036857106275399, -21.245875121653985 ], [ -45.036857106275399, -21.244797143313033 ], [ -45.034970644178749, -21.244797143313029 ] ] ] } },
{ "type": "Feature", "properties": { "anos_com_queima": null, "area_ha": 2.7522896481096746, "inicio": 2016.0, "fim": 2020.0, "tipo": "unique", "id_feicao": "unique_2016_2020_95" }, "geometry": { "type": "Polygon", "coordinates": [ [ [ -45.029580752474033, -21.242910681216383 ], [ -45.027963784962616, -21.24291068121639 ], [ -45.027963784962616, -21.243180175801623 ], [ -45.027694290377376, -21.243180175801623 ], [ -45.027694290377376, -21.244258154142553 ], [ -45.029311257888793, -21.244258154142564 ], [ -45.029311257888793, -21.243988659557317 ], [ -45.029580752474033, -21.243988659557324 ], [ -45.029580752474033, -21.242910681216383 ] ] ] } },
{ "type": "Feature", "properties": { "anos_com_queima": null, "area_ha": 4.670676725408252, "inicio": 2016.0, "fim": 2020.0, "tipo": "unique", "id_feicao": "unique_2016_2020_96" }, "geometry": { "type": "Polygon", "coordinates": [ [ [ -45.028772268718321, -21.23940725160832 ], [ -45.028772268718321, -21.238329273267375 ], [ -45.027694290377376, -21.238329273267372 ], [ -45.027694290377376, -21.23886826243784 ], [ -45.026885806621671, -21.238868262437848 ], [ -45.026885806621671, -21.239946240778789 ], [ -45.027424795792143, -21.239946240778785 ], [ -45.027424795792143, -21.240754724534497 ], [ -45.02904176330356, -21.240754724534487 ], [ -45.02904176330356, -21.23940725160832 ], [ -45.028772268718321, -21.23940725160832 ] ] ] } },
{ "type": "Feature", "properties": { "anos_com_queima": null, "area_ha": 2.5856601167013697, "inicio": 2016.0, "fim": 2020.0, "tipo": "unique", "id_feicao": "unique_2016_2020_97" }, "geometry": { "type": "Polygon", "coordinates": [ [ [ -45.032545192911627, -21.234286854488833 ], [ -45.032545192911627, -21.232400392392179 ], [ -45.031467214570682, -21.232400392392179 ], [ -45.031467214570682, -21.232669886977419 ], [ -45.031197719985443, -21.232669886977419 ], [ -45.031197719985443, -21.233747865318371 ], [ -45.031467214570682, -21.233747865318364 ], [ -45.031467214570682, -21.234017359903593 ], [ -45.031736709155915, -21.234017359903604 ], [ -45.031736709155915, -21.23428685448884 ], [ -45.032545192911627, -21.234286854488833 ] ] ] } },
{ "type": "Feature", "properties": { "anos_com_queima": null, "area_ha": 6.7563139938497914, "inicio": 2016.0, "fim": 2020.0, "tipo": "unique", "id_feicao": "unique_2016_2020_98" }, "geometry": { "type": "Polygon", "coordinates": [ [ [ -45.013950066530349, -21.228357973613651 ], [ -45.013680571945116, -21.228357973613647 ], [ -45.013680571945116, -21.229435951954592 ], [ -45.014758550286061, -21.229435951954589 ], [ -45.014758550286061, -21.229166457369356 ], [ -45.015567034041766, -21.229166457369359 ], [ -45.015567034041766, -21.22889696278412 ], [ -45.016914506967943, -21.22889696278412 ], [ -45.016914506967943, -21.227279995272706 ], [ -45.017184001553183, -21.22727999527271 ], [ -45.017184001553183, -21.226202016931762 ], [ -45.016106023212238, -21.226202016931765 ], [ -45.016106023212238, -21.227549489857946 ], [ -45.015297539456526, -21.227549489857939 ], [ -45.015297539456526, -21.227818984443179 ], [ -45.014219561115588, -21.227818984443179 ], [ -45.014219561115588, -21.228088479028411 ], [ -45.013950066530349, -21.228088479028415 ], [ -45.013950066530349, -21.228357973613651 ] ] ] } },
{ "type": "Feature", "properties": { "anos_com_queima": null, "area_ha": 115.61297209290453, "inicio": 2016.0, "fim": 2020.0, "tipo": "unique", "id_feicao": "unique_2016_2020_99" }, "geometry": { "type": "Polygon", "coordinates": [ [ [ -45.02041793657601, -21.218925663130388 ], [ -45.019878947405537, -21.218925663130388 ], [ -45.019878947405537, -21.219734146886104 ], [ -45.019609452820305, -21.219734146886104 ], [ -45.019609452820305, -21.220273136056566 ], [ -45.019070463649832, -21.220273136056569 ], [ -45.019070463649832, -21.220542630641805 ], [ -45.01853147447936, -21.220542630641805 ], [ -45.01853147447936, -21.222159598153219 ], [ -45.017992485308888, -21.222159598153226 ], [ -45.017992485308888, -21.223237576494171 ], [ -45.01826197989412, -21.223237576494164 ], [ -45.01826197989412, -21.225124038590824 ], [ -45.018800969064593, -21.22512403859082 ], [ -45.018800969064593, -21.225932522346525 ], [ -45.01853147447936, -21.225932522346525 ], [ -45.01853147447936, -21.227549489857946 ], [ -45.019609452820305, -21.227549489857942 ], [ -45.019609452820305, -21.228357973613651 ], [ -45.019878947405537, -21.228357973613647 ], [ -45.019878947405537, -21.228627468198884 ], [ -45.020687431161249, -21.228627468198887 ], [ -45.020687431161249, -21.229705446539828 ], [ -45.020956925746482, -21.229705446539832 ], [ -45.020956925746482, -21.229974941125068 ], [ -45.021226420331715, -21.229974941125068 ], [ -45.021226420331715, -21.230244435710304 ], [ -45.022304398672659, -21.230244435710301 ], [ -45.022304398672659, -21.229974941125068 ], [ -45.022843387843132, -21.229974941125064 ], [ -45.022843387843132, -21.228896962784116 ], [ -45.022573893257899, -21.228896962784123 ], [ -45.022573893257899, -21.228088479028411 ], [ -45.022034904087427, -21.228088479028415 ], [ -45.022034904087427, -21.227818984443172 ], [ -45.021765409502187, -21.227818984443175 ], [ -45.021765409502187, -21.227010500687474 ], [ -45.021226420331715, -21.22701050068747 ], [ -45.021226420331715, -21.224854544005577 ], [ -45.024999344525021, -21.224854544005581 ], [ -45.024999344525021, -21.224046060249872 ], [ -45.027694290377376, -21.224046060249879 ], [ -45.027694290377376, -21.226202016931762 ], [ -45.02904176330356, -21.226202016931762 ], [ -45.02904176330356, -21.223237576494167 ], [ -45.029311257888793, -21.223237576494167 ], [ -45.029311257888793, -21.222698587323691 ], [ -45.032006203741155, -21.222698587323695 ], [ -45.032006203741155, -21.222159598153223 ], [ -45.032545192911627, -21.222159598153223 ], [ -45.032545192911627, -21.221081619812271 ], [ -45.032006203741155, -21.221081619812278 ], [ -45.032006203741155, -21.220542630641805 ], [ -45.031736709155915, -21.220542630641816 ], [ -45.031736709155915, -21.218386673959913 ], [ -45.031467214570682, -21.218386673959927 ], [ -45.031467214570682, -21.218117179374683 ], [ -45.03065873081497, -21.21811717937468 ], [ -45.03065873081497, -21.217847684789454 ], [ -45.029850247059265, -21.217847684789444 ], [ -45.029850247059265, -21.214883244351856 ], [ -45.029580752474033, -21.214883244351853 ], [ -45.029580752474033, -21.214344255181384 ], [ -45.029311257888793, -21.214344255181388 ], [ -45.029311257888793, -21.213535771425676 ], [ -45.027694290377376, -21.213535771425672 ], [ -45.027694290377376, -21.217308695618971 ], [ -45.024460355354549, -21.217308695618975 ], [ -45.024460355354549, -21.217039201033739 ], [ -45.023382377013604, -21.217039201033742 ], [ -45.023382377013604, -21.21838667395992 ], [ -45.023112882428372, -21.218386673959927 ], [ -45.023112882428372, -21.218656168545159 ], [ -45.02041793657601, -21.218656168545159 ], [ -45.02041793657601, -21.218925663130388 ] ], [ [ -45.023382377013604, -21.223776565664636 ], [ -45.022573893257899, -21.223776565664636 ], [ -45.022573893257899, -21.22350707107941 ], [ -45.023382377013604, -21.223507071079403 ], [ -45.023382377013604, -21.223776565664636 ] ], [ [ -45.023921366184076, -21.222159598153219 ], [ -45.021765409502187, -21.222159598153223 ], [ -45.021765409502187, -21.219464652300864 ], [ -45.023921366184076, -21.219464652300864 ], [ -45.023921366184076, -21.222159598153219 ] ] ] } },
{ "type": "Feature", "properties": { "anos_com_queima": null, "area_ha": 3.0865342398855846, "inicio": 2016.0, "fim": 2020.0, "tipo": "unique", "id_feicao": "unique_2016_2020_100" }, "geometry": { "type": "Polygon", "coordinates": [ [ [ -45.040360535883465, -21.213535771425676 ], [ -45.040360535883465, -21.211649309329019 ], [ -45.039282557542521, -21.211649309329019 ], [ -45.039282557542521, -21.211918803914259 ], [ -45.039013062957281, -21.211918803914259 ], [ -45.039013062957281, -21.212188298499491 ], [ -45.038743568372048, -21.212188298499495 ], [ -45.038743568372048, -21.213266276840443 ], [ -45.039282557542521, -21.213266276840447 ], [ -45.039282557542521, -21.213535771425676 ], [ -45.040360535883465, -21.213535771425676 ] ] ] } },
{ "type": "Feature", "properties": { "anos_com_queima": null, "area_ha": 13.514705803812667, "inicio": 2016.0, "fim": 2020.0, "tipo": "unique", "id_feicao": "unique_2016_2020_101" }, "geometry": { "type": "Polygon", "coordinates": [ [ [ -45.031197719985443, -21.205989923039073 ], [ -45.031736709155915, -21.205989923039077 ], [ -45.031736709155915, -21.206259417624302 ], [ -45.033892665837804, -21.20625941762431 ], [ -45.033892665837804, -21.206798406794785 ], [ -45.034970644178749, -21.206798406794782 ], [ -45.034970644178749, -21.204911944698125 ], [ -45.033084182082092, -21.204911944698125 ], [ -45.033084182082092, -21.204642450112896 ], [ -45.03281468749686, -21.204642450112885 ], [ -45.03281468749686, -21.203025482601479 ], [ -45.031467214570682, -21.203025482601479 ], [ -45.031467214570682, -21.203294977186712 ], [ -45.03065873081497, -21.203294977186712 ], [ -45.03065873081497, -21.203833966357184 ], [ -45.02904176330356, -21.203833966357184 ], [ -45.02904176330356, -21.205181439283368 ], [ -45.031197719985443, -21.205181439283368 ], [ -45.031197719985443, -21.205989923039073 ] ] ] } },
{ "type": "Feature", "properties": { "anos_com_queima": null, "area_ha": 38.626255579272005, "inicio": 2016.0, "fim": 2020.0, "tipo": "unique", "id_feicao": "unique_2016_2020_102" }, "geometry": { "type": "Polygon", "coordinates": [ [ [ -45.018800969064593, -21.1987135692377 ], [ -45.01826197989412, -21.198713569237704 ], [ -45.01826197989412, -21.199252558408173 ], [ -45.017992485308888, -21.199252558408173 ], [ -45.017992485308888, -21.199522052993409 ], [ -45.017722990723655, -21.199522052993409 ], [ -45.017722990723655, -21.20086952591959 ], [ -45.017184001553183, -21.200869525919593 ], [ -45.017184001553183, -21.201947504260527 ], [ -45.017722990723655, -21.201947504260534 ], [ -45.017722990723655, -21.202216998845778 ], [ -45.01853147447936, -21.202216998845774 ], [ -45.01853147447936, -21.202755988016239 ], [ -45.018800969064593, -21.202755988016243 ], [ -45.018800969064593, -21.203025482601479 ], [ -45.019070463649832, -21.203025482601479 ], [ -45.019070463649832, -21.203294977186719 ], [ -45.019339958235065, -21.203294977186722 ], [ -45.019339958235065, -21.204642450112893 ], [ -45.019609452820305, -21.204642450112889 ], [ -45.019609452820305, -21.20572042845383 ], [ -45.020687431161249, -21.205720428453841 ], [ -45.020687431161249, -21.205181439283365 ], [ -45.020956925746482, -21.205181439283365 ], [ -45.020956925746482, -21.204911944698129 ], [ -45.022034904087427, -21.204911944698129 ], [ -45.022034904087427, -21.2046424501129 ], [ -45.022573893257899, -21.204642450112893 ], [ -45.022573893257899, -21.20437295552766 ], [ -45.023112882428372, -21.20437295552766 ], [ -45.023112882428372, -21.204103460942424 ], [ -45.023651871598844, -21.204103460942424 ], [ -45.023651871598844, -21.202486493431007 ], [ -45.022304398672659, -21.202486493431007 ], [ -45.022304398672659, -21.200330536749121 ], [ -45.022034904087427, -21.200330536749114 ], [ -45.022034904087427, -21.200061042163881 ], [ -45.021765409502187, -21.200061042163888 ], [ -45.021765409502187, -21.199522052993412 ], [ -45.024729849939781, -21.199522052993412 ], [ -45.024729849939781, -21.198444074652468 ], [ -45.024460355354549, -21.198444074652475 ], [ -45.024460355354549, -21.197635590896759 ], [ -45.023382377013604, -21.197635590896759 ], [ -45.023382377013604, -21.197905085481995 ], [ -45.022573893257899, -21.197905085482002 ], [ -45.022573893257899, -21.198174580067239 ], [ -45.019070463649832, -21.198174580067228 ], [ -45.019070463649832, -21.198444074652468 ], [ -45.018800969064593, -21.198444074652471 ], [ -45.018800969064593, -21.1987135692377 ] ] ] } },
{ "type": "Feature", "properties": { "anos_com_queima": null, "area_ha": 2.6697938475616274, "inicio": 2016.0, "fim": 2020.0, "tipo": "unique", "id_feicao": "unique_2016_2020_103" }, "geometry": { "type": "Polygon", "coordinates": [ [ [ -45.026616312036438, -21.191976204606814 ], [ -45.026346817451198, -21.191976204606803 ], [ -45.026346817451198, -21.191437215436334 ], [ -45.025268839110254, -21.191437215436345 ], [ -45.025268839110254, -21.191706710021563 ], [ -45.024999344525021, -21.191706710021574 ], [ -45.024999344525021, -21.192784688362508 ], [ -45.025268839110254, -21.192784688362515 ], [ -45.025268839110254, -21.193054182947751 ], [ -45.026616312036438, -21.193054182947748 ], [ -45.026616312036438, -21.191976204606814 ] ] ] } },
{ "type": "Feature", "properties": { "anos_com_queima": null, "area_ha": 1.6686521347994996, "inicio": 2016.0, "fim": 2020.0, "tipo": "unique", "id_feicao": "unique_2016_2020_104" }, "geometry": { "type": "Polygon", "coordinates": [ [ [ -45.015567034041766, -21.18874226958398 ], [ -45.015567034041766, -21.190089742510157 ], [ -45.01664501238271, -21.190089742510153 ], [ -45.01664501238271, -21.188742269583983 ], [ -45.015567034041766, -21.18874226958398 ] ] ] } },
{ "type": "Feature", "properties": { "anos_com_queima": null, "area_ha": 3.5043791620985982, "inicio": 2016.0, "fim": 2020.0, "tipo": "unique", "id_feicao": "unique_2016_2020_105" }, "geometry": { "type": "Polygon", "coordinates": [ [ [ -45.018800969064593, -21.1798489482712 ], [ -45.018800969064593, -21.17957945368596 ], [ -45.017453496138415, -21.179579453685964 ], [ -45.017453496138415, -21.180657432026898 ], [ -45.017722990723655, -21.180657432026905 ], [ -45.017722990723655, -21.180926926612138 ], [ -45.017992485308888, -21.180926926612131 ], [ -45.017992485308888, -21.18119642119737 ], [ -45.019609452820305, -21.181196421197374 ], [ -45.019609452820305, -21.179848948271196 ], [ -45.018800969064593, -21.1798489482712 ] ] ] } },
{ "type": "Feature", "properties": { "anos_com_queima": null, "area_ha": 6.6756536489523945, "inicio": 2016.0, "fim": 2020.0, "tipo": "unique", "id_feicao": "unique_2016_2020_106" }, "geometry": { "type": "Polygon", "coordinates": [ [ [ -45.013680571945116, -21.167182702765107 ], [ -45.015567034041766, -21.16718270276511 ], [ -45.015567034041766, -21.166104724424162 ], [ -45.015297539456526, -21.166104724424169 ], [ -45.015297539456526, -21.164757251497992 ], [ -45.014758550286061, -21.164757251497992 ], [ -45.014758550286061, -21.164487756912745 ], [ -45.014489055700821, -21.164487756912738 ], [ -45.014489055700821, -21.164218262327513 ], [ -45.013411077359876, -21.16421826232752 ], [ -45.013411077359876, -21.164487756912745 ], [ -45.013141582774644, -21.164487756912749 ], [ -45.013141582774644, -21.165835229838923 ], [ -45.013411077359876, -21.16583522983893 ], [ -45.013411077359876, -21.166913208179867 ], [ -45.013680571945116, -21.166913208179871 ], [ -45.013680571945116, -21.167182702765107 ] ] ] } },
{ "type": "Feature", "properties": { "anos_com_queima": null, "area_ha": 22.447129184025531, "inicio": 2016.0, "fim": 2020.0, "tipo": "unique", "id_feicao": "unique_2016_2020_107" }, "geometry": { "type": "Polygon", "coordinates": [ [ [ -45.01826197989412, -21.164757251497988 ], [ -45.01826197989412, -21.167182702765107 ], [ -45.017992485308888, -21.167182702765103 ], [ -45.017992485308888, -21.168260681106055 ], [ -45.019070463649832, -21.168260681106052 ], [ -45.019070463649832, -21.167452197350343 ], [ -45.019878947405537, -21.167452197350354 ], [ -45.019878947405537, -21.167182702765114 ], [ -45.020956925746482, -21.167182702765107 ], [ -45.020956925746482, -21.165026746083221 ], [ -45.021765409502187, -21.165026746083228 ], [ -45.021765409502187, -21.16394876774228 ], [ -45.019339958235065, -21.163948767742284 ], [ -45.019339958235065, -21.161792811060394 ], [ -45.019070463649832, -21.161792811060391 ], [ -45.019070463649832, -21.161253821889925 ], [ -45.018800969064593, -21.161253821889925 ], [ -45.018800969064593, -21.160984327304678 ], [ -45.01853147447936, -21.160984327304686 ], [ -45.01853147447936, -21.16044533813421 ], [ -45.01826197989412, -21.160445338134213 ], [ -45.01826197989412, -21.160175843548977 ], [ -45.017992485308888, -21.160175843548974 ], [ -45.017992485308888, -21.159906348963741 ], [ -45.016106023212238, -21.15990634896373 ], [ -45.016106023212238, -21.161792811060398 ], [ -45.016914506967943, -21.161792811060398 ], [ -45.016914506967943, -21.162062305645627 ], [ -45.017184001553183, -21.16206230564563 ], [ -45.017184001553183, -21.162601294816103 ], [ -45.017992485308888, -21.162601294816092 ], [ -45.017992485308888, -21.164757251497981 ], [ -45.01826197989412, -21.164757251497988 ] ] ] } },
{ "type": "Feature", "properties": { "anos_com_queima": null, "area_ha": 1.3352151322489094, "inicio": 2016.0, "fim": 2020.0, "tipo": "unique", "id_feicao": "unique_2016_2020_108" }, "geometry": { "type": "Polygon", "coordinates": [ [ [ -45.018800969064593, -21.155594435599973 ], [ -45.018800969064593, -21.156672413940903 ], [ -45.019878947405537, -21.156672413940896 ], [ -45.019878947405537, -21.155594435599966 ], [ -45.018800969064593, -21.155594435599973 ] ] ] } },
{ "type": "Feature", "properties": { "anos_com_queima": null, "area_ha": 0.23042320355698467, "inicio": 2016.0, "fim": 2020.0, "tipo": "unique", "id_feicao": "unique_2016_2020_109" }, "geometry": { "type": "Polygon", "coordinates": [ [ [ -45.011524615263227, -21.336155807707996 ], [ -45.01104820068403, -21.336155807796683 ], [ -45.011142, -21.336287 ], [ -45.011253, -21.336482999999895 ], [ -45.011352, -21.336701 ], [ -45.01145, -21.336930999999893 ], [ -45.011524615262907, -21.337023764995642 ], [ -45.011524615263227, -21.336155807707996 ] ] ] } },
{ "type": "Feature", "properties": { "anos_com_queima": null, "area_ha": 2.1806382983774601, "inicio": 2016.0, "fim": 2020.0, "tipo": "unique", "id_feicao": "unique_2016_2020_110" }, "geometry": { "type": "Polygon", "coordinates": [ [ [ -44.991043026785299, -21.334538840196572 ], [ -44.991043026785299, -21.335077829367044 ], [ -44.990773532200066, -21.335077829367048 ], [ -44.990773532200066, -21.33723378604892 ], [ -44.991031789814713, -21.337233786264616 ], [ -44.991089, -21.337193 ], [ -44.991188, -21.336986 ], [ -44.991335999999897, -21.336791 ], [ -44.991532999999897, -21.336331 ], [ -44.991582999999899, -21.336113 ], [ -44.99162, -21.335837 ], [ -44.991633, -21.335572 ], [ -44.991644999999899, -21.335342 ], [ -44.991670999999897, -21.335066 ], [ -44.991708, -21.334756 ], [ -44.991737111982779, -21.33453884043276 ], [ -44.991043026785299, -21.334538840196572 ] ] ] } },
{ "type": "Feature", "properties": { "anos_com_queima": null, "area_ha": 18.320437239889543, "inicio": 2016.0, "fim": 2020.0, "tipo": "unique", "id_feicao": "unique_2016_2020_111" }, "geometry": { "type": "Polygon", "coordinates": [ [ [ -45.00124111629772, -21.332921872895756 ], [ -45.00132, -21.332967 ], [ -45.001517, -21.333103999999896 ], [ -45.001688999999899, -21.333265 ], [ -45.001861, -21.333449 ], [ -45.002034, -21.333621 ], [ -45.002255, -21.333702 ], [ -45.002513, -21.333839 ], [ -45.002759, -21.333862 ], [ -45.002943, -21.333999999999893 ], [ -45.003177, -21.334091 ], [ -45.003397999999898, -21.334171 ], [ -45.003632, -21.33424 ], [ -45.003865, -21.334263 ], [ -45.003904908039935, -21.334269345831945 ], [ -45.003978766876621, -21.334269345611336 ], [ -45.003978766876621, -21.334281090199998 ], [ -45.004148, -21.334308 ], [ -45.004393999999898, -21.334387999999894 ], [ -45.004590999999898, -21.334515 ], [ -45.004658608481229, -21.334538846451558 ], [ -45.006764265025552, -21.334538848378106 ], [ -45.006814, -21.334522 ], [ -45.007047999999898, -21.334487 ], [ -45.007256, -21.334382999999896 ], [ -45.007502, -21.334336999999895 ], [ -45.007735, -21.334279 ], [ -45.007751691069927, -21.334273197538757 ], [ -45.007751691069927, -21.334269345611336 ], [ -45.007762771303923, -21.334269345619852 ], [ -45.007967999999899, -21.334198 ], [ -45.008021185655096, -21.33421716603652 ], [ -45.00802118565516, -21.333191367270402 ], [ -45.007482196484688, -21.333191367270398 ], [ -45.007482196484688, -21.332382883514693 ], [ -45.007212701899455, -21.332382883514683 ], [ -45.007212701899455, -21.33211338892945 ], [ -45.006943207314215, -21.332113388929447 ], [ -45.006943207314215, -21.331843894344214 ], [ -45.006673712728983, -21.331843894344221 ], [ -45.006673712728983, -21.331304905173742 ], [ -45.006404218143743, -21.331304905173745 ], [ -45.006404218143743, -21.331035410588512 ], [ -45.005326239802812, -21.331035410588512 ], [ -45.005326239802812, -21.331574399758978 ], [ -45.005056745217566, -21.331574399758978 ], [ -45.005056745217566, -21.331843894344221 ], [ -45.002631293950451, -21.331843894344217 ], [ -45.002631293950451, -21.331574399758978 ], [ -45.001553315609506, -21.331574399758981 ], [ -45.001553315609506, -21.332921872685166 ], [ -45.00124111629772, -21.332921872895756 ] ] ] } },
{ "type": "Feature", "properties": { "anos_com_queima": null, "area_ha": 16.08740282390006, "inicio": 2016.0, "fim": 2020.0, "tipo": "unique", "id_feicao": "unique_2016_2020_112" }, "geometry": { "type": "Polygon", "coordinates": [ [ [ -44.980532737961106, -21.332652378099926 ], [ -44.982958189228228, -21.332652378099919 ], [ -44.982958189228228, -21.332382883514676 ], [ -44.98322768381346, -21.332382883514683 ], [ -44.98322768381346, -21.33211338892945 ], [ -44.9834971783987, -21.332113388929454 ], [ -44.9834971783987, -21.329957432247561 ], [ -44.983766672983933, -21.329957432247564 ], [ -44.983766672983933, -21.328879453906623 ], [ -44.981071727131578, -21.328879453906616 ], [ -44.981071727131578, -21.328340464736151 ], [ -44.979993748790633, -21.328340464736154 ], [ -44.979993748790633, -21.329418443077095 ], [ -44.980263243375866, -21.329418443077095 ], [ -44.980263243375866, -21.332113388929447 ], [ -44.979454759620161, -21.332113388929454 ], [ -44.979454759620161, -21.333191367270388 ], [ -44.980532737961106, -21.333191367270391 ], [ -44.980532737961106, -21.332652378099926 ] ] ] } },
{ "type": "Feature", "properties": { "anos_com_queima": null, "area_ha": 1.6670973141666501, "inicio": 2016.0, "fim": 2020.0, "tipo": "unique", "id_feicao": "unique_2016_2020_113" }, "geometry": { "type": "Polygon", "coordinates": [ [ [ -45.000744831853794, -21.329418443077085 ], [ -44.999397358927617, -21.329418443077088 ], [ -44.999397358927617, -21.33049642141804 ], [ -45.000744831853794, -21.330496421418037 ], [ -45.000744831853794, -21.329418443077085 ] ] ] } },
{ "type": "Feature", "properties": { "anos_com_queima": null, "area_ha": 38.510610918739623, "inicio": 2016.0, "fim": 2020.0, "tipo": "unique", "id_feicao": "unique_2016_2020_114" }, "geometry": { "type": "Polygon", "coordinates": [ [ [ -45.003439777706149, -21.325645518883793 ], [ -45.003170283120923, -21.325645518883793 ], [ -45.003170283120923, -21.327262486395206 ], [ -45.001553315609506, -21.327262486395213 ], [ -45.001553315609506, -21.327801475565678 ], [ -44.998858369757144, -21.327801475565682 ], [ -44.998858369757144, -21.326723497224737 ], [ -44.998319380586672, -21.326723497224737 ], [ -44.998319380586672, -21.325915013469029 ], [ -44.995085445563838, -21.325915013469029 ], [ -44.995085445563838, -21.32726248639521 ], [ -44.996971907660487, -21.327262486395213 ], [ -44.996971907660487, -21.32860995932139 ], [ -44.998588875171905, -21.32860995932139 ], [ -44.998588875171905, -21.329148948491852 ], [ -45.001014326439034, -21.329148948491856 ], [ -45.001014326439034, -21.329687937662325 ], [ -45.002900788535676, -21.329687937662332 ], [ -45.002900788535676, -21.329957432247564 ], [ -45.00478725063234, -21.329957432247561 ], [ -45.00478725063234, -21.329687937662321 ], [ -45.005326239802812, -21.329687937662332 ], [ -45.005326239802812, -21.329418443077092 ], [ -45.005595734388038, -21.329418443077092 ], [ -45.005595734388038, -21.328070970150922 ], [ -45.006404218143743, -21.328070970150918 ], [ -45.006404218143743, -21.327262486395213 ], [ -45.006673712728983, -21.32726248639521 ], [ -45.006673712728983, -21.326723497224737 ], [ -45.006943207314215, -21.32672349722473 ], [ -45.006943207314215, -21.326184508054265 ], [ -45.007212701899455, -21.326184508054265 ], [ -45.007212701899455, -21.325915013469029 ], [ -45.009099163996105, -21.325915013469025 ], [ -45.009099163996105, -21.324028551372376 ], [ -45.00802118565516, -21.324028551372379 ], [ -45.00802118565516, -21.324567540542848 ], [ -45.006673712728983, -21.324567540542855 ], [ -45.006673712728983, -21.325106529713317 ], [ -45.003978766876621, -21.32510652971332 ], [ -45.003978766876621, -21.325376024298556 ], [ -45.003439777706149, -21.32537602429856 ], [ -45.003439777706149, -21.325645518883793 ] ] ] } },
{ "type": "Feature", "properties": { "anos_com_queima": null, "area_ha": 49.763919320648121, "inicio": 2016.0, "fim": 2020.0, "tipo": "unique", "id_feicao": "unique_2016_2020_115" }, "geometry": { "type": "Polygon", "coordinates": [ [ [ -44.973795373330205, -21.325376024298556 ], [ -44.973795373330205, -21.325915013469029 ], [ -44.973525878744972, -21.325915013469032 ], [ -44.973525878744972, -21.326184508054261 ], [ -44.972447900404028, -21.326184508054265 ], [ -44.972447900404028, -21.326454002639505 ], [ -44.971908911233555, -21.326454002639508 ], [ -44.971908911233555, -21.326723497224737 ], [ -44.971639416648323, -21.326723497224737 ], [ -44.971639416648323, -21.327531980980446 ], [ -44.970022449136906, -21.327531980980442 ], [ -44.970022449136906, -21.32860995932139 ], [ -44.971908911233555, -21.328609959321387 ], [ -44.971908911233555, -21.328879453906609 ], [ -44.9729868895745, -21.32887945390662 ], [ -44.9729868895745, -21.328609959321387 ], [ -44.975412340841622, -21.328609959321383 ], [ -44.975412340841622, -21.328879453906623 ], [ -44.976490319182567, -21.328879453906623 ], [ -44.976490319182567, -21.329148948491863 ], [ -44.977568297523511, -21.329148948491856 ], [ -44.977568297523511, -21.329418443077085 ], [ -44.978646275864456, -21.329418443077092 ], [ -44.978646275864456, -21.32860995932139 ], [ -44.978915770449689, -21.328609959321383 ], [ -44.978915770449689, -21.328070970150911 ], [ -44.979454759620161, -21.328070970150915 ], [ -44.979454759620161, -21.327801475565682 ], [ -44.979724254205394, -21.327801475565682 ], [ -44.979724254205394, -21.327531980980442 ], [ -44.981341221716811, -21.327531980980446 ], [ -44.981341221716811, -21.32726248639521 ], [ -44.981880210887283, -21.327262486395213 ], [ -44.981880210887283, -21.326723497224737 ], [ -44.984036167569172, -21.326723497224737 ], [ -44.984036167569172, -21.326992991809973 ], [ -44.98511414591011, -21.326992991809973 ], [ -44.98511414591011, -21.324837035128091 ], [ -44.98538364049535, -21.324837035128088 ], [ -44.98538364049535, -21.323759056787139 ], [ -44.982688694642988, -21.323759056787139 ], [ -44.982688694642988, -21.324298045957612 ], [ -44.982419200057755, -21.324298045957612 ], [ -44.982419200057755, -21.324837035128088 ], [ -44.979993748790633, -21.324837035128091 ], [ -44.979993748790633, -21.32510652971332 ], [ -44.976490319182567, -21.325106529713327 ], [ -44.976490319182567, -21.325376024298556 ], [ -44.973795373330205, -21.325376024298556 ] ] ] } },
{ "type": "Feature", "properties": { "anos_com_queima": null, "area_ha": 3.3342902983960432, "inicio": 2016.0, "fim": 2020.0, "tipo": "unique", "id_feicao": "unique_2016_2020_116" }, "geometry": { "type": "Polygon", "coordinates": [ [ [ -44.989965048444361, -21.326184508054265 ], [ -44.989965048444361, -21.32510652971332 ], [ -44.989156564688649, -21.325106529713317 ], [ -44.989156564688649, -21.324837035128088 ], [ -44.988078586347704, -21.324837035128084 ], [ -44.988078586347704, -21.325106529713324 ], [ -44.987809091762472, -21.325106529713324 ], [ -44.987809091762472, -21.326184508054268 ], [ -44.988348080932944, -21.326184508054268 ], [ -44.988348080932944, -21.326454002639501 ], [ -44.989426059273889, -21.326454002639501 ], [ -44.989426059273889, -21.326184508054265 ], [ -44.989965048444361, -21.326184508054265 ] ] ] } },
{ "type": "Feature", "properties": { "anos_com_queima": null, "area_ha": 1.667145185705647, "inicio": 2016.0, "fim": 2020.0, "tipo": "unique", "id_feicao": "unique_2016_2020_117" }, "geometry": { "type": "Polygon", "coordinates": [ [ [ -44.993198983467188, -21.32510652971332 ], [ -44.991851510541011, -21.32510652971332 ], [ -44.991851510541011, -21.326184508054265 ], [ -44.993198983467188, -21.326184508054268 ], [ -44.993198983467188, -21.32510652971332 ] ] ] } },
{ "type": "Feature", "properties": { "anos_com_queima": null, "area_ha": 1.3337185335418862, "inicio": 2016.0, "fim": 2020.0, "tipo": "unique", "id_feicao": "unique_2016_2020_118" }, "geometry": { "type": "Polygon", "coordinates": [ [ [ -44.993468478052428, -21.324837035128095 ], [ -44.993468478052428, -21.325915013469032 ], [ -44.994546456393365, -21.325915013469029 ], [ -44.994546456393365, -21.324837035128084 ], [ -44.993468478052428, -21.324837035128095 ] ] ] } },
{ "type": "Feature", "properties": { "anos_com_queima": null, "area_ha": 8.0859541140636502, "inicio": 2016.0, "fim": 2020.0, "tipo": "unique", "id_feicao": "unique_2016_2020_119" }, "geometry": { "type": "Polygon", "coordinates": [ [ [ -45.00990764775181, -21.320794616349545 ], [ -45.00990764775181, -21.321333605520021 ], [ -45.010985626092754, -21.321333605520014 ], [ -45.010985626092754, -21.319986132593833 ], [ -45.009368658581337, -21.319986132593836 ], [ -45.009368658581337, -21.319716638008607 ], [ -45.009099163996105, -21.3197166380086 ], [ -45.009099163996105, -21.318908154252892 ], [ -45.00802118565516, -21.318908154252899 ], [ -45.00802118565516, -21.319177648838135 ], [ -45.005865228973271, -21.319177648838128 ], [ -45.005865228973271, -21.320255627179073 ], [ -45.00613472355851, -21.320255627179076 ], [ -45.00613472355851, -21.320525121764312 ], [ -45.00802118565516, -21.320525121764309 ], [ -45.00802118565516, -21.320794616349549 ], [ -45.00990764775181, -21.320794616349545 ] ] ] } },
{ "type": "Feature", "properties": { "anos_com_queima": null, "area_ha": 2.0010475235685705, "inicio": 2016.0, "fim": 2020.0, "tipo": "unique", "id_feicao": "unique_2016_2020_120" }, "geometry": { "type": "Polygon", "coordinates": [ [ [ -45.012602593604171, -21.289533244462184 ], [ -45.010985626092754, -21.289533244462195 ], [ -45.010985626092754, -21.290611222803136 ], [ -45.012602593604171, -21.290611222803136 ], [ -45.012602593604171, -21.289533244462184 ] ] ] } },
{ "type": "Feature", "properties": { "anos_com_queima": null, "area_ha": 5.753083938322078, "inicio": 2016.0, "fim": 2020.0, "tipo": "unique", "id_feicao": "unique_2016_2020_121" }, "geometry": { "type": "Polygon", "coordinates": [ [ [ -44.988887070103416, -21.289263749876948 ], [ -44.988887070103416, -21.28656880402459 ], [ -44.988348080932944, -21.286568804024594 ], [ -44.988348080932944, -21.286029814854114 ], [ -44.987270102591999, -21.286029814854118 ], [ -44.987270102591999, -21.287377287780295 ], [ -44.987539597177239, -21.287377287780302 ], [ -44.987539597177239, -21.287646782365545 ], [ -44.988078586347704, -21.287646782365545 ], [ -44.988078586347704, -21.290611222803129 ], [ -44.989156564688649, -21.290611222803133 ], [ -44.989156564688649, -21.289263749876948 ], [ -44.988887070103416, -21.289263749876948 ] ] ] } },
{ "type": "Feature", "properties": { "anos_com_queima": null, "area_ha": 1.9177306410136359, "inicio": 2016.0, "fim": 2020.0, "tipo": "unique", "id_feicao": "unique_2016_2020_122" }, "geometry": { "type": "Polygon", "coordinates": [ [ [ -44.985653135080582, -21.284682341927944 ], [ -44.985653135080582, -21.285760320268885 ], [ -44.985922629665822, -21.285760320268889 ], [ -44.985922629665822, -21.286029814854118 ], [ -44.987000608006767, -21.286029814854114 ], [ -44.987000608006767, -21.284951836513176 ], [ -44.986731113421527, -21.284951836513176 ], [ -44.986731113421527, -21.284682341927947 ], [ -44.985653135080582, -21.284682341927944 ] ] ] } },
{ "type": "Feature", "properties": { "anos_com_queima": null, "area_ha": 1.6675994156185538, "inicio": 2016.0, "fim": 2020.0, "tipo": "unique", "id_feicao": "unique_2016_2020_123" }, "geometry": { "type": "Polygon", "coordinates": [ [ [ -44.980802232546338, -21.284143352757471 ], [ -44.979454759620161, -21.284143352757468 ], [ -44.979454759620161, -21.285221331098416 ], [ -44.980802232546338, -21.28522133109842 ], [ -44.980802232546338, -21.284143352757471 ] ] ] } },
{ "type": "Feature", "properties": { "anos_com_queima": null, "area_ha": 7.3375996438810605, "inicio": 2016.0, "fim": 2020.0, "tipo": "unique", "id_feicao": "unique_2016_2020_124" }, "geometry": { "type": "Polygon", "coordinates": [ [ [ -44.991043026785299, -21.281987396075586 ], [ -44.991851510541011, -21.281987396075589 ], [ -44.991851510541011, -21.283334869001759 ], [ -44.992929488881956, -21.283334869001756 ], [ -44.992929488881956, -21.281987396075589 ], [ -44.992659994296716, -21.281987396075586 ], [ -44.992659994296716, -21.2798314393937 ], [ -44.991582015955771, -21.2798314393937 ], [ -44.991582015955771, -21.280100933978936 ], [ -44.990504037614834, -21.280100933978929 ], [ -44.990504037614834, -21.280370428564169 ], [ -44.989965048444361, -21.280370428564172 ], [ -44.989965048444361, -21.281717901490349 ], [ -44.991043026785299, -21.281717901490349 ], [ -44.991043026785299, -21.281987396075586 ] ] ] } },
{ "type": "Feature", "properties": { "anos_com_queima": null, "area_ha": 2.4180781421341, "inicio": 2016.0, "fim": 2020.0, "tipo": "unique", "id_feicao": "unique_2016_2020_125" }, "geometry": { "type": "Polygon", "coordinates": [ [ [ -44.98538364049535, -21.281717901490346 ], [ -44.987000608006767, -21.281717901490346 ], [ -44.987000608006767, -21.280639923149405 ], [ -44.986731113421527, -21.280639923149405 ], [ -44.986731113421527, -21.280370428564158 ], [ -44.98538364049535, -21.280370428564162 ], [ -44.98538364049535, -21.281717901490346 ] ] ] } },
{ "type": "Feature", "properties": { "anos_com_queima": null, "area_ha": 1.3342035581712526, "inicio": 2016.0, "fim": 2020.0, "tipo": "unique", "id_feicao": "unique_2016_2020_126" }, "geometry": { "type": "Polygon", "coordinates": [ [ [ -44.988078586347704, -21.270129634325208 ], [ -44.988078586347704, -21.271207612666149 ], [ -44.989156564688649, -21.271207612666146 ], [ -44.989156564688649, -21.270129634325212 ], [ -44.988078586347704, -21.270129634325208 ] ] ] } },
{ "type": "Feature", "properties": { "anos_com_queima": null, "area_ha": 1.8346203211687513, "inicio": 2016.0, "fim": 2020.0, "tipo": "unique", "id_feicao": "unique_2016_2020_127" }, "geometry": { "type": "Polygon", "coordinates": [ [ [ -44.978376781279216, -21.262853280523842 ], [ -44.978376781279216, -21.263122775109075 ], [ -44.977837792108744, -21.263122775109071 ], [ -44.977837792108744, -21.262853280523839 ], [ -44.977298802938272, -21.262853280523839 ], [ -44.977298802938272, -21.263931258864773 ], [ -44.978915770449689, -21.263931258864776 ], [ -44.978915770449689, -21.262853280523839 ], [ -44.978376781279216, -21.262853280523842 ] ] ] } },
{ "type": "Feature", "properties": { "anos_com_queima": null, "area_ha": 4.5866685476791114, "inicio": 2016.0, "fim": 2020.0, "tipo": "unique", "id_feicao": "unique_2016_2020_128" }, "geometry": { "type": "Polygon", "coordinates": [ [ [ -44.979993748790633, -21.259619345501005 ], [ -44.980802232546338, -21.259619345501008 ], [ -44.980802232546338, -21.25827187257482 ], [ -44.979185265034921, -21.258271872574824 ], [ -44.979185265034921, -21.258541367160063 ], [ -44.978646275864456, -21.258541367160067 ], [ -44.978646275864456, -21.259888840086244 ], [ -44.978915770449689, -21.259888840086248 ], [ -44.978915770449689, -21.260697323841956 ], [ -44.979993748790633, -21.260697323841956 ], [ -44.979993748790633, -21.259619345501005 ] ] ] } },
{ "type": "Feature", "properties": { "anos_com_queima": null, "area_ha": 2.3356029277171677, "inicio": 2016.0, "fim": 2020.0, "tipo": "unique", "id_feicao": "unique_2016_2020_129" }, "geometry": { "type": "Polygon", "coordinates": [ [ [ -45.009368658581337, -21.22215959815323 ], [ -45.009368658581337, -21.223237576494171 ], [ -45.010716131507522, -21.223237576494171 ], [ -45.010716131507522, -21.221620608982754 ], [ -45.009638153166577, -21.221620608982747 ], [ -45.009638153166577, -21.222159598153215 ], [ -45.009368658581337, -21.22215959815323 ] ] ] } },
{ "type": "Feature", "properties": { "anos_com_queima": null, "area_ha": 9.592922648373241, "inicio": 2016.0, "fim": 2020.0, "tipo": "unique", "id_feicao": "unique_2016_2020_130" }, "geometry": { "type": "Polygon", "coordinates": [ [ [ -44.990773532200066, -21.220003641471333 ], [ -44.990773532200066, -21.220273136056569 ], [ -44.991851510541011, -21.220273136056566 ], [ -44.991851510541011, -21.219195157715628 ], [ -44.990504037614834, -21.219195157715625 ], [ -44.990504037614834, -21.218386673959923 ], [ -44.991312521370538, -21.218386673959927 ], [ -44.991312521370538, -21.218117179374683 ], [ -44.991582015955771, -21.218117179374691 ], [ -44.991582015955771, -21.217847684789451 ], [ -44.991851510541011, -21.217847684789447 ], [ -44.991851510541011, -21.217578190204215 ], [ -44.992659994296716, -21.217578190204211 ], [ -44.992659994296716, -21.215961222692801 ], [ -44.990773532200066, -21.215961222692798 ], [ -44.990773532200066, -21.217039201033742 ], [ -44.990234543029594, -21.217039201033739 ], [ -44.990234543029594, -21.218386673959927 ], [ -44.988887070103416, -21.218386673959927 ], [ -44.988887070103416, -21.2197341468861 ], [ -44.989156564688649, -21.2197341468861 ], [ -44.989156564688649, -21.22000364147134 ], [ -44.990773532200066, -21.220003641471333 ] ] ] } },
{ "type": "Feature", "properties": { "anos_com_queima": null, "area_ha": 21.104414433224189, "inicio": 2016.0, "fim": 2020.0, "tipo": "unique", "id_feicao": "unique_2016_2020_131" }, "geometry": { "type": "Polygon", "coordinates": [ [ [ -45.003439777706149, -21.220003641471333 ], [ -45.003439777706149, -21.220273136056569 ], [ -45.004517756047093, -21.220273136056573 ], [ -45.004517756047093, -21.220003641471337 ], [ -45.005595734388038, -21.220003641471326 ], [ -45.005595734388038, -21.219734146886097 ], [ -45.005865228973271, -21.2197341468861 ], [ -45.005865228973271, -21.219195157715635 ], [ -45.008829669410872, -21.219195157715628 ], [ -45.008829669410872, -21.218925663130399 ], [ -45.009638153166577, -21.218925663130388 ], [ -45.009638153166577, -21.217847684789447 ], [ -45.009368658581337, -21.217847684789444 ], [ -45.009368658581337, -21.217308695618971 ], [ -45.008560174825632, -21.217308695618971 ], [ -45.008560174825632, -21.216769706448499 ], [ -45.006943207314215, -21.216769706448495 ], [ -45.006943207314215, -21.215422233522329 ], [ -45.005595734388038, -21.215422233522332 ], [ -45.005595734388038, -21.217578190204222 ], [ -45.001822810194739, -21.217578190204218 ], [ -45.001822810194739, -21.219464652300871 ], [ -45.002092304779978, -21.219464652300868 ], [ -45.002092304779978, -21.219734146886097 ], [ -45.002361799365211, -21.219734146886097 ], [ -45.002361799365211, -21.22000364147133 ], [ -45.003439777706149, -21.220003641471333 ] ], [ [ -45.007482196484688, -21.218656168545159 ], [ -45.005595734388038, -21.218656168545163 ], [ -45.005595734388038, -21.217847684789458 ], [ -45.00802118565516, -21.217847684789447 ], [ -45.00802118565516, -21.218117179374691 ], [ -45.007482196484688, -21.218117179374691 ], [ -45.007482196484688, -21.218656168545159 ] ] ] } },
{ "type": "Feature", "properties": { "anos_com_queima": null, "area_ha": 55.472535845602167, "inicio": 2016.0, "fim": 2020.0, "tipo": "unique", "id_feicao": "unique_2016_2020_132" }, "geometry": { "type": "Polygon", "coordinates": [ [ [ -44.983766672983933, -21.214074760596144 ], [ -44.98322768381346, -21.214074760596148 ], [ -44.98322768381346, -21.214344255181381 ], [ -44.982419200057755, -21.214344255181381 ], [ -44.982419200057755, -21.21461374976662 ], [ -44.981341221716811, -21.214613749766617 ], [ -44.981341221716811, -21.215961222692794 ], [ -44.98161071630205, -21.215961222692801 ], [ -44.98161071630205, -21.216500211863274 ], [ -44.981880210887283, -21.216500211863266 ], [ -44.981880210887283, -21.21676970644851 ], [ -44.982419200057755, -21.216769706448503 ], [ -44.982419200057755, -21.217039201033746 ], [ -44.982688694642988, -21.217039201033746 ], [ -44.982688694642988, -21.217308695618975 ], [ -44.982958189228228, -21.217308695618975 ], [ -44.982958189228228, -21.220542630641805 ], [ -44.98322768381346, -21.220542630641805 ], [ -44.98322768381346, -21.221081619812281 ], [ -44.9834971783987, -21.221081619812278 ], [ -44.9834971783987, -21.221351114397514 ], [ -44.984305662154405, -21.221351114397514 ], [ -44.984305662154405, -21.22189010356799 ], [ -44.984844651324877, -21.22189010356799 ], [ -44.984844651324877, -21.222159598153226 ], [ -44.985922629665822, -21.222159598153226 ], [ -44.985922629665822, -21.22189010356799 ], [ -44.986192124251055, -21.221890103567986 ], [ -44.986192124251055, -21.222159598153219 ], [ -44.987539597177239, -21.222159598153219 ], [ -44.987539597177239, -21.222429092738462 ], [ -44.987809091762472, -21.222429092738462 ], [ -44.987809091762472, -21.222698587323695 ], [ -44.988078586347704, -21.222698587323691 ], [ -44.988078586347704, -21.222968081908927 ], [ -44.989156564688649, -21.222968081908927 ], [ -44.989156564688649, -21.221890103568001 ], [ -44.988887070103416, -21.221890103567986 ], [ -44.988887070103416, -21.221620608982757 ], [ -44.988617575518177, -21.221620608982747 ], [ -44.988617575518177, -21.221351114397525 ], [ -44.987809091762472, -21.22135111439751 ], [ -44.987809091762472, -21.221081619812281 ], [ -44.986731113421527, -21.221081619812281 ], [ -44.986731113421527, -21.218117179374687 ], [ -44.987270102591999, -21.21811717937468 ], [ -44.987270102591999, -21.216500211863274 ], [ -44.987539597177239, -21.216500211863274 ], [ -44.987539597177239, -21.21623071727803 ], [ -44.989965048444361, -21.216230717278034 ], [ -44.989965048444361, -21.215961222692805 ], [ -44.990234543029594, -21.215961222692794 ], [ -44.990234543029594, -21.214613749766613 ], [ -44.989965048444361, -21.214613749766617 ], [ -44.989965048444361, -21.213535771425676 ], [ -44.989695553859121, -21.213535771425676 ], [ -44.989695553859121, -21.213266276840439 ], [ -44.989156564688649, -21.213266276840439 ], [ -44.989156564688649, -21.212457793084734 ], [ -44.987809091762472, -21.212457793084731 ], [ -44.987809091762472, -21.212996782255207 ], [ -44.986192124251055, -21.212996782255207 ], [ -44.986192124251055, -21.213266276840439 ], [ -44.985922629665822, -21.213266276840439 ], [ -44.985922629665822, -21.213535771425679 ], [ -44.984305662154405, -21.213535771425683 ], [ -44.984305662154405, -21.213805266010908 ], [ -44.983766672983933, -21.213805266010915 ], [ -44.983766672983933, -21.214074760596144 ] ], [ [ -44.984844651324877, -21.218386673959916 ], [ -44.984844651324877, -21.216230717278034 ], [ -44.985653135080582, -21.216230717278037 ], [ -44.985653135080582, -21.217039201033735 ], [ -44.98538364049535, -21.217039201033742 ], [ -44.98538364049535, -21.218386673959923 ], [ -44.984844651324877, -21.218386673959916 ] ] ] } },
{ "type": "Feature", "properties": { "anos_com_queima": null, "area_ha": 1.3346896925450809, "inicio": 2016.0, "fim": 2020.0, "tipo": "unique", "id_feicao": "unique_2016_2020_133" }, "geometry": { "type": "Polygon", "coordinates": [ [ [ -44.994276961808133, -21.215152738937089 ], [ -44.994276961808133, -21.216230717278044 ], [ -44.995354940149078, -21.216230717278044 ], [ -44.995354940149078, -21.215152738937089 ], [ -44.994276961808133, -21.215152738937089 ] ] ] } },
{ "type": "Feature", "properties": { "anos_com_queima": null, "area_ha": 9.3429802110336713, "inicio": 2016.0, "fim": 2020.0, "tipo": "unique", "id_feicao": "unique_2016_2020_134" }, "geometry": { "type": "Polygon", "coordinates": [ [ [ -45.005595734388038, -21.213805266010912 ], [ -45.005056745217566, -21.213805266010901 ], [ -45.005056745217566, -21.213535771425676 ], [ -45.00478725063234, -21.213535771425676 ], [ -45.00478725063234, -21.21326627684045 ], [ -45.004517756047093, -21.213266276840436 ], [ -45.004517756047093, -21.2129967822552 ], [ -45.003439777706149, -21.21299678225521 ], [ -45.003439777706149, -21.211918803914269 ], [ -45.003170283120923, -21.211918803914262 ], [ -45.003170283120923, -21.211649309329015 ], [ -45.002092304779978, -21.211649309329022 ], [ -45.002092304779978, -21.212188298499488 ], [ -45.001822810194739, -21.212188298499495 ], [ -45.001822810194739, -21.213805266010908 ], [ -45.002092304779978, -21.213805266010912 ], [ -45.002092304779978, -21.21488324435186 ], [ -45.005595734388038, -21.214883244351856 ], [ -45.005595734388038, -21.213805266010912 ] ] ] } },
{ "type": "Feature", "properties": { "anos_com_queima": null, "area_ha": 2.002139857013896, "inicio": 2016.0, "fim": 2020.0, "tipo": "unique", "id_feicao": "unique_2016_2020_135" }, "geometry": { "type": "Polygon", "coordinates": [ [ [ -44.994007467222893, -21.207337395965258 ], [ -44.991851510541011, -21.207337395965254 ], [ -44.991851510541011, -21.208145879720952 ], [ -44.994007467222893, -21.208145879720959 ], [ -44.994007467222893, -21.207337395965258 ] ] ] } },
{ "type": "Feature", "properties": { "anos_com_queima": null, "area_ha": 2.0021866713978351, "inicio": 2016.0, "fim": 2020.0, "tipo": "unique", "id_feicao": "unique_2016_2020_136" }, "geometry": { "type": "Polygon", "coordinates": [ [ [ -45.011524615263227, -21.204911944698125 ], [ -45.012872088189404, -21.204911944698125 ], [ -45.012872088189404, -21.203833966357188 ], [ -45.012602593604171, -21.203833966357188 ], [ -45.012602593604171, -21.203564471771955 ], [ -45.011524615263227, -21.203564471771948 ], [ -45.011524615263227, -21.204911944698125 ] ] ] } },
{ "type": "Feature", "properties": { "anos_com_queima": null, "area_ha": 3.3370188149260547, "inicio": 2016.0, "fim": 2020.0, "tipo": "unique", "id_feicao": "unique_2016_2020_137" }, "geometry": { "type": "Polygon", "coordinates": [ [ [ -44.982958189228228, -21.203294977186708 ], [ -44.982958189228228, -21.20248649343101 ], [ -44.983766672983933, -21.20248649343101 ], [ -44.983766672983933, -21.201408515090066 ], [ -44.981880210887283, -21.201408515090062 ], [ -44.981880210887283, -21.203294977186715 ], [ -44.982958189228228, -21.203294977186708 ] ] ] } },
{ "type": "Feature", "properties": { "anos_com_queima": null, "area_ha": 36.291317876415306, "inicio": 2016.0, "fim": 2020.0, "tipo": "unique", "id_feicao": "unique_2016_2020_138" }, "geometry": { "type": "Polygon", "coordinates": [ [ [ -44.991851510541011, -21.199522052993405 ], [ -44.992121005126243, -21.199522052993409 ], [ -44.992121005126243, -21.200330536749117 ], [ -44.993737972637661, -21.200330536749117 ], [ -44.993737972637661, -21.20086952591959 ], [ -44.994276961808133, -21.200869525919593 ], [ -44.994276961808133, -21.201139020504826 ], [ -44.99562443473431, -21.201139020504833 ], [ -44.99562443473431, -21.200600031334361 ], [ -44.99589392931955, -21.200600031334357 ], [ -44.99589392931955, -21.200061042163878 ], [ -44.996163423904783, -21.200061042163881 ], [ -44.996163423904783, -21.199791547578648 ], [ -44.996702413075255, -21.199791547578652 ], [ -44.996702413075255, -21.198983063822944 ], [ -44.999397358927617, -21.198983063822936 ], [ -44.999397358927617, -21.197905085481995 ], [ -44.996702413075255, -21.197905085482002 ], [ -44.996702413075255, -21.197096601726283 ], [ -44.99589392931955, -21.197096601726287 ], [ -44.99589392931955, -21.194671150459172 ], [ -44.996163423904783, -21.194671150459158 ], [ -44.996163423904783, -21.194132161288685 ], [ -44.996702413075255, -21.194132161288692 ], [ -44.996702413075255, -21.193054182947744 ], [ -44.995085445563838, -21.193054182947751 ], [ -44.995085445563838, -21.192784688362519 ], [ -44.992659994296716, -21.192784688362519 ], [ -44.992659994296716, -21.194940645044394 ], [ -44.991582015955771, -21.194940645044394 ], [ -44.991582015955771, -21.195210139629648 ], [ -44.991312521370538, -21.195210139629644 ], [ -44.991312521370538, -21.196557612555811 ], [ -44.991582015955771, -21.196557612555825 ], [ -44.991582015955771, -21.199252558408173 ], [ -44.991851510541011, -21.199252558408173 ], [ -44.991851510541011, -21.199522052993405 ] ], [ [ -44.993198983467188, -21.197635590896759 ], [ -44.993198983467188, -21.195210139629648 ], [ -44.99562443473431, -21.195210139629644 ], [ -44.99562443473431, -21.197635590896756 ], [ -44.993198983467188, -21.197635590896759 ] ] ] } },
{ "type": "Feature", "properties": { "anos_com_queima": null, "area_ha": 33.789045224097002, "inicio": 2016.0, "fim": 2020.0, "tipo": "unique", "id_feicao": "unique_2016_2020_139" }, "geometry": { "type": "Polygon", "coordinates": [ [ [ -44.998588875171905, -21.19547963421487 ], [ -45.000205842683322, -21.195479634214873 ], [ -45.000205842683322, -21.197905085481999 ], [ -45.001822810194739, -21.197905085481995 ], [ -45.001822810194739, -21.197635590896759 ], [ -45.002092304779978, -21.197635590896759 ], [ -45.002092304779978, -21.19736609631153 ], [ -45.002361799365211, -21.197366096311523 ], [ -45.002361799365211, -21.197096601726283 ], [ -45.003709272291395, -21.19709660172629 ], [ -45.003709272291395, -21.196827107141047 ], [ -45.003978766876621, -21.196827107141054 ], [ -45.003978766876621, -21.196557612555814 ], [ -45.005056745217566, -21.196557612555814 ], [ -45.005056745217566, -21.196288117970578 ], [ -45.005326239802812, -21.196288117970578 ], [ -45.005326239802812, -21.194132161288692 ], [ -45.00802118565516, -21.194132161288689 ], [ -45.00802118565516, -21.191706710021574 ], [ -45.007212701899455, -21.191706710021574 ], [ -45.007212701899455, -21.191437215436334 ], [ -45.003709272291395, -21.191437215436341 ], [ -45.003709272291395, -21.194132161288696 ], [ -45.001283821024266, -21.194132161288689 ], [ -45.001283821024266, -21.193862666703453 ], [ -44.999936348098089, -21.193862666703467 ], [ -44.999936348098089, -21.194401655873929 ], [ -44.998588875171905, -21.194401655873936 ], [ -44.998588875171905, -21.19547963421487 ] ] ] } },
{ "type": "Feature", "properties": { "anos_com_queima": null, "area_ha": 6.8415076068878973, "inicio": 2016.0, "fim": 2020.0, "tipo": "unique", "id_feicao": "unique_2016_2020_140" }, "geometry": { "type": "Polygon", "coordinates": [ [ [ -44.999127864342377, -21.189550753339677 ], [ -44.999127864342377, -21.189820247924924 ], [ -44.999666853512849, -21.189820247924921 ], [ -44.999666853512849, -21.190089742510153 ], [ -45.001014326439034, -21.190089742510157 ], [ -45.001014326439034, -21.189550753339685 ], [ -45.001283821024266, -21.189550753339685 ], [ -45.001283821024266, -21.187125302072559 ], [ -45.000205842683322, -21.187125302072555 ], [ -45.000205842683322, -21.187394796657795 ], [ -44.999936348098089, -21.187394796657795 ], [ -44.999936348098089, -21.187664291243031 ], [ -44.999397358927617, -21.187664291243024 ], [ -44.999397358927617, -21.187933785828271 ], [ -44.998858369757144, -21.187933785828271 ], [ -44.998858369757144, -21.189550753339681 ], [ -44.999127864342377, -21.189550753339677 ] ] ] } },
{ "type": "Feature", "properties": { "anos_com_queima": null, "area_ha": 4.4225559430278434, "inicio": 2016.0, "fim": 2020.0, "tipo": "unique", "id_feicao": "unique_2016_2020_141" }, "geometry": { "type": "Polygon", "coordinates": [ [ [ -44.999397358927617, -21.168799670276524 ], [ -44.999397358927617, -21.169069164861757 ], [ -45.001014326439034, -21.169069164861757 ], [ -45.001014326439034, -21.166643713594638 ], [ -44.999936348098089, -21.166643713594631 ], [ -44.999936348098089, -21.16718270276511 ], [ -44.999666853512849, -21.16718270276511 ], [ -44.999666853512849, -21.167452197350343 ], [ -44.999397358927617, -21.167452197350343 ], [ -44.999397358927617, -21.167721691935579 ], [ -44.999127864342377, -21.167721691935576 ], [ -44.999127864342377, -21.168799670276524 ], [ -44.999397358927617, -21.168799670276524 ] ] ] } },
{ "type": "Feature", "properties": { "anos_com_queima": null, "area_ha": 13.684997049283144, "inicio": 2016.0, "fim": 2020.0, "tipo": "unique", "id_feicao": "unique_2016_2020_142" }, "geometry": { "type": "Polygon", "coordinates": [ [ [ -44.986461618836294, -21.166374219009398 ], [ -44.98538364049535, -21.166374219009402 ], [ -44.98538364049535, -21.167991186520812 ], [ -44.986461618836294, -21.167991186520823 ], [ -44.986461618836294, -21.167721691935583 ], [ -44.986731113421527, -21.167721691935579 ], [ -44.986731113421527, -21.166913208179871 ], [ -44.987809091762472, -21.166913208179874 ], [ -44.987809091762472, -21.16745219735035 ], [ -44.988887070103416, -21.167452197350343 ], [ -44.988887070103416, -21.169608154032222 ], [ -44.989965048444361, -21.169608154032229 ], [ -44.989965048444361, -21.168530175691291 ], [ -44.989695553859121, -21.168530175691288 ], [ -44.989695553859121, -21.166374219009398 ], [ -44.990773532200066, -21.166374219009402 ], [ -44.990773532200066, -21.166104724424166 ], [ -44.991043026785299, -21.166104724424166 ], [ -44.991043026785299, -21.165026746083225 ], [ -44.990773532200066, -21.165026746083221 ], [ -44.990773532200066, -21.164757251497988 ], [ -44.988617575518177, -21.164757251497985 ], [ -44.988617575518177, -21.165026746083225 ], [ -44.988078586347704, -21.165026746083218 ], [ -44.988078586347704, -21.16583522983893 ], [ -44.986731113421527, -21.165835229838937 ], [ -44.986731113421527, -21.166643713594642 ], [ -44.986461618836294, -21.166643713594631 ], [ -44.986461618836294, -21.166374219009398 ] ] ] } },
{ "type": "Feature", "properties": { "anos_com_queima": null, "area_ha": 2.0028666399595116, "inicio": 2016.0, "fim": 2020.0, "tipo": "unique", "id_feicao": "unique_2016_2020_143" }, "geometry": { "type": "Polygon", "coordinates": [ [ [ -45.002361799365211, -21.153168984332847 ], [ -45.002361799365211, -21.15343847891808 ], [ -45.003439777706149, -21.153438478918083 ], [ -45.003439777706149, -21.152091005991903 ], [ -45.002092304779978, -21.152091005991899 ], [ -45.002092304779978, -21.153168984332844 ], [ -45.002361799365211, -21.153168984332847 ] ] ] } },
{ "type": "Feature", "properties": { "anos_com_queima": null, "area_ha": 1.3353408155561963, "inicio": 2016.0, "fim": 2020.0, "tipo": "unique", "id_feicao": "unique_2016_2020_144" }, "geometry": { "type": "Polygon", "coordinates": [ [ [ -45.010985626092754, -21.141311222582459 ], [ -45.010985626092754, -21.142389200923407 ], [ -45.012063604433699, -21.142389200923407 ], [ -45.012063604433699, -21.14131122258247 ], [ -45.010985626092754, -21.141311222582459 ] ] ] } },
{ "type": "Feature", "properties": { "anos_com_queima": null, "area_ha": 0.097466229254845535, "inicio": 2016.0, "fim": 2020.0, "tipo": "unique", "id_feicao": "unique_2016_2020_145" }, "geometry": { "type": "Polygon", "coordinates": [ [ [ -44.965171546602683, -21.34640905640023 ], [ -44.965313, -21.346487 ], [ -44.965522, -21.346602 ], [ -44.965710535773511, -21.346687097915268 ], [ -44.965710535773134, -21.34639660194695 ], [ -44.965171546602662, -21.34639660194695 ], [ -44.965171546602683, -21.34640905640023 ] ] ] } },
{ "type": "Feature", "properties": { "anos_com_queima": null, "area_ha": 0.30766836217833798, "inicio": 2016.0, "fim": 2020.0, "tipo": "unique", "id_feicao": "unique_2016_2020_146" }, "geometry": { "type": "Polygon", "coordinates": [ [ [ -44.965171546602662, -21.34639660194695 ], [ -44.965171546602662, -21.345857612776491 ], [ -44.964219793666189, -21.345857613133987 ], [ -44.964246, -21.345875 ], [ -44.964467, -21.346002 ], [ -44.964761, -21.346186999999894 ], [ -44.965019, -21.346325 ], [ -44.965148944141774, -21.346396601981688 ], [ -44.965171546602662, -21.34639660194695 ] ] ] } },
{ "type": "Feature", "properties": { "anos_com_queima": null, "area_ha": 22.004663063699006, "inicio": 2016.0, "fim": 2020.0, "tipo": "unique", "id_feicao": "unique_2016_2020_147" }, "geometry": { "type": "Polygon", "coordinates": [ [ [ -44.946037431050911, -21.345857612776484 ], [ -44.945498441880446, -21.345857612776491 ], [ -44.945498441880446, -21.348283064043603 ], [ -44.945228947295206, -21.348283064043603 ], [ -44.945228947295753, -21.348633399865005 ], [ -44.945701, -21.348634 ], [ -44.945946999999897, -21.348612 ], [ -44.946291, -21.348601 ], [ -44.946524, -21.348532 ], [ -44.946782, -21.348429 ], [ -44.947065, -21.348315 ], [ -44.947274, -21.348177 ], [ -44.947483, -21.347948 ], [ -44.947803, -21.347419 ], [ -44.947950999999897, -21.34712 ], [ -44.947989, -21.346902 ], [ -44.948075, -21.346672 ], [ -44.948197999999898, -21.346430999999896 ], [ -44.948371, -21.346167 ], [ -44.948543, -21.345971 ], [ -44.94874, -21.345776 ], [ -44.948974, -21.34565 ], [ -44.949207, -21.345467 ], [ -44.949416, -21.345271 ], [ -44.949626, -21.34503 ], [ -44.949847, -21.344847 ], [ -44.950079849829983, -21.344738147450901 ], [ -44.95007984982945, -21.344510139850303 ], [ -44.950508003465636, -21.344510140678224 ], [ -44.950572, -21.344469 ], [ -44.950843, -21.344377 ], [ -44.951113, -21.344263 ], [ -44.951321999999898, -21.344125 ], [ -44.951531, -21.34401 ], [ -44.951863, -21.343873 ], [ -44.951966311926888, -21.343859990403022 ], [ -44.951966311926107, -21.34289317233889 ], [ -44.950888333585162, -21.342893172338893 ], [ -44.950888333585162, -21.343432161509355 ], [ -44.95034934441469, -21.343432161509362 ], [ -44.95034934441469, -21.343971150679831 ], [ -44.9481933877328, -21.343971150679835 ], [ -44.9481933877328, -21.342084688583174 ], [ -44.946845914806623, -21.342084688583174 ], [ -44.946845914806623, -21.342354183168418 ], [ -44.946576420221383, -21.342354183168414 ], [ -44.946576420221383, -21.342623677753654 ], [ -44.945767936465678, -21.342623677753654 ], [ -44.945767936465678, -21.343701656094595 ], [ -44.946037431050911, -21.343701656094588 ], [ -44.946037431050911, -21.345857612776484 ] ] ] } },
{ "type": "Feature", "properties": { "anos_com_queima": null, "area_ha": 4.9377256747832465, "inicio": 2016.0, "fim": 2020.0, "tipo": "unique", "id_feicao": "unique_2016_2020_148" }, "geometry": { "type": "Polygon", "coordinates": [ [ [ -44.92555584257299, -21.343701656094598 ], [ -44.925765668911282, -21.343701656468376 ], [ -44.925970999999898, -21.343694 ], [ -44.926364326328716, -21.343694929282645 ], [ -44.926364326328695, -21.343432161509362 ], [ -44.922860896720628, -21.343432161509359 ], [ -44.922860896720628, -21.342893172338883 ], [ -44.918818477942089, -21.34289317233889 ], [ -44.918818477942089, -21.343432161509362 ], [ -44.918548983356857, -21.343432161509359 ], [ -44.918548983357077, -21.343561399849239 ], [ -44.918629, -21.34354 ], [ -44.918923999999897, -21.343426 ], [ -44.919193999999898, -21.34338 ], [ -44.919452, -21.343346999999898 ], [ -44.919796, -21.343336 ], [ -44.920029, -21.343405 ], [ -44.920118662433936, -21.343432161654395 ], [ -44.920165950868274, -21.343432161509362 ], [ -44.920165950868316, -21.343446486828981 ], [ -44.920336, -21.343498 ], [ -44.921134, -21.343499999999899 ], [ -44.921379, -21.343512 ], [ -44.921612, -21.343547 ], [ -44.921882, -21.343638999999897 ], [ -44.922299, -21.34387 ], [ -44.922557, -21.34394 ], [ -44.922827, -21.344009 ], [ -44.92306, -21.344033 ], [ -44.923895, -21.344035 ], [ -44.924484, -21.344013 ], [ -44.924754999999898, -21.343898 ], [ -44.92505, -21.343784 ], [ -44.925344, -21.343739 ], [ -44.925555842573033, -21.343717305356197 ], [ -44.92555584257299, -21.343701656094598 ] ] ] } },
{ "type": "Feature", "properties": { "anos_com_queima": null, "area_ha": 0.050707598626696472, "inicio": 2016.0, "fim": 2020.0, "tipo": "unique", "id_feicao": "unique_2016_2020_149" }, "geometry": { "type": "Polygon", "coordinates": [ [ [ -44.914047712089875, -21.343162667033535 ], [ -44.914308, -21.343266 ], [ -44.914506564578488, -21.343368929437993 ], [ -44.914506564578318, -21.343162666924115 ], [ -44.914047712089875, -21.343162667033535 ] ] ] } },
{ "type": "Feature", "properties": { "anos_com_queima": null, "area_ha": 0.13967477156780661, "inicio": 2016.0, "fim": 2020.0, "tipo": "unique", "id_feicao": "unique_2016_2020_150" }, "geometry": { "type": "Polygon", "coordinates": [ [ [ -44.909655662044969, -21.342975977213552 ], [ -44.909791, -21.342945999999891 ], [ -44.910037, -21.342807999999899 ], [ -44.910185, -21.342624999999892 ], [ -44.910189944039402, -21.342623677761143 ], [ -44.909655662044074, -21.34262367775365 ], [ -44.909655662044969, -21.342975977213552 ] ] ] } },
{ "type": "Feature", "properties": { "anos_com_queima": null, "area_ha": 0.6781101504274335, "inicio": 2016.0, "fim": 2020.0, "tipo": "unique", "id_feicao": "unique_2016_2020_151" }, "geometry": { "type": "Polygon", "coordinates": [ [ [ -44.905613243265535, -21.34235418316841 ], [ -44.905613243266217, -21.342780606580259 ], [ -44.905814, -21.342764999999897 ], [ -44.906059, -21.342765 ], [ -44.906292, -21.342777 ], [ -44.906526, -21.342812 ], [ -44.906771, -21.342824 ], [ -44.906960716191961, -21.342858560743021 ], [ -44.906960716191712, -21.342354183168418 ], [ -44.905613243265535, -21.34235418316841 ] ] ] } },
{ "type": "Feature", "properties": { "anos_com_queima": null, "area_ha": 0.099247622234133082, "inicio": 2016.0, "fim": 2020.0, "tipo": "unique", "id_feicao": "unique_2016_2020_152" }, "geometry": { "type": "Polygon", "coordinates": [ [ [ -44.911003134970251, -21.342354183168418 ], [ -44.911003134970457, -21.342437600431357 ], [ -44.911203999999898, -21.342396999999895 ], [ -44.911499, -21.342398 ], [ -44.911781, -21.34241 ], [ -44.912027, -21.342433 ], [ -44.912297, -21.342457 ], [ -44.912350607896663, -21.34247139281938 ], [ -44.912350607896428, -21.34235418316841 ], [ -44.911003134970251, -21.342354183168418 ] ] ] } },
{ "type": "Feature", "properties": { "anos_com_queima": null, "area_ha": 2.0003574629563836, "inicio": 2016.0, "fim": 2020.0, "tipo": "unique", "id_feicao": "unique_2016_2020_153" }, "geometry": { "type": "Polygon", "coordinates": [ [ [ -44.93606613139719, -21.341545699412706 ], [ -44.934449163885773, -21.341545699412709 ], [ -44.934449163885773, -21.342623677753647 ], [ -44.93606613139719, -21.34262367775365 ], [ -44.93606613139719, -21.341545699412706 ] ] ] } },
{ "type": "Feature", "properties": { "anos_com_queima": null, "area_ha": 12.919012807246638, "inicio": 2016.0, "fim": 2020.0, "tipo": "unique", "id_feicao": "unique_2016_2020_154" }, "geometry": { "type": "Polygon", "coordinates": [ [ [ -44.967058008699311, -21.342354183168414 ], [ -44.967058008699311, -21.342623677753654 ], [ -44.968135987040256, -21.342623677753654 ], [ -44.968135987040256, -21.342084688583178 ], [ -44.968674976210728, -21.342084688583181 ], [ -44.968674976210728, -21.341276204827466 ], [ -44.969213965381201, -21.341276204827466 ], [ -44.969213965381201, -21.340198226486518 ], [ -44.965710535773134, -21.340198226486532 ], [ -44.965710535773134, -21.339928731901292 ], [ -44.964632557432189, -21.339928731901292 ], [ -44.964632557432189, -21.340467721071764 ], [ -44.96436306284695, -21.340467721071757 ], [ -44.96436306284695, -21.341815193997938 ], [ -44.963554579091245, -21.341815193997938 ], [ -44.963554579091245, -21.342893172338883 ], [ -44.964632557432189, -21.342893172338883 ], [ -44.964632557432189, -21.342354183168418 ], [ -44.967058008699311, -21.342354183168414 ] ] ] } },
{ "type": "Feature", "properties": { "anos_com_queima": null, "area_ha": 8.0014831792249161, "inicio": 2016.0, "fim": 2020.0, "tipo": "unique", "id_feicao": "unique_2016_2020_155" }, "geometry": { "type": "Polygon", "coordinates": [ [ [ -44.911811618725963, -21.341545699412706 ], [ -44.911811618725963, -21.341815193997942 ], [ -44.913428586237373, -21.341815193997938 ], [ -44.913428586237373, -21.342084688583178 ], [ -44.915854037504495, -21.342084688583178 ], [ -44.915854037504495, -21.341815193997938 ], [ -44.916123532089735, -21.341815193997942 ], [ -44.916123532089735, -21.341545699412706 ], [ -44.916393026674967, -21.341545699412702 ], [ -44.916393026674967, -21.340467721071768 ], [ -44.91504555374879, -21.340467721071761 ], [ -44.91504555374879, -21.341006710242233 ], [ -44.912889597066901, -21.341006710242237 ], [ -44.912889597066901, -21.340737215656997 ], [ -44.911542124140723, -21.340737215657008 ], [ -44.911542124140723, -21.340467721071761 ], [ -44.910194651214546, -21.340467721071768 ], [ -44.910194651214546, -21.341545699412706 ], [ -44.911811618725963, -21.341545699412706 ] ] ] } },
{ "type": "Feature", "properties": { "anos_com_queima": null, "area_ha": 3.500654688034579, "inicio": 2016.0, "fim": 2020.0, "tipo": "unique", "id_feicao": "unique_2016_2020_156" }, "geometry": { "type": "Polygon", "coordinates": [ [ [ -44.930945734277707, -21.341006710242233 ], [ -44.931215228862939, -21.341006710242233 ], [ -44.931215228862939, -21.339928731901299 ], [ -44.929867755936762, -21.339928731901292 ], [ -44.929867755936762, -21.340198226486532 ], [ -44.92932876676629, -21.340198226486528 ], [ -44.92932876676629, -21.341545699412709 ], [ -44.929867755936762, -21.341545699412709 ], [ -44.929867755936762, -21.341815193997938 ], [ -44.930945734277707, -21.341815193997942 ], [ -44.930945734277707, -21.341006710242233 ] ] ] } },
{ "type": "Feature", "properties": { "anos_com_queima": null, "area_ha": 3.0840815062407403, "inicio": 2016.0, "fim": 2020.0, "tipo": "unique", "id_feicao": "unique_2016_2020_157" }, "geometry": { "type": "Polygon", "coordinates": [ [ [ -44.967596997869784, -21.333191367270402 ], [ -44.969213965381201, -21.333191367270395 ], [ -44.969213965381201, -21.332652378099919 ], [ -44.969752954551666, -21.332652378099926 ], [ -44.969752954551666, -21.331843894344221 ], [ -44.969483459966433, -21.331843894344214 ], [ -44.969483459966433, -21.331574399758985 ], [ -44.969213965381201, -21.331574399758974 ], [ -44.969213965381201, -21.331843894344217 ], [ -44.968135987040256, -21.331843894344214 ], [ -44.968135987040256, -21.331574399758974 ], [ -44.967866492455016, -21.331574399758974 ], [ -44.967866492455016, -21.332113388929443 ], [ -44.967596997869784, -21.332113388929461 ], [ -44.967596997869784, -21.333191367270402 ] ] ] } },
{ "type": "Feature", "properties": { "anos_com_queima": null, "area_ha": 4.9179310036048296, "inicio": 2016.0, "fim": 2020.0, "tipo": "unique", "id_feicao": "unique_2016_2020_158" }, "geometry": { "type": "Polygon", "coordinates": [ [ [ -44.95034934441469, -21.329957432247561 ], [ -44.95007984982945, -21.329957432247571 ], [ -44.95007984982945, -21.331035410588516 ], [ -44.953313784852284, -21.331035410588512 ], [ -44.953313784852284, -21.329687937662325 ], [ -44.95034934441469, -21.329687937662332 ], [ -44.95034934441469, -21.329957432247561 ] ] ] } },
{ "type": "Feature", "properties": { "anos_com_queima": null, "area_ha": 21.088957301148611, "inicio": 2016.0, "fim": 2020.0, "tipo": "unique", "id_feicao": "unique_2016_2020_159" }, "geometry": { "type": "Polygon", "coordinates": [ [ [ -44.958434181971761, -21.331304905173745 ], [ -44.958434181971761, -21.331574399758981 ], [ -44.960320644068418, -21.331574399758974 ], [ -44.960320644068418, -21.331304905173745 ], [ -44.96059013865365, -21.331304905173749 ], [ -44.96059013865365, -21.330496421418037 ], [ -44.960859633238883, -21.330496421418037 ], [ -44.960859633238883, -21.329418443077099 ], [ -44.96059013865365, -21.329418443077099 ], [ -44.96059013865365, -21.327262486395206 ], [ -44.960859633238883, -21.327262486395206 ], [ -44.960859633238883, -21.326184508054265 ], [ -44.96059013865365, -21.326184508054265 ], [ -44.96059013865365, -21.325915013469029 ], [ -44.959781654897945, -21.325915013469029 ], [ -44.959781654897945, -21.325645518883793 ], [ -44.958434181971761, -21.325645518883789 ], [ -44.958434181971761, -21.326184508054261 ], [ -44.956817214460358, -21.326184508054261 ], [ -44.956817214460358, -21.32726248639521 ], [ -44.958434181971761, -21.327262486395206 ], [ -44.958434181971761, -21.329418443077092 ], [ -44.956547719875111, -21.329418443077095 ], [ -44.956547719875111, -21.331304905173745 ], [ -44.958434181971761, -21.331304905173745 ] ] ] } },
{ "type": "Feature", "properties": { "anos_com_queima": null, "area_ha": 1.6673004588848424, "inicio": 2016.0, "fim": 2020.0, "tipo": "unique", "id_feicao": "unique_2016_2020_160" }, "geometry": { "type": "Polygon", "coordinates": [ [ [ -44.900492846146051, -21.31136230586629 ], [ -44.900492846146051, -21.31270977879247 ], [ -44.901570824486996, -21.312709778792474 ], [ -44.901570824486996, -21.311362305866297 ], [ -44.900492846146051, -21.31136230586629 ] ] ] } },
{ "type": "Feature", "properties": { "anos_com_queima": null, "area_ha": 3.7516413659073411, "inicio": 2016.0, "fim": 2020.0, "tipo": "unique", "id_feicao": "unique_2016_2020_161" }, "geometry": { "type": "Polygon", "coordinates": [ [ [ -44.946037431050911, -21.303816457479691 ], [ -44.947384903977095, -21.303816457479687 ], [ -44.947384903977095, -21.303546962894455 ], [ -44.9481933877328, -21.303546962894451 ], [ -44.9481933877328, -21.302199489968274 ], [ -44.946037431050911, -21.302199489968274 ], [ -44.946037431050911, -21.303816457479691 ] ] ] } },
{ "type": "Feature", "properties": { "anos_com_queima": null, "area_ha": 53.609295100710469, "inicio": 2016.0, "fim": 2020.0, "tipo": "unique", "id_feicao": "unique_2016_2020_162" }, "geometry": { "type": "Polygon", "coordinates": [ [ [ -44.974334362500677, -21.295731619922609 ], [ -44.974334362500677, -21.297348587434023 ], [ -44.974064867915445, -21.297348587434023 ], [ -44.974064867915445, -21.298426565774978 ], [ -44.973795373330205, -21.298426565774967 ], [ -44.973795373330205, -21.299235049530683 ], [ -44.973525878744972, -21.299235049530683 ], [ -44.973525878744972, -21.299774038701148 ], [ -44.973795373330205, -21.299774038701148 ], [ -44.973795373330205, -21.300043533286384 ], [ -44.975951330012094, -21.300043533286392 ], [ -44.975951330012094, -21.300582522456857 ], [ -44.976220824597327, -21.30058252245686 ], [ -44.976220824597327, -21.3008520170421 ], [ -44.977837792108744, -21.300852017042093 ], [ -44.977837792108744, -21.300582522456857 ], [ -44.978107286693984, -21.300582522456857 ], [ -44.978107286693984, -21.300313027871621 ], [ -44.978376781279216, -21.300313027871628 ], [ -44.978376781279216, -21.300043533286392 ], [ -44.978646275864456, -21.300043533286392 ], [ -44.978646275864456, -21.299774038701152 ], [ -44.978915770449689, -21.299774038701152 ], [ -44.978915770449689, -21.299504544115916 ], [ -44.979454759620161, -21.299504544115912 ], [ -44.979454759620161, -21.299235049530676 ], [ -44.979724254205394, -21.299235049530679 ], [ -44.979724254205394, -21.298965554945443 ], [ -44.979993748790633, -21.298965554945443 ], [ -44.979993748790633, -21.297348587434019 ], [ -44.979724254205394, -21.297348587434023 ], [ -44.979724254205394, -21.294653641581668 ], [ -44.979454759620161, -21.294653641581675 ], [ -44.979454759620161, -21.294384146996435 ], [ -44.979185265034921, -21.294384146996435 ], [ -44.979185265034921, -21.294114652411196 ], [ -44.978915770449689, -21.294114652411196 ], [ -44.978915770449689, -21.292767179485018 ], [ -44.978646275864456, -21.292767179485018 ], [ -44.978646275864456, -21.291419706558838 ], [ -44.978376781279216, -21.291419706558845 ], [ -44.978376781279216, -21.291150211973605 ], [ -44.978107286693984, -21.291150211973605 ], [ -44.978107286693984, -21.290880717388372 ], [ -44.977837792108744, -21.290880717388369 ], [ -44.977837792108744, -21.290611222803122 ], [ -44.977298802938272, -21.29061122280314 ], [ -44.977298802938272, -21.2903417282179 ], [ -44.975412340841622, -21.290341728217889 ], [ -44.975412340841622, -21.291689201144081 ], [ -44.975142846256389, -21.29168920114407 ], [ -44.975142846256389, -21.293306168655494 ], [ -44.97487335167115, -21.293306168655487 ], [ -44.97487335167115, -21.294384146996432 ], [ -44.974603857085917, -21.294384146996439 ], [ -44.974603857085917, -21.295731619922606 ], [ -44.974334362500677, -21.295731619922609 ] ] ] } },
{ "type": "Feature", "properties": { "anos_com_queima": null, "area_ha": 3.1686036225313785, "inicio": 2016.0, "fim": 2020.0, "tipo": "unique", "id_feicao": "unique_2016_2020_163" }, "geometry": { "type": "Polygon", "coordinates": [ [ [ -44.92555584257299, -21.276328009785637 ], [ -44.92555584257299, -21.276597504370866 ], [ -44.925016853402518, -21.276597504370869 ], [ -44.925016853402518, -21.276866998956102 ], [ -44.924747358817278, -21.276866998956095 ], [ -44.924747358817278, -21.277944977297047 ], [ -44.926633820913935, -21.27794497729705 ], [ -44.926633820913935, -21.27632800978563 ], [ -44.92555584257299, -21.276328009785637 ] ] ] } },
{ "type": "Feature", "properties": { "anos_com_queima": null, "area_ha": 3.0852207749947906, "inicio": 2016.0, "fim": 2020.0, "tipo": "unique", "id_feicao": "unique_2016_2020_164" }, "geometry": { "type": "Polygon", "coordinates": [ [ [ -44.933640680130061, -21.2760585152004 ], [ -44.932293207203884, -21.276058515200397 ], [ -44.932293207203884, -21.277136493541327 ], [ -44.933910174715301, -21.277136493541327 ], [ -44.933910174715301, -21.277944977297047 ], [ -44.934988153056246, -21.277944977297047 ], [ -44.934988153056246, -21.276866998956102 ], [ -44.933640680130061, -21.276866998956102 ], [ -44.933640680130061, -21.2760585152004 ] ] ] } },
{ "type": "Feature", "properties": { "anos_com_queima": null, "area_ha": 2.0013219490395993, "inicio": 2016.0, "fim": 2020.0, "tipo": "unique", "id_feicao": "unique_2016_2020_165" }, "geometry": { "type": "Polygon", "coordinates": [ [ [ -44.932562701789124, -21.269051655984256 ], [ -44.932562701789124, -21.270129634325212 ], [ -44.934179669300534, -21.270129634325212 ], [ -44.934179669300534, -21.269051655984274 ], [ -44.932562701789124, -21.269051655984256 ] ] ] } },
{ "type": "Feature", "properties": { "anos_com_queima": null, "area_ha": 4.2531737276527739, "inicio": 2016.0, "fim": 2020.0, "tipo": "unique", "id_feicao": "unique_2016_2020_166" }, "geometry": { "type": "Polygon", "coordinates": [ [ [ -44.973795373330205, -21.257463388819119 ], [ -44.973795373330205, -21.25638541047817 ], [ -44.973525878744972, -21.256385410478178 ], [ -44.973525878744972, -21.256115915892941 ], [ -44.973256384159733, -21.256115915892938 ], [ -44.973256384159733, -21.255846421307709 ], [ -44.9729868895745, -21.255846421307709 ], [ -44.9729868895745, -21.255576926722476 ], [ -44.971369922063083, -21.255576926722476 ], [ -44.971369922063083, -21.256654905063417 ], [ -44.971639416648323, -21.256654905063421 ], [ -44.971639416648323, -21.256924399648646 ], [ -44.971908911233555, -21.256924399648643 ], [ -44.971908911233555, -21.257193894233879 ], [ -44.972178405818795, -21.257193894233883 ], [ -44.972178405818795, -21.257463388819119 ], [ -44.973795373330205, -21.257463388819119 ] ] ] } },
{ "type": "Feature", "properties": { "anos_com_queima": null, "area_ha": 5.3373746418595314, "inicio": 2016.0, "fim": 2020.0, "tipo": "unique", "id_feicao": "unique_2016_2020_167" }, "geometry": { "type": "Polygon", "coordinates": [ [ [ -44.92932876676629, -21.252881980870114 ], [ -44.928250788425345, -21.252881980870104 ], [ -44.928250788425345, -21.257193894233883 ], [ -44.92932876676629, -21.257193894233886 ], [ -44.92932876676629, -21.252881980870114 ] ] ] } },
{ "type": "Feature", "properties": { "anos_com_queima": null, "area_ha": 1.3343587851314422, "inicio": 2016.0, "fim": 2020.0, "tipo": "unique", "id_feicao": "unique_2016_2020_168" }, "geometry": { "type": "Polygon", "coordinates": [ [ [ -44.973795373330205, -21.252612486284875 ], [ -44.973795373330205, -21.253690464625819 ], [ -44.97487335167115, -21.253690464625823 ], [ -44.97487335167115, -21.252612486284875 ], [ -44.973795373330205, -21.252612486284875 ] ] ] } },
{ "type": "Feature", "properties": { "anos_com_queima": null, "area_ha": 1.3343707632846349, "inicio": 2016.0, "fim": 2020.0, "tipo": "unique", "id_feicao": "unique_2016_2020_169" }, "geometry": { "type": "Polygon", "coordinates": [ [ [ -44.970830932892611, -21.25126501335869 ], [ -44.970830932892611, -21.252342991699646 ], [ -44.971908911233555, -21.252342991699646 ], [ -44.971908911233555, -21.251265013358694 ], [ -44.970830932892611, -21.25126501335869 ] ] ] } },
{ "type": "Feature", "properties": { "anos_com_queima": null, "area_ha": 5.3376552816234533, "inicio": 2016.0, "fim": 2020.0, "tipo": "unique", "id_feicao": "unique_2016_2020_170" }, "geometry": { "type": "Polygon", "coordinates": [ [ [ -44.9376830989086, -21.246683605409682 ], [ -44.937144109738128, -21.246683605409686 ], [ -44.937144109738128, -21.246414110824446 ], [ -44.936335625982423, -21.24641411082445 ], [ -44.936335625982423, -21.24614461623921 ], [ -44.934718658471006, -21.246144616239214 ], [ -44.934718658471006, -21.247222594580151 ], [ -44.934988153056246, -21.247222594580158 ], [ -44.934988153056246, -21.247761583750634 ], [ -44.935796636811951, -21.247761583750627 ], [ -44.935796636811951, -21.248031078335867 ], [ -44.9376830989086, -21.248031078335863 ], [ -44.9376830989086, -21.246683605409682 ] ] ] } },
{ "type": "Feature", "properties": { "anos_com_queima": null, "area_ha": 10.425404587462637, "inicio": 2016.0, "fim": 2020.0, "tipo": "unique", "id_feicao": "unique_2016_2020_171" }, "geometry": { "type": "Polygon", "coordinates": [ [ [ -44.933371185544829, -21.245605627068734 ], [ -44.933371185544829, -21.244527648727789 ], [ -44.933101690959596, -21.244527648727797 ], [ -44.933101690959596, -21.242102197460675 ], [ -44.933371185544829, -21.242102197460675 ], [ -44.933371185544829, -21.24102421911973 ], [ -44.933640680130061, -21.24102421911973 ], [ -44.933640680130061, -21.239946240778785 ], [ -44.932293207203884, -21.239946240778789 ], [ -44.932293207203884, -21.241024219119726 ], [ -44.931484723448179, -21.241024219119733 ], [ -44.931484723448179, -21.244527648727797 ], [ -44.931754218033412, -21.244527648727797 ], [ -44.931754218033412, -21.245336132483502 ], [ -44.932023712618651, -21.245336132483512 ], [ -44.932023712618651, -21.245605627068741 ], [ -44.933371185544829, -21.245605627068734 ] ] ] } },
{ "type": "Feature", "properties": { "anos_com_queima": null, "area_ha": 1.3345377968114698, "inicio": 2016.0, "fim": 2020.0, "tipo": "unique", "id_feicao": "unique_2016_2020_172" }, "geometry": { "type": "Polygon", "coordinates": [ [ [ -44.961668116994595, -21.232400392392183 ], [ -44.961668116994595, -21.233478370733131 ], [ -44.96274609533554, -21.233478370733128 ], [ -44.96274609533554, -21.232400392392186 ], [ -44.961668116994595, -21.232400392392183 ] ] ] } },
{ "type": "Feature", "properties": { "anos_com_queima": null, "area_ha": 1.3345613688003273, "inicio": 2016.0, "fim": 2020.0, "tipo": "unique", "id_feicao": "unique_2016_2020_173" }, "geometry": { "type": "Polygon", "coordinates": [ [ [ -44.881628225179554, -21.230244435710304 ], [ -44.880550246838609, -21.230244435710308 ], [ -44.880550246838609, -21.231322414051249 ], [ -44.881628225179554, -21.231322414051245 ], [ -44.881628225179554, -21.230244435710304 ] ] ] } },
{ "type": "Feature", "properties": { "anos_com_queima": null, "area_ha": 4.337383406925599, "inicio": 2016.0, "fim": 2020.0, "tipo": "unique", "id_feicao": "unique_2016_2020_174" }, "geometry": { "type": "Polygon", "coordinates": [ [ [ -44.916393026674967, -21.227010500687467 ], [ -44.916393026674967, -21.228627468198887 ], [ -44.915854037504495, -21.228627468198887 ], [ -44.915854037504495, -21.229705446539828 ], [ -44.917740499601152, -21.229705446539832 ], [ -44.917740499601152, -21.228627468198887 ], [ -44.917471005015912, -21.228627468198891 ], [ -44.917471005015912, -21.22701050068747 ], [ -44.916393026674967, -21.227010500687467 ] ] ] } },
{ "type": "Feature", "properties": { "anos_com_queima": null, "area_ha": 1.3346095775660338, "inicio": 2016.0, "fim": 2020.0, "tipo": "unique", "id_feicao": "unique_2016_2020_175" }, "geometry": { "type": "Polygon", "coordinates": [ [ [ -44.904265770339357, -21.224585049420345 ], [ -44.904265770339357, -21.2256630277613 ], [ -44.905343748680302, -21.225663027761296 ], [ -44.905343748680302, -21.224585049420348 ], [ -44.904265770339357, -21.224585049420345 ] ] ] } },
{ "type": "Feature", "properties": { "anos_com_queima": null, "area_ha": 1.1228998619418591, "inicio": 2016.0, "fim": 2020.0, "tipo": "unique", "id_feicao": "unique_2016_2020_176" }, "geometry": { "type": "Polygon", "coordinates": [ [ [ -44.880550246838609, -21.220273136056566 ], [ -44.880317994031984, -21.220273136267565 ], [ -44.880183, -21.220451 ], [ -44.879998, -21.220611 ], [ -44.879838, -21.220782 ], [ -44.879579, -21.220988 ], [ -44.879257, -21.221023 ], [ -44.878953, -21.221031 ], [ -44.878933279328344, -21.220982402686197 ], [ -44.878933279327192, -21.221351114397514 ], [ -44.880550246838609, -21.221351114397518 ], [ -44.880550246838609, -21.220273136056566 ] ] ] } },
{ "type": "Feature", "properties": { "anos_com_queima": null, "area_ha": 8.5085088014845205, "inicio": 2016.0, "fim": 2020.0, "tipo": "unique", "id_feicao": "unique_2016_2020_177" }, "geometry": { "type": "Polygon", "coordinates": [ [ [ -44.894833459856102, -21.219464652300868 ], [ -44.894833459856102, -21.219734146886093 ], [ -44.896719921952752, -21.219734146886104 ], [ -44.896719921952752, -21.219464652300861 ], [ -44.897528405708456, -21.219464652300868 ], [ -44.897528405708456, -21.219195157715628 ], [ -44.898067394878929, -21.219195157715632 ], [ -44.898067394878929, -21.217847684789447 ], [ -44.897797900293696, -21.217847684789451 ], [ -44.897797900293696, -21.217578190204225 ], [ -44.897528405708456, -21.217578190204225 ], [ -44.897528405708456, -21.217308695618982 ], [ -44.895372449026574, -21.217308695618978 ], [ -44.895372449026574, -21.217847684789447 ], [ -44.895102954441334, -21.217847684789454 ], [ -44.895102954441334, -21.218117179374691 ], [ -44.89429447068563, -21.218117179374687 ], [ -44.89429447068563, -21.219195157715625 ], [ -44.894563965270862, -21.219195157715628 ], [ -44.894563965270862, -21.219464652300871 ], [ -44.894833459856102, -21.219464652300868 ] ] ] } },
{ "type": "Feature", "properties": { "anos_com_queima": null, "area_ha": 10.177244269602522, "inicio": 2016.0, "fim": 2020.0, "tipo": "unique", "id_feicao": "unique_2016_2020_178" }, "geometry": { "type": "Polygon", "coordinates": [ [ [ -44.972178405818795, -21.214344255181384 ], [ -44.972178405818795, -21.214074760596144 ], [ -44.97271739498926, -21.214074760596141 ], [ -44.97271739498926, -21.212996782255203 ], [ -44.972178405818795, -21.212996782255203 ], [ -44.972178405818795, -21.212457793084731 ], [ -44.971908911233555, -21.212457793084731 ], [ -44.971908911233555, -21.212188298499491 ], [ -44.971369922063083, -21.212188298499495 ], [ -44.971369922063083, -21.211918803914259 ], [ -44.971639416648323, -21.211918803914259 ], [ -44.971639416648323, -21.211110320158557 ], [ -44.971369922063083, -21.211110320158557 ], [ -44.971369922063083, -21.210301836402845 ], [ -44.97110042747785, -21.210301836402842 ], [ -44.97110042747785, -21.210032341817616 ], [ -44.970830932892611, -21.21003234181762 ], [ -44.970830932892611, -21.209223858061904 ], [ -44.969752954551666, -21.209223858061904 ], [ -44.969752954551666, -21.210840825573317 ], [ -44.970022449136906, -21.210840825573314 ], [ -44.970022449136906, -21.211110320158557 ], [ -44.970291943722138, -21.211110320158546 ], [ -44.970291943722138, -21.214613749766624 ], [ -44.971908911233555, -21.214613749766617 ], [ -44.971908911233555, -21.214344255181381 ], [ -44.972178405818795, -21.214344255181384 ] ] ] } }
]
}
