"ano","mes","codigo_original","classe","cor","area_queimada_ha","area_classe_ano_ha","percentual_classe_queimada_no_mes","participacao_na_queima_mensal_pct","situacao"
2011,1,0,"Código 0 — sem classificação","#bdbdbd",0,0.16818237356357,0,,"sem_classificacao"
2011,1,3,"Formação Florestal","#1f8d49",0,5643.49444692824,0,,"classe_original"
2011,1,4,"Formação Savânica","#7dc975",0,569.389784455241,0,,"classe_original"
2011,1,9,"Silvicultura","#7a5900",0,150.785064185449,0,,"classe_original"
2011,1,12,"Formação Campestre","#d6bc74",0,4572.59991762618,0,,"classe_original"
2011,1,15,"Pastagem","#edde8e",0,33924.2510019743,0,,"classe_original"
2011,1,21,"Mosaico de Usos","#ffefc3",0,1377.97979514054,0,,"classe_original"
2011,1,24,"Área urbanizada","#d4271e",0,2195.57295281086,0,,"classe_original"
2011,1,25,"Outras Áreas Não Vegetadas","#db4d4f",0,36.3404923334915,0,,"classe_original"
2011,1,29,"Afloramento Rochoso","#ad5100",0,0,,,"classe_ausente_no_ano"
2011,1,33,"Rio, Lago e Oceano","#2532e4",0,796.710961662843,0,,"classe_original"
2011,1,39,"Soja","#f5b3c8",0,0,,,"classe_ausente_no_ano"
2011,1,41,"Outras Lavouras Temporárias","#f54ca9",0,5317.39373133539,0,,"classe_original"
2011,1,46,"Café","#d68fe2",0,1819.35619303469,0,,"classe_original"
2011,1,47,"Citrus","#9932cc",0,25.2527019853182,0,,"classe_original"
2011,1,48,"Outras Lavouras Perenes","#e6ccff",0,0,,,"classe_ausente_no_ano"
2011,2,0,"Código 0 — sem classificação","#bdbdbd",0,0.16818237356357,0,,"sem_classificacao"
2011,2,3,"Formação Florestal","#1f8d49",0,5643.49444692824,0,,"classe_original"
2011,2,4,"Formação Savânica","#7dc975",0,569.389784455241,0,,"classe_original"
2011,2,9,"Silvicultura","#7a5900",0,150.785064185449,0,,"classe_original"
2011,2,12,"Formação Campestre","#d6bc74",0,4572.59991762618,0,,"classe_original"
2011,2,15,"Pastagem","#edde8e",0,33924.2510019743,0,,"classe_original"
2011,2,21,"Mosaico de Usos","#ffefc3",0,1377.97979514054,0,,"classe_original"
2011,2,24,"Área urbanizada","#d4271e",0,2195.57295281086,0,,"classe_original"
2011,2,25,"Outras Áreas Não Vegetadas","#db4d4f",0,36.3404923334915,0,,"classe_original"
2011,2,29,"Afloramento Rochoso","#ad5100",0,0,,,"classe_ausente_no_ano"
2011,2,33,"Rio, Lago e Oceano","#2532e4",0,796.710961662843,0,,"classe_original"
2011,2,39,"Soja","#f5b3c8",0,0,,,"classe_ausente_no_ano"
2011,2,41,"Outras Lavouras Temporárias","#f54ca9",0,5317.39373133539,0,,"classe_original"
2011,2,46,"Café","#d68fe2",0,1819.35619303469,0,,"classe_original"
2011,2,47,"Citrus","#9932cc",0,25.2527019853182,0,,"classe_original"
2011,2,48,"Outras Lavouras Perenes","#e6ccff",0,0,,,"classe_ausente_no_ano"
2011,3,0,"Código 0 — sem classificação","#bdbdbd",0,0.16818237356357,0,,"sem_classificacao"
2011,3,3,"Formação Florestal","#1f8d49",0,5643.49444692824,0,,"classe_original"
2011,3,4,"Formação Savânica","#7dc975",0,569.389784455241,0,,"classe_original"
2011,3,9,"Silvicultura","#7a5900",0,150.785064185449,0,,"classe_original"
2011,3,12,"Formação Campestre","#d6bc74",0,4572.59991762618,0,,"classe_original"
2011,3,15,"Pastagem","#edde8e",0,33924.2510019743,0,,"classe_original"
2011,3,21,"Mosaico de Usos","#ffefc3",0,1377.97979514054,0,,"classe_original"
2011,3,24,"Área urbanizada","#d4271e",0,2195.57295281086,0,,"classe_original"
2011,3,25,"Outras Áreas Não Vegetadas","#db4d4f",0,36.3404923334915,0,,"classe_original"
2011,3,29,"Afloramento Rochoso","#ad5100",0,0,,,"classe_ausente_no_ano"
2011,3,33,"Rio, Lago e Oceano","#2532e4",0,796.710961662843,0,,"classe_original"
2011,3,39,"Soja","#f5b3c8",0,0,,,"classe_ausente_no_ano"
2011,3,41,"Outras Lavouras Temporárias","#f54ca9",0,5317.39373133539,0,,"classe_original"
2011,3,46,"Café","#d68fe2",0,1819.35619303469,0,,"classe_original"
2011,3,47,"Citrus","#9932cc",0,25.2527019853182,0,,"classe_original"
2011,3,48,"Outras Lavouras Perenes","#e6ccff",0,0,,,"classe_ausente_no_ano"
2011,4,0,"Código 0 — sem classificação","#bdbdbd",0,0.16818237356357,0,0,"sem_classificacao"
2011,4,3,"Formação Florestal","#1f8d49",0.166708576070585,5643.49444692824,0.00295399557204003,100,"classe_original"
2011,4,4,"Formação Savânica","#7dc975",0,569.389784455241,0,0,"classe_original"
2011,4,9,"Silvicultura","#7a5900",0,150.785064185449,0,0,"classe_original"
2011,4,12,"Formação Campestre","#d6bc74",0,4572.59991762618,0,0,"classe_original"
2011,4,15,"Pastagem","#edde8e",0,33924.2510019743,0,0,"classe_original"
2011,4,21,"Mosaico de Usos","#ffefc3",0,1377.97979514054,0,0,"classe_original"
2011,4,24,"Área urbanizada","#d4271e",0,2195.57295281086,0,0,"classe_original"
2011,4,25,"Outras Áreas Não Vegetadas","#db4d4f",0,36.3404923334915,0,0,"classe_original"
2011,4,29,"Afloramento Rochoso","#ad5100",0,0,,0,"classe_ausente_no_ano"
2011,4,33,"Rio, Lago e Oceano","#2532e4",0,796.710961662843,0,0,"classe_original"
2011,4,39,"Soja","#f5b3c8",0,0,,0,"classe_ausente_no_ano"
2011,4,41,"Outras Lavouras Temporárias","#f54ca9",0,5317.39373133539,0,0,"classe_original"
2011,4,46,"Café","#d68fe2",0,1819.35619303469,0,0,"classe_original"
2011,4,47,"Citrus","#9932cc",0,25.2527019853182,0,0,"classe_original"
2011,4,48,"Outras Lavouras Perenes","#e6ccff",0,0,,0,"classe_ausente_no_ano"
2011,5,0,"Código 0 — sem classificação","#bdbdbd",0,0.16818237356357,0,0,"sem_classificacao"
2011,5,3,"Formação Florestal","#1f8d49",0,5643.49444692824,0,0,"classe_original"
2011,5,4,"Formação Savânica","#7dc975",0,569.389784455241,0,0,"classe_original"
2011,5,9,"Silvicultura","#7a5900",0,150.785064185449,0,0,"classe_original"
2011,5,12,"Formação Campestre","#d6bc74",0,4572.59991762618,0,0,"classe_original"
2011,5,15,"Pastagem","#edde8e",0.667267059231824,33924.2510019743,0.00196693232576598,100,"classe_original"
2011,5,21,"Mosaico de Usos","#ffefc3",0,1377.97979514054,0,0,"classe_original"
2011,5,24,"Área urbanizada","#d4271e",0,2195.57295281086,0,0,"classe_original"
2011,5,25,"Outras Áreas Não Vegetadas","#db4d4f",0,36.3404923334915,0,0,"classe_original"
2011,5,29,"Afloramento Rochoso","#ad5100",0,0,,0,"classe_ausente_no_ano"
2011,5,33,"Rio, Lago e Oceano","#2532e4",0,796.710961662843,0,0,"classe_original"
2011,5,39,"Soja","#f5b3c8",0,0,,0,"classe_ausente_no_ano"
2011,5,41,"Outras Lavouras Temporárias","#f54ca9",0,5317.39373133539,0,0,"classe_original"
2011,5,46,"Café","#d68fe2",0,1819.35619303469,0,0,"classe_original"
2011,5,47,"Citrus","#9932cc",0,25.2527019853182,0,0,"classe_original"
2011,5,48,"Outras Lavouras Perenes","#e6ccff",0,0,,0,"classe_ausente_no_ano"
2011,6,0,"Código 0 — sem classificação","#bdbdbd",0,0.16818237356357,0,0,"sem_classificacao"
2011,6,3,"Formação Florestal","#1f8d49",0,5643.49444692824,0,0,"classe_original"
2011,6,4,"Formação Savânica","#7dc975",0,569.389784455241,0,0,"classe_original"
2011,6,9,"Silvicultura","#7a5900",0,150.785064185449,0,0,"classe_original"
2011,6,12,"Formação Campestre","#d6bc74",0.0834043536197673,4572.59991762618,0.0018240028675648,19.9999359341643,"classe_original"
2011,6,15,"Pastagem","#edde8e",0,33924.2510019743,0,0,"classe_original"
2011,6,21,"Mosaico de Usos","#ffefc3",0,1377.97979514054,0,0,"classe_original"
2011,6,24,"Área urbanizada","#d4271e",0,2195.57295281086,0,0,"classe_original"
2011,6,25,"Outras Áreas Não Vegetadas","#db4d4f",0,36.3404923334915,0,0,"classe_original"
2011,6,29,"Afloramento Rochoso","#ad5100",0,0,,0,"classe_ausente_no_ano"
2011,6,33,"Rio, Lago e Oceano","#2532e4",0,796.710961662843,0,0,"classe_original"
2011,6,39,"Soja","#f5b3c8",0,0,,0,"classe_ausente_no_ano"
2011,6,41,"Outras Lavouras Temporárias","#f54ca9",0.333618750325752,5317.39373133539,0.00627410282521938,80.0000640658357,"classe_original"
2011,6,46,"Café","#d68fe2",0,1819.35619303469,0,0,"classe_original"
2011,6,47,"Citrus","#9932cc",0,25.2527019853182,0,0,"classe_original"
2011,6,48,"Outras Lavouras Perenes","#e6ccff",0,0,,0,"classe_ausente_no_ano"
2011,7,0,"Código 0 — sem classificação","#bdbdbd",0,0.16818237356357,0,0,"sem_classificacao"
2011,7,3,"Formação Florestal","#1f8d49",0,5643.49444692824,0,0,"classe_original"
2011,7,4,"Formação Savânica","#7dc975",0,569.389784455241,0,0,"classe_original"
2011,7,9,"Silvicultura","#7a5900",0,150.785064185449,0,0,"classe_original"
2011,7,12,"Formação Campestre","#d6bc74",0,4572.59991762618,0,0,"classe_original"
2011,7,15,"Pastagem","#edde8e",0.213927908867534,33924.2510019743,0.000630604663475353,100,"classe_original"
2011,7,21,"Mosaico de Usos","#ffefc3",0,1377.97979514054,0,0,"classe_original"
2011,7,24,"Área urbanizada","#d4271e",0,2195.57295281086,0,0,"classe_original"
2011,7,25,"Outras Áreas Não Vegetadas","#db4d4f",0,36.3404923334915,0,0,"classe_original"
2011,7,29,"Afloramento Rochoso","#ad5100",0,0,,0,"classe_ausente_no_ano"
2011,7,33,"Rio, Lago e Oceano","#2532e4",0,796.710961662843,0,0,"classe_original"
2011,7,39,"Soja","#f5b3c8",0,0,,0,"classe_ausente_no_ano"
2011,7,41,"Outras Lavouras Temporárias","#f54ca9",0,5317.39373133539,0,0,"classe_original"
2011,7,46,"Café","#d68fe2",0,1819.35619303469,0,0,"classe_original"
2011,7,47,"Citrus","#9932cc",0,25.2527019853182,0,0,"classe_original"
2011,7,48,"Outras Lavouras Perenes","#e6ccff",0,0,,0,"classe_ausente_no_ano"
2011,8,0,"Código 0 — sem classificação","#bdbdbd",0,0.16818237356357,0,0,"sem_classificacao"
2011,8,3,"Formação Florestal","#1f8d49",6.05971647911689,5643.49444692824,0.10737525368551,30.7999480709604,"classe_original"
2011,8,4,"Formação Savânica","#7dc975",0,569.389784455241,0,0,"classe_original"
2011,8,9,"Silvicultura","#7a5900",0,150.785064185449,0,0,"classe_original"
2011,8,12,"Formação Campestre","#d6bc74",0.917283814883531,4572.59991762618,0.0200604433234502,4.66231282636882,"classe_original"
2011,8,15,"Pastagem","#edde8e",9.3618424007149,33924.2510019743,0.0275963127385482,47.5837872587326,"classe_original"
2011,8,21,"Mosaico de Usos","#ffefc3",0,1377.97979514054,0,0,"classe_original"
2011,8,24,"Área urbanizada","#d4271e",0.166810195207596,2195.57295281086,0.00759757014650952,0.847852431348316,"classe_original"
2011,8,25,"Outras Áreas Não Vegetadas","#db4d4f",0,36.3404923334915,0,0,"classe_original"
2011,8,29,"Afloramento Rochoso","#ad5100",0,0,,0,"classe_ausente_no_ano"
2011,8,33,"Rio, Lago e Oceano","#2532e4",0,796.710961662843,0,0,"classe_original"
2011,8,39,"Soja","#f5b3c8",0,0,,0,"classe_ausente_no_ano"
2011,8,41,"Outras Lavouras Temporárias","#f54ca9",3.16878443430842,5317.39373133539,0.0595928117121511,16.1060994125901,"classe_original"
2011,8,46,"Café","#d68fe2",0,1819.35619303469,0,0,"classe_original"
2011,8,47,"Citrus","#9932cc",0,25.2527019853182,0,0,"classe_original"
2011,8,48,"Outras Lavouras Perenes","#e6ccff",0,0,,0,"classe_ausente_no_ano"
2011,9,0,"Código 0 — sem classificação","#bdbdbd",0,0.16818237356357,0,0,"sem_classificacao"
2011,9,3,"Formação Florestal","#1f8d49",3.92059546737334,5643.49444692824,0.0694710609577603,0.845873050916744,"classe_original"
2011,9,4,"Formação Savânica","#7dc975",0.250132939479482,569.389784455241,0.0439300012589433,0.0539664738208847,"classe_original"
2011,9,9,"Silvicultura","#7a5900",0,150.785064185449,0,0,"classe_original"
2011,9,12,"Formação Campestre","#d6bc74",26.2873175117659,4572.59991762618,0.574887765938918,5.67151945390371,"classe_original"
2011,9,15,"Pastagem","#edde8e",374.157072730058,33924.2510019743,1.10291918518196,80.7248254164536,"classe_original"
2011,9,21,"Mosaico de Usos","#ffefc3",1.91896801635716,1377.97979514054,0.139259517673947,0.414019590675896,"classe_original"
2011,9,24,"Área urbanizada","#d4271e",1.50129354439727,2195.57295281086,0.068378212733731,0.323905835551997,"classe_original"
2011,9,25,"Outras Áreas Não Vegetadas","#db4d4f",0,36.3404923334915,0,0,"classe_original"
2011,9,29,"Afloramento Rochoso","#ad5100",0,0,,0,"classe_ausente_no_ano"
2011,9,33,"Rio, Lago e Oceano","#2532e4",0,796.710961662843,0,0,"classe_original"
2011,9,39,"Soja","#f5b3c8",0,0,,0,"classe_ausente_no_ano"
2011,9,41,"Outras Lavouras Temporárias","#f54ca9",55.461531428108,5317.39373133539,1.04302096535138,11.9658901786771,"classe_original"
2011,9,46,"Café","#d68fe2",0,1819.35619303469,0,0,"classe_original"
2011,9,47,"Citrus","#9932cc",0,25.2527019853182,0,0,"classe_original"
2011,9,48,"Outras Lavouras Perenes","#e6ccff",0,0,,0,"classe_ausente_no_ano"
2011,10,0,"Código 0 — sem classificação","#bdbdbd",0,0.16818237356357,0,0,"sem_classificacao"
2011,10,3,"Formação Florestal","#1f8d49",52.5846758636931,5643.49444692824,0.931775097117619,7.76531253223348,"classe_original"
2011,10,4,"Formação Savânica","#7dc975",12.1686063340751,569.389784455241,2.13713112990204,1.79696897839112,"classe_original"
2011,10,9,"Silvicultura","#7a5900",0,150.785064185449,0,0,"classe_original"
2011,10,12,"Formação Campestre","#d6bc74",248.067200670468,4572.59991762618,5.42507993568897,36.632713058758,"classe_original"
2011,10,15,"Pastagem","#edde8e",351.932074474492,33924.2510019743,1.03740558473645,51.9707025578263,"classe_original"
2011,10,21,"Mosaico de Usos","#ffefc3",5.42089510688383,1377.97979514054,0.393394382559214,0.800517337380271,"classe_original"
2011,10,24,"Área urbanizada","#d4271e",0,2195.57295281086,0,0,"classe_original"
2011,10,25,"Outras Áreas Não Vegetadas","#db4d4f",0,36.3404923334915,0,0,"classe_original"
2011,10,29,"Afloramento Rochoso","#ad5100",0,0,,0,"classe_ausente_no_ano"
2011,10,33,"Rio, Lago e Oceano","#2532e4",0,796.710961662843,0,0,"classe_original"
2011,10,39,"Soja","#f5b3c8",0,0,,0,"classe_ausente_no_ano"
2011,10,41,"Outras Lavouras Temporárias","#f54ca9",7.00052664545149,5317.39373133539,0.131653343708543,1.03378553541094,"classe_original"
2011,10,46,"Café","#d68fe2",0,1819.35619303469,0,0,"classe_original"
2011,10,47,"Citrus","#9932cc",0,25.2527019853182,0,0,"classe_original"
2011,10,48,"Outras Lavouras Perenes","#e6ccff",0,0,,0,"classe_ausente_no_ano"
2011,11,0,"Código 0 — sem classificação","#bdbdbd",0,0.16818237356357,0,,"sem_classificacao"
2011,11,3,"Formação Florestal","#1f8d49",0,5643.49444692824,0,,"classe_original"
2011,11,4,"Formação Savânica","#7dc975",0,569.389784455241,0,,"classe_original"
2011,11,9,"Silvicultura","#7a5900",0,150.785064185449,0,,"classe_original"
2011,11,12,"Formação Campestre","#d6bc74",0,4572.59991762618,0,,"classe_original"
2011,11,15,"Pastagem","#edde8e",0,33924.2510019743,0,,"classe_original"
2011,11,21,"Mosaico de Usos","#ffefc3",0,1377.97979514054,0,,"classe_original"
2011,11,24,"Área urbanizada","#d4271e",0,2195.57295281086,0,,"classe_original"
2011,11,25,"Outras Áreas Não Vegetadas","#db4d4f",0,36.3404923334915,0,,"classe_original"
2011,11,29,"Afloramento Rochoso","#ad5100",0,0,,,"classe_ausente_no_ano"
2011,11,33,"Rio, Lago e Oceano","#2532e4",0,796.710961662843,0,,"classe_original"
2011,11,39,"Soja","#f5b3c8",0,0,,,"classe_ausente_no_ano"
2011,11,41,"Outras Lavouras Temporárias","#f54ca9",0,5317.39373133539,0,,"classe_original"
2011,11,46,"Café","#d68fe2",0,1819.35619303469,0,,"classe_original"
2011,11,47,"Citrus","#9932cc",0,25.2527019853182,0,,"classe_original"
2011,11,48,"Outras Lavouras Perenes","#e6ccff",0,0,,,"classe_ausente_no_ano"
2011,12,0,"Código 0 — sem classificação","#bdbdbd",0,0.16818237356357,0,,"sem_classificacao"
2011,12,3,"Formação Florestal","#1f8d49",0,5643.49444692824,0,,"classe_original"
2011,12,4,"Formação Savânica","#7dc975",0,569.389784455241,0,,"classe_original"
2011,12,9,"Silvicultura","#7a5900",0,150.785064185449,0,,"classe_original"
2011,12,12,"Formação Campestre","#d6bc74",0,4572.59991762618,0,,"classe_original"
2011,12,15,"Pastagem","#edde8e",0,33924.2510019743,0,,"classe_original"
2011,12,21,"Mosaico de Usos","#ffefc3",0,1377.97979514054,0,,"classe_original"
2011,12,24,"Área urbanizada","#d4271e",0,2195.57295281086,0,,"classe_original"
2011,12,25,"Outras Áreas Não Vegetadas","#db4d4f",0,36.3404923334915,0,,"classe_original"
2011,12,29,"Afloramento Rochoso","#ad5100",0,0,,,"classe_ausente_no_ano"
2011,12,33,"Rio, Lago e Oceano","#2532e4",0,796.710961662843,0,,"classe_original"
2011,12,39,"Soja","#f5b3c8",0,0,,,"classe_ausente_no_ano"
2011,12,41,"Outras Lavouras Temporárias","#f54ca9",0,5317.39373133539,0,,"classe_original"
2011,12,46,"Café","#d68fe2",0,1819.35619303469,0,,"classe_original"
2011,12,47,"Citrus","#9932cc",0,25.2527019853182,0,,"classe_original"
2011,12,48,"Outras Lavouras Perenes","#e6ccff",0,0,,,"classe_ausente_no_ano"
2012,1,0,"Código 0 — sem classificação","#bdbdbd",0,0.16818237356357,0,,"sem_classificacao"
2012,1,3,"Formação Florestal","#1f8d49",0,5742.52246111456,0,,"classe_original"
2012,1,4,"Formação Savânica","#7dc975",0,564.886103748136,0,,"classe_original"
2012,1,9,"Silvicultura","#7a5900",0,165.37645424305,0,,"classe_original"
2012,1,12,"Formação Campestre","#d6bc74",0,4448.38774499247,0,,"classe_original"
2012,1,15,"Pastagem","#edde8e",0,32924.6313719404,0,,"classe_original"
2012,1,21,"Mosaico de Usos","#ffefc3",0,1611.95471678681,0,,"classe_original"
2012,1,24,"Área urbanizada","#d4271e",0,2260.4611151675,0,,"classe_original"
2012,1,25,"Outras Áreas Não Vegetadas","#db4d4f",0,31.7546270590805,0,,"classe_original"
2012,1,29,"Afloramento Rochoso","#ad5100",0,0,,,"classe_ausente_no_ano"
2012,1,33,"Rio, Lago e Oceano","#2532e4",0,764.859743668364,0,,"classe_original"
2012,1,39,"Soja","#f5b3c8",0,0,,,"classe_ausente_no_ano"
2012,1,41,"Outras Lavouras Temporárias","#f54ca9",0,5795.95806196242,0,,"classe_original"
2012,1,46,"Café","#d68fe2",0,2087.99698853887,0,,"classe_original"
2012,1,47,"Citrus","#9932cc",0,30.3376542509001,0,,"classe_original"
2012,1,48,"Outras Lavouras Perenes","#e6ccff",0,0,,,"classe_ausente_no_ano"
2012,2,0,"Código 0 — sem classificação","#bdbdbd",0,0.16818237356357,0,,"sem_classificacao"
2012,2,3,"Formação Florestal","#1f8d49",0,5742.52246111456,0,,"classe_original"
2012,2,4,"Formação Savânica","#7dc975",0,564.886103748136,0,,"classe_original"
2012,2,9,"Silvicultura","#7a5900",0,165.37645424305,0,,"classe_original"
2012,2,12,"Formação Campestre","#d6bc74",0,4448.38774499247,0,,"classe_original"
2012,2,15,"Pastagem","#edde8e",0,32924.6313719404,0,,"classe_original"
2012,2,21,"Mosaico de Usos","#ffefc3",0,1611.95471678681,0,,"classe_original"
2012,2,24,"Área urbanizada","#d4271e",0,2260.4611151675,0,,"classe_original"
2012,2,25,"Outras Áreas Não Vegetadas","#db4d4f",0,31.7546270590805,0,,"classe_original"
2012,2,29,"Afloramento Rochoso","#ad5100",0,0,,,"classe_ausente_no_ano"
2012,2,33,"Rio, Lago e Oceano","#2532e4",0,764.859743668364,0,,"classe_original"
2012,2,39,"Soja","#f5b3c8",0,0,,,"classe_ausente_no_ano"
2012,2,41,"Outras Lavouras Temporárias","#f54ca9",0,5795.95806196242,0,,"classe_original"
2012,2,46,"Café","#d68fe2",0,2087.99698853887,0,,"classe_original"
2012,2,47,"Citrus","#9932cc",0,30.3376542509001,0,,"classe_original"
2012,2,48,"Outras Lavouras Perenes","#e6ccff",0,0,,,"classe_ausente_no_ano"
2012,3,0,"Código 0 — sem classificação","#bdbdbd",0,0.16818237356357,0,,"sem_classificacao"
2012,3,3,"Formação Florestal","#1f8d49",0,5742.52246111456,0,,"classe_original"
2012,3,4,"Formação Savânica","#7dc975",0,564.886103748136,0,,"classe_original"
2012,3,9,"Silvicultura","#7a5900",0,165.37645424305,0,,"classe_original"
2012,3,12,"Formação Campestre","#d6bc74",0,4448.38774499247,0,,"classe_original"
2012,3,15,"Pastagem","#edde8e",0,32924.6313719404,0,,"classe_original"
2012,3,21,"Mosaico de Usos","#ffefc3",0,1611.95471678681,0,,"classe_original"
2012,3,24,"Área urbanizada","#d4271e",0,2260.4611151675,0,,"classe_original"
2012,3,25,"Outras Áreas Não Vegetadas","#db4d4f",0,31.7546270590805,0,,"classe_original"
2012,3,29,"Afloramento Rochoso","#ad5100",0,0,,,"classe_ausente_no_ano"
2012,3,33,"Rio, Lago e Oceano","#2532e4",0,764.859743668364,0,,"classe_original"
2012,3,39,"Soja","#f5b3c8",0,0,,,"classe_ausente_no_ano"
2012,3,41,"Outras Lavouras Temporárias","#f54ca9",0,5795.95806196242,0,,"classe_original"
2012,3,46,"Café","#d68fe2",0,2087.99698853887,0,,"classe_original"
2012,3,47,"Citrus","#9932cc",0,30.3376542509001,0,,"classe_original"
2012,3,48,"Outras Lavouras Perenes","#e6ccff",0,0,,,"classe_ausente_no_ano"
2012,4,0,"Código 0 — sem classificação","#bdbdbd",0,0.16818237356357,0,,"sem_classificacao"
2012,4,3,"Formação Florestal","#1f8d49",0,5742.52246111456,0,,"classe_original"
2012,4,4,"Formação Savânica","#7dc975",0,564.886103748136,0,,"classe_original"
2012,4,9,"Silvicultura","#7a5900",0,165.37645424305,0,,"classe_original"
2012,4,12,"Formação Campestre","#d6bc74",0,4448.38774499247,0,,"classe_original"
2012,4,15,"Pastagem","#edde8e",0,32924.6313719404,0,,"classe_original"
2012,4,21,"Mosaico de Usos","#ffefc3",0,1611.95471678681,0,,"classe_original"
2012,4,24,"Área urbanizada","#d4271e",0,2260.4611151675,0,,"classe_original"
2012,4,25,"Outras Áreas Não Vegetadas","#db4d4f",0,31.7546270590805,0,,"classe_original"
2012,4,29,"Afloramento Rochoso","#ad5100",0,0,,,"classe_ausente_no_ano"
2012,4,33,"Rio, Lago e Oceano","#2532e4",0,764.859743668364,0,,"classe_original"
2012,4,39,"Soja","#f5b3c8",0,0,,,"classe_ausente_no_ano"
2012,4,41,"Outras Lavouras Temporárias","#f54ca9",0,5795.95806196242,0,,"classe_original"
2012,4,46,"Café","#d68fe2",0,2087.99698853887,0,,"classe_original"
2012,4,47,"Citrus","#9932cc",0,30.3376542509001,0,,"classe_original"
2012,4,48,"Outras Lavouras Perenes","#e6ccff",0,0,,,"classe_ausente_no_ano"
2012,5,0,"Código 0 — sem classificação","#bdbdbd",0,0.16818237356357,0,,"sem_classificacao"
2012,5,3,"Formação Florestal","#1f8d49",0,5742.52246111456,0,,"classe_original"
2012,5,4,"Formação Savânica","#7dc975",0,564.886103748136,0,,"classe_original"
2012,5,9,"Silvicultura","#7a5900",0,165.37645424305,0,,"classe_original"
2012,5,12,"Formação Campestre","#d6bc74",0,4448.38774499247,0,,"classe_original"
2012,5,15,"Pastagem","#edde8e",0,32924.6313719404,0,,"classe_original"
2012,5,21,"Mosaico de Usos","#ffefc3",0,1611.95471678681,0,,"classe_original"
2012,5,24,"Área urbanizada","#d4271e",0,2260.4611151675,0,,"classe_original"
2012,5,25,"Outras Áreas Não Vegetadas","#db4d4f",0,31.7546270590805,0,,"classe_original"
2012,5,29,"Afloramento Rochoso","#ad5100",0,0,,,"classe_ausente_no_ano"
2012,5,33,"Rio, Lago e Oceano","#2532e4",0,764.859743668364,0,,"classe_original"
2012,5,39,"Soja","#f5b3c8",0,0,,,"classe_ausente_no_ano"
2012,5,41,"Outras Lavouras Temporárias","#f54ca9",0,5795.95806196242,0,,"classe_original"
2012,5,46,"Café","#d68fe2",0,2087.99698853887,0,,"classe_original"
2012,5,47,"Citrus","#9932cc",0,30.3376542509001,0,,"classe_original"
2012,5,48,"Outras Lavouras Perenes","#e6ccff",0,0,,,"classe_ausente_no_ano"
2012,6,0,"Código 0 — sem classificação","#bdbdbd",0,0.16818237356357,0,,"sem_classificacao"
2012,6,3,"Formação Florestal","#1f8d49",0,5742.52246111456,0,,"classe_original"
2012,6,4,"Formação Savânica","#7dc975",0,564.886103748136,0,,"classe_original"
2012,6,9,"Silvicultura","#7a5900",0,165.37645424305,0,,"classe_original"
2012,6,12,"Formação Campestre","#d6bc74",0,4448.38774499247,0,,"classe_original"
2012,6,15,"Pastagem","#edde8e",0,32924.6313719404,0,,"classe_original"
2012,6,21,"Mosaico de Usos","#ffefc3",0,1611.95471678681,0,,"classe_original"
2012,6,24,"Área urbanizada","#d4271e",0,2260.4611151675,0,,"classe_original"
2012,6,25,"Outras Áreas Não Vegetadas","#db4d4f",0,31.7546270590805,0,,"classe_original"
2012,6,29,"Afloramento Rochoso","#ad5100",0,0,,,"classe_ausente_no_ano"
2012,6,33,"Rio, Lago e Oceano","#2532e4",0,764.859743668364,0,,"classe_original"
2012,6,39,"Soja","#f5b3c8",0,0,,,"classe_ausente_no_ano"
2012,6,41,"Outras Lavouras Temporárias","#f54ca9",0,5795.95806196242,0,,"classe_original"
2012,6,46,"Café","#d68fe2",0,2087.99698853887,0,,"classe_original"
2012,6,47,"Citrus","#9932cc",0,30.3376542509001,0,,"classe_original"
2012,6,48,"Outras Lavouras Perenes","#e6ccff",0,0,,,"classe_ausente_no_ano"
2012,7,0,"Código 0 — sem classificação","#bdbdbd",0,0.16818237356357,0,,"sem_classificacao"
2012,7,3,"Formação Florestal","#1f8d49",0,5742.52246111456,0,,"classe_original"
2012,7,4,"Formação Savânica","#7dc975",0,564.886103748136,0,,"classe_original"
2012,7,9,"Silvicultura","#7a5900",0,165.37645424305,0,,"classe_original"
2012,7,12,"Formação Campestre","#d6bc74",0,4448.38774499247,0,,"classe_original"
2012,7,15,"Pastagem","#edde8e",0,32924.6313719404,0,,"classe_original"
2012,7,21,"Mosaico de Usos","#ffefc3",0,1611.95471678681,0,,"classe_original"
2012,7,24,"Área urbanizada","#d4271e",0,2260.4611151675,0,,"classe_original"
2012,7,25,"Outras Áreas Não Vegetadas","#db4d4f",0,31.7546270590805,0,,"classe_original"
2012,7,29,"Afloramento Rochoso","#ad5100",0,0,,,"classe_ausente_no_ano"
2012,7,33,"Rio, Lago e Oceano","#2532e4",0,764.859743668364,0,,"classe_original"
2012,7,39,"Soja","#f5b3c8",0,0,,,"classe_ausente_no_ano"
2012,7,41,"Outras Lavouras Temporárias","#f54ca9",0,5795.95806196242,0,,"classe_original"
2012,7,46,"Café","#d68fe2",0,2087.99698853887,0,,"classe_original"
2012,7,47,"Citrus","#9932cc",0,30.3376542509001,0,,"classe_original"
2012,7,48,"Outras Lavouras Perenes","#e6ccff",0,0,,,"classe_ausente_no_ano"
2012,8,0,"Código 0 — sem classificação","#bdbdbd",0,0.16818237356357,0,0,"sem_classificacao"
2012,8,3,"Formação Florestal","#1f8d49",0,5742.52246111456,0,0,"classe_original"
2012,8,4,"Formação Savânica","#7dc975",0,564.886103748136,0,0,"classe_original"
2012,8,9,"Silvicultura","#7a5900",0,165.37645424305,0,0,"classe_original"
2012,8,12,"Formação Campestre","#d6bc74",0,4448.38774499247,0,0,"classe_original"
2012,8,15,"Pastagem","#edde8e",1.25123812820545,32924.6313719404,0.00380031021173954,93.7499833142073,"classe_original"
2012,8,21,"Mosaico de Usos","#ffefc3",0,1611.95471678681,0,0,"classe_original"
2012,8,24,"Área urbanizada","#d4271e",0,2260.4611151675,0,0,"classe_original"
2012,8,25,"Outras Áreas Não Vegetadas","#db4d4f",0,31.7546270590805,0,0,"classe_original"
2012,8,29,"Afloramento Rochoso","#ad5100",0,0,,0,"classe_ausente_no_ano"
2012,8,33,"Rio, Lago e Oceano","#2532e4",0,764.859743668364,0,0,"classe_original"
2012,8,39,"Soja","#f5b3c8",0,0,,0,"classe_ausente_no_ano"
2012,8,41,"Outras Lavouras Temporárias","#f54ca9",0.0834161127578466,5795.95806196242,0.00143921180702269,6.25001668579273,"classe_original"
2012,8,46,"Café","#d68fe2",0,2087.99698853887,0,0,"classe_original"
2012,8,47,"Citrus","#9932cc",0,30.3376542509001,0,0,"classe_original"
2012,8,48,"Outras Lavouras Perenes","#e6ccff",0,0,,0,"classe_ausente_no_ano"
2012,9,0,"Código 0 — sem classificação","#bdbdbd",0,0.16818237356357,0,0,"sem_classificacao"
2012,9,3,"Formação Florestal","#1f8d49",0,5742.52246111456,0,0,"classe_original"
2012,9,4,"Formação Savânica","#7dc975",0,564.886103748136,0,0,"classe_original"
2012,9,9,"Silvicultura","#7a5900",0,165.37645424305,0,0,"classe_original"
2012,9,12,"Formação Campestre","#d6bc74",0,4448.38774499247,0,0,"classe_original"
2012,9,15,"Pastagem","#edde8e",6.92545226159194,32924.6313719404,0.0210342590729628,100,"classe_original"
2012,9,21,"Mosaico de Usos","#ffefc3",0,1611.95471678681,0,0,"classe_original"
2012,9,24,"Área urbanizada","#d4271e",0,2260.4611151675,0,0,"classe_original"
2012,9,25,"Outras Áreas Não Vegetadas","#db4d4f",0,31.7546270590805,0,0,"classe_original"
2012,9,29,"Afloramento Rochoso","#ad5100",0,0,,0,"classe_ausente_no_ano"
2012,9,33,"Rio, Lago e Oceano","#2532e4",0,764.859743668364,0,0,"classe_original"
2012,9,39,"Soja","#f5b3c8",0,0,,0,"classe_ausente_no_ano"
2012,9,41,"Outras Lavouras Temporárias","#f54ca9",0,5795.95806196242,0,0,"classe_original"
2012,9,46,"Café","#d68fe2",0,2087.99698853887,0,0,"classe_original"
2012,9,47,"Citrus","#9932cc",0,30.3376542509001,0,0,"classe_original"
2012,9,48,"Outras Lavouras Perenes","#e6ccff",0,0,,0,"classe_ausente_no_ano"
2012,10,0,"Código 0 — sem classificação","#bdbdbd",0,0.16818237356357,0,0,"sem_classificacao"
2012,10,3,"Formação Florestal","#1f8d49",0,5742.52246111456,0,0,"classe_original"
2012,10,4,"Formação Savânica","#7dc975",0.25015107156744,564.886103748136,0.0442834528779582,3.25873581222643,"classe_original"
2012,10,9,"Silvicultura","#7a5900",0,165.37645424305,0,0,"classe_original"
2012,10,12,"Formação Campestre","#d6bc74",1.0839891867823,4448.38774499247,0.0243681362534672,14.1212042822745,"classe_original"
2012,10,15,"Pastagem","#edde8e",5.50779978574524,32924.6313719404,0.0167285085853358,71.7504997916517,"classe_original"
2012,10,21,"Mosaico de Usos","#ffefc3",0,1611.95471678681,0,0,"classe_original"
2012,10,24,"Área urbanizada","#d4271e",0,2260.4611151675,0,0,"classe_original"
2012,10,25,"Outras Áreas Não Vegetadas","#db4d4f",0,31.7546270590805,0,0,"classe_original"
2012,10,29,"Afloramento Rochoso","#ad5100",0,0,,0,"classe_ausente_no_ano"
2012,10,33,"Rio, Lago e Oceano","#2532e4",0,764.859743668364,0,0,"classe_original"
2012,10,39,"Soja","#f5b3c8",0,0,,0,"classe_ausente_no_ano"
2012,10,41,"Outras Lavouras Temporárias","#f54ca9",0.834382492666055,5795.95806196242,0.014395937371285,10.8695601138474,"classe_original"
2012,10,46,"Café","#d68fe2",0,2087.99698853887,0,0,"classe_original"
2012,10,47,"Citrus","#9932cc",0,30.3376542509001,0,0,"classe_original"
2012,10,48,"Outras Lavouras Perenes","#e6ccff",0,0,,0,"classe_ausente_no_ano"
2012,11,0,"Código 0 — sem classificação","#bdbdbd",0,0.16818237356357,0,,"sem_classificacao"
2012,11,3,"Formação Florestal","#1f8d49",0,5742.52246111456,0,,"classe_original"
2012,11,4,"Formação Savânica","#7dc975",0,564.886103748136,0,,"classe_original"
2012,11,9,"Silvicultura","#7a5900",0,165.37645424305,0,,"classe_original"
2012,11,12,"Formação Campestre","#d6bc74",0,4448.38774499247,0,,"classe_original"
2012,11,15,"Pastagem","#edde8e",0,32924.6313719404,0,,"classe_original"
2012,11,21,"Mosaico de Usos","#ffefc3",0,1611.95471678681,0,,"classe_original"
2012,11,24,"Área urbanizada","#d4271e",0,2260.4611151675,0,,"classe_original"
2012,11,25,"Outras Áreas Não Vegetadas","#db4d4f",0,31.7546270590805,0,,"classe_original"
2012,11,29,"Afloramento Rochoso","#ad5100",0,0,,,"classe_ausente_no_ano"
2012,11,33,"Rio, Lago e Oceano","#2532e4",0,764.859743668364,0,,"classe_original"
2012,11,39,"Soja","#f5b3c8",0,0,,,"classe_ausente_no_ano"
2012,11,41,"Outras Lavouras Temporárias","#f54ca9",0,5795.95806196242,0,,"classe_original"
2012,11,46,"Café","#d68fe2",0,2087.99698853887,0,,"classe_original"
2012,11,47,"Citrus","#9932cc",0,30.3376542509001,0,,"classe_original"
2012,11,48,"Outras Lavouras Perenes","#e6ccff",0,0,,,"classe_ausente_no_ano"
2012,12,0,"Código 0 — sem classificação","#bdbdbd",0,0.16818237356357,0,,"sem_classificacao"
2012,12,3,"Formação Florestal","#1f8d49",0,5742.52246111456,0,,"classe_original"
2012,12,4,"Formação Savânica","#7dc975",0,564.886103748136,0,,"classe_original"
2012,12,9,"Silvicultura","#7a5900",0,165.37645424305,0,,"classe_original"
2012,12,12,"Formação Campestre","#d6bc74",0,4448.38774499247,0,,"classe_original"
2012,12,15,"Pastagem","#edde8e",0,32924.6313719404,0,,"classe_original"
2012,12,21,"Mosaico de Usos","#ffefc3",0,1611.95471678681,0,,"classe_original"
2012,12,24,"Área urbanizada","#d4271e",0,2260.4611151675,0,,"classe_original"
2012,12,25,"Outras Áreas Não Vegetadas","#db4d4f",0,31.7546270590805,0,,"classe_original"
2012,12,29,"Afloramento Rochoso","#ad5100",0,0,,,"classe_ausente_no_ano"
2012,12,33,"Rio, Lago e Oceano","#2532e4",0,764.859743668364,0,,"classe_original"
2012,12,39,"Soja","#f5b3c8",0,0,,,"classe_ausente_no_ano"
2012,12,41,"Outras Lavouras Temporárias","#f54ca9",0,5795.95806196242,0,,"classe_original"
2012,12,46,"Café","#d68fe2",0,2087.99698853887,0,,"classe_original"
2012,12,47,"Citrus","#9932cc",0,30.3376542509001,0,,"classe_original"
2012,12,48,"Outras Lavouras Perenes","#e6ccff",0,0,,,"classe_ausente_no_ano"
2013,1,0,"Código 0 — sem classificação","#bdbdbd",0,0.16818237356357,0,,"sem_classificacao"
2013,1,3,"Formação Florestal","#1f8d49",0,5871.25512070615,0,,"classe_original"
2013,1,4,"Formação Savânica","#7dc975",0,554.789741491814,0,,"classe_original"
2013,1,9,"Silvicultura","#7a5900",0,219.596871508,0,,"classe_original"
2013,1,12,"Formação Campestre","#d6bc74",0,4331.59412687871,0,,"classe_original"
2013,1,15,"Pastagem","#edde8e",0,32185.2202340614,0,,"classe_original"
2013,1,21,"Mosaico de Usos","#ffefc3",0,1704.96305801489,0,,"classe_original"
2013,1,24,"Área urbanizada","#d4271e",0,2321.84264766724,0,,"classe_original"
2013,1,25,"Outras Áreas Não Vegetadas","#db4d4f",0,30.0884521881696,0,,"classe_original"
2013,1,29,"Afloramento Rochoso","#ad5100",0,1.41802552288793,0,,"classe_original"
2013,1,33,"Rio, Lago e Oceano","#2532e4",0,737.884647723557,0,,"classe_original"
2013,1,39,"Soja","#f5b3c8",0,0,,,"classe_ausente_no_ano"
2013,1,41,"Outras Lavouras Temporárias","#f54ca9",0,5923.19937176103,0,,"classe_original"
2013,1,46,"Café","#d68fe2",0,2507.6843840352,0,,"classe_original"
2013,1,47,"Citrus","#9932cc",0,39.5903619135075,0,,"classe_original"
2013,1,48,"Outras Lavouras Perenes","#e6ccff",0,0,,,"classe_ausente_no_ano"
2013,2,0,"Código 0 — sem classificação","#bdbdbd",0,0.16818237356357,0,,"sem_classificacao"
2013,2,3,"Formação Florestal","#1f8d49",0,5871.25512070615,0,,"classe_original"
2013,2,4,"Formação Savânica","#7dc975",0,554.789741491814,0,,"classe_original"
2013,2,9,"Silvicultura","#7a5900",0,219.596871508,0,,"classe_original"
2013,2,12,"Formação Campestre","#d6bc74",0,4331.59412687871,0,,"classe_original"
2013,2,15,"Pastagem","#edde8e",0,32185.2202340614,0,,"classe_original"
2013,2,21,"Mosaico de Usos","#ffefc3",0,1704.96305801489,0,,"classe_original"
2013,2,24,"Área urbanizada","#d4271e",0,2321.84264766724,0,,"classe_original"
2013,2,25,"Outras Áreas Não Vegetadas","#db4d4f",0,30.0884521881696,0,,"classe_original"
2013,2,29,"Afloramento Rochoso","#ad5100",0,1.41802552288793,0,,"classe_original"
2013,2,33,"Rio, Lago e Oceano","#2532e4",0,737.884647723557,0,,"classe_original"
2013,2,39,"Soja","#f5b3c8",0,0,,,"classe_ausente_no_ano"
2013,2,41,"Outras Lavouras Temporárias","#f54ca9",0,5923.19937176103,0,,"classe_original"
2013,2,46,"Café","#d68fe2",0,2507.6843840352,0,,"classe_original"
2013,2,47,"Citrus","#9932cc",0,39.5903619135075,0,,"classe_original"
2013,2,48,"Outras Lavouras Perenes","#e6ccff",0,0,,,"classe_ausente_no_ano"
2013,3,0,"Código 0 — sem classificação","#bdbdbd",0,0.16818237356357,0,,"sem_classificacao"
2013,3,3,"Formação Florestal","#1f8d49",0,5871.25512070615,0,,"classe_original"
2013,3,4,"Formação Savânica","#7dc975",0,554.789741491814,0,,"classe_original"
2013,3,9,"Silvicultura","#7a5900",0,219.596871508,0,,"classe_original"
2013,3,12,"Formação Campestre","#d6bc74",0,4331.59412687871,0,,"classe_original"
2013,3,15,"Pastagem","#edde8e",0,32185.2202340614,0,,"classe_original"
2013,3,21,"Mosaico de Usos","#ffefc3",0,1704.96305801489,0,,"classe_original"
2013,3,24,"Área urbanizada","#d4271e",0,2321.84264766724,0,,"classe_original"
2013,3,25,"Outras Áreas Não Vegetadas","#db4d4f",0,30.0884521881696,0,,"classe_original"
2013,3,29,"Afloramento Rochoso","#ad5100",0,1.41802552288793,0,,"classe_original"
2013,3,33,"Rio, Lago e Oceano","#2532e4",0,737.884647723557,0,,"classe_original"
2013,3,39,"Soja","#f5b3c8",0,0,,,"classe_ausente_no_ano"
2013,3,41,"Outras Lavouras Temporárias","#f54ca9",0,5923.19937176103,0,,"classe_original"
2013,3,46,"Café","#d68fe2",0,2507.6843840352,0,,"classe_original"
2013,3,47,"Citrus","#9932cc",0,39.5903619135075,0,,"classe_original"
2013,3,48,"Outras Lavouras Perenes","#e6ccff",0,0,,,"classe_ausente_no_ano"
2013,4,0,"Código 0 — sem classificação","#bdbdbd",0,0.16818237356357,0,0,"sem_classificacao"
2013,4,3,"Formação Florestal","#1f8d49",0.66677362381075,5871.25512070615,0.0113565772582295,72.7265945095938,"classe_original"
2013,4,4,"Formação Savânica","#7dc975",0,554.789741491814,0,0,"classe_original"
2013,4,9,"Silvicultura","#7a5900",0,219.596871508,0,0,"classe_original"
2013,4,12,"Formação Campestre","#d6bc74",0.250048658748888,4331.59412687871,0.00577267055556448,27.2734054904062,"classe_original"
2013,4,15,"Pastagem","#edde8e",0,32185.2202340614,0,0,"classe_original"
2013,4,21,"Mosaico de Usos","#ffefc3",0,1704.96305801489,0,0,"classe_original"
2013,4,24,"Área urbanizada","#d4271e",0,2321.84264766724,0,0,"classe_original"
2013,4,25,"Outras Áreas Não Vegetadas","#db4d4f",0,30.0884521881696,0,0,"classe_original"
2013,4,29,"Afloramento Rochoso","#ad5100",0,1.41802552288793,0,0,"classe_original"
2013,4,33,"Rio, Lago e Oceano","#2532e4",0,737.884647723557,0,0,"classe_original"
2013,4,39,"Soja","#f5b3c8",0,0,,0,"classe_ausente_no_ano"
2013,4,41,"Outras Lavouras Temporárias","#f54ca9",0,5923.19937176103,0,0,"classe_original"
2013,4,46,"Café","#d68fe2",0,2507.6843840352,0,0,"classe_original"
2013,4,47,"Citrus","#9932cc",0,39.5903619135075,0,0,"classe_original"
2013,4,48,"Outras Lavouras Perenes","#e6ccff",0,0,,0,"classe_ausente_no_ano"
2013,5,0,"Código 0 — sem classificação","#bdbdbd",0,0.16818237356357,0,0,"sem_classificacao"
2013,5,3,"Formação Florestal","#1f8d49",0,5871.25512070615,0,0,"classe_original"
2013,5,4,"Formação Savânica","#7dc975",0,554.789741491814,0,0,"classe_original"
2013,5,9,"Silvicultura","#7a5900",0,219.596871508,0,0,"classe_original"
2013,5,12,"Formação Campestre","#d6bc74",0,4331.59412687871,0,0,"classe_original"
2013,5,15,"Pastagem","#edde8e",0,32185.2202340614,0,0,"classe_original"
2013,5,21,"Mosaico de Usos","#ffefc3",0.333483810708731,1704.96305801489,0.0195595915783073,1.49254805670824,"classe_original"
2013,5,24,"Área urbanizada","#d4271e",0,2321.84264766724,0,0,"classe_original"
2013,5,25,"Outras Áreas Não Vegetadas","#db4d4f",0,30.0884521881696,0,0,"classe_original"
2013,5,29,"Afloramento Rochoso","#ad5100",0,1.41802552288793,0,0,"classe_original"
2013,5,33,"Rio, Lago e Oceano","#2532e4",0,737.884647723557,0,0,"classe_original"
2013,5,39,"Soja","#f5b3c8",0,0,,0,"classe_ausente_no_ano"
2013,5,41,"Outras Lavouras Temporárias","#f54ca9",22.0097706801528,5923.19937176103,0.371585849111964,98.5074519432918,"classe_original"
2013,5,46,"Café","#d68fe2",0,2507.6843840352,0,0,"classe_original"
2013,5,47,"Citrus","#9932cc",0,39.5903619135075,0,0,"classe_original"
2013,5,48,"Outras Lavouras Perenes","#e6ccff",0,0,,0,"classe_ausente_no_ano"
2013,6,0,"Código 0 — sem classificação","#bdbdbd",0,0.16818237356357,0,,"sem_classificacao"
2013,6,3,"Formação Florestal","#1f8d49",0,5871.25512070615,0,,"classe_original"
2013,6,4,"Formação Savânica","#7dc975",0,554.789741491814,0,,"classe_original"
2013,6,9,"Silvicultura","#7a5900",0,219.596871508,0,,"classe_original"
2013,6,12,"Formação Campestre","#d6bc74",0,4331.59412687871,0,,"classe_original"
2013,6,15,"Pastagem","#edde8e",0,32185.2202340614,0,,"classe_original"
2013,6,21,"Mosaico de Usos","#ffefc3",0,1704.96305801489,0,,"classe_original"
2013,6,24,"Área urbanizada","#d4271e",0,2321.84264766724,0,,"classe_original"
2013,6,25,"Outras Áreas Não Vegetadas","#db4d4f",0,30.0884521881696,0,,"classe_original"
2013,6,29,"Afloramento Rochoso","#ad5100",0,1.41802552288793,0,,"classe_original"
2013,6,33,"Rio, Lago e Oceano","#2532e4",0,737.884647723557,0,,"classe_original"
2013,6,39,"Soja","#f5b3c8",0,0,,,"classe_ausente_no_ano"
2013,6,41,"Outras Lavouras Temporárias","#f54ca9",0,5923.19937176103,0,,"classe_original"
2013,6,46,"Café","#d68fe2",0,2507.6843840352,0,,"classe_original"
2013,6,47,"Citrus","#9932cc",0,39.5903619135075,0,,"classe_original"
2013,6,48,"Outras Lavouras Perenes","#e6ccff",0,0,,,"classe_ausente_no_ano"
2013,7,0,"Código 0 — sem classificação","#bdbdbd",0,0.16818237356357,0,0,"sem_classificacao"
2013,7,3,"Formação Florestal","#1f8d49",0,5871.25512070615,0,0,"classe_original"
2013,7,4,"Formação Savânica","#7dc975",0,554.789741491814,0,0,"classe_original"
2013,7,9,"Silvicultura","#7a5900",0,219.596871508,0,0,"classe_original"
2013,7,12,"Formação Campestre","#d6bc74",0.00920426022884112,4331.59412687871,0.000212491289793893,100,"classe_original"
2013,7,15,"Pastagem","#edde8e",0,32185.2202340614,0,0,"classe_original"
2013,7,21,"Mosaico de Usos","#ffefc3",0,1704.96305801489,0,0,"classe_original"
2013,7,24,"Área urbanizada","#d4271e",0,2321.84264766724,0,0,"classe_original"
2013,7,25,"Outras Áreas Não Vegetadas","#db4d4f",0,30.0884521881696,0,0,"classe_original"
2013,7,29,"Afloramento Rochoso","#ad5100",0,1.41802552288793,0,0,"classe_original"
2013,7,33,"Rio, Lago e Oceano","#2532e4",0,737.884647723557,0,0,"classe_original"
2013,7,39,"Soja","#f5b3c8",0,0,,0,"classe_ausente_no_ano"
2013,7,41,"Outras Lavouras Temporárias","#f54ca9",0,5923.19937176103,0,0,"classe_original"
2013,7,46,"Café","#d68fe2",0,2507.6843840352,0,0,"classe_original"
2013,7,47,"Citrus","#9932cc",0,39.5903619135075,0,0,"classe_original"
2013,7,48,"Outras Lavouras Perenes","#e6ccff",0,0,,0,"classe_ausente_no_ano"
2013,8,0,"Código 0 — sem classificação","#bdbdbd",0,0.16818237356357,0,0,"sem_classificacao"
2013,8,3,"Formação Florestal","#1f8d49",0,5871.25512070615,0,0,"classe_original"
2013,8,4,"Formação Savânica","#7dc975",0,554.789741491814,0,0,"classe_original"
2013,8,9,"Silvicultura","#7a5900",0,219.596871508,0,0,"classe_original"
2013,8,12,"Formação Campestre","#d6bc74",0.416781481608856,4331.59412687871,0.00962189599026867,3.8735471397805,"classe_original"
2013,8,15,"Pastagem","#edde8e",9.75896774877173,32185.2202340614,0.0303212706882269,90.6993791195872,"classe_original"
2013,8,21,"Mosaico de Usos","#ffefc3",0,1704.96305801489,0,0,"classe_original"
2013,8,24,"Área urbanizada","#d4271e",0,2321.84264766724,0,0,"classe_original"
2013,8,25,"Outras Áreas Não Vegetadas","#db4d4f",0,30.0884521881696,0,0,"classe_original"
2013,8,29,"Afloramento Rochoso","#ad5100",0,1.41802552288793,0,0,"classe_original"
2013,8,33,"Rio, Lago e Oceano","#2532e4",0,737.884647723557,0,0,"classe_original"
2013,8,39,"Soja","#f5b3c8",0,0,,0,"classe_ausente_no_ano"
2013,8,41,"Outras Lavouras Temporárias","#f54ca9",0.583936054680188,5923.19937176103,0.00985845685803037,5.42707374063207,"classe_original"
2013,8,46,"Café","#d68fe2",0,2507.6843840352,0,0,"classe_original"
2013,8,47,"Citrus","#9932cc",0,39.5903619135075,0,0,"classe_original"
2013,8,48,"Outras Lavouras Perenes","#e6ccff",0,0,,0,"classe_ausente_no_ano"
2013,9,0,"Código 0 — sem classificação","#bdbdbd",0,0.16818237356357,0,0,"sem_classificacao"
2013,9,3,"Formação Florestal","#1f8d49",0.416870093597199,5871.25512070615,0.00710018701328484,0.493169579138119,"classe_original"
2013,9,4,"Formação Savânica","#7dc975",0.166762775694327,554.789741491814,0.0300587345479579,0.197285267444832,"classe_original"
2013,9,9,"Silvicultura","#7a5900",0,219.596871508,0,0,"classe_original"
2013,9,12,"Formação Campestre","#d6bc74",46.3299865594932,4331.59412687871,1.06958281875957,54.8097364717589,"classe_original"
2013,9,15,"Pastagem","#edde8e",32.1915546202132,32185.2202340614,0.100019681040259,38.0835557352128,"classe_original"
2013,9,21,"Mosaico de Usos","#ffefc3",0.083417233184091,1704.96305801489,0.00489261235262275,0.0986850398100635,"classe_original"
2013,9,24,"Área urbanizada","#d4271e",0,2321.84264766724,0,0,"classe_original"
2013,9,25,"Outras Áreas Não Vegetadas","#db4d4f",0,30.0884521881696,0,0,"classe_original"
2013,9,29,"Afloramento Rochoso","#ad5100",0,1.41802552288793,0,0,"classe_original"
2013,9,33,"Rio, Lago e Oceano","#2532e4",0,737.884647723557,0,0,"classe_original"
2013,9,39,"Soja","#f5b3c8",0,0,,0,"classe_ausente_no_ano"
2013,9,41,"Outras Lavouras Temporárias","#f54ca9",5.3401613480464,5923.19937176103,0.0901567043902948,6.31756790663524,"classe_original"
2013,9,46,"Café","#d68fe2",0,2507.6843840352,0,0,"classe_original"
2013,9,47,"Citrus","#9932cc",0,39.5903619135075,0,0,"classe_original"
2013,9,48,"Outras Lavouras Perenes","#e6ccff",0,0,,0,"classe_ausente_no_ano"
2013,10,0,"Código 0 — sem classificação","#bdbdbd",0,0.16818237356357,0,0,"sem_classificacao"
2013,10,3,"Formação Florestal","#1f8d49",0.583453413198053,5871.25512070615,0.00993745632242054,0.20802022703949,"classe_original"
2013,10,4,"Formação Savânica","#7dc975",0,554.789741491814,0,0,"classe_original"
2013,10,9,"Silvicultura","#7a5900",0,219.596871508,0,0,"classe_original"
2013,10,12,"Formação Campestre","#d6bc74",278.978643304327,4331.59412687871,6.44055364220735,99.4650119556941,"classe_original"
2013,10,15,"Pastagem","#edde8e",0.917076630984034,32185.2202340614,0.00284937193008081,0.326967817266247,"classe_original"
2013,10,21,"Mosaico de Usos","#ffefc3",0,1704.96305801489,0,0,"classe_original"
2013,10,24,"Área urbanizada","#d4271e",0,2321.84264766724,0,0,"classe_original"
2013,10,25,"Outras Áreas Não Vegetadas","#db4d4f",0,30.0884521881696,0,0,"classe_original"
2013,10,29,"Afloramento Rochoso","#ad5100",0,1.41802552288793,0,0,"classe_original"
2013,10,33,"Rio, Lago e Oceano","#2532e4",0,737.884647723557,0,0,"classe_original"
2013,10,39,"Soja","#f5b3c8",0,0,,0,"classe_ausente_no_ano"
2013,10,41,"Outras Lavouras Temporárias","#f54ca9",0,5923.19937176103,0,0,"classe_original"
2013,10,46,"Café","#d68fe2",0,2507.6843840352,0,0,"classe_original"
2013,10,47,"Citrus","#9932cc",0,39.5903619135075,0,0,"classe_original"
2013,10,48,"Outras Lavouras Perenes","#e6ccff",0,0,,0,"classe_ausente_no_ano"
2013,11,0,"Código 0 — sem classificação","#bdbdbd",0,0.16818237356357,0,0,"sem_classificacao"
2013,11,3,"Formação Florestal","#1f8d49",0.500110584883096,5871.25512070615,0.00851795015889118,3.17382947594409,"classe_original"
2013,11,4,"Formação Savânica","#7dc975",0,554.789741491814,0,0,"classe_original"
2013,11,9,"Silvicultura","#7a5900",0,219.596871508,0,0,"classe_original"
2013,11,12,"Formação Campestre","#d6bc74",11.0857791281951,4331.59412687871,0.255928390414162,70.3531851242377,"classe_original"
2013,11,15,"Pastagem","#edde8e",4.17143400811306,32185.2202340614,0.012960712953887,26.4729853998184,"classe_original"
2013,11,21,"Mosaico de Usos","#ffefc3",0,1704.96305801489,0,0,"classe_original"
2013,11,24,"Área urbanizada","#d4271e",0,2321.84264766724,0,0,"classe_original"
2013,11,25,"Outras Áreas Não Vegetadas","#db4d4f",0,30.0884521881696,0,0,"classe_original"
2013,11,29,"Afloramento Rochoso","#ad5100",0,1.41802552288793,0,0,"classe_original"
2013,11,33,"Rio, Lago e Oceano","#2532e4",0,737.884647723557,0,0,"classe_original"
2013,11,39,"Soja","#f5b3c8",0,0,,0,"classe_ausente_no_ano"
2013,11,41,"Outras Lavouras Temporárias","#f54ca9",0,5923.19937176103,0,0,"classe_original"
2013,11,46,"Café","#d68fe2",0,2507.6843840352,0,0,"classe_original"
2013,11,47,"Citrus","#9932cc",0,39.5903619135075,0,0,"classe_original"
2013,11,48,"Outras Lavouras Perenes","#e6ccff",0,0,,0,"classe_ausente_no_ano"
2013,12,0,"Código 0 — sem classificação","#bdbdbd",0,0.16818237356357,0,,"sem_classificacao"
2013,12,3,"Formação Florestal","#1f8d49",0,5871.25512070615,0,,"classe_original"
2013,12,4,"Formação Savânica","#7dc975",0,554.789741491814,0,,"classe_original"
2013,12,9,"Silvicultura","#7a5900",0,219.596871508,0,,"classe_original"
2013,12,12,"Formação Campestre","#d6bc74",0,4331.59412687871,0,,"classe_original"
2013,12,15,"Pastagem","#edde8e",0,32185.2202340614,0,,"classe_original"
2013,12,21,"Mosaico de Usos","#ffefc3",0,1704.96305801489,0,,"classe_original"
2013,12,24,"Área urbanizada","#d4271e",0,2321.84264766724,0,,"classe_original"
2013,12,25,"Outras Áreas Não Vegetadas","#db4d4f",0,30.0884521881696,0,,"classe_original"
2013,12,29,"Afloramento Rochoso","#ad5100",0,1.41802552288793,0,,"classe_original"
2013,12,33,"Rio, Lago e Oceano","#2532e4",0,737.884647723557,0,,"classe_original"
2013,12,39,"Soja","#f5b3c8",0,0,,,"classe_ausente_no_ano"
2013,12,41,"Outras Lavouras Temporárias","#f54ca9",0,5923.19937176103,0,,"classe_original"
2013,12,46,"Café","#d68fe2",0,2507.6843840352,0,,"classe_original"
2013,12,47,"Citrus","#9932cc",0,39.5903619135075,0,,"classe_original"
2013,12,48,"Outras Lavouras Perenes","#e6ccff",0,0,,,"classe_ausente_no_ano"
2014,1,0,"Código 0 — sem classificação","#bdbdbd",0,0.16818237356357,0,,"sem_classificacao"
2014,1,3,"Formação Florestal","#1f8d49",0,6081.4583234447,0,,"classe_original"
2014,1,4,"Formação Savânica","#7dc975",0,564.216511199678,0,,"classe_original"
2014,1,9,"Silvicultura","#7a5900",0,233.028238979364,0,,"classe_original"
2014,1,12,"Formação Campestre","#d6bc74",0,4384.95200895153,0,,"classe_original"
2014,1,15,"Pastagem","#edde8e",0,32167.6392303412,0,,"classe_original"
2014,1,21,"Mosaico de Usos","#ffefc3",0,1847.44637568319,0,,"classe_original"
2014,1,24,"Área urbanizada","#d4271e",0,2388.70433461627,0,,"classe_original"
2014,1,25,"Outras Áreas Não Vegetadas","#db4d4f",0,29.3377502269625,0,,"classe_original"
2014,1,29,"Afloramento Rochoso","#ad5100",0,1.41802552288793,0,,"classe_original"
2014,1,33,"Rio, Lago e Oceano","#2532e4",0,717.654006319359,0,,"classe_original"
2014,1,39,"Soja","#f5b3c8",0,0,,,"classe_ausente_no_ano"
2014,1,41,"Outras Lavouras Temporárias","#f54ca9",0,5297.8198080073,0,,"classe_original"
2014,1,46,"Café","#d68fe2",0,2667.77364666241,0,,"classe_original"
2014,1,47,"Citrus","#9932cc",0,47.6787835176942,0,,"classe_original"
2014,1,48,"Outras Lavouras Perenes","#e6ccff",0,0,,,"classe_ausente_no_ano"
2014,2,0,"Código 0 — sem classificação","#bdbdbd",0,0.16818237356357,0,,"sem_classificacao"
2014,2,3,"Formação Florestal","#1f8d49",0,6081.4583234447,0,,"classe_original"
2014,2,4,"Formação Savânica","#7dc975",0,564.216511199678,0,,"classe_original"
2014,2,9,"Silvicultura","#7a5900",0,233.028238979364,0,,"classe_original"
2014,2,12,"Formação Campestre","#d6bc74",0,4384.95200895153,0,,"classe_original"
2014,2,15,"Pastagem","#edde8e",0,32167.6392303412,0,,"classe_original"
2014,2,21,"Mosaico de Usos","#ffefc3",0,1847.44637568319,0,,"classe_original"
2014,2,24,"Área urbanizada","#d4271e",0,2388.70433461627,0,,"classe_original"
2014,2,25,"Outras Áreas Não Vegetadas","#db4d4f",0,29.3377502269625,0,,"classe_original"
2014,2,29,"Afloramento Rochoso","#ad5100",0,1.41802552288793,0,,"classe_original"
2014,2,33,"Rio, Lago e Oceano","#2532e4",0,717.654006319359,0,,"classe_original"
2014,2,39,"Soja","#f5b3c8",0,0,,,"classe_ausente_no_ano"
2014,2,41,"Outras Lavouras Temporárias","#f54ca9",0,5297.8198080073,0,,"classe_original"
2014,2,46,"Café","#d68fe2",0,2667.77364666241,0,,"classe_original"
2014,2,47,"Citrus","#9932cc",0,47.6787835176942,0,,"classe_original"
2014,2,48,"Outras Lavouras Perenes","#e6ccff",0,0,,,"classe_ausente_no_ano"
2014,3,0,"Código 0 — sem classificação","#bdbdbd",0,0.16818237356357,0,,"sem_classificacao"
2014,3,3,"Formação Florestal","#1f8d49",0,6081.4583234447,0,,"classe_original"
2014,3,4,"Formação Savânica","#7dc975",0,564.216511199678,0,,"classe_original"
2014,3,9,"Silvicultura","#7a5900",0,233.028238979364,0,,"classe_original"
2014,3,12,"Formação Campestre","#d6bc74",0,4384.95200895153,0,,"classe_original"
2014,3,15,"Pastagem","#edde8e",0,32167.6392303412,0,,"classe_original"
2014,3,21,"Mosaico de Usos","#ffefc3",0,1847.44637568319,0,,"classe_original"
2014,3,24,"Área urbanizada","#d4271e",0,2388.70433461627,0,,"classe_original"
2014,3,25,"Outras Áreas Não Vegetadas","#db4d4f",0,29.3377502269625,0,,"classe_original"
2014,3,29,"Afloramento Rochoso","#ad5100",0,1.41802552288793,0,,"classe_original"
2014,3,33,"Rio, Lago e Oceano","#2532e4",0,717.654006319359,0,,"classe_original"
2014,3,39,"Soja","#f5b3c8",0,0,,,"classe_ausente_no_ano"
2014,3,41,"Outras Lavouras Temporárias","#f54ca9",0,5297.8198080073,0,,"classe_original"
2014,3,46,"Café","#d68fe2",0,2667.77364666241,0,,"classe_original"
2014,3,47,"Citrus","#9932cc",0,47.6787835176942,0,,"classe_original"
2014,3,48,"Outras Lavouras Perenes","#e6ccff",0,0,,,"classe_ausente_no_ano"
2014,4,0,"Código 0 — sem classificação","#bdbdbd",0,0.16818237356357,0,,"sem_classificacao"
2014,4,3,"Formação Florestal","#1f8d49",0,6081.4583234447,0,,"classe_original"
2014,4,4,"Formação Savânica","#7dc975",0,564.216511199678,0,,"classe_original"
2014,4,9,"Silvicultura","#7a5900",0,233.028238979364,0,,"classe_original"
2014,4,12,"Formação Campestre","#d6bc74",0,4384.95200895153,0,,"classe_original"
2014,4,15,"Pastagem","#edde8e",0,32167.6392303412,0,,"classe_original"
2014,4,21,"Mosaico de Usos","#ffefc3",0,1847.44637568319,0,,"classe_original"
2014,4,24,"Área urbanizada","#d4271e",0,2388.70433461627,0,,"classe_original"
2014,4,25,"Outras Áreas Não Vegetadas","#db4d4f",0,29.3377502269625,0,,"classe_original"
2014,4,29,"Afloramento Rochoso","#ad5100",0,1.41802552288793,0,,"classe_original"
2014,4,33,"Rio, Lago e Oceano","#2532e4",0,717.654006319359,0,,"classe_original"
2014,4,39,"Soja","#f5b3c8",0,0,,,"classe_ausente_no_ano"
2014,4,41,"Outras Lavouras Temporárias","#f54ca9",0,5297.8198080073,0,,"classe_original"
2014,4,46,"Café","#d68fe2",0,2667.77364666241,0,,"classe_original"
2014,4,47,"Citrus","#9932cc",0,47.6787835176942,0,,"classe_original"
2014,4,48,"Outras Lavouras Perenes","#e6ccff",0,0,,,"classe_ausente_no_ano"
2014,5,0,"Código 0 — sem classificação","#bdbdbd",0,0.16818237356357,0,0,"sem_classificacao"
2014,5,3,"Formação Florestal","#1f8d49",0,6081.4583234447,0,0,"classe_original"
2014,5,4,"Formação Savânica","#7dc975",0,564.216511199678,0,0,"classe_original"
2014,5,9,"Silvicultura","#7a5900",0,233.028238979364,0,0,"classe_original"
2014,5,12,"Formação Campestre","#d6bc74",0,4384.95200895153,0,0,"classe_original"
2014,5,15,"Pastagem","#edde8e",1.58507223139804,32167.6392303412,0.00492753670870248,70.3790434650208,"classe_original"
2014,5,21,"Mosaico de Usos","#ffefc3",0,1847.44637568319,0,0,"classe_original"
2014,5,24,"Área urbanizada","#d4271e",0,2388.70433461627,0,0,"classe_original"
2014,5,25,"Outras Áreas Não Vegetadas","#db4d4f",0,29.3377502269625,0,0,"classe_original"
2014,5,29,"Afloramento Rochoso","#ad5100",0,1.41802552288793,0,0,"classe_original"
2014,5,33,"Rio, Lago e Oceano","#2532e4",0,717.654006319359,0,0,"classe_original"
2014,5,39,"Soja","#f5b3c8",0,0,,0,"classe_ausente_no_ano"
2014,5,41,"Outras Lavouras Temporárias","#f54ca9",0.667121253138073,5297.8198080073,0.0125923734161317,29.620956534979,"classe_original"
2014,5,46,"Café","#d68fe2",0,2667.77364666241,0,0,"classe_original"
2014,5,47,"Citrus","#9932cc",0,47.6787835176942,0,0,"classe_original"
2014,5,48,"Outras Lavouras Perenes","#e6ccff",0,0,,0,"classe_ausente_no_ano"
2014,6,0,"Código 0 — sem classificação","#bdbdbd",0,0.16818237356357,0,0,"sem_classificacao"
2014,6,3,"Formação Florestal","#1f8d49",0,6081.4583234447,0,0,"classe_original"
2014,6,4,"Formação Savânica","#7dc975",0,564.216511199678,0,0,"classe_original"
2014,6,9,"Silvicultura","#7a5900",0,233.028238979364,0,0,"classe_original"
2014,6,12,"Formação Campestre","#d6bc74",0.250236943316173,4384.95200895153,0.00570672022875813,1.87586887159981,"classe_original"
2014,6,15,"Pastagem","#edde8e",0.166825612738011,32167.6392303412,0.000518613167548389,1.25058662311663,"classe_original"
2014,6,21,"Mosaico de Usos","#ffefc3",0,1847.44637568319,0,0,"classe_original"
2014,6,24,"Área urbanizada","#d4271e",0,2388.70433461627,0,0,"classe_original"
2014,6,25,"Outras Áreas Não Vegetadas","#db4d4f",0,29.3377502269625,0,0,"classe_original"
2014,6,29,"Afloramento Rochoso","#ad5100",0,1.41802552288793,0,0,"classe_original"
2014,6,33,"Rio, Lago e Oceano","#2532e4",0,717.654006319359,0,0,"classe_original"
2014,6,39,"Soja","#f5b3c8",0,0,,0,"classe_ausente_no_ano"
2014,6,41,"Outras Lavouras Temporárias","#f54ca9",12.9227261202599,5297.8198080073,0.243925361536987,96.8735445052838,"classe_original"
2014,6,46,"Café","#d68fe2",0,2667.77364666241,0,0,"classe_original"
2014,6,47,"Citrus","#9932cc",0,47.6787835176942,0,0,"classe_original"
2014,6,48,"Outras Lavouras Perenes","#e6ccff",0,0,,0,"classe_ausente_no_ano"
2014,7,0,"Código 0 — sem classificação","#bdbdbd",0,0.16818237356357,0,0,"sem_classificacao"
2014,7,3,"Formação Florestal","#1f8d49",0,6081.4583234447,0,0,"classe_original"
2014,7,4,"Formação Savânica","#7dc975",0,564.216511199678,0,0,"classe_original"
2014,7,9,"Silvicultura","#7a5900",0,233.028238979364,0,0,"classe_original"
2014,7,12,"Formação Campestre","#d6bc74",0,4384.95200895153,0,0,"classe_original"
2014,7,15,"Pastagem","#edde8e",0.750827916677765,32167.6392303412,0.00233410947972075,100,"classe_original"
2014,7,21,"Mosaico de Usos","#ffefc3",0,1847.44637568319,0,0,"classe_original"
2014,7,24,"Área urbanizada","#d4271e",0,2388.70433461627,0,0,"classe_original"
2014,7,25,"Outras Áreas Não Vegetadas","#db4d4f",0,29.3377502269625,0,0,"classe_original"
2014,7,29,"Afloramento Rochoso","#ad5100",0,1.41802552288793,0,0,"classe_original"
2014,7,33,"Rio, Lago e Oceano","#2532e4",0,717.654006319359,0,0,"classe_original"
2014,7,39,"Soja","#f5b3c8",0,0,,0,"classe_ausente_no_ano"
2014,7,41,"Outras Lavouras Temporárias","#f54ca9",0,5297.8198080073,0,0,"classe_original"
2014,7,46,"Café","#d68fe2",0,2667.77364666241,0,0,"classe_original"
2014,7,47,"Citrus","#9932cc",0,47.6787835176942,0,0,"classe_original"
2014,7,48,"Outras Lavouras Perenes","#e6ccff",0,0,,0,"classe_ausente_no_ano"
2014,8,0,"Código 0 — sem classificação","#bdbdbd",0,0.16818237356357,0,0,"sem_classificacao"
2014,8,3,"Formação Florestal","#1f8d49",0,6081.4583234447,0,0,"classe_original"
2014,8,4,"Formação Savânica","#7dc975",0,564.216511199678,0,0,"classe_original"
2014,8,9,"Silvicultura","#7a5900",0,233.028238979364,0,0,"classe_original"
2014,8,12,"Formação Campestre","#d6bc74",5.92987814693702,4384.95200895153,0.135232452597694,13.7766641944364,"classe_original"
2014,8,15,"Pastagem","#edde8e",23.2689514023,32167.6392303412,0.0723365219178169,54.0598848210282,"classe_original"
2014,8,21,"Mosaico de Usos","#ffefc3",0.0833936598652324,1847.44637568319,0.00451399623625845,0.193745372070047,"classe_original"
2014,8,24,"Área urbanizada","#d4271e",0,2388.70433461627,0,0,"classe_original"
2014,8,25,"Outras Áreas Não Vegetadas","#db4d4f",0,29.3377502269625,0,0,"classe_original"
2014,8,29,"Afloramento Rochoso","#ad5100",0,1.41802552288793,0,0,"classe_original"
2014,8,33,"Rio, Lago e Oceano","#2532e4",0,717.654006319359,0,0,"classe_original"
2014,8,39,"Soja","#f5b3c8",0,0,,0,"classe_ausente_no_ano"
2014,8,41,"Outras Lavouras Temporárias","#f54ca9",13.7606938805932,5297.8198080073,0.259742580519534,31.9697056124653,"classe_original"
2014,8,46,"Café","#d68fe2",0,2667.77364666241,0,0,"classe_original"
2014,8,47,"Citrus","#9932cc",0,47.6787835176942,0,0,"classe_original"
2014,8,48,"Outras Lavouras Perenes","#e6ccff",0,0,,0,"classe_ausente_no_ano"
2014,9,0,"Código 0 — sem classificação","#bdbdbd",0,0.16818237356357,0,0,"sem_classificacao"
2014,9,3,"Formação Florestal","#1f8d49",0.667476443962342,6081.4583234447,0.0109755984249558,2.86904049837167,"classe_original"
2014,9,4,"Formação Savânica","#7dc975",0,564.216511199678,0,0,"classe_original"
2014,9,9,"Silvicultura","#7a5900",0,233.028238979364,0,0,"classe_original"
2014,9,12,"Formação Campestre","#d6bc74",1.75046059111704,4384.95200895153,0.0399197206159523,7.52407425332562,"classe_original"
2014,9,15,"Pastagem","#edde8e",5.83623077198005,32167.6392303412,0.018143174045782,25.0861024297037,"classe_original"
2014,9,21,"Mosaico de Usos","#ffefc3",0.333577053510068,1847.44637568319,0.0180561156145444,1.43382749234799,"classe_original"
2014,9,24,"Área urbanizada","#d4271e",0,2388.70433461627,0,0,"classe_original"
2014,9,25,"Outras Áreas Não Vegetadas","#db4d4f",0,29.3377502269625,0,0,"classe_original"
2014,9,29,"Afloramento Rochoso","#ad5100",0,1.41802552288793,0,0,"classe_original"
2014,9,33,"Rio, Lago e Oceano","#2532e4",0,717.654006319359,0,0,"classe_original"
2014,9,39,"Soja","#f5b3c8",0,0,,0,"classe_ausente_no_ano"
2014,9,41,"Outras Lavouras Temporárias","#f54ca9",14.6770520058801,5297.8198080073,0.277039471665245,63.0869553262511,"classe_original"
2014,9,46,"Café","#d68fe2",0,2667.77364666241,0,0,"classe_original"
2014,9,47,"Citrus","#9932cc",0,47.6787835176942,0,0,"classe_original"
2014,9,48,"Outras Lavouras Perenes","#e6ccff",0,0,,0,"classe_ausente_no_ano"
2014,10,0,"Código 0 — sem classificação","#bdbdbd",0,0.16818237356357,0,0,"sem_classificacao"
2014,10,3,"Formação Florestal","#1f8d49",2.08551297620569,6081.4583234447,0.0342929748965935,1.3109692523886,"classe_original"
2014,10,4,"Formação Savânica","#7dc975",0.0833846821641717,564.216511199678,0.0147788447358396,0.0524162427588001,"classe_original"
2014,10,9,"Silvicultura","#7a5900",0,233.028238979364,0,0,"classe_original"
2014,10,12,"Formação Campestre","#d6bc74",6.56198989336534,4384.95200895153,0.149647929554749,4.12491654707319,"classe_original"
2014,10,15,"Pastagem","#edde8e",138.834671883431,32167.6392303412,0.431597329506478,87.2725262711033,"classe_original"
2014,10,21,"Mosaico de Usos","#ffefc3",1.50133946564587,1847.44637568319,0.0812656586630649,0.943753359156821,"classe_original"
2014,10,24,"Área urbanizada","#d4271e",0,2388.70433461627,0,0,"classe_original"
2014,10,25,"Outras Áreas Não Vegetadas","#db4d4f",0,29.3377502269625,0,0,"classe_original"
2014,10,29,"Afloramento Rochoso","#ad5100",0,1.41802552288793,0,0,"classe_original"
2014,10,33,"Rio, Lago e Oceano","#2532e4",0,717.654006319359,0,0,"classe_original"
2014,10,39,"Soja","#f5b3c8",0,0,,0,"classe_ausente_no_ano"
2014,10,41,"Outras Lavouras Temporárias","#f54ca9",10.0148623537614,5297.8198080073,0.189037428917922,6.29541832751962,"classe_original"
2014,10,46,"Café","#d68fe2",0,2667.77364666241,0,0,"classe_original"
2014,10,47,"Citrus","#9932cc",0,47.6787835176942,0,0,"classe_original"
2014,10,48,"Outras Lavouras Perenes","#e6ccff",0,0,,0,"classe_ausente_no_ano"
2014,11,0,"Código 0 — sem classificação","#bdbdbd",0,0.16818237356357,0,0,"sem_classificacao"
2014,11,3,"Formação Florestal","#1f8d49",7.75527510692888,6081.4583234447,0.127523279688219,16.2519722444388,"classe_original"
2014,11,4,"Formação Savânica","#7dc975",0,564.216511199678,0,0,"classe_original"
2014,11,9,"Silvicultura","#7a5900",0,233.028238979364,0,0,"classe_original"
2014,11,12,"Formação Campestre","#d6bc74",26.7862937601831,4384.95200895153,0.610868572917128,56.1334184435234,"classe_original"
2014,11,15,"Pastagem","#edde8e",11.0933625014747,32167.6392303412,0.0344860946183802,23.2472758200913,"classe_original"
2014,11,21,"Mosaico de Usos","#ffefc3",0.08343414884412,1847.44637568319,0.00451618785488514,0.174844793067564,"classe_original"
2014,11,24,"Área urbanizada","#d4271e",0,2388.70433461627,0,0,"classe_original"
2014,11,25,"Outras Áreas Não Vegetadas","#db4d4f",0,29.3377502269625,0,0,"classe_original"
2014,11,29,"Afloramento Rochoso","#ad5100",0,1.41802552288793,0,0,"classe_original"
2014,11,33,"Rio, Lago e Oceano","#2532e4",0,717.654006319359,0,0,"classe_original"
2014,11,39,"Soja","#f5b3c8",0,0,,0,"classe_ausente_no_ano"
2014,11,41,"Outras Lavouras Temporárias","#f54ca9",2.00061277200504,5297.8198080073,0.0377629448434854,4.19248869887882,"classe_original"
2014,11,46,"Café","#d68fe2",0,2667.77364666241,0,0,"classe_original"
2014,11,47,"Citrus","#9932cc",0,47.6787835176942,0,0,"classe_original"
2014,11,48,"Outras Lavouras Perenes","#e6ccff",0,0,,0,"classe_ausente_no_ano"
2014,12,0,"Código 0 — sem classificação","#bdbdbd",0,0.16818237356357,0,,"sem_classificacao"
2014,12,3,"Formação Florestal","#1f8d49",0,6081.4583234447,0,,"classe_original"
2014,12,4,"Formação Savânica","#7dc975",0,564.216511199678,0,,"classe_original"
2014,12,9,"Silvicultura","#7a5900",0,233.028238979364,0,,"classe_original"
2014,12,12,"Formação Campestre","#d6bc74",0,4384.95200895153,0,,"classe_original"
2014,12,15,"Pastagem","#edde8e",0,32167.6392303412,0,,"classe_original"
2014,12,21,"Mosaico de Usos","#ffefc3",0,1847.44637568319,0,,"classe_original"
2014,12,24,"Área urbanizada","#d4271e",0,2388.70433461627,0,,"classe_original"
2014,12,25,"Outras Áreas Não Vegetadas","#db4d4f",0,29.3377502269625,0,,"classe_original"
2014,12,29,"Afloramento Rochoso","#ad5100",0,1.41802552288793,0,,"classe_original"
2014,12,33,"Rio, Lago e Oceano","#2532e4",0,717.654006319359,0,,"classe_original"
2014,12,39,"Soja","#f5b3c8",0,0,,,"classe_ausente_no_ano"
2014,12,41,"Outras Lavouras Temporárias","#f54ca9",0,5297.8198080073,0,,"classe_original"
2014,12,46,"Café","#d68fe2",0,2667.77364666241,0,,"classe_original"
2014,12,47,"Citrus","#9932cc",0,47.6787835176942,0,,"classe_original"
2014,12,48,"Outras Lavouras Perenes","#e6ccff",0,0,,,"classe_ausente_no_ano"
2015,1,0,"Código 0 — sem classificação","#bdbdbd",0,0.16818237356357,0,0,"sem_classificacao"
2015,1,3,"Formação Florestal","#1f8d49",0,6263.81343425247,0,0,"classe_original"
2015,1,4,"Formação Savânica","#7dc975",0,574.398110749831,0,0,"classe_original"
2015,1,9,"Silvicultura","#7a5900",0,244.725383423949,0,0,"classe_original"
2015,1,12,"Formação Campestre","#d6bc74",0,4339.22407387928,0,0,"classe_original"
2015,1,15,"Pastagem","#edde8e",0,31747.31618767,0,0,"classe_original"
2015,1,21,"Mosaico de Usos","#ffefc3",0,2059.89656929549,0,0,"classe_original"
2015,1,24,"Área urbanizada","#d4271e",0,2439.80883867712,0,0,"classe_original"
2015,1,25,"Outras Áreas Não Vegetadas","#db4d4f",0,30.4367736192615,0,0,"classe_original"
2015,1,29,"Afloramento Rochoso","#ad5100",0,1.7516781774762,0,0,"classe_original"
2015,1,33,"Rio, Lago e Oceano","#2532e4",0,707.493555709795,0,0,"classe_original"
2015,1,39,"Soja","#f5b3c8",0,0,,0,"classe_ausente_no_ano"
2015,1,41,"Outras Lavouras Temporárias","#f54ca9",0.166736731020675,5085.24852819206,0.00327883150835805,100,"classe_original"
2015,1,46,"Café","#d68fe2",0,2888.58531097654,0,0,"classe_original"
2015,1,47,"Citrus","#9932cc",0,46.4285988493388,0,0,"classe_original"
2015,1,48,"Outras Lavouras Perenes","#e6ccff",0,0,,0,"classe_ausente_no_ano"
2015,2,0,"Código 0 — sem classificação","#bdbdbd",0,0.16818237356357,0,,"sem_classificacao"
2015,2,3,"Formação Florestal","#1f8d49",0,6263.81343425247,0,,"classe_original"
2015,2,4,"Formação Savânica","#7dc975",0,574.398110749831,0,,"classe_original"
2015,2,9,"Silvicultura","#7a5900",0,244.725383423949,0,,"classe_original"
2015,2,12,"Formação Campestre","#d6bc74",0,4339.22407387928,0,,"classe_original"
2015,2,15,"Pastagem","#edde8e",0,31747.31618767,0,,"classe_original"
2015,2,21,"Mosaico de Usos","#ffefc3",0,2059.89656929549,0,,"classe_original"
2015,2,24,"Área urbanizada","#d4271e",0,2439.80883867712,0,,"classe_original"
2015,2,25,"Outras Áreas Não Vegetadas","#db4d4f",0,30.4367736192615,0,,"classe_original"
2015,2,29,"Afloramento Rochoso","#ad5100",0,1.7516781774762,0,,"classe_original"
2015,2,33,"Rio, Lago e Oceano","#2532e4",0,707.493555709795,0,,"classe_original"
2015,2,39,"Soja","#f5b3c8",0,0,,,"classe_ausente_no_ano"
2015,2,41,"Outras Lavouras Temporárias","#f54ca9",0,5085.24852819206,0,,"classe_original"
2015,2,46,"Café","#d68fe2",0,2888.58531097654,0,,"classe_original"
2015,2,47,"Citrus","#9932cc",0,46.4285988493388,0,,"classe_original"
2015,2,48,"Outras Lavouras Perenes","#e6ccff",0,0,,,"classe_ausente_no_ano"
2015,3,0,"Código 0 — sem classificação","#bdbdbd",0,0.16818237356357,0,,"sem_classificacao"
2015,3,3,"Formação Florestal","#1f8d49",0,6263.81343425247,0,,"classe_original"
2015,3,4,"Formação Savânica","#7dc975",0,574.398110749831,0,,"classe_original"
2015,3,9,"Silvicultura","#7a5900",0,244.725383423949,0,,"classe_original"
2015,3,12,"Formação Campestre","#d6bc74",0,4339.22407387928,0,,"classe_original"
2015,3,15,"Pastagem","#edde8e",0,31747.31618767,0,,"classe_original"
2015,3,21,"Mosaico de Usos","#ffefc3",0,2059.89656929549,0,,"classe_original"
2015,3,24,"Área urbanizada","#d4271e",0,2439.80883867712,0,,"classe_original"
2015,3,25,"Outras Áreas Não Vegetadas","#db4d4f",0,30.4367736192615,0,,"classe_original"
2015,3,29,"Afloramento Rochoso","#ad5100",0,1.7516781774762,0,,"classe_original"
2015,3,33,"Rio, Lago e Oceano","#2532e4",0,707.493555709795,0,,"classe_original"
2015,3,39,"Soja","#f5b3c8",0,0,,,"classe_ausente_no_ano"
2015,3,41,"Outras Lavouras Temporárias","#f54ca9",0,5085.24852819206,0,,"classe_original"
2015,3,46,"Café","#d68fe2",0,2888.58531097654,0,,"classe_original"
2015,3,47,"Citrus","#9932cc",0,46.4285988493388,0,,"classe_original"
2015,3,48,"Outras Lavouras Perenes","#e6ccff",0,0,,,"classe_ausente_no_ano"
2015,4,0,"Código 0 — sem classificação","#bdbdbd",0,0.16818237356357,0,,"sem_classificacao"
2015,4,3,"Formação Florestal","#1f8d49",0,6263.81343425247,0,,"classe_original"
2015,4,4,"Formação Savânica","#7dc975",0,574.398110749831,0,,"classe_original"
2015,4,9,"Silvicultura","#7a5900",0,244.725383423949,0,,"classe_original"
2015,4,12,"Formação Campestre","#d6bc74",0,4339.22407387928,0,,"classe_original"
2015,4,15,"Pastagem","#edde8e",0,31747.31618767,0,,"classe_original"
2015,4,21,"Mosaico de Usos","#ffefc3",0,2059.89656929549,0,,"classe_original"
2015,4,24,"Área urbanizada","#d4271e",0,2439.80883867712,0,,"classe_original"
2015,4,25,"Outras Áreas Não Vegetadas","#db4d4f",0,30.4367736192615,0,,"classe_original"
2015,4,29,"Afloramento Rochoso","#ad5100",0,1.7516781774762,0,,"classe_original"
2015,4,33,"Rio, Lago e Oceano","#2532e4",0,707.493555709795,0,,"classe_original"
2015,4,39,"Soja","#f5b3c8",0,0,,,"classe_ausente_no_ano"
2015,4,41,"Outras Lavouras Temporárias","#f54ca9",0,5085.24852819206,0,,"classe_original"
2015,4,46,"Café","#d68fe2",0,2888.58531097654,0,,"classe_original"
2015,4,47,"Citrus","#9932cc",0,46.4285988493388,0,,"classe_original"
2015,4,48,"Outras Lavouras Perenes","#e6ccff",0,0,,,"classe_ausente_no_ano"
2015,5,0,"Código 0 — sem classificação","#bdbdbd",0,0.16818237356357,0,0,"sem_classificacao"
2015,5,3,"Formação Florestal","#1f8d49",0,6263.81343425247,0,0,"classe_original"
2015,5,4,"Formação Savânica","#7dc975",0,574.398110749831,0,0,"classe_original"
2015,5,9,"Silvicultura","#7a5900",0,244.725383423949,0,0,"classe_original"
2015,5,12,"Formação Campestre","#d6bc74",0.0833668670418974,4339.22407387928,0.00192123904233798,0.135867220961683,"classe_original"
2015,5,15,"Pastagem","#edde8e",0,31747.31618767,0,0,"classe_original"
2015,5,21,"Mosaico de Usos","#ffefc3",0,2059.89656929549,0,0,"classe_original"
2015,5,24,"Área urbanizada","#d4271e",0,2439.80883867712,0,0,"classe_original"
2015,5,25,"Outras Áreas Não Vegetadas","#db4d4f",0,30.4367736192615,0,0,"classe_original"
2015,5,29,"Afloramento Rochoso","#ad5100",0,1.7516781774762,0,0,"classe_original"
2015,5,33,"Rio, Lago e Oceano","#2532e4",0,707.493555709795,0,0,"classe_original"
2015,5,39,"Soja","#f5b3c8",0,0,,0,"classe_ausente_no_ano"
2015,5,41,"Outras Lavouras Temporárias","#f54ca9",61.2757059481798,5085.24852819206,1.20496973960022,99.8641327790383,"classe_original"
2015,5,46,"Café","#d68fe2",0,2888.58531097654,0,0,"classe_original"
2015,5,47,"Citrus","#9932cc",0,46.4285988493388,0,0,"classe_original"
2015,5,48,"Outras Lavouras Perenes","#e6ccff",0,0,,0,"classe_ausente_no_ano"
2015,6,0,"Código 0 — sem classificação","#bdbdbd",0,0.16818237356357,0,0,"sem_classificacao"
2015,6,3,"Formação Florestal","#1f8d49",0,6263.81343425247,0,0,"classe_original"
2015,6,4,"Formação Savânica","#7dc975",0,574.398110749831,0,0,"classe_original"
2015,6,9,"Silvicultura","#7a5900",0,244.725383423949,0,0,"classe_original"
2015,6,12,"Formação Campestre","#d6bc74",0.0833668683539879,4339.22407387928,0.00192123907257589,0.107181145827664,"classe_original"
2015,6,15,"Pastagem","#edde8e",0.333461346546377,31747.31618767,0.00105036074411823,0.428716706261723,"classe_original"
2015,6,21,"Mosaico de Usos","#ffefc3",0.500211129733784,2059.89656929549,0.0242833129191949,0.643099628175641,"classe_original"
2015,6,24,"Área urbanizada","#d4271e",0,2439.80883867712,0,0,"classe_original"
2015,6,25,"Outras Áreas Não Vegetadas","#db4d4f",0,30.4367736192615,0,0,"classe_original"
2015,6,29,"Afloramento Rochoso","#ad5100",0,1.7516781774762,0,0,"classe_original"
2015,6,33,"Rio, Lago e Oceano","#2532e4",0,707.493555709795,0,0,"classe_original"
2015,6,39,"Soja","#f5b3c8",0,0,,0,"classe_ausente_no_ano"
2015,6,41,"Outras Lavouras Temporárias","#f54ca9",76.8642417848223,5085.24852819206,1.51151396748252,98.821002519735,"classe_original"
2015,6,46,"Café","#d68fe2",0,2888.58531097654,0,0,"classe_original"
2015,6,47,"Citrus","#9932cc",0,46.4285988493388,0,0,"classe_original"
2015,6,48,"Outras Lavouras Perenes","#e6ccff",0,0,,0,"classe_ausente_no_ano"
2015,7,0,"Código 0 — sem classificação","#bdbdbd",0,0.16818237356357,0,0,"sem_classificacao"
2015,7,3,"Formação Florestal","#1f8d49",0.583577240106128,6263.81343425247,0.00931664466433415,9.2056737071839,"classe_original"
2015,7,4,"Formação Savânica","#7dc975",0,574.398110749831,0,0,"classe_original"
2015,7,9,"Silvicultura","#7a5900",0,244.725383423949,0,0,"classe_original"
2015,7,12,"Formação Campestre","#d6bc74",0.750642461072159,4339.22407387928,0.0172990020402676,11.8410539213817,"classe_original"
2015,7,15,"Pastagem","#edde8e",4.17130665297288,31747.31618767,0.0131390843506732,65.8005236340101,"classe_original"
2015,7,21,"Mosaico de Usos","#ffefc3",0.333473175240704,2059.89656929549,0.0161888310418788,5.26039233607912,"classe_original"
2015,7,24,"Área urbanizada","#d4271e",0.0834049490086972,2439.80883867712,0.00341850343709387,1.31567630361792,"classe_original"
2015,7,25,"Outras Áreas Não Vegetadas","#db4d4f",0,30.4367736192615,0,0,"classe_original"
2015,7,29,"Afloramento Rochoso","#ad5100",0,1.7516781774762,0,0,"classe_original"
2015,7,33,"Rio, Lago e Oceano","#2532e4",0,707.493555709795,0,0,"classe_original"
2015,7,39,"Soja","#f5b3c8",0,0,,0,"classe_ausente_no_ano"
2015,7,41,"Outras Lavouras Temporárias","#f54ca9",0.416916886538949,5085.24852819206,0.00819855478503376,6.57668009772726,"classe_original"
2015,7,46,"Café","#d68fe2",0,2888.58531097654,0,0,"classe_original"
2015,7,47,"Citrus","#9932cc",0,46.4285988493388,0,0,"classe_original"
2015,7,48,"Outras Lavouras Perenes","#e6ccff",0,0,,0,"classe_ausente_no_ano"
2015,8,0,"Código 0 — sem classificação","#bdbdbd",0,0.16818237356357,0,0,"sem_classificacao"
2015,8,3,"Formação Florestal","#1f8d49",0.0833568890163941,6263.81343425247,0.00133076902579143,0.343440249976948,"classe_original"
2015,8,4,"Formação Savânica","#7dc975",0,574.398110749831,0,0,"classe_original"
2015,8,9,"Silvicultura","#7a5900",0,244.725383423949,0,0,"classe_original"
2015,8,12,"Formação Campestre","#d6bc74",2.25200237755825,4339.22407387928,0.0518987344100198,9.27851637247612,"classe_original"
2015,8,15,"Pastagem","#edde8e",14.6817226342602,31747.31618767,0.0462455552068437,60.4904351769995,"classe_original"
2015,8,21,"Mosaico de Usos","#ffefc3",0.583638001365188,2059.89656929549,0.0283333644060002,2.40465765277642,"classe_original"
2015,8,24,"Área urbanizada","#d4271e",0,2439.80883867712,0,0,"classe_original"
2015,8,25,"Outras Áreas Não Vegetadas","#db4d4f",0,30.4367736192615,0,0,"classe_original"
2015,8,29,"Afloramento Rochoso","#ad5100",0,1.7516781774762,0,0,"classe_original"
2015,8,33,"Rio, Lago e Oceano","#2532e4",0.166733892692523,707.493555709795,0.0235668426018731,0.68696337473304,"classe_original"
2015,8,39,"Soja","#f5b3c8",0,0,,0,"classe_ausente_no_ano"
2015,8,41,"Outras Lavouras Temporárias","#f54ca9",6.50369352170451,5085.24852819206,0.127893326858043,26.7959871730381,"classe_original"
2015,8,46,"Café","#d68fe2",0,2888.58531097654,0,0,"classe_original"
2015,8,47,"Citrus","#9932cc",0,46.4285988493388,0,0,"classe_original"
2015,8,48,"Outras Lavouras Perenes","#e6ccff",0,0,,0,"classe_ausente_no_ano"
2015,9,0,"Código 0 — sem classificação","#bdbdbd",0,0.16818237356357,0,0,"sem_classificacao"
2015,9,3,"Formação Florestal","#1f8d49",0.250081246485271,6263.81343425247,0.00399247597506257,3.79551578714377,"classe_original"
2015,9,4,"Formação Savânica","#7dc975",0,574.398110749831,0,0,"classe_original"
2015,9,9,"Silvicultura","#7a5900",0,244.725383423949,0,0,"classe_original"
2015,9,12,"Formação Campestre","#d6bc74",0.166736140070407,4339.22407387928,0.00384253353206866,2.53057620600878,"classe_original"
2015,9,15,"Pastagem","#edde8e",0.583573424616575,31747.31618767,0.00183818191486442,8.85697019356555,"classe_original"
2015,9,21,"Mosaico de Usos","#ffefc3",1.00042837591975,2059.89656929549,0.048566922768453,15.1836323118042,"classe_original"
2015,9,24,"Área urbanizada","#d4271e",0,2439.80883867712,0,0,"classe_original"
2015,9,25,"Outras Áreas Não Vegetadas","#db4d4f",0,30.4367736192615,0,0,"classe_original"
2015,9,29,"Afloramento Rochoso","#ad5100",0,1.7516781774762,0,0,"classe_original"
2015,9,33,"Rio, Lago e Oceano","#2532e4",0,707.493555709795,0,0,"classe_original"
2015,9,39,"Soja","#f5b3c8",0,0,,0,"classe_ausente_no_ano"
2015,9,41,"Outras Lavouras Temporárias","#f54ca9",4.50467373863695,5085.24852819206,0.0885831580042457,68.368022517576,"classe_original"
2015,9,46,"Café","#d68fe2",0.0833677327446561,2888.58531097654,0.00288610941930159,1.26528298390164,"classe_original"
2015,9,47,"Citrus","#9932cc",0,46.4285988493388,0,0,"classe_original"
2015,9,48,"Outras Lavouras Perenes","#e6ccff",0,0,,0,"classe_ausente_no_ano"
2015,10,0,"Código 0 — sem classificação","#bdbdbd",0,0.16818237356357,0,0,"sem_classificacao"
2015,10,3,"Formação Florestal","#1f8d49",4.66794251868151,6263.81343425247,0.0745223747111585,2.48549576263968,"classe_original"
2015,10,4,"Formação Savânica","#7dc975",0,574.398110749831,0,0,"classe_original"
2015,10,9,"Silvicultura","#7a5900",0,244.725383423949,0,0,"classe_original"
2015,10,12,"Formação Campestre","#d6bc74",126.118310131304,4339.22407387928,2.90647147932496,67.1530388748602,"classe_original"
2015,10,15,"Pastagem","#edde8e",43.2646997936597,31747.31618767,0.136278290542439,23.0367506837665,"classe_original"
2015,10,21,"Mosaico de Usos","#ffefc3",2.75097408453696,2059.89656929549,0.13354913666747,1.46478548158718,"classe_original"
2015,10,24,"Área urbanizada","#d4271e",0,2439.80883867712,0,0,"classe_original"
2015,10,25,"Outras Áreas Não Vegetadas","#db4d4f",0,30.4367736192615,0,0,"classe_original"
2015,10,29,"Afloramento Rochoso","#ad5100",0,1.7516781774762,0,0,"classe_original"
2015,10,33,"Rio, Lago e Oceano","#2532e4",0,707.493555709795,0,0,"classe_original"
2015,10,39,"Soja","#f5b3c8",0,0,,0,"classe_ausente_no_ano"
2015,10,41,"Outras Lavouras Temporárias","#f54ca9",10.0049589590222,5085.24852819206,0.196744739289649,5.32724706838453,"classe_original"
2015,10,46,"Café","#d68fe2",1.0004159311657,2888.58531097654,0.0346334216740683,0.532682128761928,"classe_original"
2015,10,47,"Citrus","#9932cc",0,46.4285988493388,0,0,"classe_original"
2015,10,48,"Outras Lavouras Perenes","#e6ccff",0,0,,0,"classe_ausente_no_ano"
2015,11,0,"Código 0 — sem classificação","#bdbdbd",0,0.16818237356357,0,0,"sem_classificacao"
2015,11,3,"Formação Florestal","#1f8d49",0.166713624251489,6263.81343425247,0.00266153559650815,100,"classe_original"
2015,11,4,"Formação Savânica","#7dc975",0,574.398110749831,0,0,"classe_original"
2015,11,9,"Silvicultura","#7a5900",0,244.725383423949,0,0,"classe_original"
2015,11,12,"Formação Campestre","#d6bc74",0,4339.22407387928,0,0,"classe_original"
2015,11,15,"Pastagem","#edde8e",0,31747.31618767,0,0,"classe_original"
2015,11,21,"Mosaico de Usos","#ffefc3",0,2059.89656929549,0,0,"classe_original"
2015,11,24,"Área urbanizada","#d4271e",0,2439.80883867712,0,0,"classe_original"
2015,11,25,"Outras Áreas Não Vegetadas","#db4d4f",0,30.4367736192615,0,0,"classe_original"
2015,11,29,"Afloramento Rochoso","#ad5100",0,1.7516781774762,0,0,"classe_original"
2015,11,33,"Rio, Lago e Oceano","#2532e4",0,707.493555709795,0,0,"classe_original"
2015,11,39,"Soja","#f5b3c8",0,0,,0,"classe_ausente_no_ano"
2015,11,41,"Outras Lavouras Temporárias","#f54ca9",0,5085.24852819206,0,0,"classe_original"
2015,11,46,"Café","#d68fe2",0,2888.58531097654,0,0,"classe_original"
2015,11,47,"Citrus","#9932cc",0,46.4285988493388,0,0,"classe_original"
2015,11,48,"Outras Lavouras Perenes","#e6ccff",0,0,,0,"classe_ausente_no_ano"
2015,12,0,"Código 0 — sem classificação","#bdbdbd",0,0.16818237356357,0,0,"sem_classificacao"
2015,12,3,"Formação Florestal","#1f8d49",0,6263.81343425247,0,0,"classe_original"
2015,12,4,"Formação Savânica","#7dc975",0,574.398110749831,0,0,"classe_original"
2015,12,9,"Silvicultura","#7a5900",0,244.725383423949,0,0,"classe_original"
2015,12,12,"Formação Campestre","#d6bc74",0.833664202911851,4339.22407387928,0.0192122874670206,58.8236411246563,"classe_original"
2015,12,15,"Pastagem","#edde8e",0.416829107473263,31747.31618767,0.00131295856635324,29.4116093058521,"classe_original"
2015,12,21,"Mosaico de Usos","#ffefc3",0,2059.89656929549,0,0,"classe_original"
2015,12,24,"Área urbanizada","#d4271e",0,2439.80883867712,0,0,"classe_original"
2015,12,25,"Outras Áreas Não Vegetadas","#db4d4f",0,30.4367736192615,0,0,"classe_original"
2015,12,29,"Afloramento Rochoso","#ad5100",0,1.7516781774762,0,0,"classe_original"
2015,12,33,"Rio, Lago e Oceano","#2532e4",0.166733143083127,707.493555709795,0.02356673664905,11.7647495694917,"classe_original"
2015,12,39,"Soja","#f5b3c8",0,0,,0,"classe_ausente_no_ano"
2015,12,41,"Outras Lavouras Temporárias","#f54ca9",0,5085.24852819206,0,0,"classe_original"
2015,12,46,"Café","#d68fe2",0,2888.58531097654,0,0,"classe_original"
2015,12,47,"Citrus","#9932cc",0,46.4285988493388,0,0,"classe_original"
2015,12,48,"Outras Lavouras Perenes","#e6ccff",0,0,,0,"classe_ausente_no_ano"
2016,1,0,"Código 0 — sem classificação","#bdbdbd",0,0.16818237356357,0,,"sem_classificacao"
2016,1,3,"Formação Florestal","#1f8d49",0,6362.03764316659,0,,"classe_original"
2016,1,4,"Formação Savânica","#7dc975",0,567.811773266501,0,,"classe_original"
2016,1,9,"Silvicultura","#7a5900",0,247.057614351181,0,,"classe_original"
2016,1,12,"Formação Campestre","#d6bc74",0,4198.9087720348,0,,"classe_original"
2016,1,15,"Pastagem","#edde8e",0,31293.2369064777,0,,"classe_original"
2016,1,21,"Mosaico de Usos","#ffefc3",0,2071.53324895974,0,,"classe_original"
2016,1,24,"Área urbanizada","#d4271e",0,2476.28415654763,0,,"classe_original"
2016,1,25,"Outras Áreas Não Vegetadas","#db4d4f",0,32.1036730652984,0,,"classe_original"
2016,1,29,"Afloramento Rochoso","#ad5100",0,1.7516781774762,0,,"classe_original"
2016,1,33,"Rio, Lago e Oceano","#2532e4",0,714.573095397245,0,,"classe_original"
2016,1,39,"Soja","#f5b3c8",0,0,,,"classe_ausente_no_ano"
2016,1,41,"Outras Lavouras Temporárias","#f54ca9",0,5488.75285115792,0,,"classe_original"
2016,1,46,"Café","#d68fe2",0,2934.56466294172,0,,"classe_original"
2016,1,47,"Citrus","#9932cc",0,40.5109679287465,0,,"classe_original"
2016,1,48,"Outras Lavouras Perenes","#e6ccff",0,0,,,"classe_ausente_no_ano"
2016,2,0,"Código 0 — sem classificação","#bdbdbd",0,0.16818237356357,0,,"sem_classificacao"
2016,2,3,"Formação Florestal","#1f8d49",0,6362.03764316659,0,,"classe_original"
2016,2,4,"Formação Savânica","#7dc975",0,567.811773266501,0,,"classe_original"
2016,2,9,"Silvicultura","#7a5900",0,247.057614351181,0,,"classe_original"
2016,2,12,"Formação Campestre","#d6bc74",0,4198.9087720348,0,,"classe_original"
2016,2,15,"Pastagem","#edde8e",0,31293.2369064777,0,,"classe_original"
2016,2,21,"Mosaico de Usos","#ffefc3",0,2071.53324895974,0,,"classe_original"
2016,2,24,"Área urbanizada","#d4271e",0,2476.28415654763,0,,"classe_original"
2016,2,25,"Outras Áreas Não Vegetadas","#db4d4f",0,32.1036730652984,0,,"classe_original"
2016,2,29,"Afloramento Rochoso","#ad5100",0,1.7516781774762,0,,"classe_original"
2016,2,33,"Rio, Lago e Oceano","#2532e4",0,714.573095397245,0,,"classe_original"
2016,2,39,"Soja","#f5b3c8",0,0,,,"classe_ausente_no_ano"
2016,2,41,"Outras Lavouras Temporárias","#f54ca9",0,5488.75285115792,0,,"classe_original"
2016,2,46,"Café","#d68fe2",0,2934.56466294172,0,,"classe_original"
2016,2,47,"Citrus","#9932cc",0,40.5109679287465,0,,"classe_original"
2016,2,48,"Outras Lavouras Perenes","#e6ccff",0,0,,,"classe_ausente_no_ano"
2016,3,0,"Código 0 — sem classificação","#bdbdbd",0,0.16818237356357,0,,"sem_classificacao"
2016,3,3,"Formação Florestal","#1f8d49",0,6362.03764316659,0,,"classe_original"
2016,3,4,"Formação Savânica","#7dc975",0,567.811773266501,0,,"classe_original"
2016,3,9,"Silvicultura","#7a5900",0,247.057614351181,0,,"classe_original"
2016,3,12,"Formação Campestre","#d6bc74",0,4198.9087720348,0,,"classe_original"
2016,3,15,"Pastagem","#edde8e",0,31293.2369064777,0,,"classe_original"
2016,3,21,"Mosaico de Usos","#ffefc3",0,2071.53324895974,0,,"classe_original"
2016,3,24,"Área urbanizada","#d4271e",0,2476.28415654763,0,,"classe_original"
2016,3,25,"Outras Áreas Não Vegetadas","#db4d4f",0,32.1036730652984,0,,"classe_original"
2016,3,29,"Afloramento Rochoso","#ad5100",0,1.7516781774762,0,,"classe_original"
2016,3,33,"Rio, Lago e Oceano","#2532e4",0,714.573095397245,0,,"classe_original"
2016,3,39,"Soja","#f5b3c8",0,0,,,"classe_ausente_no_ano"
2016,3,41,"Outras Lavouras Temporárias","#f54ca9",0,5488.75285115792,0,,"classe_original"
2016,3,46,"Café","#d68fe2",0,2934.56466294172,0,,"classe_original"
2016,3,47,"Citrus","#9932cc",0,40.5109679287465,0,,"classe_original"
2016,3,48,"Outras Lavouras Perenes","#e6ccff",0,0,,,"classe_ausente_no_ano"
2016,4,0,"Código 0 — sem classificação","#bdbdbd",0,0.16818237356357,0,,"sem_classificacao"
2016,4,3,"Formação Florestal","#1f8d49",0,6362.03764316659,0,,"classe_original"
2016,4,4,"Formação Savânica","#7dc975",0,567.811773266501,0,,"classe_original"
2016,4,9,"Silvicultura","#7a5900",0,247.057614351181,0,,"classe_original"
2016,4,12,"Formação Campestre","#d6bc74",0,4198.9087720348,0,,"classe_original"
2016,4,15,"Pastagem","#edde8e",0,31293.2369064777,0,,"classe_original"
2016,4,21,"Mosaico de Usos","#ffefc3",0,2071.53324895974,0,,"classe_original"
2016,4,24,"Área urbanizada","#d4271e",0,2476.28415654763,0,,"classe_original"
2016,4,25,"Outras Áreas Não Vegetadas","#db4d4f",0,32.1036730652984,0,,"classe_original"
2016,4,29,"Afloramento Rochoso","#ad5100",0,1.7516781774762,0,,"classe_original"
2016,4,33,"Rio, Lago e Oceano","#2532e4",0,714.573095397245,0,,"classe_original"
2016,4,39,"Soja","#f5b3c8",0,0,,,"classe_ausente_no_ano"
2016,4,41,"Outras Lavouras Temporárias","#f54ca9",0,5488.75285115792,0,,"classe_original"
2016,4,46,"Café","#d68fe2",0,2934.56466294172,0,,"classe_original"
2016,4,47,"Citrus","#9932cc",0,40.5109679287465,0,,"classe_original"
2016,4,48,"Outras Lavouras Perenes","#e6ccff",0,0,,,"classe_ausente_no_ano"
2016,5,0,"Código 0 — sem classificação","#bdbdbd",0,0.16818237356357,0,,"sem_classificacao"
2016,5,3,"Formação Florestal","#1f8d49",0,6362.03764316659,0,,"classe_original"
2016,5,4,"Formação Savânica","#7dc975",0,567.811773266501,0,,"classe_original"
2016,5,9,"Silvicultura","#7a5900",0,247.057614351181,0,,"classe_original"
2016,5,12,"Formação Campestre","#d6bc74",0,4198.9087720348,0,,"classe_original"
2016,5,15,"Pastagem","#edde8e",0,31293.2369064777,0,,"classe_original"
2016,5,21,"Mosaico de Usos","#ffefc3",0,2071.53324895974,0,,"classe_original"
2016,5,24,"Área urbanizada","#d4271e",0,2476.28415654763,0,,"classe_original"
2016,5,25,"Outras Áreas Não Vegetadas","#db4d4f",0,32.1036730652984,0,,"classe_original"
2016,5,29,"Afloramento Rochoso","#ad5100",0,1.7516781774762,0,,"classe_original"
2016,5,33,"Rio, Lago e Oceano","#2532e4",0,714.573095397245,0,,"classe_original"
2016,5,39,"Soja","#f5b3c8",0,0,,,"classe_ausente_no_ano"
2016,5,41,"Outras Lavouras Temporárias","#f54ca9",0,5488.75285115792,0,,"classe_original"
2016,5,46,"Café","#d68fe2",0,2934.56466294172,0,,"classe_original"
2016,5,47,"Citrus","#9932cc",0,40.5109679287465,0,,"classe_original"
2016,5,48,"Outras Lavouras Perenes","#e6ccff",0,0,,,"classe_ausente_no_ano"
2016,6,0,"Código 0 — sem classificação","#bdbdbd",0,0.16818237356357,0,,"sem_classificacao"
2016,6,3,"Formação Florestal","#1f8d49",0,6362.03764316659,0,,"classe_original"
2016,6,4,"Formação Savânica","#7dc975",0,567.811773266501,0,,"classe_original"
2016,6,9,"Silvicultura","#7a5900",0,247.057614351181,0,,"classe_original"
2016,6,12,"Formação Campestre","#d6bc74",0,4198.9087720348,0,,"classe_original"
2016,6,15,"Pastagem","#edde8e",0,31293.2369064777,0,,"classe_original"
2016,6,21,"Mosaico de Usos","#ffefc3",0,2071.53324895974,0,,"classe_original"
2016,6,24,"Área urbanizada","#d4271e",0,2476.28415654763,0,,"classe_original"
2016,6,25,"Outras Áreas Não Vegetadas","#db4d4f",0,32.1036730652984,0,,"classe_original"
2016,6,29,"Afloramento Rochoso","#ad5100",0,1.7516781774762,0,,"classe_original"
2016,6,33,"Rio, Lago e Oceano","#2532e4",0,714.573095397245,0,,"classe_original"
2016,6,39,"Soja","#f5b3c8",0,0,,,"classe_ausente_no_ano"
2016,6,41,"Outras Lavouras Temporárias","#f54ca9",0,5488.75285115792,0,,"classe_original"
2016,6,46,"Café","#d68fe2",0,2934.56466294172,0,,"classe_original"
2016,6,47,"Citrus","#9932cc",0,40.5109679287465,0,,"classe_original"
2016,6,48,"Outras Lavouras Perenes","#e6ccff",0,0,,,"classe_ausente_no_ano"
2016,7,0,"Código 0 — sem classificação","#bdbdbd",0,0.16818237356357,0,0,"sem_classificacao"
2016,7,3,"Formação Florestal","#1f8d49",0.166756198756321,6362.03764316659,0.00262111304756947,13.3298691335093,"classe_original"
2016,7,4,"Formação Savânica","#7dc975",0,567.811773266501,0,0,"classe_original"
2016,7,9,"Silvicultura","#7a5900",0,247.057614351181,0,0,"classe_original"
2016,7,12,"Formação Campestre","#d6bc74",0.0834048000871104,4198.9087720348,0.00198634465798818,6.66706892193144,"classe_original"
2016,7,15,"Pastagem","#edde8e",0,31293.2369064777,0,0,"classe_original"
2016,7,21,"Mosaico de Usos","#ffefc3",0,2071.53324895974,0,0,"classe_original"
2016,7,24,"Área urbanizada","#d4271e",0.500430884792952,2476.28415654763,0.0202089442550341,40.0025801403888,"classe_original"
2016,7,25,"Outras Áreas Não Vegetadas","#db4d4f",0,32.1036730652984,0,0,"classe_original"
2016,7,29,"Afloramento Rochoso","#ad5100",0,1.7516781774762,0,0,"classe_original"
2016,7,33,"Rio, Lago e Oceano","#2532e4",0.0833776518200108,714.573095397245,0.0116681767557537,6.66489879062395,"classe_original"
2016,7,39,"Soja","#f5b3c8",0,0,,0,"classe_ausente_no_ano"
2016,7,41,"Outras Lavouras Temporárias","#f54ca9",0.417026982859908,5488.75285115792,0.00759784588901523,33.3355830135466,"classe_original"
2016,7,46,"Café","#d68fe2",0,2934.56466294172,0,0,"classe_original"
2016,7,47,"Citrus","#9932cc",0,40.5109679287465,0,0,"classe_original"
2016,7,48,"Outras Lavouras Perenes","#e6ccff",0,0,,0,"classe_ausente_no_ano"
2016,8,0,"Código 0 — sem classificação","#bdbdbd",0,0.16818237356357,0,0,"sem_classificacao"
2016,8,3,"Formação Florestal","#1f8d49",0.166754915834701,6362.03764316659,0.00262109288230653,0.193244594622137,"classe_original"
2016,8,4,"Formação Savânica","#7dc975",0,567.811773266501,0,0,"classe_original"
2016,8,9,"Silvicultura","#7a5900",0,247.057614351181,0,0,"classe_original"
2016,8,12,"Formação Campestre","#d6bc74",0.759158695885277,4198.9087720348,0.0180799044966482,0.879754061257434,"classe_original"
2016,8,15,"Pastagem","#edde8e",33.9847186135981,31293.2369064777,0.108600841501836,39.3833257565981,"classe_original"
2016,8,21,"Mosaico de Usos","#ffefc3",1.16742753012226,2071.53324895974,0.0563557225407077,1.35287801669863,"classe_original"
2016,8,24,"Área urbanizada","#d4271e",0,2476.28415654763,0,0,"classe_original"
2016,8,25,"Outras Áreas Não Vegetadas","#db4d4f",0,32.1036730652984,0,0,"classe_original"
2016,8,29,"Afloramento Rochoso","#ad5100",0,1.7516781774762,0,0,"classe_original"
2016,8,33,"Rio, Lago e Oceano","#2532e4",0,714.573095397245,0,0,"classe_original"
2016,8,39,"Soja","#f5b3c8",0,0,,0,"classe_ausente_no_ano"
2016,8,41,"Outras Lavouras Temporárias","#f54ca9",50.2140904393777,5488.75285115792,0.914854281128443,58.1907975708237,"classe_original"
2016,8,46,"Café","#d68fe2",0,2934.56466294172,0,0,"classe_original"
2016,8,47,"Citrus","#9932cc",0,40.5109679287465,0,0,"classe_original"
2016,8,48,"Outras Lavouras Perenes","#e6ccff",0,0,,0,"classe_ausente_no_ano"
2016,9,0,"Código 0 — sem classificação","#bdbdbd",0,0.16818237356357,0,0,"sem_classificacao"
2016,9,3,"Formação Florestal","#1f8d49",0.667016685811629,6362.03764316659,0.0104843247277555,0.481821131636155,"classe_original"
2016,9,4,"Formação Savânica","#7dc975",3.75195996646116,567.811773266501,0.660775303209536,2.71023744285221,"classe_original"
2016,9,9,"Silvicultura","#7a5900",0,247.057614351181,0,0,"classe_original"
2016,9,12,"Formação Campestre","#d6bc74",41.9677967856747,4198.9087720348,0.999492941241899,30.3155404799882,"classe_original"
2016,9,15,"Pastagem","#edde8e",55.7793113503841,31293.2369064777,0.17824717691265,40.2923217490805,"classe_original"
2016,9,21,"Mosaico de Usos","#ffefc3",6.42036866276754,2071.53324895974,0.309933169838894,4.63776898002456,"classe_original"
2016,9,24,"Área urbanizada","#d4271e",0.166810046943746,2476.28415654763,0.00673630473718771,0.120495644706276,"classe_original"
2016,9,25,"Outras Áreas Não Vegetadas","#db4d4f",0,32.1036730652984,0,0,"classe_original"
2016,9,29,"Afloramento Rochoso","#ad5100",0,1.7516781774762,0,0,"classe_original"
2016,9,33,"Rio, Lago e Oceano","#2532e4",0,714.573095397245,0,0,"classe_original"
2016,9,39,"Soja","#f5b3c8",0,0,,0,"classe_ausente_no_ano"
2016,9,41,"Outras Lavouras Temporárias","#f54ca9",29.5999362926261,5488.75285115792,0.539283460110281,21.3815862544987,"classe_original"
2016,9,46,"Café","#d68fe2",0.0833780212237153,2934.56466294172,0.00284123987031637,0.0602283172132505,"classe_original"
2016,9,47,"Citrus","#9932cc",0,40.5109679287465,0,0,"classe_original"
2016,9,48,"Outras Lavouras Perenes","#e6ccff",0,0,,0,"classe_ausente_no_ano"
2016,10,0,"Código 0 — sem classificação","#bdbdbd",0,0.16818237356357,0,0,"sem_classificacao"
2016,10,3,"Formação Florestal","#1f8d49",2.33567460481318,6362.03764316659,0.0367126813108675,8.50708430777567,"classe_original"
2016,10,4,"Formação Savânica","#7dc975",0.583675122794798,567.811773266501,0.10279376904023,2.12588408836334,"classe_original"
2016,10,9,"Silvicultura","#7a5900",0,247.057614351181,0,0,"classe_original"
2016,10,12,"Formação Campestre","#d6bc74",0.750166536745939,4198.9087720348,0.0178657498286729,2.73228555031546,"classe_original"
2016,10,15,"Pastagem","#edde8e",23.7861256490372,31293.2369064777,0.0760104354820305,86.6347460535457,"classe_original"
2016,10,21,"Mosaico de Usos","#ffefc3",0,2071.53324895974,0,0,"classe_original"
2016,10,24,"Área urbanizada","#d4271e",0,2476.28415654763,0,0,"classe_original"
2016,10,25,"Outras Áreas Não Vegetadas","#db4d4f",0,32.1036730652984,0,0,"classe_original"
2016,10,29,"Afloramento Rochoso","#ad5100",0,1.7516781774762,0,0,"classe_original"
2016,10,33,"Rio, Lago e Oceano","#2532e4",0,714.573095397245,0,0,"classe_original"
2016,10,39,"Soja","#f5b3c8",0,0,,0,"classe_ausente_no_ano"
2016,10,41,"Outras Lavouras Temporárias","#f54ca9",0,5488.75285115792,0,0,"classe_original"
2016,10,46,"Café","#d68fe2",0,2934.56466294172,0,0,"classe_original"
2016,10,47,"Citrus","#9932cc",0,40.5109679287465,0,0,"classe_original"
2016,10,48,"Outras Lavouras Perenes","#e6ccff",0,0,,0,"classe_ausente_no_ano"
2016,11,0,"Código 0 — sem classificação","#bdbdbd",0,0.16818237356357,0,,"sem_classificacao"
2016,11,3,"Formação Florestal","#1f8d49",0,6362.03764316659,0,,"classe_original"
2016,11,4,"Formação Savânica","#7dc975",0,567.811773266501,0,,"classe_original"
2016,11,9,"Silvicultura","#7a5900",0,247.057614351181,0,,"classe_original"
2016,11,12,"Formação Campestre","#d6bc74",0,4198.9087720348,0,,"classe_original"
2016,11,15,"Pastagem","#edde8e",0,31293.2369064777,0,,"classe_original"
2016,11,21,"Mosaico de Usos","#ffefc3",0,2071.53324895974,0,,"classe_original"
2016,11,24,"Área urbanizada","#d4271e",0,2476.28415654763,0,,"classe_original"
2016,11,25,"Outras Áreas Não Vegetadas","#db4d4f",0,32.1036730652984,0,,"classe_original"
2016,11,29,"Afloramento Rochoso","#ad5100",0,1.7516781774762,0,,"classe_original"
2016,11,33,"Rio, Lago e Oceano","#2532e4",0,714.573095397245,0,,"classe_original"
2016,11,39,"Soja","#f5b3c8",0,0,,,"classe_ausente_no_ano"
2016,11,41,"Outras Lavouras Temporárias","#f54ca9",0,5488.75285115792,0,,"classe_original"
2016,11,46,"Café","#d68fe2",0,2934.56466294172,0,,"classe_original"
2016,11,47,"Citrus","#9932cc",0,40.5109679287465,0,,"classe_original"
2016,11,48,"Outras Lavouras Perenes","#e6ccff",0,0,,,"classe_ausente_no_ano"
2016,12,0,"Código 0 — sem classificação","#bdbdbd",0,0.16818237356357,0,0,"sem_classificacao"
2016,12,3,"Formação Florestal","#1f8d49",0.166692655239804,6362.03764316659,0.00262011425567164,4.40971354270634,"classe_original"
2016,12,4,"Formação Savânica","#7dc975",0.819962869637097,567.811773266501,0.144407514645219,21.6914258492875,"classe_original"
2016,12,9,"Silvicultura","#7a5900",0,247.057614351181,0,0,"classe_original"
2016,12,12,"Formação Campestre","#d6bc74",2.54325554541405,4198.9087720348,0.0605694403829969,67.2796795098223,"classe_original"
2016,12,15,"Pastagem","#edde8e",0.166817172346045,31293.2369064777,0.000533077395747175,4.41300753768711,"classe_original"
2016,12,21,"Mosaico de Usos","#ffefc3",0,2071.53324895974,0,0,"classe_original"
2016,12,24,"Área urbanizada","#d4271e",0,2476.28415654763,0,0,"classe_original"
2016,12,25,"Outras Áreas Não Vegetadas","#db4d4f",0,32.1036730652984,0,0,"classe_original"
2016,12,29,"Afloramento Rochoso","#ad5100",0,1.7516781774762,0,0,"classe_original"
2016,12,33,"Rio, Lago e Oceano","#2532e4",0,714.573095397245,0,0,"classe_original"
2016,12,39,"Soja","#f5b3c8",0,0,,0,"classe_ausente_no_ano"
2016,12,41,"Outras Lavouras Temporárias","#f54ca9",0.0833961038869082,5488.75285115792,0.00151939987367649,2.20617356049668,"classe_original"
2016,12,46,"Café","#d68fe2",0,2934.56466294172,0,0,"classe_original"
2016,12,47,"Citrus","#9932cc",0,40.5109679287465,0,0,"classe_original"
2016,12,48,"Outras Lavouras Perenes","#e6ccff",0,0,,0,"classe_ausente_no_ano"
2017,1,0,"Código 0 — sem classificação","#bdbdbd",0,0.16818237356357,0,0,"sem_classificacao"
2017,1,3,"Formação Florestal","#1f8d49",0.250188716889333,6389.46932657129,0.00391564156742871,99.9999999999999,"classe_original"
2017,1,4,"Formação Savânica","#7dc975",0,567.228551756073,0,0,"classe_original"
2017,1,9,"Silvicultura","#7a5900",0,236.384502400758,0,0,"classe_original"
2017,1,12,"Formação Campestre","#d6bc74",0,4064.40685999478,0,0,"classe_original"
2017,1,15,"Pastagem","#edde8e",0,30909.5137950362,0,0,"classe_original"
2017,1,21,"Mosaico de Usos","#ffefc3",0,2078.1819815057,0,0,"classe_original"
2017,1,24,"Área urbanizada","#d4271e",0,2484.11633326742,0,0,"classe_original"
2017,1,25,"Outras Áreas Não Vegetadas","#db4d4f",0,30.0988500226169,0,0,"classe_original"
2017,1,29,"Afloramento Rochoso","#ad5100",0,1.7516781774762,0,0,"classe_original"
2017,1,33,"Rio, Lago e Oceano","#2532e4",0,688.493599514175,0,0,"classe_original"
2017,1,39,"Soja","#f5b3c8",0,0,,0,"classe_ausente_no_ano"
2017,1,41,"Outras Lavouras Temporárias","#f54ca9",0,6022.34727764329,0,0,"classe_original"
2017,1,46,"Café","#d68fe2",0,2922.0444090581,0,0,"classe_original"
2017,1,47,"Citrus","#9932cc",0,35.0898785247318,0,0,"classe_original"
2017,1,48,"Outras Lavouras Perenes","#e6ccff",0,0,,0,"classe_ausente_no_ano"
2017,2,0,"Código 0 — sem classificação","#bdbdbd",0,0.16818237356357,0,0,"sem_classificacao"
2017,2,3,"Formação Florestal","#1f8d49",0.249961551984093,6389.46932657129,0.00391208626582808,100,"classe_original"
2017,2,4,"Formação Savânica","#7dc975",0,567.228551756073,0,0,"classe_original"
2017,2,9,"Silvicultura","#7a5900",0,236.384502400758,0,0,"classe_original"
2017,2,12,"Formação Campestre","#d6bc74",0,4064.40685999478,0,0,"classe_original"
2017,2,15,"Pastagem","#edde8e",0,30909.5137950362,0,0,"classe_original"
2017,2,21,"Mosaico de Usos","#ffefc3",0,2078.1819815057,0,0,"classe_original"
2017,2,24,"Área urbanizada","#d4271e",0,2484.11633326742,0,0,"classe_original"
2017,2,25,"Outras Áreas Não Vegetadas","#db4d4f",0,30.0988500226169,0,0,"classe_original"
2017,2,29,"Afloramento Rochoso","#ad5100",0,1.7516781774762,0,0,"classe_original"
2017,2,33,"Rio, Lago e Oceano","#2532e4",0,688.493599514175,0,0,"classe_original"
2017,2,39,"Soja","#f5b3c8",0,0,,0,"classe_ausente_no_ano"
2017,2,41,"Outras Lavouras Temporárias","#f54ca9",0,6022.34727764329,0,0,"classe_original"
2017,2,46,"Café","#d68fe2",0,2922.0444090581,0,0,"classe_original"
2017,2,47,"Citrus","#9932cc",0,35.0898785247318,0,0,"classe_original"
2017,2,48,"Outras Lavouras Perenes","#e6ccff",0,0,,0,"classe_ausente_no_ano"
2017,3,0,"Código 0 — sem classificação","#bdbdbd",0,0.16818237356357,0,0,"sem_classificacao"
2017,3,3,"Formação Florestal","#1f8d49",0,6389.46932657129,0,0,"classe_original"
2017,3,4,"Formação Savânica","#7dc975",0,567.228551756073,0,0,"classe_original"
2017,3,9,"Silvicultura","#7a5900",0,236.384502400758,0,0,"classe_original"
2017,3,12,"Formação Campestre","#d6bc74",0,4064.40685999478,0,0,"classe_original"
2017,3,15,"Pastagem","#edde8e",0,30909.5137950362,0,0,"classe_original"
2017,3,21,"Mosaico de Usos","#ffefc3",0,2078.1819815057,0,0,"classe_original"
2017,3,24,"Área urbanizada","#d4271e",0,2484.11633326742,0,0,"classe_original"
2017,3,25,"Outras Áreas Não Vegetadas","#db4d4f",0,30.0988500226169,0,0,"classe_original"
2017,3,29,"Afloramento Rochoso","#ad5100",0,1.7516781774762,0,0,"classe_original"
2017,3,33,"Rio, Lago e Oceano","#2532e4",0,688.493599514175,0,0,"classe_original"
2017,3,39,"Soja","#f5b3c8",0,0,,0,"classe_ausente_no_ano"
2017,3,41,"Outras Lavouras Temporárias","#f54ca9",1.08453446447276,6022.34727764329,0.018008500912906,99.9999999999999,"classe_original"
2017,3,46,"Café","#d68fe2",0,2922.0444090581,0,0,"classe_original"
2017,3,47,"Citrus","#9932cc",0,35.0898785247318,0,0,"classe_original"
2017,3,48,"Outras Lavouras Perenes","#e6ccff",0,0,,0,"classe_ausente_no_ano"
2017,4,0,"Código 0 — sem classificação","#bdbdbd",0,0.16818237356357,0,0,"sem_classificacao"
2017,4,3,"Formação Florestal","#1f8d49",0.499964683064406,6389.46932657129,0.00782482327578051,8.81423542540052,"classe_original"
2017,4,4,"Formação Savânica","#7dc975",0,567.228551756073,0,0,"classe_original"
2017,4,9,"Silvicultura","#7a5900",0,236.384502400758,0,0,"classe_original"
2017,4,12,"Formação Campestre","#d6bc74",0.0833226908895522,4064.40685999478,0.00205005782540331,1.46895538556226,"classe_original"
2017,4,15,"Pastagem","#edde8e",0,30909.5137950362,0,0,"classe_original"
2017,4,21,"Mosaico de Usos","#ffefc3",0,2078.1819815057,0,0,"classe_original"
2017,4,24,"Área urbanizada","#d4271e",0,2484.11633326742,0,0,"classe_original"
2017,4,25,"Outras Áreas Não Vegetadas","#db4d4f",0,30.0988500226169,0,0,"classe_original"
2017,4,29,"Afloramento Rochoso","#ad5100",0,1.7516781774762,0,0,"classe_original"
2017,4,33,"Rio, Lago e Oceano","#2532e4",0,688.493599514175,0,0,"classe_original"
2017,4,39,"Soja","#f5b3c8",0,0,,0,"classe_ausente_no_ano"
2017,4,41,"Outras Lavouras Temporárias","#f54ca9",5.08895371032236,6022.34727764329,0.0845011666665926,89.7168091890372,"classe_original"
2017,4,46,"Café","#d68fe2",0,2922.0444090581,0,0,"classe_original"
2017,4,47,"Citrus","#9932cc",0,35.0898785247318,0,0,"classe_original"
2017,4,48,"Outras Lavouras Perenes","#e6ccff",0,0,,0,"classe_ausente_no_ano"
2017,5,0,"Código 0 — sem classificação","#bdbdbd",0,0.16818237356357,0,,"sem_classificacao"
2017,5,3,"Formação Florestal","#1f8d49",0,6389.46932657129,0,,"classe_original"
2017,5,4,"Formação Savânica","#7dc975",0,567.228551756073,0,,"classe_original"
2017,5,9,"Silvicultura","#7a5900",0,236.384502400758,0,,"classe_original"
2017,5,12,"Formação Campestre","#d6bc74",0,4064.40685999478,0,,"classe_original"
2017,5,15,"Pastagem","#edde8e",0,30909.5137950362,0,,"classe_original"
2017,5,21,"Mosaico de Usos","#ffefc3",0,2078.1819815057,0,,"classe_original"
2017,5,24,"Área urbanizada","#d4271e",0,2484.11633326742,0,,"classe_original"
2017,5,25,"Outras Áreas Não Vegetadas","#db4d4f",0,30.0988500226169,0,,"classe_original"
2017,5,29,"Afloramento Rochoso","#ad5100",0,1.7516781774762,0,,"classe_original"
2017,5,33,"Rio, Lago e Oceano","#2532e4",0,688.493599514175,0,,"classe_original"
2017,5,39,"Soja","#f5b3c8",0,0,,,"classe_ausente_no_ano"
2017,5,41,"Outras Lavouras Temporárias","#f54ca9",0,6022.34727764329,0,,"classe_original"
2017,5,46,"Café","#d68fe2",0,2922.0444090581,0,,"classe_original"
2017,5,47,"Citrus","#9932cc",0,35.0898785247318,0,,"classe_original"
2017,5,48,"Outras Lavouras Perenes","#e6ccff",0,0,,,"classe_ausente_no_ano"
2017,6,0,"Código 0 — sem classificação","#bdbdbd",0,0.16818237356357,0,0,"sem_classificacao"
2017,6,3,"Formação Florestal","#1f8d49",0,6389.46932657129,0,0,"classe_original"
2017,6,4,"Formação Savânica","#7dc975",0,567.228551756073,0,0,"classe_original"
2017,6,9,"Silvicultura","#7a5900",0,236.384502400758,0,0,"classe_original"
2017,6,12,"Formação Campestre","#d6bc74",0.250063159326156,4064.40685999478,0.00615251297274104,1.77366395799269,"classe_original"
2017,6,15,"Pastagem","#edde8e",0,30909.5137950362,0,0,"classe_original"
2017,6,21,"Mosaico de Usos","#ffefc3",0,2078.1819815057,0,0,"classe_original"
2017,6,24,"Área urbanizada","#d4271e",0,2484.11633326742,0,0,"classe_original"
2017,6,25,"Outras Áreas Não Vegetadas","#db4d4f",0,30.0988500226169,0,0,"classe_original"
2017,6,29,"Afloramento Rochoso","#ad5100",0,1.7516781774762,0,0,"classe_original"
2017,6,33,"Rio, Lago e Oceano","#2532e4",0,688.493599514175,0,0,"classe_original"
2017,6,39,"Soja","#f5b3c8",0,0,,0,"classe_ausente_no_ano"
2017,6,41,"Outras Lavouras Temporárias","#f54ca9",13.8486142253775,6022.34727764329,0.229953763656035,98.2263360420073,"classe_original"
2017,6,46,"Café","#d68fe2",0,2922.0444090581,0,0,"classe_original"
2017,6,47,"Citrus","#9932cc",0,35.0898785247318,0,0,"classe_original"
2017,6,48,"Outras Lavouras Perenes","#e6ccff",0,0,,0,"classe_ausente_no_ano"
2017,7,0,"Código 0 — sem classificação","#bdbdbd",0,0.16818237356357,0,0,"sem_classificacao"
2017,7,3,"Formação Florestal","#1f8d49",6.84139771630228,6389.46932657129,0.10707301916063,70.0923387701224,"classe_original"
2017,7,4,"Formação Savânica","#7dc975",0.0833522811210458,567.228551756073,0.0146946554194067,0.853971157337798,"classe_original"
2017,7,9,"Silvicultura","#7a5900",0.250308754194823,236.384502400758,0.1058905095946,2.56449438019715,"classe_original"
2017,7,12,"Formação Campestre","#d6bc74",0.749879945564851,4064.40685999478,0.0184499232334682,7.6827632833282,"classe_original"
2017,7,15,"Pastagem","#edde8e",1.75217078585237,30909.5137950362,0.00566871027953133,17.9515580584395,"classe_original"
2017,7,21,"Mosaico de Usos","#ffefc3",0.0834404377478324,2078.1819815057,0.00401506886742312,0.85487435057488,"classe_original"
2017,7,24,"Área urbanizada","#d4271e",0,2484.11633326742,0,0,"classe_original"
2017,7,25,"Outras Áreas Não Vegetadas","#db4d4f",0,30.0988500226169,0,0,"classe_original"
2017,7,29,"Afloramento Rochoso","#ad5100",0,1.7516781774762,0,0,"classe_original"
2017,7,33,"Rio, Lago e Oceano","#2532e4",0,688.493599514175,0,0,"classe_original"
2017,7,39,"Soja","#f5b3c8",0,0,,0,"classe_ausente_no_ano"
2017,7,41,"Outras Lavouras Temporárias","#f54ca9",0,6022.34727764329,0,0,"classe_original"
2017,7,46,"Café","#d68fe2",0,2922.0444090581,0,0,"classe_original"
2017,7,47,"Citrus","#9932cc",0,35.0898785247318,0,0,"classe_original"
2017,7,48,"Outras Lavouras Perenes","#e6ccff",0,0,,0,"classe_ausente_no_ano"
2017,8,0,"Código 0 — sem classificação","#bdbdbd",0,0.16818237356357,0,0,"sem_classificacao"
2017,8,3,"Formação Florestal","#1f8d49",0.0833225447163607,6389.46932657129,0.00130406048542803,0.344523629205831,"classe_original"
2017,8,4,"Formação Savânica","#7dc975",0,567.228551756073,0,0,"classe_original"
2017,8,9,"Silvicultura","#7a5900",0,236.384502400758,0,0,"classe_original"
2017,8,12,"Formação Campestre","#d6bc74",2.33417163719948,4064.40685999478,0.0574295762605437,9.65137690375144,"classe_original"
2017,8,15,"Pastagem","#edde8e",12.0967284117501,30909.5137950362,0.0391359388308874,50.0177807593423,"classe_original"
2017,8,21,"Mosaico de Usos","#ffefc3",0,2078.1819815057,0,0,"classe_original"
2017,8,24,"Área urbanizada","#d4271e",0,2484.11633326742,0,0,"classe_original"
2017,8,25,"Outras Áreas Não Vegetadas","#db4d4f",0,30.0988500226169,0,0,"classe_original"
2017,8,29,"Afloramento Rochoso","#ad5100",0,1.7516781774762,0,0,"classe_original"
2017,8,33,"Rio, Lago e Oceano","#2532e4",0,688.493599514175,0,0,"classe_original"
2017,8,39,"Soja","#f5b3c8",0,0,,0,"classe_ausente_no_ano"
2017,8,41,"Outras Lavouras Temporárias","#f54ca9",9.67063372763473,6022.34727764329,0.160579144340197,39.9863187077006,"classe_original"
2017,8,46,"Café","#d68fe2",0,2922.0444090581,0,0,"classe_original"
2017,8,47,"Citrus","#9932cc",0,35.0898785247318,0,0,"classe_original"
2017,8,48,"Outras Lavouras Perenes","#e6ccff",0,0,,0,"classe_ausente_no_ano"
2017,9,0,"Código 0 — sem classificação","#bdbdbd",0,0.16818237356357,0,0,"sem_classificacao"
2017,9,3,"Formação Florestal","#1f8d49",19.817995226705,6389.46932657129,0.310166528921108,1.55423528029618,"classe_original"
2017,9,4,"Formação Savânica","#7dc975",2.08358058461023,567.228551756073,0.367326464466521,0.163405754058191,"classe_original"
2017,9,9,"Silvicultura","#7a5900",0,236.384502400758,0,0,"classe_original"
2017,9,12,"Formação Campestre","#d6bc74",235.857706895943,4064.40685999478,5.80300435021522,18.4972478292587,"classe_original"
2017,9,15,"Pastagem","#edde8e",915.201376224709,30909.5137950362,2.96090511903064,71.7750837676709,"classe_original"
2017,9,21,"Mosaico de Usos","#ffefc3",4.58786918678953,2078.1819815057,0.220763591813335,0.359805725550049,"classe_original"
2017,9,24,"Área urbanizada","#d4271e",0,2484.11633326742,0,0,"classe_original"
2017,9,25,"Outras Áreas Não Vegetadas","#db4d4f",0,30.0988500226169,0,0,"classe_original"
2017,9,29,"Afloramento Rochoso","#ad5100",0,1.7516781774762,0,0,"classe_original"
2017,9,33,"Rio, Lago e Oceano","#2532e4",0,688.493599514175,0,0,"classe_original"
2017,9,39,"Soja","#f5b3c8",0,0,,0,"classe_ausente_no_ano"
2017,9,41,"Outras Lavouras Temporárias","#f54ca9",97.5476865887476,6022.34727764329,1.6197618983361,7.65022164316632,"classe_original"
2017,9,46,"Café","#d68fe2",0,2922.0444090581,0,0,"classe_original"
2017,9,47,"Citrus","#9932cc",0,35.0898785247318,0,0,"classe_original"
2017,9,48,"Outras Lavouras Perenes","#e6ccff",0,0,,0,"classe_ausente_no_ano"
2017,10,0,"Código 0 — sem classificação","#bdbdbd",0,0.16818237356357,0,0,"sem_classificacao"
2017,10,3,"Formação Florestal","#1f8d49",121.298730543575,6389.46932657129,1.89841635265611,18.3635114961575,"classe_original"
2017,10,4,"Formação Savânica","#7dc975",7.00053130927912,567.228551756073,1.23416412795271,1.05981601457054,"classe_original"
2017,10,9,"Silvicultura","#7a5900",0,236.384502400758,0,0,"classe_original"
2017,10,12,"Formação Campestre","#d6bc74",127.77218053455,4064.40685999478,3.14368578087464,19.3435322498483,"classe_original"
2017,10,15,"Pastagem","#edde8e",313.731728933219,30909.5137950362,1.01500053030146,47.4960964979338,"classe_original"
2017,10,21,"Mosaico de Usos","#ffefc3",26.6929823354059,2078.1819815057,1.2844391190451,4.04107187096128,"classe_original"
2017,10,24,"Área urbanizada","#d4271e",0,2484.11633326742,0,0,"classe_original"
2017,10,25,"Outras Áreas Não Vegetadas","#db4d4f",0,30.0988500226169,0,0,"classe_original"
2017,10,29,"Afloramento Rochoso","#ad5100",0,1.7516781774762,0,0,"classe_original"
2017,10,33,"Rio, Lago e Oceano","#2532e4",0,688.493599514175,0,0,"classe_original"
2017,10,39,"Soja","#f5b3c8",0,0,,0,"classe_ausente_no_ano"
2017,10,41,"Outras Lavouras Temporárias","#f54ca9",64.0459794156172,6022.34727764329,1.06347203943842,9.69597187052872,"classe_original"
2017,10,46,"Café","#d68fe2",0,2922.0444090581,0,0,"classe_original"
2017,10,47,"Citrus","#9932cc",0,35.0898785247318,0,0,"classe_original"
2017,10,48,"Outras Lavouras Perenes","#e6ccff",0,0,,0,"classe_ausente_no_ano"
2017,11,0,"Código 0 — sem classificação","#bdbdbd",0,0.16818237356357,0,0,"sem_classificacao"
2017,11,3,"Formação Florestal","#1f8d49",0.417183017522714,6389.46932657129,0.00652922795619058,100,"classe_original"
2017,11,4,"Formação Savânica","#7dc975",0,567.228551756073,0,0,"classe_original"
2017,11,9,"Silvicultura","#7a5900",0,236.384502400758,0,0,"classe_original"
2017,11,12,"Formação Campestre","#d6bc74",0,4064.40685999478,0,0,"classe_original"
2017,11,15,"Pastagem","#edde8e",0,30909.5137950362,0,0,"classe_original"
2017,11,21,"Mosaico de Usos","#ffefc3",0,2078.1819815057,0,0,"classe_original"
2017,11,24,"Área urbanizada","#d4271e",0,2484.11633326742,0,0,"classe_original"
2017,11,25,"Outras Áreas Não Vegetadas","#db4d4f",0,30.0988500226169,0,0,"classe_original"
2017,11,29,"Afloramento Rochoso","#ad5100",0,1.7516781774762,0,0,"classe_original"
2017,11,33,"Rio, Lago e Oceano","#2532e4",0,688.493599514175,0,0,"classe_original"
2017,11,39,"Soja","#f5b3c8",0,0,,0,"classe_ausente_no_ano"
2017,11,41,"Outras Lavouras Temporárias","#f54ca9",0,6022.34727764329,0,0,"classe_original"
2017,11,46,"Café","#d68fe2",0,2922.0444090581,0,0,"classe_original"
2017,11,47,"Citrus","#9932cc",0,35.0898785247318,0,0,"classe_original"
2017,11,48,"Outras Lavouras Perenes","#e6ccff",0,0,,0,"classe_ausente_no_ano"
2017,12,0,"Código 0 — sem classificação","#bdbdbd",0,0.16818237356357,0,0,"sem_classificacao"
2017,12,3,"Formação Florestal","#1f8d49",0,6389.46932657129,0,0,"classe_original"
2017,12,4,"Formação Savânica","#7dc975",0,567.228551756073,0,0,"classe_original"
2017,12,9,"Silvicultura","#7a5900",0,236.384502400758,0,0,"classe_original"
2017,12,12,"Formação Campestre","#d6bc74",0.166694606996095,4064.40685999478,0.0041013267799747,99.9999999999998,"classe_original"
2017,12,15,"Pastagem","#edde8e",0,30909.5137950362,0,0,"classe_original"
2017,12,21,"Mosaico de Usos","#ffefc3",0,2078.1819815057,0,0,"classe_original"
2017,12,24,"Área urbanizada","#d4271e",0,2484.11633326742,0,0,"classe_original"
2017,12,25,"Outras Áreas Não Vegetadas","#db4d4f",0,30.0988500226169,0,0,"classe_original"
2017,12,29,"Afloramento Rochoso","#ad5100",0,1.7516781774762,0,0,"classe_original"
2017,12,33,"Rio, Lago e Oceano","#2532e4",0,688.493599514175,0,0,"classe_original"
2017,12,39,"Soja","#f5b3c8",0,0,,0,"classe_ausente_no_ano"
2017,12,41,"Outras Lavouras Temporárias","#f54ca9",0,6022.34727764329,0,0,"classe_original"
2017,12,46,"Café","#d68fe2",0,2922.0444090581,0,0,"classe_original"
2017,12,47,"Citrus","#9932cc",0,35.0898785247318,0,0,"classe_original"
2017,12,48,"Outras Lavouras Perenes","#e6ccff",0,0,,0,"classe_ausente_no_ano"
2018,1,0,"Código 0 — sem classificação","#bdbdbd",0,0.16818237356357,0,,"sem_classificacao"
2018,1,3,"Formação Florestal","#1f8d49",0,6368.03058181984,0,,"classe_original"
2018,1,4,"Formação Savânica","#7dc975",0,565.922576485316,0,,"classe_original"
2018,1,9,"Silvicultura","#7a5900",0,242.524383424495,0,,"classe_original"
2018,1,12,"Formação Campestre","#d6bc74",0,3925.2176332837,0,,"classe_original"
2018,1,15,"Pastagem","#edde8e",0,30510.6495723438,0,,"classe_original"
2018,1,21,"Mosaico de Usos","#ffefc3",0,2194.53333933066,0,,"classe_original"
2018,1,24,"Área urbanizada","#d4271e",0,2515.68690086134,0,,"classe_original"
2018,1,25,"Outras Áreas Não Vegetadas","#db4d4f",0,37.3412020013522,0,,"classe_original"
2018,1,29,"Afloramento Rochoso","#ad5100",0,0,,,"classe_ausente_no_ano"
2018,1,33,"Rio, Lago e Oceano","#2532e4",0,693.285726884177,0,,"classe_original"
2018,1,39,"Soja","#f5b3c8",0,0,,,"classe_ausente_no_ano"
2018,1,41,"Outras Lavouras Temporárias","#f54ca9",0,6509.02440049195,0,,"classe_original"
2018,1,46,"Café","#d68fe2",0,2834.90441941675,0,,"classe_original"
2018,1,47,"Citrus","#9932cc",0,32.0063071292276,0,,"classe_original"
2018,1,48,"Outras Lavouras Perenes","#e6ccff",0,0,,,"classe_ausente_no_ano"
2018,2,0,"Código 0 — sem classificação","#bdbdbd",0,0.16818237356357,0,,"sem_classificacao"
2018,2,3,"Formação Florestal","#1f8d49",0,6368.03058181984,0,,"classe_original"
2018,2,4,"Formação Savânica","#7dc975",0,565.922576485316,0,,"classe_original"
2018,2,9,"Silvicultura","#7a5900",0,242.524383424495,0,,"classe_original"
2018,2,12,"Formação Campestre","#d6bc74",0,3925.2176332837,0,,"classe_original"
2018,2,15,"Pastagem","#edde8e",0,30510.6495723438,0,,"classe_original"
2018,2,21,"Mosaico de Usos","#ffefc3",0,2194.53333933066,0,,"classe_original"
2018,2,24,"Área urbanizada","#d4271e",0,2515.68690086134,0,,"classe_original"
2018,2,25,"Outras Áreas Não Vegetadas","#db4d4f",0,37.3412020013522,0,,"classe_original"
2018,2,29,"Afloramento Rochoso","#ad5100",0,0,,,"classe_ausente_no_ano"
2018,2,33,"Rio, Lago e Oceano","#2532e4",0,693.285726884177,0,,"classe_original"
2018,2,39,"Soja","#f5b3c8",0,0,,,"classe_ausente_no_ano"
2018,2,41,"Outras Lavouras Temporárias","#f54ca9",0,6509.02440049195,0,,"classe_original"
2018,2,46,"Café","#d68fe2",0,2834.90441941675,0,,"classe_original"
2018,2,47,"Citrus","#9932cc",0,32.0063071292276,0,,"classe_original"
2018,2,48,"Outras Lavouras Perenes","#e6ccff",0,0,,,"classe_ausente_no_ano"
2018,3,0,"Código 0 — sem classificação","#bdbdbd",0,0.16818237356357,0,,"sem_classificacao"
2018,3,3,"Formação Florestal","#1f8d49",0,6368.03058181984,0,,"classe_original"
2018,3,4,"Formação Savânica","#7dc975",0,565.922576485316,0,,"classe_original"
2018,3,9,"Silvicultura","#7a5900",0,242.524383424495,0,,"classe_original"
2018,3,12,"Formação Campestre","#d6bc74",0,3925.2176332837,0,,"classe_original"
2018,3,15,"Pastagem","#edde8e",0,30510.6495723438,0,,"classe_original"
2018,3,21,"Mosaico de Usos","#ffefc3",0,2194.53333933066,0,,"classe_original"
2018,3,24,"Área urbanizada","#d4271e",0,2515.68690086134,0,,"classe_original"
2018,3,25,"Outras Áreas Não Vegetadas","#db4d4f",0,37.3412020013522,0,,"classe_original"
2018,3,29,"Afloramento Rochoso","#ad5100",0,0,,,"classe_ausente_no_ano"
2018,3,33,"Rio, Lago e Oceano","#2532e4",0,693.285726884177,0,,"classe_original"
2018,3,39,"Soja","#f5b3c8",0,0,,,"classe_ausente_no_ano"
2018,3,41,"Outras Lavouras Temporárias","#f54ca9",0,6509.02440049195,0,,"classe_original"
2018,3,46,"Café","#d68fe2",0,2834.90441941675,0,,"classe_original"
2018,3,47,"Citrus","#9932cc",0,32.0063071292276,0,,"classe_original"
2018,3,48,"Outras Lavouras Perenes","#e6ccff",0,0,,,"classe_ausente_no_ano"
2018,4,0,"Código 0 — sem classificação","#bdbdbd",0,0.16818237356357,0,,"sem_classificacao"
2018,4,3,"Formação Florestal","#1f8d49",0,6368.03058181984,0,,"classe_original"
2018,4,4,"Formação Savânica","#7dc975",0,565.922576485316,0,,"classe_original"
2018,4,9,"Silvicultura","#7a5900",0,242.524383424495,0,,"classe_original"
2018,4,12,"Formação Campestre","#d6bc74",0,3925.2176332837,0,,"classe_original"
2018,4,15,"Pastagem","#edde8e",0,30510.6495723438,0,,"classe_original"
2018,4,21,"Mosaico de Usos","#ffefc3",0,2194.53333933066,0,,"classe_original"
2018,4,24,"Área urbanizada","#d4271e",0,2515.68690086134,0,,"classe_original"
2018,4,25,"Outras Áreas Não Vegetadas","#db4d4f",0,37.3412020013522,0,,"classe_original"
2018,4,29,"Afloramento Rochoso","#ad5100",0,0,,,"classe_ausente_no_ano"
2018,4,33,"Rio, Lago e Oceano","#2532e4",0,693.285726884177,0,,"classe_original"
2018,4,39,"Soja","#f5b3c8",0,0,,,"classe_ausente_no_ano"
2018,4,41,"Outras Lavouras Temporárias","#f54ca9",0,6509.02440049195,0,,"classe_original"
2018,4,46,"Café","#d68fe2",0,2834.90441941675,0,,"classe_original"
2018,4,47,"Citrus","#9932cc",0,32.0063071292276,0,,"classe_original"
2018,4,48,"Outras Lavouras Perenes","#e6ccff",0,0,,,"classe_ausente_no_ano"
2018,5,0,"Código 0 — sem classificação","#bdbdbd",0,0.16818237356357,0,0,"sem_classificacao"
2018,5,3,"Formação Florestal","#1f8d49",0.666945460900843,6368.03058181984,0.0104733394780627,0.947856957361954,"classe_original"
2018,5,4,"Formação Savânica","#7dc975",0,565.922576485316,0,0,"classe_original"
2018,5,9,"Silvicultura","#7a5900",0,242.524383424495,0,0,"classe_original"
2018,5,12,"Formação Campestre","#d6bc74",0,3925.2176332837,0,0,"classe_original"
2018,5,15,"Pastagem","#edde8e",2.58630233848368,30510.6495723438,0.00847672001329012,3.67562988143301,"classe_original"
2018,5,21,"Mosaico de Usos","#ffefc3",0.666946206461861,2194.53333933066,0.0303912542365513,0.947858016946642,"classe_original"
2018,5,24,"Área urbanizada","#d4271e",0,2515.68690086134,0,0,"classe_original"
2018,5,25,"Outras Áreas Não Vegetadas","#db4d4f",0,37.3412020013522,0,0,"classe_original"
2018,5,29,"Afloramento Rochoso","#ad5100",0,0,,0,"classe_ausente_no_ano"
2018,5,33,"Rio, Lago e Oceano","#2532e4",0,693.285726884177,0,0,"classe_original"
2018,5,39,"Soja","#f5b3c8",0,0,,0,"classe_ausente_no_ano"
2018,5,41,"Outras Lavouras Temporárias","#f54ca9",66.4433197839415,6509.02440049195,1.0207876894565,94.4286551442584,"classe_original"
2018,5,46,"Café","#d68fe2",0,2834.90441941675,0,0,"classe_original"
2018,5,47,"Citrus","#9932cc",0,32.0063071292276,0,0,"classe_original"
2018,5,48,"Outras Lavouras Perenes","#e6ccff",0,0,,0,"classe_ausente_no_ano"
2018,6,0,"Código 0 — sem classificação","#bdbdbd",0,0.16818237356357,0,0,"sem_classificacao"
2018,6,3,"Formação Florestal","#1f8d49",0.166833693753667,6368.03058181984,0.00261986326243411,0.934477697293858,"classe_original"
2018,6,4,"Formação Savânica","#7dc975",0,565.922576485316,0,0,"classe_original"
2018,6,9,"Silvicultura","#7a5900",0,242.524383424495,0,0,"classe_original"
2018,6,12,"Formação Campestre","#d6bc74",0,3925.2176332837,0,0,"classe_original"
2018,6,15,"Pastagem","#edde8e",2.0854360443801,30510.6495723438,0.00683510863783914,11.6810545205776,"classe_original"
2018,6,21,"Mosaico de Usos","#ffefc3",0,2194.53333933066,0,0,"classe_original"
2018,6,24,"Área urbanizada","#d4271e",0,2515.68690086134,0,0,"classe_original"
2018,6,25,"Outras Áreas Não Vegetadas","#db4d4f",0,37.3412020013522,0,0,"classe_original"
2018,6,29,"Afloramento Rochoso","#ad5100",0,0,,0,"classe_ausente_no_ano"
2018,6,33,"Rio, Lago e Oceano","#2532e4",0,693.285726884177,0,0,"classe_original"
2018,6,39,"Soja","#f5b3c8",0,0,,0,"classe_ausente_no_ano"
2018,6,41,"Outras Lavouras Temporárias","#f54ca9",15.6008790568347,6509.02440049195,0.239680758542794,87.3844677821288,"classe_original"
2018,6,46,"Café","#d68fe2",0,2834.90441941675,0,0,"classe_original"
2018,6,47,"Citrus","#9932cc",0,32.0063071292276,0,0,"classe_original"
2018,6,48,"Outras Lavouras Perenes","#e6ccff",0,0,,0,"classe_ausente_no_ano"
2018,7,0,"Código 0 — sem classificação","#bdbdbd",0,0.16818237356357,0,0,"sem_classificacao"
2018,7,3,"Formação Florestal","#1f8d49",0,6368.03058181984,0,0,"classe_original"
2018,7,4,"Formação Savânica","#7dc975",0,565.922576485316,0,0,"classe_original"
2018,7,9,"Silvicultura","#7a5900",0,242.524383424495,0,0,"classe_original"
2018,7,12,"Formação Campestre","#d6bc74",0,3925.2176332837,0,0,"classe_original"
2018,7,15,"Pastagem","#edde8e",6.7579282087498,30510.6495723438,0.0221494078411084,38.7661086991275,"classe_original"
2018,7,21,"Mosaico de Usos","#ffefc3",0.58358189080094,2194.53333933066,0.0265925279120587,3.34765305502067,"classe_original"
2018,7,24,"Área urbanizada","#d4271e",0,2515.68690086134,0,0,"classe_original"
2018,7,25,"Outras Áreas Não Vegetadas","#db4d4f",0,37.3412020013522,0,0,"classe_original"
2018,7,29,"Afloramento Rochoso","#ad5100",0,0,,0,"classe_ausente_no_ano"
2018,7,33,"Rio, Lago e Oceano","#2532e4",0,693.285726884177,0,0,"classe_original"
2018,7,39,"Soja","#f5b3c8",0,0,,0,"classe_ausente_no_ano"
2018,7,41,"Outras Lavouras Temporárias","#f54ca9",10.0910577684279,6509.02440049195,0.155031801196893,57.8862382458515,"classe_original"
2018,7,46,"Café","#d68fe2",0,2834.90441941675,0,0,"classe_original"
2018,7,47,"Citrus","#9932cc",0,32.0063071292276,0,0,"classe_original"
2018,7,48,"Outras Lavouras Perenes","#e6ccff",0,0,,0,"classe_ausente_no_ano"
2018,8,0,"Código 0 — sem classificação","#bdbdbd",0,0.16818237356357,0,0,"sem_classificacao"
2018,8,3,"Formação Florestal","#1f8d49",0.583918223835572,6368.03058181984,0.0091695260619917,6.79637117244382,"classe_original"
2018,8,4,"Formação Savânica","#7dc975",0,565.922576485316,0,0,"classe_original"
2018,8,9,"Silvicultura","#7a5900",0,242.524383424495,0,0,"classe_original"
2018,8,12,"Formação Campestre","#d6bc74",0.0833692690760206,3925.2176332837,0.00212394004268947,0.970355905822066,"classe_original"
2018,8,15,"Pastagem","#edde8e",7.59083366017453,30510.6495723438,0.0248792922031237,88.3516234926654,"classe_original"
2018,8,21,"Mosaico de Usos","#ffefc3",0,2194.53333933066,0,0,"classe_original"
2018,8,24,"Área urbanizada","#d4271e",0,2515.68690086134,0,0,"classe_original"
2018,8,25,"Outras Áreas Não Vegetadas","#db4d4f",0,37.3412020013522,0,0,"classe_original"
2018,8,29,"Afloramento Rochoso","#ad5100",0,0,,0,"classe_ausente_no_ano"
2018,8,33,"Rio, Lago e Oceano","#2532e4",0,693.285726884177,0,0,"classe_original"
2018,8,39,"Soja","#f5b3c8",0,0,,0,"classe_ausente_no_ano"
2018,8,41,"Outras Lavouras Temporárias","#f54ca9",0.333496476673329,6509.02440049195,0.00512360157457888,3.88164942906876,"classe_original"
2018,8,46,"Café","#d68fe2",0,2834.90441941675,0,0,"classe_original"
2018,8,47,"Citrus","#9932cc",0,32.0063071292276,0,0,"classe_original"
2018,8,48,"Outras Lavouras Perenes","#e6ccff",0,0,,0,"classe_ausente_no_ano"
2018,9,0,"Código 0 — sem classificação","#bdbdbd",0,0.16818237356357,0,0,"sem_classificacao"
2018,9,3,"Formação Florestal","#1f8d49",0.417086170256136,6368.03058181984,0.00654968855593878,0.281797690094544,"classe_original"
2018,9,4,"Formação Savânica","#7dc975",0,565.922576485316,0,0,"classe_original"
2018,9,9,"Silvicultura","#7a5900",0,242.524383424495,0,0,"classe_original"
2018,9,12,"Formação Campestre","#d6bc74",4.00116009292958,3925.2176332837,0.101934732459213,2.70332068597146,"classe_original"
2018,9,15,"Pastagem","#edde8e",52.0483102850428,30510.6495723438,0.170590633154601,35.1656196191832,"classe_original"
2018,9,21,"Mosaico de Usos","#ffefc3",0.250104666387948,2194.53333933066,0.0113967130006888,0.168979271661558,"classe_original"
2018,9,24,"Área urbanizada","#d4271e",0.0833539145054302,2515.68690086134,0.00331336600261706,0.0563167571668549,"classe_original"
2018,9,25,"Outras Áreas Não Vegetadas","#db4d4f",0,37.3412020013522,0,0,"classe_original"
2018,9,29,"Afloramento Rochoso","#ad5100",0,0,,0,"classe_ausente_no_ano"
2018,9,33,"Rio, Lago e Oceano","#2532e4",0.166737040357457,693.285726884177,0.0240502629567783,0.112653250519137,"classe_original"
2018,9,39,"Soja","#f5b3c8",0,0,,0,"classe_ausente_no_ano"
2018,9,41,"Outras Lavouras Temporárias","#f54ca9",91.0423284288045,6509.02440049195,1.39870928156182,61.5113127254032,"classe_original"
2018,9,46,"Café","#d68fe2",0,2834.90441941675,0,0,"classe_original"
2018,9,47,"Citrus","#9932cc",0,32.0063071292276,0,0,"classe_original"
2018,9,48,"Outras Lavouras Perenes","#e6ccff",0,0,,0,"classe_ausente_no_ano"
2018,10,0,"Código 0 — sem classificação","#bdbdbd",0,0.16818237356357,0,,"sem_classificacao"
2018,10,3,"Formação Florestal","#1f8d49",0,6368.03058181984,0,,"classe_original"
2018,10,4,"Formação Savânica","#7dc975",0,565.922576485316,0,,"classe_original"
2018,10,9,"Silvicultura","#7a5900",0,242.524383424495,0,,"classe_original"
2018,10,12,"Formação Campestre","#d6bc74",0,3925.2176332837,0,,"classe_original"
2018,10,15,"Pastagem","#edde8e",0,30510.6495723438,0,,"classe_original"
2018,10,21,"Mosaico de Usos","#ffefc3",0,2194.53333933066,0,,"classe_original"
2018,10,24,"Área urbanizada","#d4271e",0,2515.68690086134,0,,"classe_original"
2018,10,25,"Outras Áreas Não Vegetadas","#db4d4f",0,37.3412020013522,0,,"classe_original"
2018,10,29,"Afloramento Rochoso","#ad5100",0,0,,,"classe_ausente_no_ano"
2018,10,33,"Rio, Lago e Oceano","#2532e4",0,693.285726884177,0,,"classe_original"
2018,10,39,"Soja","#f5b3c8",0,0,,,"classe_ausente_no_ano"
2018,10,41,"Outras Lavouras Temporárias","#f54ca9",0,6509.02440049195,0,,"classe_original"
2018,10,46,"Café","#d68fe2",0,2834.90441941675,0,,"classe_original"
2018,10,47,"Citrus","#9932cc",0,32.0063071292276,0,,"classe_original"
2018,10,48,"Outras Lavouras Perenes","#e6ccff",0,0,,,"classe_ausente_no_ano"
2018,11,0,"Código 0 — sem classificação","#bdbdbd",0,0.16818237356357,0,0,"sem_classificacao"
2018,11,3,"Formação Florestal","#1f8d49",0,6368.03058181984,0,0,"classe_original"
2018,11,4,"Formação Savânica","#7dc975",0,565.922576485316,0,0,"classe_original"
2018,11,9,"Silvicultura","#7a5900",0,242.524383424495,0,0,"classe_original"
2018,11,12,"Formação Campestre","#d6bc74",0,3925.2176332837,0,0,"classe_original"
2018,11,15,"Pastagem","#edde8e",0.50050885751823,30510.6495723438,0.0016404398612736,60.0150682534816,"classe_original"
2018,11,21,"Mosaico de Usos","#ffefc3",0,2194.53333933066,0,0,"classe_original"
2018,11,24,"Área urbanizada","#d4271e",0,2515.68690086134,0,0,"classe_original"
2018,11,25,"Outras Áreas Não Vegetadas","#db4d4f",0,37.3412020013522,0,0,"classe_original"
2018,11,29,"Afloramento Rochoso","#ad5100",0,0,,0,"classe_ausente_no_ano"
2018,11,33,"Rio, Lago e Oceano","#2532e4",0,693.285726884177,0,0,"classe_original"
2018,11,39,"Soja","#f5b3c8",0,0,,0,"classe_ausente_no_ano"
2018,11,41,"Outras Lavouras Temporárias","#f54ca9",0.333463129990414,6509.02440049195,0.00512308925996976,39.9849317465184,"classe_original"
2018,11,46,"Café","#d68fe2",0,2834.90441941675,0,0,"classe_original"
2018,11,47,"Citrus","#9932cc",0,32.0063071292276,0,0,"classe_original"
2018,11,48,"Outras Lavouras Perenes","#e6ccff",0,0,,0,"classe_ausente_no_ano"
2018,12,0,"Código 0 — sem classificação","#bdbdbd",0,0.16818237356357,0,0,"sem_classificacao"
2018,12,3,"Formação Florestal","#1f8d49",0,6368.03058181984,0,0,"classe_original"
2018,12,4,"Formação Savânica","#7dc975",0,565.922576485316,0,0,"classe_original"
2018,12,9,"Silvicultura","#7a5900",0,242.524383424495,0,0,"classe_original"
2018,12,12,"Formação Campestre","#d6bc74",0,3925.2176332837,0,0,"classe_original"
2018,12,15,"Pastagem","#edde8e",4.00404682814022,30510.6495723438,0.0131234401242302,97.9604398158565,"classe_original"
2018,12,21,"Mosaico de Usos","#ffefc3",0,2194.53333933066,0,0,"classe_original"
2018,12,24,"Área urbanizada","#d4271e",0,2515.68690086134,0,0,"classe_original"
2018,12,25,"Outras Áreas Não Vegetadas","#db4d4f",0,37.3412020013522,0,0,"classe_original"
2018,12,29,"Afloramento Rochoso","#ad5100",0,0,,0,"classe_ausente_no_ano"
2018,12,33,"Rio, Lago e Oceano","#2532e4",0,693.285726884177,0,0,"classe_original"
2018,12,39,"Soja","#f5b3c8",0,0,,0,"classe_ausente_no_ano"
2018,12,41,"Outras Lavouras Temporárias","#f54ca9",0.0833652288768001,6509.02440049195,0.00128076380955799,2.0395601841435,"classe_original"
2018,12,46,"Café","#d68fe2",0,2834.90441941675,0,0,"classe_original"
2018,12,47,"Citrus","#9932cc",0,32.0063071292276,0,0,"classe_original"
2018,12,48,"Outras Lavouras Perenes","#e6ccff",0,0,,0,"classe_ausente_no_ano"
2019,1,0,"Código 0 — sem classificação","#bdbdbd",0,0.16818237356357,0,,"sem_classificacao"
2019,1,3,"Formação Florestal","#1f8d49",0,6362.29594196629,0,,"classe_original"
2019,1,4,"Formação Savânica","#7dc975",0,559.207563072427,0,,"classe_original"
2019,1,9,"Silvicultura","#7a5900",0,259.822365401395,0,,"classe_original"
2019,1,12,"Formação Campestre","#d6bc74",0,3867.63284488616,0,,"classe_original"
2019,1,15,"Pastagem","#edde8e",0,30608.5136562112,0,,"classe_original"
2019,1,21,"Mosaico de Usos","#ffefc3",0,2142.77859739447,0,,"classe_original"
2019,1,24,"Área urbanizada","#d4271e",0,2529.74567236019,0,,"classe_original"
2019,1,25,"Outras Áreas Não Vegetadas","#db4d4f",0,37.9522246041488,0,,"classe_original"
2019,1,29,"Afloramento Rochoso","#ad5100",0,0,,,"classe_ausente_no_ano"
2019,1,33,"Rio, Lago e Oceano","#2532e4",0,686.924013385181,0,,"classe_original"
2019,1,39,"Soja","#f5b3c8",0,1.2506742240397,0,,"classe_original"
2019,1,41,"Outras Lavouras Temporárias","#f54ca9",0,6478.92057547075,0,,"classe_original"
2019,1,46,"Café","#d68fe2",0,2848.15721749732,0,,"classe_original"
2019,1,47,"Citrus","#9932cc",0,44.9253466530291,0,,"classe_original"
2019,1,48,"Outras Lavouras Perenes","#e6ccff",0,1.00035034598722,0,,"classe_original"
2019,2,0,"Código 0 — sem classificação","#bdbdbd",0,0.16818237356357,0,,"sem_classificacao"
2019,2,3,"Formação Florestal","#1f8d49",0,6362.29594196629,0,,"classe_original"
2019,2,4,"Formação Savânica","#7dc975",0,559.207563072427,0,,"classe_original"
2019,2,9,"Silvicultura","#7a5900",0,259.822365401395,0,,"classe_original"
2019,2,12,"Formação Campestre","#d6bc74",0,3867.63284488616,0,,"classe_original"
2019,2,15,"Pastagem","#edde8e",0,30608.5136562112,0,,"classe_original"
2019,2,21,"Mosaico de Usos","#ffefc3",0,2142.77859739447,0,,"classe_original"
2019,2,24,"Área urbanizada","#d4271e",0,2529.74567236019,0,,"classe_original"
2019,2,25,"Outras Áreas Não Vegetadas","#db4d4f",0,37.9522246041488,0,,"classe_original"
2019,2,29,"Afloramento Rochoso","#ad5100",0,0,,,"classe_ausente_no_ano"
2019,2,33,"Rio, Lago e Oceano","#2532e4",0,686.924013385181,0,,"classe_original"
2019,2,39,"Soja","#f5b3c8",0,1.2506742240397,0,,"classe_original"
2019,2,41,"Outras Lavouras Temporárias","#f54ca9",0,6478.92057547075,0,,"classe_original"
2019,2,46,"Café","#d68fe2",0,2848.15721749732,0,,"classe_original"
2019,2,47,"Citrus","#9932cc",0,44.9253466530291,0,,"classe_original"
2019,2,48,"Outras Lavouras Perenes","#e6ccff",0,1.00035034598722,0,,"classe_original"
2019,3,0,"Código 0 — sem classificação","#bdbdbd",0,0.16818237356357,0,,"sem_classificacao"
2019,3,3,"Formação Florestal","#1f8d49",0,6362.29594196629,0,,"classe_original"
2019,3,4,"Formação Savânica","#7dc975",0,559.207563072427,0,,"classe_original"
2019,3,9,"Silvicultura","#7a5900",0,259.822365401395,0,,"classe_original"
2019,3,12,"Formação Campestre","#d6bc74",0,3867.63284488616,0,,"classe_original"
2019,3,15,"Pastagem","#edde8e",0,30608.5136562112,0,,"classe_original"
2019,3,21,"Mosaico de Usos","#ffefc3",0,2142.77859739447,0,,"classe_original"
2019,3,24,"Área urbanizada","#d4271e",0,2529.74567236019,0,,"classe_original"
2019,3,25,"Outras Áreas Não Vegetadas","#db4d4f",0,37.9522246041488,0,,"classe_original"
2019,3,29,"Afloramento Rochoso","#ad5100",0,0,,,"classe_ausente_no_ano"
2019,3,33,"Rio, Lago e Oceano","#2532e4",0,686.924013385181,0,,"classe_original"
2019,3,39,"Soja","#f5b3c8",0,1.2506742240397,0,,"classe_original"
2019,3,41,"Outras Lavouras Temporárias","#f54ca9",0,6478.92057547075,0,,"classe_original"
2019,3,46,"Café","#d68fe2",0,2848.15721749732,0,,"classe_original"
2019,3,47,"Citrus","#9932cc",0,44.9253466530291,0,,"classe_original"
2019,3,48,"Outras Lavouras Perenes","#e6ccff",0,1.00035034598722,0,,"classe_original"
2019,4,0,"Código 0 — sem classificação","#bdbdbd",0,0.16818237356357,0,0,"sem_classificacao"
2019,4,3,"Formação Florestal","#1f8d49",0,6362.29594196629,0,0,"classe_original"
2019,4,4,"Formação Savânica","#7dc975",0,559.207563072427,0,0,"classe_original"
2019,4,9,"Silvicultura","#7a5900",0,259.822365401395,0,0,"classe_original"
2019,4,12,"Formação Campestre","#d6bc74",2.50213956964351,3867.63284488616,0.0646943406986491,99.9999999999999,"classe_original"
2019,4,15,"Pastagem","#edde8e",0,30608.5136562112,0,0,"classe_original"
2019,4,21,"Mosaico de Usos","#ffefc3",0,2142.77859739447,0,0,"classe_original"
2019,4,24,"Área urbanizada","#d4271e",0,2529.74567236019,0,0,"classe_original"
2019,4,25,"Outras Áreas Não Vegetadas","#db4d4f",0,37.9522246041488,0,0,"classe_original"
2019,4,29,"Afloramento Rochoso","#ad5100",0,0,,0,"classe_ausente_no_ano"
2019,4,33,"Rio, Lago e Oceano","#2532e4",0,686.924013385181,0,0,"classe_original"
2019,4,39,"Soja","#f5b3c8",0,1.2506742240397,0,0,"classe_original"
2019,4,41,"Outras Lavouras Temporárias","#f54ca9",0,6478.92057547075,0,0,"classe_original"
2019,4,46,"Café","#d68fe2",0,2848.15721749732,0,0,"classe_original"
2019,4,47,"Citrus","#9932cc",0,44.9253466530291,0,0,"classe_original"
2019,4,48,"Outras Lavouras Perenes","#e6ccff",0,1.00035034598722,0,0,"classe_original"
2019,5,0,"Código 0 — sem classificação","#bdbdbd",0,0.16818237356357,0,,"sem_classificacao"
2019,5,3,"Formação Florestal","#1f8d49",0,6362.29594196629,0,,"classe_original"
2019,5,4,"Formação Savânica","#7dc975",0,559.207563072427,0,,"classe_original"
2019,5,9,"Silvicultura","#7a5900",0,259.822365401395,0,,"classe_original"
2019,5,12,"Formação Campestre","#d6bc74",0,3867.63284488616,0,,"classe_original"
2019,5,15,"Pastagem","#edde8e",0,30608.5136562112,0,,"classe_original"
2019,5,21,"Mosaico de Usos","#ffefc3",0,2142.77859739447,0,,"classe_original"
2019,5,24,"Área urbanizada","#d4271e",0,2529.74567236019,0,,"classe_original"
2019,5,25,"Outras Áreas Não Vegetadas","#db4d4f",0,37.9522246041488,0,,"classe_original"
2019,5,29,"Afloramento Rochoso","#ad5100",0,0,,,"classe_ausente_no_ano"
2019,5,33,"Rio, Lago e Oceano","#2532e4",0,686.924013385181,0,,"classe_original"
2019,5,39,"Soja","#f5b3c8",0,1.2506742240397,0,,"classe_original"
2019,5,41,"Outras Lavouras Temporárias","#f54ca9",0,6478.92057547075,0,,"classe_original"
2019,5,46,"Café","#d68fe2",0,2848.15721749732,0,,"classe_original"
2019,5,47,"Citrus","#9932cc",0,44.9253466530291,0,,"classe_original"
2019,5,48,"Outras Lavouras Perenes","#e6ccff",0,1.00035034598722,0,,"classe_original"
2019,6,0,"Código 0 — sem classificação","#bdbdbd",0,0.16818237356357,0,,"sem_classificacao"
2019,6,3,"Formação Florestal","#1f8d49",0,6362.29594196629,0,,"classe_original"
2019,6,4,"Formação Savânica","#7dc975",0,559.207563072427,0,,"classe_original"
2019,6,9,"Silvicultura","#7a5900",0,259.822365401395,0,,"classe_original"
2019,6,12,"Formação Campestre","#d6bc74",0,3867.63284488616,0,,"classe_original"
2019,6,15,"Pastagem","#edde8e",0,30608.5136562112,0,,"classe_original"
2019,6,21,"Mosaico de Usos","#ffefc3",0,2142.77859739447,0,,"classe_original"
2019,6,24,"Área urbanizada","#d4271e",0,2529.74567236019,0,,"classe_original"
2019,6,25,"Outras Áreas Não Vegetadas","#db4d4f",0,37.9522246041488,0,,"classe_original"
2019,6,29,"Afloramento Rochoso","#ad5100",0,0,,,"classe_ausente_no_ano"
2019,6,33,"Rio, Lago e Oceano","#2532e4",0,686.924013385181,0,,"classe_original"
2019,6,39,"Soja","#f5b3c8",0,1.2506742240397,0,,"classe_original"
2019,6,41,"Outras Lavouras Temporárias","#f54ca9",0,6478.92057547075,0,,"classe_original"
2019,6,46,"Café","#d68fe2",0,2848.15721749732,0,,"classe_original"
2019,6,47,"Citrus","#9932cc",0,44.9253466530291,0,,"classe_original"
2019,6,48,"Outras Lavouras Perenes","#e6ccff",0,1.00035034598722,0,,"classe_original"
2019,7,0,"Código 0 — sem classificação","#bdbdbd",0,0.16818237356357,0,0,"sem_classificacao"
2019,7,3,"Formação Florestal","#1f8d49",0,6362.29594196629,0,0,"classe_original"
2019,7,4,"Formação Savânica","#7dc975",0,559.207563072427,0,0,"classe_original"
2019,7,9,"Silvicultura","#7a5900",0,259.822365401395,0,0,"classe_original"
2019,7,12,"Formação Campestre","#d6bc74",0,3867.63284488616,0,0,"classe_original"
2019,7,15,"Pastagem","#edde8e",6.25542583512644,30608.5136562112,0.0204368820563656,93.7506180334847,"classe_original"
2019,7,21,"Mosaico de Usos","#ffefc3",0,2142.77859739447,0,0,"classe_original"
2019,7,24,"Área urbanizada","#d4271e",0.333567919062592,2529.74567236019,0.0131858282319496,4.9992117870948,"classe_original"
2019,7,25,"Outras Áreas Não Vegetadas","#db4d4f",0,37.9522246041488,0,0,"classe_original"
2019,7,29,"Afloramento Rochoso","#ad5100",0,0,,0,"classe_ausente_no_ano"
2019,7,33,"Rio, Lago e Oceano","#2532e4",0,686.924013385181,0,0,"classe_original"
2019,7,39,"Soja","#f5b3c8",0,1.2506742240397,0,0,"classe_original"
2019,7,41,"Outras Lavouras Temporárias","#f54ca9",0.0834164830343621,6478.92057547075,0.00128750587482393,1.25017017942042,"classe_original"
2019,7,46,"Café","#d68fe2",0,2848.15721749732,0,0,"classe_original"
2019,7,47,"Citrus","#9932cc",0,44.9253466530291,0,0,"classe_original"
2019,7,48,"Outras Lavouras Perenes","#e6ccff",0,1.00035034598722,0,0,"classe_original"
2019,8,0,"Código 0 — sem classificação","#bdbdbd",0,0.16818237356357,0,0,"sem_classificacao"
2019,8,3,"Formação Florestal","#1f8d49",0,6362.29594196629,0,0,"classe_original"
2019,8,4,"Formação Savânica","#7dc975",0,559.207563072427,0,0,"classe_original"
2019,8,9,"Silvicultura","#7a5900",0,259.822365401395,0,0,"classe_original"
2019,8,12,"Formação Campestre","#d6bc74",1.66656020586524,3867.63284488616,0.0430899279405176,4.05315187141419,"classe_original"
2019,8,15,"Pastagem","#edde8e",20.6862930162028,30608.5136562112,0.0675834614138642,50.3100259781583,"classe_original"
2019,8,21,"Mosaico de Usos","#ffefc3",0.583919724789232,2142.77859739447,0.027250586014778,1.42011990743316,"classe_original"
2019,8,24,"Área urbanizada","#d4271e",0,2529.74567236019,0,0,"classe_original"
2019,8,25,"Outras Áreas Não Vegetadas","#db4d4f",0,37.9522246041488,0,0,"classe_original"
2019,8,29,"Afloramento Rochoso","#ad5100",0,0,,0,"classe_ausente_no_ano"
2019,8,33,"Rio, Lago e Oceano","#2532e4",0,686.924013385181,0,0,"classe_original"
2019,8,39,"Soja","#f5b3c8",0,1.2506742240397,0,0,"classe_original"
2019,8,41,"Outras Lavouras Temporárias","#f54ca9",14.4289832176342,6478.92057547075,0.222706592086689,35.0919577494623,"classe_original"
2019,8,46,"Café","#d68fe2",3.75187916565846,2848.15721749732,0.131730058390359,9.12474449353207,"classe_original"
2019,8,47,"Citrus","#9932cc",0,44.9253466530291,0,0,"classe_original"
2019,8,48,"Outras Lavouras Perenes","#e6ccff",0,1.00035034598722,0,0,"classe_original"
2019,9,0,"Código 0 — sem classificação","#bdbdbd",0,0.16818237356357,0,0,"sem_classificacao"
2019,9,3,"Formação Florestal","#1f8d49",0.333711681373978,6362.29594196629,0.00524514553264939,0.335578198403544,"classe_original"
2019,9,4,"Formação Savânica","#7dc975",0,559.207563072427,0,0,"classe_original"
2019,9,9,"Silvicultura","#7a5900",0,259.822365401395,0,0,"classe_original"
2019,9,12,"Formação Campestre","#d6bc74",0,3867.63284488616,0,0,"classe_original"
2019,9,15,"Pastagem","#edde8e",95.6903008735829,30608.5136562112,0.312626421355697,96.2255161091103,"classe_original"
2019,9,21,"Mosaico de Usos","#ffefc3",0.250248863564068,2142.77859739447,0.0116787083774479,0.251648556147643,"classe_original"
2019,9,24,"Área urbanizada","#d4271e",0,2529.74567236019,0,0,"classe_original"
2019,9,25,"Outras Áreas Não Vegetadas","#db4d4f",0,37.9522246041488,0,0,"classe_original"
2019,9,29,"Afloramento Rochoso","#ad5100",0,0,,0,"classe_ausente_no_ano"
2019,9,33,"Rio, Lago e Oceano","#2532e4",0,686.924013385181,0,0,"classe_original"
2019,9,39,"Soja","#f5b3c8",0,1.2506742240397,0,0,"classe_original"
2019,9,41,"Outras Lavouras Temporárias","#f54ca9",3.16952931685896,6478.92057547075,0.0489206385529532,3.18725713633854,"classe_original"
2019,9,46,"Café","#d68fe2",0,2848.15721749732,0,0,"classe_original"
2019,9,47,"Citrus","#9932cc",0,44.9253466530291,0,0,"classe_original"
2019,9,48,"Outras Lavouras Perenes","#e6ccff",0,1.00035034598722,0,0,"classe_original"
2019,10,0,"Código 0 — sem classificação","#bdbdbd",0,0.16818237356357,0,0,"sem_classificacao"
2019,10,3,"Formação Florestal","#1f8d49",0.0749343839933111,6362.29594196629,0.00117778840652534,0.339186552042649,"classe_original"
2019,10,4,"Formação Savânica","#7dc975",0,559.207563072427,0,0,"classe_original"
2019,10,9,"Silvicultura","#7a5900",0,259.822365401395,0,0,"classe_original"
2019,10,12,"Formação Campestre","#d6bc74",0.0833377288172586,3867.63284488616,0.00215474767537588,0.377223850870843,"classe_original"
2019,10,15,"Pastagem","#edde8e",6.09808952415962,30608.5136562112,0.0199228541204325,27.6026818333721,"classe_original"
2019,10,21,"Mosaico de Usos","#ffefc3",0.166785450582671,2142.77859739447,0.00778360633177292,0.754945579042398,"classe_original"
2019,10,24,"Área urbanizada","#d4271e",0,2529.74567236019,0,0,"classe_original"
2019,10,25,"Outras Áreas Não Vegetadas","#db4d4f",0,37.9522246041488,0,0,"classe_original"
2019,10,29,"Afloramento Rochoso","#ad5100",0,0,,0,"classe_ausente_no_ano"
2019,10,33,"Rio, Lago e Oceano","#2532e4",0,686.924013385181,0,0,"classe_original"
2019,10,39,"Soja","#f5b3c8",0,1.2506742240397,0,0,"classe_original"
2019,10,41,"Outras Lavouras Temporárias","#f54ca9",15.6692335042016,6478.92057547075,0.241849445778444,70.9259621846722,"classe_original"
2019,10,46,"Café","#d68fe2",0,2848.15721749732,0,0,"classe_original"
2019,10,47,"Citrus","#9932cc",0,44.9253466530291,0,0,"classe_original"
2019,10,48,"Outras Lavouras Perenes","#e6ccff",0,1.00035034598722,0,0,"classe_original"
2019,11,0,"Código 0 — sem classificação","#bdbdbd",0,0.16818237356357,0,,"sem_classificacao"
2019,11,3,"Formação Florestal","#1f8d49",0,6362.29594196629,0,,"classe_original"
2019,11,4,"Formação Savânica","#7dc975",0,559.207563072427,0,,"classe_original"
2019,11,9,"Silvicultura","#7a5900",0,259.822365401395,0,,"classe_original"
2019,11,12,"Formação Campestre","#d6bc74",0,3867.63284488616,0,,"classe_original"
2019,11,15,"Pastagem","#edde8e",0,30608.5136562112,0,,"classe_original"
2019,11,21,"Mosaico de Usos","#ffefc3",0,2142.77859739447,0,,"classe_original"
2019,11,24,"Área urbanizada","#d4271e",0,2529.74567236019,0,,"classe_original"
2019,11,25,"Outras Áreas Não Vegetadas","#db4d4f",0,37.9522246041488,0,,"classe_original"
2019,11,29,"Afloramento Rochoso","#ad5100",0,0,,,"classe_ausente_no_ano"
2019,11,33,"Rio, Lago e Oceano","#2532e4",0,686.924013385181,0,,"classe_original"
2019,11,39,"Soja","#f5b3c8",0,1.2506742240397,0,,"classe_original"
2019,11,41,"Outras Lavouras Temporárias","#f54ca9",0,6478.92057547075,0,,"classe_original"
2019,11,46,"Café","#d68fe2",0,2848.15721749732,0,,"classe_original"
2019,11,47,"Citrus","#9932cc",0,44.9253466530291,0,,"classe_original"
2019,11,48,"Outras Lavouras Perenes","#e6ccff",0,1.00035034598722,0,,"classe_original"
2019,12,0,"Código 0 — sem classificação","#bdbdbd",0,0.16818237356357,0,,"sem_classificacao"
2019,12,3,"Formação Florestal","#1f8d49",0,6362.29594196629,0,,"classe_original"
2019,12,4,"Formação Savânica","#7dc975",0,559.207563072427,0,,"classe_original"
2019,12,9,"Silvicultura","#7a5900",0,259.822365401395,0,,"classe_original"
2019,12,12,"Formação Campestre","#d6bc74",0,3867.63284488616,0,,"classe_original"
2019,12,15,"Pastagem","#edde8e",0,30608.5136562112,0,,"classe_original"
2019,12,21,"Mosaico de Usos","#ffefc3",0,2142.77859739447,0,,"classe_original"
2019,12,24,"Área urbanizada","#d4271e",0,2529.74567236019,0,,"classe_original"
2019,12,25,"Outras Áreas Não Vegetadas","#db4d4f",0,37.9522246041488,0,,"classe_original"
2019,12,29,"Afloramento Rochoso","#ad5100",0,0,,,"classe_ausente_no_ano"
2019,12,33,"Rio, Lago e Oceano","#2532e4",0,686.924013385181,0,,"classe_original"
2019,12,39,"Soja","#f5b3c8",0,1.2506742240397,0,,"classe_original"
2019,12,41,"Outras Lavouras Temporárias","#f54ca9",0,6478.92057547075,0,,"classe_original"
2019,12,46,"Café","#d68fe2",0,2848.15721749732,0,,"classe_original"
2019,12,47,"Citrus","#9932cc",0,44.9253466530291,0,,"classe_original"
2019,12,48,"Outras Lavouras Perenes","#e6ccff",0,1.00035034598722,0,,"classe_original"
2020,1,0,"Código 0 — sem classificação","#bdbdbd",0,0.16818237356357,0,,"sem_classificacao"
2020,1,3,"Formação Florestal","#1f8d49",0,6337.48576439303,0,,"classe_original"
2020,1,4,"Formação Savânica","#7dc975",0,557.653405573074,0,,"classe_original"
2020,1,9,"Silvicultura","#7a5900",0,250.920293559445,0,,"classe_original"
2020,1,12,"Formação Campestre","#d6bc74",0,3800.29542505342,0,,"classe_original"
2020,1,15,"Pastagem","#edde8e",0,30451.814877653,0,,"classe_original"
2020,1,21,"Mosaico de Usos","#ffefc3",0,2099.00523062344,0,,"classe_original"
2020,1,24,"Área urbanizada","#d4271e",0,2550.18325469215,0,,"classe_original"
2020,1,25,"Outras Áreas Não Vegetadas","#db4d4f",0,42.3680818895701,0,,"classe_original"
2020,1,29,"Afloramento Rochoso","#ad5100",0,0,,,"classe_ausente_no_ano"
2020,1,33,"Rio, Lago e Oceano","#2532e4",0,684.312596795134,0,,"classe_original"
2020,1,39,"Soja","#f5b3c8",0,1.2506742240397,0,,"classe_original"
2020,1,41,"Outras Lavouras Temporárias","#f54ca9",0,6742.4995612254,0,,"classe_original"
2020,1,46,"Café","#d68fe2",0,2853.90892023111,0,,"classe_original"
2020,1,47,"Citrus","#9932cc",0,47.2589229527257,0,,"classe_original"
2020,1,48,"Outras Lavouras Perenes","#e6ccff",0,10.1700346070236,0,,"classe_original"
2020,2,0,"Código 0 — sem classificação","#bdbdbd",0,0.16818237356357,0,0,"sem_classificacao"
2020,2,3,"Formação Florestal","#1f8d49",0.417068970851871,6337.48576439303,0.00658098473680461,99.9999999999999,"classe_original"
2020,2,4,"Formação Savânica","#7dc975",0,557.653405573074,0,0,"classe_original"
2020,2,9,"Silvicultura","#7a5900",0,250.920293559445,0,0,"classe_original"
2020,2,12,"Formação Campestre","#d6bc74",0,3800.29542505342,0,0,"classe_original"
2020,2,15,"Pastagem","#edde8e",0,30451.814877653,0,0,"classe_original"
2020,2,21,"Mosaico de Usos","#ffefc3",0,2099.00523062344,0,0,"classe_original"
2020,2,24,"Área urbanizada","#d4271e",0,2550.18325469215,0,0,"classe_original"
2020,2,25,"Outras Áreas Não Vegetadas","#db4d4f",0,42.3680818895701,0,0,"classe_original"
2020,2,29,"Afloramento Rochoso","#ad5100",0,0,,0,"classe_ausente_no_ano"
2020,2,33,"Rio, Lago e Oceano","#2532e4",0,684.312596795134,0,0,"classe_original"
2020,2,39,"Soja","#f5b3c8",0,1.2506742240397,0,0,"classe_original"
2020,2,41,"Outras Lavouras Temporárias","#f54ca9",0,6742.4995612254,0,0,"classe_original"
2020,2,46,"Café","#d68fe2",0,2853.90892023111,0,0,"classe_original"
2020,2,47,"Citrus","#9932cc",0,47.2589229527257,0,0,"classe_original"
2020,2,48,"Outras Lavouras Perenes","#e6ccff",0,10.1700346070236,0,0,"classe_original"
2020,3,0,"Código 0 — sem classificação","#bdbdbd",0,0.16818237356357,0,,"sem_classificacao"
2020,3,3,"Formação Florestal","#1f8d49",0,6337.48576439303,0,,"classe_original"
2020,3,4,"Formação Savânica","#7dc975",0,557.653405573074,0,,"classe_original"
2020,3,9,"Silvicultura","#7a5900",0,250.920293559445,0,,"classe_original"
2020,3,12,"Formação Campestre","#d6bc74",0,3800.29542505342,0,,"classe_original"
2020,3,15,"Pastagem","#edde8e",0,30451.814877653,0,,"classe_original"
2020,3,21,"Mosaico de Usos","#ffefc3",0,2099.00523062344,0,,"classe_original"
2020,3,24,"Área urbanizada","#d4271e",0,2550.18325469215,0,,"classe_original"
2020,3,25,"Outras Áreas Não Vegetadas","#db4d4f",0,42.3680818895701,0,,"classe_original"
2020,3,29,"Afloramento Rochoso","#ad5100",0,0,,,"classe_ausente_no_ano"
2020,3,33,"Rio, Lago e Oceano","#2532e4",0,684.312596795134,0,,"classe_original"
2020,3,39,"Soja","#f5b3c8",0,1.2506742240397,0,,"classe_original"
2020,3,41,"Outras Lavouras Temporárias","#f54ca9",0,6742.4995612254,0,,"classe_original"
2020,3,46,"Café","#d68fe2",0,2853.90892023111,0,,"classe_original"
2020,3,47,"Citrus","#9932cc",0,47.2589229527257,0,,"classe_original"
2020,3,48,"Outras Lavouras Perenes","#e6ccff",0,10.1700346070236,0,,"classe_original"
2020,4,0,"Código 0 — sem classificação","#bdbdbd",0,0.16818237356357,0,0,"sem_classificacao"
2020,4,3,"Formação Florestal","#1f8d49",0,6337.48576439303,0,0,"classe_original"
2020,4,4,"Formação Savânica","#7dc975",0,557.653405573074,0,0,"classe_original"
2020,4,9,"Silvicultura","#7a5900",0,250.920293559445,0,0,"classe_original"
2020,4,12,"Formação Campestre","#d6bc74",0,3800.29542505342,0,0,"classe_original"
2020,4,15,"Pastagem","#edde8e",0,30451.814877653,0,0,"classe_original"
2020,4,21,"Mosaico de Usos","#ffefc3",0,2099.00523062344,0,0,"classe_original"
2020,4,24,"Área urbanizada","#d4271e",0,2550.18325469215,0,0,"classe_original"
2020,4,25,"Outras Áreas Não Vegetadas","#db4d4f",0,42.3680818895701,0,0,"classe_original"
2020,4,29,"Afloramento Rochoso","#ad5100",0,0,,0,"classe_ausente_no_ano"
2020,4,33,"Rio, Lago e Oceano","#2532e4",0,684.312596795134,0,0,"classe_original"
2020,4,39,"Soja","#f5b3c8",0,1.2506742240397,0,0,"classe_original"
2020,4,41,"Outras Lavouras Temporárias","#f54ca9",6.66909158429907,6742.4995612254,0.098911264639178,100,"classe_original"
2020,4,46,"Café","#d68fe2",0,2853.90892023111,0,0,"classe_original"
2020,4,47,"Citrus","#9932cc",0,47.2589229527257,0,0,"classe_original"
2020,4,48,"Outras Lavouras Perenes","#e6ccff",0,10.1700346070236,0,0,"classe_original"
2020,5,0,"Código 0 — sem classificação","#bdbdbd",0,0.16818237356357,0,,"sem_classificacao"
2020,5,3,"Formação Florestal","#1f8d49",0,6337.48576439303,0,,"classe_original"
2020,5,4,"Formação Savânica","#7dc975",0,557.653405573074,0,,"classe_original"
2020,5,9,"Silvicultura","#7a5900",0,250.920293559445,0,,"classe_original"
2020,5,12,"Formação Campestre","#d6bc74",0,3800.29542505342,0,,"classe_original"
2020,5,15,"Pastagem","#edde8e",0,30451.814877653,0,,"classe_original"
2020,5,21,"Mosaico de Usos","#ffefc3",0,2099.00523062344,0,,"classe_original"
2020,5,24,"Área urbanizada","#d4271e",0,2550.18325469215,0,,"classe_original"
2020,5,25,"Outras Áreas Não Vegetadas","#db4d4f",0,42.3680818895701,0,,"classe_original"
2020,5,29,"Afloramento Rochoso","#ad5100",0,0,,,"classe_ausente_no_ano"
2020,5,33,"Rio, Lago e Oceano","#2532e4",0,684.312596795134,0,,"classe_original"
2020,5,39,"Soja","#f5b3c8",0,1.2506742240397,0,,"classe_original"
2020,5,41,"Outras Lavouras Temporárias","#f54ca9",0,6742.4995612254,0,,"classe_original"
2020,5,46,"Café","#d68fe2",0,2853.90892023111,0,,"classe_original"
2020,5,47,"Citrus","#9932cc",0,47.2589229527257,0,,"classe_original"
2020,5,48,"Outras Lavouras Perenes","#e6ccff",0,10.1700346070236,0,,"classe_original"
2020,6,0,"Código 0 — sem classificação","#bdbdbd",0,0.16818237356357,0,0,"sem_classificacao"
2020,6,3,"Formação Florestal","#1f8d49",0,6337.48576439303,0,0,"classe_original"
2020,6,4,"Formação Savânica","#7dc975",0,557.653405573074,0,0,"classe_original"
2020,6,9,"Silvicultura","#7a5900",0,250.920293559445,0,0,"classe_original"
2020,6,12,"Formação Campestre","#d6bc74",0.250034723490975,3800.29542505342,0.0065793496432573,18.7475811659403,"classe_original"
2020,6,15,"Pastagem","#edde8e",0,30451.814877653,0,0,"classe_original"
2020,6,21,"Mosaico de Usos","#ffefc3",0,2099.00523062344,0,0,"classe_original"
2020,6,24,"Área urbanizada","#d4271e",0,2550.18325469215,0,0,"classe_original"
2020,6,25,"Outras Áreas Não Vegetadas","#db4d4f",0,42.3680818895701,0,0,"classe_original"
2020,6,29,"Afloramento Rochoso","#ad5100",0,0,,0,"classe_ausente_no_ano"
2020,6,33,"Rio, Lago e Oceano","#2532e4",0,684.312596795134,0,0,"classe_original"
2020,6,39,"Soja","#f5b3c8",0,1.2506742240397,0,0,"classe_original"
2020,6,41,"Outras Lavouras Temporárias","#f54ca9",1.08365585385789,6742.4995612254,0.0160720196422369,81.2524188340597,"classe_original"
2020,6,46,"Café","#d68fe2",0,2853.90892023111,0,0,"classe_original"
2020,6,47,"Citrus","#9932cc",0,47.2589229527257,0,0,"classe_original"
2020,6,48,"Outras Lavouras Perenes","#e6ccff",0,10.1700346070236,0,0,"classe_original"
2020,7,0,"Código 0 — sem classificação","#bdbdbd",0,0.16818237356357,0,0,"sem_classificacao"
2020,7,3,"Formação Florestal","#1f8d49",0.166840297290428,6337.48576439303,0.00263259443086745,8.33780730191673,"classe_original"
2020,7,4,"Formação Savânica","#7dc975",0,557.653405573074,0,0,"classe_original"
2020,7,9,"Silvicultura","#7a5900",0,250.920293559445,0,0,"classe_original"
2020,7,12,"Formação Campestre","#d6bc74",0,3800.29542505342,0,0,"classe_original"
2020,7,15,"Pastagem","#edde8e",0,30451.814877653,0,0,"classe_original"
2020,7,21,"Mosaico de Usos","#ffefc3",0,2099.00523062344,0,0,"classe_original"
2020,7,24,"Área urbanizada","#d4271e",0,2550.18325469215,0,0,"classe_original"
2020,7,25,"Outras Áreas Não Vegetadas","#db4d4f",0,42.3680818895701,0,0,"classe_original"
2020,7,29,"Afloramento Rochoso","#ad5100",0,0,,0,"classe_ausente_no_ano"
2020,7,33,"Rio, Lago e Oceano","#2532e4",0,684.312596795134,0,0,"classe_original"
2020,7,39,"Soja","#f5b3c8",0,1.2506742240397,0,0,"classe_original"
2020,7,41,"Outras Lavouras Temporárias","#f54ca9",1.83416897587992,6742.4995612254,0.027203101152988,91.6621926980832,"classe_original"
2020,7,46,"Café","#d68fe2",0,2853.90892023111,0,0,"classe_original"
2020,7,47,"Citrus","#9932cc",0,47.2589229527257,0,0,"classe_original"
2020,7,48,"Outras Lavouras Perenes","#e6ccff",0,10.1700346070236,0,0,"classe_original"
2020,8,0,"Código 0 — sem classificação","#bdbdbd",0,0.16818237356357,0,0,"sem_classificacao"
2020,8,3,"Formação Florestal","#1f8d49",3.086108659945,6337.48576439303,0.0486961040178458,1.27869793064533,"classe_original"
2020,8,4,"Formação Savânica","#7dc975",0.0833536031037255,557.653405573074,0.0149472059653374,0.0345367229559782,"classe_original"
2020,8,9,"Silvicultura","#7a5900",0,250.920293559445,0,0,"classe_original"
2020,8,12,"Formação Campestre","#d6bc74",75.4376534028333,3800.29542505342,1.98504708095879,31.2568292072585,"classe_original"
2020,8,15,"Pastagem","#edde8e",134.880922540098,30451.814877653,0.442932295109543,55.8865469560717,"classe_original"
2020,8,21,"Mosaico de Usos","#ffefc3",1.25052366294407,2099.00523062344,0.0595769674462721,0.518141840170365,"classe_original"
2020,8,24,"Área urbanizada","#d4271e",0,2550.18325469215,0,0,"classe_original"
2020,8,25,"Outras Áreas Não Vegetadas","#db4d4f",0,42.3680818895701,0,0,"classe_original"
2020,8,29,"Afloramento Rochoso","#ad5100",0,0,,0,"classe_ausente_no_ano"
2020,8,33,"Rio, Lago e Oceano","#2532e4",0,684.312596795134,0,0,"classe_original"
2020,8,39,"Soja","#f5b3c8",0,1.2506742240397,0,0,"classe_original"
2020,8,41,"Outras Lavouras Temporárias","#f54ca9",26.6091861787731,6742.4995612254,0.394648689809289,11.0252473428981,"classe_original"
2020,8,46,"Café","#d68fe2",0,2853.90892023111,0,0,"classe_original"
2020,8,47,"Citrus","#9932cc",0,47.2589229527257,0,0,"classe_original"
2020,8,48,"Outras Lavouras Perenes","#e6ccff",0,10.1700346070236,0,0,"classe_original"
2020,9,0,"Código 0 — sem classificação","#bdbdbd",0,0.16818237356357,0,0,"sem_classificacao"
2020,9,3,"Formação Florestal","#1f8d49",6.00572733673952,6337.48576439303,0.0947651412565297,2.03178099721288,"classe_original"
2020,9,4,"Formação Savânica","#7dc975",0,557.653405573074,0,0,"classe_original"
2020,9,9,"Silvicultura","#7a5900",20.8534711371835,250.920293559445,8.3107949705324,7.05488011806061,"classe_original"
2020,9,12,"Formação Campestre","#d6bc74",22.075884747383,3800.29542505342,0.580899174360179,7.46843148406154,"classe_original"
2020,9,15,"Pastagem","#edde8e",179.343886958255,30451.814877653,0.588943180164497,60.6733341453864,"classe_original"
2020,9,21,"Mosaico de Usos","#ffefc3",2.91959003930953,2099.00523062344,0.1390939858898,0.987718427580422,"classe_original"
2020,9,24,"Área urbanizada","#d4271e",0,2550.18325469215,0,0,"classe_original"
2020,9,25,"Outras Áreas Não Vegetadas","#db4d4f",0,42.3680818895701,0,0,"classe_original"
2020,9,29,"Afloramento Rochoso","#ad5100",0,0,,0,"classe_ausente_no_ano"
2020,9,33,"Rio, Lago e Oceano","#2532e4",0,684.312596795134,0,0,"classe_original"
2020,9,39,"Soja","#f5b3c8",0,1.2506742240397,0,0,"classe_original"
2020,9,41,"Outras Lavouras Temporárias","#f54ca9",64.3907451727015,6742.4995612254,0.954998136640574,21.7838548276982,"classe_original"
2020,9,46,"Café","#d68fe2",0,2853.90892023111,0,0,"classe_original"
2020,9,47,"Citrus","#9932cc",0,47.2589229527257,0,0,"classe_original"
2020,9,48,"Outras Lavouras Perenes","#e6ccff",0,10.1700346070236,0,0,"classe_original"
2020,10,0,"Código 0 — sem classificação","#bdbdbd",0,0.16818237356357,0,0,"sem_classificacao"
2020,10,3,"Formação Florestal","#1f8d49",0.417107904917034,6337.48576439303,0.00658159908240808,16.1303501956299,"classe_original"
2020,10,4,"Formação Savânica","#7dc975",0,557.653405573074,0,0,"classe_original"
2020,10,9,"Silvicultura","#7a5900",0,250.920293559445,0,0,"classe_original"
2020,10,12,"Formação Campestre","#d6bc74",0,3800.29542505342,0,0,"classe_original"
2020,10,15,"Pastagem","#edde8e",0.33368610650345,30451.814877653,0.00109578397164211,12.9042717480684,"classe_original"
2020,10,21,"Mosaico de Usos","#ffefc3",0.750706526762178,2099.00523062344,0.0357648716549032,29.0312387467879,"classe_original"
2020,10,24,"Área urbanizada","#d4271e",0,2550.18325469215,0,0,"classe_original"
2020,10,25,"Outras Áreas Não Vegetadas","#db4d4f",0,42.3680818895701,0,0,"classe_original"
2020,10,29,"Afloramento Rochoso","#ad5100",0,0,,0,"classe_ausente_no_ano"
2020,10,33,"Rio, Lago e Oceano","#2532e4",0,684.312596795134,0,0,"classe_original"
2020,10,39,"Soja","#f5b3c8",0,1.2506742240397,0,0,"classe_original"
2020,10,41,"Outras Lavouras Temporárias","#f54ca9",1.08435717636367,6742.4995612254,0.0160824211632072,41.9341393095138,"classe_original"
2020,10,46,"Café","#d68fe2",0,2853.90892023111,0,0,"classe_original"
2020,10,47,"Citrus","#9932cc",0,47.2589229527257,0,0,"classe_original"
2020,10,48,"Outras Lavouras Perenes","#e6ccff",0,10.1700346070236,0,0,"classe_original"
2020,11,0,"Código 0 — sem classificação","#bdbdbd",0,0.16818237356357,0,0,"sem_classificacao"
2020,11,3,"Formação Florestal","#1f8d49",0,6337.48576439303,0,0,"classe_original"
2020,11,4,"Formação Savânica","#7dc975",0,557.653405573074,0,0,"classe_original"
2020,11,9,"Silvicultura","#7a5900",0.166835980113472,250.920293559445,0.0664896321245325,66.6669330759204,"classe_original"
2020,11,12,"Formação Campestre","#d6bc74",0,3800.29542505342,0,0,"classe_original"
2020,11,15,"Pastagem","#edde8e",0.0834169900111311,30451.814877653,0.000273931095227912,33.3330669240797,"classe_original"
2020,11,21,"Mosaico de Usos","#ffefc3",0,2099.00523062344,0,0,"classe_original"
2020,11,24,"Área urbanizada","#d4271e",0,2550.18325469215,0,0,"classe_original"
2020,11,25,"Outras Áreas Não Vegetadas","#db4d4f",0,42.3680818895701,0,0,"classe_original"
2020,11,29,"Afloramento Rochoso","#ad5100",0,0,,0,"classe_ausente_no_ano"
2020,11,33,"Rio, Lago e Oceano","#2532e4",0,684.312596795134,0,0,"classe_original"
2020,11,39,"Soja","#f5b3c8",0,1.2506742240397,0,0,"classe_original"
2020,11,41,"Outras Lavouras Temporárias","#f54ca9",0,6742.4995612254,0,0,"classe_original"
2020,11,46,"Café","#d68fe2",0,2853.90892023111,0,0,"classe_original"
2020,11,47,"Citrus","#9932cc",0,47.2589229527257,0,0,"classe_original"
2020,11,48,"Outras Lavouras Perenes","#e6ccff",0,10.1700346070236,0,0,"classe_original"
2020,12,0,"Código 0 — sem classificação","#bdbdbd",0,0.16818237356357,0,0,"sem_classificacao"
2020,12,3,"Formação Florestal","#1f8d49",0,6337.48576439303,0,0,"classe_original"
2020,12,4,"Formação Savânica","#7dc975",0,557.653405573074,0,0,"classe_original"
2020,12,9,"Silvicultura","#7a5900",0,250.920293559445,0,0,"classe_original"
2020,12,12,"Formação Campestre","#d6bc74",0,3800.29542505342,0,0,"classe_original"
2020,12,15,"Pastagem","#edde8e",0,30451.814877653,0,0,"classe_original"
2020,12,21,"Mosaico de Usos","#ffefc3",0.250235105713541,2099.00523062344,0.0119216046755261,59.9999073090534,"classe_original"
2020,12,24,"Área urbanizada","#d4271e",0,2550.18325469215,0,0,"classe_original"
2020,12,25,"Outras Áreas Não Vegetadas","#db4d4f",0,42.3680818895701,0,0,"classe_original"
2020,12,29,"Afloramento Rochoso","#ad5100",0,0,,0,"classe_ausente_no_ano"
2020,12,33,"Rio, Lago e Oceano","#2532e4",0,684.312596795134,0,0,"classe_original"
2020,12,39,"Soja","#f5b3c8",0,1.2506742240397,0,0,"classe_original"
2020,12,41,"Outras Lavouras Temporárias","#f54ca9",0.16682404810249,6742.4995612254,0.00247421666976231,40.0000926909467,"classe_original"
2020,12,46,"Café","#d68fe2",0,2853.90892023111,0,0,"classe_original"
2020,12,47,"Citrus","#9932cc",0,47.2589229527257,0,0,"classe_original"
2020,12,48,"Outras Lavouras Perenes","#e6ccff",0,10.1700346070236,0,0,"classe_original"
2021,1,0,"Código 0 — sem classificação","#bdbdbd",0,0.16818237356357,0,,"sem_classificacao"
2021,1,3,"Formação Florestal","#1f8d49",0,6348.02067683585,0,,"classe_original"
2021,1,4,"Formação Savânica","#7dc975",0,546.946865091878,0,,"classe_original"
2021,1,9,"Silvicultura","#7a5900",0,235.497129702103,0,,"classe_original"
2021,1,12,"Formação Campestre","#d6bc74",0,3697.70942407125,0,,"classe_original"
2021,1,15,"Pastagem","#edde8e",0,30048.0596419619,0,,"classe_original"
2021,1,21,"Mosaico de Usos","#ffefc3",0,2142.11322142847,0,,"classe_original"
2021,1,24,"Área urbanizada","#d4271e",0,2569.78254050851,0,,"classe_original"
2021,1,25,"Outras Áreas Não Vegetadas","#db4d4f",0,43.7867223152858,0,,"classe_original"
2021,1,29,"Afloramento Rochoso","#ad5100",0,0,,,"classe_ausente_no_ano"
2021,1,33,"Rio, Lago e Oceano","#2532e4",0,690.0271397535,0,,"classe_original"
2021,1,39,"Soja","#f5b3c8",0,1.2506742240397,0,,"classe_original"
2021,1,41,"Outras Lavouras Temporárias","#f54ca9",0,7207.83636502328,0,,"classe_original"
2021,1,46,"Café","#d68fe2",0,2842.41635881087,0,,"classe_original"
2021,1,47,"Citrus","#9932cc",0,43.7579317617792,0,,"classe_original"
2021,1,48,"Outras Lavouras Perenes","#e6ccff",0,11.9223519838519,0,,"classe_original"
2021,2,0,"Código 0 — sem classificação","#bdbdbd",0,0.16818237356357,0,0,"sem_classificacao"
2021,2,3,"Formação Florestal","#1f8d49",0,6348.02067683585,0,0,"classe_original"
2021,2,4,"Formação Savânica","#7dc975",0,546.946865091878,0,0,"classe_original"
2021,2,9,"Silvicultura","#7a5900",0,235.497129702103,0,0,"classe_original"
2021,2,12,"Formação Campestre","#d6bc74",1.33328850099619,3697.70942407125,0.0360571464138524,100,"classe_original"
2021,2,15,"Pastagem","#edde8e",0,30048.0596419619,0,0,"classe_original"
2021,2,21,"Mosaico de Usos","#ffefc3",0,2142.11322142847,0,0,"classe_original"
2021,2,24,"Área urbanizada","#d4271e",0,2569.78254050851,0,0,"classe_original"
2021,2,25,"Outras Áreas Não Vegetadas","#db4d4f",0,43.7867223152858,0,0,"classe_original"
2021,2,29,"Afloramento Rochoso","#ad5100",0,0,,0,"classe_ausente_no_ano"
2021,2,33,"Rio, Lago e Oceano","#2532e4",0,690.0271397535,0,0,"classe_original"
2021,2,39,"Soja","#f5b3c8",0,1.2506742240397,0,0,"classe_original"
2021,2,41,"Outras Lavouras Temporárias","#f54ca9",0,7207.83636502328,0,0,"classe_original"
2021,2,46,"Café","#d68fe2",0,2842.41635881087,0,0,"classe_original"
2021,2,47,"Citrus","#9932cc",0,43.7579317617792,0,0,"classe_original"
2021,2,48,"Outras Lavouras Perenes","#e6ccff",0,11.9223519838519,0,0,"classe_original"
2021,3,0,"Código 0 — sem classificação","#bdbdbd",0,0.16818237356357,0,0,"sem_classificacao"
2021,3,3,"Formação Florestal","#1f8d49",0,6348.02067683585,0,0,"classe_original"
2021,3,4,"Formação Savânica","#7dc975",0,546.946865091878,0,0,"classe_original"
2021,3,9,"Silvicultura","#7a5900",0,235.497129702103,0,0,"classe_original"
2021,3,12,"Formação Campestre","#d6bc74",0,3697.70942407125,0,0,"classe_original"
2021,3,15,"Pastagem","#edde8e",0,30048.0596419619,0,0,"classe_original"
2021,3,21,"Mosaico de Usos","#ffefc3",0,2142.11322142847,0,0,"classe_original"
2021,3,24,"Área urbanizada","#d4271e",0,2569.78254050851,0,0,"classe_original"
2021,3,25,"Outras Áreas Não Vegetadas","#db4d4f",0,43.7867223152858,0,0,"classe_original"
2021,3,29,"Afloramento Rochoso","#ad5100",0,0,,0,"classe_ausente_no_ano"
2021,3,33,"Rio, Lago e Oceano","#2532e4",0,690.0271397535,0,0,"classe_original"
2021,3,39,"Soja","#f5b3c8",0,1.2506742240397,0,0,"classe_original"
2021,3,41,"Outras Lavouras Temporárias","#f54ca9",3.08460874085573,7207.83636502328,0.0427952104437899,100,"classe_original"
2021,3,46,"Café","#d68fe2",0,2842.41635881087,0,0,"classe_original"
2021,3,47,"Citrus","#9932cc",0,43.7579317617792,0,0,"classe_original"
2021,3,48,"Outras Lavouras Perenes","#e6ccff",0,11.9223519838519,0,0,"classe_original"
2021,4,0,"Código 0 — sem classificação","#bdbdbd",0,0.16818237356357,0,0,"sem_classificacao"
2021,4,3,"Formação Florestal","#1f8d49",0,6348.02067683585,0,0,"classe_original"
2021,4,4,"Formação Savânica","#7dc975",0,546.946865091878,0,0,"classe_original"
2021,4,9,"Silvicultura","#7a5900",0,235.497129702103,0,0,"classe_original"
2021,4,12,"Formação Campestre","#d6bc74",0,3697.70942407125,0,0,"classe_original"
2021,4,15,"Pastagem","#edde8e",0,30048.0596419619,0,0,"classe_original"
2021,4,21,"Mosaico de Usos","#ffefc3",0,2142.11322142847,0,0,"classe_original"
2021,4,24,"Área urbanizada","#d4271e",0,2569.78254050851,0,0,"classe_original"
2021,4,25,"Outras Áreas Não Vegetadas","#db4d4f",0,43.7867223152858,0,0,"classe_original"
2021,4,29,"Afloramento Rochoso","#ad5100",0,0,,0,"classe_ausente_no_ano"
2021,4,33,"Rio, Lago e Oceano","#2532e4",0,690.0271397535,0,0,"classe_original"
2021,4,39,"Soja","#f5b3c8",0,1.2506742240397,0,0,"classe_original"
2021,4,41,"Outras Lavouras Temporárias","#f54ca9",1.50105647556818,7207.83636502328,0.020825340636924,99.9999999999998,"classe_original"
2021,4,46,"Café","#d68fe2",0,2842.41635881087,0,0,"classe_original"
2021,4,47,"Citrus","#9932cc",0,43.7579317617792,0,0,"classe_original"
2021,4,48,"Outras Lavouras Perenes","#e6ccff",0,11.9223519838519,0,0,"classe_original"
2021,5,0,"Código 0 — sem classificação","#bdbdbd",0,0.16818237356357,0,,"sem_classificacao"
2021,5,3,"Formação Florestal","#1f8d49",0,6348.02067683585,0,,"classe_original"
2021,5,4,"Formação Savânica","#7dc975",0,546.946865091878,0,,"classe_original"
2021,5,9,"Silvicultura","#7a5900",0,235.497129702103,0,,"classe_original"
2021,5,12,"Formação Campestre","#d6bc74",0,3697.70942407125,0,,"classe_original"
2021,5,15,"Pastagem","#edde8e",0,30048.0596419619,0,,"classe_original"
2021,5,21,"Mosaico de Usos","#ffefc3",0,2142.11322142847,0,,"classe_original"
2021,5,24,"Área urbanizada","#d4271e",0,2569.78254050851,0,,"classe_original"
2021,5,25,"Outras Áreas Não Vegetadas","#db4d4f",0,43.7867223152858,0,,"classe_original"
2021,5,29,"Afloramento Rochoso","#ad5100",0,0,,,"classe_ausente_no_ano"
2021,5,33,"Rio, Lago e Oceano","#2532e4",0,690.0271397535,0,,"classe_original"
2021,5,39,"Soja","#f5b3c8",0,1.2506742240397,0,,"classe_original"
2021,5,41,"Outras Lavouras Temporárias","#f54ca9",0,7207.83636502328,0,,"classe_original"
2021,5,46,"Café","#d68fe2",0,2842.41635881087,0,,"classe_original"
2021,5,47,"Citrus","#9932cc",0,43.7579317617792,0,,"classe_original"
2021,5,48,"Outras Lavouras Perenes","#e6ccff",0,11.9223519838519,0,,"classe_original"
2021,6,0,"Código 0 — sem classificação","#bdbdbd",0,0.16818237356357,0,0,"sem_classificacao"
2021,6,3,"Formação Florestal","#1f8d49",0,6348.02067683585,0,0,"classe_original"
2021,6,4,"Formação Savânica","#7dc975",0,546.946865091878,0,0,"classe_original"
2021,6,9,"Silvicultura","#7a5900",0,235.497129702103,0,0,"classe_original"
2021,6,12,"Formação Campestre","#d6bc74",0.0833695718473766,3697.70942407125,0.0022546274540844,0.101177279366641,"classe_original"
2021,6,15,"Pastagem","#edde8e",1.50131489991619,30048.0596419619,0.00499637886041605,1.82199516778377,"classe_original"
2021,6,21,"Mosaico de Usos","#ffefc3",1.25057614207802,2142.11322142847,0.0583804875282955,1.51769871060296,"classe_original"
2021,6,24,"Área urbanizada","#d4271e",0,2569.78254050851,0,0,"classe_original"
2021,6,25,"Outras Áreas Não Vegetadas","#db4d4f",0,43.7867223152858,0,0,"classe_original"
2021,6,29,"Afloramento Rochoso","#ad5100",0,0,,0,"classe_ausente_no_ano"
2021,6,33,"Rio, Lago e Oceano","#2532e4",0,690.0271397535,0,0,"classe_original"
2021,6,39,"Soja","#f5b3c8",0,1.2506742240397,0,0,"classe_original"
2021,6,41,"Outras Lavouras Temporárias","#f54ca9",78.7304895620678,7207.83636502328,1.09229019049482,95.5472909429897,"classe_original"
2021,6,46,"Café","#d68fe2",0.833749365154493,2842.41635881087,0.0293324150971075,1.01183789925689,"classe_original"
2021,6,47,"Citrus","#9932cc",0,43.7579317617792,0,0,"classe_original"
2021,6,48,"Outras Lavouras Perenes","#e6ccff",0,11.9223519838519,0,0,"classe_original"
2021,7,0,"Código 0 — sem classificação","#bdbdbd",0,0.16818237356357,0,0,"sem_classificacao"
2021,7,3,"Formação Florestal","#1f8d49",0,6348.02067683585,0,0,"classe_original"
2021,7,4,"Formação Savânica","#7dc975",0,546.946865091878,0,0,"classe_original"
2021,7,9,"Silvicultura","#7a5900",0,235.497129702103,0,0,"classe_original"
2021,7,12,"Formação Campestre","#d6bc74",1.25107485056046,3697.70942407125,0.0338337794315651,15.1523718686627,"classe_original"
2021,7,15,"Pastagem","#edde8e",2.83498772239514,30048.0596419619,0.00943484456625645,34.335905796188,"classe_original"
2021,7,21,"Mosaico de Usos","#ffefc3",0.250087620580354,2142.11322142847,0.0116748086925855,3.02893198203523,"classe_original"
2021,7,24,"Área urbanizada","#d4271e",0.16680915338772,2569.78254050851,0.0064911777848219,2.02030623674932,"classe_original"
2021,7,25,"Outras Áreas Não Vegetadas","#db4d4f",0,43.7867223152858,0,0,"classe_original"
2021,7,29,"Afloramento Rochoso","#ad5100",0,0,,0,"classe_ausente_no_ano"
2021,7,33,"Rio, Lago e Oceano","#2532e4",0,690.0271397535,0,0,"classe_original"
2021,7,39,"Soja","#f5b3c8",0,1.2506742240397,0,0,"classe_original"
2021,7,41,"Outras Lavouras Temporárias","#f54ca9",3.75366780956706,7207.83636502328,0.0520775947104195,45.4624841163647,"classe_original"
2021,7,46,"Café","#d68fe2",0,2842.41635881087,0,0,"classe_original"
2021,7,47,"Citrus","#9932cc",0,43.7579317617792,0,0,"classe_original"
2021,7,48,"Outras Lavouras Perenes","#e6ccff",0,11.9223519838519,0,0,"classe_original"
2021,8,0,"Código 0 — sem classificação","#bdbdbd",0,0.16818237356357,0,0,"sem_classificacao"
2021,8,3,"Formação Florestal","#1f8d49",1.41770398566106,6348.02067683585,0.02233300831603,0.392686995158355,"classe_original"
2021,8,4,"Formação Savânica","#7dc975",0,546.946865091878,0,0,"classe_original"
2021,8,9,"Silvicultura","#7a5900",0,235.497129702103,0,0,"classe_original"
2021,8,12,"Formação Campestre","#d6bc74",196.559374261039,3697.70942407125,5.31570633921319,54.4445884539028,"classe_original"
2021,8,15,"Pastagem","#edde8e",138.111829046105,30048.0596419619,0.459636431409478,38.255319652396,"classe_original"
2021,8,21,"Mosaico de Usos","#ffefc3",1.5848373062996,2142.11322142847,0.073984759089566,0.438980919797203,"classe_original"
2021,8,24,"Área urbanizada","#d4271e",0.500431779623518,2569.78254050851,0.0194737014410757,0.138613599037373,"classe_original"
2021,8,25,"Outras Áreas Não Vegetadas","#db4d4f",0,43.7867223152858,0,0,"classe_original"
2021,8,29,"Afloramento Rochoso","#ad5100",0,0,,0,"classe_ausente_no_ano"
2021,8,33,"Rio, Lago e Oceano","#2532e4",0,690.0271397535,0,0,"classe_original"
2021,8,39,"Soja","#f5b3c8",0,1.2506742240397,0,0,"classe_original"
2021,8,41,"Outras Lavouras Temporárias","#f54ca9",20.5177924995086,7207.83636502328,0.284659521393592,5.68318236063768,"classe_original"
2021,8,46,"Café","#d68fe2",2.33449829299012,2842.41635881087,0.0821307647542096,0.646628019070669,"classe_original"
2021,8,47,"Citrus","#9932cc",0,43.7579317617792,0,0,"classe_original"
2021,8,48,"Outras Lavouras Perenes","#e6ccff",0,11.9223519838519,0,0,"classe_original"
2021,9,0,"Código 0 — sem classificação","#bdbdbd",0,0.16818237356357,0,0,"sem_classificacao"
2021,9,3,"Formação Florestal","#1f8d49",0,6348.02067683585,0,0,"classe_original"
2021,9,4,"Formação Savânica","#7dc975",0,546.946865091878,0,0,"classe_original"
2021,9,9,"Silvicultura","#7a5900",0,235.497129702103,0,0,"classe_original"
2021,9,12,"Formação Campestre","#d6bc74",0,3697.70942407125,0,0,"classe_original"
2021,9,15,"Pastagem","#edde8e",0.834021582805277,30048.0596419619,0.00277562542388119,100,"classe_original"
2021,9,21,"Mosaico de Usos","#ffefc3",0,2142.11322142847,0,0,"classe_original"
2021,9,24,"Área urbanizada","#d4271e",0,2569.78254050851,0,0,"classe_original"
2021,9,25,"Outras Áreas Não Vegetadas","#db4d4f",0,43.7867223152858,0,0,"classe_original"
2021,9,29,"Afloramento Rochoso","#ad5100",0,0,,0,"classe_ausente_no_ano"
2021,9,33,"Rio, Lago e Oceano","#2532e4",0,690.0271397535,0,0,"classe_original"
2021,9,39,"Soja","#f5b3c8",0,1.2506742240397,0,0,"classe_original"
2021,9,41,"Outras Lavouras Temporárias","#f54ca9",0,7207.83636502328,0,0,"classe_original"
2021,9,46,"Café","#d68fe2",0,2842.41635881087,0,0,"classe_original"
2021,9,47,"Citrus","#9932cc",0,43.7579317617792,0,0,"classe_original"
2021,9,48,"Outras Lavouras Perenes","#e6ccff",0,11.9223519838519,0,0,"classe_original"
2021,10,0,"Código 0 — sem classificação","#bdbdbd",0,0.16818237356357,0,0,"sem_classificacao"
2021,10,3,"Formação Florestal","#1f8d49",0.667263049364891,6348.02067683585,0.0105113559538292,0.28032070391017,"classe_original"
2021,10,4,"Formação Savânica","#7dc975",0,546.946865091878,0,0,"classe_original"
2021,10,9,"Silvicultura","#7a5900",0,235.497129702103,0,0,"classe_original"
2021,10,12,"Formação Campestre","#d6bc74",110.442399430644,3697.70942407125,2.98677875312996,46.397430787444,"classe_original"
2021,10,15,"Pastagem","#edde8e",122.755018255406,30048.0596419619,0.408528935705318,51.570026481481,"classe_original"
2021,10,21,"Mosaico de Usos","#ffefc3",0.333710267285025,2142.11322142847,0.0155785541094084,0.140193432135089,"classe_original"
2021,10,24,"Área urbanizada","#d4271e",0,2569.78254050851,0,0,"classe_original"
2021,10,25,"Outras Áreas Não Vegetadas","#db4d4f",0,43.7867223152858,0,0,"classe_original"
2021,10,29,"Afloramento Rochoso","#ad5100",0,0,,0,"classe_ausente_no_ano"
2021,10,33,"Rio, Lago e Oceano","#2532e4",0,690.0271397535,0,0,"classe_original"
2021,10,39,"Soja","#f5b3c8",0,1.2506742240397,0,0,"classe_original"
2021,10,41,"Outras Lavouras Temporárias","#f54ca9",3.83720182269365,7207.83636502328,0.053236527972722,1.61202859502963,"classe_original"
2021,10,46,"Café","#d68fe2",0,2842.41635881087,0,0,"classe_original"
2021,10,47,"Citrus","#9932cc",0,43.7579317617792,0,0,"classe_original"
2021,10,48,"Outras Lavouras Perenes","#e6ccff",0,11.9223519838519,0,0,"classe_original"
2021,11,0,"Código 0 — sem classificação","#bdbdbd",0,0.16818237356357,0,0,"sem_classificacao"
2021,11,3,"Formação Florestal","#1f8d49",0,6348.02067683585,0,0,"classe_original"
2021,11,4,"Formação Savânica","#7dc975",0,546.946865091878,0,0,"classe_original"
2021,11,9,"Silvicultura","#7a5900",0,235.497129702103,0,0,"classe_original"
2021,11,12,"Formação Campestre","#d6bc74",1.58364164477644,3697.70942407125,0.0428276390369479,18.6242183498675,"classe_original"
2021,11,15,"Pastagem","#edde8e",0.917028048321074,30048.0596419619,0.00305187109999093,10.7845930051274,"classe_original"
2021,11,21,"Mosaico de Usos","#ffefc3",0,2142.11322142847,0,0,"classe_original"
2021,11,24,"Área urbanizada","#d4271e",0,2569.78254050851,0,0,"classe_original"
2021,11,25,"Outras Áreas Não Vegetadas","#db4d4f",0,43.7867223152858,0,0,"classe_original"
2021,11,29,"Afloramento Rochoso","#ad5100",0,0,,0,"classe_ausente_no_ano"
2021,11,33,"Rio, Lago e Oceano","#2532e4",0,690.0271397535,0,0,"classe_original"
2021,11,39,"Soja","#f5b3c8",0,1.2506742240397,0,0,"classe_original"
2021,11,41,"Outras Lavouras Temporárias","#f54ca9",6.00246109621537,7207.83636502328,0.0832768780010447,70.5911886450051,"classe_original"
2021,11,46,"Café","#d68fe2",0,2842.41635881087,0,0,"classe_original"
2021,11,47,"Citrus","#9932cc",0,43.7579317617792,0,0,"classe_original"
2021,11,48,"Outras Lavouras Perenes","#e6ccff",0,11.9223519838519,0,0,"classe_original"
2021,12,0,"Código 0 — sem classificação","#bdbdbd",0,0.16818237356357,0,0,"sem_classificacao"
2021,12,3,"Formação Florestal","#1f8d49",0,6348.02067683585,0,0,"classe_original"
2021,12,4,"Formação Savânica","#7dc975",0,546.946865091878,0,0,"classe_original"
2021,12,9,"Silvicultura","#7a5900",0,235.497129702103,0,0,"classe_original"
2021,12,12,"Formação Campestre","#d6bc74",0.416753937456166,3697.70942407125,0.0112705972714674,99.9999999999999,"classe_original"
2021,12,15,"Pastagem","#edde8e",0,30048.0596419619,0,0,"classe_original"
2021,12,21,"Mosaico de Usos","#ffefc3",0,2142.11322142847,0,0,"classe_original"
2021,12,24,"Área urbanizada","#d4271e",0,2569.78254050851,0,0,"classe_original"
2021,12,25,"Outras Áreas Não Vegetadas","#db4d4f",0,43.7867223152858,0,0,"classe_original"
2021,12,29,"Afloramento Rochoso","#ad5100",0,0,,0,"classe_ausente_no_ano"
2021,12,33,"Rio, Lago e Oceano","#2532e4",0,690.0271397535,0,0,"classe_original"
2021,12,39,"Soja","#f5b3c8",0,1.2506742240397,0,0,"classe_original"
2021,12,41,"Outras Lavouras Temporárias","#f54ca9",0,7207.83636502328,0,0,"classe_original"
2021,12,46,"Café","#d68fe2",0,2842.41635881087,0,0,"classe_original"
2021,12,47,"Citrus","#9932cc",0,43.7579317617792,0,0,"classe_original"
2021,12,48,"Outras Lavouras Perenes","#e6ccff",0,11.9223519838519,0,0,"classe_original"
2022,1,0,"Código 0 — sem classificação","#bdbdbd",0,0.16818237356357,0,,"sem_classificacao"
2022,1,3,"Formação Florestal","#1f8d49",0,6423.96695531064,0,,"classe_original"
2022,1,4,"Formação Savânica","#7dc975",0,537.344039197219,0,,"classe_original"
2022,1,9,"Silvicultura","#7a5900",0,239.848470311711,0,,"classe_original"
2022,1,12,"Formação Campestre","#d6bc74",0,3604.1428148489,0,,"classe_original"
2022,1,15,"Pastagem","#edde8e",0,28721.4238030929,0,,"classe_original"
2022,1,21,"Mosaico de Usos","#ffefc3",0,2385.51253383228,0,,"classe_original"
2022,1,24,"Área urbanizada","#d4271e",0,2584.8794079525,0,,"classe_original"
2022,1,25,"Outras Áreas Não Vegetadas","#db4d4f",0,42.4815791877643,0,,"classe_original"
2022,1,29,"Afloramento Rochoso","#ad5100",0,0,,,"classe_ausente_no_ano"
2022,1,33,"Rio, Lago e Oceano","#2532e4",0,703.351265319888,0,,"classe_original"
2022,1,39,"Soja","#f5b3c8",0,1.2506742240397,0,,"classe_original"
2022,1,41,"Outras Lavouras Temporárias","#f54ca9",0,8343.80386412186,0,,"classe_original"
2022,1,46,"Café","#d68fe2",0,2790.1089519129,0,,"classe_original"
2022,1,47,"Citrus","#9932cc",0,40.0072526039157,0,,"classe_original"
2022,1,48,"Outras Lavouras Perenes","#e6ccff",0,11.0054315560165,0,,"classe_original"
2022,2,0,"Código 0 — sem classificação","#bdbdbd",0,0.16818237356357,0,,"sem_classificacao"
2022,2,3,"Formação Florestal","#1f8d49",0,6423.96695531064,0,,"classe_original"
2022,2,4,"Formação Savânica","#7dc975",0,537.344039197219,0,,"classe_original"
2022,2,9,"Silvicultura","#7a5900",0,239.848470311711,0,,"classe_original"
2022,2,12,"Formação Campestre","#d6bc74",0,3604.1428148489,0,,"classe_original"
2022,2,15,"Pastagem","#edde8e",0,28721.4238030929,0,,"classe_original"
2022,2,21,"Mosaico de Usos","#ffefc3",0,2385.51253383228,0,,"classe_original"
2022,2,24,"Área urbanizada","#d4271e",0,2584.8794079525,0,,"classe_original"
2022,2,25,"Outras Áreas Não Vegetadas","#db4d4f",0,42.4815791877643,0,,"classe_original"
2022,2,29,"Afloramento Rochoso","#ad5100",0,0,,,"classe_ausente_no_ano"
2022,2,33,"Rio, Lago e Oceano","#2532e4",0,703.351265319888,0,,"classe_original"
2022,2,39,"Soja","#f5b3c8",0,1.2506742240397,0,,"classe_original"
2022,2,41,"Outras Lavouras Temporárias","#f54ca9",0,8343.80386412186,0,,"classe_original"
2022,2,46,"Café","#d68fe2",0,2790.1089519129,0,,"classe_original"
2022,2,47,"Citrus","#9932cc",0,40.0072526039157,0,,"classe_original"
2022,2,48,"Outras Lavouras Perenes","#e6ccff",0,11.0054315560165,0,,"classe_original"
2022,3,0,"Código 0 — sem classificação","#bdbdbd",0,0.16818237356357,0,,"sem_classificacao"
2022,3,3,"Formação Florestal","#1f8d49",0,6423.96695531064,0,,"classe_original"
2022,3,4,"Formação Savânica","#7dc975",0,537.344039197219,0,,"classe_original"
2022,3,9,"Silvicultura","#7a5900",0,239.848470311711,0,,"classe_original"
2022,3,12,"Formação Campestre","#d6bc74",0,3604.1428148489,0,,"classe_original"
2022,3,15,"Pastagem","#edde8e",0,28721.4238030929,0,,"classe_original"
2022,3,21,"Mosaico de Usos","#ffefc3",0,2385.51253383228,0,,"classe_original"
2022,3,24,"Área urbanizada","#d4271e",0,2584.8794079525,0,,"classe_original"
2022,3,25,"Outras Áreas Não Vegetadas","#db4d4f",0,42.4815791877643,0,,"classe_original"
2022,3,29,"Afloramento Rochoso","#ad5100",0,0,,,"classe_ausente_no_ano"
2022,3,33,"Rio, Lago e Oceano","#2532e4",0,703.351265319888,0,,"classe_original"
2022,3,39,"Soja","#f5b3c8",0,1.2506742240397,0,,"classe_original"
2022,3,41,"Outras Lavouras Temporárias","#f54ca9",0,8343.80386412186,0,,"classe_original"
2022,3,46,"Café","#d68fe2",0,2790.1089519129,0,,"classe_original"
2022,3,47,"Citrus","#9932cc",0,40.0072526039157,0,,"classe_original"
2022,3,48,"Outras Lavouras Perenes","#e6ccff",0,11.0054315560165,0,,"classe_original"
2022,4,0,"Código 0 — sem classificação","#bdbdbd",0,0.16818237356357,0,,"sem_classificacao"
2022,4,3,"Formação Florestal","#1f8d49",0,6423.96695531064,0,,"classe_original"
2022,4,4,"Formação Savânica","#7dc975",0,537.344039197219,0,,"classe_original"
2022,4,9,"Silvicultura","#7a5900",0,239.848470311711,0,,"classe_original"
2022,4,12,"Formação Campestre","#d6bc74",0,3604.1428148489,0,,"classe_original"
2022,4,15,"Pastagem","#edde8e",0,28721.4238030929,0,,"classe_original"
2022,4,21,"Mosaico de Usos","#ffefc3",0,2385.51253383228,0,,"classe_original"
2022,4,24,"Área urbanizada","#d4271e",0,2584.8794079525,0,,"classe_original"
2022,4,25,"Outras Áreas Não Vegetadas","#db4d4f",0,42.4815791877643,0,,"classe_original"
2022,4,29,"Afloramento Rochoso","#ad5100",0,0,,,"classe_ausente_no_ano"
2022,4,33,"Rio, Lago e Oceano","#2532e4",0,703.351265319888,0,,"classe_original"
2022,4,39,"Soja","#f5b3c8",0,1.2506742240397,0,,"classe_original"
2022,4,41,"Outras Lavouras Temporárias","#f54ca9",0,8343.80386412186,0,,"classe_original"
2022,4,46,"Café","#d68fe2",0,2790.1089519129,0,,"classe_original"
2022,4,47,"Citrus","#9932cc",0,40.0072526039157,0,,"classe_original"
2022,4,48,"Outras Lavouras Perenes","#e6ccff",0,11.0054315560165,0,,"classe_original"
2022,5,0,"Código 0 — sem classificação","#bdbdbd",0,0.16818237356357,0,,"sem_classificacao"
2022,5,3,"Formação Florestal","#1f8d49",0,6423.96695531064,0,,"classe_original"
2022,5,4,"Formação Savânica","#7dc975",0,537.344039197219,0,,"classe_original"
2022,5,9,"Silvicultura","#7a5900",0,239.848470311711,0,,"classe_original"
2022,5,12,"Formação Campestre","#d6bc74",0,3604.1428148489,0,,"classe_original"
2022,5,15,"Pastagem","#edde8e",0,28721.4238030929,0,,"classe_original"
2022,5,21,"Mosaico de Usos","#ffefc3",0,2385.51253383228,0,,"classe_original"
2022,5,24,"Área urbanizada","#d4271e",0,2584.8794079525,0,,"classe_original"
2022,5,25,"Outras Áreas Não Vegetadas","#db4d4f",0,42.4815791877643,0,,"classe_original"
2022,5,29,"Afloramento Rochoso","#ad5100",0,0,,,"classe_ausente_no_ano"
2022,5,33,"Rio, Lago e Oceano","#2532e4",0,703.351265319888,0,,"classe_original"
2022,5,39,"Soja","#f5b3c8",0,1.2506742240397,0,,"classe_original"
2022,5,41,"Outras Lavouras Temporárias","#f54ca9",0,8343.80386412186,0,,"classe_original"
2022,5,46,"Café","#d68fe2",0,2790.1089519129,0,,"classe_original"
2022,5,47,"Citrus","#9932cc",0,40.0072526039157,0,,"classe_original"
2022,5,48,"Outras Lavouras Perenes","#e6ccff",0,11.0054315560165,0,,"classe_original"
2022,6,0,"Código 0 — sem classificação","#bdbdbd",0,0.16818237356357,0,0,"sem_classificacao"
2022,6,3,"Formação Florestal","#1f8d49",0.417105800964054,6423.96695531064,0.00649296305329272,71.428601632023,"classe_original"
2022,6,4,"Formação Savânica","#7dc975",0,537.344039197219,0,0,"classe_original"
2022,6,9,"Silvicultura","#7a5900",0,239.848470311711,0,0,"classe_original"
2022,6,12,"Formação Campestre","#d6bc74",0,3604.1428148489,0,0,"classe_original"
2022,6,15,"Pastagem","#edde8e",0.166842073464242,28721.4238030929,0.000580897641454235,28.5713983679769,"classe_original"
2022,6,21,"Mosaico de Usos","#ffefc3",0,2385.51253383228,0,0,"classe_original"
2022,6,24,"Área urbanizada","#d4271e",0,2584.8794079525,0,0,"classe_original"
2022,6,25,"Outras Áreas Não Vegetadas","#db4d4f",0,42.4815791877643,0,0,"classe_original"
2022,6,29,"Afloramento Rochoso","#ad5100",0,0,,0,"classe_ausente_no_ano"
2022,6,33,"Rio, Lago e Oceano","#2532e4",0,703.351265319888,0,0,"classe_original"
2022,6,39,"Soja","#f5b3c8",0,1.2506742240397,0,0,"classe_original"
2022,6,41,"Outras Lavouras Temporárias","#f54ca9",0,8343.80386412186,0,0,"classe_original"
2022,6,46,"Café","#d68fe2",0,2790.1089519129,0,0,"classe_original"
2022,6,47,"Citrus","#9932cc",0,40.0072526039157,0,0,"classe_original"
2022,6,48,"Outras Lavouras Perenes","#e6ccff",0,11.0054315560165,0,0,"classe_original"
2022,7,0,"Código 0 — sem classificação","#bdbdbd",0,0.16818237356357,0,0,"sem_classificacao"
2022,7,3,"Formação Florestal","#1f8d49",0.333766762627145,6423.96695531064,0.00519564880935794,0.747887040726037,"classe_original"
2022,7,4,"Formação Savânica","#7dc975",0,537.344039197219,0,0,"classe_original"
2022,7,9,"Silvicultura","#7a5900",0,239.848470311711,0,0,"classe_original"
2022,7,12,"Formação Campestre","#d6bc74",0,3604.1428148489,0,0,"classe_original"
2022,7,15,"Pastagem","#edde8e",15.6820869147878,28721.4238030929,0.0546006598499447,35.139597133017,"classe_original"
2022,7,21,"Mosaico de Usos","#ffefc3",0,2385.51253383228,0,0,"classe_original"
2022,7,24,"Área urbanizada","#d4271e",0.166834127743827,2584.8794079525,0.00645423253520277,0.373833155549481,"classe_original"
2022,7,25,"Outras Áreas Não Vegetadas","#db4d4f",0,42.4815791877643,0,0,"classe_original"
2022,7,29,"Afloramento Rochoso","#ad5100",0,0,,0,"classe_ausente_no_ano"
2022,7,33,"Rio, Lago e Oceano","#2532e4",0,703.351265319888,0,0,"classe_original"
2022,7,39,"Soja","#f5b3c8",0,1.2506742240397,0,0,"classe_original"
2022,7,41,"Outras Lavouras Temporárias","#f54ca9",28.4452766402646,8343.80386412186,0.340914972397404,63.7386826707075,"classe_original"
2022,7,46,"Café","#d68fe2",0,2790.1089519129,0,0,"classe_original"
2022,7,47,"Citrus","#9932cc",0,40.0072526039157,0,0,"classe_original"
2022,7,48,"Outras Lavouras Perenes","#e6ccff",0,11.0054315560165,0,0,"classe_original"
2022,8,0,"Código 0 — sem classificação","#bdbdbd",0,0.16818237356357,0,0,"sem_classificacao"
2022,8,3,"Formação Florestal","#1f8d49",0.0833928713204486,6423.96695531064,0.0012981522461212,0.106480592866584,"classe_original"
2022,8,4,"Formação Savânica","#7dc975",0,537.344039197219,0,0,"classe_original"
2022,8,9,"Silvicultura","#7a5900",0,239.848470311711,0,0,"classe_original"
2022,8,12,"Formação Campestre","#d6bc74",5.99293502747711,3604.1428148489,0.166279066489444,7.65210820340475,"classe_original"
2022,8,15,"Pastagem","#edde8e",34.0958794898105,28721.4238030929,0.118712358146182,43.5354893637339,"classe_original"
2022,8,21,"Mosaico de Usos","#ffefc3",0.250249446202558,2385.51253383228,0.0104903848817988,0.319532221091046,"classe_original"
2022,8,24,"Área urbanizada","#d4271e",0.0834186262455931,2584.8794079525,0.00322717671040869,0.106513478167872,"classe_original"
2022,8,25,"Outras Áreas Não Vegetadas","#db4d4f",0,42.4815791877643,0,0,"classe_original"
2022,8,29,"Afloramento Rochoso","#ad5100",0,0,,0,"classe_ausente_no_ano"
2022,8,33,"Rio, Lago e Oceano","#2532e4",0,703.351265319888,0,0,"classe_original"
2022,8,39,"Soja","#f5b3c8",0,1.2506742240397,0,0,"classe_original"
2022,8,41,"Outras Lavouras Temporárias","#f54ca9",37.8115616187096,8343.80386412186,0.453169348590496,48.2798761407358,"classe_original"
2022,8,46,"Café","#d68fe2",0,2790.1089519129,0,0,"classe_original"
2022,8,47,"Citrus","#9932cc",0,40.0072526039157,0,0,"classe_original"
2022,8,48,"Outras Lavouras Perenes","#e6ccff",0,11.0054315560165,0,0,"classe_original"
2022,9,0,"Código 0 — sem classificação","#bdbdbd",0,0.16818237356357,0,0,"sem_classificacao"
2022,9,3,"Formação Florestal","#1f8d49",6.42282101920567,6423.96695531064,0.0999821615504416,2.89954597302285,"classe_original"
2022,9,4,"Formação Savânica","#7dc975",0,537.344039197219,0,0,"classe_original"
2022,9,9,"Silvicultura","#7a5900",0,239.848470311711,0,0,"classe_original"
2022,9,12,"Formação Campestre","#d6bc74",14.0663752112058,3604.1428148489,0.390283513551489,6.35018498518342,"classe_original"
2022,9,15,"Pastagem","#edde8e",169.253641700845,28721.4238030929,0.589294050535956,76.4085926955864,"classe_original"
2022,9,21,"Mosaico de Usos","#ffefc3",2.08499896750173,2385.51253383228,0.0874025576445921,0.941260910415983,"classe_original"
2022,9,24,"Área urbanizada","#d4271e",0,2584.8794079525,0,0,"classe_original"
2022,9,25,"Outras Áreas Não Vegetadas","#db4d4f",0,42.4815791877643,0,0,"classe_original"
2022,9,29,"Afloramento Rochoso","#ad5100",0,0,,0,"classe_ausente_no_ano"
2022,9,33,"Rio, Lago e Oceano","#2532e4",0,703.351265319888,0,0,"classe_original"
2022,9,39,"Soja","#f5b3c8",0,1.2506742240397,0,0,"classe_original"
2022,9,41,"Outras Lavouras Temporárias","#f54ca9",29.6834300017528,8343.80386412186,0.355754167824951,13.4004154357912,"classe_original"
2022,9,46,"Café","#d68fe2",0,2790.1089519129,0,0,"classe_original"
2022,9,47,"Citrus","#9932cc",0,40.0072526039157,0,0,"classe_original"
2022,9,48,"Outras Lavouras Perenes","#e6ccff",0,11.0054315560165,0,0,"classe_original"
2022,10,0,"Código 0 — sem classificação","#bdbdbd",0,0.16818237356357,0,0,"sem_classificacao"
2022,10,3,"Formação Florestal","#1f8d49",0,6423.96695531064,0,0,"classe_original"
2022,10,4,"Formação Savânica","#7dc975",0,537.344039197219,0,0,"classe_original"
2022,10,9,"Silvicultura","#7a5900",0,239.848470311711,0,0,"classe_original"
2022,10,12,"Formação Campestre","#d6bc74",0,3604.1428148489,0,0,"classe_original"
2022,10,15,"Pastagem","#edde8e",0.250322430131433,28721.4238030929,0.000871552997677212,0.508057316845083,"classe_original"
2022,10,21,"Mosaico de Usos","#ffefc3",0.166751091560172,2385.51253383228,0.0069901578463849,0.338439955678633,"classe_original"
2022,10,24,"Área urbanizada","#d4271e",0,2584.8794079525,0,0,"classe_original"
2022,10,25,"Outras Áreas Não Vegetadas","#db4d4f",0,42.4815791877643,0,0,"classe_original"
2022,10,29,"Afloramento Rochoso","#ad5100",0,0,,0,"classe_ausente_no_ano"
2022,10,33,"Rio, Lago e Oceano","#2532e4",0,703.351265319888,0,0,"classe_original"
2022,10,39,"Soja","#f5b3c8",0,1.2506742240397,0,0,"classe_original"
2022,10,41,"Outras Lavouras Temporárias","#f54ca9",48.8534362872954,8343.80386412186,0.58550556895715,99.1535027274763,"classe_original"
2022,10,46,"Café","#d68fe2",0,2790.1089519129,0,0,"classe_original"
2022,10,47,"Citrus","#9932cc",0,40.0072526039157,0,0,"classe_original"
2022,10,48,"Outras Lavouras Perenes","#e6ccff",0,11.0054315560165,0,0,"classe_original"
2022,11,0,"Código 0 — sem classificação","#bdbdbd",0,0.16818237356357,0,0,"sem_classificacao"
2022,11,3,"Formação Florestal","#1f8d49",0.834217146113667,6423.96695531064,0.0129860124112878,62.5098188462483,"classe_original"
2022,11,4,"Formação Savânica","#7dc975",0,537.344039197219,0,0,"classe_original"
2022,11,9,"Silvicultura","#7a5900",0,239.848470311711,0,0,"classe_original"
2022,11,12,"Formação Campestre","#d6bc74",0,3604.1428148489,0,0,"classe_original"
2022,11,15,"Pastagem","#edde8e",0.16688041338261,28721.4238030929,0.000581031130373971,12.504735077829,"classe_original"
2022,11,21,"Mosaico de Usos","#ffefc3",0,2385.51253383228,0,0,"classe_original"
2022,11,24,"Área urbanizada","#d4271e",0,2584.8794079525,0,0,"classe_original"
2022,11,25,"Outras Áreas Não Vegetadas","#db4d4f",0,42.4815791877643,0,0,"classe_original"
2022,11,29,"Afloramento Rochoso","#ad5100",0,0,,0,"classe_ausente_no_ano"
2022,11,33,"Rio, Lago e Oceano","#2532e4",0,703.351265319888,0,0,"classe_original"
2022,11,39,"Soja","#f5b3c8",0,1.2506742240397,0,0,"classe_original"
2022,11,41,"Outras Lavouras Temporárias","#f54ca9",0.333440216345852,8343.80386412186,0.00399626143873823,24.9854460759226,"classe_original"
2022,11,46,"Café","#d68fe2",0,2790.1089519129,0,0,"classe_original"
2022,11,47,"Citrus","#9932cc",0,40.0072526039157,0,0,"classe_original"
2022,11,48,"Outras Lavouras Perenes","#e6ccff",0,11.0054315560165,0,0,"classe_original"
2022,12,0,"Código 0 — sem classificação","#bdbdbd",0,0.16818237356357,0,,"sem_classificacao"
2022,12,3,"Formação Florestal","#1f8d49",0,6423.96695531064,0,,"classe_original"
2022,12,4,"Formação Savânica","#7dc975",0,537.344039197219,0,,"classe_original"
2022,12,9,"Silvicultura","#7a5900",0,239.848470311711,0,,"classe_original"
2022,12,12,"Formação Campestre","#d6bc74",0,3604.1428148489,0,,"classe_original"
2022,12,15,"Pastagem","#edde8e",0,28721.4238030929,0,,"classe_original"
2022,12,21,"Mosaico de Usos","#ffefc3",0,2385.51253383228,0,,"classe_original"
2022,12,24,"Área urbanizada","#d4271e",0,2584.8794079525,0,,"classe_original"
2022,12,25,"Outras Áreas Não Vegetadas","#db4d4f",0,42.4815791877643,0,,"classe_original"
2022,12,29,"Afloramento Rochoso","#ad5100",0,0,,,"classe_ausente_no_ano"
2022,12,33,"Rio, Lago e Oceano","#2532e4",0,703.351265319888,0,,"classe_original"
2022,12,39,"Soja","#f5b3c8",0,1.2506742240397,0,,"classe_original"
2022,12,41,"Outras Lavouras Temporárias","#f54ca9",0,8343.80386412186,0,,"classe_original"
2022,12,46,"Café","#d68fe2",0,2790.1089519129,0,,"classe_original"
2022,12,47,"Citrus","#9932cc",0,40.0072526039157,0,,"classe_original"
2022,12,48,"Outras Lavouras Perenes","#e6ccff",0,11.0054315560165,0,,"classe_original"
2023,1,0,"Código 0 — sem classificação","#bdbdbd",0,0.16818237356357,0,0,"sem_classificacao"
2023,1,3,"Formação Florestal","#1f8d49",0,6504.84882902431,0,0,"classe_original"
2023,1,4,"Formação Savânica","#7dc975",0.0833510722351674,533.525329104687,0.0156227019952435,100,"classe_original"
2023,1,9,"Silvicultura","#7a5900",0,240.348160443514,0,0,"classe_original"
2023,1,12,"Formação Campestre","#d6bc74",0,3446.09046379692,0,0,"classe_original"
2023,1,15,"Pastagem","#edde8e",0,28788.8515489478,0,0,"classe_original"
2023,1,21,"Mosaico de Usos","#ffefc3",0,2392.4146879822,0,0,"classe_original"
2023,1,24,"Área urbanizada","#d4271e",0,2638.04601733028,0,0,"classe_original"
2023,1,25,"Outras Áreas Não Vegetadas","#db4d4f",0,42.8445828394214,0,0,"classe_original"
2023,1,29,"Afloramento Rochoso","#ad5100",0,0,,0,"classe_ausente_no_ano"
2023,1,33,"Rio, Lago e Oceano","#2532e4",0,786.954171753624,0,0,"classe_original"
2023,1,39,"Soja","#f5b3c8",0,1.2506742240397,0,0,"classe_original"
2023,1,41,"Outras Lavouras Temporárias","#f54ca9",0,8208.91893211985,0,0,"classe_original"
2023,1,46,"Café","#d68fe2",0,2798.94009426198,0,0,"classe_original"
2023,1,47,"Citrus","#9932cc",0,34.171080038318,0,0,"classe_original"
2023,1,48,"Outras Lavouras Perenes","#e6ccff",0,11.922471605588,0,0,"classe_original"
2023,2,0,"Código 0 — sem classificação","#bdbdbd",0,0.16818237356357,0,,"sem_classificacao"
2023,2,3,"Formação Florestal","#1f8d49",0,6504.84882902431,0,,"classe_original"
2023,2,4,"Formação Savânica","#7dc975",0,533.525329104687,0,,"classe_original"
2023,2,9,"Silvicultura","#7a5900",0,240.348160443514,0,,"classe_original"
2023,2,12,"Formação Campestre","#d6bc74",0,3446.09046379692,0,,"classe_original"
2023,2,15,"Pastagem","#edde8e",0,28788.8515489478,0,,"classe_original"
2023,2,21,"Mosaico de Usos","#ffefc3",0,2392.4146879822,0,,"classe_original"
2023,2,24,"Área urbanizada","#d4271e",0,2638.04601733028,0,,"classe_original"
2023,2,25,"Outras Áreas Não Vegetadas","#db4d4f",0,42.8445828394214,0,,"classe_original"
2023,2,29,"Afloramento Rochoso","#ad5100",0,0,,,"classe_ausente_no_ano"
2023,2,33,"Rio, Lago e Oceano","#2532e4",0,786.954171753624,0,,"classe_original"
2023,2,39,"Soja","#f5b3c8",0,1.2506742240397,0,,"classe_original"
2023,2,41,"Outras Lavouras Temporárias","#f54ca9",0,8208.91893211985,0,,"classe_original"
2023,2,46,"Café","#d68fe2",0,2798.94009426198,0,,"classe_original"
2023,2,47,"Citrus","#9932cc",0,34.171080038318,0,,"classe_original"
2023,2,48,"Outras Lavouras Perenes","#e6ccff",0,11.922471605588,0,,"classe_original"
2023,3,0,"Código 0 — sem classificação","#bdbdbd",0,0.16818237356357,0,0,"sem_classificacao"
2023,3,3,"Formação Florestal","#1f8d49",0,6504.84882902431,0,0,"classe_original"
2023,3,4,"Formação Savânica","#7dc975",0,533.525329104687,0,0,"classe_original"
2023,3,9,"Silvicultura","#7a5900",0,240.348160443514,0,0,"classe_original"
2023,3,12,"Formação Campestre","#d6bc74",0,3446.09046379692,0,0,"classe_original"
2023,3,15,"Pastagem","#edde8e",0,28788.8515489478,0,0,"classe_original"
2023,3,21,"Mosaico de Usos","#ffefc3",0,2392.4146879822,0,0,"classe_original"
2023,3,24,"Área urbanizada","#d4271e",0,2638.04601733028,0,0,"classe_original"
2023,3,25,"Outras Áreas Não Vegetadas","#db4d4f",0,42.8445828394214,0,0,"classe_original"
2023,3,29,"Afloramento Rochoso","#ad5100",0,0,,0,"classe_ausente_no_ano"
2023,3,33,"Rio, Lago e Oceano","#2532e4",0,786.954171753624,0,0,"classe_original"
2023,3,39,"Soja","#f5b3c8",0,1.2506742240397,0,0,"classe_original"
2023,3,41,"Outras Lavouras Temporárias","#f54ca9",0,8208.91893211985,0,0,"classe_original"
2023,3,46,"Café","#d68fe2",0.250091597403908,2798.94009426198,0.00893522508454585,99.9999999999999,"classe_original"
2023,3,47,"Citrus","#9932cc",0,34.171080038318,0,0,"classe_original"
2023,3,48,"Outras Lavouras Perenes","#e6ccff",0,11.922471605588,0,0,"classe_original"
2023,4,0,"Código 0 — sem classificação","#bdbdbd",0,0.16818237356357,0,,"sem_classificacao"
2023,4,3,"Formação Florestal","#1f8d49",0,6504.84882902431,0,,"classe_original"
2023,4,4,"Formação Savânica","#7dc975",0,533.525329104687,0,,"classe_original"
2023,4,9,"Silvicultura","#7a5900",0,240.348160443514,0,,"classe_original"
2023,4,12,"Formação Campestre","#d6bc74",0,3446.09046379692,0,,"classe_original"
2023,4,15,"Pastagem","#edde8e",0,28788.8515489478,0,,"classe_original"
2023,4,21,"Mosaico de Usos","#ffefc3",0,2392.4146879822,0,,"classe_original"
2023,4,24,"Área urbanizada","#d4271e",0,2638.04601733028,0,,"classe_original"
2023,4,25,"Outras Áreas Não Vegetadas","#db4d4f",0,42.8445828394214,0,,"classe_original"
2023,4,29,"Afloramento Rochoso","#ad5100",0,0,,,"classe_ausente_no_ano"
2023,4,33,"Rio, Lago e Oceano","#2532e4",0,786.954171753624,0,,"classe_original"
2023,4,39,"Soja","#f5b3c8",0,1.2506742240397,0,,"classe_original"
2023,4,41,"Outras Lavouras Temporárias","#f54ca9",0,8208.91893211985,0,,"classe_original"
2023,4,46,"Café","#d68fe2",0,2798.94009426198,0,,"classe_original"
2023,4,47,"Citrus","#9932cc",0,34.171080038318,0,,"classe_original"
2023,4,48,"Outras Lavouras Perenes","#e6ccff",0,11.922471605588,0,,"classe_original"
2023,5,0,"Código 0 — sem classificação","#bdbdbd",0,0.16818237356357,0,,"sem_classificacao"
2023,5,3,"Formação Florestal","#1f8d49",0,6504.84882902431,0,,"classe_original"
2023,5,4,"Formação Savânica","#7dc975",0,533.525329104687,0,,"classe_original"
2023,5,9,"Silvicultura","#7a5900",0,240.348160443514,0,,"classe_original"
2023,5,12,"Formação Campestre","#d6bc74",0,3446.09046379692,0,,"classe_original"
2023,5,15,"Pastagem","#edde8e",0,28788.8515489478,0,,"classe_original"
2023,5,21,"Mosaico de Usos","#ffefc3",0,2392.4146879822,0,,"classe_original"
2023,5,24,"Área urbanizada","#d4271e",0,2638.04601733028,0,,"classe_original"
2023,5,25,"Outras Áreas Não Vegetadas","#db4d4f",0,42.8445828394214,0,,"classe_original"
2023,5,29,"Afloramento Rochoso","#ad5100",0,0,,,"classe_ausente_no_ano"
2023,5,33,"Rio, Lago e Oceano","#2532e4",0,786.954171753624,0,,"classe_original"
2023,5,39,"Soja","#f5b3c8",0,1.2506742240397,0,,"classe_original"
2023,5,41,"Outras Lavouras Temporárias","#f54ca9",0,8208.91893211985,0,,"classe_original"
2023,5,46,"Café","#d68fe2",0,2798.94009426198,0,,"classe_original"
2023,5,47,"Citrus","#9932cc",0,34.171080038318,0,,"classe_original"
2023,5,48,"Outras Lavouras Perenes","#e6ccff",0,11.922471605588,0,,"classe_original"
2023,6,0,"Código 0 — sem classificação","#bdbdbd",0,0.16818237356357,0,0,"sem_classificacao"
2023,6,3,"Formação Florestal","#1f8d49",0,6504.84882902431,0,0,"classe_original"
2023,6,4,"Formação Savânica","#7dc975",0,533.525329104687,0,0,"classe_original"
2023,6,9,"Silvicultura","#7a5900",0,240.348160443514,0,0,"classe_original"
2023,6,12,"Formação Campestre","#d6bc74",0,3446.09046379692,0,0,"classe_original"
2023,6,15,"Pastagem","#edde8e",0.0834186266828518,28788.8515489478,0.000289760175188025,10.0045926119859,"classe_original"
2023,6,21,"Mosaico de Usos","#ffefc3",0,2392.4146879822,0,0,"classe_original"
2023,6,24,"Área urbanizada","#d4271e",0,2638.04601733028,0,0,"classe_original"
2023,6,25,"Outras Áreas Não Vegetadas","#db4d4f",0,42.8445828394214,0,0,"classe_original"
2023,6,29,"Afloramento Rochoso","#ad5100",0,0,,0,"classe_ausente_no_ano"
2023,6,33,"Rio, Lago e Oceano","#2532e4",0,786.954171753624,0,0,"classe_original"
2023,6,39,"Soja","#f5b3c8",0,1.2506742240397,0,0,"classe_original"
2023,6,41,"Outras Lavouras Temporárias","#f54ca9",0.750384706627421,8208.91893211985,0.00914109047527948,89.9954073880141,"classe_original"
2023,6,46,"Café","#d68fe2",0,2798.94009426198,0,0,"classe_original"
2023,6,47,"Citrus","#9932cc",0,34.171080038318,0,0,"classe_original"
2023,6,48,"Outras Lavouras Perenes","#e6ccff",0,11.922471605588,0,0,"classe_original"
2023,7,0,"Código 0 — sem classificação","#bdbdbd",0,0.16818237356357,0,0,"sem_classificacao"
2023,7,3,"Formação Florestal","#1f8d49",0,6504.84882902431,0,0,"classe_original"
2023,7,4,"Formação Savânica","#7dc975",0,533.525329104687,0,0,"classe_original"
2023,7,9,"Silvicultura","#7a5900",0,240.348160443514,0,0,"classe_original"
2023,7,12,"Formação Campestre","#d6bc74",0,3446.09046379692,0,0,"classe_original"
2023,7,15,"Pastagem","#edde8e",0,28788.8515489478,0,0,"classe_original"
2023,7,21,"Mosaico de Usos","#ffefc3",0,2392.4146879822,0,0,"classe_original"
2023,7,24,"Área urbanizada","#d4271e",0,2638.04601733028,0,0,"classe_original"
2023,7,25,"Outras Áreas Não Vegetadas","#db4d4f",0,42.8445828394214,0,0,"classe_original"
2023,7,29,"Afloramento Rochoso","#ad5100",0,0,,0,"classe_ausente_no_ano"
2023,7,33,"Rio, Lago e Oceano","#2532e4",0,786.954171753624,0,0,"classe_original"
2023,7,39,"Soja","#f5b3c8",0,1.2506742240397,0,0,"classe_original"
2023,7,41,"Outras Lavouras Temporárias","#f54ca9",7.00553672072568,8208.91893211985,0.085340551888196,100,"classe_original"
2023,7,46,"Café","#d68fe2",0,2798.94009426198,0,0,"classe_original"
2023,7,47,"Citrus","#9932cc",0,34.171080038318,0,0,"classe_original"
2023,7,48,"Outras Lavouras Perenes","#e6ccff",0,11.922471605588,0,0,"classe_original"
2023,8,0,"Código 0 — sem classificação","#bdbdbd",0,0.16818237356357,0,0,"sem_classificacao"
2023,8,3,"Formação Florestal","#1f8d49",1.08367247003785,6504.84882902431,0.0166594566379861,0.616999005104833,"classe_original"
2023,8,4,"Formação Savânica","#7dc975",0.0833513724928414,533.525329104687,0.0156227582732977,0.0474568795684263,"classe_original"
2023,8,9,"Silvicultura","#7a5900",0,240.348160443514,0,0,"classe_original"
2023,8,12,"Formação Campestre","#d6bc74",134.700671432681,3446.09046379692,3.90879673205872,76.6930807589993,"classe_original"
2023,8,15,"Pastagem","#edde8e",28.2617487123044,28788.8515489478,0.0981690730672349,16.0910896236069,"classe_original"
2023,8,21,"Mosaico de Usos","#ffefc3",0.333416214905673,2392.4146879822,0.0139363888953082,0.189833624614856,"classe_original"
2023,8,24,"Área urbanizada","#d4271e",0.0833934673779727,2638.04601733028,0.00316118319506676,0.0474808466829965,"classe_original"
2023,8,25,"Outras Áreas Não Vegetadas","#db4d4f",0,42.8445828394214,0,0,"classe_original"
2023,8,29,"Afloramento Rochoso","#ad5100",0,0,,0,"classe_ausente_no_ano"
2023,8,33,"Rio, Lago e Oceano","#2532e4",0,786.954171753624,0,0,"classe_original"
2023,8,39,"Soja","#f5b3c8",0,1.2506742240397,0,0,"classe_original"
2023,8,41,"Outras Lavouras Temporárias","#f54ca9",11.0897621214619,8208.91893211985,0.135094063093617,6.31405926142262,"classe_original"
2023,8,46,"Café","#d68fe2",0,2798.94009426198,0,0,"classe_original"
2023,8,47,"Citrus","#9932cc",0,34.171080038318,0,0,"classe_original"
2023,8,48,"Outras Lavouras Perenes","#e6ccff",0,11.922471605588,0,0,"classe_original"
2023,9,0,"Código 0 — sem classificação","#bdbdbd",0,0.16818237356357,0,0,"sem_classificacao"
2023,9,3,"Formação Florestal","#1f8d49",4.33491339144648,6504.84882902431,0.0666412626240338,9.25133007135937,"classe_original"
2023,9,4,"Formação Savânica","#7dc975",2.75059942781686,533.525329104687,0.515551798155986,5.87017568817791,"classe_original"
2023,9,9,"Silvicultura","#7a5900",0,240.348160443514,0,0,"classe_original"
2023,9,12,"Formação Campestre","#d6bc74",10.8363711536812,3446.09046379692,0.314454053586907,23.1263781454722,"classe_original"
2023,9,15,"Pastagem","#edde8e",17.7631585071322,28788.8515489478,0.0617015183010362,37.909140880095,"classe_original"
2023,9,21,"Mosaico de Usos","#ffefc3",1.91738160030844,2392.4146879822,0.0801441994960158,4.09196873280222,"classe_original"
2023,9,24,"Área urbanizada","#d4271e",0,2638.04601733028,0,0,"classe_original"
2023,9,25,"Outras Áreas Não Vegetadas","#db4d4f",0,42.8445828394214,0,0,"classe_original"
2023,9,29,"Afloramento Rochoso","#ad5100",0,0,,0,"classe_ausente_no_ano"
2023,9,33,"Rio, Lago e Oceano","#2532e4",0,786.954171753624,0,0,"classe_original"
2023,9,39,"Soja","#f5b3c8",0,1.2506742240397,0,0,"classe_original"
2023,9,41,"Outras Lavouras Temporárias","#f54ca9",9.25476681010817,8208.91893211985,0.112740385020689,19.7510064820933,"classe_original"
2023,9,46,"Café","#d68fe2",0,2798.94009426198,0,0,"classe_original"
2023,9,47,"Citrus","#9932cc",0,34.171080038318,0,0,"classe_original"
2023,9,48,"Outras Lavouras Perenes","#e6ccff",0,11.922471605588,0,0,"classe_original"
2023,10,0,"Código 0 — sem classificação","#bdbdbd",0,0.16818237356357,0,0,"sem_classificacao"
2023,10,3,"Formação Florestal","#1f8d49",0,6504.84882902431,0,0,"classe_original"
2023,10,4,"Formação Savânica","#7dc975",0,533.525329104687,0,0,"classe_original"
2023,10,9,"Silvicultura","#7a5900",0,240.348160443514,0,0,"classe_original"
2023,10,12,"Formação Campestre","#d6bc74",0,3446.09046379692,0,0,"classe_original"
2023,10,15,"Pastagem","#edde8e",0.16672131944364,28788.8515489478,0.000579117646149152,1.2657471093251,"classe_original"
2023,10,21,"Mosaico de Usos","#ffefc3",0.416820390449504,2392.4146879822,0.0174225811496357,3.1644975344474,"classe_original"
2023,10,24,"Área urbanizada","#d4271e",0,2638.04601733028,0,0,"classe_original"
2023,10,25,"Outras Áreas Não Vegetadas","#db4d4f",0,42.8445828394214,0,0,"classe_original"
2023,10,29,"Afloramento Rochoso","#ad5100",0,0,,0,"classe_ausente_no_ano"
2023,10,33,"Rio, Lago e Oceano","#2532e4",0,786.954171753624,0,0,"classe_original"
2023,10,39,"Soja","#f5b3c8",0,1.2506742240397,0,0,"classe_original"
2023,10,41,"Outras Lavouras Temporárias","#f54ca9",3.6681589285191,8208.91893211985,0.0446850426816414,27.8486373297185,"classe_original"
2023,10,46,"Café","#d68fe2",8.92007105400248,2798.94009426198,0.318694604157096,67.7211180265092,"classe_original"
2023,10,47,"Citrus","#9932cc",0,34.171080038318,0,0,"classe_original"
2023,10,48,"Outras Lavouras Perenes","#e6ccff",0,11.922471605588,0,0,"classe_original"
2023,11,0,"Código 0 — sem classificação","#bdbdbd",0,0.16818237356357,0,0,"sem_classificacao"
2023,11,3,"Formação Florestal","#1f8d49",0,6504.84882902431,0,0,"classe_original"
2023,11,4,"Formação Savânica","#7dc975",0,533.525329104687,0,0,"classe_original"
2023,11,9,"Silvicultura","#7a5900",0,240.348160443514,0,0,"classe_original"
2023,11,12,"Formação Campestre","#d6bc74",0,3446.09046379692,0,0,"classe_original"
2023,11,15,"Pastagem","#edde8e",2.4179977305428,28788.8515489478,0.00839907672743259,51.7877625750802,"classe_original"
2023,11,21,"Mosaico de Usos","#ffefc3",0,2392.4146879822,0,0,"classe_original"
2023,11,24,"Área urbanizada","#d4271e",0,2638.04601733028,0,0,"classe_original"
2023,11,25,"Outras Áreas Não Vegetadas","#db4d4f",0,42.8445828394214,0,0,"classe_original"
2023,11,29,"Afloramento Rochoso","#ad5100",0,0,,0,"classe_ausente_no_ano"
2023,11,33,"Rio, Lago e Oceano","#2532e4",0,786.954171753624,0,0,"classe_original"
2023,11,39,"Soja","#f5b3c8",0,1.2506742240397,0,0,"classe_original"
2023,11,41,"Outras Lavouras Temporárias","#f54ca9",2.25105459052874,8208.91893211985,0.0274220589719897,48.2122374249198,"classe_original"
2023,11,46,"Café","#d68fe2",0,2798.94009426198,0,0,"classe_original"
2023,11,47,"Citrus","#9932cc",0,34.171080038318,0,0,"classe_original"
2023,11,48,"Outras Lavouras Perenes","#e6ccff",0,11.922471605588,0,0,"classe_original"
2023,12,0,"Código 0 — sem classificação","#bdbdbd",0,0.16818237356357,0,,"sem_classificacao"
2023,12,3,"Formação Florestal","#1f8d49",0,6504.84882902431,0,,"classe_original"
2023,12,4,"Formação Savânica","#7dc975",0,533.525329104687,0,,"classe_original"
2023,12,9,"Silvicultura","#7a5900",0,240.348160443514,0,,"classe_original"
2023,12,12,"Formação Campestre","#d6bc74",0,3446.09046379692,0,,"classe_original"
2023,12,15,"Pastagem","#edde8e",0,28788.8515489478,0,,"classe_original"
2023,12,21,"Mosaico de Usos","#ffefc3",0,2392.4146879822,0,,"classe_original"
2023,12,24,"Área urbanizada","#d4271e",0,2638.04601733028,0,,"classe_original"
2023,12,25,"Outras Áreas Não Vegetadas","#db4d4f",0,42.8445828394214,0,,"classe_original"
2023,12,29,"Afloramento Rochoso","#ad5100",0,0,,,"classe_ausente_no_ano"
2023,12,33,"Rio, Lago e Oceano","#2532e4",0,786.954171753624,0,,"classe_original"
2023,12,39,"Soja","#f5b3c8",0,1.2506742240397,0,,"classe_original"
2023,12,41,"Outras Lavouras Temporárias","#f54ca9",0,8208.91893211985,0,,"classe_original"
2023,12,46,"Café","#d68fe2",0,2798.94009426198,0,,"classe_original"
2023,12,47,"Citrus","#9932cc",0,34.171080038318,0,,"classe_original"
2023,12,48,"Outras Lavouras Perenes","#e6ccff",0,11.922471605588,0,,"classe_original"
2024,1,0,"Código 0 — sem classificação","#bdbdbd",0,0.16818237356357,0,0,"sem_classificacao"
2024,1,3,"Formação Florestal","#1f8d49",0.250284877938895,6610.64118802476,0.00378609080148366,100,"classe_original"
2024,1,4,"Formação Savânica","#7dc975",0,527.901790457714,0,0,"classe_original"
2024,1,9,"Silvicultura","#7a5900",0,238.731896977932,0,0,"classe_original"
2024,1,12,"Formação Campestre","#d6bc74",0,3329.83411758325,0,0,"classe_original"
2024,1,15,"Pastagem","#edde8e",0,28792.1971749854,0,0,"classe_original"
2024,1,21,"Mosaico de Usos","#ffefc3",0,2409.46523571695,0,0,"classe_original"
2024,1,24,"Área urbanizada","#d4271e",0,2657.40935755789,0,0,"classe_original"
2024,1,25,"Outras Áreas Não Vegetadas","#db4d4f",0,45.3312011089813,0,0,"classe_original"
2024,1,29,"Afloramento Rochoso","#ad5100",0,0,,0,"classe_ausente_no_ano"
2024,1,33,"Rio, Lago e Oceano","#2532e4",0,734.494903974952,0,0,"classe_original"
2024,1,39,"Soja","#f5b3c8",0,1.2506742240397,0,0,"classe_original"
2024,1,41,"Outras Lavouras Temporárias","#f54ca9",0,8245.59053835649,0,0,"classe_original"
2024,1,46,"Café","#d68fe2",0,2790.18538938572,0,0,"classe_original"
2024,1,47,"Citrus","#9932cc",0,34.1711035129096,0,0,"classe_original"
2024,1,48,"Outras Lavouras Perenes","#e6ccff",0,11.922471605588,0,0,"classe_original"
2024,2,0,"Código 0 — sem classificação","#bdbdbd",0,0.16818237356357,0,,"sem_classificacao"
2024,2,3,"Formação Florestal","#1f8d49",0,6610.64118802476,0,,"classe_original"
2024,2,4,"Formação Savânica","#7dc975",0,527.901790457714,0,,"classe_original"
2024,2,9,"Silvicultura","#7a5900",0,238.731896977932,0,,"classe_original"
2024,2,12,"Formação Campestre","#d6bc74",0,3329.83411758325,0,,"classe_original"
2024,2,15,"Pastagem","#edde8e",0,28792.1971749854,0,,"classe_original"
2024,2,21,"Mosaico de Usos","#ffefc3",0,2409.46523571695,0,,"classe_original"
2024,2,24,"Área urbanizada","#d4271e",0,2657.40935755789,0,,"classe_original"
2024,2,25,"Outras Áreas Não Vegetadas","#db4d4f",0,45.3312011089813,0,,"classe_original"
2024,2,29,"Afloramento Rochoso","#ad5100",0,0,,,"classe_ausente_no_ano"
2024,2,33,"Rio, Lago e Oceano","#2532e4",0,734.494903974952,0,,"classe_original"
2024,2,39,"Soja","#f5b3c8",0,1.2506742240397,0,,"classe_original"
2024,2,41,"Outras Lavouras Temporárias","#f54ca9",0,8245.59053835649,0,,"classe_original"
2024,2,46,"Café","#d68fe2",0,2790.18538938572,0,,"classe_original"
2024,2,47,"Citrus","#9932cc",0,34.1711035129096,0,,"classe_original"
2024,2,48,"Outras Lavouras Perenes","#e6ccff",0,11.922471605588,0,,"classe_original"
2024,3,0,"Código 0 — sem classificação","#bdbdbd",0,0.16818237356357,0,,"sem_classificacao"
2024,3,3,"Formação Florestal","#1f8d49",0,6610.64118802476,0,,"classe_original"
2024,3,4,"Formação Savânica","#7dc975",0,527.901790457714,0,,"classe_original"
2024,3,9,"Silvicultura","#7a5900",0,238.731896977932,0,,"classe_original"
2024,3,12,"Formação Campestre","#d6bc74",0,3329.83411758325,0,,"classe_original"
2024,3,15,"Pastagem","#edde8e",0,28792.1971749854,0,,"classe_original"
2024,3,21,"Mosaico de Usos","#ffefc3",0,2409.46523571695,0,,"classe_original"
2024,3,24,"Área urbanizada","#d4271e",0,2657.40935755789,0,,"classe_original"
2024,3,25,"Outras Áreas Não Vegetadas","#db4d4f",0,45.3312011089813,0,,"classe_original"
2024,3,29,"Afloramento Rochoso","#ad5100",0,0,,,"classe_ausente_no_ano"
2024,3,33,"Rio, Lago e Oceano","#2532e4",0,734.494903974952,0,,"classe_original"
2024,3,39,"Soja","#f5b3c8",0,1.2506742240397,0,,"classe_original"
2024,3,41,"Outras Lavouras Temporárias","#f54ca9",0,8245.59053835649,0,,"classe_original"
2024,3,46,"Café","#d68fe2",0,2790.18538938572,0,,"classe_original"
2024,3,47,"Citrus","#9932cc",0,34.1711035129096,0,,"classe_original"
2024,3,48,"Outras Lavouras Perenes","#e6ccff",0,11.922471605588,0,,"classe_original"
2024,4,0,"Código 0 — sem classificação","#bdbdbd",0,0.16818237356357,0,0,"sem_classificacao"
2024,4,3,"Formação Florestal","#1f8d49",0,6610.64118802476,0,0,"classe_original"
2024,4,4,"Formação Savânica","#7dc975",0,527.901790457714,0,0,"classe_original"
2024,4,9,"Silvicultura","#7a5900",0,238.731896977932,0,0,"classe_original"
2024,4,12,"Formação Campestre","#d6bc74",0,3329.83411758325,0,0,"classe_original"
2024,4,15,"Pastagem","#edde8e",0,28792.1971749854,0,0,"classe_original"
2024,4,21,"Mosaico de Usos","#ffefc3",0,2409.46523571695,0,0,"classe_original"
2024,4,24,"Área urbanizada","#d4271e",0,2657.40935755789,0,0,"classe_original"
2024,4,25,"Outras Áreas Não Vegetadas","#db4d4f",0,45.3312011089813,0,0,"classe_original"
2024,4,29,"Afloramento Rochoso","#ad5100",0,0,,0,"classe_ausente_no_ano"
2024,4,33,"Rio, Lago e Oceano","#2532e4",0,734.494903974952,0,0,"classe_original"
2024,4,39,"Soja","#f5b3c8",0,1.2506742240397,0,0,"classe_original"
2024,4,41,"Outras Lavouras Temporárias","#f54ca9",7.33703445592177,8245.59053835649,0.0889813097290201,100,"classe_original"
2024,4,46,"Café","#d68fe2",0,2790.18538938572,0,0,"classe_original"
2024,4,47,"Citrus","#9932cc",0,34.1711035129096,0,0,"classe_original"
2024,4,48,"Outras Lavouras Perenes","#e6ccff",0,11.922471605588,0,0,"classe_original"
2024,5,0,"Código 0 — sem classificação","#bdbdbd",0,0.16818237356357,0,0,"sem_classificacao"
2024,5,3,"Formação Florestal","#1f8d49",0,6610.64118802476,0,0,"classe_original"
2024,5,4,"Formação Savânica","#7dc975",0,527.901790457714,0,0,"classe_original"
2024,5,9,"Silvicultura","#7a5900",0,238.731896977932,0,0,"classe_original"
2024,5,12,"Formação Campestre","#d6bc74",1.55156630887901,3329.83411758325,0.0465959040027229,48.1867921894504,"classe_original"
2024,5,15,"Pastagem","#edde8e",0.500502831716813,28792.1971749854,0.00173832802225892,15.5440510690093,"classe_original"
2024,5,21,"Mosaico de Usos","#ffefc3",0,2409.46523571695,0,0,"classe_original"
2024,5,24,"Área urbanizada","#d4271e",0,2657.40935755789,0,0,"classe_original"
2024,5,25,"Outras Áreas Não Vegetadas","#db4d4f",0,45.3312011089813,0,0,"classe_original"
2024,5,29,"Afloramento Rochoso","#ad5100",0,0,,0,"classe_ausente_no_ano"
2024,5,33,"Rio, Lago e Oceano","#2532e4",0,734.494903974952,0,0,"classe_original"
2024,5,39,"Soja","#f5b3c8",0,1.2506742240397,0,0,"classe_original"
2024,5,41,"Outras Lavouras Temporárias","#f54ca9",1.16783041772899,8245.59053835649,0.0141630901061183,36.2691567415404,"classe_original"
2024,5,46,"Café","#d68fe2",0,2790.18538938572,0,0,"classe_original"
2024,5,47,"Citrus","#9932cc",0,34.1711035129096,0,0,"classe_original"
2024,5,48,"Outras Lavouras Perenes","#e6ccff",0,11.922471605588,0,0,"classe_original"
2024,6,0,"Código 0 — sem classificação","#bdbdbd",0,0.16818237356357,0,0,"sem_classificacao"
2024,6,3,"Formação Florestal","#1f8d49",0,6610.64118802476,0,0,"classe_original"
2024,6,4,"Formação Savânica","#7dc975",0,527.901790457714,0,0,"classe_original"
2024,6,9,"Silvicultura","#7a5900",0,238.731896977932,0,0,"classe_original"
2024,6,12,"Formação Campestre","#d6bc74",7.60059081973927,3329.83411758325,0.22825734109709,65.5018174721779,"classe_original"
2024,6,15,"Pastagem","#edde8e",2.66867039316126,28792.1971749854,0.00926872783255249,22.9985753913077,"classe_original"
2024,6,21,"Mosaico de Usos","#ffefc3",0,2409.46523571695,0,0,"classe_original"
2024,6,24,"Área urbanizada","#d4271e",0,2657.40935755789,0,0,"classe_original"
2024,6,25,"Outras Áreas Não Vegetadas","#db4d4f",0,45.3312011089813,0,0,"classe_original"
2024,6,29,"Afloramento Rochoso","#ad5100",0,0,,0,"classe_ausente_no_ano"
2024,6,33,"Rio, Lago e Oceano","#2532e4",0,734.494903974952,0,0,"classe_original"
2024,6,39,"Soja","#f5b3c8",0,1.2506742240397,0,0,"classe_original"
2024,6,41,"Outras Lavouras Temporárias","#f54ca9",1.33437226332728,8245.59053835649,0.0161828586699777,11.4996071365145,"classe_original"
2024,6,46,"Café","#d68fe2",0,2790.18538938572,0,0,"classe_original"
2024,6,47,"Citrus","#9932cc",0,34.1711035129096,0,0,"classe_original"
2024,6,48,"Outras Lavouras Perenes","#e6ccff",0,11.922471605588,0,0,"classe_original"
2024,7,0,"Código 0 — sem classificação","#bdbdbd",0,0.16818237356357,0,0,"sem_classificacao"
2024,7,3,"Formação Florestal","#1f8d49",0,6610.64118802476,0,0,"classe_original"
2024,7,4,"Formação Savânica","#7dc975",0,527.901790457714,0,0,"classe_original"
2024,7,9,"Silvicultura","#7a5900",0,238.731896977932,0,0,"classe_original"
2024,7,12,"Formação Campestre","#d6bc74",0.166766316278955,3329.83411758325,0.00500824696937131,0.884649532414404,"classe_original"
2024,7,15,"Pastagem","#edde8e",10.4266592211321,28792.1971749854,0.0362134892233606,55.3105651694654,"classe_original"
2024,7,21,"Mosaico de Usos","#ffefc3",0.0834151264663704,2409.46523571695,0.00346197675857107,0.442494349406429,"classe_original"
2024,7,24,"Área urbanizada","#d4271e",0,2657.40935755789,0,0,"classe_original"
2024,7,25,"Outras Áreas Não Vegetadas","#db4d4f",0,45.3312011089813,0,0,"classe_original"
2024,7,29,"Afloramento Rochoso","#ad5100",0,0,,0,"classe_ausente_no_ano"
2024,7,33,"Rio, Lago e Oceano","#2532e4",0,734.494903974952,0,0,"classe_original"
2024,7,39,"Soja","#f5b3c8",0,1.2506742240397,0,0,"classe_original"
2024,7,41,"Outras Lavouras Temporárias","#f54ca9",8.17427609688241,8245.59053835649,0.0991351202664947,43.3622909487138,"classe_original"
2024,7,46,"Café","#d68fe2",0,2790.18538938572,0,0,"classe_original"
2024,7,47,"Citrus","#9932cc",0,34.1711035129096,0,0,"classe_original"
2024,7,48,"Outras Lavouras Perenes","#e6ccff",0,11.922471605588,0,0,"classe_original"
2024,8,0,"Código 0 — sem classificação","#bdbdbd",0,0.16818237356357,0,0,"sem_classificacao"
2024,8,3,"Formação Florestal","#1f8d49",0.750789358402479,6610.64118802476,0.0113572849750572,0.820690799818391,"classe_original"
2024,8,4,"Formação Savânica","#7dc975",1.66760527095282,527.901790457714,0.315893088657065,1.82286587880214,"classe_original"
2024,8,9,"Silvicultura","#7a5900",0,238.731896977932,0,0,"classe_original"
2024,8,12,"Formação Campestre","#d6bc74",2.89627194329334,3329.83411758325,0.0869794662742964,3.16592624952837,"classe_original"
2024,8,15,"Pastagem","#edde8e",74.4907570443788,28792.1971749854,0.258718556946728,81.4261394273204,"classe_original"
2024,8,21,"Mosaico de Usos","#ffefc3",0.333651337040228,2409.46523571695,0.0138475265006655,0.364715588455677,"classe_original"
2024,8,24,"Área urbanizada","#d4271e",0.166823438364677,2657.40935755789,0.00627767181936866,0.182355356436161,"classe_original"
2024,8,25,"Outras Áreas Não Vegetadas","#db4d4f",0,45.3312011089813,0,0,"classe_original"
2024,8,29,"Afloramento Rochoso","#ad5100",0,0,,0,"classe_ausente_no_ano"
2024,8,33,"Rio, Lago e Oceano","#2532e4",0,734.494903974952,0,0,"classe_original"
2024,8,39,"Soja","#f5b3c8",0,1.2506742240397,0,0,"classe_original"
2024,8,41,"Outras Lavouras Temporárias","#f54ca9",11.1767109616166,8245.59053835649,0.135547731962014,12.2173066996388,"classe_original"
2024,8,46,"Café","#d68fe2",0,2790.18538938572,0,0,"classe_original"
2024,8,47,"Citrus","#9932cc",0,34.1711035129096,0,0,"classe_original"
2024,8,48,"Outras Lavouras Perenes","#e6ccff",0,11.922471605588,0,0,"classe_original"
2024,9,0,"Código 0 — sem classificação","#bdbdbd",0,0.16818237356357,0,0,"sem_classificacao"
2024,9,3,"Formação Florestal","#1f8d49",14.8499520304467,6610.64118802476,0.224637090534388,3.95770757294616,"classe_original"
2024,9,4,"Formação Savânica","#7dc975",3.25087217094772,527.901790457714,0.615810029386162,0.86640020003167,"classe_original"
2024,9,9,"Silvicultura","#7a5900",0,238.731896977932,0,0,"classe_original"
2024,9,12,"Formação Campestre","#d6bc74",61.1739679071137,3329.83411758325,1.83714760996902,16.3036672143288,"classe_original"
2024,9,15,"Pastagem","#edde8e",291.020145386543,28792.1971749854,1.0107604626971,77.5606972274891,"classe_original"
2024,9,21,"Mosaico de Usos","#ffefc3",2.50281191245642,2409.46523571695,0.103874165742495,0.667032300123241,"classe_original"
2024,9,24,"Área urbanizada","#d4271e",0,2657.40935755789,0,0,"classe_original"
2024,9,25,"Outras Áreas Não Vegetadas","#db4d4f",0,45.3312011089813,0,0,"classe_original"
2024,9,29,"Afloramento Rochoso","#ad5100",0,0,,0,"classe_ausente_no_ano"
2024,9,33,"Rio, Lago e Oceano","#2532e4",0,734.494903974952,0,0,"classe_original"
2024,9,39,"Soja","#f5b3c8",0,1.2506742240397,0,0,"classe_original"
2024,9,41,"Outras Lavouras Temporárias","#f54ca9",2.41825017662137,8245.59053835649,0.0293277984805606,0.64449548508103,"classe_original"
2024,9,46,"Café","#d68fe2",0,2790.18538938572,0,0,"classe_original"
2024,9,47,"Citrus","#9932cc",0,34.1711035129096,0,0,"classe_original"
2024,9,48,"Outras Lavouras Perenes","#e6ccff",0,11.922471605588,0,0,"classe_original"
2024,10,0,"Código 0 — sem classificação","#bdbdbd",0,0.16818237356357,0,0,"sem_classificacao"
2024,10,3,"Formação Florestal","#1f8d49",0,6610.64118802476,0,0,"classe_original"
2024,10,4,"Formação Savânica","#7dc975",0.166666312754842,527.901790457714,0.0315714619210394,15.7092084483953,"classe_original"
2024,10,9,"Silvicultura","#7a5900",0,238.731896977932,0,0,"classe_original"
2024,10,12,"Formação Campestre","#d6bc74",0.333337166757213,3329.83411758325,0.0100106238024597,31.4188449341238,"classe_original"
2024,10,15,"Pastagem","#edde8e",0.560943119435569,28792.1971749854,0.00194824700604272,52.8719466174813,"classe_original"
2024,10,21,"Mosaico de Usos","#ffefc3",0,2409.46523571695,0,0,"classe_original"
2024,10,24,"Área urbanizada","#d4271e",0,2657.40935755789,0,0,"classe_original"
2024,10,25,"Outras Áreas Não Vegetadas","#db4d4f",0,45.3312011089813,0,0,"classe_original"
2024,10,29,"Afloramento Rochoso","#ad5100",0,0,,0,"classe_ausente_no_ano"
2024,10,33,"Rio, Lago e Oceano","#2532e4",0,734.494903974952,0,0,"classe_original"
2024,10,39,"Soja","#f5b3c8",0,1.2506742240397,0,0,"classe_original"
2024,10,41,"Outras Lavouras Temporárias","#f54ca9",0,8245.59053835649,0,0,"classe_original"
2024,10,46,"Café","#d68fe2",0,2790.18538938572,0,0,"classe_original"
2024,10,47,"Citrus","#9932cc",0,34.1711035129096,0,0,"classe_original"
2024,10,48,"Outras Lavouras Perenes","#e6ccff",0,11.922471605588,0,0,"classe_original"
2024,11,0,"Código 0 — sem classificação","#bdbdbd",0,0.16818237356357,0,0,"sem_classificacao"
2024,11,3,"Formação Florestal","#1f8d49",0.0833323380453204,6610.64118802476,0.00126057874985376,24.9995093625981,"classe_original"
2024,11,4,"Formação Savânica","#7dc975",0,527.901790457714,0,0,"classe_original"
2024,11,9,"Silvicultura","#7a5900",0,238.731896977932,0,0,"classe_original"
2024,11,12,"Formação Campestre","#d6bc74",0.250003556018241,3329.83411758325,0.0075079883018224,75.0004906374018,"classe_original"
2024,11,15,"Pastagem","#edde8e",0,28792.1971749854,0,0,"classe_original"
2024,11,21,"Mosaico de Usos","#ffefc3",0,2409.46523571695,0,0,"classe_original"
2024,11,24,"Área urbanizada","#d4271e",0,2657.40935755789,0,0,"classe_original"
2024,11,25,"Outras Áreas Não Vegetadas","#db4d4f",0,45.3312011089813,0,0,"classe_original"
2024,11,29,"Afloramento Rochoso","#ad5100",0,0,,0,"classe_ausente_no_ano"
2024,11,33,"Rio, Lago e Oceano","#2532e4",0,734.494903974952,0,0,"classe_original"
2024,11,39,"Soja","#f5b3c8",0,1.2506742240397,0,0,"classe_original"
2024,11,41,"Outras Lavouras Temporárias","#f54ca9",0,8245.59053835649,0,0,"classe_original"
2024,11,46,"Café","#d68fe2",0,2790.18538938572,0,0,"classe_original"
2024,11,47,"Citrus","#9932cc",0,34.1711035129096,0,0,"classe_original"
2024,11,48,"Outras Lavouras Perenes","#e6ccff",0,11.922471605588,0,0,"classe_original"
2024,12,0,"Código 0 — sem classificação","#bdbdbd",0,0.16818237356357,0,,"sem_classificacao"
2024,12,3,"Formação Florestal","#1f8d49",0,6610.64118802476,0,,"classe_original"
2024,12,4,"Formação Savânica","#7dc975",0,527.901790457714,0,,"classe_original"
2024,12,9,"Silvicultura","#7a5900",0,238.731896977932,0,,"classe_original"
2024,12,12,"Formação Campestre","#d6bc74",0,3329.83411758325,0,,"classe_original"
2024,12,15,"Pastagem","#edde8e",0,28792.1971749854,0,,"classe_original"
2024,12,21,"Mosaico de Usos","#ffefc3",0,2409.46523571695,0,,"classe_original"
2024,12,24,"Área urbanizada","#d4271e",0,2657.40935755789,0,,"classe_original"
2024,12,25,"Outras Áreas Não Vegetadas","#db4d4f",0,45.3312011089813,0,,"classe_original"
2024,12,29,"Afloramento Rochoso","#ad5100",0,0,,,"classe_ausente_no_ano"
2024,12,33,"Rio, Lago e Oceano","#2532e4",0,734.494903974952,0,,"classe_original"
2024,12,39,"Soja","#f5b3c8",0,1.2506742240397,0,,"classe_original"
2024,12,41,"Outras Lavouras Temporárias","#f54ca9",0,8245.59053835649,0,,"classe_original"
2024,12,46,"Café","#d68fe2",0,2790.18538938572,0,,"classe_original"
2024,12,47,"Citrus","#9932cc",0,34.1711035129096,0,,"classe_original"
2024,12,48,"Outras Lavouras Perenes","#e6ccff",0,11.922471605588,0,,"classe_original"
2025,1,0,"Código 0 — sem classificação","#bdbdbd",0,0.16818237356357,0,,"sem_classificacao"
2025,1,3,"Formação Florestal","#1f8d49",0,6641.38655233841,0,,"classe_original"
2025,1,4,"Formação Savânica","#7dc975",0,524.565706353456,0,,"classe_original"
2025,1,9,"Silvicultura","#7a5900",0,236.812777098721,0,,"classe_original"
2025,1,12,"Formação Campestre","#d6bc74",0,3317.10883146315,0,,"classe_original"
2025,1,15,"Pastagem","#edde8e",0,28589.0001593469,0,,"classe_original"
2025,1,21,"Mosaico de Usos","#ffefc3",0,2586.67329319826,0,,"classe_original"
2025,1,24,"Área urbanizada","#d4271e",0,2692.03747936679,0,,"classe_original"
2025,1,25,"Outras Áreas Não Vegetadas","#db4d4f",0,44.0851525616395,0,,"classe_original"
2025,1,29,"Afloramento Rochoso","#ad5100",0,0,,,"classe_ausente_no_ano"
2025,1,33,"Rio, Lago e Oceano","#2532e4",0,730.021556110209,0,,"classe_original"
2025,1,39,"Soja","#f5b3c8",0,1.2506742240397,0,,"classe_original"
2025,1,41,"Outras Lavouras Temporárias","#f54ca9",0,8233.09086425544,0,,"classe_original"
2025,1,46,"Café","#d68fe2",0,2787.750473638,0,,"classe_original"
2025,1,47,"Citrus","#9932cc",0,33.3377276442433,0,,"classe_original"
2025,1,48,"Outras Lavouras Perenes","#e6ccff",0,12.0057958733402,0,,"classe_original"
2025,2,0,"Código 0 — sem classificação","#bdbdbd",0,0.16818237356357,0,,"sem_classificacao"
2025,2,3,"Formação Florestal","#1f8d49",0,6641.38655233841,0,,"classe_original"
2025,2,4,"Formação Savânica","#7dc975",0,524.565706353456,0,,"classe_original"
2025,2,9,"Silvicultura","#7a5900",0,236.812777098721,0,,"classe_original"
2025,2,12,"Formação Campestre","#d6bc74",0,3317.10883146315,0,,"classe_original"
2025,2,15,"Pastagem","#edde8e",0,28589.0001593469,0,,"classe_original"
2025,2,21,"Mosaico de Usos","#ffefc3",0,2586.67329319826,0,,"classe_original"
2025,2,24,"Área urbanizada","#d4271e",0,2692.03747936679,0,,"classe_original"
2025,2,25,"Outras Áreas Não Vegetadas","#db4d4f",0,44.0851525616395,0,,"classe_original"
2025,2,29,"Afloramento Rochoso","#ad5100",0,0,,,"classe_ausente_no_ano"
2025,2,33,"Rio, Lago e Oceano","#2532e4",0,730.021556110209,0,,"classe_original"
2025,2,39,"Soja","#f5b3c8",0,1.2506742240397,0,,"classe_original"
2025,2,41,"Outras Lavouras Temporárias","#f54ca9",0,8233.09086425544,0,,"classe_original"
2025,2,46,"Café","#d68fe2",0,2787.750473638,0,,"classe_original"
2025,2,47,"Citrus","#9932cc",0,33.3377276442433,0,,"classe_original"
2025,2,48,"Outras Lavouras Perenes","#e6ccff",0,12.0057958733402,0,,"classe_original"
2025,3,0,"Código 0 — sem classificação","#bdbdbd",0,0.16818237356357,0,,"sem_classificacao"
2025,3,3,"Formação Florestal","#1f8d49",0,6641.38655233841,0,,"classe_original"
2025,3,4,"Formação Savânica","#7dc975",0,524.565706353456,0,,"classe_original"
2025,3,9,"Silvicultura","#7a5900",0,236.812777098721,0,,"classe_original"
2025,3,12,"Formação Campestre","#d6bc74",0,3317.10883146315,0,,"classe_original"
2025,3,15,"Pastagem","#edde8e",0,28589.0001593469,0,,"classe_original"
2025,3,21,"Mosaico de Usos","#ffefc3",0,2586.67329319826,0,,"classe_original"
2025,3,24,"Área urbanizada","#d4271e",0,2692.03747936679,0,,"classe_original"
2025,3,25,"Outras Áreas Não Vegetadas","#db4d4f",0,44.0851525616395,0,,"classe_original"
2025,3,29,"Afloramento Rochoso","#ad5100",0,0,,,"classe_ausente_no_ano"
2025,3,33,"Rio, Lago e Oceano","#2532e4",0,730.021556110209,0,,"classe_original"
2025,3,39,"Soja","#f5b3c8",0,1.2506742240397,0,,"classe_original"
2025,3,41,"Outras Lavouras Temporárias","#f54ca9",0,8233.09086425544,0,,"classe_original"
2025,3,46,"Café","#d68fe2",0,2787.750473638,0,,"classe_original"
2025,3,47,"Citrus","#9932cc",0,33.3377276442433,0,,"classe_original"
2025,3,48,"Outras Lavouras Perenes","#e6ccff",0,12.0057958733402,0,,"classe_original"
2025,4,0,"Código 0 — sem classificação","#bdbdbd",0,0.16818237356357,0,0,"sem_classificacao"
2025,4,3,"Formação Florestal","#1f8d49",0.0834276626849094,6641.38655233841,0.00125617839027205,100,"classe_original"
2025,4,4,"Formação Savânica","#7dc975",0,524.565706353456,0,0,"classe_original"
2025,4,9,"Silvicultura","#7a5900",0,236.812777098721,0,0,"classe_original"
2025,4,12,"Formação Campestre","#d6bc74",0,3317.10883146315,0,0,"classe_original"
2025,4,15,"Pastagem","#edde8e",0,28589.0001593469,0,0,"classe_original"
2025,4,21,"Mosaico de Usos","#ffefc3",0,2586.67329319826,0,0,"classe_original"
2025,4,24,"Área urbanizada","#d4271e",0,2692.03747936679,0,0,"classe_original"
2025,4,25,"Outras Áreas Não Vegetadas","#db4d4f",0,44.0851525616395,0,0,"classe_original"
2025,4,29,"Afloramento Rochoso","#ad5100",0,0,,0,"classe_ausente_no_ano"
2025,4,33,"Rio, Lago e Oceano","#2532e4",0,730.021556110209,0,0,"classe_original"
2025,4,39,"Soja","#f5b3c8",0,1.2506742240397,0,0,"classe_original"
2025,4,41,"Outras Lavouras Temporárias","#f54ca9",0,8233.09086425544,0,0,"classe_original"
2025,4,46,"Café","#d68fe2",0,2787.750473638,0,0,"classe_original"
2025,4,47,"Citrus","#9932cc",0,33.3377276442433,0,0,"classe_original"
2025,4,48,"Outras Lavouras Perenes","#e6ccff",0,12.0057958733402,0,0,"classe_original"
2025,5,0,"Código 0 — sem classificação","#bdbdbd",0,0.16818237356357,0,0,"sem_classificacao"
2025,5,3,"Formação Florestal","#1f8d49",0,6641.38655233841,0,0,"classe_original"
2025,5,4,"Formação Savânica","#7dc975",0,524.565706353456,0,0,"classe_original"
2025,5,9,"Silvicultura","#7a5900",0,236.812777098721,0,0,"classe_original"
2025,5,12,"Formação Campestre","#d6bc74",0,3317.10883146315,0,0,"classe_original"
2025,5,15,"Pastagem","#edde8e",0.68285769872601,28589.0001593469,0.00238853298443442,62.0811919927962,"classe_original"
2025,5,21,"Mosaico de Usos","#ffefc3",0,2586.67329319826,0,0,"classe_original"
2025,5,24,"Área urbanizada","#d4271e",0,2692.03747936679,0,0,"classe_original"
2025,5,25,"Outras Áreas Não Vegetadas","#db4d4f",0,44.0851525616395,0,0,"classe_original"
2025,5,29,"Afloramento Rochoso","#ad5100",0,0,,0,"classe_ausente_no_ano"
2025,5,33,"Rio, Lago e Oceano","#2532e4",0,730.021556110209,0,0,"classe_original"
2025,5,39,"Soja","#f5b3c8",0,1.2506742240397,0,0,"classe_original"
2025,5,41,"Outras Lavouras Temporárias","#f54ca9",0.417085257918968,8233.09086425544,0.00506596204020746,37.9188080072036,"classe_original"
2025,5,46,"Café","#d68fe2",0,2787.750473638,0,0,"classe_original"
2025,5,47,"Citrus","#9932cc",0,33.3377276442433,0,0,"classe_original"
2025,5,48,"Outras Lavouras Perenes","#e6ccff",0,12.0057958733402,0,0,"classe_original"
2025,6,0,"Código 0 — sem classificação","#bdbdbd",0,0.16818237356357,0,0,"sem_classificacao"
2025,6,3,"Formação Florestal","#1f8d49",0,6641.38655233841,0,0,"classe_original"
2025,6,4,"Formação Savânica","#7dc975",0,524.565706353456,0,0,"classe_original"
2025,6,9,"Silvicultura","#7a5900",0,236.812777098721,0,0,"classe_original"
2025,6,12,"Formação Campestre","#d6bc74",0,3317.10883146315,0,0,"classe_original"
2025,6,15,"Pastagem","#edde8e",1.37436304514414,28589.0001593469,0.00480731413300163,35.4509143901562,"classe_original"
2025,6,21,"Mosaico de Usos","#ffefc3",0,2586.67329319826,0,0,"classe_original"
2025,6,24,"Área urbanizada","#d4271e",0.0834204127493246,2692.03747936679,0.00309878348235131,2.15178218100127,"classe_original"
2025,6,25,"Outras Áreas Não Vegetadas","#db4d4f",0,44.0851525616395,0,0,"classe_original"
2025,6,29,"Afloramento Rochoso","#ad5100",0,0,,0,"classe_ausente_no_ano"
2025,6,33,"Rio, Lago e Oceano","#2532e4",0,730.021556110209,0,0,"classe_original"
2025,6,39,"Soja","#f5b3c8",0,1.2506742240397,0,0,"classe_original"
2025,6,41,"Outras Lavouras Temporárias","#f54ca9",2.41902217261452,8233.09086425544,0.0293817013864972,62.3973034288425,"classe_original"
2025,6,46,"Café","#d68fe2",0,2787.750473638,0,0,"classe_original"
2025,6,47,"Citrus","#9932cc",0,33.3377276442433,0,0,"classe_original"
2025,6,48,"Outras Lavouras Perenes","#e6ccff",0,12.0057958733402,0,0,"classe_original"
2025,7,0,"Código 0 — sem classificação","#bdbdbd",0,0.16818237356357,0,0,"sem_classificacao"
2025,7,3,"Formação Florestal","#1f8d49",0,6641.38655233841,0,0,"classe_original"
2025,7,4,"Formação Savânica","#7dc975",0,524.565706353456,0,0,"classe_original"
2025,7,9,"Silvicultura","#7a5900",0,236.812777098721,0,0,"classe_original"
2025,7,12,"Formação Campestre","#d6bc74",0,3317.10883146315,0,0,"classe_original"
2025,7,15,"Pastagem","#edde8e",3.67041895038545,28589.0001593469,0.0128385705338682,53.0138120959454,"classe_original"
2025,7,21,"Mosaico de Usos","#ffefc3",0.25011900489642,2586.67329319826,0.0096695243869458,3.61260175103749,"classe_original"
2025,7,24,"Área urbanizada","#d4271e",0.0834186262455931,2692.03747936679,0.00309871711983796,1.20485956422532,"classe_original"
2025,7,25,"Outras Áreas Não Vegetadas","#db4d4f",0,44.0851525616395,0,0,"classe_original"
2025,7,29,"Afloramento Rochoso","#ad5100",0,0,,0,"classe_ausente_no_ano"
2025,7,33,"Rio, Lago e Oceano","#2532e4",0,730.021556110209,0,0,"classe_original"
2025,7,39,"Soja","#f5b3c8",0,1.2506742240397,0,0,"classe_original"
2025,7,41,"Outras Lavouras Temporárias","#f54ca9",2.91955788625436,8233.09086425544,0.035461261564959,42.1687265887919,"classe_original"
2025,7,46,"Café","#d68fe2",0,2787.750473638,0,0,"classe_original"
2025,7,47,"Citrus","#9932cc",0,33.3377276442433,0,0,"classe_original"
2025,7,48,"Outras Lavouras Perenes","#e6ccff",0,12.0057958733402,0,0,"classe_original"
2025,8,0,"Código 0 — sem classificação","#bdbdbd",0,0.16818237356357,0,0,"sem_classificacao"
2025,8,3,"Formação Florestal","#1f8d49",0.833596727017407,6641.38655233841,0.0125515465851615,1.01688050790712,"classe_original"
2025,8,4,"Formação Savânica","#7dc975",0,524.565706353456,0,0,"classe_original"
2025,8,9,"Silvicultura","#7a5900",0,236.812777098721,0,0,"classe_original"
2025,8,12,"Formação Campestre","#d6bc74",0.166857652556859,3317.10883146315,0.00503021338866531,0.203544818472716,"classe_original"
2025,8,15,"Pastagem","#edde8e",47.4506153304895,28589.0001593469,0.165975078058041,57.8836315617706,"classe_original"
2025,8,21,"Mosaico de Usos","#ffefc3",8.16928055640682,2586.67329319826,0.315821892849329,9.96546878387785,"classe_original"
2025,8,24,"Área urbanizada","#d4271e",0,2692.03747936679,0,0,"classe_original"
2025,8,25,"Outras Áreas Não Vegetadas","#db4d4f",0,44.0851525616395,0,0,"classe_original"
2025,8,29,"Afloramento Rochoso","#ad5100",0,0,,0,"classe_ausente_no_ano"
2025,8,33,"Rio, Lago e Oceano","#2532e4",0,730.021556110209,0,0,"classe_original"
2025,8,39,"Soja","#f5b3c8",0,1.2506742240397,0,0,"classe_original"
2025,8,41,"Outras Lavouras Temporárias","#f54ca9",25.3555279744316,8233.09086425544,0.307970947879544,30.9304743279718,"classe_original"
2025,8,46,"Café","#d68fe2",0,2787.750473638,0,0,"classe_original"
2025,8,47,"Citrus","#9932cc",0,33.3377276442433,0,0,"classe_original"
2025,8,48,"Outras Lavouras Perenes","#e6ccff",0,12.0057958733402,0,0,"classe_original"
2025,9,0,"Código 0 — sem classificação","#bdbdbd",0,0.16818237356357,0,0,"sem_classificacao"
2025,9,3,"Formação Florestal","#1f8d49",49.787864147992,6641.38655233841,0.749660688406427,10.5197470202488,"classe_original"
2025,9,4,"Formação Savânica","#7dc975",0.583462468571324,524.565706353456,0.111227718759446,0.123280595988927,"classe_original"
2025,9,9,"Silvicultura","#7a5900",0,236.812777098721,0,0,"classe_original"
2025,9,12,"Formação Campestre","#d6bc74",146.790164714992,3317.10883146315,4.42524415607565,31.0154979388615,"classe_original"
2025,9,15,"Pastagem","#edde8e",242.757601033943,28589.0001593469,0.849129384311734,51.2925909520574,"classe_original"
2025,9,21,"Mosaico de Usos","#ffefc3",5.5038420922385,2586.67329319826,0.212776855380656,1.16291444593091,"classe_original"
2025,9,24,"Área urbanizada","#d4271e",0.250260940635098,2692.03747936679,0.00929633939175184,0.0528779820059203,"classe_original"
2025,9,25,"Outras Áreas Não Vegetadas","#db4d4f",0,44.0851525616395,0,0,"classe_original"
2025,9,29,"Afloramento Rochoso","#ad5100",0,0,,0,"classe_ausente_no_ano"
2025,9,33,"Rio, Lago e Oceano","#2532e4",0,730.021556110209,0,0,"classe_original"
2025,9,39,"Soja","#f5b3c8",0,1.2506742240397,0,0,"classe_original"
2025,9,41,"Outras Lavouras Temporárias","#f54ca9",27.6068564142681,8233.09086425544,0.335315823296999,5.83309106490654,"classe_original"
2025,9,46,"Café","#d68fe2",0,2787.750473638,0,0,"classe_original"
2025,9,47,"Citrus","#9932cc",0,33.3377276442433,0,0,"classe_original"
2025,9,48,"Outras Lavouras Perenes","#e6ccff",0,12.0057958733402,0,0,"classe_original"
2025,10,0,"Código 0 — sem classificação","#bdbdbd",0,0.16818237356357,0,0,"sem_classificacao"
2025,10,3,"Formação Florestal","#1f8d49",12.2613131067169,6641.38655233841,0.184619777964884,6.61185522123386,"classe_original"
2025,10,4,"Formação Savânica","#7dc975",2.49972598003286,524.565706353456,0.476532481966811,1.34796543640013,"classe_original"
2025,10,9,"Silvicultura","#7a5900",0,236.812777098721,0,0,"classe_original"
2025,10,12,"Formação Campestre","#d6bc74",10.0890179538496,3317.10883146315,0.304150947902406,5.44045531295827,"classe_original"
2025,10,15,"Pastagem","#edde8e",148.334064368232,28589.0001593469,0.51885012956543,79.9884440959805,"classe_original"
2025,10,21,"Mosaico de Usos","#ffefc3",0.583922067069939,2586.67329319826,0.0225742488858327,0.31487721864268,"classe_original"
2025,10,24,"Área urbanizada","#d4271e",0,2692.03747936679,0,0,"classe_original"
2025,10,25,"Outras Áreas Não Vegetadas","#db4d4f",0,44.0851525616395,0,0,"classe_original"
2025,10,29,"Afloramento Rochoso","#ad5100",0,0,,0,"classe_ausente_no_ano"
2025,10,33,"Rio, Lago e Oceano","#2532e4",0,730.021556110209,0,0,"classe_original"
2025,10,39,"Soja","#f5b3c8",0,1.2506742240397,0,0,"classe_original"
2025,10,41,"Outras Lavouras Temporárias","#f54ca9",11.676324200812,8233.09086425544,0.141821879453628,6.29640271478478,"classe_original"
2025,10,46,"Café","#d68fe2",0,2787.750473638,0,0,"classe_original"
2025,10,47,"Citrus","#9932cc",0,33.3377276442433,0,0,"classe_original"
2025,10,48,"Outras Lavouras Perenes","#e6ccff",0,12.0057958733402,0,0,"classe_original"
2025,11,0,"Código 0 — sem classificação","#bdbdbd",0,0.16818237356357,0,0,"sem_classificacao"
2025,11,3,"Formação Florestal","#1f8d49",2.08395741002307,6641.38655233841,0.0313783483855388,20.8246984523523,"classe_original"
2025,11,4,"Formação Savânica","#7dc975",0,524.565706353456,0,0,"classe_original"
2025,11,9,"Silvicultura","#7a5900",0,236.812777098721,0,0,"classe_original"
2025,11,12,"Formação Campestre","#d6bc74",0,3317.10883146315,0,0,"classe_original"
2025,11,15,"Pastagem","#edde8e",6.33821575490631,28589.0001593469,0.0221701203944836,63.3369142704364,"classe_original"
2025,11,21,"Mosaico de Usos","#ffefc3",0,2586.67329319826,0,0,"classe_original"
2025,11,24,"Área urbanizada","#d4271e",0,2692.03747936679,0,0,"classe_original"
2025,11,25,"Outras Áreas Não Vegetadas","#db4d4f",0,44.0851525616395,0,0,"classe_original"
2025,11,29,"Afloramento Rochoso","#ad5100",0,0,,0,"classe_ausente_no_ano"
2025,11,33,"Rio, Lago e Oceano","#2532e4",0,730.021556110209,0,0,"classe_original"
2025,11,39,"Soja","#f5b3c8",0,1.2506742240397,0,0,"classe_original"
2025,11,41,"Outras Lavouras Temporárias","#f54ca9",1.58497010675471,8233.09086425544,0.0192512160121538,15.8383872772112,"classe_original"
2025,11,46,"Café","#d68fe2",0,2787.750473638,0,0,"classe_original"
2025,11,47,"Citrus","#9932cc",0,33.3377276442433,0,0,"classe_original"
2025,11,48,"Outras Lavouras Perenes","#e6ccff",0,12.0057958733402,0,0,"classe_original"
2025,12,0,"Código 0 — sem classificação","#bdbdbd",0,0.16818237356357,0,,"sem_classificacao"
2025,12,3,"Formação Florestal","#1f8d49",0,6641.38655233841,0,,"classe_original"
2025,12,4,"Formação Savânica","#7dc975",0,524.565706353456,0,,"classe_original"
2025,12,9,"Silvicultura","#7a5900",0,236.812777098721,0,,"classe_original"
2025,12,12,"Formação Campestre","#d6bc74",0,3317.10883146315,0,,"classe_original"
2025,12,15,"Pastagem","#edde8e",0,28589.0001593469,0,,"classe_original"
2025,12,21,"Mosaico de Usos","#ffefc3",0,2586.67329319826,0,,"classe_original"
2025,12,24,"Área urbanizada","#d4271e",0,2692.03747936679,0,,"classe_original"
2025,12,25,"Outras Áreas Não Vegetadas","#db4d4f",0,44.0851525616395,0,,"classe_original"
2025,12,29,"Afloramento Rochoso","#ad5100",0,0,,,"classe_ausente_no_ano"
2025,12,33,"Rio, Lago e Oceano","#2532e4",0,730.021556110209,0,,"classe_original"
2025,12,39,"Soja","#f5b3c8",0,1.2506742240397,0,,"classe_original"
2025,12,41,"Outras Lavouras Temporárias","#f54ca9",0,8233.09086425544,0,,"classe_original"
2025,12,46,"Café","#d68fe2",0,2787.750473638,0,,"classe_original"
2025,12,47,"Citrus","#9932cc",0,33.3377276442433,0,,"classe_original"
2025,12,48,"Outras Lavouras Perenes","#e6ccff",0,12.0057958733402,0,,"classe_original"
